session_id,trial_index,seg_id,task_code,pattern_class_true,target_present,response_label,response_y,is_correct,reaction_time_ms,answer_changes,n_interactions,select_ms,montage,gain_uv,bandpass,notch,window_s,max_hw,ess,total_var,expected_loss_chosen,rejuv,post_decision
92188773-3f97-4ad5-8a84-a8cdbe899b7e,0,6049,spike,spike,0,No (no spike),0,True,7040.1,0,2,1053.0563325942408,bipolar,200.0,0.5-70 Hz,60 Hz,10.0,0.18062085185069354,472.09891144704636,13.564319059928906,13.618858803859784,False,False
92188773-3f97-4ad5-8a84-a8cdbe899b7e,1,472,spike,spike,0,No (no spike),0,True,4756.3,0,3,682.5314848640462,bipolar,200.0,0.5-20 Hz,60 Hz,10.0,0.17858847080522372,382.7526342865243,13.350466715615674,13.376296898685794,False,False
92188773-3f97-4ad5-8a84-a8cdbe899b7e,2,1918,spike,spike,0,Yes (spike present),1,False,5371.0,0,0,17.332090128768304,laplacian,200.0,0.5-70 Hz,60 Hz,10.0,0.1819114518602042,436.77886422159366,13.397944533057753,13.199424354910288,False,False
92188773-3f97-4ad5-8a84-a8cdbe899b7e,3,1230,spike,spike,0,No (no spike),0,True,4104.0,0,1,28.212492124151755,bipolar,100.0,0.5-70 Hz,60 Hz,15.0,0.1811719343892233,450.51779287941224,13.321450536491557,13.288007635910516,False,False
92188773-3f97-4ad5-8a84-a8cdbe899b7e,4,1417,spike,spike,0,No (no spike),0,True,6944.5,0,1,180.02934968592777,bipolar,100.0,0.5-70 Hz,60 Hz,10.0,0.17821628188028754,442.9666579449082,13.232560634806157,13.22444782567195,False,False
92188773-3f97-4ad5-8a84-a8cdbe899b7e,5,8146,spike,spike,1,No (no spike),0,False,5957.6,0,1,32.065991038711516,laplacian,100.0,0.5-70 Hz,60 Hz,10.0,0.1810750403133169,366.05955147362266,13.155045550963212,13.154387640219653,False,False
92188773-3f97-4ad5-8a84-a8cdbe899b7e,6,3027,spike,spike,0,Yes (spike present),1,False,3562.8,0,0,154.68431287267373,bipolar,100.0,0.5-20 Hz,60 Hz,10.0,0.18056174967911026,599.9999999999999,12.98366846022175,13.059445084489585,True,False
92188773-3f97-4ad5-8a84-a8cdbe899b7e,7,866,spike,spike,0,No (no spike),0,True,8989.5,0,0,1307.2902104184946,bipolar,100.0,0.5-70 Hz,60 Hz,10.0,0.18003083916446727,580.2011502909914,12.95240928024779,12.940336604619825,False,False
92188773-3f97-4ad5-8a84-a8cdbe899b7e,8,6489,spike,spike,1,No (no spike),0,False,2875.6,0,1,358.6637854100473,bipolar,300.0,0.5-70 Hz,60 Hz,10.0,0.17948629562084512,489.8970363922372,12.872663034719036,12.912071677546113,False,False
92188773-3f97-4ad5-8a84-a8cdbe899b7e,9,2717,spike,spike,0,Yes (spike present),1,False,9300.0,0,1,179.40237808295896,average,200.0,0.5-70 Hz,60 Hz,10.0,0.18198586803264188,517.888707810055,12.79189457511464,12.822883294686466,False,False
92188773-3f97-4ad5-8a84-a8cdbe899b7e,10,851,spike,spike,0,No (no spike),0,True,11394.9,0,3,15.324589569253053,bipolar,200.0,0.5-70 Hz,60 Hz,10.0,0.1815583264569039,533.3887484629719,12.725214067612818,12.761962763393244,False,False
92188773-3f97-4ad5-8a84-a8cdbe899b7e,11,11067,spike,spike,1,Yes (spike present),1,True,10391.0,0,0,10.03687475285913,bipolar,100.0,0.5-70 Hz,60 Hz,10.0,0.18174898338418904,561.0389691519697,12.73547091952257,12.695716538974168,False,False
92188773-3f97-4ad5-8a84-a8cdbe899b7e,12,11870,spike,spike,1,No (no spike),0,False,29042.4,0,0,978.3862221997073,bipolar,70.0,0.5-20 Hz,60 Hz,10.0,0.18175667678495294,467.5391357936316,12.669187928767514,12.706659321605809,False,False
92188773-3f97-4ad5-8a84-a8cdbe899b7e,13,874,spike,spike,0,Yes (spike present),1,False,7489.4,0,0,530.0997728025095,average,300.0,0.5-70 Hz,60 Hz,10.0,0.183108705795073,369.6653637624081,12.791852506148903,12.641240975906063,False,False
92188773-3f97-4ad5-8a84-a8cdbe899b7e,14,12318,spike,spike,1,Yes (spike present),1,True,1460.6,0,0,25.448495888653177,bipolar,300.0,0.5-70 Hz,60 Hz,10.0,0.18267098121113268,404.9689278138314,12.788757280761125,12.769825876868914,False,False
92188773-3f97-4ad5-8a84-a8cdbe899b7e,15,12089,spike,spike,1,No (no spike),0,False,2177.5,0,0,20.40155869216509,bipolar,100.0,0.5-70 Hz,60 Hz,10.0,0.18313337431154297,332.99679369353794,12.75099765047617,12.766980762380683,False,False
92188773-3f97-4ad5-8a84-a8cdbe899b7e,16,2230,spike,spike,0,Yes (spike present),1,False,4801.4,0,0,133.22657094904258,average,100.0,0.5-20 Hz,60 Hz,10.0,0.18152874871940644,599.9999999999999,12.52337969789739,12.730319032388326,True,False
92188773-3f97-4ad5-8a84-a8cdbe899b7e,17,15428,spike,spike,0,Yes (spike present),1,False,3814.8,0,0,27.643797984014103,laplacian,300.0,0.5-70 Hz,60 Hz,10.0,0.18102055047907983,565.5822336504627,12.539967548281442,12.510088860171198,False,False
92188773-3f97-4ad5-8a84-a8cdbe899b7e,18,14082,spike,spike,1,Yes (spike present),1,True,2179.4,0,3,1388.9700822474754,bipolar,50.0,0.5-70 Hz,60 Hz,15.0,0.18030519067190987,557.991999134072,12.542656673217614,12.526368003851092,False,False
92188773-3f97-4ad5-8a84-a8cdbe899b7e,19,10551,spike,spike,1,Yes (spike present),1,True,17944.1,0,0,974.4254726523736,bipolar,100.0,0.5-70 Hz,60 Hz,10.0,0.17637813948479003,528.288107506901,12.545235462186888,12.529328921802707,False,False
92188773-3f97-4ad5-8a84-a8cdbe899b7e,20,68822,lrda,seizure,0,LPD,0,False,6465.0,0,0,749.5525439504877,bipolar,70.0,0.5-70 Hz,60 Hz,10.0,0.17542696472721347,389.3921588266016,12.343322542477733,12.251978749059724,False,False
92188773-3f97-4ad5-8a84-a8cdbe899b7e,21,36215,sz,grda,0,GRDA,0,True,6148.2,0,0,154.87994537630954,bipolar,100.0,0.5-70 Hz,60 Hz,15.0,0.17684396071602532,599.9999999999999,11.957007526928955,12.060344600232348,True,False
92188773-3f97-4ad5-8a84-a8cdbe899b7e,22,46278,iic,lrda,0,Seizure,0,False,12406.0,0,2,834.908615005104,average,100.0,0.5-70 Hz,60 Hz,10.0,0.17679263461362665,454.0274759839002,11.562191750331937,11.703303745055475,False,False
92188773-3f97-4ad5-8a84-a8cdbe899b7e,23,45297,lpd,lrda,0,LPD,1,False,8193.5,0,0,804.0319666734092,bipolar,100.0,0.5-70 Hz,60 Hz,15.0,0.17229283814020363,381.6612379188145,11.191599418140102,11.318273360197205,False,False
92188773-3f97-4ad5-8a84-a8cdbe899b7e,24,33250,grda,seizure,0,LRDA,0,False,4304.5,0,0,29.115522564210224,average,100.0,0.5-70 Hz,60 Hz,10.0,0.17362610693733965,599.9999999999999,10.99969754515229,10.953792667812937,True,False
92188773-3f97-4ad5-8a84-a8cdbe899b7e,25,56031,gpd,lpd,0,GPD,1,False,10396.9,0,0,19.245637034244304,bipolar,70.0,0.5-70 Hz,60 Hz,10.0,0.1709779118099778,502.45344973852383,10.747673624550107,10.775567744267411,False,False
92188773-3f97-4ad5-8a84-a8cdbe899b7e,26,51380,grda,lrda,0,GPD,0,False,8434.9,0,1,842.1355340764234,bipolar,200.0,0.5-70 Hz,60 Hz,15.0,0.17085734289231086,463.9487393420721,10.4922859305191,10.52867003923265,False,False
92188773-3f97-4ad5-8a84-a8cdbe899b7e,27,41096,iic,grda,0,LPD,0,False,1683.4,0,2,188.25703511100392,bipolar,100.0,0.5-70 Hz,60 Hz,10.0,0.16892964720302306,437.5818958456094,10.222104330091332,10.295128041515875,False,False
92188773-3f97-4ad5-8a84-a8cdbe899b7e,28,44829,lpd,gpd,0,LRDA,0,False,6667.4,0,1,620.4526742592656,bipolar,100.0,0.5-70 Hz,60 Hz,10.0,0.17547970026206883,599.9999999999999,9.824498659332653,10.036828940468142,True,False
92188773-3f97-4ad5-8a84-a8cdbe899b7e,29,40008,iic,lrda,0,Other,1,False,4673.7,0,1,90.94803134216123,bipolar,200.0,0.5-20 Hz,60 Hz,10.0,0.17894975129947038,356.47009952030464,9.590631442526016,9.641273772164121,False,False
92188773-3f97-4ad5-8a84-a8cdbe899b7e,30,43389,lrda,grda,0,Seizure,0,False,3666.2,0,2,180.68543213491773,average,70.0,0.5-20 Hz,60 Hz,10.0,0.17808796975329144,341.13481227120917,9.377222964507137,9.425472379643434,False,False
92188773-3f97-4ad5-8a84-a8cdbe899b7e,31,36453,grda,lrda,0,GRDA,1,False,4177.3,0,0,816.2287539090589,bipolar,100.0,0.5-20 Hz,60 Hz,10.0,0.17903239515764907,599.9999999999999,9.532472294592015,9.224360246503617,True,False
92188773-3f97-4ad5-8a84-a8cdbe899b7e,32,67374,lrda,gpd,0,LRDA,1,False,1196.0,0,0,721.3033232768393,bipolar,50.0,0.5-70 Hz,60 Hz,10.0,0.1792597222739693,362.65163551903703,9.362706992091688,9.37546025971634,False,False
92188773-3f97-4ad5-8a84-a8cdbe899b7e,33,38566,gpd,gpd,1,LPD,0,False,782.5,0,2,785.1198966118995,average,100.0,0.5-20 Hz,60 Hz,10.0,0.18104354785994003,599.9999999999999,9.25855709535032,9.21652413995854,True,False
92188773-3f97-4ad5-8a84-a8cdbe899b7e,34,68639,sz,lrda,0,LPD,0,False,1283.6,0,0,337.851671035526,bipolar,300.0,0.5-70 Hz,60 Hz,10.0,0.18165342571197418,571.9898375723054,9.203613323434752,9.119493562826722,False,False
92188773-3f97-4ad5-8a84-a8cdbe899b7e,35,69945,sz,grda,0,LPD,0,False,2635.8,0,1,127.62570052313036,bipolar,100.0,0.5-70 Hz,60 Hz,10.0,0.18244135451853033,506.34317792403095,9.13633281482611,9.079812578928422,False,False
92188773-3f97-4ad5-8a84-a8cdbe899b7e,36,68953,sz,lrda,0,Other,0,False,4391.8,0,1,26.124062814874335,laplacian,70.0,0.5-20 Hz,60 Hz,15.0,0.18263310845542846,416.40208612039714,9.055481962989997,9.02238134927085,False,False
92188773-3f97-4ad5-8a84-a8cdbe899b7e,37,22123,sz,seizure,1,Seizure,1,True,2149.7,0,1,983.1635154419992,bipolar,100.0,0.5-70 Hz,60 Hz,10.0,0.1811976481353193,387.3398783362816,8.858908775260304,8.944362360324309,False,False
92188773-3f97-4ad5-8a84-a8cdbe899b7e,38,57301,lrda,lrda,1,Seizure,0,False,4417.9,0,1,85.05296430308215,bipolar,50.0,0.5-70 Hz,60 Hz,10.0,0.17665178859180902,599.9999999999999,8.898215484870324,8.75815356227298,True,False
92188773-3f97-4ad5-8a84-a8cdbe899b7e,39,22226,gpd,seizure,0,LRDA,0,False,1652.7,0,0,97.72450203793059,bipolar,50.0,0.5-70 Hz,60 Hz,10.0,0.17576035564569714,579.4371851442935,8.773177435159443,8.802114024059527,False,False
92188773-3f97-4ad5-8a84-a8cdbe899b7e,40,65668,iic,other,1,LRDA,0,False,6500.6,0,3,510.10051966184164,average,200.0,0.5-70 Hz,60 Hz,10.0,0.18481898328888002,401.09277470057134,8.896559285464978,8.675300562362562,False,False
92188773-3f97-4ad5-8a84-a8cdbe899b7e,41,27863,lpd,seizure,0,GPD,0,False,2164.7,0,2,1389.6051751057707,bipolar,100.0,0.5-70 Hz,60 Hz,10.0,0.1838749653789734,377.17952985564466,8.767324299318787,8.798748924642338,False,False
92188773-3f97-4ad5-8a84-a8cdbe899b7e,42,49371,sz,lrda,0,GRDA,0,False,2639.7,0,1,15.352377607729853,bipolar,70.0,0.5-70 Hz,60 Hz,10.0,0.18266742985705048,350.33501552863873,8.6910694461094,8.672071173738981,False,False
92188773-3f97-4ad5-8a84-a8cdbe899b7e,43,32585,sz,seizure,1,Seizure,1,True,2963.0,0,3,95.89912428908355,bipolar,50.0,0.5-70 Hz,60 Hz,10.0,0.1815381735327778,332.75043674067996,8.561391326485188,8.596040859713215,False,False
92188773-3f97-4ad5-8a84-a8cdbe899b7e,44,57261,iic,lrda,0,Other,1,False,886.0,0,1,20.795135531662694,bipolar,200.0,0.5-70 Hz,60 Hz,10.0,0.18195565162097738,599.9999999999999,8.509320047410077,8.464287272694735,True,False
92188773-3f97-4ad5-8a84-a8cdbe899b7e,45,56547,grda,grda,1,GRDA,1,True,6146.2,0,1,24.11210708570419,bipolar,200.0,0.5-70 Hz,60 Hz,10.0,0.1777655019153429,579.0464780095652,8.36203505141991,8.412015776323019,False,False
92188773-3f97-4ad5-8a84-a8cdbe899b7e,46,69661,grda,grda,1,LPD,0,False,4239.6,0,1,7.229150185730234,bipolar,200.0,0.5-70 Hz,60 Hz,10.0,0.1769213270074514,461.3291359039361,8.534685351005226,8.271575169008146,False,False
92188773-3f97-4ad5-8a84-a8cdbe899b7e,47,51038,lpd,seizure,0,Seizure,0,True,6646.0,0,0,425.0637087578818,laplacian,200.0,0.5-70 Hz,60 Hz,10.0,0.17503428969569734,447.1922284978119,8.460802077141626,8.447907660860782,False,False
92188773-3f97-4ad5-8a84-a8cdbe899b7e,48,33572,lpd,seizure,0,GRDA,0,False,3686.2,0,1,24.173606677404088,bipolar,100.0,0.5-70 Hz,60 Hz,10.0,0.17378181716847257,413.0693865227412,8.377587326305331,8.377271402567205,False,False
92188773-3f97-4ad5-8a84-a8cdbe899b7e,49,51979,sz,lrda,0,GPD,0,False,5785.8,0,3,878.9547356125038,laplacian,70.0,0.5-70 Hz,60 Hz,10.0,0.17474311859925734,388.7314747581877,8.297353150279053,8.299309019697297,False,False
92188773-3f97-4ad5-8a84-a8cdbe899b7e,50,66608,lpd,lpd,1,LPD,1,True,2125.0,0,1,15.960696419224163,bipolar,70.0,0.5-70 Hz,60 Hz,10.0,0.17511093974476455,357.37916223484217,8.240070217059518,8.218952624244945,False,False
92188773-3f97-4ad5-8a84-a8cdbe899b7e,51,70220,lpd,lrda,0,LPD,1,False,5487.0,0,1,1041.200464354598,laplacian,70.0,0.5-20 Hz,60 Hz,10.0,0.1678979220388367,392.2565928801818,8.135224767768275,8.166094336741635,False,False
92188773-3f97-4ad5-8a84-a8cdbe899b7e,52,54027,sz,seizure,1,Seizure,1,True,6154.6,0,1,64.0827672369299,average,100.0,0.5-70 Hz,60 Hz,10.0,0.16751579488643775,372.5929565407651,8.04422855896104,8.065043323965476,False,False
92188773-3f97-4ad5-8a84-a8cdbe899b7e,53,60705,gpd,seizure,0,GPD,1,False,3256.9,0,0,604.3420414177614,bipolar,100.0,0.5-70 Hz,60 Hz,10.0,0.177937027370975,599.9999999999999,8.169095573018858,7.976965239828971,True,False
92188773-3f97-4ad5-8a84-a8cdbe899b7e,54,44664,sz,gpd,0,Seizure,1,False,2934.8,0,1,1139.7463798169144,average,70.0,0.5-70 Hz,60 Hz,15.0,0.1827880737973831,314.4573489124633,8.470991752145084,8.088038012965285,False,False
92188773-3f97-4ad5-8a84-a8cdbe899b7e,55,55193,sz,lrda,0,LPD,0,False,3024.6,0,1,424.35125292049105,bipolar,100.0,0.5-70 Hz,60 Hz,10.0,0.1813872834370262,373.107521814524,8.361034560186525,8.362117805003459,False,False
92188773-3f97-4ad5-8a84-a8cdbe899b7e,56,46932,sz,gpd,0,LPD,0,False,2379.1,0,1,21.158509286447714,average,100.0,0.5-20 Hz,60 Hz,10.0,0.1810723742486851,421.35174845015734,8.251766322255904,8.274337370027919,False,False
92188773-3f97-4ad5-8a84-a8cdbe899b7e,57,52296,gpd,gpd,1,Other,0,False,7617.9,0,1,934.2235670568143,bipolar,200.0,0.5-70 Hz,60 Hz,10.0,0.1718343117898602,305.40382724770495,8.021890908203241,8.171932319096094,False,False
92188773-3f97-4ad5-8a84-a8cdbe899b7e,58,45563,sz,gpd,0,GRDA,0,False,7595.9,0,1,131.6383200093083,bipolar,100.0,0.5-70 Hz,60 Hz,10.0,0.16663791845850057,329.7174598011882,7.92218436285392,7.951046055273171,False,False
92188773-3f97-4ad5-8a84-a8cdbe899b7e,59,22740,grda,seizure,0,LRDA,0,False,10026.2,0,0,803.1321340350432,bipolar,100.0,0.5-70 Hz,60 Hz,10.0,0.16717365594012212,327.25264909841,7.930764543458025,7.853547360056616,False,False
92188773-3f97-4ad5-8a84-a8cdbe899b7e,60,36886,grda,lpd,0,LPD,0,True,21548.9,0,2,677.5255899912792,bipolar,200.0,0.5-70 Hz,60 Hz,10.0,0.1673649068258773,304.61319608586786,7.919427107670407,7.857885508303777,False,False
92188773-3f97-4ad5-8a84-a8cdbe899b7e,61,55346,grda,lrda,0,GRDA,1,False,4275.1,0,0,779.6346290481208,bipolar,200.0,0.5-70 Hz,60 Hz,10.0,0.16684928579325942,306.0498614784375,7.726916901936848,7.844143675174283,False,False
92188773-3f97-4ad5-8a84-a8cdbe899b7e,62,25399,sz,seizure,1,Other,0,False,17688.1,0,0,461.58402041724946,bipolar,50.0,0.5-70 Hz,60 Hz,10.0,0.16581485984659428,599.9999999999999,7.835748218593885,7.661464459608409,True,False
92188773-3f97-4ad5-8a84-a8cdbe899b7e,63,69772,lrda,seizure,0,LRDA,1,False,19100.6,0,0,1089.7031857323607,laplacian,300.0,0.5-70 Hz,60 Hz,10.0,0.16267977245161697,500.68526291264266,7.746679073206009,7.7752681282584355,False,False
92188773-3f97-4ad5-8a84-a8cdbe899b7e,64,42042,lpd,lpd,1,Other,0,False,12753.3,0,3,178.43886187196026,bipolar,200.0,0.5-70 Hz,60 Hz,10.0,0.15452682899933773,393.63665214621585,7.6502672440415544,7.690433160823935,False,False
92188773-3f97-4ad5-8a84-a8cdbe899b7e,65,68637,sz,lrda,0,Seizure,1,False,3842.7,0,1,66.10713747403759,bipolar,70.0,0.5-70 Hz,60 Hz,10.0,0.15129926558863654,599.9999999999999,7.523874388919432,7.593691255919794,True,False
92188773-3f97-4ad5-8a84-a8cdbe899b7e,66,65579,sz,gpd,0,LRDA,0,False,3350.1,0,1,252.92962602041771,bipolar,50.0,0.5-20 Hz,60 Hz,10.0,0.1539713662160213,585.2588433389556,7.421145511469145,7.4798348392845515,False,False
92188773-3f97-4ad5-8a84-a8cdbe899b7e,67,64879,sz,grda,0,Seizure,1,False,3725.7,0,0,743.7056749599742,bipolar,200.0,0.5-70 Hz,60 Hz,10.0,0.14743854912863402,530.1485817599861,7.609568383301928,7.38165338803324,False,False
92188773-3f97-4ad5-8a84-a8cdbe899b7e,68,33277,lpd,seizure,0,LRDA,0,False,8496.5,0,2,18.68787777952279,bipolar,100.0,0.5-70 Hz,60 Hz,10.0,0.15129892276524415,523.8445004092226,7.591235591111184,7.5723379268916435,False,False
92188773-3f97-4ad5-8a84-a8cdbe899b7e,69,34502,lpd,seizure,0,LPD,1,False,3159.3,0,1,9.672436119850921,bipolar,50.0,0.5-70 Hz,60 Hz,10.0,0.14673497290280613,500.7924851920102,7.518001925091159,7.551363076509325,False,False
92188773-3f97-4ad5-8a84-a8cdbe899b7e,70,60905,grda,grda,1,GRDA,1,True,4278.1,0,1,18.026648993653698,average,200.0,0.5-20 Hz,60 Hz,10.0,0.14960787651717006,489.6190004246786,7.415007079862241,7.481079136591816,False,False
92188773-3f97-4ad5-8a84-a8cdbe899b7e,71,49891,grda,grda,1,LPD,0,False,2231.7,0,0,18.26434126167818,bipolar,200.0,0.5-70 Hz,60 Hz,10.0,0.14615041851893118,446.4654916994445,7.579142161711355,7.379127109735489,False,False
92188773-3f97-4ad5-8a84-a8cdbe899b7e,72,68697,lrda,lrda,1,LRDA,1,True,4407.4,0,0,1180.724062067892,bipolar,70.0,0.5-70 Hz,60 Hz,10.0,0.1448870348022019,437.60457875843156,7.531462162758158,7.545013964972037,False,False
92188773-3f97-4ad5-8a84-a8cdbe899b7e,73,35353,lrda,lrda,1,LRDA,1,True,5307.7,0,0,30.793895137104393,bipolar,50.0,0.5-70 Hz,60 Hz,10.0,0.14368326511691426,404.9920157118672,7.471186597483918,7.495975402570135,False,False
92188773-3f97-4ad5-8a84-a8cdbe899b7e,74,89005,lrda,lrda,1,LRDA,1,True,3221.3,0,0,1025.3833208387482,bipolar,100.0,0.5-70 Hz,60 Hz,10.0,0.15003088439655615,355.01777997836876,7.399397882189256,7.435499135468312,False,False
92188773-3f97-4ad5-8a84-a8cdbe899b7e,75,49855,lrda,lrda,1,LRDA,1,True,9894.6,0,4,877.5423939807774,bipolar,300.0,0.5-70 Hz,60 Hz,10.0,0.14947113415162327,599.9999999999999,7.474042724767781,7.361425273563266,True,False
92188773-3f97-4ad5-8a84-a8cdbe899b7e,76,88347,lrda,lrda,1,LRDA,1,True,8511.9,0,0,793.7354717493155,bipolar,200.0,0.5-70 Hz,60 Hz,10.0,0.15385591813634475,583.7980273996387,7.407316288000056,7.435715257964791,False,False
92188773-3f97-4ad5-8a84-a8cdbe899b7e,77,69036,iic,seizure,0,GRDA,0,False,4355.0,0,0,1098.0798386320423,bipolar,70.0,0.5-20 Hz,60 Hz,15.0,0.15528874569793577,567.6769342019514,7.4105843514026315,7.36977498133059,False,False
92188773-3f97-4ad5-8a84-a8cdbe899b7e,78,70955,lrda,lrda,1,LRDA,1,True,17028.0,0,0,273.7628429777555,bipolar,100.0,0.5-20 Hz,60 Hz,10.0,0.15589308020883885,524.9483168162891,7.343898867614685,7.370705711042506,False,False
92188773-3f97-4ad5-8a84-a8cdbe899b7e,79,55303,lrda,lrda,1,LRDA,1,True,2702.7,0,1,16.67865718340569,average,100.0,0.5-70 Hz,60 Hz,10.0,0.15532648381630648,466.0250594175497,7.271805231576232,7.303116519238404,False,False
92188773-3f97-4ad5-8a84-a8cdbe899b7e,80,31149,lrda,seizure,0,LRDA,1,False,5083.6,0,1,155.5352195059095,bipolar,100.0,0.5-70 Hz,60 Hz,10.0,0.15429176167188324,416.5897267884232,7.239297014191396,7.230881537572592,False,False
92188773-3f97-4ad5-8a84-a8cdbe899b7e,81,51924,lrda,lrda,1,LRDA,1,True,1156.7,0,1,28.58862939182683,bipolar,70.0,0.5-70 Hz,60 Hz,10.0,0.15204556347938458,352.5356934996181,7.142425154656683,7.195482492898507,False,False
92188773-3f97-4ad5-8a84-a8cdbe899b7e,82,54076,lrda,lrda,1,LRDA,1,True,11540.9,0,1,738.0405204219995,bipolar,200.0,0.5-20 Hz,60 Hz,10.0,0.14567536362385042,599.9999999999999,6.873646901496863,7.099549677240079,True,False
92188773-3f97-4ad5-8a84-a8cdbe899b7e,83,39796,grda,other,0,GRDA,1,False,4398.8,0,1,23.231658806907664,bipolar,300.0,0.5-70 Hz,60 Hz,10.0,0.14731212761981005,532.8826767719409,6.818877062974125,6.836902096537825,False,False
92188773-3f97-4ad5-8a84-a8cdbe899b7e,84,69015,sz,seizure,1,Seizure,1,True,4929.0,0,0,237.26660588758233,average,300.0,0.5-70 Hz,60 Hz,10.0,0.14645931056247785,519.754073178262,6.742457068338627,6.782637883064877,False,False
92188773-3f97-4ad5-8a84-a8cdbe899b7e,85,40992,iic,gpd,0,LPD,0,False,5128.7,0,0,140.22727342736133,average,300.0,0.5-70 Hz,60 Hz,10.0,0.14625119673818843,506.85257128726914,6.688247082755286,6.707092116642297,False,False
92188773-3f97-4ad5-8a84-a8cdbe899b7e,86,48579,iic,lpd,0,Seizure,0,False,3602.6,0,0,1219.9726399513086,bipolar,70.0,0.5-70 Hz,60 Hz,10.0,0.14604958656613315,470.5198496616086,6.625628599580514,6.652820841401831,False,False
92188773-3f97-4ad5-8a84-a8cdbe899b7e,87,63199,iic,lpd,0,LRDA,0,False,6791.6,0,0,439.69721894283146,bipolar,200.0,0.5-70 Hz,60 Hz,10.0,0.14652985314003936,420.1516718438267,6.557870470443714,6.591087344165207,False,False
92188773-3f97-4ad5-8a84-a8cdbe899b7e,88,87122,sz,seizure,1,GRDA,0,False,3871.2,0,1,1002.8175438286875,bipolar,70.0,0.5-70 Hz,60 Hz,10.0,0.14557780200176362,378.34329033605144,6.698224082581759,6.524050058548952,False,False
92188773-3f97-4ad5-8a84-a8cdbe899b7e,89,22553,iic,gpd,0,LRDA,0,False,3499.6,0,0,174.24171856801055,bipolar,100.0,0.5-70 Hz,60 Hz,10.0,0.14561974011901918,332.88875286441413,6.638692720891318,6.668608968428817,False,False
92188773-3f97-4ad5-8a84-a8cdbe899b7e,90,46922,iic,gpd,0,Other,1,False,9334.1,0,0,33.785841215595795,bipolar,70.0,0.5-70 Hz,60 Hz,10.0,0.14592007524018896,433.7946440713197,6.7110969765383075,6.611321383660428,False,False
92188773-3f97-4ad5-8a84-a8cdbe899b7e,91,56839,iic,other,1,Other,1,True,18285.1,0,1,1123.2447613394336,average,200.0,0.5-70 Hz,60 Hz,10.0,0.14760067102429564,415.6979152386291,6.655891419476394,6.6856585091057115,False,False
92188773-3f97-4ad5-8a84-a8cdbe899b7e,92,40538,iic,other,1,LPD,0,False,2248.7,0,1,916.1563088610526,bipolar,50.0,0.5-70 Hz,60 Hz,10.0,0.14475392007409343,414.3585190285424,6.711363554615627,6.630416454175292,False,False
92188773-3f97-4ad5-8a84-a8cdbe899b7e,93,88934,lrda,lrda,1,LPD,0,False,7224.1,0,2,15.69158650960074,bipolar,100.0,0.5-70 Hz,60 Hz,10.0,0.1366836422924746,599.9999999999999,7.139487481903477,6.6859660118616615,True,False
92188773-3f97-4ad5-8a84-a8cdbe899b7e,94,57358,iic,seizure,0,Other,1,False,4742.6,0,3,970.8429655088158,average,100.0,0.5-70 Hz,60 Hz,10.0,0.13437640248892307,521.7637568166571,7.224578324209725,7.108355703030242,False,False
92188773-3f97-4ad5-8a84-a8cdbe899b7e,95,55360,gpd,lrda,0,GPD,1,False,4817.7,0,1,869.9137290843155,bipolar,100.0,0.5-70 Hz,60 Hz,10.0,0.13233905584359545,479.1004230874446,7.219176830455988,7.1956432932835614,False,False
92188773-3f97-4ad5-8a84-a8cdbe899b7e,96,40564,sz,grda,0,Seizure,1,False,2678.8,0,1,190.0754532465874,bipolar,100.0,0.5-20 Hz,60 Hz,15.0,0.12997835330371682,417.4570813597832,7.173691197273431,7.192967554551942,False,False
92188773-3f97-4ad5-8a84-a8cdbe899b7e,97,47425,iic,lpd,0,Other,1,False,4852.0,0,2,21.383565895936712,bipolar,300.0,0.5-70 Hz,60 Hz,10.0,0.12956137355460828,327.2594827996525,7.216056932054181,7.150262557845935,False,False
92188773-3f97-4ad5-8a84-a8cdbe899b7e,98,31011,lpd,seizure,0,Other,0,False,16005.9,0,0,1087.2539545035752,bipolar,200.0,0.5-70 Hz,60 Hz,15.0,0.12983830927071188,325.362321397781,7.2127270993288475,7.193787095082444,False,False
92188773-3f97-4ad5-8a84-a8cdbe899b7e,99,55983,lpd,gpd,0,LPD,1,False,14604.3,0,2,151.4238032218948,bipolar,100.0,0.5-70 Hz,60 Hz,15.0,0.12810000441470593,317.7242501026603,7.154267772083455,7.188387075746402,False,False
92188773-3f97-4ad5-8a84-a8cdbe899b7e,100,63406,gpd,gpd,1,GPD,1,True,20238.0,0,1,128.91878368183276,bipolar,300.0,0.5-20 Hz,60 Hz,10.0,0.1278472512433848,318.8566798520531,7.0884013372169115,7.133541397938598,False,False
92188773-3f97-4ad5-8a84-a8cdbe899b7e,101,87929,gpd,gpd,1,GPD,1,True,25203.4,0,1,111.8177044604941,bipolar,100.0,0.5-70 Hz,60 Hz,10.0,0.1278963898639337,305.28054523532387,7.01769265939628,7.0657443624199106,False,False
92188773-3f97-4ad5-8a84-a8cdbe899b7e,102,62833,gpd,gpd,1,GPD,1,True,7365.4,0,1,18.349175720921718,bipolar,70.0,0.5-70 Hz,60 Hz,10.0,0.11972063074055572,599.9999999999999,7.003778731551753,6.993286958885415,True,False
92188773-3f97-4ad5-8a84-a8cdbe899b7e,103,84589,gpd,gpd,1,GPD,1,True,3984.4,0,1,124.88444099229825,average,100.0,0.5-70 Hz,60 Hz,10.0,0.11982805694430143,586.505469363931,6.931017955332525,6.980938037663025,False,False
92188773-3f97-4ad5-8a84-a8cdbe899b7e,104,46177,gpd,gpd,1,GPD,1,True,2812.8,0,2,172.70833248013932,bipolar,200.0,0.5-70 Hz,60 Hz,10.0,0.12263318865271094,548.0455138641058,6.85493571551896,6.907395512810105,False,False
92188773-3f97-4ad5-8a84-a8cdbe899b7e,105,25241,grda,other,0,GRDA,1,False,4812.4,0,0,403.07155238218246,bipolar,100.0,0.5-70 Hz,60 Hz,10.0,0.12741106708952754,512.6479347319489,6.868474863980684,6.832775260265301,False,False
92188773-3f97-4ad5-8a84-a8cdbe899b7e,106,50577,gpd,gpd,1,GPD,1,True,16779.5,0,2,87.23847971086748,bipolar,300.0,0.5-70 Hz,60 Hz,10.0,0.13037816550026932,458.1361579466504,6.7849509650812365,6.844392438883824,False,False
92188773-3f97-4ad5-8a84-a8cdbe899b7e,107,65955,gpd,gpd,1,GPD,1,True,8685.6,0,2,870.8450365855807,average,50.0,0.5-20 Hz,60 Hz,10.0,0.1311587782085356,396.45628272205414,6.700014966290679,6.760878698757518,False,False
92188773-3f97-4ad5-8a84-a8cdbe899b7e,108,67611,gpd,gpd,1,Other,0,False,6210.1,0,1,944.4816659570095,bipolar,200.0,0.5-70 Hz,60 Hz,10.0,0.12331227175577841,537.0137409927294,6.861415080001955,6.676617872577725,False,False
92188773-3f97-4ad5-8a84-a8cdbe899b7e,109,45227,lpd,lpd,1,Seizure,0,False,3963.3,0,0,23.178965095808138,bipolar,200.0,0.5-70 Hz,60 Hz,15.0,0.12052865108981836,493.01554061469136,6.851148668540821,6.840164504808903,False,False
92188773-3f97-4ad5-8a84-a8cdbe899b7e,110,51187,grda,grda,1,Other,0,False,14098.6,0,1,886.2523894075831,bipolar,100.0,0.5-70 Hz,60 Hz,10.0,0.12055437398759433,446.94608113105414,6.869236421372733,6.8307798015272185,False,False
92188773-3f97-4ad5-8a84-a8cdbe899b7e,111,26501,lrda,seizure,0,LRDA,1,False,8855.1,0,2,514.9664358980293,bipolar,50.0,0.5-70 Hz,60 Hz,10.0,0.12159356306264557,422.2099852579878,6.89760116829868,6.850768579861265,False,False
92188773-3f97-4ad5-8a84-a8cdbe899b7e,112,69933,gpd,gpd,1,Other,0,False,6068.9,0,1,646.8261695867488,bipolar,100.0,0.5-70 Hz,60 Hz,10.0,0.12162683966382454,416.8480201581191,7.013082466312902,6.8806176497258615,False,False
92188773-3f97-4ad5-8a84-a8cdbe899b7e,113,35481,lrda,lrda,1,LRDA,1,True,1750.9,0,0,830.7963632658623,average,70.0,0.5-70 Hz,60 Hz,10.0,0.12160353050959,411.6480715101757,6.990665082059548,6.997003036275552,False,False
92188773-3f97-4ad5-8a84-a8cdbe899b7e,114,38946,gpd,lrda,0,Other,0,False,5600.7,0,0,126.54265730610231,average,70.0,0.5-70 Hz,60 Hz,10.0,0.12151335454814582,407.26856356498934,6.9637482739705785,6.974923404546718,False,False
92188773-3f97-4ad5-8a84-a8cdbe899b7e,115,39045,gpd,other,0,LPD,0,False,3908.6,0,0,144.70240184487446,bipolar,70.0,0.5-70 Hz,60 Hz,10.0,0.12151161330244753,385.93691489976925,6.93003271920611,6.946580616511293,False,False
92188773-3f97-4ad5-8a84-a8cdbe899b7e,116,20737,gpd,seizure,0,GPD,1,False,4059.6,0,2,1032.7223494977065,average,70.0,0.5-70 Hz,60 Hz,10.0,0.12173023819187928,410.7941950197193,6.948435516602606,6.911173997624532,False,False
92188773-3f97-4ad5-8a84-a8cdbe899b7e,117,87269,lrda,lrda,1,Other,0,False,1810.7,0,0,27.983328342376545,bipolar,50.0,0.5-70 Hz,60 Hz,15.0,0.12195780223049879,381.5845357692295,6.93839210151177,6.933018986691886,False,False
92188773-3f97-4ad5-8a84-a8cdbe899b7e,118,32452,grda,seizure,0,LPD,0,False,8924.8,0,0,456.3876284449904,average,100.0,0.5-70 Hz,60 Hz,10.0,0.12059810474195082,396.8023923745534,6.917082498976143,6.92327425918783,False,False
92188773-3f97-4ad5-8a84-a8cdbe899b7e,119,45968,grda,lpd,0,GRDA,1,False,5193.4,0,0,474.82803305396715,bipolar,100.0,0.5-70 Hz,60 Hz,10.0,0.1218289515627834,368.2186412448525,6.9221031944579785,6.9003301298871556,False,False
92188773-3f97-4ad5-8a84-a8cdbe899b7e,120,34228,lpd,grda,0,Other,0,False,10538.1,0,0,743.1299433293051,average,100.0,0.5-70 Hz,60 Hz,10.0,0.12151360632513764,373.4918185016777,6.8814897624376155,6.907109564494618,False,False
92188773-3f97-4ad5-8a84-a8cdbe899b7e,121,22872,lpd,seizure,0,LRDA,0,False,5291.2,0,1,17.988195311640904,average,200.0,0.5-70 Hz,60 Hz,10.0,0.12020013524353013,368.3101539352831,6.8344308263498235,6.865386559037399,False,False
92188773-3f97-4ad5-8a84-a8cdbe899b7e,122,59456,lpd,grda,0,LPD,1,False,6579.4,0,1,373.3681858548142,bipolar,100.0,0.5-20 Hz,60 Hz,10.0,0.12172194443021761,368.56929493925776,6.8757091068372205,6.817262950081567,False,False
92188773-3f97-4ad5-8a84-a8cdbe899b7e,123,35257,grda,grda,1,GRDA,1,True,2406.7,0,0,888.3602600036373,bipolar,200.0,0.5-70 Hz,60 Hz,10.0,0.12148788576408542,388.50767119149293,6.858850995132108,6.861654881394767,False,False
92188773-3f97-4ad5-8a84-a8cdbe899b7e,124,87273,grda,grda,1,GRDA,1,True,6273.3,0,2,759.5387887655554,bipolar,200.0,0.5-70 Hz,60 Hz,10.0,0.1214239333659145,399.6264398435137,6.83527249342206,6.844389764014711,False,False
92188773-3f97-4ad5-8a84-a8cdbe899b7e,125,63112,grda,grda,1,LRDA,0,False,720.0,0,0,134.62394511365608,bipolar,200.0,0.5-70 Hz,60 Hz,10.0,0.12177207775803578,368.0189277839225,6.8487351803137395,6.820505359643503,False,False
92188773-3f97-4ad5-8a84-a8cdbe899b7e,126,27313,iic,lpd,0,Other,1,False,9604.9,0,1,23.060220531226577,laplacian,100.0,0.5-70 Hz,60 Hz,10.0,0.12206429974488792,344.9402164840363,6.846175441543031,6.834723143187119,False,False
92188773-3f97-4ad5-8a84-a8cdbe899b7e,127,70144,lrda,grda,0,LRDA,1,False,2019.8,0,1,1163.0533828198506,bipolar,200.0,0.5-70 Hz,60 Hz,10.0,0.12218722261785159,315.1340758607287,6.844520788182945,6.832156480269784,False,False
92188773-3f97-4ad5-8a84-a8cdbe899b7e,128,31930,gpd,seizure,0,Other,0,False,3174.9,0,1,70.12530682155334,bipolar,100.0,0.5-70 Hz,60 Hz,10.0,0.12230328036881272,308.041438979086,6.833811921862121,6.83094408610512,False,False
92188773-3f97-4ad5-8a84-a8cdbe899b7e,129,65542,gpd,seizure,0,LPD,0,False,8953.2,0,0,638.53085824096,average,70.0,0.5-70 Hz,60 Hz,15.0,0.11778440638962628,599.9999999999999,7.103833494892039,6.818825326548768,True,False
92188773-3f97-4ad5-8a84-a8cdbe899b7e,130,46275,iic,other,1,GRDA,0,False,6547.3,0,0,612.9506616186427,laplacian,200.0,0.5-70 Hz,60 Hz,10.0,0.11812479707684276,563.3526011804084,7.045292443840012,7.087809937254888,False,False
92188773-3f97-4ad5-8a84-a8cdbe899b7e,131,61377,grda,gpd,0,GRDA,1,False,4137.2,0,0,773.9657716955004,bipolar,70.0,0.5-70 Hz,60 Hz,10.0,0.11782516748712729,547.0782414903434,7.0557337788578955,7.031641218897379,False,False
92188773-3f97-4ad5-8a84-a8cdbe899b7e,132,45479,lpd,seizure,0,GRDA,0,False,4218.8,0,0,881.0381595611866,average,200.0,0.5-20 Hz,60 Hz,10.0,0.11753874394077596,537.2396867503771,7.010481344575037,7.042246730303416,False,False
92188773-3f97-4ad5-8a84-a8cdbe899b7e,133,22801,lpd,seizure,0,Seizure,0,True,6543.7,0,0,98.95963343586853,bipolar,200.0,0.5-70 Hz,60 Hz,10.0,0.1179930960051408,510.29365946299043,6.96268196187753,6.99620567128472,False,False
92188773-3f97-4ad5-8a84-a8cdbe899b7e,134,40526,lpd,gpd,0,GPD,0,True,3692.7,0,1,22.494932659674884,bipolar,70.0,0.5-70 Hz,60 Hz,10.0,0.11941679175417358,468.0881025688985,6.912179528498306,6.947718854435459,False,False
92188773-3f97-4ad5-8a84-a8cdbe899b7e,135,60915,lpd,grda,0,Other,0,False,5328.0,0,0,896.0474208150616,bipolar,100.0,0.5-70 Hz,60 Hz,10.0,0.12011901578668605,415.5531286954107,6.8594940017229185,6.896889662119199,False,False
92188773-3f97-4ad5-8a84-a8cdbe899b7e,136,35156,grda,grda,1,GPD,0,False,2854.4,0,0,186.9454167773076,bipolar,70.0,0.5-70 Hz,60 Hz,10.0,0.12021474433311335,397.1571835890637,6.882604261614074,6.848290939729871,False,False
92188773-3f97-4ad5-8a84-a8cdbe899b7e,137,53983,iic,other,1,Other,1,True,9563.5,0,0,61.271644112603184,average,100.0,0.5-70 Hz,60 Hz,10.0,0.1201436185108643,415.2817612903207,6.890253332240896,6.871644495589109,False,False
92188773-3f97-4ad5-8a84-a8cdbe899b7e,138,65655,iic,other,1,Other,1,True,5359.7,0,0,115.48335537453045,average,100.0,0.5-70 Hz,60 Hz,10.0,0.1200101213602301,424.31524384184075,6.896816062014318,6.878014097282389,False,False
92188773-3f97-4ad5-8a84-a8cdbe899b7e,139,22019,iic,other,1,Other,1,True,6948.5,0,0,333.30190425253056,bipolar,100.0,0.5-70 Hz,60 Hz,10.0,0.1196526341483708,421.76157039220254,6.902217832138265,6.883364469957345,False,False
92188773-3f97-4ad5-8a84-a8cdbe899b7e,140,36263,sz,lrda,0,Seizure,1,False,131.2,0,0,968.7067257243496,laplacian,70.0,0.5-70 Hz,60 Hz,10.0,0.11618669284471339,401.5617814155907,6.963799995083845,6.878750241612693,False,True
92188773-3f97-4ad5-8a84-a8cdbe899b7e,141,85408,gpd,seizure,0,GPD,1,False,7098.8,0,1,527.6283199696363,bipolar,50.0,0.5-70 Hz,60 Hz,10.0,0.11603434734661017,395.3958140735429,6.979026081506117,6.944900002692943,False,True
92188773-3f97-4ad5-8a84-a8cdbe899b7e,142,60073,sz,gpd,0,Seizure,1,False,4127.4,0,1,587.6125165872418,bipolar,50.0,0.5-70 Hz,60 Hz,10.0,0.11755028828974662,347.38609129784663,7.003641580370287,6.961494032988666,False,True
92188773-3f97-4ad5-8a84-a8cdbe899b7e,143,21629,lpd,seizure,0,LRDA,0,False,6153.6,0,1,130.94118103867282,bipolar,200.0,0.5-70 Hz,60 Hz,10.0,0.11773754915313256,308.0256802669516,6.968978507862514,6.988131599733407,False,True
92188773-3f97-4ad5-8a84-a8cdbe899b7e,144,65293,lpd,grda,0,GPD,0,False,5855.6,0,0,157.4356427776746,average,200.0,0.5-70 Hz,60 Hz,10.0,0.11343391841208345,599.9999999999999,6.917329114730243,6.953351011107141,True,True
92188773-3f97-4ad5-8a84-a8cdbe899b7e,145,60313,lpd,gpd,0,LPD,1,False,8876.7,0,1,777.6012910367307,average,100.0,0.5-70 Hz,60 Hz,10.0,0.1099720982756216,562.3141297957976,6.954104530997892,6.898413136876062,False,True
92188773-3f97-4ad5-8a84-a8cdbe899b7e,146,84740,sz,seizure,1,Seizure,1,True,4897.7,0,0,878.2296050420474,bipolar,100.0,0.5-70 Hz,60 Hz,10.0,0.11058700832509383,553.5835161146479,6.91341274887183,6.937020860842812,False,True
92188773-3f97-4ad5-8a84-a8cdbe899b7e,147,33829,sz,seizure,1,Other,0,False,6978.6,0,2,173.61965205850888,laplacian,70.0,0.5-70 Hz,60 Hz,10.0,0.10878018445951776,545.1672821807801,6.938020099899044,6.896449822732466,False,True
92188773-3f97-4ad5-8a84-a8cdbe899b7e,148,87085,lpd,seizure,0,LRDA,0,False,10908.0,0,1,189.63955422873465,bipolar,100.0,0.5-70 Hz,60 Hz,10.0,0.10939554562040821,570.1477532138654,6.893552237917595,6.9220375435185195,False,True
92188773-3f97-4ad5-8a84-a8cdbe899b7e,149,86565,lrda,lrda,1,GRDA,0,False,13531.1,0,2,14.583133081970873,bipolar,100.0,0.5-70 Hz,60 Hz,15.0,0.10966734396738292,515.9571985306466,6.98624065713909,6.877773531297413,False,True
92188773-3f97-4ad5-8a84-a8cdbe899b7e,150,64650,lpd,other,0,Seizure,0,False,5746.2,0,1,138.05567211865963,bipolar,100.0,0.5-20 Hz,60 Hz,10.0,0.10984131307598471,522.0507283941073,6.9485255043542375,6.970638801793223,False,True
92188773-3f97-4ad5-8a84-a8cdbe899b7e,151,49337,lpd,grda,0,LPD,1,False,33722.4,0,1,181.5636588086425,bipolar,100.0,0.5-20 Hz,60 Hz,10.0,0.10952915729052598,496.5622349118724,6.970637030554833,6.933454922052739,False,True
92188773-3f97-4ad5-8a84-a8cdbe899b7e,152,66257,iic,other,1,Other,1,True,3437.0,0,0,701.0487590203587,average,100.0,0.5-70 Hz,60 Hz,15.0,0.10994199436330632,489.8352587494152,6.982903286262453,6.956284981234383,False,True
92188773-3f97-4ad5-8a84-a8cdbe899b7e,153,65824,iic,other,1,Other,1,True,2665.4,0,0,27.896856867295895,average,200.0,0.5-70 Hz,60 Hz,10.0,0.11023377191593442,466.9142368455707,6.989852671830327,6.967929485702455,False,True
92188773-3f97-4ad5-8a84-a8cdbe899b7e,154,41666,iic,other,1,Other,1,True,3995.3,0,0,803.5444650200407,average,70.0,0.5-70 Hz,60 Hz,10.0,0.11049449340841239,430.6905869995547,6.992400907519113,6.97461912690738,False,True
92188773-3f97-4ad5-8a84-a8cdbe899b7e,155,86955,lpd,other,0,LPD,1,False,3469.5,0,2,252.63448842232162,bipolar,100.0,0.5-70 Hz,60 Hz,10.0,0.10987764408547107,386.7488257676219,7.028916162294005,6.976837360031457,False,True
92188773-3f97-4ad5-8a84-a8cdbe899b7e,156,40569,iic,other,1,Other,1,True,8739.4,0,1,295.440282762101,bipolar,100.0,0.5-70 Hz,60 Hz,10.0,0.1100130913887955,347.44731451524666,7.028898706387935,7.013845679967073,False,True
92188773-3f97-4ad5-8a84-a8cdbe899b7e,157,57312,iic,other,1,Other,1,True,7198.6,0,1,1130.7387018772645,bipolar,70.0,0.5-70 Hz,60 Hz,10.0,0.11012584685539184,305.7562615943377,7.02506631607768,7.014225355806737,False,True
92188773-3f97-4ad5-8a84-a8cdbe899b7e,158,88676,lpd,grda,0,LPD,1,False,7610.6,0,0,26.005856576631288,laplacian,100.0,0.5-70 Hz,60 Hz,10.0,0.11689434395939352,599.9999999999999,6.8471330682580716,7.00990077532994,True,True
92188773-3f97-4ad5-8a84-a8cdbe899b7e,159,11710,spike,spike,1,Yes (spike present),1,True,2278.0,0,1,952.9169352783706,bipolar,70.0,0.5-70 Hz,60 Hz,10.0,0.11705490778377758,589.4917017081565,6.805873929434734,6.831770013504633,False,True
92188773-3f97-4ad5-8a84-a8cdbe899b7e,160,12896,spike,spike,1,Yes (spike present),1,True,1789.4,0,1,1129.8496146286627,average,50.0,0.5-70 Hz,60 Hz,10.0,0.11992159287227294,558.940731116023,6.761251518274848,6.79015640231976,False,True
92188773-3f97-4ad5-8a84-a8cdbe899b7e,161,16214,spike,spike,1,No (no spike),0,False,3543.9,0,2,1167.9658640733344,bipolar,200.0,0.5-70 Hz,60 Hz,10.0,0.11640657662537457,597.9206965512776,6.799264079405296,6.7458198411527555,False,True
92188773-3f97-4ad5-8a84-a8cdbe899b7e,162,68680,iic,other,1,GPD,0,False,15171.6,0,1,21.596907441592933,bipolar,100.0,0.5-70 Hz,60 Hz,15.0,0.11711323091552006,544.411108536943,6.828217856557256,6.783921999223833,False,True
92188773-3f97-4ad5-8a84-a8cdbe899b7e,163,14807,spike,spike,1,No (no spike),0,False,1262.4,0,1,29.020877889465556,bipolar,100.0,0.5-70 Hz,60 Hz,10.0,0.1100827293700003,526.1894346270792,6.855353923755103,6.814877061791201,False,True
92188773-3f97-4ad5-8a84-a8cdbe899b7e,164,44007,iic,other,1,Other,1,True,4065.1,0,1,1161.8085486213565,bipolar,100.0,0.5-70 Hz,60 Hz,15.0,0.10964107881204871,556.1589111224476,6.822083479251217,6.842347545938667,False,True
92188773-3f97-4ad5-8a84-a8cdbe899b7e,165,68502,iic,other,1,Other,1,True,2967.7,0,1,1069.3572044852544,bipolar,100.0,0.5-70 Hz,60 Hz,10.0,0.10947638731827913,572.2637492381215,6.79098483214793,6.809399200626582,False,True
92188773-3f97-4ad5-8a84-a8cdbe899b7e,166,40673,sz,grda,0,GPD,0,False,4657.6,0,0,96.49121875674984,bipolar,70.0,0.5-20 Hz,60 Hz,10.0,0.1095057543183176,563.7173805299248,6.790220104805524,6.778546026747771,False,True
92188773-3f97-4ad5-8a84-a8cdbe899b7e,167,35768,sz,lrda,0,LPD,0,False,9534.1,0,1,156.08126662663588,average,200.0,0.5-70 Hz,60 Hz,10.0,0.10954349288685039,535.2694963264573,6.78631578593526,6.776528524398856,False,True
92188773-3f97-4ad5-8a84-a8cdbe899b7e,168,20885,sz,grda,0,Seizure,1,False,27275.6,0,1,335.2855944300572,bipolar,50.0,0.5-70 Hz,60 Hz,10.0,0.10948935170599267,570.3193356858771,6.759181908928257,6.771445040223587,False,True
92188773-3f97-4ad5-8a84-a8cdbe899b7e,169,69995,iic,other,1,Other,1,True,2823.9,0,0,128.38073947159495,bipolar,70.0,0.5-70 Hz,60 Hz,10.0,0.10934720635981676,572.0336951860286,6.730339613652699,6.746931655511093,False,True
92188773-3f97-4ad5-8a84-a8cdbe899b7e,170,68750,lpd,lpd,1,LPD,1,True,10647.2,0,2,953.226371651822,bipolar,100.0,0.5-70 Hz,60 Hz,10.0,0.10934666172045127,563.0271508254747,6.6992950312228166,6.7180698571472535,False,True
92188773-3f97-4ad5-8a84-a8cdbe899b7e,171,48572,lpd,lpd,1,LPD,1,True,6238.6,0,0,480.92092789261585,bipolar,100.0,0.5-70 Hz,60 Hz,10.0,0.10931692766400242,531.9344559184202,6.6658770330460575,6.685377645720447,False,True
92188773-3f97-4ad5-8a84-a8cdbe899b7e,172,30132,lpd,lpd,1,LPD,1,True,4958.0,0,0,165.59245709056088,bipolar,100.0,0.5-70 Hz,60 Hz,10.0,0.10924007434500549,479.12831853368016,6.629149047624367,6.6502695463105415,False,True
92188773-3f97-4ad5-8a84-a8cdbe899b7e,173,68755,lpd,lpd,1,LPD,1,True,5019.7,0,4,1017.6664972917715,bipolar,300.0,0.5-70 Hz,60 Hz,10.0,0.11130873651370787,410.6629801388011,6.587931168093805,6.611955379033097,False,True
92188773-3f97-4ad5-8a84-a8cdbe899b7e,174,53019,lpd,lpd,1,LPD,1,True,7781.7,0,0,800.2612163725657,bipolar,70.0,0.5-70 Hz,60 Hz,15.0,0.11590727838254655,335.66167672918823,6.541414061331967,6.5691732305547825,False,True
92188773-3f97-4ad5-8a84-a8cdbe899b7e,175,15802,spike,spike,0,Yes (spike present),1,False,28419.4,0,1,981.5639695624003,bipolar,200.0,0.5-70 Hz,60 Hz,10.0,0.11581600540577952,312.37814370229034,6.535354268111041,6.528594024013946,False,True
92188773-3f97-4ad5-8a84-a8cdbe899b7e,176,54261,lpd,lpd,1,LPD,1,True,2496.0,0,1,1063.3464028359151,average,200.0,0.5-70 Hz,60 Hz,10.0,0.11381904609491666,599.9999999999999,6.444745733895114,6.515333057856404,True,True
92188773-3f97-4ad5-8a84-a8cdbe899b7e,177,86277,lpd,lpd,1,Other,0,False,5628.7,0,2,163.68941805278243,bipolar,100.0,0.5-70 Hz,60 Hz,10.0,0.10321072563766903,546.1071500464687,6.5473535125966,6.427719226495919,False,True
92188773-3f97-4ad5-8a84-a8cdbe899b7e,178,88542,gpd,gpd,1,GPD,1,True,3892.1,0,0,89.98677311491653,bipolar,100.0,0.5-70 Hz,60 Hz,10.0,0.1025996001428095,539.6535523637541,6.482492551327242,6.533979013129598,False,True
92188773-3f97-4ad5-8a84-a8cdbe899b7e,179,46398,gpd,gpd,1,GPD,1,True,2290.4,0,1,605.0277566385289,bipolar,70.0,0.5-70 Hz,60 Hz,10.0,0.10378225726594764,514.0944340271716,6.417557288201455,6.468702487042517,False,True
92188773-3f97-4ad5-8a84-a8cdbe899b7e,180,40101,gpd,gpd,1,Seizure,0,False,3378.6,0,0,19.191394341787607,bipolar,70.0,0.5-70 Hz,60 Hz,10.0,0.10287719705214948,541.3628355180834,6.516008453976938,6.4035309185375,False,True
92188773-3f97-4ad5-8a84-a8cdbe899b7e,181,56622,lpd,lpd,1,LPD,1,True,3641.4,0,0,80.31890344507438,bipolar,200.0,0.5-70 Hz,60 Hz,10.0,0.10351315153903728,570.358469528311,6.4655609463128005,6.503926290348247,False,True
92188773-3f97-4ad5-8a84-a8cdbe899b7e,182,42557,lpd,lpd,1,GRDA,0,False,5623.2,0,0,967.7030208239886,bipolar,300.0,0.5-70 Hz,60 Hz,10.0,0.1028166947886216,500.27037076973824,6.538634341789955,6.45348982541209,False,True
92188773-3f97-4ad5-8a84-a8cdbe899b7e,183,87628,sz,seizure,1,Seizure,1,True,6687.6,0,0,941.3999716092526,bipolar,200.0,0.5-70 Hz,60 Hz,10.0,0.10244130180388272,498.19646956659767,6.4565391497935085,6.527069040569483,False,True
92188773-3f97-4ad5-8a84-a8cdbe899b7e,184,22795,sz,seizure,1,Seizure,1,True,9316.4,0,1,16.700598842736326,bipolar,50.0,0.5-70 Hz,60 Hz,10.0,0.10238516178633689,480.6714100051793,6.376116594323118,6.445003561219967,False,True
92188773-3f97-4ad5-8a84-a8cdbe899b7e,185,89158,sz,seizure,1,Seizure,1,True,9604.6,0,1,106.76969194122938,bipolar,100.0,0.5-20 Hz,60 Hz,10.0,0.10171403452967898,449.77988118295855,6.297965462367793,6.364705340536105,False,True
92188773-3f97-4ad5-8a84-a8cdbe899b7e,186,85581,lrda,lrda,1,LRDA,1,True,10387.8,0,2,146.44960706454714,bipolar,70.0,0.5-70 Hz,60 Hz,15.0,0.10126038665889331,449.96505213828425,6.273898251347909,6.286630906036814,False,True
92188773-3f97-4ad5-8a84-a8cdbe899b7e,187,30362,lrda,lrda,1,LRDA,1,True,7804.0,0,1,852.9990978554329,average,100.0,0.5-70 Hz,60 Hz,15.0,0.10090003503774142,436.1230119851649,6.247859472871644,6.262121762916691,False,True
92188773-3f97-4ad5-8a84-a8cdbe899b7e,188,51960,lrda,lrda,1,Other,0,False,9560.3,0,0,160.68689613362866,bipolar,100.0,0.5-70 Hz,60 Hz,10.0,0.10228758429557039,445.12110326627686,6.269715960727674,6.235714665569381,False,True
92188773-3f97-4ad5-8a84-a8cdbe899b7e,189,36177,sz,seizure,1,Seizure,1,True,4789.0,0,1,148.7783222610994,bipolar,100.0,0.5-70 Hz,60 Hz,10.0,0.1015498963099783,404.5825502442399,6.193496734179126,6.258551539567506,False,True
92188773-3f97-4ad5-8a84-a8cdbe899b7e,190,31713,lrda,seizure,0,GRDA,0,False,17669.7,0,0,956.3387325298917,bipolar,100.0,0.5-70 Hz,60 Hz,15.0,0.10136149189120397,392.7676006539246,6.1806162058498355,6.182516345178012,False,True
92188773-3f97-4ad5-8a84-a8cdbe899b7e,191,53724,lrda,gpd,0,LRDA,1,False,8088.8,0,3,976.8140198444918,average,100.0,0.5-70 Hz,60 Hz,10.0,0.10161565928345817,406.16566262646654,6.172157230568056,6.16749334682374,False,True
92188773-3f97-4ad5-8a84-a8cdbe899b7e,192,84731,sz,seizure,1,Seizure,1,True,2754.3,0,3,27.61110918800588,bipolar,70.0,0.5-70 Hz,60 Hz,10.0,0.10123168468329752,361.1777556213656,6.097034573532034,6.161212579081073,False,True
92188773-3f97-4ad5-8a84-a8cdbe899b7e,193,53899,gpd,gpd,1,LPD,0,False,2366.0,0,0,265.82070022105876,average,300.0,0.5-70 Hz,60 Hz,10.0,0.1020650898147748,343.68796728445034,6.1732116268138935,6.086361832163245,False,True
92188773-3f97-4ad5-8a84-a8cdbe899b7e,194,56782,iic,other,1,Other,1,True,1456.6,0,0,59.98379391367514,average,70.0,0.5-70 Hz,60 Hz,10.0,0.10110855128431318,336.7404566083912,6.152476170786806,6.162936525672546,False,True
92188773-3f97-4ad5-8a84-a8cdbe899b7e,195,53865,sz,seizure,1,Seizure,1,True,1918.7,0,1,1220.7106206565586,bipolar,50.0,0.5-20 Hz,60 Hz,10.0,0.10097034020731388,599.9999999999999,6.274848479563209,6.142619177677026,True,True
92188773-3f97-4ad5-8a84-a8cdbe899b7e,196,61379,iic,seizure,0,Other,1,False,1473.3,0,1,121.2421722672636,laplacian,300.0,0.5-70 Hz,60 Hz,10.0,0.10068988968277154,571.99273323922,6.330400505438922,6.263101820200996,False,True
92188773-3f97-4ad5-8a84-a8cdbe899b7e,197,55316,sz,lrda,0,Seizure,1,False,2551.4,0,0,126.23810818418696,bipolar,200.0,0.5-70 Hz,60 Hz,10.0,0.09973980282971862,545.5891334682983,6.373637146242328,6.318614199075421,False,True
92188773-3f97-4ad5-8a84-a8cdbe899b7e,198,32715,lpd,seizure,0,GRDA,0,False,9593.1,0,0,897.3753959466022,bipolar,100.0,0.5-70 Hz,60 Hz,10.0,0.10010234816135977,539.8116527290791,6.305135505416166,6.362382507955193,False,True
92188773-3f97-4ad5-8a84-a8cdbe899b7e,199,40322,iic,other,1,Other,1,True,6302.1,0,2,200.6274186666513,average,100.0,0.5-70 Hz,60 Hz,10.0,0.10002405338762005,532.755233640567,6.248624896868179,6.293777378217223,False,True
92188773-3f97-4ad5-8a84-a8cdbe899b7e,200,88615,lpd,seizure,0,LRDA,0,False,20519.7,0,0,174.55317929974672,average,100.0,0.5-70 Hz,60 Hz,10.0,0.10026015011847944,510.9734120202275,6.179051507074308,6.237395231613323,False,True
92188773-3f97-4ad5-8a84-a8cdbe899b7e,201,37845,lpd,gpd,0,Seizure,0,False,11457.1,0,0,589.930962553542,average,70.0,0.5-70 Hz,60 Hz,10.0,0.10052858138414011,474.79780687097747,6.107684635236419,6.168049964976518,False,True
92188773-3f97-4ad5-8a84-a8cdbe899b7e,202,34869,iic,other,1,Other,1,True,5310.3,0,1,16.798402791553865,bipolar,100.0,0.5-70 Hz,60 Hz,10.0,0.10083529093725219,455.61605064451226,6.054153653087155,6.0969360806897654,False,True
92188773-3f97-4ad5-8a84-a8cdbe899b7e,203,88024,lpd,gpd,0,LPD,1,False,9587.6,0,1,283.82970365675067,bipolar,200.0,0.5-70 Hz,60 Hz,10.0,0.10057626701632827,506.1854857816002,6.1420539134653005,6.0434150652827805,False,True
92188773-3f97-4ad5-8a84-a8cdbe899b7e,204,52096,sz,lrda,0,LPD,0,False,1658.4,0,0,538.7114570039107,bipolar,200.0,0.5-70 Hz,60 Hz,10.0,0.10017033819053006,523.5725820262016,6.118175514055215,6.131759019951308,False,True
92188773-3f97-4ad5-8a84-a8cdbe899b7e,205,35152,sz,grda,0,Seizure,1,False,4759.3,0,0,255.7329503099493,average,100.0,0.5-70 Hz,60 Hz,10.0,0.10056819131692712,493.0379006355924,6.135403385411694,6.10767544749324,False,True
92188773-3f97-4ad5-8a84-a8cdbe899b7e,206,39726,iic,gpd,0,Other,1,False,9340.0,0,0,862.5552986973189,laplacian,300.0,0.5-20 Hz,60 Hz,10.0,0.09763001766481622,436.10337881707045,6.140545344806219,6.125156705601205,False,True
92188773-3f97-4ad5-8a84-a8cdbe899b7e,207,86946,lpd,lrda,0,Seizure,0,False,12187.7,0,1,533.713223778338,bipolar,100.0,0.5-70 Hz,60 Hz,10.0,0.09778502762453944,415.2937639607574,6.07105467106215,6.12998815360173,False,True
92188773-3f97-4ad5-8a84-a8cdbe899b7e,208,37521,lpd,gpd,0,Other,0,False,2245.9,0,1,581.3167610440788,average,100.0,0.5-70 Hz,60 Hz,10.0,0.09983165195143623,384.74572549187,6.000152163080491,6.060758174889528,False,True
92188773-3f97-4ad5-8a84-a8cdbe899b7e,209,56841,iic,other,1,Other,1,True,26346.7,0,1,867.6991709190573,bipolar,100.0,0.5-70 Hz,60 Hz,10.0,0.09823160307562051,357.7436496151443,5.943949228095811,5.989863275610355,False,True
92188773-3f97-4ad5-8a84-a8cdbe899b7e,210,33532,sz,seizure,1,Seizure,1,True,8726.9,0,3,33.019654893331065,average,200.0,0.5-70 Hz,60 Hz,10.0,0.09838573393176181,353.1058617978827,5.9083321854397495,5.933933741413301,False,True
92188773-3f97-4ad5-8a84-a8cdbe899b7e,211,85856,lpd,seizure,0,LRDA,0,False,2133.1,0,1,18.86240317745512,laplacian,100.0,0.5-70 Hz,60 Hz,10.0,0.09992426110370123,319.92933223946324,5.8408951221792,5.898260750341459,False,True
92188773-3f97-4ad5-8a84-a8cdbe899b7e,212,84976,lpd,grda,0,Other,0,False,9394.8,0,2,113.96897333607296,average,200.0,0.5-70 Hz,60 Hz,10.0,0.10973077264631248,599.9999999999999,5.999555708025007,5.831242913863182,True,True
92188773-3f97-4ad5-8a84-a8cdbe899b7e,213,85839,sz,seizure,1,Seizure,1,True,4782.7,0,1,1013.180099530153,bipolar,100.0,0.5-70 Hz,60 Hz,10.0,0.11602701465588955,589.8202395723973,5.946717088301805,5.986623535403895,False,True
92188773-3f97-4ad5-8a84-a8cdbe899b7e,214,49803,sz,seizure,1,GPD,0,False,1644.8,0,1,83.91928663879315,average,70.0,0.5-70 Hz,60 Hz,10.0,0.10130988693950554,577.6546216570159,6.04087284007311,5.9342575402154845,False,True
92188773-3f97-4ad5-8a84-a8cdbe899b7e,215,70065,lrda,lrda,1,LRDA,1,True,10122.8,0,1,107.22938420143393,bipolar,300.0,0.5-70 Hz,60 Hz,15.0,0.1012558704762348,570.0409657373099,5.989434308727544,6.029416480191144,False,True
92188773-3f97-4ad5-8a84-a8cdbe899b7e,216,22728,lrda,lrda,1,LRDA,1,True,6299.0,0,1,1219.7243882607802,bipolar,200.0,0.5-70 Hz,60 Hz,15.0,0.10118667084122002,546.5335253905907,5.940487548343402,5.978563555970404,False,True
92188773-3f97-4ad5-8a84-a8cdbe899b7e,217,31734,sz,seizure,1,LRDA,0,False,3607.9,0,1,23.36072633817745,bipolar,200.0,0.5-70 Hz,60 Hz,10.0,0.0999604800039176,478.6653812040378,6.0043572779649415,5.929700245620939,False,True
92188773-3f97-4ad5-8a84-a8cdbe899b7e,218,49579,lrda,other,0,GRDA,0,False,5477.6,0,0,1039.0480382571122,laplacian,100.0,0.5-70 Hz,60 Hz,10.0,0.09961446444080602,470.5121558075045,5.991638674045959,5.994321115444308,False,True
92188773-3f97-4ad5-8a84-a8cdbe899b7e,219,59372,lrda,gpd,0,LRDA,1,False,9566.5,0,0,24.200316926110673,bipolar,100.0,0.5-70 Hz,60 Hz,10.0,0.10012963832863114,477.822506776372,5.99206825682386,5.981254469075228,False,True
92188773-3f97-4ad5-8a84-a8cdbe899b7e,220,88173,lrda,lrda,1,LRDA,1,True,3378.6,0,0,19.800411456655056,bipolar,300.0,0.5-70 Hz,60 Hz,10.0,0.0995198879418015,447.9625846700802,5.950767036573541,5.982229427563419,False,True
92188773-3f97-4ad5-8a84-a8cdbe899b7e,221,41550,sz,seizure,1,Seizure,1,True,2650.1,0,1,1157.7227671274031,average,100.0,0.5-70 Hz,60 Hz,10.0,0.10012157954624396,477.177495059812,5.91371751466576,5.941088798297134,False,True
92188773-3f97-4ad5-8a84-a8cdbe899b7e,222,87104,lrda,lrda,1,GRDA,0,False,2054.5,0,0,1011.0226364701614,bipolar,100.0,0.5-70 Hz,60 Hz,10.0,0.09977636404566764,529.7686977681094,5.973932521042079,5.904462640045525,False,True
92188773-3f97-4ad5-8a84-a8cdbe899b7e,223,70792,lrda,other,0,GRDA,0,False,2429.6,0,0,88.79492120556495,bipolar,200.0,0.5-70 Hz,60 Hz,10.0,0.09988980221883903,524.9141738577918,6.031983438430345,5.964760146918192,False,True
92188773-3f97-4ad5-8a84-a8cdbe899b7e,224,86864,lrda,lrda,1,LRDA,1,True,4249.2,0,1,127.06893448719251,bipolar,100.0,0.5-70 Hz,60 Hz,10.0,0.09984102301956554,530.836600022282,5.987696276171779,6.023146150331995,False,True
92188773-3f97-4ad5-8a84-a8cdbe899b7e,225,27123,sz,seizure,1,Seizure,1,True,8509.1,0,1,977.5003068180863,bipolar,300.0,0.5-70 Hz,60 Hz,10.0,0.10142752410368877,555.9615986142799,5.95640836265812,5.979047749390711,False,True
92188773-3f97-4ad5-8a84-a8cdbe899b7e,226,60421,sz,lpd,0,GRDA,0,False,29363.9,0,2,27.367064705960342,bipolar,200.0,0.5-20 Hz,60 Hz,10.0,0.10148501799095239,551.7333422627273,5.958657017783784,5.947711684736587,False,True
92188773-3f97-4ad5-8a84-a8cdbe899b7e,227,88376,sz,lpd,0,LRDA,0,False,8517.1,0,0,389.82997819620704,bipolar,100.0,0.5-70 Hz,60 Hz,10.0,0.10155451810697919,533.4088421540819,5.958494610410741,5.949566681489815,False,True
92188773-3f97-4ad5-8a84-a8cdbe899b7e,228,40694,sz,grda,0,LRDA,0,False,11208.6,0,0,898.2489273101337,bipolar,200.0,0.5-70 Hz,60 Hz,10.0,0.10508069287940347,499.4274277307985,5.9582061263056625,5.949008170943099,False,True
92188773-3f97-4ad5-8a84-a8cdbe899b7e,229,47935,sz,gpd,0,GRDA,0,False,31687.0,0,0,19.010740072556047,bipolar,100.0,0.5-70 Hz,60 Hz,10.0,0.10825276204849787,451.9202776820879,5.955092487010235,5.948075653676768,False,True
92188773-3f97-4ad5-8a84-a8cdbe899b7e,230,21648,iic,seizure,0,Other,1,False,5322.1,0,0,786.1338760927571,bipolar,50.0,0.5-70 Hz,60 Hz,10.0,0.10486582775333358,459.2798060799362,5.968016685099749,5.945402521130328,False,True
92188773-3f97-4ad5-8a84-a8cdbe899b7e,231,21022,sz,gpd,0,GRDA,0,False,3576.9,0,3,591.7387107594674,bipolar,200.0,0.5-70 Hz,60 Hz,10.0,0.11140126576016085,408.50619953824093,5.966129218055622,5.958064680452807,False,True
92188773-3f97-4ad5-8a84-a8cdbe899b7e,232,70983,sz,lpd,0,GPD,0,False,21881.2,0,0,125.14278689129003,bipolar,200.0,0.5-70 Hz,60 Hz,10.0,0.11427681086717434,350.8450867100376,5.9607198664340215,5.955455194672855,False,True
92188773-3f97-4ad5-8a84-a8cdbe899b7e,233,21111,sz,grda,0,LRDA,0,False,17548.3,0,1,115.23581467097628,bipolar,70.0,0.5-70 Hz,60 Hz,15.0,0.10429207863718482,599.9999999999999,5.8536857659153485,5.94934332234996,True,True
92188773-3f97-4ad5-8a84-a8cdbe899b7e,234,55238,gpd,seizure,0,GRDA,0,False,18156.0,0,1,166.25677143192988,average,300.0,0.5-20 Hz,60 Hz,10.0,0.10470286825530256,591.4963840738814,5.814670584382771,5.843269923428847,False,True
92188773-3f97-4ad5-8a84-a8cdbe899b7e,235,85383,gpd,seizure,0,GPD,1,False,7936.4,0,2,30.492666195691594,average,70.0,0.5-70 Hz,60 Hz,10.0,0.10425651425780952,597.7120815402343,5.844819811610907,5.803945362631488,False,True
92188773-3f97-4ad5-8a84-a8cdbe899b7e,236,45189,grda,gpd,0,Other,0,False,3350.4,0,3,21.200028513339298,bipolar,200.0,0.5-70 Hz,60 Hz,10.0,0.10438431289687611,590.5178876595687,5.816729606429325,5.834907368018815,False,True
92188773-3f97-4ad5-8a84-a8cdbe899b7e,237,60600,grda,seizure,0,Other,0,False,3865.8,0,1,27.62234785557963,laplacian,100.0,0.5-70 Hz,60 Hz,10.0,0.10462949023030271,567.2956678438075,5.789244862986762,5.806160962181077,False,True
92188773-3f97-4ad5-8a84-a8cdbe899b7e,238,47933,grda,lpd,0,GRDA,1,False,8119.1,0,0,870.6807377313404,bipolar,70.0,0.5-70 Hz,60 Hz,10.0,0.10429251476989965,595.5221766359842,5.800450869267941,5.778099732749428,False,True
92188773-3f97-4ad5-8a84-a8cdbe899b7e,239,44977,grda,seizure,0,LRDA,0,False,4036.0,0,0,404.0415166286965,bipolar,200.0,0.5-70 Hz,60 Hz,10.0,0.10446367049991984,582.4727605393476,5.774022371489444,5.791249824858779,False,True
92188773-3f97-4ad5-8a84-a8cdbe899b7e,240,51836,grda,lrda,0,GRDA,1,False,2758.4,0,0,698.2339625695555,bipolar,100.0,0.5-20 Hz,60 Hz,10.0,0.10425006999787167,595.4717380732376,5.786490722851674,5.764265689321078,False,True
92188773-3f97-4ad5-8a84-a8cdbe899b7e,241,50134,lrda,grda,0,LRDA,1,False,4434.8,0,0,125.77324106908782,bipolar,200.0,0.5-70 Hz,60 Hz,10.0,0.1039768149494934,583.077033117348,5.765378428244732,5.7773443827504565,False,True
92188773-3f97-4ad5-8a84-a8cdbe899b7e,242,88508,lrda,lrda,1,LRDA,1,True,5374.2,0,1,1169.0963963951433,laplacian,100.0,0.5-70 Hz,60 Hz,10.0,0.10406915885352747,570.7848052967545,5.7152757784176185,5.756135808439976,False,True
92188773-3f97-4ad5-8a84-a8cdbe899b7e,243,40594,iic,lpd,0,GPD,0,False,6251.4,0,1,175.94405597286885,bipolar,100.0,0.5-70 Hz,60 Hz,10.0,0.1038325734907975,562.2639496500622,5.700255482024555,5.706206670645262,False,True
92188773-3f97-4ad5-8a84-a8cdbe899b7e,244,86859,lrda,lrda,1,LPD,0,False,2198.5,0,0,16.179036467822833,laplacian,50.0,0.5-70 Hz,60 Hz,10.0,0.10373256347971505,569.1318816776406,5.776307143354153,5.691178089652768,False,True
92188773-3f97-4ad5-8a84-a8cdbe899b7e,245,56105,gpd,other,0,LRDA,0,False,2740.2,0,2,647.0589761875201,bipolar,70.0,0.5-70 Hz,60 Hz,10.0,0.10414699369744923,570.077182897278,5.7365750658951615,5.7670423335028405,False,True
92188773-3f97-4ad5-8a84-a8cdbe899b7e,246,86524,gpd,lrda,0,GPD,1,False,3518.3,0,1,30.359038083790747,laplacian,100.0,0.5-70 Hz,60 Hz,10.0,0.10369771223760627,563.8567416957344,5.767045686965119,5.7271173558281205,False,True
92188773-3f97-4ad5-8a84-a8cdbe899b7e,247,53784,iic,seizure,0,LRDA,0,False,11019.4,0,0,1371.9045523685807,bipolar,100.0,0.5-70 Hz,60 Hz,10.0,0.1037990275528492,538.4181584781542,5.752485945474022,5.75824714925386,False,True
92188773-3f97-4ad5-8a84-a8cdbe899b7e,248,86333,lpd,grda,0,Other,0,False,4920.5,0,0,1498.3581254298324,bipolar,100.0,0.5-70 Hz,60 Hz,15.0,0.10412169803156124,530.6494103594362,5.685697298220413,5.743782275453613,False,True
92188773-3f97-4ad5-8a84-a8cdbe899b7e,249,53788,iic,gpd,0,LRDA,0,False,10635.2,0,1,207.56464976601262,bipolar,70.0,0.5-70 Hz,60 Hz,10.0,0.10423039536249329,491.6563843180688,5.670944949605033,5.677094013293814,False,True
92188773-3f97-4ad5-8a84-a8cdbe899b7e,250,55237,lpd,lpd,1,LPD,1,True,4618.6,0,0,726.7697386135692,bipolar,300.0,0.5-70 Hz,60 Hz,15.0,0.1044415968297332,482.49991700596746,5.631740446880478,5.662390640531301,False,True
92188773-3f97-4ad5-8a84-a8cdbe899b7e,251,42519,lpd,lpd,1,LPD,1,True,5690.5,0,1,751.7755021429441,bipolar,70.0,0.5-70 Hz,60 Hz,10.0,0.10456897097041123,460.52658043916693,5.590737775793283,5.623188692683808,False,True
92188773-3f97-4ad5-8a84-a8cdbe899b7e,252,53422,iic,lpd,0,GPD,0,False,11747.5,0,0,214.37622193447734,bipolar,200.0,0.5-70 Hz,60 Hz,10.0,0.10450496082327326,415.6148274055405,5.57372749586206,5.5822281712387145,False,True
92188773-3f97-4ad5-8a84-a8cdbe899b7e,253,88785,lpd,lpd,1,Seizure,0,False,20664.6,0,0,183.80562169833385,laplacian,50.0,0.5-70 Hz,60 Hz,10.0,0.10444321513717153,441.49413665936163,5.637623731880799,5.565157288209806,False,True
92188773-3f97-4ad5-8a84-a8cdbe899b7e,254,87483,lpd,grda,0,GPD,0,False,38450.7,0,1,602.0559145607592,average,200.0,0.5-70 Hz,60 Hz,10.0,0.10464161446437781,422.38741900201785,5.5716103511582435,5.628958851035,False,True
92188773-3f97-4ad5-8a84-a8cdbe899b7e,255,22391,lrda,grda,0,Seizure,0,False,8637.4,0,2,246.6403790499616,bipolar,200.0,0.5-70 Hz,60 Hz,10.0,0.10495654315678749,426.30003229759825,5.569228953055109,5.563018958157988,False,True
92188773-3f97-4ad5-8a84-a8cdbe899b7e,256,24709,lrda,seizure,0,LRDA,1,False,21246.3,0,0,19.162350704276406,bipolar,100.0,0.5-70 Hz,60 Hz,10.0,0.10452971328470612,419.07810635607575,5.549253773692264,5.560396095487498,False,True
92188773-3f97-4ad5-8a84-a8cdbe899b7e,257,88909,lrda,lrda,1,LRDA,1,True,7584.6,0,0,140.0778487486607,bipolar,200.0,0.5-70 Hz,60 Hz,10.0,0.10451492435689252,423.4861712249904,5.497939853712283,5.5408189060981785,False,True
92188773-3f97-4ad5-8a84-a8cdbe899b7e,258,36724,lrda,lrda,1,LRDA,1,True,24847.6,0,0,7.5497828745514735,bipolar,70.0,0.5-70 Hz,60 Hz,10.0,0.10443744250166592,418.01199308433115,5.444047001305119,5.489688564556694,False,True
92188773-3f97-4ad5-8a84-a8cdbe899b7e,259,56529,iic,lpd,0,LRDA,0,False,37283.0,0,1,345.0178991693171,bipolar,100.0,0.5-20 Hz,60 Hz,10.0,0.10434420727544991,369.45977999437366,5.42459812920199,5.435810989512382,False,True
92188773-3f97-4ad5-8a84-a8cdbe899b7e,260,88629,lrda,gpd,0,GRDA,0,False,11813.2,0,0,1345.9457389148565,bipolar,200.0,0.5-70 Hz,60 Hz,10.0,0.1047537079200393,381.91491866639154,5.428392967278322,5.416045343311118,False,True
92188773-3f97-4ad5-8a84-a8cdbe899b7e,261,87764,lrda,seizure,0,GPD,0,False,25944.4,0,0,1411.6940674422196,laplacian,70.0,0.5-70 Hz,60 Hz,10.0,0.10510738193753816,384.650526099696,5.434123848039196,5.419727673030895,False,True
92188773-3f97-4ad5-8a84-a8cdbe899b7e,262,50078,lrda,gpd,0,Seizure,0,False,14596.7,0,0,193.94044815270897,bipolar,100.0,0.5-70 Hz,60 Hz,10.0,0.1054600093346193,376.5036098779127,5.443085780162303,5.42523053058791,False,True
92188773-3f97-4ad5-8a84-a8cdbe899b7e,263,86830,lrda,gpd,0,Other,0,False,5344.3,0,0,21.40120136442378,average,100.0,0.5-70 Hz,60 Hz,10.0,0.1057522360859211,356.88325127361907,5.45489662444064,5.433937344598988,False,True
92188773-3f97-4ad5-8a84-a8cdbe899b7e,264,44589,lrda,gpd,0,LPD,0,False,7399.6,0,0,160.41759873437462,laplacian,100.0,0.5-20 Hz,60 Hz,10.0,0.10602927426996928,326.17602944131096,5.471269849496911,5.44536746186553,False,True
92188773-3f97-4ad5-8a84-a8cdbe899b7e,265,86568,grda,grda,1,Other,0,False,5621.6,0,3,464.3844060339904,laplacian,100.0,0.5-70 Hz,60 Hz,10.0,0.10647416822504341,305.49689314798565,5.500226622549887,5.46213148377154,False,True
92188773-3f97-4ad5-8a84-a8cdbe899b7e,266,88087,lrda,seizure,0,GRDA,0,False,9276.5,0,1,1083.14445151659,average,300.0,0.5-70 Hz,60 Hz,15.0,0.10711309321333112,599.9999999999999,5.448114126600632,5.489911063543395,True,True
92188773-3f97-4ad5-8a84-a8cdbe899b7e,267,10876,spike,spike,1,No (no spike),0,False,12706.4,0,1,12.778221742055154,laplacian,100.0,0.5-70 Hz,60 Hz,10.0,0.1017077696555454,579.7001938018482,5.45377848652852,5.43786204666999,False,True
92188773-3f97-4ad5-8a84-a8cdbe899b7e,268,16356,spike,spike,0,Yes (spike present),1,False,7534.9,0,1,121.37923725137328,bipolar,100.0,0.5-70 Hz,60 Hz,10.0,0.09987902852945268,558.4661886355342,5.446050539365188,5.4432862464847815,False,True
92188773-3f97-4ad5-8a84-a8cdbe899b7e,269,87726,gpd,lrda,0,GPD,1,False,4408.9,0,1,229.77252315868148,bipolar,70.0,0.5-70 Hz,60 Hz,10.0,0.09938844955495285,543.4596564122195,5.458822325194893,5.436772322211446,False,True
92188773-3f97-4ad5-8a84-a8cdbe899b7e,270,37451,gpd,gpd,1,LRDA,0,False,2844.5,0,0,68.57485446752261,laplacian,200.0,0.5-70 Hz,60 Hz,10.0,0.10011706896602712,523.5203760522186,5.515856294731767,5.449590008594494,False,True
92188773-3f97-4ad5-8a84-a8cdbe899b7e,271,21118,iic,other,1,LPD,0,False,20953.2,0,4,1219.901246524054,bipolar,100.0,0.5-20 Hz,60 Hz,10.0,0.10068931087140137,477.5780913668718,5.479723425610442,5.50671729075792,False,True
92188773-3f97-4ad5-8a84-a8cdbe899b7e,272,36175,iic,other,1,Other,1,True,8787.7,0,0,252.43064194419873,laplacian,100.0,0.5-70 Hz,60 Hz,15.0,0.09987497922498106,503.26773511348574,5.483190649661068,5.470694821843318,False,True
92188773-3f97-4ad5-8a84-a8cdbe899b7e,273,38614,lrda,gpd,0,LPD,0,False,5696.1,0,1,225.88047612628438,bipolar,100.0,0.5-70 Hz,60 Hz,10.0,0.10073713913464921,496.305614204663,5.464076224587555,5.474423504030659,False,True
92188773-3f97-4ad5-8a84-a8cdbe899b7e,274,62063,lrda,gpd,0,LRDA,1,False,16611.3,0,1,27.39430333428038,average,100.0,0.5-70 Hz,60 Hz,10.0,0.09902785478447362,501.25570075994324,5.469403034695961,5.45509365168045,False,True
92188773-3f97-4ad5-8a84-a8cdbe899b7e,275,39687,iic,lpd,0,LRDA,0,False,7983.2,0,0,1255.8464876301105,bipolar,70.0,0.5-70 Hz,60 Hz,10.0,0.09894656405583968,490.5734895810644,5.429264571904579,5.460920051637326,False,True
92188773-3f97-4ad5-8a84-a8cdbe899b7e,276,15897,spike,spike,1,Yes (spike present),1,True,18225.4,0,0,175.54689261748757,average,100.0,0.5-70 Hz,60 Hz,10.0,0.09764456064771943,503.22248897455484,5.416033788581634,5.42110444645437,False,True
92188773-3f97-4ad5-8a84-a8cdbe899b7e,277,15491,spike,spike,1,Yes (spike present),1,True,11821.2,0,1,354.8548294519453,bipolar,300.0,0.5-70 Hz,60 Hz,10.0,0.09785464825765744,506.9457278084275,5.405341567258363,5.4077286092918655,False,True
92188773-3f97-4ad5-8a84-a8cdbe899b7e,278,11159,spike,spike,1,No (no spike),0,False,6239.0,0,1,1358.7488715126058,bipolar,70.0,0.5-70 Hz,60 Hz,10.0,0.09834500460438927,494.6104677631195,5.395458608607323,5.3968689026228205,False,True
92188773-3f97-4ad5-8a84-a8cdbe899b7e,279,53095,iic,other,1,Other,1,True,9997.7,0,1,1069.4485292021793,bipolar,70.0,0.5-70 Hz,60 Hz,10.0,0.0984741456182987,509.81539297784036,5.397655932507091,5.387368246462497,False,True
92188773-3f97-4ad5-8a84-a8cdbe899b7e,280,70657,iic,seizure,0,LPD,0,False,20303.0,0,2,877.8491354661612,laplacian,70.0,0.5-70 Hz,60 Hz,10.0,0.09845449115389532,487.50265297936323,5.358765109885377,5.389620806024027,False,True
92188773-3f97-4ad5-8a84-a8cdbe899b7e,281,13506,spike,spike,0,No (no spike),0,True,60154.8,0,0,16.108285300177883,average,100.0,0.5-70 Hz,60 Hz,10.0,0.10071080624381518,498.542056787409,5.358592014710913,5.351083233808313,False,True
92188773-3f97-4ad5-8a84-a8cdbe899b7e,282,14059,spike,spike,0,No (no spike),0,True,3548.7,0,1,15.427461714819948,bipolar,70.0,0.5-70 Hz,60 Hz,10.0,0.10151634013373428,499.48126737231956,5.3551595137123345,5.350661827165949,False,True
92188773-3f97-4ad5-8a84-a8cdbe899b7e,283,15154,spike,spike,0,Yes (spike present),1,False,2469.9,0,0,787.4640370647033,bipolar,100.0,0.5-20 Hz,60 Hz,10.0,0.09933595247372295,490.3459969306717,5.345737318321775,5.34686572077832,False,True
92188773-3f97-4ad5-8a84-a8cdbe899b7e,284,86798,lrda,seizure,0,GRDA,0,False,2341.5,0,1,19.78166420309172,bipolar,70.0,0.5-70 Hz,60 Hz,15.0,0.100018023683412,488.7873031214711,5.3251862257917,5.338068675838807,False,True
92188773-3f97-4ad5-8a84-a8cdbe899b7e,285,53742,lrda,gpd,0,GRDA,0,False,2284.6,0,2,163.12186160338737,bipolar,70.0,0.5-20 Hz,60 Hz,10.0,0.10086968781131744,476.3516795768519,5.305406824457169,5.317420961240456,False,True
92188773-3f97-4ad5-8a84-a8cdbe899b7e,286,67545,lrda,gpd,0,LRDA,1,False,8763.0,0,2,135.62759703254366,laplacian,100.0,0.5-70 Hz,60 Hz,10.0,0.09932103064501002,488.5474910154349,5.313345036459101,5.2975784279646465,False,True
92188773-3f97-4ad5-8a84-a8cdbe899b7e,287,37894,iic,gpd,0,LPD,0,False,3635.2,0,0,1027.6601943174453,bipolar,100.0,0.5-70 Hz,60 Hz,10.0,0.09951414976315837,454.7582420452269,5.2745818479419215,5.305878471712848,False,True
92188773-3f97-4ad5-8a84-a8cdbe899b7e,288,12664,spike,spike,1,Yes (spike present),1,True,6194.5,0,0,130.49569625802306,bipolar,200.0,0.5-70 Hz,60 Hz,10.0,0.097945728722312,465.21021041013387,5.260354802745942,5.267123417889277,False,True
92188773-3f97-4ad5-8a84-a8cdbe899b7e,289,9345,spike,spike,1,No (no spike),0,False,5020.5,0,0,622.6901993187754,laplacian,100.0,0.5-70 Hz,60 Hz,10.0,0.10088068819519536,445.9739852065628,5.256762522862559,5.252729953890277,False,True
92188773-3f97-4ad5-8a84-a8cdbe899b7e,290,87770,gpd,gpd,1,GPD,1,True,12463.0,0,0,28.687929241679953,average,70.0,0.5-70 Hz,60 Hz,10.0,0.0994657049765531,462.7038954791382,5.228185722860882,5.249472033405027,False,True
92188773-3f97-4ad5-8a84-a8cdbe899b7e,291,85222,gpd,gpd,1,GPD,1,True,8913.8,0,0,24.575694397848157,bipolar,100.0,0.5-70 Hz,60 Hz,10.0,0.09795325602456206,469.87096998844044,5.200623755551125,5.220802573776951,False,True
92188773-3f97-4ad5-8a84-a8cdbe899b7e,292,37805,gpd,gpd,1,GPD,1,True,11537.4,0,1,264.53000810992285,bipolar,70.0,0.5-70 Hz,60 Hz,10.0,0.09692513402358555,466.40751994405167,5.1738655988010365,5.193062784608838,False,True
92188773-3f97-4ad5-8a84-a8cdbe899b7e,293,86531,gpd,gpd,1,GPD,1,True,47354.5,0,1,137.56368409396146,bipolar,300.0,0.5-70 Hz,60 Hz,15.0,0.09729420168702446,452.0532894394078,5.1482740922817705,5.166192472700088,False,True
92188773-3f97-4ad5-8a84-a8cdbe899b7e,294,52268,gpd,gpd,1,GPD,1,True,2901.0,0,0,265.2477924934414,bipolar,200.0,0.5-70 Hz,60 Hz,10.0,0.09780245653132597,427.68974479640025,5.124354835346032,5.140549520711804,False,True
92188773-3f97-4ad5-8a84-a8cdbe899b7e,295,40046,iic,lpd,0,GRDA,0,False,1732.7,0,0,928.4271625178365,bipolar,70.0,0.5-70 Hz,60 Hz,10.0,0.09798037553348521,392.6263231103407,5.104342296100096,5.116574667028882,False,True
92188773-3f97-4ad5-8a84-a8cdbe899b7e,296,88892,gpd,gpd,1,GPD,1,True,10982.8,0,1,170.47347727787766,bipolar,100.0,0.5-70 Hz,60 Hz,10.0,0.09888655716136596,361.5914466156391,5.08568588618657,5.096551133161468,False,True
92188773-3f97-4ad5-8a84-a8cdbe899b7e,297,88156,gpd,gpd,1,GPD,1,True,14519.7,0,0,538.973588994747,average,200.0,0.5-70 Hz,60 Hz,15.0,0.09911722116012633,324.62772494981675,5.069166945414505,5.077884331790485,False,True
92188773-3f97-4ad5-8a84-a8cdbe899b7e,298,12134,spike,spike,1,No (no spike),0,False,8755.4,0,2,1252.2180314769587,bipolar,100.0,0.5-70 Hz,60 Hz,10.0,0.09704540452181681,309.53444944084083,5.0688814931446995,5.061253001380166,False,True
92188773-3f97-4ad5-8a84-a8cdbe899b7e,299,173,spike,spike,0,No (no spike),0,True,4023.0,0,1,171.21100459696655,average,100.0,0.5-70 Hz,60 Hz,10.0,0.09885939676051597,309.8581415095974,5.075153279200274,5.060647017819809,False,True
92188773-3f97-4ad5-8a84-a8cdbe899b7e,300,2733,spike,spike,0,Yes (spike present),1,False,2192.4,0,0,16.935235470887967,laplacian,100.0,0.5-70 Hz,60 Hz,10.0,0.09720473805086294,307.26855203180617,5.053417399656253,5.0670153788404475,False,True
92188773-3f97-4ad5-8a84-a8cdbe899b7e,301,69204,iic,seizure,0,LPD,0,False,1188.4,0,0,21.985929550084858,bipolar,200.0,0.5-70 Hz,60 Hz,10.0,0.09631260795525692,599.9999999999999,4.819736454904229,5.0455928374651275,True,True
92188773-3f97-4ad5-8a84-a8cdbe899b7e,302,46931,gpd,gpd,1,GPD,1,True,2245.6,0,1,631.8807216785635,bipolar,70.0,0.5-20 Hz,60 Hz,10.0,0.09639159855787943,592.3184177038682,4.788011119908174,4.812382906832373,False,True
92188773-3f97-4ad5-8a84-a8cdbe899b7e,303,61766,grda,lrda,0,LPD,0,False,4424.2,0,0,1116.1327500090001,bipolar,100.0,0.5-70 Hz,60 Hz,10.0,0.09638568171131362,587.1916324843521,4.764013847185778,4.780755723828735,False,True
92188773-3f97-4ad5-8a84-a8cdbe899b7e,304,52522,grda,lpd,0,GRDA,1,False,2284.8,0,1,1055.3597382103712,average,70.0,0.5-70 Hz,60 Hz,10.0,0.09639519073528618,590.7664489369952,4.783769491576447,4.756344601627136,False,True
92188773-3f97-4ad5-8a84-a8cdbe899b7e,305,54303,gpd,gpd,1,GPD,1,True,3310.1,0,0,17.82944842061042,laplacian,200.0,0.5-70 Hz,60 Hz,15.0,0.0964053659851643,568.879457321122,4.752301222163415,4.776792966381754,False,True
92188773-3f97-4ad5-8a84-a8cdbe899b7e,306,86763,gpd,lrda,0,GPD,1,False,6707.0,0,1,763.5683411092907,average,100.0,0.5-70 Hz,60 Hz,15.0,0.09627237917599735,550.3135816352461,4.764496722868,4.74523004119394,False,True
92188773-3f97-4ad5-8a84-a8cdbe899b7e,307,63732,iic,other,1,Other,1,True,4624.8,0,0,19.397374434634738,bipolar,200.0,0.5-70 Hz,60 Hz,10.0,0.09628228917021808,538.6005317027879,4.763379502718843,4.75732090077006,False,True
92188773-3f97-4ad5-8a84-a8cdbe899b7e,308,49249,gpd,gpd,1,Other,0,False,5717.4,0,1,1039.8533558831175,average,100.0,0.5-70 Hz,60 Hz,10.0,0.09599612844728517,578.0031324186481,4.812910388323083,4.756233465531789,False,True
92188773-3f97-4ad5-8a84-a8cdbe899b7e,309,65672,sz,grda,0,GPD,0,False,4421.6,0,1,961.2646299631429,bipolar,100.0,0.5-70 Hz,60 Hz,10.0,0.09576583143983347,573.1601688310299,4.8042006193502225,4.806243388870318,False,True
92188773-3f97-4ad5-8a84-a8cdbe899b7e,310,89061,gpd,gpd,1,GPD,1,True,2259.7,0,2,962.371989985865,average,100.0,0.5-70 Hz,60 Hz,10.0,0.09618777059521721,562.8202563340056,4.774187784810373,4.797522379163095,False,True
92188773-3f97-4ad5-8a84-a8cdbe899b7e,311,45851,grda,gpd,0,GRDA,1,False,2583.6,0,3,1190.3463391330483,average,70.0,0.5-20 Hz,60 Hz,10.0,0.09617733799978911,544.7509125706533,4.788316961140397,4.767528934793102,False,True
92188773-3f97-4ad5-8a84-a8cdbe899b7e,312,68983,sz,grda,0,Seizure,1,False,2079.8,0,0,831.8227035285475,average,200.0,0.5-70 Hz,60 Hz,10.0,0.09641413791154807,541.1072237557004,4.776767796589972,4.781598577816139,False,True
92188773-3f97-4ad5-8a84-a8cdbe899b7e,313,87283,lpd,lpd,1,LPD,1,True,14239.2,0,2,646.4125645361169,bipolar,100.0,0.5-70 Hz,60 Hz,10.0,0.09525211976112385,529.5984789648287,4.75828570266173,4.769979832389898,False,True
92188773-3f97-4ad5-8a84-a8cdbe899b7e,314,44861,lpd,lpd,1,LPD,1,True,15686.8,0,1,186.86225818692566,bipolar,100.0,0.5-70 Hz,60 Hz,10.0,0.09489134540471139,504.0192250032282,4.742118993559418,4.751510559150523,False,True
92188773-3f97-4ad5-8a84-a8cdbe899b7e,315,62669,lpd,lpd,1,GPD,0,False,3149.1,0,1,1177.6053078654047,average,100.0,0.5-70 Hz,60 Hz,10.0,0.09369080892425774,540.7581594023476,4.750391192542928,4.735250956729269,False,True
92188773-3f97-4ad5-8a84-a8cdbe899b7e,316,87290,gpd,gpd,1,GPD,1,True,5614.5,0,0,1166.4899176536346,bipolar,200.0,0.5-70 Hz,60 Hz,10.0,0.09379049003988887,518.6267435592241,4.715402941075014,4.743974887303425,False,True
92188773-3f97-4ad5-8a84-a8cdbe899b7e,317,47385,iic,other,1,GRDA,0,False,2514.2,0,0,1085.5015817405865,bipolar,50.0,0.5-70 Hz,60 Hz,10.0,0.09518628177981397,522.3372953567002,4.70150893036701,4.708955285583846,False,True
92188773-3f97-4ad5-8a84-a8cdbe899b7e,318,49329,iic,other,1,Other,1,True,6712.9,0,1,1041.4666561099793,average,100.0,0.5-70 Hz,60 Hz,10.0,0.09454903019069977,529.6444197504851,4.69970155824123,4.695169352714754,False,True
92188773-3f97-4ad5-8a84-a8cdbe899b7e,319,85180,sz,lpd,0,Other,0,False,6270.1,0,1,26.115967123450897,bipolar,200.0,0.5-20 Hz,60 Hz,10.0,0.0947781807207223,536.6868367216177,4.692450531483847,4.693636338530811,False,True
92188773-3f97-4ad5-8a84-a8cdbe899b7e,320,65399,iic,other,1,Other,1,True,3403.2,0,1,134.78712723160513,bipolar,200.0,0.5-70 Hz,60 Hz,10.0,0.0937071139838101,533.5118191703674,4.692585465896442,4.6863961157715925,False,True
92188773-3f97-4ad5-8a84-a8cdbe899b7e,321,87083,gpd,grda,0,Seizure,0,False,12413.9,0,1,18.53995103803139,bipolar,70.0,0.5-70 Hz,60 Hz,10.0,0.09423848363843051,549.2420363474749,4.672583343958337,4.686546187663879,False,True
92188773-3f97-4ad5-8a84-a8cdbe899b7e,322,41440,gpd,lpd,0,GPD,1,False,13381.0,0,0,886.7029935546539,bipolar,200.0,0.5-70 Hz,60 Hz,10.0,0.09355666237687099,528.5730408477333,4.684077044429138,4.666392756396105,False,True
92188773-3f97-4ad5-8a84-a8cdbe899b7e,323,5962,spike,spike,1,Yes (spike present),1,True,32976.6,0,1,14.567126231569437,average,70.0,0.5-70 Hz,60 Hz,10.0,0.09344042717639328,526.8243865265566,4.688447221141615,4.678055967408388,False,True
92188773-3f97-4ad5-8a84-a8cdbe899b7e,324,10305,spike,spike,1,Yes (spike present),1,True,7864.8,0,1,848.5227171904954,bipolar,70.0,0.5-70 Hz,60 Hz,10.0,0.09433379285642163,514.3632092870323,4.6953491206543685,4.6823053391914025,False,True
92188773-3f97-4ad5-8a84-a8cdbe899b7e,325,17207,spike,spike,1,No (no spike),0,False,7792.5,0,0,263.07690094618084,bipolar,100.0,0.5-70 Hz,60 Hz,10.0,0.0934092510558498,528.539755572135,4.666655037723448,4.689217733415041,False,True
92188773-3f97-4ad5-8a84-a8cdbe899b7e,326,51200,sz,lrda,0,Seizure,1,False,9621.9,0,1,1091.6566818410524,average,100.0,0.5-70 Hz,60 Hz,10.0,0.0920040257001507,505.77962672821036,4.660742638116521,4.660683111584905,False,True
92188773-3f97-4ad5-8a84-a8cdbe899b7e,327,46782,gpd,gpd,1,GPD,1,True,2531.6,0,0,15.72986692751122,average,100.0,0.5-70 Hz,60 Hz,10.0,0.09232906176756217,477.74846688051787,4.625360748766798,4.654766154972028,False,True
92188773-3f97-4ad5-8a84-a8cdbe899b7e,328,68388,lrda,lrda,1,LRDA,1,True,2570.4,0,1,29.274005931795347,bipolar,50.0,0.5-70 Hz,60 Hz,15.0,0.09440066506143047,471.29605358595313,4.608883496393963,4.619454093926837,False,True
92188773-3f97-4ad5-8a84-a8cdbe899b7e,329,44995,lpd,lpd,1,LPD,1,True,24452.8,0,0,15.262258589866208,bipolar,300.0,0.5-70 Hz,60 Hz,10.0,0.09271901414576483,457.3861324783273,4.590790969984332,4.602856939343062,False,True
92188773-3f97-4ad5-8a84-a8cdbe899b7e,330,41527,lpd,lpd,1,LPD,1,True,29370.8,0,0,848.4911198598945,bipolar,70.0,0.5-20 Hz,60 Hz,10.0,0.09401668633019478,434.04863944339553,4.575267267257514,4.584738551742567,False,True
92188773-3f97-4ad5-8a84-a8cdbe899b7e,331,52207,lrda,lrda,1,LRDA,1,True,3252.7,0,2,138.68354742343047,bipolar,100.0,0.5-70 Hz,60 Hz,10.0,0.09400093932245418,410.4270026270224,4.555588460994464,4.569144101086817,False,True
92188773-3f97-4ad5-8a84-a8cdbe899b7e,332,88496,lpd,lpd,1,LPD,1,True,11731.9,0,3,176.1093976182798,bipolar,100.0,0.5-70 Hz,60 Hz,10.0,0.09521912860413617,378.12957478647934,4.541775623600333,4.549261751839306,False,True
92188773-3f97-4ad5-8a84-a8cdbe899b7e,333,47424,lpd,lpd,1,LPD,1,True,18358.3,0,2,965.220124812779,bipolar,200.0,0.5-70 Hz,60 Hz,10.0,0.09703099297806939,341.1658160973363,4.531015836922396,4.535398200289114,False,True
92188773-3f97-4ad5-8a84-a8cdbe899b7e,334,50630,lpd,lpd,1,LPD,1,True,31931.8,0,1,1222.493454106477,bipolar,50.0,0.5-20 Hz,60 Hz,10.0,0.09713280872376712,301.99199705235907,4.522804624421312,4.524581415158497,False,True
92188773-3f97-4ad5-8a84-a8cdbe899b7e,335,88189,lrda,lrda,1,LRDA,1,True,4640.8,0,0,255.81120365898784,bipolar,200.0,0.5-70 Hz,60 Hz,10.0,0.0910737345474758,599.9999999999999,4.457051615844377,4.516180753089489,True,True
92188773-3f97-4ad5-8a84-a8cdbe899b7e,336,41050,gpd,grda,0,LPD,0,False,5286.5,0,0,146.57653082727185,bipolar,100.0,0.5-70 Hz,60 Hz,15.0,0.09116000915857986,591.3382208995224,4.444554869568666,4.449029940602827,False,True
92188773-3f97-4ad5-8a84-a8cdbe899b7e,337,85309,gpd,seizure,0,GPD,1,False,31760.5,0,0,1029.9914539527485,bipolar,200.0,0.5-70 Hz,60 Hz,10.0,0.09101174709711485,599.3879286833791,4.441846421013766,4.436686102492173,False,True
92188773-3f97-4ad5-8a84-a8cdbe899b7e,338,51824,gpd,lpd,0,Other,0,False,2856.0,0,0,17.24175860480419,bipolar,100.0,0.5-70 Hz,60 Hz,10.0,0.09115717896274195,594.1265367020218,4.429177209821601,4.434394022484034,False,True
92188773-3f97-4ad5-8a84-a8cdbe899b7e,339,88393,gpd,lrda,0,LPD,0,False,5666.1,0,2,94.82962367981105,bipolar,50.0,0.5-70 Hz,60 Hz,10.0,0.09150629938996163,574.1720441015335,4.416919220860972,4.421882171306757,False,True
92188773-3f97-4ad5-8a84-a8cdbe899b7e,340,47245,gpd,seizure,0,GPD,1,False,6565.2,0,1,1054.7308044479717,bipolar,200.0,0.5-70 Hz,60 Hz,10.0,0.09114386400482871,595.0141700072,4.413826216562892,4.409804808091877,False,True
92188773-3f97-4ad5-8a84-a8cdbe899b7e,341,38604,iic,gpd,0,GRDA,0,False,10614.9,0,0,991.6953937745516,bipolar,200.0,0.5-70 Hz,60 Hz,10.0,0.09126237310992447,586.7467086390565,4.3821886259280465,4.4075615150452885,False,True
92188773-3f97-4ad5-8a84-a8cdbe899b7e,342,87920,gpd,seizure,0,LPD,0,False,9507.3,0,2,528.0784027739594,average,100.0,0.5-70 Hz,60 Hz,10.0,0.09159979626145537,571.1951233891358,4.367224084019718,4.375475602512101,False,True
92188773-3f97-4ad5-8a84-a8cdbe899b7e,343,88194,gpd,lpd,0,GPD,1,False,15517.0,0,0,1050.947333398343,bipolar,200.0,0.5-70 Hz,60 Hz,10.0,0.09124219437213676,586.3001003194629,4.36967601026012,4.360689576800637,False,True
92188773-3f97-4ad5-8a84-a8cdbe899b7e,344,86795,gpd,seizure,0,GPD,1,False,2937.4,0,1,496.4252528784311,bipolar,100.0,0.5-70 Hz,60 Hz,15.0,0.09077149062334272,584.8146508850865,4.3730074846698015,4.363346986155713,False,True
92188773-3f97-4ad5-8a84-a8cdbe899b7e,345,45464,gpd,lpd,0,LRDA,0,False,2017.8,0,1,1249.4359657455084,average,200.0,0.5-70 Hz,60 Hz,10.0,0.09122019528287895,585.1067440226811,4.358421627101355,4.366866819030385,False,True
92188773-3f97-4ad5-8a84-a8cdbe899b7e,346,55766,iic,lpd,0,LRDA,0,False,2222.3,0,2,13.51943258645745,bipolar,100.0,0.5-70 Hz,60 Hz,10.0,0.09126317090212666,561.9998456117196,4.329399915668851,4.352278464957173,False,True
92188773-3f97-4ad5-8a84-a8cdbe899b7e,347,2657,spike,spike,0,No (no spike),0,True,9951.8,0,2,772.9381744007885,bipolar,300.0,0.5-70 Hz,60 Hz,10.0,0.09172659581435805,556.7809245158837,4.3295003108114045,4.3233397566905545,False,True
92188773-3f97-4ad5-8a84-a8cdbe899b7e,348,14287,spike,spike,0,Yes (spike present),1,False,2978.0,0,2,152.11972667009255,bipolar,100.0,0.5-70 Hz,60 Hz,10.0,0.09131429752329079,559.8487333122657,4.313673821440117,4.323142272952341,False,True
92188773-3f97-4ad5-8a84-a8cdbe899b7e,349,56466,iic,lpd,0,GPD,0,False,2803.6,0,0,485.13997376599775,bipolar,100.0,0.5-70 Hz,60 Hz,10.0,0.09130695812196976,525.4513659386171,4.285229260939456,4.30779046264062,False,True
92188773-3f97-4ad5-8a84-a8cdbe899b7e,350,88515,gpd,grda,0,Seizure,0,False,2374.7,0,0,692.6516662751706,average,100.0,0.5-70 Hz,60 Hz,10.0,0.0915584394778507,515.1109720639093,4.265990989352796,4.2794350330201425,False,True
92188773-3f97-4ad5-8a84-a8cdbe899b7e,351,85544,iic,grda,0,GPD,0,False,3356.1,0,1,21.169195971448733,bipolar,50.0,0.5-70 Hz,60 Hz,10.0,0.09155919187820699,474.731817536646,4.236282095009862,4.260280055284072,False,True
92188773-3f97-4ad5-8a84-a8cdbe899b7e,352,26068,gpd,seizure,0,LPD,0,False,7168.6,0,1,842.9037519669891,bipolar,200.0,0.5-70 Hz,60 Hz,10.0,0.0918228934841604,457.5116134667762,4.215073425849685,4.230772530807175,False,True
92188773-3f97-4ad5-8a84-a8cdbe899b7e,353,2001,spike,spike,0,No (no spike),0,True,4294.6,0,0,1069.5055741308524,average,200.0,0.5-70 Hz,60 Hz,10.0,0.09199388318564083,459.85130068668394,4.211806417556035,4.209516974662941,False,True
92188773-3f97-4ad5-8a84-a8cdbe899b7e,354,63378,iic,lpd,0,GRDA,0,False,4390.2,0,1,150.3638752154569,bipolar,200.0,0.5-70 Hz,60 Hz,10.0,0.09040488826979615,414.5642120929168,4.181737780874001,4.206239525187206,False,True
92188773-3f97-4ad5-8a84-a8cdbe899b7e,355,2824,spike,spike,0,Yes (spike present),1,False,7316.1,0,0,15.817540059990998,bipolar,100.0,0.5-70 Hz,60 Hz,10.0,0.09134643112562452,409.3653608323421,4.168056570048653,4.1762929102963415,False,True
92188773-3f97-4ad5-8a84-a8cdbe899b7e,356,34589,lrda,seizure,0,Other,0,False,3206.7,0,1,17.36193355954474,bipolar,70.0,0.5-70 Hz,60 Hz,15.0,0.09319286664303805,408.90631200802335,4.124790785324607,4.162670622915636,False,True
92188773-3f97-4ad5-8a84-a8cdbe899b7e,357,86445,lrda,grda,0,Seizure,0,False,6712.4,0,0,6.798821965195039,bipolar,100.0,0.5-20 Hz,60 Hz,15.0,0.0966513613354299,399.6680767910069,4.081337780453772,4.119567563495586,False,True
92188773-3f97-4ad5-8a84-a8cdbe899b7e,358,63709,gpd,other,0,LPD,0,False,2659.6,0,0,27.27645845109803,bipolar,200.0,0.5-70 Hz,60 Hz,10.0,0.09706073564478479,378.8880138541548,4.058418889646857,4.076178607541614,False,True
92188773-3f97-4ad5-8a84-a8cdbe899b7e,359,45043,lpd,lpd,1,GPD,0,False,5974.0,0,1,156.8110683113075,bipolar,70.0,0.5-70 Hz,60 Hz,10.0,0.09793895718581391,360.93952340893054,4.0643195813594915,4.053310418197734,False,True
92188773-3f97-4ad5-8a84-a8cdbe899b7e,360,13226,spike,spike,1,No (no spike),0,False,4775.3,0,0,125.49902248213694,average,200.0,0.5-70 Hz,60 Hz,10.0,0.0961768237857401,359.4972551836966,4.062128484290936,4.059275372041171,False,True
92188773-3f97-4ad5-8a84-a8cdbe899b7e,361,63289,lpd,lpd,1,GPD,0,False,2845.5,0,1,133.99780950077601,average,70.0,0.5-70 Hz,60 Hz,10.0,0.0966590012815014,315.5055749445253,4.080170278166865,4.057066923207779,False,True
92188773-3f97-4ad5-8a84-a8cdbe899b7e,362,67854,lpd,grda,0,LPD,1,False,14470.8,0,0,251.3715658997959,bipolar,100.0,0.5-70 Hz,60 Hz,10.0,0.09922141132502055,314.70399998763367,4.091284430531177,4.074826089688461,False,True
92188773-3f97-4ad5-8a84-a8cdbe899b7e,363,88483,grda,seizure,0,LRDA,0,False,10562.7,0,0,27.64416184916305,bipolar,70.0,0.5-70 Hz,60 Hz,10.0,0.0989721382453948,307.2468457600683,4.098010140759566,4.086192099695145,False,True
92188773-3f97-4ad5-8a84-a8cdbe899b7e,364,39281,grda,seizure,0,GRDA,1,False,12163.2,0,0,145.5619016193518,bipolar,200.0,0.5-70 Hz,60 Hz,10.0,0.09929760122633768,315.9255269690091,4.073166147024669,4.092241597351635,False,True
92188773-3f97-4ad5-8a84-a8cdbe899b7e,365,37440,lrda,gpd,0,LRDA,1,False,11473.7,0,0,997.7926074148811,bipolar,100.0,0.5-70 Hz,60 Hz,10.0,0.09138242702480565,328.52350934113406,4.119618840280147,4.068130592058223,False,True
92188773-3f97-4ad5-8a84-a8cdbe899b7e,366,36902,gpd,lrda,0,Seizure,0,False,6117.3,0,3,19.819550158813403,bipolar,70.0,0.5-70 Hz,60 Hz,10.0,0.09152948502585678,304.0593225880903,4.104804083993999,4.114514125296022,False,True
92188773-3f97-4ad5-8a84-a8cdbe899b7e,367,17208,spike,spike,0,No (no spike),0,True,3373.7,0,1,117.1849598120287,laplacian,100.0,0.5-20 Hz,60 Hz,10.0,0.09327773119854105,308.0624157265652,4.092338671105864,4.099818777305762,False,True
92188773-3f97-4ad5-8a84-a8cdbe899b7e,368,4695,spike,spike,0,No (no spike),0,True,3584.2,0,1,30.773863866865636,bipolar,70.0,0.5-20 Hz,60 Hz,10.0,0.09351474417170985,306.71198078160205,4.084309203961153,4.087410891716297,False,True
92188773-3f97-4ad5-8a84-a8cdbe899b7e,369,3565,spike,spike,0,No (no spike),0,True,4978.4,0,0,19.814510702920703,bipolar,300.0,0.5-70 Hz,60 Hz,10.0,0.09368947318430093,300.4141848541549,4.079536387277836,4.079370785168963,False,True
92188773-3f97-4ad5-8a84-a8cdbe899b7e,370,51681,grda,lrda,0,LPD,0,False,12991.8,0,0,132.23116373109147,average,70.0,0.5-70 Hz,60 Hz,10.0,0.09426249681884658,599.9999999999999,4.090659050939119,4.074578204248971,True,True
92188773-3f97-4ad5-8a84-a8cdbe899b7e,371,84837,sz,grda,0,Seizure,1,False,11150.2,0,0,823.8267477148614,bipolar,100.0,0.5-70 Hz,60 Hz,10.0,0.09073833454561314,580.4115055294368,4.117348037238021,4.085175614151056,False,True
92188773-3f97-4ad5-8a84-a8cdbe899b7e,372,3688,spike,spike,0,No (no spike),0,True,8585.6,0,0,13.568317408233789,bipolar,70.0,0.5-70 Hz,60 Hz,15.0,0.09070180510958803,575.4673908684722,4.113485333360744,4.11203039666666,False,True
92188773-3f97-4ad5-8a84-a8cdbe899b7e,373,6130,spike,spike,0,Yes (spike present),1,False,14468.4,0,0,171.70103638267892,laplacian,70.0,0.5-70 Hz,60 Hz,10.0,0.09095372664482004,579.4472619964829,4.105735745007594,4.108028111619822,False,True
92188773-3f97-4ad5-8a84-a8cdbe899b7e,374,3029,spike,spike,0,Yes (spike present),1,False,3016.8,0,0,1198.5237880361074,average,100.0,0.5-70 Hz,60 Hz,10.0,0.09146615926658297,566.6163449462907,4.099633462632751,4.100802698279866,False,True
92188773-3f97-4ad5-8a84-a8cdbe899b7e,375,87700,gpd,grda,0,GPD,1,False,13745.6,0,0,20.58456657827768,bipolar,100.0,0.5-70 Hz,60 Hz,10.0,0.09129412234484663,552.6812698769409,4.127837605237591,4.094747299965391,False,True
92188773-3f97-4ad5-8a84-a8cdbe899b7e,376,13612,spike,spike,1,Yes (spike present),1,True,7871.1,0,0,1015.2643683061535,average,200.0,0.5-70 Hz,60 Hz,10.0,0.09159368557672115,536.5296946085087,4.113407890781692,4.122889156946531,False,True
92188773-3f97-4ad5-8a84-a8cdbe899b7e,377,9649,spike,spike,1,No (no spike),0,False,2473.2,0,0,143.58547126290873,bipolar,100.0,0.5-70 Hz,60 Hz,10.0,0.09121363771257995,554.5024243167081,4.121564977134942,4.108456009731489,False,True
92188773-3f97-4ad5-8a84-a8cdbe899b7e,378,56486,sz,grda,0,Seizure,1,False,5855.7,0,1,479.92797658834456,bipolar,100.0,0.5-70 Hz,60 Hz,15.0,0.08941677413110782,510.4456109659994,4.144751558903266,4.116733695709342,False,True
92188773-3f97-4ad5-8a84-a8cdbe899b7e,379,5496,spike,spike,1,No (no spike),0,False,4455.4,0,2,76.61073411167115,laplacian,100.0,0.5-20 Hz,60 Hz,10.0,0.08920896384809862,514.1802029528114,4.1521086645685825,4.139909696769017,False,True
92188773-3f97-4ad5-8a84-a8cdbe899b7e,380,88659,grda,grda,1,GPD,0,False,8597.5,0,2,160.99185068079373,laplacian,300.0,0.5-70 Hz,60 Hz,10.0,0.08964424769734558,501.05524351031437,4.199668132778417,4.1472849930222475,False,True
92188773-3f97-4ad5-8a84-a8cdbe899b7e,381,70791,grda,gpd,0,Seizure,0,False,1755.5,0,0,155.1238440324249,bipolar,200.0,0.5-70 Hz,60 Hz,10.0,0.08973615580750616,498.7800575729449,4.18417018555576,4.194730587884781,False,True
92188773-3f97-4ad5-8a84-a8cdbe899b7e,382,68092,grda,lpd,0,GRDA,1,False,14914.8,0,1,936.233006885874,bipolar,100.0,0.5-70 Hz,60 Hz,10.0,0.08961787003853688,500.09168278396413,4.1935710563593895,4.1788453468740405,False,True
92188773-3f97-4ad5-8a84-a8cdbe899b7e,383,84888,lrda,lrda,1,LRDA,1,True,5120.8,0,1,277.575279635572,bipolar,100.0,0.5-70 Hz,60 Hz,10.0,0.08983676927902601,497.08714946421776,4.178917191262089,4.188737618548677,False,True
92188773-3f97-4ad5-8a84-a8cdbe899b7e,384,88045,lpd,seizure,0,LPD,1,False,3066.0,0,1,1149.0358641900652,bipolar,70.0,0.5-70 Hz,60 Hz,10.0,0.091073361993526,479.05449533616684,4.20784348854027,4.174213027741894,False,True
92188773-3f97-4ad5-8a84-a8cdbe899b7e,385,86925,grda,seizure,0,GRDA,1,False,9845.5,0,1,533.386598903807,bipolar,300.0,0.5-70 Hz,60 Hz,10.0,0.0919983957692388,471.88634719631557,4.216839143629847,4.202801994443879,False,True
92188773-3f97-4ad5-8a84-a8cdbe899b7e,386,86586,lrda,grda,0,LRDA,1,False,53157.2,0,0,798.8020652053324,bipolar,100.0,0.5-20 Hz,60 Hz,10.0,0.09194654181628603,463.04007169254356,4.232679009958803,4.211839820365542,False,True
92188773-3f97-4ad5-8a84-a8cdbe899b7e,387,86356,lrda,gpd,0,Seizure,0,False,6430.5,0,1,576.6937613499017,bipolar,100.0,0.5-70 Hz,60 Hz,10.0,0.09188845888756036,471.53941904094546,4.214365396129588,4.227705198570938,False,True
92188773-3f97-4ad5-8a84-a8cdbe899b7e,388,26730,iic,seizure,0,GRDA,0,False,12941.5,0,0,922.2320080990063,laplacian,70.0,0.5-70 Hz,60 Hz,10.0,0.09154601509659982,468.89671937622904,4.183057780973314,4.209469360236089,False,True
92188773-3f97-4ad5-8a84-a8cdbe899b7e,389,23733,sz,grda,0,Seizure,1,False,17525.9,0,0,282.52923643007546,bipolar,100.0,0.5-70 Hz,60 Hz,10.0,0.092068049157782,420.30886646975273,4.21162484932095,4.178270287534365,False,True
92188773-3f97-4ad5-8a84-a8cdbe899b7e,390,35634,gpd,grda,0,LRDA,0,False,2654.6,0,0,766.6575279639688,average,200.0,0.5-20 Hz,60 Hz,15.0,0.09214803283679418,431.3110248519005,4.177370044602747,4.206849893424111,False,True
92188773-3f97-4ad5-8a84-a8cdbe899b7e,391,23712,gpd,seizure,0,Other,0,False,23375.7,0,2,127.88885683620758,bipolar,100.0,0.5-70 Hz,60 Hz,10.0,0.09220671559631727,432.76477673619985,4.144670857086555,4.172688678731094,False,True
92188773-3f97-4ad5-8a84-a8cdbe899b7e,392,86240,gpd,grda,0,Seizure,0,False,2966.6,0,0,166.28306564793675,average,200.0,0.5-70 Hz,60 Hz,10.0,0.09258997462839763,425.12932531116604,4.113650638490778,4.14006178421715,False,True
92188773-3f97-4ad5-8a84-a8cdbe899b7e,393,69159,gpd,grda,0,GPD,1,False,4573.5,0,1,1168.0790638446065,bipolar,100.0,0.5-70 Hz,60 Hz,10.0,0.09219388034383236,432.408418324303,4.140218073330357,4.109081277301389,False,True
92188773-3f97-4ad5-8a84-a8cdbe899b7e,394,87919,sz,grda,0,Seizure,1,False,16791.0,0,0,25.2991062830024,average,200.0,0.5-70 Hz,60 Hz,10.0,0.09261201014645337,379.1569540058747,4.168028094997537,4.135671768290068,False,True
92188773-3f97-4ad5-8a84-a8cdbe899b7e,395,40595,iic,gpd,0,GRDA,0,False,4056.4,0,0,809.5788270598647,average,70.0,0.5-70 Hz,60 Hz,10.0,0.09221666578326942,369.25487390081895,4.131739648328432,4.163296032827355,False,True
92188773-3f97-4ad5-8a84-a8cdbe899b7e,396,88551,lpd,gpd,0,LRDA,0,False,5631.8,0,1,1156.0549744423886,bipolar,50.0,0.5-70 Hz,60 Hz,10.0,0.09360093204551939,383.27833636445934,4.109376787765743,4.127170434571554,False,True
92188773-3f97-4ad5-8a84-a8cdbe899b7e,397,88796,sz,seizure,1,Seizure,1,True,11908.6,0,1,1071.1581064463953,bipolar,200.0,0.5-70 Hz,60 Hz,10.0,0.09354067027136825,378.5837134636081,4.087277438191023,4.104887350965867,False,True
92188773-3f97-4ad5-8a84-a8cdbe899b7e,398,85513,gpd,grda,0,LPD,0,False,10708.3,0,0,756.5912775711743,bipolar,100.0,0.5-70 Hz,60 Hz,10.0,0.09369472766133641,377.2023914758308,4.058251535096605,4.0827331136139104,False,True
92188773-3f97-4ad5-8a84-a8cdbe899b7e,399,88663,lpd,grda,0,GPD,0,False,5234.2,0,1,218.1469760409931,bipolar,300.0,0.5-70 Hz,60 Hz,10.0,0.09249233357099002,380.67800840810884,4.036249879382701,4.053703237621366,False,True
92188773-3f97-4ad5-8a84-a8cdbe899b7e,400,88662,gpd,lpd,0,GPD,1,False,10022.5,0,0,1305.6791139225436,bipolar,50.0,0.5-70 Hz,60 Hz,10.0,0.09142358276872425,380.0897676549011,4.060513911543538,4.031645754879028,False,True
92188773-3f97-4ad5-8a84-a8cdbe899b7e,401,15600,spike,spike,1,Yes (spike present),1,True,16097.2,0,0,253.89616821372337,bipolar,200.0,0.5-70 Hz,60 Hz,10.0,0.09175528034266156,377.5849735017378,4.047351287241231,4.05600280794988,False,True
92188773-3f97-4ad5-8a84-a8cdbe899b7e,402,14156,spike,spike,1,No (no spike),0,False,4200.5,0,1,1077.399850080459,bipolar,100.0,0.5-70 Hz,60 Hz,10.0,0.091486973845754,379.5537154048395,4.052884653893776,4.042812829940889,False,True
92188773-3f97-4ad5-8a84-a8cdbe899b7e,403,36407,lrda,lrda,1,LRDA,1,True,10281.6,0,0,28.507533777879367,laplacian,300.0,0.5-70 Hz,60 Hz,10.0,0.09091121492092052,368.23116624523607,4.033846118850777,4.048463457145832,False,True
92188773-3f97-4ad5-8a84-a8cdbe899b7e,404,32388,lpd,other,0,LPD,1,False,2585.8,0,2,1293.5616510928733,bipolar,100.0,0.5-70 Hz,60 Hz,15.0,0.09355679671311501,355.2485296912854,4.06323606385337,4.029428522145965,False,True
92188773-3f97-4ad5-8a84-a8cdbe899b7e,405,87476,sz,gpd,0,LPD,0,False,38132.4,0,0,141.19364255863982,average,100.0,0.5-70 Hz,60 Hz,10.0,0.09267924444524689,392.87492199044607,4.04133666680379,4.058672917233743,False,True
92188773-3f97-4ad5-8a84-a8cdbe899b7e,406,53316,lrda,seizure,0,LRDA,1,False,8849.9,0,0,136.35160912797392,bipolar,100.0,0.5-70 Hz,60 Hz,10.0,0.09258160029734402,379.5705420496892,4.053179598456139,4.036778494787276,False,True
92188773-3f97-4ad5-8a84-a8cdbe899b7e,407,44156,lrda,grda,0,LRDA,1,False,18445.9,0,1,233.5866903442002,bipolar,100.0,0.5-20 Hz,60 Hz,10.0,0.09218628651459854,356.24982617685356,4.062222597446989,4.048624719058318,False,True
92188773-3f97-4ad5-8a84-a8cdbe899b7e,408,54058,lrda,grda,0,LRDA,1,False,11289.2,0,1,147.6334411285211,bipolar,100.0,0.5-70 Hz,60 Hz,10.0,0.09197211248544324,326.9508117189537,4.070313090530179,4.0576576298322475,False,True
92188773-3f97-4ad5-8a84-a8cdbe899b7e,409,85956,lrda,grda,0,LRDA,1,False,38988.9,0,1,734.6658409836464,bipolar,100.0,0.5-70 Hz,60 Hz,10.0,0.0903847987014999,599.9999999999999,4.169938575550196,4.065699363328325,True,True
92188773-3f97-4ad5-8a84-a8cdbe899b7e,410,85214,sz,seizure,1,LPD,0,False,1483.1,0,1,1382.8700318255487,bipolar,100.0,0.5-70 Hz,60 Hz,15.0,0.0886742075709403,569.0743392362558,4.188554281952645,4.164267015773808,False,True
92188773-3f97-4ad5-8a84-a8cdbe899b7e,411,61324,sz,seizure,1,Seizure,1,True,2541.3,0,0,165.57393591536743,bipolar,100.0,0.5-70 Hz,60 Hz,10.0,0.08791736390726912,588.9219719538528,4.171863236163588,4.183725727992082,False,True
92188773-3f97-4ad5-8a84-a8cdbe899b7e,412,85773,sz,gpd,0,LPD,0,False,7412.5,0,1,886.4736515812817,laplacian,100.0,0.5-70 Hz,60 Hz,10.0,0.08849313113593593,583.5578420406549,4.141922178711099,4.167040080858484,False,True
92188773-3f97-4ad5-8a84-a8cdbe899b7e,413,86656,sz,gpd,0,Seizure,1,False,9170.9,0,0,1117.7944102493768,average,100.0,0.5-70 Hz,60 Hz,10.0,0.08742594876943705,587.4223553415418,4.174567441212885,4.137264469986823,False,True
92188773-3f97-4ad5-8a84-a8cdbe899b7e,414,86382,sz,seizure,1,Seizure,1,True,2603.1,0,1,75.22847013814673,bipolar,100.0,0.5-70 Hz,60 Hz,10.0,0.08746720799482599,596.076590976902,4.157824296664734,4.1698296175624465,False,True
92188773-3f97-4ad5-8a84-a8cdbe899b7e,415,4664,spike,spike,0,No (no spike),0,True,4547.1,0,1,206.42815068446038,bipolar,100.0,0.5-70 Hz,60 Hz,10.0,0.08771025231271978,591.2278669339951,4.156461824962717,4.15301937862517,False,True
92188773-3f97-4ad5-8a84-a8cdbe899b7e,416,15935,spike,spike,0,Yes (spike present),1,False,18452.8,0,0,728.7394312033546,average,50.0,0.5-70 Hz,60 Hz,10.0,0.08733988540653043,595.5185479124315,4.145843320555686,4.151497498534714,False,True
92188773-3f97-4ad5-8a84-a8cdbe899b7e,417,64862,sz,grda,0,GPD,0,False,8703.3,0,0,14.964318486863569,average,100.0,0.5-70 Hz,60 Hz,10.0,0.0879059594940585,595.1427236779234,4.119239256240621,4.141278214096639,False,True
92188773-3f97-4ad5-8a84-a8cdbe899b7e,418,87400,sz,lrda,0,GPD,0,False,9713.4,0,0,581.3895048199656,bipolar,200.0,0.5-70 Hz,60 Hz,10.0,0.08993826975629143,583.9026902338842,4.091009671498867,4.11479686978661,False,True
92188773-3f97-4ad5-8a84-a8cdbe899b7e,419,86499,lrda,gpd,0,GPD,0,True,7579.8,0,1,14.22613128670059,bipolar,200.0,0.5-70 Hz,60 Hz,10.0,0.09012143441934262,574.8120376092531,4.07057987835178,4.086583053514976,False,True
92188773-3f97-4ad5-8a84-a8cdbe899b7e,420,63145,grda,grda,1,Other,0,False,4797.4,0,1,462.45141631344336,bipolar,50.0,0.5-20 Hz,60 Hz,10.0,0.09027743840551028,564.9696386544738,4.092806997784349,4.066205597755861,False,True
92188773-3f97-4ad5-8a84-a8cdbe899b7e,421,27416,sz,grda,0,LPD,0,False,3983.8,0,1,116.85003322459686,bipolar,200.0,0.5-20 Hz,60 Hz,10.0,0.09049539971254172,542.8109431873096,4.064969218946862,4.08834952499251,False,True
92188773-3f97-4ad5-8a84-a8cdbe899b7e,422,42952,lrda,gpd,0,LPD,0,False,7214.7,0,1,1240.8379289951195,laplacian,200.0,0.5-70 Hz,60 Hz,10.0,0.09064462599853323,520.5925811853895,4.043504143881326,4.060570890878889,False,True
92188773-3f97-4ad5-8a84-a8cdbe899b7e,423,20870,sz,grda,0,Other,0,False,4654.8,0,0,14.112222019929343,bipolar,70.0,0.5-70 Hz,60 Hz,10.0,0.09344548873753677,489.85762882231626,4.01495840646999,4.039188703417186,False,True
92188773-3f97-4ad5-8a84-a8cdbe899b7e,424,88923,lrda,grda,0,LRDA,1,False,1493.7,0,1,773.0612465032875,bipolar,100.0,0.5-20 Hz,60 Hz,10.0,0.09198547734577339,514.4999532133451,4.031648890585497,4.01070761933642,False,True
92188773-3f97-4ad5-8a84-a8cdbe899b7e,425,67428,sz,seizure,1,Seizure,1,True,10952.2,0,1,28.186599792507756,laplacian,200.0,0.5-20 Hz,60 Hz,10.0,0.09323677673409941,512.3156844071506,4.0224029634499825,4.027533098615283,False,True
92188773-3f97-4ad5-8a84-a8cdbe899b7e,426,15221,spike,spike,0,Yes (spike present),1,False,3555.7,0,0,140.42999877300892,average,100.0,0.5-70 Hz,60 Hz,10.0,0.09372623929268714,503.14982726690386,4.017802807772671,4.0182487524117105,False,True
92188773-3f97-4ad5-8a84-a8cdbe899b7e,427,88824,sz,lrda,0,Seizure,1,False,9444.2,0,1,927.4186188573734,bipolar,70.0,0.5-20 Hz,60 Hz,10.0,0.09112606947272689,545.6157512474288,4.047646214473357,4.013760384404641,False,True
92188773-3f97-4ad5-8a84-a8cdbe899b7e,428,89163,sz,seizure,1,Seizure,1,True,1591.5,0,2,27.10400394419031,bipolar,100.0,0.5-70 Hz,60 Hz,10.0,0.09275193631127965,536.0816176704183,4.036709062614922,4.0435578610707505,False,True
92188773-3f97-4ad5-8a84-a8cdbe899b7e,429,10301,spike,spike,1,Yes (spike present),1,True,2656.7,0,0,1002.4165877098658,bipolar,70.0,0.5-20 Hz,60 Hz,10.0,0.09254865117571676,523.361545636582,4.025312126096484,4.032590695351441,False,True
92188773-3f97-4ad5-8a84-a8cdbe899b7e,430,14539,spike,spike,1,No (no spike),0,False,8294.2,0,0,667.0381054324203,bipolar,50.0,0.5-20 Hz,60 Hz,15.0,0.09279882512594989,537.2665523492959,4.028839964900335,4.021106535540275,False,True
92188773-3f97-4ad5-8a84-a8cdbe899b7e,431,88235,sz,grda,0,Other,0,False,6558.2,0,0,204.2089321867234,bipolar,300.0,0.5-20 Hz,60 Hz,10.0,0.09298553011521166,512.296056286107,4.005299662505557,4.024766603134581,False,True
92188773-3f97-4ad5-8a84-a8cdbe899b7e,432,21566,lrda,grda,0,GPD,0,False,1084.9,0,1,399.7266659414734,bipolar,100.0,0.5-70 Hz,60 Hz,10.0,0.09331974392884568,492.56400736562006,3.984885798637886,4.001274136233766,False,True
92188773-3f97-4ad5-8a84-a8cdbe899b7e,433,69242,grda,lpd,0,LPD,0,True,2375.3,0,1,550.2006056528056,bipolar,100.0,0.5-70 Hz,60 Hz,10.0,0.09382973402226302,481.846632475163,3.9832917061753075,3.9809237493884164,False,True
92188773-3f97-4ad5-8a84-a8cdbe899b7e,434,86095,grda,other,0,LPD,0,False,8339.8,0,0,619.7829292428946,bipolar,70.0,0.5-20 Hz,60 Hz,10.0,0.0955447102637959,462.9068894420909,3.981215920990247,3.9790097793381176,False,True
92188773-3f97-4ad5-8a84-a8cdbe899b7e,435,61619,grda,lrda,0,GRDA,1,False,4099.7,0,2,535.7015778714841,bipolar,70.0,0.5-70 Hz,60 Hz,10.0,0.093777164398474,486.60753306053493,3.973940497559835,3.9766252019562565,False,True
92188773-3f97-4ad5-8a84-a8cdbe899b7e,436,84687,sz,lrda,0,LPD,0,False,27400.0,0,0,861.5129117661264,bipolar,300.0,0.5-70 Hz,60 Hz,10.0,0.09439374174667992,453.55556639728354,3.950288607589837,3.9699417690755556,False,True
92188773-3f97-4ad5-8a84-a8cdbe899b7e,437,85649,grda,gpd,0,GRDA,1,False,4213.8,0,1,843.3879210605257,bipolar,70.0,0.5-70 Hz,60 Hz,15.0,0.09247003538687021,464.797181282155,3.9437131925663844,3.946217319409392,False,True
92188773-3f97-4ad5-8a84-a8cdbe899b7e,438,87706,grda,grda,1,GRDA,1,True,7452.8,0,0,230.24315535864392,bipolar,50.0,0.5-70 Hz,60 Hz,15.0,0.09210475968043408,469.8899636744754,3.9190918518381395,3.939772402239991,False,True
92188773-3f97-4ad5-8a84-a8cdbe899b7e,439,86215,grda,grda,1,LPD,0,False,5503.5,0,0,23.347962828453596,bipolar,100.0,0.5-70 Hz,60 Hz,10.0,0.09250825541554031,460.09150216880175,3.9443733734893036,3.9149601963101457,False,True
92188773-3f97-4ad5-8a84-a8cdbe899b7e,440,88037,lrda,gpd,0,LPD,0,False,12055.8,0,1,1048.4294484028355,bipolar,200.0,0.5-70 Hz,60 Hz,15.0,0.09254241615924197,434.5740772104428,3.9222089116825494,3.940518905254417,False,True
92188773-3f97-4ad5-8a84-a8cdbe899b7e,441,9054,spike,spike,1,Yes (spike present),1,True,4416.2,0,0,186.69201538936926,bipolar,300.0,0.5-70 Hz,60 Hz,15.0,0.09245848087227432,426.3853367206654,3.9127304911326615,3.918335306345294,False,True
92188773-3f97-4ad5-8a84-a8cdbe899b7e,442,14655,spike,spike,1,Yes (spike present),1,True,30340.0,0,0,956.2078416768968,bipolar,70.0,0.5-70 Hz,60 Hz,10.0,0.0922074968443592,411.7753607153255,3.903591157004669,3.908728337775992,False,True
92188773-3f97-4ad5-8a84-a8cdbe899b7e,443,14411,spike,spike,1,Yes (spike present),1,True,6545.7,0,2,873.1744155003937,bipolar,70.0,0.5-70 Hz,60 Hz,10.0,0.09148887436976477,389.157265123045,3.895407108390711,3.8994283801399234,False,True
92188773-3f97-4ad5-8a84-a8cdbe899b7e,444,15481,spike,spike,1,Yes (spike present),1,True,3661.3,0,1,1255.3386974945367,bipolar,100.0,0.5-70 Hz,60 Hz,10.0,0.09118241581621772,356.83182604806274,3.8886795290881144,3.8910071655665,False,True
92188773-3f97-4ad5-8a84-a8cdbe899b7e,445,13630,spike,spike,1,No (no spike),0,False,5461.0,0,1,1260.3474196876366,bipolar,300.0,0.5-70 Hz,60 Hz,10.0,0.09167357272713561,399.14745468048443,3.8855339989598088,3.8839671112568825,False,True
92188773-3f97-4ad5-8a84-a8cdbe899b7e,446,44846,iic,other,1,Other,1,True,9139.6,0,0,607.8973399852661,laplacian,200.0,0.5-20 Hz,60 Hz,10.0,0.0919990438440329,385.5419429114076,3.8929886631603265,3.8814675143603883,False,True
92188773-3f97-4ad5-8a84-a8cdbe899b7e,447,5875,spike,spike,1,Yes (spike present),1,True,12190.2,0,0,1283.3467622555402,bipolar,100.0,0.5-70 Hz,60 Hz,10.0,0.09158783074683441,357.9227248050929,3.8858808196944032,3.8889169890122455,False,True
92188773-3f97-4ad5-8a84-a8cdbe899b7e,448,13197,spike,spike,1,Yes (spike present),1,True,9839.0,0,0,872.909283058569,bipolar,200.0,0.5-70 Hz,60 Hz,10.0,0.09121894240411876,321.6111531862126,3.8799973907652285,3.881534825707713,False,True
92188773-3f97-4ad5-8a84-a8cdbe899b7e,449,6983,spike,spike,1,Yes (spike present),1,True,5276.9,0,2,570.921578856754,bipolar,100.0,0.5-70 Hz,60 Hz,10.0,0.09446362472817954,599.9999999999999,3.8595030687384817,3.8753038757419223,True,True
92188773-3f97-4ad5-8a84-a8cdbe899b7e,450,87602,lpd,lpd,1,LRDA,0,False,4500.8,0,1,125.80672243677922,bipolar,100.0,0.5-70 Hz,60 Hz,10.0,0.09428010083792665,576.4129296313157,3.8547994147588565,3.8537920752265915,False,True
92188773-3f97-4ad5-8a84-a8cdbe899b7e,451,41476,lpd,lpd,1,LPD,1,True,9291.8,0,1,432.33007427343773,bipolar,100.0,0.5-70 Hz,60 Hz,10.0,0.09449622093834481,593.649628597319,3.8508693574739974,3.8496745647122226,False,True
92188773-3f97-4ad5-8a84-a8cdbe899b7e,452,63365,lpd,lpd,1,LPD,1,True,8744.5,0,0,1282.5626643444725,bipolar,100.0,0.5-20 Hz,60 Hz,10.0,0.09454896838869747,598.8558834995516,3.845959518991791,3.8458065399993817,False,True
92188773-3f97-4ad5-8a84-a8cdbe899b7e,453,69121,lpd,lpd,1,LPD,1,True,8827.3,0,1,238.05155620389613,laplacian,100.0,0.5-70 Hz,60 Hz,10.0,0.09454559654894296,591.6841365083337,3.840369297467475,3.841010589793439,False,True
92188773-3f97-4ad5-8a84-a8cdbe899b7e,454,69263,lpd,lpd,1,LPD,1,True,8826.2,0,0,252.3245301584559,bipolar,200.0,0.5-70 Hz,60 Hz,10.0,0.09452649615290559,572.9999897854796,3.8345517219589507,3.835592683845804,False,True
92188773-3f97-4ad5-8a84-a8cdbe899b7e,455,69793,sz,seizure,1,Seizure,1,True,7069.7,0,2,23.261790786395526,bipolar,70.0,0.5-70 Hz,60 Hz,10.0,0.09481691724417451,564.9367152433315,3.832812046740421,3.8303941190972717,False,True
92188773-3f97-4ad5-8a84-a8cdbe899b7e,456,47882,lpd,lpd,1,LPD,1,True,1306.4,0,1,165.5024247842595,bipolar,100.0,0.5-70 Hz,60 Hz,15.0,0.09499470172084618,536.251903726823,3.8265716805033057,3.8282985353661902,False,True
92188773-3f97-4ad5-8a84-a8cdbe899b7e,457,63203,lpd,lpd,1,Seizure,0,False,5964.8,0,1,969.4739952694375,bipolar,70.0,0.5-70 Hz,60 Hz,10.0,0.0948020953069339,579.3581093808813,3.8259941621071074,3.82225186851664,False,True
92188773-3f97-4ad5-8a84-a8cdbe899b7e,458,49791,lpd,lpd,1,LPD,1,True,7231.0,0,2,929.5283463515128,average,100.0,0.5-70 Hz,60 Hz,10.0,0.09493035154381879,560.3640009035037,3.8203229000326893,3.821820392992696,False,True
92188773-3f97-4ad5-8a84-a8cdbe899b7e,459,85159,sz,seizure,1,LPD,0,False,2607.8,0,1,24.418566657208128,bipolar,100.0,0.5-70 Hz,60 Hz,10.0,0.09189704921677272,561.8882772692339,3.80628415520826,3.8162433398036852,False,True
92188773-3f97-4ad5-8a84-a8cdbe899b7e,460,39911,lpd,lpd,1,LPD,1,True,8546.6,0,0,122.07620263643858,bipolar,70.0,0.5-70 Hz,60 Hz,10.0,0.0912522277413299,536.0622255898138,3.8020858563908297,3.802151450275649,False,True
92188773-3f97-4ad5-8a84-a8cdbe899b7e,461,41525,lpd,lpd,1,LPD,1,True,15707.1,0,0,272.11420246480156,bipolar,100.0,0.5-20 Hz,60 Hz,10.0,0.09205293956664651,504.0370723250376,3.7981633109414714,3.798125158711259,False,True
92188773-3f97-4ad5-8a84-a8cdbe899b7e,462,9213,spike,spike,1,Yes (spike present),1,True,10184.7,0,1,732.7148293789539,average,100.0,0.5-20 Hz,60 Hz,10.0,0.09226624935073824,500.21507686504964,3.7847792526195683,3.7942492820625677,False,True
92188773-3f97-4ad5-8a84-a8cdbe899b7e,463,6289,spike,spike,1,Yes (spike present),1,True,2624.5,0,0,181.28442896948343,bipolar,100.0,0.5-70 Hz,60 Hz,10.0,0.09248935609070685,488.03706912320484,3.7729587102505944,3.780894177766079,False,True
92188773-3f97-4ad5-8a84-a8cdbe899b7e,464,46884,lpd,lpd,1,GPD,0,False,2153.7,0,1,426.21647421741324,bipolar,50.0,0.5-70 Hz,60 Hz,10.0,0.09172245061298723,539.0682845112061,3.767423062471388,3.7690743749342865,False,True
92188773-3f97-4ad5-8a84-a8cdbe899b7e,465,87604,lpd,lpd,1,LPD,1,True,3749.3,0,1,139.2803680867255,bipolar,50.0,0.5-70 Hz,60 Hz,10.0,0.09114763229404838,515.1476836470032,3.7642141276070493,3.763635563926147,False,True
92188773-3f97-4ad5-8a84-a8cdbe899b7e,466,6752,spike,spike,1,Yes (spike present),1,True,3634.5,0,1,1364.3303912102808,bipolar,100.0,0.5-70 Hz,60 Hz,10.0,0.09223405771688686,495.1624469924098,3.751548909824674,3.760393565936311,False,True
92188773-3f97-4ad5-8a84-a8cdbe899b7e,467,50548,iic,other,1,Other,1,True,4472.4,0,2,122.52749778932841,bipolar,100.0,0.5-70 Hz,60 Hz,10.0,0.09225905969655807,490.45102803791326,3.7439167558218647,3.747770693502209,False,True
92188773-3f97-4ad5-8a84-a8cdbe899b7e,468,69733,lpd,lrda,0,LRDA,0,True,1473.6,0,1,29.19866858150795,bipolar,100.0,0.5-70 Hz,60 Hz,10.0,0.09256073543699217,492.59575164841317,3.725908324409775,3.7401432597496944,False,True
92188773-3f97-4ad5-8a84-a8cdbe899b7e,469,48271,lpd,seizure,0,Other,0,False,8133.5,0,0,17.064976847741107,bipolar,200.0,0.5-70 Hz,60 Hz,10.0,0.09287046732995297,484.4257086093546,3.7067308831715975,3.7221558956309915,False,True
92188773-3f97-4ad5-8a84-a8cdbe899b7e,470,15224,spike,spike,1,No (no spike),0,False,6017.0,0,0,802.1286477593886,bipolar,200.0,0.5-70 Hz,60 Hz,10.0,0.09189231308644519,505.2738133872018,3.7102945405811933,3.702994165067886,False,True
92188773-3f97-4ad5-8a84-a8cdbe899b7e,471,86246,lpd,grda,0,Seizure,0,False,6904.5,0,1,1024.5639019091377,bipolar,70.0,0.5-70 Hz,60 Hz,10.0,0.0923345471580333,484.7872826186625,3.6899571287166193,3.706576973880571,False,True
92188773-3f97-4ad5-8a84-a8cdbe899b7e,472,85896,lpd,grda,0,LRDA,0,False,2159.2,0,0,1262.5856902093112,bipolar,100.0,0.5-70 Hz,60 Hz,10.0,0.09287740548282053,455.57510957076545,3.6686216223918264,3.6862774871000217,False,True
92188773-3f97-4ad5-8a84-a8cdbe899b7e,473,36968,sz,seizure,1,Seizure,1,True,20776.4,0,0,34.75022162396965,laplacian,50.0,0.5-70 Hz,60 Hz,10.0,0.0937598302327704,457.95104252335693,3.665653279564803,3.6649325743752375,False,True
92188773-3f97-4ad5-8a84-a8cdbe899b7e,474,62785,grda,grda,1,GRDA,1,True,6994.5,0,0,150.82279173888966,bipolar,300.0,0.5-70 Hz,60 Hz,10.0,0.09365178386258499,454.2341273591853,3.650884194182348,3.661967562416606,False,True
92188773-3f97-4ad5-8a84-a8cdbe899b7e,475,68672,grda,grda,1,LPD,0,False,3056.6,0,3,669.8787068222402,laplacian,70.0,0.5-70 Hz,60 Hz,10.0,0.09380528866222099,457.6035985285779,3.6600003157686483,3.646946823642266,False,True
92188773-3f97-4ad5-8a84-a8cdbe899b7e,476,46573,sz,seizure,1,Seizure,1,True,16083.0,0,1,925.1158729949465,bipolar,100.0,0.5-70 Hz,60 Hz,10.0,0.09466091080624617,451.5584873867173,3.6575236529061304,3.6564337026018823,False,True
92188773-3f97-4ad5-8a84-a8cdbe899b7e,477,16601,spike,spike,1,No (no spike),0,False,2647.1,0,0,13.784462709923794,bipolar,100.0,0.5-70 Hz,60 Hz,10.0,0.09449930279803653,457.22776644325785,3.6612321433271875,3.653889104748644,False,True
92188773-3f97-4ad5-8a84-a8cdbe899b7e,478,22837,iic,seizure,0,GPD,0,False,2780.8,0,2,692.0789458865057,bipolar,100.0,0.5-70 Hz,60 Hz,10.0,0.09328126937330367,456.06771149207805,3.6733885418310104,3.657765900033089,False,True
92188773-3f97-4ad5-8a84-a8cdbe899b7e,479,6706,spike,spike,1,Yes (spike present),1,True,1832.6,0,0,718.3173929955583,bipolar,100.0,0.5-70 Hz,60 Hz,10.0,0.09355517158523735,451.75658113376835,3.6628387006032224,3.669773061642319,False,True
92188773-3f97-4ad5-8a84-a8cdbe899b7e,480,85124,gpd,lrda,0,LPD,0,False,8917.6,0,1,783.6577643642028,bipolar,100.0,0.5-70 Hz,60 Hz,10.0,0.09390548737030674,449.44822122720285,3.659464500764902,3.659270981065544,False,True
92188773-3f97-4ad5-8a84-a8cdbe899b7e,481,3952,spike,spike,1,No (no spike),0,False,4313.0,0,0,16.58844255245916,average,100.0,0.5-70 Hz,60 Hz,10.0,0.0937090542580859,453.35273136957136,3.6606630170299095,3.6558345938980867,False,True
92188773-3f97-4ad5-8a84-a8cdbe899b7e,482,87220,gpd,lrda,0,LPD,0,False,11687.7,0,2,1078.8195911440744,average,70.0,0.5-70 Hz,60 Hz,10.0,0.09403821830649861,441.773910192074,3.658649197918175,3.65706896793817,False,True
92188773-3f97-4ad5-8a84-a8cdbe899b7e,483,88121,gpd,lrda,0,GPD,1,False,3837.5,0,1,1127.4645839701645,bipolar,100.0,0.5-70 Hz,60 Hz,10.0,0.09359885949471897,454.4317750764941,3.6502104086152913,3.6549614971425255,False,True
92188773-3f97-4ad5-8a84-a8cdbe899b7e,484,69952,grda,grda,1,GRDA,1,True,7099.9,0,2,29.96632868881021,laplacian,100.0,0.5-70 Hz,60 Hz,10.0,0.09347376007324959,451.08110379214105,3.6389938081017146,3.6467562237511792,False,True
92188773-3f97-4ad5-8a84-a8cdbe899b7e,485,84582,grda,grda,1,LPD,0,False,3729.4,0,0,661.3387008528257,average,70.0,0.5-70 Hz,60 Hz,10.0,0.09361748208011406,453.8448537695851,3.6430203056906287,3.6353177269185126,False,True
92188773-3f97-4ad5-8a84-a8cdbe899b7e,486,57436,lrda,lrda,1,LRDA,1,True,15646.1,0,1,177.7248454311005,average,200.0,0.5-70 Hz,60 Hz,10.0,0.09377196299468166,449.1328837065232,3.62345031989313,3.639547321149994,False,True
92188773-3f97-4ad5-8a84-a8cdbe899b7e,487,7977,spike,spike,1,No (no spike),0,False,14815.2,0,2,520.3087698305567,laplacian,70.0,0.5-70 Hz,60 Hz,10.0,0.09354871291331868,446.06683345312115,3.624440910897258,3.6200175767598877,False,True
92188773-3f97-4ad5-8a84-a8cdbe899b7e,488,45494,sz,seizure,1,Seizure,1,True,9186.1,0,2,28.114340478332505,laplacian,50.0,0.5-70 Hz,60 Hz,10.0,0.09285617073848773,435.52178502473964,3.6280606645761018,3.6210748881327817,False,True
92188773-3f97-4ad5-8a84-a8cdbe899b7e,489,13538,spike,spike,1,No (no spike),0,False,1463.9,0,2,196.5194261052233,bipolar,200.0,0.5-20 Hz,60 Hz,10.0,0.09259048424175431,425.7100014662231,3.6299452372223593,3.6246552486195984,False,True
92188773-3f97-4ad5-8a84-a8cdbe899b7e,490,46272,lrda,other,0,LRDA,1,False,3132.8,0,0,1037.834494242213,bipolar,100.0,0.5-70 Hz,60 Hz,10.0,0.09269285505937785,415.02895423055435,3.6108816459764936,3.626551647617336,False,True
92188773-3f97-4ad5-8a84-a8cdbe899b7e,491,50557,lpd,other,0,Seizure,0,False,6843.1,0,0,668.9569241895576,bipolar,100.0,0.5-70 Hz,60 Hz,10.0,0.09266787509631025,382.6983310618425,3.5908044717611363,3.607520625913516,False,True
92188773-3f97-4ad5-8a84-a8cdbe899b7e,492,1902,spike,spike,1,Yes (spike present),1,True,13777.6,0,0,99.09951014218642,bipolar,100.0,0.5-70 Hz,60 Hz,10.0,0.09289998580711023,391.1660080935718,3.582886448070071,3.587447283377972,False,True
92188773-3f97-4ad5-8a84-a8cdbe899b7e,493,62980,iic,lpd,0,GRDA,0,False,3952.6,0,1,804.657632984975,bipolar,100.0,0.5-70 Hz,60 Hz,10.0,0.09272302910368563,381.60232882201797,3.558148427068668,3.5795759336236874,False,True
92188773-3f97-4ad5-8a84-a8cdbe899b7e,494,7804,spike,spike,1,No (no spike),0,False,3793.5,0,1,60.02699008326272,bipolar,70.0,0.5-70 Hz,60 Hz,15.0,0.09245593984291794,371.8704341879178,3.5579506041813556,3.5548608445037457,False,True
92188773-3f97-4ad5-8a84-a8cdbe899b7e,495,62692,iic,other,1,Other,1,True,6595.8,0,0,138.47722133968767,bipolar,100.0,0.5-70 Hz,60 Hz,10.0,0.09224828743299379,375.2056020401762,3.543272837611875,3.554684565883781,False,True
92188773-3f97-4ad5-8a84-a8cdbe899b7e,496,40436,lpd,other,0,LPD,1,False,49457.5,0,0,9.167595259241487,average,200.0,0.5-70 Hz,60 Hz,10.0,0.09250411823936194,430.6489301971602,3.5744314777662294,3.5399809850176442,False,True
92188773-3f97-4ad5-8a84-a8cdbe899b7e,497,68375,gpd,lrda,0,LPD,0,False,5724.9,0,3,360.7963385802644,bipolar,100.0,0.5-70 Hz,60 Hz,10.0,0.0924886770798567,422.48133625860896,3.571804162069043,3.571202592464677,False,True
92188773-3f97-4ad5-8a84-a8cdbe899b7e,498,54440,gpd,lrda,0,LPD,0,False,8758.2,0,1,242.5474992875794,average,200.0,0.5-70 Hz,60 Hz,15.0,0.09248041151035113,407.47362910659905,3.570864607068657,3.568535065778959,False,True
92188773-3f97-4ad5-8a84-a8cdbe899b7e,499,51952,gpd,lrda,0,GPD,1,False,2980.3,0,1,818.5560059778194,laplacian,100.0,0.5-70 Hz,60 Hz,10.0,0.09245628166135789,424.14985919311374,3.5609707866633302,3.5675292944705594,False,True
