cand_id,tier,true_t_spike,true_ell_spike,hat_t_spike,hat_ell_spike,sd_t_spike,sd_ell_spike,n_trials_spike,decision_spike,true_t_seizure,true_ell_seizure,hat_t_seizure,hat_ell_seizure,sd_t_seizure,sd_ell_seizure,n_trials_seizure,decision_seizure,true_t_lpd,true_ell_lpd,hat_t_lpd,hat_ell_lpd,sd_t_lpd,sd_ell_lpd,n_trials_lpd,decision_lpd,true_t_gpd,true_ell_gpd,hat_t_gpd,hat_ell_gpd,sd_t_gpd,sd_ell_gpd,n_trials_gpd,decision_gpd,true_t_lrda,true_ell_lrda,hat_t_lrda,hat_ell_lrda,sd_t_lrda,sd_ell_lrda,n_trials_lrda,decision_lrda,true_t_grda,true_ell_grda,hat_t_grda,hat_ell_grda,sd_t_grda,sd_ell_grda,n_trials_grda,decision_grda,n_trials_total
0,expert,0.18941619262584844,1.5889982405224126,0.09949982169566737,1.2838359351668382,0.10035537325124905,0.3527721430598521,16,pass,-0.14074704716139852,1.7792698166672283,-0.07755285451575934,1.2793952216015283,0.0570792706091161,0.18486921376937562,56,pass,-0.2530842942092105,1.647371968812444,-0.05593996535779903,1.500277736466474,0.12333500267697381,0.4663818402320901,10,pass,-0.12465489250747044,1.4896013206666623,-0.016401180132389878,1.5480591876431067,0.11742064337372358,0.4619677968873772,10,pass,0.00826519586944872,1.7105952838749734,-0.13808838971906767,1.1493807520428398,0.140021029051345,0.445302422553705,10,pass,-0.46500615492776687,1.9427072535693362,-0.23343526684407914,1.018126722989104,0.09256259898417019,0.23316766773892503,36,pass,138
1,expert,-0.29707503685270903,1.7283766519793125,-0.1329379364333944,1.2611194202719282,0.12072738079925383,0.3436800582027362,17,pass,0.06013702285892117,1.3912126693375153,0.016258954159942118,1.214061480939129,0.05090119682102824,0.14672268552213757,91,pass,-0.021214450689550187,1.4828949001319987,0.05402964010710373,1.0581329837453928,0.1839815252233016,0.40981288920364695,11,pass,-0.23714396100104676,1.2530793289124968,-0.020931669643389657,1.580812100244923,0.12017258702759324,0.4646512200611977,10,pass,-0.4796465730795543,1.3365701060658295,-0.05539849464012357,1.4665513055455357,0.13897652142720004,0.4644512414304881,10,pass,0.10261042677606101,1.459494566707986,-0.12405873358346554,1.2811702588470049,0.12201182650728222,0.38077296479917866,14,pass,153
2,expert,-0.057996379213862775,1.4407022472331559,-0.1172983261309998,1.1057015899289202,0.11282167515946612,0.26822039649776747,28,pass,-0.18399872056243938,1.8577030717717178,-0.07753965048706599,1.378953469889703,0.07292531283490547,0.23865600163770054,36,pass,0.13501290368188787,1.2825686853621605,0.13688937897460127,1.1045189009942376,0.2212710706096849,0.4464021379276763,10,pass,0.06958035239409431,1.8085424373106993,0.12129065283314713,1.1939597734702223,0.14217755194721177,0.4551384081630396,10,pass,-0.11135923503063626,1.5983662764348905,-0.006165029562113038,1.5192226388802912,0.1434678116256512,0.46854653736771323,10,pass,-0.22044365981084463,1.3567193633253953,-0.13875036957418585,1.3086916871341392,0.15988737346591392,0.4140241812881866,12,pass,106
3,expert,0.10889247484063541,1.366840526642621,0.030423330806871984,1.2414894686266063,0.1233074991570535,0.3346480922148548,18,pass,-0.03081141191656471,1.6706994826239132,-0.057495757285376696,1.4151509142331482,0.0792936623224372,0.2692079188867996,28,pass,0.21610659574355143,1.1743393438211476,0.04535230558434694,1.037938014491163,0.17833923577982394,0.3813626238600043,13,pass,-0.299959757773639,1.8858135699926195,-0.17822917366471486,1.233370337624527,0.14711361010153884,0.450443022282725,10,pass,0.2715143573866378,1.1844196167366476,0.1260449939054988,1.0861111593442974,0.21557737930232695,0.44662209217069165,10,pass,-0.012736805794048282,1.6403035567584276,-0.11522003449240516,1.2946697482700436,0.11813163389974564,0.3852917758330688,14,pass,93
4,expert,-0.04068226718894247,1.9393796924881264,0.02075211728129847,1.5384618474393754,0.13154974592907348,0.4583401306817143,10,pass,-0.31543983013654076,1.7366821682509392,-0.14570253759246993,1.152830059161887,0.045726635630891556,0.12711456550999622,120,refer,0.07459030835238437,1.673385091622442,0.12368980217032884,1.1506477954589949,0.20598949728691096,0.44731591908213686,10,pass,-0.22874801842031803,1.5008716509425097,-0.04014466944540897,0.9455827470237951,0.18614647394779152,0.38827037933214237,12,pass,-0.3431891903516642,2.0292107678770286,-0.2043366147833882,1.0978990134629498,0.1823929792733668,0.43775535098637186,10,pass,-0.05583030109355283,1.782380299005612,-0.10504412468190841,1.2892800591139788,0.12653565030395483,0.3830165337053634,14,pass,176
5,expert,0.18353449749224576,1.581312468664444,0.02421275815213999,1.548317315217381,0.13372208263218288,0.4552977587361021,10,pass,0.0881413489527122,1.728387580934026,0.07161721693095913,1.2682488802958745,0.06297459801525124,0.18015307232985053,63,pass,0.06850307819068245,1.314163122199997,0.04175542400335817,0.8736724391198124,0.17868399103061908,0.2973190564659388,24,pass,0.09478941339760269,1.9476990876879894,0.06758148891191357,1.4552495114120716,0.15087645382364964,0.46324677423119476,10,pass,-0.05346168639065538,2.018458996785128,-0.11806371096615871,1.165808517399575,0.13842981014314223,0.45105355111377915,10,pass,0.23766557251928042,1.9495504735797515,0.12338598317605183,1.2754130859433868,0.13495865595770334,0.38086899377950484,14,pass,131
6,expert,-0.16847133379648235,1.727744040746716,-0.05719471259133956,1.1797196796565863,0.11463663784702634,0.29774520645440716,23,pass,-0.3612265240765826,1.8247025922718043,-0.1249512899417555,1.2170804153662385,0.05264638329386142,0.14734156969551845,90,pass,-0.09681709822953971,1.5877169943815854,-0.13261947687683245,1.0942941719337602,0.1663073433470352,0.42249879984197725,11,pass,0.01798568659615725,1.6726572750835542,-0.018631123020750814,1.526624346585128,0.13244422513069593,0.4568727029693939,10,pass,0.03499541864073803,1.7944211720596028,0.27637018813369485,0.9980280210046206,0.19502334321510464,0.43180474927580914,10,pass,0.018443557157346843,2.093067760050513,0.006836008906004903,1.5044977211915722,0.1369565162741516,0.463194799428248,10,pass,154
7,expert,-0.1564329884950377,1.5458729252704861,-0.04972884191214881,1.2213770964710873,0.1179751463789848,0.3268819616734496,19,pass,-0.01895925071876854,1.9619637801438534,-0.005495455952159394,1.572514830049073,0.0889200950536401,0.3646686470745762,16,pass,0.23124736079098349,1.5715757485180561,0.15162307648079484,1.2342767785135922,0.1270232550755995,0.45274937719893116,10,pass,-0.29796162387307445,1.754018511294311,-0.015710017718684355,1.6017427519200669,0.11588171817399703,0.4661558105314212,10,pass,0.07242258294131224,1.955630836926763,0.15593708901865821,1.2048694128792634,0.13027811072909998,0.4511139090478025,10,pass,-0.06165563007957689,2.233972949642449,0.0026549914589716326,1.566581260978052,0.12279936244566002,0.47465644100077115,10,pass,75
8,expert,0.05841250882071031,1.9372437613908875,0.12602579348778417,1.3152610469524737,0.12339252602469393,0.37773136055801293,14,pass,-0.20743395198916456,2.0956209981417837,-0.08114307255667828,1.3812990299490058,0.07466669939239251,0.23855903589917116,36,pass,-0.20480788830315155,1.9955696715622078,-0.19623923161462736,1.2191772730181698,0.16371328156520806,0.4362323525691794,10,pass,0.13010178549381024,1.7862596792336396,0.08296105277570841,1.4473071607721388,0.14926342652609467,0.4621744624023171,10,pass,-0.02011543671515093,1.7445370103688478,-0.12531761135106811,1.1320627762442004,0.21409981477111478,0.4468290196837254,10,pass,0.09444189920587369,1.3919821168960518,0.0697308574691812,1.1904390826633253,0.13792962309865425,0.32907486610997594,19,pass,99
9,expert,0.056816278655210266,1.6832283759249311,0.02064705410375074,1.5740955079374728,0.12013321711072908,0.46484337914101864,10,pass,-0.2667270571019828,1.7444021279210973,-0.08975812038824114,1.3028907319074794,0.06187337157114841,0.1985588886408684,50,pass,0.05052384459656222,1.7033907038979756,-0.014917864298330424,0.9670519948015938,0.13993931698252446,0.3421282750407066,16,pass,-0.11799518983546864,1.4551157195987312,-0.1685340413105142,1.1967155934783957,0.1360454898126378,0.4501614619905457,10,pass,-0.11643279070061673,1.15030286849571,0.11670925941665278,1.1779883449569228,0.19291334791065554,0.44964913883858826,10,pass,0.2239014016044378,1.3711235483959712,-0.0014197907237944944,1.5523296337955155,0.12567016274823134,0.4732099427598765,10,pass,106
10,expert,-0.15305664838941782,1.6250732087702078,-0.04943236448800167,1.4573296044883084,0.14049965353629298,0.4407548803249318,11,pass,0.24415363943785678,1.6462697672775837,0.10096219697923173,1.2799437268833171,0.06511206501068874,0.18182133167771353,61,pass,0.1580104670023458,1.8857335691252066,0.017066286364309662,1.5239644438423305,0.1329770909574448,0.4596547857005584,10,pass,0.2650783391299622,1.3287758217201717,0.05550805080950071,0.9537358476782181,0.20258331988147604,0.3803966213541506,13,pass,0.20919621477289596,2.1839591320128373,0.1398724870923115,1.2097908717456567,0.14371950746732737,0.44815091296272214,10,pass,0.075279185759623,1.4809814423682148,0.0024409897224469484,1.5620318035795895,0.12890335876612696,0.474351692742173,10,pass,115
11,expert,-0.07157849485586547,1.4179776399632535,-0.04220551630157938,1.1640132254993174,0.12605428916294303,0.2889196416274467,25,pass,0.06522729039858695,1.5695220560784415,0.021989919798805414,1.3190064555257432,0.06751448800786776,0.21097929715657335,46,pass,0.02671022587556035,0.9407484329186083,0.01980644219016957,1.0910546497620204,0.18233703161847492,0.39871238904133166,12,pass,0.02071958989892822,1.455224303749433,0.12951962263551992,1.1218663013903816,0.15610962537047834,0.4467518604606883,10,pass,0.05928457155246365,0.9718740461289687,0.16783841488424867,1.1244418891187473,0.15908818072338832,0.4570880868878561,10,pass,0.04331113272457805,0.5982986121349532,0.030853741866259766,0.7516853482466543,0.07346635476598937,0.13289908069538045,120,refer,223
12,expert,0.14133265046453286,1.4609409973922898,0.11666898556558447,1.323201967600561,0.13067526973645635,0.38204730492532074,14,pass,0.07741498103450895,1.2440872295748835,0.048307432008904305,1.0980006180161779,0.0534446285825345,0.13260469729647537,120,refer,0.06834974704636025,1.3771541308609871,-0.022148227242230454,0.995285845971817,0.17754913867254832,0.3531856417404788,15,pass,0.33602859110597977,1.4440223269097818,0.082320799297751,1.4343992072844465,0.15629626001474795,0.46016275707880244,10,pass,0.21906064500105826,1.4608209524817717,0.037719325966247,0.8936206011804209,0.2288263141989093,0.42692763504099596,10,pass,-0.5825680306984904,1.6026016718761942,-0.23976168136927833,1.1073523627101323,0.11646793394162092,0.29371117867015967,25,pass,194
13,expert,-0.4036753462948549,1.4935919069501353,-0.0660659595283832,1.432421191358039,0.1491253480896082,0.43664701179788296,11,pass,0.39129603597304374,1.4145895289461279,0.17283387816247497,1.0849271498358397,0.04981672850428404,0.13031809447511195,120,refer,0.12602676850263908,1.6590691510852345,0.056885838321452505,0.9946080726587948,0.1787676122279168,0.3758441195008277,13,pass,-0.2787526642604748,1.532728649709321,-0.05011363641397548,0.9533943342228571,0.19699909624313552,0.3881731896813859,12,pass,0.023009302252614786,1.4776038128327076,0.02318202365595727,1.5217620219725025,0.13719172986289044,0.45364322756348635,10,pass,-0.2258170297678619,1.6381274266979737,-0.001903424961447977,1.5019113713037502,0.14312510604809128,0.45929060484270123,10,pass,176
14,expert,-0.3025005795740405,2.2609545759060206,-0.18106167038259072,1.1604703987958571,0.1069025336406602,0.2921919314899738,23,pass,0.31545043250304944,1.9304907507748874,0.0964987030712107,1.3498453325489033,0.07354074900585561,0.2292465746890134,39,pass,-0.09860192336569505,1.9125996495662712,-0.14757212257501454,1.232763914001118,0.15783596474818554,0.43835119685022883,10,pass,0.3546241539355319,2.003525179676069,0.13820634318048378,1.277070710326623,0.15281136842876059,0.4429402447415087,10,pass,0.21230462007598228,1.376523767375026,0.015987549452702025,1.545087522019086,0.12570205555114497,0.4583021582883137,10,pass,-0.11044724114694067,1.7574824961097963,-0.1060210744577861,1.2906760697614452,0.11462682257079071,0.3851469630312894,14,pass,106
15,expert,-0.07935918642724756,2.048646049546842,-0.0989290079937241,1.288117657795847,0.11688613428039414,0.36112719949916416,15,pass,-0.17542065753916472,1.2104970882661137,-0.102109603542721,1.1134599177216622,0.049412887706801446,0.12638424280487168,120,refer,0.21203444012180125,1.5168439732306158,-0.13326270156988007,1.145522243718682,0.142806461006997,0.4202856421822662,11,pass,0.042601780008799744,1.5984555229462527,0.11892746169553343,1.1125286064116284,0.12733105071359277,0.4529149421645256,10,pass,0.4012755986751689,1.8098525696331218,0.025564262702949772,0.867738612758471,0.17215852551830158,0.43264853459112,10,pass,0.14506741257765599,2.1704940130996997,0.012697983294525766,1.4926349976133677,0.1268789948965488,0.4723721172404852,10,pass,176
16,expert,0.06866094378020737,1.6147739527591136,0.1258139785492983,1.255219769027958,0.11954432939248172,0.3619625694054246,15,pass,0.21553649621893173,1.8802599833282214,0.10128680050900332,1.2945504248944397,0.06294482270373362,0.19354656047262425,53,pass,0.1307561495047782,1.7695526363071186,0.0215739148907195,1.488044116096516,0.13756155744792228,0.4521816894770922,10,pass,-0.1227990624792338,1.5269215339888726,-0.03905103658719961,0.9763267036125887,0.17223347397148,0.4137101871776883,11,pass,0.3048232324270194,1.523062306597223,0.2073745496068691,1.1508526444365077,0.16744899597230087,0.4339378740204225,10,pass,-0.18463258269212707,1.8983128102936901,0.02144637484943457,1.2038741245414344,0.14082934151021484,0.3453660049221684,17,pass,116
17,expert,0.05125304453672959,1.4902679809290331,-0.05291221997316726,1.0953864019276989,0.107680750869354,0.263879096978525,27,pass,-0.24874714064734482,1.3913442845427921,-0.04622052242705762,1.3930781833191201,0.07227837761864558,0.24820486079287885,32,pass,-0.031159950333612775,1.2041007021235677,0.12570033506158476,1.1631047465029851,0.12250058285050738,0.45979479702973575,10,pass,-0.051319010830687364,1.8651427478795797,-0.013060936513074899,1.5497360357794754,0.11825878211295215,0.46184823822741394,10,pass,-0.04735000910718334,1.2038840303723806,-0.14542435402234946,1.132153217683139,0.14214765149645342,0.4432267788775001,10,pass,-0.02801334424413365,1.3282228535554674,0.00708359677528076,1.525844208012309,0.12323889216803333,0.4727561862842517,10,pass,99
18,expert,-0.46314999199179074,1.5367928502400487,-0.25171712519482564,1.0350089400439189,0.09310146902001472,0.21888847790931307,41,pass,0.25713571838771837,1.0975431068995483,0.12655577739258322,1.0753494040541127,0.047863804552975474,0.1259667870298062,120,refer,0.08235768020783624,1.5036817636019961,0.030542477240975016,0.9963823999315019,0.1782804656756771,0.36256467736443915,14,pass,-0.060403911393310084,1.9225661214734373,-0.01157532394598594,1.5256938244541087,0.126709473173116,0.45799430342626213,10,pass,0.2085567727470058,1.4366118956137672,0.16985739513248083,1.1493134849016953,0.14337432773172148,0.44378544558845834,10,pass,-0.10613627493893847,1.325216590904541,-0.03413332257013229,1.0865646875605515,0.10707243861241063,0.27601142922435806,25,pass,220
19,expert,-0.03517484718518279,1.250019286932888,0.024378074799761854,1.1253294367886677,0.10829599181849725,0.2741204031783319,27,pass,0.14761769630278418,1.3528237008288222,0.06647924809858251,1.2253359226165628,0.053842125342346024,0.153877409725631,88,pass,0.22592005475388235,1.195716373603839,0.19723639799372514,1.145609971155684,0.1584943162471366,0.4432251041873381,10,pass,0.4184080749935862,1.7396209168943941,0.3286139898867192,0.9980936776032486,0.21710592495213055,0.4320242407108908,10,pass,-0.24991032719006545,1.7208210956590608,-0.1611165507306769,1.2016452387859085,0.14581642464356914,0.4507919869330443,10,pass,-0.16206833324608108,1.939900651837658,-0.09665470562486697,1.2850659117966496,0.12112947164796095,0.38627822550233654,14,pass,159
20,expert,0.07461799799312173,1.7401132658779614,0.14066165546043552,1.2879613563822736,0.1290185956656571,0.373814845564037,14,pass,0.4432877873990534,2.111078128121769,0.15253520645696184,1.1451568330018742,0.045676289890570376,0.12793912956812273,120,refer,0.2568101163071602,2.3515966544837035,0.14328572520740818,1.110658687362568,0.12883789605715337,0.42822393035605777,11,pass,0.04828668985091501,1.8100077116755022,0.13945547128218608,1.1080286925325737,0.14809430136837354,0.44106762561581075,10,pass,0.21209370474216796,1.816858959646134,0.20134077158984195,1.140793488561987,0.1626589827731933,0.4348136687690201,10,pass,-0.41159265065402617,1.770247019633861,-0.2364955642136844,1.0976051894810637,0.11245046998192836,0.28067092387557785,26,pass,191
21,expert,0.020777114760231224,1.904813666758202,-0.08689283353819278,1.2815645901822212,0.10968585961525999,0.364146872453691,15,pass,0.19227228540603503,1.5510053711301652,0.08998702716374103,1.340335331807113,0.06921555644901245,0.22273497078877333,41,pass,-0.16887431120647178,1.5752845945090639,-0.10293929671683257,1.0899305485959763,0.16088612653789194,0.39906914490233514,12,pass,-0.23882448547902813,1.824894623964715,-0.18873529875371567,1.2148987714640163,0.15262732226624234,0.4401493312502244,10,pass,0.16023028938634457,1.8428535275770814,0.14208533939582543,1.1360728252453958,0.12760710933077263,0.45749643819399394,10,pass,0.07846053044998305,1.6642811286019155,0.003159493992038302,1.5164858130126506,0.12639967234736446,0.46827794203262935,10,pass,98
22,expert,-0.07539360567140818,1.3872072727170008,-0.05533846581414662,1.1715346651376246,0.12060525002835473,0.29692459972839064,23,pass,-0.08274675436398621,1.4105307984816062,-0.032466600350608034,1.2285235357543798,0.05426398769175664,0.15562559437798051,82,pass,0.09970449148125901,2.088285178102561,0.04636527122618937,1.3958199940303984,0.16358851977096406,0.46216757204733805,10,pass,-0.022270732012356447,1.8356897380927153,0.14056241706396413,1.206985588070244,0.1883636618268471,0.4442303363431688,10,pass,0.3202261570713286,1.4999365493627492,0.04366677837549463,0.8725012092651845,0.240473160164165,0.4230542700910382,10,pass,0.1504662667465232,1.6291165263631857,-0.002896789240041264,1.1308658584798517,0.1240869865699429,0.30395988204828245,21,pass,156
23,expert,-0.19172129326723675,1.8735075289508052,-0.0708444306095729,1.434746301982183,0.1488862637481125,0.4596874297778631,10,pass,0.21400712551497683,1.7153004720446512,0.09456362910243683,1.3433138281724506,0.07207575977828315,0.22144805854841798,41,pass,0.14848376538173264,1.3646780621236643,0.05007364349662028,1.0149696025806467,0.1800795256468972,0.37760198540325585,13,pass,-0.03298734120129412,1.4573655410253734,-0.01976754294981161,1.6132226896120583,0.12159872524620789,0.4667488578618034,10,pass,-0.17034916242226683,1.4825408078252105,-0.06534469746933329,1.5003640950331296,0.1386630674789274,0.4657908968987748,10,pass,-0.10052206360028682,1.7591787064395668,-0.0014780564941746601,1.5917030333193627,0.12615041967422722,0.475777741368344,10,pass,94
24,expert,-0.09515891823445038,1.5685133270839648,-0.10410720162818286,1.2980708175864113,0.13456336965190654,0.3775570211182603,14,pass,0.1000723764868675,1.552683696207107,0.04419114638522525,1.1937952120741602,0.048482666132872526,0.13482844120508494,108,pass,-0.031300643962042504,1.8800030637588812,-0.0029158731188486937,0.967352407091383,0.19509528212664623,0.3680388072529241,14,pass,-0.13785630674055674,1.3090254836129462,-0.04557047355204387,0.9101580952979939,0.1598246377220311,0.36084067799529584,14,pass,-0.22169230236686555,1.1867522664241437,-0.17381424353278557,1.0197329249314977,0.1895249533501746,0.43616850750882624,10,pass,-0.04705220469917429,1.1737771091722875,0.0028743983340057413,1.4778938955255803,0.14507894464638543,0.4585657506004094,10,pass,170
25,expert,0.07955310816832806,2.094620084311767,0.016616737161617497,1.5875002051440894,0.11854982178729599,0.46667585593279237,10,pass,0.015247194301694918,2.0457472940182,0.04326131931267614,1.3926056508792577,0.07291055258659972,0.2573147067639847,30,pass,0.13815724862834144,1.7523900677467343,0.10992091784336044,0.91003409678133,0.15015014338216193,0.3307499876937011,17,pass,0.0318335806529742,2.1324879602433837,-0.06136039243659069,1.3196822986641557,0.16221620334423514,0.45214399486312373,10,pass,-0.0414500070450711,2.3967892533586688,-0.16307840050027073,1.2312387461602938,0.13765684608422532,0.452376216534772,10,pass,0.17406291995396256,2.17309061199916,-0.002408953877100926,1.556880482647889,0.12515261231616434,0.47337017602556924,10,pass,87
26,expert,0.06513361856655858,1.9037466114441055,0.025800454564708374,1.5636579069569765,0.13165071328503955,0.4606595099441044,10,pass,-0.015751143866318342,1.9380874305303117,-0.00815948326543381,1.3461050239278889,0.06946340516805813,0.22295680040502266,40,pass,0.49900263743456974,2.060341556931137,0.20895095673695205,1.2295620539873615,0.17225128343001642,0.4418322266296838,10,pass,0.025749615699743322,1.5387632680735581,0.14569684371174038,1.2268900719002922,0.18485279525162443,0.4413692247983991,10,pass,-0.2556098038182186,1.395623415845219,-0.11369737706397812,0.775002615538073,0.26883457544781847,0.39794662234310874,12,pass,-0.1426569132724946,1.7548595717648687,-0.013826161188072903,1.537795288238287,0.1392271688564155,0.4647454237935681,10,pass,92
27,expert,-0.04053848236891646,1.5903216263454678,0.043471469619927,1.1433915140318764,0.11490601698037915,0.2877585936645651,23,pass,-0.04835512464736639,2.3066543025357857,-0.004118050586923728,1.55077463045479,0.08763981697325372,0.34170863639744425,18,pass,0.3436968081397667,2.2182663200575186,0.16543463470186995,1.1189688170913528,0.14540001665169347,0.4424990362918091,10,pass,-0.25561006373512263,1.736321879091769,-0.20108847913579117,1.1425931784455106,0.15819476198769186,0.43559274950924937,10,pass,-0.022919783365171875,1.4047745579459838,0.017729747650053383,1.4879875370646478,0.13336522994080027,0.4504478350323788,10,pass,-0.038573175048747,1.560739919235344,-0.06280161133715309,1.138834736843577,0.12235792302774626,0.3075129943039736,21,pass,92
28,expert,-0.022509538276305755,1.7848176945539864,-0.09485806807308392,1.3047720303852053,0.1185579901505691,0.362153480446362,15,pass,0.2845336747122018,1.472414040624215,0.09924844374982793,1.1293000672363325,0.05057609131394334,0.12890885419610243,120,refer,0.10912032837380377,1.4416042415980548,0.19313162250282895,1.2023653576841427,0.15776048992776526,0.4385239617381443,10,pass,-0.0355560409141542,1.4576092567702448,-0.015115637797987806,1.5390463051722645,0.1265006634685829,0.45767176339912524,10,pass,-0.17125504859304191,1.550366148754638,-0.07433024400518282,1.4633575214338268,0.13687259094827614,0.458329335660883,10,pass,-0.3929534315276138,1.9362976514160093,-0.18708866874773628,1.2177982979038353,0.13386748821728733,0.3568146960833567,16,pass,181
29,expert,0.03382134464423292,1.8910328318528284,-0.003200865725590043,1.1382900673501009,0.11547500897557414,0.28785212463313314,23,pass,-0.1998486585899762,2.0516251946552186,-0.057050614860331174,1.4202330341508673,0.08159436030991278,0.2702059222271983,28,pass,0.022243738489825193,1.8713076558046615,0.005810949183058215,1.0097833657110147,0.1832035946001145,0.3685327649881664,14,pass,-0.2830999079558309,2.306635571450782,-0.172770950145391,1.1690613275129584,0.1453204112124745,0.4441555312054908,10,pass,0.03925550890260681,2.184423658528302,0.019902761531638627,1.494942211464575,0.13696415149569482,0.4519372508132697,10,pass,0.2385317944660218,1.764954863641594,0.12487268217979025,1.28374581861459,0.14068004322143224,0.3811069867760368,14,pass,99
30,expert,-0.03491193793662918,1.4707853752821427,-0.04377799067874043,1.1429286112221775,0.11222465145389725,0.2813721715004915,25,pass,-0.058001961981233266,1.3847809064157417,-0.018799519742205013,1.0669643114999523,0.05238717010963221,0.1294316128796056,120,refer,0.2527955367186778,1.5165106328117177,0.0919566008264796,1.0140810729122638,0.1986703653223596,0.3860463003530687,13,pass,0.1814679725879118,1.5589283498084727,0.11705183844278502,0.9266276556000659,0.22215803409789128,0.39024394399956824,13,pass,-0.14447340609291906,1.5216739187753683,-0.12089355484918916,1.2925518604832595,0.18130123143445123,0.44743820009863816,10,pass,0.1722061260103287,2.186012895101217,-0.0168623845879677,1.5115345030896516,0.15275480341459718,0.46352395856487494,10,pass,191
31,expert,-0.2137373081109337,1.3547859313954065,-0.08992427404955915,1.3587585124644967,0.14669387900129446,0.41743992930400786,12,pass,-0.095522931353932,2.0070781099627,-0.008756017802906718,1.5888143281681086,0.09301972962837851,0.3703377756225537,16,pass,0.40084156745144395,1.9751926892610936,0.19644342451839691,1.1898747905568177,0.1570214463029015,0.4496211954439301,10,pass,-0.022574983074160025,1.8775251583998995,0.13159090078355468,1.1953933323149566,0.15746408792767302,0.4449553753576472,10,pass,-0.10943214144020136,1.6372841757754129,-0.06518290942623929,0.829238441854875,0.26771594694302314,0.4257417248941962,10,pass,0.05967978379968101,1.7172888998193736,0.10893794590993042,1.2712230559275932,0.1528384640215773,0.3954003136080517,13,pass,71
32,expert,-0.3377783222193959,1.4909234982804809,-0.18528865654818857,1.1483278778250348,0.10916769270351626,0.29187368324725615,23,pass,-0.06645649964949651,2.016285592994674,-0.05690119131007587,1.4172902132481582,0.08149063305668024,0.26965033299797175,28,pass,-0.08179933442440435,1.9254042013362587,-0.14678943515730444,1.2379847433951212,0.1565933777676164,0.4382127608296669,10,pass,-0.14542284422622817,1.8371282920192715,-0.021801179354281847,1.5587824460708328,0.12606515805640015,0.4589667904486329,10,pass,0.18044004090892513,1.7235081975742832,0.16643368773046843,1.1667293091655668,0.1410811590372778,0.4440837314189789,10,pass,-0.0499055720798971,1.5270692862935873,-0.0796273864261876,1.129715727976226,0.12163896221077863,0.3038531690001508,22,pass,103
33,expert,0.26992246484956745,1.268411684684584,0.14432726850735045,1.0133008814468312,0.08919163788086792,0.21245902568485422,42,pass,0.24231320600003114,1.4936229797694234,0.1400075125152356,1.098273395870048,0.04814367360226353,0.13079790484685722,120,refer,-0.07472343579492195,0.9924732317500905,-0.14655753480577993,0.8220055737457747,0.1524237821473516,0.2697884320613717,27,pass,-0.18538577234047338,1.7537268563253983,-0.0318417485094771,1.5070184614727198,0.14439382524243002,0.460656555493221,10,pass,0.1574128175197337,1.4745315173972386,0.12118763061302984,1.0935971604378585,0.2192308946026842,0.44869074997193464,10,pass,0.5461268239242977,1.271457117975618,0.2626814992969743,1.0307283185113134,0.09991190360894121,0.2349505852728735,35,pass,244
34,expert,0.03599250045825481,1.8642333008263707,0.0149581453966346,1.6101697482725412,0.1173650211295418,0.46968902279390323,10,pass,0.22503618685333315,1.8564636658350744,0.07293584520590175,1.4021162474042124,0.07706576550318857,0.2559991660970536,31,pass,-0.2098141872115824,1.4440439076934557,-0.06578897437462107,1.4957082025577089,0.1287267603935194,0.46743453562528003,10,pass,-0.259328641102491,1.7770928699803679,-0.1351697429554584,1.2351080159718408,0.11913041354418917,0.4673014492127857,10,pass,-0.3834561265804406,1.9055568048833254,-0.06610386403947362,1.5036711587295133,0.12956965535757475,0.4650230854812353,10,pass,0.050679879364173,1.8929464201052788,0.07998464055237973,1.2341794581285916,0.126015441555532,0.3441920476364997,17,pass,88
35,expert,0.12056012184874745,1.9912383826951516,0.1305034774114347,1.2828654617203743,0.12056459823615448,0.3625773904173509,15,pass,-0.07975071853384373,1.144610073309804,-0.05737909017723103,1.0508543922865305,0.04606226501979289,0.12892814799235167,120,refer,0.2500601800339453,1.8746367150155043,0.07873289934924499,1.4054098441380796,0.1553241262970565,0.45598811071406065,10,pass,0.05529373999082481,1.3529575269097176,-0.056851690889549805,1.2851220446359273,0.18169658321329252,0.4468913444221431,10,pass,-0.19499957678013902,1.409589914365671,-0.11139525355270241,1.3360997767177551,0.1659142841779881,0.4472403221158942,10,pass,-0.20740108087099643,1.0825084258572542,-0.09461031702587225,1.0164945140431116,0.10348018008373758,0.2306765393025818,38,pass,203
36,expert,-0.004671376349344814,2.2798173727838984,0.016983528206338045,1.2640520559466397,0.1320550852382702,0.33915552110787744,18,pass,-0.12132454412073389,1.4922494789035028,-0.00544531118775844,1.3891150964284822,0.07977238120534719,0.24688918560753678,35,pass,-0.03088032625220324,1.4991891065776757,-0.07978009307739839,1.0326972088313318,0.20053166980683254,0.39007991523796876,13,pass,-0.1972475642071355,1.6132326006878435,-0.02088188425508806,1.5362794770284438,0.13978785259013096,0.45863863808726674,10,pass,0.16059312223030017,1.6598591417414075,0.17798556514403135,1.202877045985507,0.14348593189884087,0.457391463026407,10,pass,0.21162060140945915,1.0591568579446609,0.22709584107218322,1.0492761406738225,0.10222477087618388,0.2508306082798057,31,pass,117
37,expert,-0.28224324125469236,1.2240922469481674,-0.16036553830234332,1.2331634815686634,0.127120311838601,0.33684070691576606,18,pass,-0.18139075208728306,1.4418150568154984,-0.030534307346237227,1.1901887277806529,0.047894690165717055,0.13350081066384534,113,pass,-0.013161554319979167,1.3502519314606836,0.061416342436502167,1.0182378676465684,0.1904977323699771,0.38344212794081917,13,pass,0.04430324111580136,1.158236413774168,0.11596762128153193,0.8509786988842429,0.2039079981400362,0.34376579117660977,16,pass,-0.043888974751439075,1.1537646929305436,0.04517871707212703,1.3631261670936639,0.17304553072846518,0.45155448925816033,10,pass,0.057785861926760995,0.9980670369657979,-0.027123013616505966,1.0360460454704072,0.11298928411033572,0.2432679882639557,34,pass,204
38,expert,-0.20449672274700803,1.761731155212749,-0.0838374989033515,1.377956512771244,0.14742099759725694,0.4208818578624784,12,pass,0.09756189074668054,1.5996261809609689,0.07296448949293842,1.3027076858106168,0.06945422501996798,0.20123890227867922,52,pass,-0.18025292102892645,1.5107245392199813,-0.1462849871573373,1.1613353260372206,0.179065926990362,0.43744584279476123,10,pass,0.18576178470865848,2.1697731931918938,0.1318338729595063,1.2416552107576315,0.18804522446163444,0.4465968690440149,10,pass,-0.058773379847168454,1.9487210339121235,0.044529873054663424,1.410082522645877,0.16743976462914156,0.4587001435002787,10,pass,-0.0256676982177861,1.7177736308879377,0.11468375602306789,1.2733424161841855,0.13494900941020596,0.3828989818600095,14,pass,108
39,expert,0.1441328746555226,1.4071056586014097,0.1137204141957081,1.0676567905326937,0.10375162853288342,0.24182783514769957,33,pass,-0.05834686169086994,1.669266364706405,-0.047371205171577856,1.3954581502056158,0.07212971702915327,0.25447361093957976,31,pass,0.0366355811735777,1.107073479287064,0.17498345646709537,1.1320561892405785,0.14614688066369705,0.4112900423995322,12,pass,-0.03830302246374995,1.689951250929512,0.1444258858601314,1.2011583736955733,0.1839119532590063,0.4415654548743125,10,pass,-0.03525341816761401,1.3615914295226441,-0.14476618935802354,1.0241780038031842,0.20470502212093947,0.4343111495148635,10,pass,-0.03778236796263217,1.2110523670862587,-0.002996173448993946,1.0314001754997297,0.10550397507291906,0.24126989264940568,33,pass,129
40,expert,0.4928836334957154,1.701269030286229,0.20527314568122257,1.05953263743135,0.08758343948526758,0.22869128107654887,36,pass,-0.09170522248755522,1.9999064197804213,-0.055855566659765425,1.4053846877327891,0.07494300210738516,0.2634820106757652,29,pass,0.08871605504974432,1.6121568612296084,0.12849468352465326,1.2692931210002831,0.16810757275382512,0.44648788364296726,10,pass,0.18472255416747294,2.218939084326681,0.06816462261475797,1.470235765202459,0.1448393235389654,0.47147127150096163,10,pass,0.207156432402138,1.763601472192582,0.07076469858830019,0.8525357137370447,0.2566361743638396,0.42864044544619895,10,pass,-0.14787400532580655,1.326156106997617,-0.0044115528208342756,1.5571021992518903,0.13134862116230558,0.47304962261552747,10,pass,105
41,expert,0.012091200770445036,1.1109262577474706,0.0019768396310859224,1.1644869265661844,0.11446414611238387,0.2889722704759149,23,pass,-0.19089995966834938,1.3847874780357479,-0.05864829935209626,1.2238225771423785,0.05544751742290796,0.15310115186468626,86,pass,-0.23590449844804248,1.6110195975569803,-0.26170718197019505,1.0935285160282235,0.16770116467792445,0.40066729950547286,12,pass,-0.16009815362322646,1.3106418515875122,-0.214681398255196,1.197053751938398,0.1866136857653333,0.4328181573930693,10,pass,-0.08122493321805731,1.5100639176721147,-0.05949677927792845,0.8449022395604168,0.2610643797317882,0.42346517514602067,10,pass,-0.11195922621153145,0.9103453490418977,-0.061808501770404534,1.0771481779222931,0.12004419896499435,0.27438720290561885,26,pass,167
42,expert,-0.2629302646914073,2.185894748727927,-0.0773694115055887,1.3838187851858594,0.1447690693863257,0.42248500016700935,12,pass,0.2499361572769251,2.200375805930685,0.09730171411731041,1.297737331783938,0.0608775534486836,0.19383050078437852,53,pass,0.16725075561461428,1.9858137698956326,0.12233735638526924,1.2779238856087842,0.1782692244511645,0.4507363592947964,10,pass,0.0023094926593863873,1.790046381048875,-0.08796190842677633,1.1818382926611304,0.18428073246106658,0.44288017490856313,10,pass,0.09896595715571244,2.240608522996049,-0.046924652565870105,1.3880106553672484,0.16836757959155427,0.4588497502890331,10,pass,0.5169633629610679,1.845719857776492,0.18588614137407636,1.2208079263934388,0.1437169716381628,0.3619298763732054,16,pass,111
43,expert,0.12891996004688738,1.3751963058334717,0.017744125872546045,1.008271324477319,0.0926373830007192,0.20942193473393705,44,pass,0.10407470092308724,1.5994682674724885,0.020345069216986127,1.2290212756308876,0.05616662715514958,0.15686503214710917,82,pass,-0.4244403047504191,1.834860777540113,-0.18838944102304794,1.1810736873867462,0.15707850790181208,0.4369173186716027,10,pass,0.3255117122510521,1.5757251621713741,0.31076990055565085,1.0533933400276565,0.1894901239522982,0.43393576824156943,10,pass,-0.3051338973048463,1.8907771610374184,-0.016651223065986185,1.5035077968914383,0.1330617279609077,0.4550981713416763,10,pass,0.04415521537249065,1.6885531140247123,0.012154388809621029,1.5140949315416454,0.133209509393659,0.4680562121501258,10,pass,166
44,expert,0.2935185293463289,1.7782217002338905,0.11542046231308371,1.2848702922697683,0.11268655665273697,0.34925555237503597,16,pass,0.05986587841085653,1.7547131524325015,0.01677298219613205,1.2301190151143442,0.0518984740101789,0.15755226043487397,77,pass,0.22656494923853196,1.8711957761881053,0.06454003740042372,0.9978958195836735,0.18141385571626667,0.37877463703199704,13,pass,0.5014866455423013,1.7081099931813908,0.29925199324222884,1.0552683603628505,0.18648028998788313,0.4364623039041577,10,pass,0.05157589403281463,1.4745554380602992,0.0735991818938629,0.7611804178192098,0.15464462222419478,0.4135910604293449,11,pass,-0.035468298624049203,1.6933305139449182,-0.003980943636408871,1.50787677583237,0.1308190908226821,0.4687598392913079,10,pass,137
45,expert,0.3767174567004057,1.5313740208872646,0.23066449056512692,1.0813822752604323,0.09754589564962284,0.24533198795231287,32,pass,0.2558229167800551,1.9365197722235878,0.07503402177883163,1.3500179416678446,0.07081147724926282,0.2306561173470627,38,pass,0.19746785678110323,1.0620353331632684,0.19752659988493906,1.1960921830715179,0.16262499036303185,0.4368452776019176,10,pass,-0.1675728466828811,1.5596822790189362,-0.021672634251147488,1.5398931036774637,0.13004582591781377,0.457116865331228,10,pass,0.09983011385624681,1.2675654649319157,0.04882880439515092,1.3821347958702264,0.1574620359687258,0.45042144141161655,10,pass,0.0959727954017679,1.2014647950693569,0.08686930065653674,1.1848111833540134,0.1375425547506196,0.3357617259662816,18,pass,118
46,expert,0.2772924398686584,1.6049386674567676,0.1414463283558419,1.3389988131983885,0.1474628212724126,0.4093354030977168,12,pass,0.19518085649525968,2.0473997426529595,0.0709248229541443,1.401728504205678,0.07724532191412405,0.25688469529965474,31,pass,-0.04874314392880993,1.6209296430868316,-0.04647472165571747,1.0160960011076579,0.17107664002546938,0.37701417246962704,13,pass,0.22584420006037803,1.7291969223819732,0.2768572254468609,1.0428499179431752,0.1714191644621774,0.44042230062443827,10,pass,-0.34609558993306244,1.8101998960512966,-0.19763888287048584,1.2013408538012649,0.16289352256649142,0.43812918316049826,10,pass,-0.1660606977040454,2.178417272760382,-0.09842352456662064,1.2797182782681813,0.11722204620626203,0.3861942114493927,14,pass,90
47,expert,0.08032528411168283,1.7225784525364145,0.11116630574971341,1.283681198940424,0.11367227618451367,0.34932357261206476,16,pass,-0.13075727395040365,2.2061923629090705,-0.04951731119825188,1.39887692721145,0.07562769828349156,0.2577675571465478,30,pass,0.1884744443622341,1.6805254412334847,0.0217441330222048,1.4941139124868028,0.1331110985431814,0.4528253692829533,10,pass,-0.11829467970126205,1.4835000225959134,-0.14850028828067316,1.1728466405912603,0.12918283177219256,0.4547189760700975,10,pass,-0.22714373357538953,1.4249904716991197,-0.1377142350870417,0.9656212562587669,0.2010263239242459,0.42821013850067724,10,pass,-0.11456387285120109,1.5224843956457867,0.016328171903709884,1.239204720062514,0.1384029010620773,0.3553770754165036,16,pass,92
48,expert,-0.2423987330728139,1.5060693797475557,-0.05605980455208634,1.4469377679494593,0.14153417466162335,0.4440162031804744,11,pass,0.4378156116879903,1.8154471757458026,0.16960050920622974,1.1297494568116684,0.047441123931426764,0.12869575990132534,120,refer,0.37465084413617,1.3242233380669552,0.1866043840470911,1.2634676325175658,0.15810265522774614,0.4410782421671812,10,pass,-0.2217647452988023,2.1220736689034605,-0.1566288965514009,1.2464003091677347,0.1271011024931751,0.4678722233336159,10,pass,-0.1393315203501905,1.9775455001216127,0.13022554867795427,1.0586056882807717,0.22145284857300476,0.44751691977253055,10,pass,-0.13090151026175753,1.7597965216257152,-0.11295658002231816,1.3199653382032173,0.11621321751889652,0.38831640998732503,14,pass,175
49,expert,0.1175361766980486,1.8083596554118733,0.02033541124968961,1.5965623966693188,0.1212663893359655,0.46401400846599994,10,pass,-0.25741055431473064,2.112718909130661,-0.09035490846814116,1.3013176511570113,0.06196209671466519,0.19804840044554003,50,pass,-0.06791141105445711,2.304943153621301,-0.09564987014846289,1.0607918149266724,0.18028661193765344,0.42368358320996724,11,pass,-0.19091197544858937,2.3017805880822646,-0.0206172317912931,1.5741808020975925,0.1238382267055146,0.46116947033616856,10,pass,0.11202869695498313,2.142606054380706,0.020051701504094185,1.5442916521659649,0.12832339048480182,0.4587160116173742,10,pass,0.32537257094955596,2.05288343095069,0.1179602819175608,1.320247747619275,0.14061395734829227,0.39744395774570984,13,pass,104
50,expert,-0.08596340050376117,1.2443839511011827,-0.059585185002422617,1.0028464838344986,0.08928667087196826,0.20256389917388193,47,pass,0.21791511124429627,1.511332298106282,0.0982530032956896,1.1894833098172373,0.04667726189363389,0.13037651024573932,115,pass,-0.39554920198295873,1.319067474862495,-0.21617448911241313,0.9375209966909814,0.15160997529597622,0.34414046853805746,16,pass,-0.1476624965245079,1.076342766552768,-0.010279035165479027,0.9275570945909867,0.21392836850665223,0.37796651557143573,13,pass,-0.1860319908772322,1.5203142722055891,-0.29628370166189827,0.9854479419731517,0.17803336351463897,0.43880145383527003,10,pass,0.055654045619106564,1.80201497660755,-0.005342341260027627,1.4605686076281696,0.14368415731892506,0.4569331811821286,10,pass,211
51,expert,0.09460532409525695,1.574659510156244,0.010409743101693444,1.1801371011088861,0.1226999890280518,0.2985225897374998,22,pass,-0.05535144804718633,1.4868418898954674,0.0028219931952957558,1.3295111782199376,0.07274867901680251,0.2179524102857326,42,pass,0.3524320586039398,2.1735147962183046,0.22082848124746782,1.097256515574883,0.15472687103057098,0.4248126730921996,11,pass,0.3590678814329013,1.748302006032959,0.07428986879222423,1.4271726218510785,0.14601391750512904,0.4583932355642663,10,pass,0.29311239168527264,1.4333458006296158,0.1511017970130274,1.156620563295417,0.12876368670936159,0.4558090976254119,10,pass,0.07982555768137961,1.047875757899406,0.05624040953935231,1.0218142085294728,0.10335311053941282,0.24287681810367723,34,pass,129
52,expert,0.13506162729452023,1.778839769354706,0.13782744159382956,1.2902877465967442,0.1315575388524471,0.3745334335443061,14,pass,0.29650088608097674,1.2811987429028233,0.12782122124110154,1.0526591601336164,0.05102710823979988,0.12882570586259842,120,refer,-0.20305172624353968,1.7777477246496067,-0.1818792023214,1.2611445365066467,0.1696444025815406,0.4375788533801101,10,pass,0.4288096525774375,1.416257820959531,0.2440037185553312,1.086634456276487,0.16567011644207316,0.4171928958664769,11,pass,-0.0450085118210283,1.2737923621080995,-0.008653982398758734,0.7717155287638929,0.15686532390459637,0.38403051373418634,13,pass,-0.041277414970695224,1.6279831799070366,0.1123498614607155,1.2682149549216912,0.12762691597276235,0.365030227262015,15,pass,183
53,expert,0.08509265359884262,1.6144271328710647,0.13814987926246916,1.2734345967207377,0.12476019854194242,0.3614598725642548,15,pass,-0.1369451306011024,2.1018250473293696,-0.0054877135320932245,1.5475603714357111,0.0879272658586101,0.34207169705726626,18,pass,-0.17676796843542614,1.8071282475188486,-0.01327667987504762,1.0276311053753462,0.1651885212718082,0.37619718946587843,13,pass,0.3196519469146094,1.715623161787334,0.2693768493251104,1.0235469369035866,0.16650816713173028,0.43810304271555445,10,pass,-0.029676870750013407,2.101690013500535,-0.14590157572022305,1.1006918864565445,0.13244972574254069,0.45349802986819554,10,pass,-0.07081201776809685,1.5976711873570588,0.010312728673411228,1.1570047844946194,0.1271834809387887,0.3071967228238829,21,pass,87
54,expert,-0.2306231816944155,1.7105868771068526,-0.09458970989475363,1.3198995308874888,0.14034688105149679,0.3905160204187153,13,pass,-0.1873448576940284,1.0981164940927548,-0.09517702575699324,1.1118258759205129,0.04685296920703325,0.12885975997498456,120,refer,-0.07708374279883762,1.4016284937147079,-0.1843519468222353,1.106286402939911,0.21352678177835252,0.435532117466699,10,pass,-0.6702691823060175,1.434872049890799,-0.29833436693996024,0.9556889779889832,0.15584508983599818,0.3626535231213956,14,pass,0.20674601113345467,1.7027679220923084,0.16820058993924375,1.1654427311704307,0.14505534306503964,0.4490813754654384,10,pass,-0.009860351731493577,1.9350897496995667,0.09919375867820934,1.2579068128569475,0.12448699778128984,0.3655782930650516,15,pass,182
55,expert,-0.12159740160962279,1.5299707356289336,-0.05832664762017792,1.1776675232138236,0.11751054407428435,0.2996167074812783,23,pass,-0.26735128013467346,1.440860081049917,-0.08308721039625531,1.3952108384364135,0.07978521239174559,0.25602052959538046,32,pass,-0.23917631838570227,1.7613247569722783,-0.09328893143779396,1.4328496423124757,0.15701757535899008,0.45969578424834556,10,pass,-0.000620158548029406,1.7603335187725335,0.1582882196975439,1.1553680003729643,0.18293238105760784,0.4343407925981517,10,pass,0.10842998481969242,1.6294307546240185,0.005541014048520989,0.8188887944343359,0.24656635160217283,0.41717853173050357,10,pass,0.2388428345999718,1.8469566751663082,0.11880669968349945,1.2713435514807743,0.1438005729394764,0.3839119530325033,14,pass,99
56,expert,0.23635647766285348,1.71667693757469,0.14015231385002583,1.3368200062923705,0.14651516826543307,0.40981581154014923,12,pass,-0.1342135072978576,1.5571442903887864,-0.10663987484241921,1.2839068743341022,0.062162016622678076,0.18902117136182034,56,pass,-0.006474743793634065,1.473288556191173,0.15924647872933687,1.2114389117983553,0.13234827267262436,0.4625106764462091,10,pass,-0.06762128897785488,1.918455521320618,-0.027630302826258595,1.557514454497522,0.1283813557349947,0.46089444046140204,10,pass,-0.03206705020484027,1.6172657767242309,-0.07850115537039189,0.9552493894455031,0.21472302239224927,0.43907986113379155,10,pass,-0.09690939574891341,1.9134377135639482,0.0019340138401143221,1.5557777088758251,0.13031721597755322,0.4726860830441689,10,pass,108
57,expert,0.25638210687445645,1.5042881362096445,0.02217080755622963,1.5567844392594197,0.1257424325293221,0.46253672987693806,10,pass,0.0914791849254572,1.5372666818933693,0.010292347127514331,1.2374904912096318,0.05711292217312427,0.1615465797683714,78,pass,-0.24031160452141054,1.6556026123466498,-0.23360705017853134,1.1707439257546584,0.1522528464967105,0.4049396092001672,12,pass,-0.26762932881791784,1.4458453729299097,-0.17130687167196218,1.1698394774209913,0.14136590769228052,0.4483461226485692,10,pass,0.13198179328395906,1.449771454144111,0.07429547281993767,0.8151921248483511,0.23463646946192354,0.417725267472942,10,pass,0.03533754821340323,1.35076887152365,0.004788455837988767,1.5360206236374887,0.13003172177759476,0.4729575462865807,10,pass,130
58,expert,0.1758504906554299,1.7585948030721517,0.14045495976106054,1.3457296746373424,0.14714123391346695,0.40980560270195926,12,pass,-0.010837139895397876,2.1193818948709513,-0.0065183593446727466,1.587151186101139,0.09180538003346468,0.36834622374612247,16,pass,0.09006279146632902,1.2494985497258726,0.09932592033515052,1.2648232116603038,0.1854212803394626,0.4533025725360339,10,pass,0.08472816910829346,1.5768679287804666,0.13154840302544057,1.163950862385766,0.15169206872666827,0.440908797557671,10,pass,0.14953515563036976,1.873393869360088,0.2007849733698841,1.2159243083336333,0.1800746792669931,0.4357858986192984,10,pass,0.12027043239113532,1.7524827678309616,0.1185640404967922,1.2751612355077757,0.13566272862503326,0.3941556128763707,13,pass,71
59,expert,0.05464344768459259,2.269018859576219,0.01562700391609622,1.5812308782801188,0.1304470869313775,0.464130383716145,10,pass,0.12314419021426636,1.7196587255904594,-0.004647709947595355,1.295412599997884,0.06610804926788523,0.19776148826234946,52,pass,-0.01587744296649552,2.0931825376271425,-0.017122630757587822,1.571597289854291,0.1307719790433657,0.46148518538447314,10,pass,0.23395260011957122,1.482018197446809,0.07994625566116569,1.46455231175286,0.1473929429647649,0.465910167132569,10,pass,0.2361190258018446,1.3741436405774492,0.07469472281215109,0.8875668261973244,0.2528853912945338,0.4278426206239222,10,pass,0.3883886321025569,1.5796428001606706,0.13226298708827122,1.1064440537156712,0.1251719548445591,0.29402394439734636,23,pass,115
60,experienced,0.3169734900456295,0.9286579835257343,0.13566463519187946,1.007527572952084,0.09658814059379989,0.20282927232549533,50,pass,0.05743732149031815,1.1229045662983854,0.012714518920636143,0.9848372709155345,0.04756546954215355,0.12608149484008105,120,refer,0.040053258901464224,1.1304650226397228,-0.02206157199231643,1.484405450254098,0.1384130755052166,0.4524026202199736,10,pass,0.14364322387272688,1.1095719808110593,0.18472865235022373,0.7485251290310776,0.16770934689961461,0.28022075878901453,24,pass,0.12590233362160494,1.0845849389531774,0.09113557034838492,0.8583186562258895,0.22242045060621513,0.4437033513859226,10,pass,-0.020095778665060876,1.0231447732412278,-0.07948021940732529,1.0436392228657023,0.10259368487828673,0.2578202954873993,29,pass,243
61,experienced,0.06817156227445348,1.4081280427924718,0.008700299332994302,1.5383244238556115,0.1409819799533361,0.45782687654782017,10,pass,0.6240139577949172,1.0769112102132359,0.34844534649019887,0.7831591219931308,0.06485874959586946,0.13082603140539079,120,refer,0.5743507229605634,1.4611255996906019,0.2574223348271258,1.1606363906722148,0.163502251559117,0.42541453792401857,11,pass,0.3767118563512671,1.1749362942258366,0.20418073769109443,1.2544720715535336,0.18683070088493384,0.43959730426838356,10,pass,-0.2094674890658152,1.1012082882525236,-0.1010647826514705,1.430106302724567,0.1577330370898716,0.46081979341720064,10,pass,-0.08606959039555263,1.2463344344365455,0.0047064691943413854,1.1843572362988426,0.14365806090418048,0.3395244256176051,18,pass,179
62,experienced,0.10086852705144024,0.24143434639288763,0.04910183172355683,0.7364293849855186,0.06933350142680884,0.12904681849018845,120,refer,-0.667297093854888,1.0279173541331332,-0.44075070045999143,0.6146301493715528,0.09832975157310256,0.1955883247457164,49,fail,0.4587265149199741,0.8951640348904152,0.19675086242136522,0.7442396183870579,0.13410634565266935,0.22219059658339985,38,pass,-0.28992439024627265,1.393616212313082,-0.19120678822076517,1.0534757395382586,0.16332501838615446,0.39112105816767934,12,pass,-0.04304430707415323,1.2239337299215372,-0.04242781301363246,0.7885628123566346,0.18234301572815,0.3566856367249795,14,pass,0.31749082324776484,0.6542249402871823,0.14765031689724853,0.7568193017596936,0.06450023381047876,0.12758021910396825,120,refer,353
63,experienced,0.26365351869302983,1.4579855343692347,0.02875064612310103,1.4874783330052066,0.14997348646636852,0.44810343180493023,10,pass,-0.07905946435024022,1.069838688085207,-0.002745327456654585,0.9499186097477723,0.05557748696422848,0.1294802860002811,120,refer,0.17818346509104083,0.7801946153139012,0.22877407569317676,1.0652556663455752,0.18951868937831595,0.3996332292774864,12,pass,-0.053901952492300016,1.2234033858100224,0.040952829493508945,0.8992982135399684,0.21406102808593044,0.3658287399191291,14,pass,-0.033338327158947696,1.3540673141186719,0.043157255576451434,0.8924048161082726,0.2179495759084716,0.43349411856838044,10,pass,-0.13141764590158284,1.2374551042596311,0.0009675506417016522,1.1711084305047688,0.12358311930613446,0.3254256701621547,19,pass,185
64,experienced,-0.3601578458222805,1.102133598899003,-0.17741329812869355,1.139946889841222,0.10673163520617529,0.2775319945546012,25,pass,-0.08499327279792172,1.7178419694494824,-0.047927197211795496,1.3013341898099595,0.06683491938890096,0.19501536082185894,56,pass,0.2961953464707058,1.0395357680114365,-0.016177621491745734,0.9790440691941116,0.12771174585952652,0.34087139467612904,16,pass,-0.27871156661249874,1.5474067902720163,-0.19405509986914768,1.2246892072067732,0.14991426899127694,0.44116507655615,10,pass,0.09131812090583687,1.164127589045801,0.015172111969819367,1.5198300642411442,0.127357617490186,0.4523057534743745,10,pass,0.012550409976567896,1.2387607393985995,-0.002714169482371747,1.5109879649070614,0.12949416330871188,0.4654041916726963,10,pass,127
65,experienced,0.26751115284981697,1.39886056254269,0.17208293165586092,1.2322581418878196,0.12209042612899645,0.33688121270036486,18,pass,0.11762079002341798,0.9447998122054105,0.11439091420817135,1.0046439018985207,0.05441546138874185,0.1303424090356197,120,refer,0.25477347326079186,1.460360441744964,0.1571728791282677,1.1479458669916065,0.15786276259711154,0.44249335007857254,10,pass,-0.6911004227960829,1.4523408489882987,-0.44105468278477966,0.854075409220974,0.17345251130971104,0.32810707706852343,17,pass,-0.2013659277883054,1.2927733534876302,-0.06717446117949122,1.4630663653978186,0.1493138665077072,0.4682659852088332,10,pass,0.04430207780575262,0.7420187216614466,0.0037531786043519273,1.2842137825976496,0.15403018525704348,0.39690116144369825,14,pass,189
66,experienced,-0.1493173535779266,0.673035642522553,-0.045205482080569556,0.8358412603331196,0.0664295915560185,0.1282820740729081,120,refer,-0.6130202537120393,1.060662878252309,-0.29292513549098514,0.8369656729027045,0.062373015096707764,0.12729515539932007,120,refer,0.2912600461706863,0.8529081572605581,0.21283549584764258,1.1272951510865523,0.189806031982211,0.4325855505436937,10,pass,-0.03016922062605553,0.840511223378164,-0.006395480107600399,0.9404253996950278,0.139433297749275,0.3710415206508791,14,pass,-0.21702940064453494,0.9064964246835272,-0.16957245215857317,0.7042550900954946,0.1829896472220194,0.36136916482824283,14,pass,-0.21123441924314124,0.7570655358714522,-0.008728494958370726,1.474323697469261,0.14707536939060986,0.46498843868721873,10,pass,288
67,experienced,0.25275884445804403,1.2961399640462934,0.14215686016014117,1.340118163651636,0.14747093291393293,0.4067494732611388,12,pass,-0.014070126257652511,1.2110536762379887,-0.01058034887711801,1.0586011735388337,0.04670381783798771,0.126228261221565,120,refer,-0.23800821886079562,1.2647874085886772,-0.18297588797999723,0.9009387367437647,0.16627402177734835,0.3240736205030837,18,pass,-0.3469493400867215,1.2770529185546475,-0.023696545233801367,1.4959428798392576,0.1358304371588444,0.4519394962712706,10,pass,-0.028662566394745473,0.9304389652910326,-0.035241091155311,0.7658473975651989,0.19358077911313243,0.3835949668995473,12,pass,-0.24325807933797794,1.8443497716329866,-0.12159724418272205,1.3523809140411849,0.15122302443942204,0.4392900285892565,11,pass,183
68,experienced,0.42855334543739415,1.346491519440718,0.1904920262088458,1.0564562117284135,0.10530332704046007,0.22640998490400382,41,pass,-0.05026560439380233,1.0299983956627226,-0.04282176713197771,1.3910609788286772,0.0825504590886502,0.25309947132151905,34,pass,0.017137358040714513,0.9876346449574303,0.007749447452209684,0.9846245407389246,0.16154722922876547,0.3651472964772924,14,pass,-0.25965115302253383,1.4878208954729712,-0.1611458307746814,1.1750524687040238,0.13946203688104628,0.45636576404818485,10,pass,-0.13562686156624237,1.1267966903857884,-0.13059863465505375,1.081930508763034,0.16794556837976743,0.44849388974607146,10,pass,0.051993756148181115,0.7446285507738581,0.09994104134710179,1.2725451191096473,0.1259658069643625,0.36559901884488305,15,pass,124
69,experienced,-0.21655288836844808,0.9454129301191022,-0.11275335665742188,1.013539799199129,0.09737754600648588,0.2052100420236001,47,pass,0.037739744449756744,1.2971011032100963,0.04308856955366123,1.2118239234590307,0.053450898401862484,0.14526950928379057,95,pass,-0.1751050611505849,1.3417763501604223,-0.035033826014188134,1.0944198691500784,0.20374632007000024,0.4084314705648031,13,pass,0.19131446308374564,1.8642374071244074,0.26155825885205747,1.0412848010918754,0.1732466040825757,0.45299487906028196,10,pass,0.21001536559435224,0.9558673545243433,0.042047778268257154,0.8266884841830314,0.2079688117037956,0.40264764349005483,11,pass,-0.14296162071578036,1.8970759616904562,-0.1325488853693944,1.2739892769176182,0.13627359337921371,0.37961886717639065,14,pass,190
70,experienced,0.17720156252167002,1.2360263118977315,0.13938494695952114,1.1681867533432972,0.11555101189365984,0.30619120811905354,21,pass,-0.19545514256167348,0.895580340749429,-0.10686190607101437,0.8656443516908446,0.06298627965265127,0.129166810607061,120,refer,0.39512395771352743,1.0832358745204562,0.28460205142951134,1.0994922252251413,0.20287966361073856,0.43507271860608726,10,pass,-0.29053626247174047,1.4177586875405022,-0.15816321901728578,1.2393107383066355,0.19680584592854306,0.4389713815921141,10,pass,-0.1847598101510504,1.2291458155879693,-0.09392371250419373,0.9410331724581412,0.22915609450741103,0.4231653381763332,10,pass,0.1763795666090122,1.5762774915698987,0.09864497045613296,1.2651364606560156,0.13641586794784105,0.36905934801136586,15,pass,186
71,experienced,0.5737125841795923,1.170126763958452,0.2249402407133006,1.0429526996112524,0.09496282213640887,0.22609387513998958,37,pass,0.2585601630560197,1.5175751136909539,0.03505527020245089,1.5272264951697918,0.08867269421326127,0.3307521861645323,20,pass,0.1896781570097996,1.3887531932668626,0.07916438496951615,1.4004265794571575,0.15667791036033077,0.4582612583668611,10,pass,0.3924766476217123,1.3779789071623438,0.3212290004027273,1.0317925825500416,0.2039071851300655,0.43667945470471864,10,pass,-0.10582893820265078,1.2017191923952533,0.10944236022077973,0.9340814163131123,0.2323382460375378,0.4273632075711715,10,pass,0.04263370178913445,1.3773911080152474,-0.1005051054207537,1.177149047452149,0.11580606527979206,0.3175664689108935,20,pass,107
72,experienced,-0.13967781264206008,1.0018283566796196,-0.05406990190133416,1.1959340159175593,0.12699381131050694,0.31895161743825073,20,pass,0.21455753040738607,1.287931539547904,0.13315970507397387,0.9685400606287499,0.05392347966596892,0.1278475171251063,120,refer,-0.1038652048098476,1.0084478892328022,0.09543152581161965,1.0917471857812822,0.18794559776667236,0.43961135856692785,10,pass,-0.018156774827106308,0.9836301715151072,0.005799814291084542,0.8945286706196868,0.14205874070135413,0.365728470591319,14,pass,-0.014437209582035872,0.839026749741322,-0.008724359855047083,0.851277962275966,0.16386376145492593,0.4364227426408354,10,pass,0.3627494935237208,1.1310611917644193,0.10241252662775831,1.2729489341389562,0.1292269154546221,0.3647419472482397,15,pass,189
73,experienced,-0.003501742790714542,1.0901093507905149,0.0832132176175883,0.9803764088173194,0.08868335919419428,0.19126034575641024,53,pass,0.14855702523041905,1.0895771073427185,0.04817147316387898,1.0539781432399524,0.049295005613651376,0.12695526089913972,120,refer,-0.03139959334182009,0.9732616980172656,-0.0046238575858237995,0.8657278911223959,0.17935942191281268,0.29966863810074684,24,pass,-0.46747592739927984,0.8110407616437474,-0.4039230404863071,0.8642420937307678,0.16841170562773894,0.3216351956388206,18,pass,-0.040706206906391706,0.6308095788957783,0.05261421787885628,0.8539618115038183,0.2359087496793251,0.4275088370927296,10,pass,-0.9613395183981382,0.8270768363329712,-0.47950282083410317,0.6776050356299248,0.0673729116122095,0.14753821123673194,120,refer,345
74,experienced,0.0002528828021772878,1.4105653171259318,0.07733623637404802,1.3007408752249718,0.13674237029615977,0.3691600876811151,15,pass,-0.9496497623930459,1.3260770416356422,-0.5251810333319442,0.6270922900369732,0.10143617184038767,0.18881433732765712,56,fail,-0.2458098285068617,1.5708586338238113,-0.025843754456298374,1.5017349178972017,0.14213716217107103,0.45922185285313016,10,pass,0.27473466601706,0.8268284046481345,0.2991848347870675,0.8687074592099026,0.18081928704741437,0.3245305335168615,19,pass,-0.48844213936939523,0.9420953016597858,-0.07272162271863983,0.8241502119929114,0.19033163747314252,0.38770497411803634,12,pass,0.75891796061797,1.3322298787675557,0.3913870585918651,0.7800424382857784,0.06424901842004924,0.12533621828350375,120,refer,232
75,experienced,0.06256138138417466,1.235545548679659,-0.08908248975949934,1.2692236831404977,0.1283267870135778,0.3599918170706114,15,pass,0.08752431824142476,1.5335020613215031,0.030765928441975184,1.1989730702886991,0.04744207487588331,0.13708124723490228,103,pass,0.4946735246688144,1.1311321476445202,0.17870730803171112,1.255175015245248,0.19086751392499082,0.44435062621273363,10,pass,0.12188948147657593,1.0917236937440344,-0.010509962167481948,0.9263277462022543,0.16822418078367268,0.373417414742098,13,pass,0.09644201215436439,1.083676809936235,0.2156948663571287,1.1002701175784797,0.17580584849701766,0.4299373496976332,10,pass,-0.2434752450727249,1.0265634477100487,-0.10212456694915528,1.0616289952815485,0.12248477079057579,0.26147632947048166,30,pass,181
76,experienced,0.31307865665373186,1.6062599152423214,0.1291514866125737,1.3260605912390806,0.12903083498150505,0.37563443211054903,14,pass,0.015204789837447039,1.5164323549838583,-0.0005363343648679241,1.3834473365688122,0.07976912930186265,0.2478184484980203,34,pass,0.27641659408636726,1.4316192611384388,0.03823001590180962,1.0509633629166606,0.17746998090864177,0.3821068528259571,13,pass,0.003922920174696468,1.1442373713519314,-0.020308534302133245,1.5666498923701038,0.12914967774278968,0.45866420397706564,10,pass,-0.14907520671206337,1.6410984187173823,-0.08419388023841408,1.4776727387273652,0.143541388671395,0.46603387678963354,10,pass,0.1978671264550264,1.6636131794756301,-0.003073213382461542,1.5563415972490549,0.13303236411091832,0.46688492819942545,10,pass,91
77,experienced,-0.47222638817628304,1.0962001176650693,-0.16062020427854512,1.2275440901666612,0.1342763163482102,0.3445029508480289,17,pass,-0.10241722019829076,0.998402477559426,-0.049051054170180165,1.1483123449907222,0.04928623285906851,0.12973015403315127,120,refer,0.2940377010007446,1.1669203244000368,0.12483829097666718,1.128189060590568,0.2138268144046914,0.447771989528269,10,pass,-0.052516263313093885,1.0507451746952237,0.12574604926521402,1.1787139146353074,0.145449054679568,0.45331081806232504,10,pass,0.5229828246785788,1.4882185004870532,0.22057774479202205,1.153560988042358,0.17780438777810537,0.4339231824194133,10,pass,0.1441113218681833,1.6024557551605692,0.11585295842618262,1.2650314511278726,0.13493282411432433,0.38198876771920875,14,pass,181
78,experienced,0.13539032746952953,1.1769009069892775,0.09973399386283066,1.1791010143396334,0.12098592570623844,0.3027308273712709,22,pass,0.17147093810769484,1.2184300925720002,0.08202607512226584,1.0790126318344386,0.04960664570696498,0.12779804284566076,120,refer,-0.05329144258819051,1.0385977713659993,-0.02666232102201246,1.5551369260382666,0.12869032282464593,0.46278144312337777,10,pass,0.5057898220396412,1.3875398311637592,0.2603116234820392,1.0739571399875454,0.1705597178438349,0.44206975292171036,10,pass,-0.10235098574694933,1.4077835966046788,-0.0204524075773817,1.5115228610570866,0.13437454516518738,0.4581483819972566,10,pass,0.493451903909054,1.4688327799740213,0.27900316309323125,1.0262779487684317,0.10556468377638396,0.2434458341291825,33,pass,205
79,experienced,0.07150335764253256,0.3495775589483966,0.11481173188658098,0.843674510708048,0.07479837913088425,0.13216827731320535,120,refer,-0.22972533308330653,0.643386414181581,-0.03302587449474831,0.6046119058739367,0.08957042534186305,0.19237839132591045,54,fail,0.08770846052882776,0.48515330573071747,0.10931577056505679,0.732513059153289,0.14042091758920933,0.22099477076711305,40,pass,0.03276000723834862,1.0390705346712261,0.10975602869967899,0.8321057668146703,0.1712902125459719,0.3286000477726178,17,pass,-0.03572581353517081,0.5469193936953927,-0.24485840582078663,0.8112643106573433,0.20070646160387942,0.4124344897727219,11,pass,-0.15866732114694965,0.767644624260903,-0.08514673518206212,1.0142847009230422,0.10383968955639893,0.23255441115045902,38,pass,280
80,experienced,0.47490517922871067,0.5491266251800143,0.2051424528769128,0.5901602741195459,0.0747687303474515,0.12526670416123875,120,refer,0.2930152761016856,0.8440644336092358,0.224471254520904,0.8378416509114076,0.05499885923513362,0.12398514818667354,120,refer,-0.10604450703347164,0.61467802877661,-0.009016532936260252,0.7496399785513373,0.1323684970682547,0.2254128356873481,39,pass,-0.31636843721612806,0.2457637178562565,-0.23794693295597347,1.1123051555152106,0.2010717163016207,0.43021081316565984,10,pass,-0.34533198937266085,1.0220319943634213,-0.1829559554010244,1.074944162243583,0.20947961340693536,0.43412409569132376,10,pass,0.3509069184298487,0.5971020891824703,0.19922927484087238,0.7171535171812328,0.07093219644885,0.1276830670683047,120,refer,419
81,experienced,-0.3170543697181014,0.8509882181415566,-0.15694790697673233,1.2301224297100726,0.12886137330741745,0.34597425351906796,17,pass,-0.13038700439472836,1.214729261683134,-0.1190477878227258,1.0537336805144688,0.052511550026057764,0.1282120672128543,120,refer,0.16178940322999905,0.7235363267241952,0.03881207569583016,0.8736174080091513,0.15081388464441375,0.3020375088319971,21,pass,0.2662889034268894,0.5420394138995456,-0.07028311945870254,0.9800955581318486,0.18245481592506102,0.42266410075988964,11,pass,-0.1511595052783367,1.1826262806346834,-0.13533614356598336,1.1362416627599148,0.18659859048649924,0.4381018718252971,10,pass,0.06398811474265573,1.3163441397589515,0.11037647435942616,1.259845746354029,0.14415840361906943,0.38321680228562427,14,pass,193
82,experienced,0.2741711818788783,0.814569462473486,0.02418298102340683,1.0511822338576866,0.11357933410184509,0.2355814795338145,36,pass,-0.19648092802465467,1.5735693240166722,-0.007842625552197008,1.5755926860297738,0.08863282651433667,0.34691864055823207,18,pass,-0.27472879694476043,0.9340789357823996,-0.18404211189924707,1.2243558012114293,0.15229954714316044,0.4446402079144724,10,pass,-0.08548835346902824,1.7509608727728465,-0.12654648762429216,1.0475834362878036,0.2271347253893969,0.4456427354924758,10,pass,-0.010360631710443224,1.2066146734354097,-0.220412508639524,1.0690753484734927,0.1664979476172149,0.45725868568628075,10,pass,0.321165956680841,1.1013260649414913,0.09060645353556333,1.0337155474651396,0.10816311515479583,0.2391255561371186,35,pass,119
83,experienced,-0.1778399527410904,1.0643917095488422,-0.06680087402654493,1.0397650094114452,0.10681225205410322,0.22629608094335063,39,pass,-0.4200852956871542,1.066491135971353,-0.2114578991395882,0.9708325067037746,0.05706943227473367,0.12782521463594354,120,refer,0.05047032728498561,0.6151058579068539,0.20317535039506981,1.2144440168763346,0.17947072062036268,0.4327322628465522,10,pass,-0.31707451635829437,1.0725659649667403,-0.147115370563619,1.1744398398359193,0.1324596192829989,0.45598284900521086,10,pass,0.2522094766004169,1.4117897728201507,0.20705818457174616,1.1503982568173592,0.167284397864201,0.43295216384419105,10,pass,-0.46323533644342063,1.0794219207258822,-0.23663655072381964,1.0715703594044592,0.10873721275304982,0.25753889845547523,32,pass,221
84,experienced,-0.19811669258278136,0.9601934855911628,-0.05351000747615208,1.153145024431532,0.12246173543685873,0.29463101772154754,23,pass,0.06736478324316107,1.229680135679398,0.042162946304060755,1.0060238473328433,0.04970860385202102,0.12729954346560465,120,refer,-0.5963553709528869,1.3278639515466075,-0.2997451338936176,1.0579405728579938,0.18603516629309658,0.4003268744449897,12,pass,-0.1953353950233468,1.5272750548783236,-0.022655484053766627,1.005376653398221,0.17305890013590064,0.39520247967980804,12,pass,-0.19962440500198117,1.453390962455739,-0.16973663566929278,1.1020513440202764,0.18276748137663337,0.4303105512102796,10,pass,-0.09166049455853803,1.1963758646635276,-0.1159868214422939,1.2434052855058533,0.13611181539563888,0.3668571433535918,15,pass,192
85,experienced,-0.23321189349612714,0.95127867653918,-0.13818117115399348,0.9307033867732011,0.0780367928732554,0.1633434794366763,73,pass,-0.296780890786604,1.1788849774997587,-0.19375764114128782,1.0509186051696628,0.04841155747671541,0.1269020821983051,120,refer,0.2505740706639915,1.4087401937672386,0.19776397259535716,1.1652816109096393,0.1585430696420038,0.4445324763775866,10,pass,-0.3080619902073631,1.6104259693312284,-0.18418164604656867,1.1945249699975744,0.1516312713401321,0.4449484986794858,10,pass,-0.12733902171728445,1.135415201681814,0.12565763574554606,1.1321844674075192,0.20778986694348744,0.4456478210461634,10,pass,0.14567725624340727,1.0275045047229934,0.014478010444859902,1.050120656102144,0.11344089215353244,0.25203311478210705,32,pass,255
86,experienced,-0.22779662837704642,1.6865928850753886,-0.055157601699767626,1.193435450660879,0.13492224387483753,0.31647670495200314,21,pass,0.2537718095963973,1.5195534224875096,0.10561732381593476,1.1030556650869148,0.049765095971485755,0.1295908175493869,120,refer,-0.2616330024905243,0.8643725049022732,-0.22448017110323373,1.132653376307668,0.17965756893283027,0.4323969188795849,10,pass,-0.3220888312506554,1.2182505506799013,-0.20218285456489615,1.169415140048067,0.17538232195513478,0.43508430087450933,10,pass,-0.5013875608860994,1.5099668867879628,-0.3283710861655713,1.0266780589180415,0.1901375912794687,0.43813674282202186,10,pass,-0.23178905667990063,1.433950460149187,-0.11011610290048358,1.1849871672449126,0.1358478295346878,0.33557159818868765,19,pass,190
87,experienced,0.18954020600290136,1.0748657109197548,0.08523896022168191,1.1376571682600605,0.11978025278471162,0.28432779233906535,25,pass,0.21849303582727977,1.2406098495503939,0.0974471634752926,1.0434259047266774,0.04849393042571313,0.1273606093212133,120,refer,0.28228343509850384,1.0035862555812132,0.20185688813574296,1.1325611012354266,0.1717649658208505,0.43335963884893375,10,pass,0.023658071755531095,1.1741074846464905,0.1618371751948906,1.166550213937286,0.17202856841315245,0.4340637354403053,10,pass,0.4121194921345009,0.9910650202369514,0.20349908862313626,1.168284917809052,0.16961349473554319,0.4343783861307683,10,pass,0.1575483942348511,1.2160662735350687,0.018161507778879014,1.4743795448537922,0.14550474186328294,0.4591363110921894,10,pass,185
88,experienced,0.2550960106614311,0.3789569961980591,0.0827278401904892,0.7389065648981757,0.06700696012649607,0.1260557869720818,120,refer,-0.19841524967173105,0.6591993397402491,-0.10677185786066158,0.5875411009680339,0.07608728743035527,0.21590097686248602,40,fail,0.30982062859384873,0.584118058714788,0.26074415931591205,0.7031667579915661,0.11743989907737674,0.20615175273839534,44,pass,-0.06020654472932971,0.2589750888452701,-0.07741162142207095,0.9280323560026773,0.21289971329564175,0.3854355042276625,13,pass,0.10771142555132292,1.1389187743037088,-0.12165292432306164,1.0538062517755835,0.14584188181361865,0.45020586490550757,10,pass,-0.06404688827304506,0.9190093666240521,-0.006904212605070524,1.4393187647384593,0.13720032400665907,0.4620773289425464,10,pass,237
89,experienced,0.2794925679768237,1.4218103448289032,0.026464079732008032,1.4779869823410805,0.135171144268829,0.45372095449963445,10,pass,-0.18986134965654564,0.8988427258365334,-0.03289519236890496,0.4880262529397161,0.12427360901093658,0.26759122708392113,26,fail,0.08059318617853714,0.4457741793973169,0.16819055168483896,1.1490027652276056,0.16653598019220772,0.433903028819594,10,pass,0.12883880489716137,0.9869331083618306,0.021467007770904264,0.8462848572097572,0.17565637897578099,0.34836143085787996,15,pass,0.26724154134257805,0.8265168286597162,-0.0884742461466738,1.0691584921659254,0.17635633223719807,0.43837507470628,10,pass,-0.24169847834287406,0.8986991108933018,-0.1492362610782836,0.9834874672185467,0.09692301365421936,0.2186846101392189,42,pass,113
90,experienced,-0.06338356806334132,0.6624967557303443,-0.026176108993038544,0.8908455467848709,0.06972578116652485,0.13856208793698602,107,pass,0.01165835763309401,0.330969064195867,-0.048958322508903196,0.4496584178367275,0.22026811086431156,0.3177848664380889,20,fail,0.1690978280699809,0.6697933426491218,0.24696793678558926,0.8008220457033117,0.14535282244548983,0.25954061992523525,28,pass,0.20913952849253795,0.4703326129621933,0.3292779680486108,0.8038782719297056,0.18792780151382515,0.31663382372139115,21,pass,0.26080530095790005,0.5207531283500381,0.1332977944963348,1.1093372208824526,0.17262780607189948,0.4438919940093778,10,pass,0.1970835021735455,0.6620146796508897,0.15890657426459998,0.9490488377159108,0.10038202291326702,0.19394914089337661,56,pass,242
91,experienced,0.3958398841375404,0.8235797673328331,0.17798150353501313,0.9848366290748357,0.08251844696202108,0.1962747282121034,49,pass,0.3220630128005416,0.814353984874145,0.16923271003935111,0.9128562331157596,0.05700340156668671,0.12729141512701753,120,refer,0.3801366968666029,0.853585820344855,0.20657441081071765,0.8987936235720432,0.18551890696061904,0.325505197671073,19,pass,0.07205313386677277,0.7282754456545895,0.17678763578204604,0.884927190376162,0.20111979241238614,0.33577063092187803,18,pass,-0.17031810955266444,0.9649222772024985,0.025263480108955638,1.5025187201569472,0.14635314961450357,0.461829873792966,10,pass,-0.44857505720866936,0.6624444793174191,-0.2680708275182109,0.669190197932275,0.06669812169652962,0.13259905735147917,120,refer,336
92,experienced,-0.3993787437199697,1.6678274325398434,-0.10120779792505048,1.1445231956338209,0.12596683610046686,0.28582642279592224,26,pass,-0.27967563034516985,1.8830072021599555,-0.0752976715004075,1.3939609291163646,0.07216547761044628,0.24793347613403083,34,pass,-0.3170812386407662,1.4414144825055826,-0.0614764331386457,1.427535149944551,0.15717718398000924,0.46440768845219166,10,pass,-0.044182862779484654,1.3860585341949387,0.12115364305283896,1.1969892978236831,0.13629960282999448,0.45848784976897666,10,pass,0.3444356184842739,1.5416277430098009,0.07349817497800344,1.3706431495169558,0.165123879543279,0.45641347512926256,10,pass,0.09099551977871535,1.575783935524414,-0.11166509868527288,1.3328774412414761,0.12357655353113002,0.3852350660723444,14,pass,104
93,experienced,0.09026068507198812,0.7289941270795547,-0.09088274703284359,1.3498426498644165,0.14572301371608531,0.4162914154552802,12,pass,-0.11112037132897527,1.0047755316441356,-0.0671842766615735,0.8287597560250421,0.05982490784588396,0.12519017837479718,120,refer,0.022369784949166506,0.8042892832808848,-0.02224588185059904,1.5305415180193083,0.13035680411297293,0.45755646124114724,10,pass,0.018910545242225067,0.7358281731478592,-0.06589131270480555,1.281876293008072,0.1754766665985543,0.4461240102233466,10,pass,-0.5389546885065517,1.0244820834858286,-0.2122577961190503,1.13059384087291,0.16919263222266295,0.43424595227502,10,pass,0.006826719057346061,0.88657210968341,-0.018781534361797952,1.127524342912631,0.12642190853587537,0.29960589654103514,22,pass,184
94,experienced,-0.132617386898345,1.2644299094596043,-0.07512414329597178,1.3711675352140353,0.13352101124696367,0.3985640968070072,13,pass,0.05580317864818871,1.365844616433208,0.04964937594150706,0.20067184511431804,0.17345600909980866,0.43453333266775174,10,fail,0.4269712095224398,1.4705281459978603,0.06643764499637311,1.389530431006579,0.1454600312992219,0.45993670561978284,10,pass,0.07262504830533946,1.7828538048044822,0.06425630083493539,1.4209321373097739,0.14027149071733658,0.46377988417571614,10,pass,0.11729790940920945,1.4310369694991842,0.14529762845117342,1.1632527739284786,0.12428827515860645,0.46023476338351904,10,pass,-0.2542011642081933,1.297037118160496,-0.17638281373229084,1.1575411728887397,0.1170228091470019,0.3153433248766569,20,pass,73
95,experienced,-0.01835342117706701,1.135967682987832,-0.026871250858591284,1.1383107361535387,0.10797191614307532,0.29120096492442404,23,pass,-0.07613663454869317,1.4146729733563066,-0.047771736822614985,1.1856098101856032,0.045816637345820324,0.13133403415870487,112,pass,-0.15433883537555018,1.1133095742862729,0.019269098228310865,0.9867214265430239,0.15372580303957037,0.37751609441657763,13,pass,-0.4663915083091097,1.2836473295999402,-0.16944051536018204,1.2909614753923464,0.16266514180104497,0.441488700593752,10,pass,0.10312497611096656,1.56914260951859,0.02111352264578683,1.5121379143454312,0.12738423402857657,0.45604206713087064,10,pass,0.15361401690029053,1.235387499408696,0.10272951104108052,0.9507177438909643,0.08707060276596444,0.193195633454809,51,pass,219
96,experienced,0.2594574254577366,1.1890203666320214,0.1409638618218148,0.9532787379052854,0.08351743934196049,0.1792132766285858,59,pass,0.3882529955532837,0.9973721937638307,0.21862136541998126,0.926835638122346,0.05493328688939159,0.12460054819097781,120,refer,-0.6256787303460362,1.123513845560198,-0.2872791406034046,1.0662920935121372,0.1868448479762382,0.4021333591305065,12,pass,-0.14790654241300763,0.8136747511458545,-0.14785360656797628,0.8773963269472346,0.18817627905250248,0.33964846069018,16,pass,-0.17185959810439996,1.0437075713089876,-0.13925969679035452,1.0366008129760858,0.19068497027356435,0.435633467960234,10,pass,0.380588733333613,0.9955229382933516,0.12179428631392851,1.0278387851890867,0.11058967973659167,0.24821964993294207,32,pass,249
97,experienced,0.3398054531054447,1.1803090203283013,0.14097480776043303,1.3108322524338627,0.14041822225072187,0.3968710010947132,13,pass,-0.05477680892594814,1.4454674217625423,0.04366272958350494,1.4032371102972028,0.07322856050639207,0.26350182770280817,29,pass,-0.014819774733497274,1.1944783101165464,-0.06453914968726972,1.032929686561594,0.19400120807687554,0.4049975171609505,12,pass,-0.4495515899269143,1.3914696584416348,-0.19891889455380563,1.2166806697557564,0.16247789114557384,0.437645045710751,10,pass,-0.5991007828647382,1.1235343350078817,-0.36002050977916566,0.9701688281814166,0.1812542010314139,0.4378098631485761,10,pass,-0.06664432281131535,1.2864018928498815,-0.0020150177688073824,1.521705513311252,0.1358988607498057,0.4658174081476215,10,pass,84
98,experienced,0.5914707914306697,1.150221336099423,0.3041830514875684,0.967101792935848,0.08705873576690885,0.1843135201816463,60,pass,-0.3437573097764113,1.3215721225246866,-0.15271962738665384,1.066316462227422,0.0500752485470755,0.12986391651056464,120,refer,-0.8826699444344922,0.9569579076803278,-0.5032376480403168,0.6867333446450438,0.10482916060384063,0.189810913147652,61,pass,-0.19759551435627776,0.957564143481944,-0.06881858495287209,0.8822829781890917,0.20514466051473984,0.35880703941451997,14,pass,0.07975153783422946,0.8066603723004135,-0.12126049376516915,0.8269460431570662,0.2652699318194871,0.40785424721185576,11,pass,0.1778791979282246,1.3924102711455486,0.08962343051107345,1.271641233527038,0.14095436608640974,0.3694934099673113,15,pass,281
99,experienced,0.05781208470652133,1.4402679238701546,0.029369414056935057,1.253427075391807,0.12465455566418367,0.336826338562451,18,pass,0.03211327843861778,1.1531489339926666,-0.0464145189341193,1.3297011157620364,0.06732311906005471,0.21324346312062376,44,pass,-0.4487689383821532,1.7366361931325303,-0.20727349399396186,1.1680819849798927,0.16692175172073748,0.44009005467461954,10,pass,0.3589777115868601,0.7861721097466121,0.31946827356573704,1.016719088800041,0.20076416420889012,0.43327517456208764,10,pass,0.5894249450473443,1.530858392253826,0.3108706070318469,1.0705856896625479,0.19259249744122756,0.4390759346376232,10,pass,0.5476852716623454,1.1895956662350464,0.2794655049747095,0.8905396911211085,0.07840549336406144,0.16244532751442564,73,pass,165
100,novice,-0.3664838864452289,0.5579458388588747,-0.1801982077800805,0.7203873074291198,0.07184010457405511,0.12898379331101525,120,refer,-0.3673690139660398,0.1852588510470195,-0.2811612577593206,0.57250465279708,0.10715967313868545,0.20810990165578516,44,fail,-0.36100558205936756,0.8266651947183197,-0.21623450406953268,0.893960393608911,0.15167722040945214,0.2974188039954802,22,pass,-0.6755616022441244,0.21843599146911602,-0.3329185204253578,0.6145770707297251,0.14034371165847942,0.20717658124742633,45,pass,-0.05970470961067584,0.36109916767927425,0.13041117443054043,0.5961591743479666,0.20359896723986678,0.29502131148829847,21,pass,-0.010202351033163722,0.3451982708844791,-0.1626518499154236,1.1022971437860274,0.1227092007390601,0.288927205827349,24,pass,276
101,novice,-1.198615651949169,0.5222272358763136,-0.5361391162066907,0.624930370624828,0.08508707321633847,0.13004603412803248,120,refer,-0.4649233442756569,0.5006666095754364,-0.19968716291039326,0.7151843725949546,0.07572437263217717,0.14765623293969865,90,fail,-0.016193603199198683,0.48345101823691206,0.04842067551762394,1.2757542250518716,0.17892679762567856,0.4547906476602361,10,pass,-0.5640231194259296,-0.12177909898717548,-0.09050299638851991,0.6214544713828737,0.13555183729889878,0.20588022517080956,45,pass,-0.19121621359532182,0.1899127439453338,-0.07568543266621185,0.5611796093158082,0.21485994952814655,0.28667054264391095,22,pass,-0.05970533904999118,-0.059894349499114874,-0.01924505691627305,0.17701512931430424,0.1565999864364178,0.23423888193520895,34,fail,321
102,novice,-0.22878792891612074,0.367399224125427,-0.11799816502143026,-0.030817013230996906,0.17278806084390472,0.3293165066246304,17,fail,0.16696543304579953,-0.5860088209766121,0.2395783249266232,0.36469133408803517,0.17388489042853672,0.38041213636787186,13,fail,-0.005575477323009573,-0.18630489147573176,0.1557762283502652,1.1051172142550119,0.19919346881193492,0.4394237177238978,10,pass,0.4887228032254071,0.37603764532709216,0.18318941411677164,0.7007032682069745,0.18094798658189845,0.26281844541204813,27,pass,0.00899076855928481,-0.21605545003546883,-0.030066572549619648,0.4611508981885708,0.17294918844590948,0.2157071011960214,42,pass,-0.06759606643737402,0.533186482052757,-0.13668509555232758,0.6277323452537616,0.07750529999078501,0.12924836769029704,120,refer,229
103,novice,0.6144724355042115,0.23939151988399707,0.26862321760674346,0.6593226735780441,0.07451612608755408,0.12505169190215126,120,refer,-0.3031945355926202,0.4366631829496581,-0.2377617238070398,0.6990678345910434,0.07822943601896351,0.15346519177729975,82,fail,-0.3504811750261127,0.7611811951200345,-0.1454670263890148,1.1339635061606674,0.18405514289666605,0.4043172464162105,12,pass,0.22048017254930993,-0.020271732468670034,0.2964260491136091,0.6123585499486037,0.13902249407395004,0.210190592135217,41,pass,0.3729422782139516,0.44126019016291235,0.08940604159045641,0.6301968746137532,0.16632853745757295,0.32344647312466357,17,pass,-0.23974839942162662,0.7056084853769808,-0.004872861510336242,1.4336112472299702,0.14252006841638656,0.4624179139377141,10,pass,282
104,novice,0.010593017660882977,0.008492265862686088,-0.07743590720738386,0.1144532151752644,0.16433450018156623,0.3042978649697294,21,fail,-0.3441201010446547,0.4580762543173572,-0.29830703707554757,0.2674808675922636,0.18680193686496488,0.35740461126736733,14,fail,-0.04729007625042378,0.4222080755648887,0.11294163003266271,1.1186516776919122,0.19588536894281888,0.4470795981328118,10,pass,0.07605050479490214,0.05229899488517295,0.13393608747702251,0.8353712413020277,0.19394779075686797,0.3414246728116821,16,pass,0.029127123618458147,0.5274728607172502,0.09930470561114602,0.91380220572515,0.2698676639839534,0.43751609793254814,10,pass,-0.15360875934050175,0.3988720591284368,-0.06774943694303054,0.763970318362238,0.06710754648640266,0.12824623891498765,120,refer,191
105,novice,-0.06626559786008611,0.38017288201487687,-0.08425025316838848,1.2665700902602441,0.1333505125351767,0.3559662262055832,16,pass,0.516250377196664,0.387843716594081,0.21809287554034387,0.6700234350377722,0.08475329307011047,0.17499802336486933,66,fail,-0.915361702565075,0.5400326561802249,-0.5184738169759572,0.6251341651746297,0.08897434594444255,0.1575749326864876,93,pass,-0.5555690555124688,0.5396301000825952,-0.3821844131896567,0.9127965651799349,0.1691404123287553,0.34431717939638756,16,pass,0.34341005623044163,-0.0036317036580325035,0.10102784127616536,0.49600525007668056,0.19637161391588334,0.24694467892360794,32,pass,0.5014427150211827,0.0011465341603908996,0.2458336933814951,0.4577230667605017,0.08776177704595493,0.1303515821512995,120,refer,343
106,novice,0.7079953425958387,0.3141254805611657,0.40136237890736504,0.6527943667357,0.07717286212271579,0.12853002633268573,120,refer,0.3598357947763265,0.20265809831949977,0.019474880182105022,0.2303232818880115,0.24302871401670573,0.41796127682361417,10,fail,-0.19185511453051377,0.7741282477017088,-0.1876638451959011,1.105168812472073,0.17481144251182174,0.4430411153694295,10,pass,0.4004807756417611,0.42852328316200555,0.07985289709751439,1.3056109672949947,0.1593005791061278,0.46028854752541004,10,pass,-0.05998065958395629,0.34728696976691337,-0.37730704702702345,0.8045071534268817,0.17715651354497378,0.375997516899596,13,pass,-0.34712992190729075,-0.23007612447939446,0.0013842504792181396,-0.013476794045894445,0.17324432294260453,0.3165232709059554,19,fail,182
107,novice,0.04245736423009831,0.5690921851502253,-0.06859096544122706,0.616201102002034,0.06848047182447725,0.12953523714509466,120,refer,-0.5651883595338132,0.6654079056648858,-0.322719065181257,0.6967520486384641,0.07806429183414601,0.15898316240275973,79,fail,0.4466602944450626,0.5064775676044082,0.2513997556709872,0.8590674600634263,0.1693194995997277,0.2964757162973197,23,pass,0.3244791012742567,0.7241311146938577,0.3122060976120325,0.9989726755988153,0.22900970324267048,0.4190176074273138,11,pass,-0.3458054852339649,0.6330848601725201,-0.1039123808424591,0.7477402376831077,0.23649458849151678,0.3997353428722785,11,pass,0.027803364631988643,0.32396141130059336,-0.044083235664008374,-0.03651872758744197,0.25412532882163646,0.35674166136890473,14,fail,258
108,novice,0.018122292966436315,0.06148783892768536,0.1058049624424585,0.6269969384307049,0.07728868708175846,0.12682936043121007,120,refer,0.05291840505265612,0.5346479914757186,0.04666004964398847,0.8448330063859597,0.061340627730496915,0.1276344339055044,120,refer,-0.020718932146931112,0.6375506993406421,0.02197239496808539,0.997903317918249,0.19106234666643515,0.3490183581877902,18,pass,-0.19173911802268173,0.8719176153800838,-0.06310550433789663,0.9297183264855611,0.20209451749548632,0.362453229338139,14,pass,-0.3714115285345385,0.44113228951528316,0.050330616379099656,1.2789920631863443,0.18986452330758788,0.44505103439519605,10,pass,0.1580005961283556,0.27503970192100263,0.0007055104841668951,0.6833730467753371,0.07604679112101273,0.1294425498933054,120,refer,402
109,novice,-0.7864023932140188,0.4189708001992809,-0.3803624135711195,0.6272736454819943,0.07643919538814932,0.12629242443138333,120,refer,0.23339463427814172,-0.1290432363510971,-0.18796687089345568,0.34241002332311893,0.22326519487608001,0.3548793556121347,14,fail,-0.06475464861690204,0.981503020616409,-0.017268115037336173,1.4396010867264675,0.13873896363398205,0.45344133719029384,10,pass,0.24907548139519253,-0.05904052937157994,0.20259218869581522,0.6834865376299357,0.16772832187168102,0.24813289389861562,30,pass,0.088822626361995,0.2270834882810239,0.13187938231557655,1.0170203822545518,0.14978291281419143,0.4464324130402586,10,pass,0.6689532746131825,0.5282799201727458,0.33453998193188317,0.8353481150615177,0.06883656800280238,0.12677440199143938,120,pass,304
110,novice,0.67382266672913,0.5005243628364259,0.3648366775358878,0.7640073630860328,0.06537713670931929,0.12512726702512098,120,refer,0.16616019413392835,0.6567727203540071,0.028516577670094252,0.8504015812183038,0.06804240053933949,0.13141824412559797,120,refer,-0.31173930677680345,0.8383122782474379,-0.0933400106484163,0.7802239193636951,0.13381278982461117,0.257576794284817,28,pass,-0.5450365378193436,1.1143431470172456,-0.2578090393994046,1.0243043670965062,0.19045969378733468,0.38454364349258807,13,pass,-0.39454695595333433,0.9465859102486058,-0.3273932963940802,0.8473366861927643,0.25602527079720666,0.407728039350999,11,pass,0.28231311985335444,0.7441976451574804,0.17648344925638523,0.6462664687642462,0.07152041785134006,0.1286635689536788,120,refer,412
111,novice,-0.1791754927113609,0.10810826187697134,0.3040628663181272,-0.1336385435996652,0.17544355818425067,0.3811610536478841,13,fail,-0.11929131814312499,0.4553037006911349,-0.03408425247822788,0.6971822976722803,0.06845488017324147,0.1547536978113556,81,fail,-0.32484411857506307,0.07771421780392473,-0.1825032903196235,0.3870002258947722,0.09838503576254667,0.1272294299842544,120,refer,-0.7643999123819597,0.6023595221760012,-0.32016509342296123,0.714863665070408,0.15735426622287424,0.2774633578541265,26,pass,-0.7178917196930866,0.15399252850234854,-0.31350119092415574,0.7962827135725614,0.1586958455298723,0.4015992568260004,12,pass,0.8591334547582111,0.1326997095990184,0.4538045593630058,0.31454548433256335,0.12264121659100448,0.17686899538009884,61,fail,313
112,novice,-0.429271442477082,-0.10767812297088292,-0.2521832442040828,0.3023757549406498,0.10989884132492428,0.19150075229865654,52,fail,0.00952036493306023,0.5299806363339186,-0.0015367816466252838,0.899314229894848,0.059546837307584255,0.12927532303022146,120,refer,0.4437196722759608,0.58159756376243,0.19811170883281773,0.7586739916704881,0.14072270153568825,0.24014527778917283,32,pass,-0.1661239592713102,0.11031207228301473,-0.34895926953637507,0.6614656710300606,0.15425069201805794,0.2423808799167289,31,pass,0.01869591615207868,0.6773814642177396,0.11116528237478171,0.6966053450438183,0.22966469975804402,0.3693018185228087,13,pass,-0.4711592708813152,0.571730582860903,-0.27576822696918235,0.741440758556007,0.07004177820896045,0.13898325203094122,120,refer,368
113,novice,0.3807917548760891,0.6000868370453365,0.175928385493673,1.1935422027354434,0.11726304671032049,0.31614613836840877,20,pass,-0.16982827413932386,0.6404535489209708,-0.05824929077250065,0.8704615981273883,0.05749137038285442,0.1245697204520693,120,refer,0.11082761049374171,0.03703824120736199,-0.22492799637763655,0.8395711202201785,0.1543294045574538,0.2853629401891043,23,pass,0.37873530094932595,0.6010448102687111,0.11167452005710828,0.9026845647532392,0.19652015026497108,0.39099097125863524,12,pass,-0.33488600610725117,-0.021249649330686293,-0.3529754790470918,0.7436034029084888,0.1638811079459716,0.39283371730995426,12,pass,0.1602494802320615,-0.07884619261328762,-0.054706078534523396,-0.0763194163860868,0.19694600087072578,0.41215479636750335,11,fail,198
114,novice,-0.08814369881596049,0.20015027367821275,0.06475660214278738,0.6097001816992237,0.08055883379421876,0.12691294456338104,120,refer,0.4492810031763861,0.7636974779269109,0.26365495404129724,0.7895620057517649,0.06273791000219452,0.12712188958255086,120,refer,-0.5453065886132014,0.30002944132247067,-0.11040312099084872,1.3357981662491762,0.1679595323022396,0.4516870737840243,10,pass,0.0384026165368162,0.5546899744713204,0.23660941534961397,0.7916116227423485,0.1839891709058527,0.30094872093506636,21,pass,-0.22690554654270334,0.6020929460378237,0.018350779129410515,0.5457258350828084,0.1696072618581202,0.27369214770656036,24,pass,0.16726506922106046,0.4942736237847615,0.04122629783806051,1.0345827287074727,0.12541911333140804,0.2516765266529988,33,pass,328
115,novice,-0.03930892450257593,0.15596109710061773,0.04359236302839728,0.5995994237268782,0.0792366776961522,0.12868108114829663,120,refer,-0.46265281960719196,-0.03491959475501061,0.06617444333438285,0.3084698180570662,0.1464881989636723,0.3016080205084579,21,fail,-0.14347443715299416,0.7625533570924069,-0.09211837159226897,1.0646599064915583,0.16302058062473557,0.3888776343750637,13,pass,0.26679770858316765,0.5067744373735409,-0.07912658613420018,0.8328720946250523,0.17412241418998614,0.33618622570026935,16,pass,0.041280957460256194,0.11186439659983116,-0.33345834754863923,0.7273260527776811,0.1938403812911039,0.38574578883725513,12,pass,-0.003048015774437725,-0.010089034084288018,-0.2580962119097204,0.019663021838620048,0.18368044490636612,0.3104996058269983,19,fail,201
116,novice,-0.3460816304194646,0.4952565381313151,-0.07700313125716199,0.9050070995736106,0.07188524010190958,0.15001365198757913,91,pass,-0.03418065242747864,-0.18267726297122522,-0.06080359927511814,0.25439613084031,0.3158996477167616,0.41063608409103325,10,fail,0.06510890527750005,0.1353595256327546,0.14751432458354782,1.1539746190856148,0.17591999033635822,0.42089352406328073,11,pass,0.2898175917570766,0.19841562071363866,0.15177623801788717,1.0054757914736452,0.21389563559638977,0.4082683623263733,12,pass,-0.623174622597372,-0.06179428408810528,-0.4574291840573291,0.8592602788107505,0.25698257110762907,0.4250127864856709,10,pass,0.5229346112347851,-0.020900816312143577,0.16537479503537622,0.4995408644363632,0.085790475546164,0.13151812589197,120,refer,254
117,novice,0.10532161756646666,0.1144825935608226,-0.04242964814487997,0.1668948876614902,0.20740256336142324,0.29178418038419185,21,fail,0.36662410891947883,0.3165472216100888,0.3186291111911538,0.36315462951695543,0.1493854499680497,0.29497014296211244,21,fail,0.4517897097870492,0.25827360659306925,0.2602121757515755,0.7449124363687645,0.13865607208508307,0.21961592840280017,45,pass,-0.6925909528967095,0.01770310673246911,-0.23739085499106558,0.7150186734496639,0.1808507842080861,0.2625951873806903,30,pass,0.25328766165824074,-0.021250106622578313,-0.12924569110869225,0.7589439853287484,0.21255417988179326,0.3715507779895619,13,pass,-0.5833832850976278,-0.04918120402034176,-0.21053287743429464,0.3382584392757265,0.09154069491813299,0.14822127950306424,105,fail,235
118,novice,0.013119967629127406,-0.35744727167713747,0.15853474983975782,0.16972485920543356,0.1420114405023878,0.24851699863575372,30,fail,-0.24094783078514245,0.47863243079091355,-0.0271218935776342,0.6190681265222591,0.09116945698124898,0.19145767515770826,53,fail,-0.4585517112932236,0.0999844931866461,0.19560043065365532,0.9296915890824405,0.1534270794850963,0.3541858431547159,16,pass,-0.08002092344007103,0.5209322042365524,-0.15052806997603918,0.8626652335648105,0.2026688354400491,0.3440183828932717,16,pass,-0.7261447534664995,0.586893189066643,-0.32409079970571025,0.9032194358549044,0.24446072685736542,0.41217482715287046,13,pass,-0.16636024424967708,0.38905027240350576,-0.11854895069635205,0.5987333344668585,0.07650049281876597,0.12900297575004122,120,refer,248
119,novice,0.09732426676988343,0.0502217170304991,-0.19462154288727268,0.18428546684901675,0.19552020210644983,0.27076560005253075,24,fail,0.3952616003544602,0.4230439080180872,0.04288015184774601,0.2033405335615962,0.39489315539391295,0.4022811705347557,10,fail,-0.41205644793732576,-0.30218655292796176,-0.1659514293192624,0.26617590124138063,0.09620737751997124,0.12968004250687976,120,refer,0.025447197127066952,0.43330604813500195,0.027450913508088048,0.7744201489750897,0.18502503041951313,0.29757849557377164,21,pass,-0.5163595683331518,0.32846089995138705,-0.13496420705481046,0.927706337282422,0.18946029004273063,0.44522952102441415,10,pass,-0.016694899504203886,0.029243092044605068,0.029049620750386338,0.5289616103307575,0.07997779342226143,0.12655457034178255,120,refer,305
120,novice,0.12738477488197383,0.6437732018199651,0.1144186998290588,0.9269204549611685,0.07907814981033225,0.15875126031899747,82,pass,0.24582683222537632,-0.6042436456082023,0.054898797700663145,0.29483758861532766,0.2199543646225293,0.38534380994776357,12,fail,0.13521370760662035,0.09941587267201524,0.16898333759885004,0.8130013334174007,0.15525840874840918,0.26125498891468646,32,pass,0.15773020763295742,0.20936559981315403,0.10651038907088993,0.7008206011932046,0.15099385187466127,0.2603701128466559,28,pass,0.5694893590988175,0.3704235209319029,0.2104536172892264,0.8092902189841842,0.2240256976225229,0.4224978676867259,11,pass,-0.1317532929050454,0.5601866575257564,-0.0939146406372241,0.7425345721446075,0.06880244282226923,0.12893026248883194,120,refer,285
121,novice,0.31640256599718164,0.41377011817069265,0.1415434497260394,0.7927018889679284,0.0740741243588167,0.13280908340253486,120,refer,-0.05539575365762463,-0.04614805332263883,-0.5616941982659999,0.05960541900029485,0.3447869339420453,0.41451661142510116,10,fail,0.2679674274210096,0.14285645594713425,-0.09053918002542634,0.8734567951858759,0.17122058306840032,0.28709211337648405,25,pass,0.10907891788981348,0.1929582818693666,-0.021532617998322314,0.7329054551546353,0.16459101516145375,0.2780689048347049,27,pass,0.19952724934410776,0.3449809438774266,-0.011930861979606308,1.4278861717330056,0.16544919419917714,0.45674862704923125,10,pass,0.45542681043483085,0.035162972692397654,0.21851700468279542,0.3787531449171806,0.080792344703481,0.13763382171385788,99,fail,291
122,novice,-0.831655480467,0.09980419161183962,-0.4716248626137063,0.3750278731488883,0.11091952084924601,0.1575000346628402,78,fail,-0.47816431217476957,0.1213366204078831,-0.2641195846285758,0.5027027115181982,0.14278908298384754,0.2618497140491686,28,fail,-0.21482636626048543,0.16038025850302856,0.09227478895884154,1.1256174720124499,0.15656561835081628,0.4169834897768748,12,pass,0.19049001140565136,0.10110463452346599,0.0251506917564266,0.711145117142184,0.1756372609522058,0.26893706038441223,28,pass,-0.23510243500405253,1.139182169041081,0.1448850229743715,1.0774853759375758,0.1758474156042769,0.4349768191583364,10,pass,-0.052037321965557985,0.3240311075460863,-0.05265178616780098,0.4785697092005885,0.07882910651097662,0.13183523348942025,120,refer,276
123,novice,-0.3225109055138292,0.47480371998383786,-0.1201711214050561,0.7347931854057714,0.0702853389372056,0.1301196004892048,120,refer,-0.3805333010975536,1.0276841264139933,-0.21682653233924293,0.8247381961367003,0.06267834132366482,0.12694532157457417,120,refer,0.4383436587952604,0.39865805609921146,0.2615320024227497,0.7204121605107392,0.1297053445951308,0.21673480963952615,41,pass,-0.03189379859019883,0.7651785050429211,-0.2257168641045401,1.133166934686716,0.19853610930483748,0.4327175087490035,10,pass,-0.6167732998499647,0.39158546857275106,-0.5321976614930897,0.6553404575786346,0.17980428487429934,0.3053549890141108,23,pass,-0.05534718702429256,0.22547616937259612,0.03652587878663171,0.503539015859094,0.07485351693950229,0.1266108704034987,120,refer,434
124,novice,0.2993316438413365,-0.13170535587085086,0.22747745741007325,0.2211482001888053,0.15219962204771187,0.2364235275774455,34,fail,-0.11279771541128653,-0.04556946136617496,-0.15641111450074396,0.5438468202667228,0.10425610652771419,0.24340736085213707,32,fail,0.009547944033392002,-0.2363315714932645,0.1381400041389397,0.6462788909837145,0.11596900881916532,0.16825238447408272,69,pass,0.6117740607248454,0.20357126777223067,0.27008455074910925,0.6621708584947256,0.16618522976909064,0.24068361399523697,33,pass,0.4695841578355707,0.12647026914480342,0.1885047477387467,0.5487847724356322,0.20301384578502216,0.2638162431038787,27,pass,0.22550424195091445,0.09050466051690792,0.11288069097800414,0.5015224849356443,0.07627671070500221,0.12449233541335045,120,refer,315
125,novice,-0.10084410972428037,0.32747244661043495,-0.07433687415355424,0.6806114653165032,0.07443751254043719,0.12933999482188105,120,refer,0.1802067906415255,-0.269011607715856,-0.027116602826284163,0.12378550918841685,0.278406338887047,0.4074125802255482,10,fail,-0.7069063921932788,0.41079995150596854,-0.35043260905359014,0.8683237995568224,0.15153501318788068,0.30577657429554556,21,pass,-0.1502516673820972,0.6521039656557133,-0.07792851643946219,0.9400446046977152,0.210222781099698,0.410219934848733,11,pass,0.20226432460342847,-0.13318747836447287,-0.11937810447103661,-0.579942931445734,0.2339776859778527,0.3549289606573373,14,fail,0.15945646916900502,0.3170196733270059,0.17992573522242247,0.859493071741017,0.07911015186602703,0.14646674602245016,89,pass,265
126,novice,0.0670399442883811,0.19517343182484187,0.1286043107430085,0.15180125129943864,0.13460813090428475,0.2437840339519619,32,fail,0.08881733527303383,-0.13932818706604655,-0.25443349576650615,0.1131281348463973,0.20469009989512335,0.3999972114858423,11,fail,-0.4692057985583131,0.3626285959310841,-0.2698140929313579,0.9204863953724358,0.16011798893558304,0.3304362542811606,17,pass,-0.3051453001105534,0.010584852616397356,-0.024468242121234177,0.6428637390209185,0.1488030839012613,0.2227432981316287,39,pass,-0.20799474629067005,0.6308807600410048,-0.09152547377060087,0.7559577087169871,0.20327792449967735,0.41566669505887505,11,pass,0.1166977049476866,0.16038933091922655,0.030757224669890892,0.35862281271664703,0.10653168985992759,0.15654196176664936,78,fail,188
127,novice,-0.2714756219289935,1.2343402201522762,-0.13185917932163577,0.9611336837719455,0.08915160101243041,0.18375403424349016,58,pass,0.1376883771046261,0.3968971490380228,0.14946501750799882,0.716282470411239,0.08051660574878981,0.15189001073080055,86,fail,-0.3519310360456093,0.6246876682994471,-0.16406023258844749,1.158296331081232,0.1429559224014591,0.4585195165152724,10,pass,-0.27663258171690974,0.7544762227837156,-0.14774873461734994,1.136077081694953,0.12662676560984323,0.4655269797507552,10,pass,0.006304872724718142,0.676630584988257,-0.06021770894149463,0.785838185820584,0.14175196824725034,0.38593672517792105,13,pass,0.8871818998544075,0.3581318575724637,0.368229797789447,0.7362293560675387,0.0708957211539933,0.12527778504608886,120,refer,297
128,novice,-0.042886637145269815,-0.17526316993984364,0.03648572679049212,0.6509601309430971,0.07449268334484384,0.12835643354779339,120,refer,0.5123049766089177,-0.0034614411285116553,0.36594520118171053,0.3172298824021191,0.27001906815210913,0.3906318435340546,12,fail,0.20870525167958573,0.24745169214395263,0.16969016184350008,1.1135090189163956,0.17316572883395645,0.4478373685148183,10,pass,-0.59677370320029,0.02303764226171562,-0.17559803691127238,0.6919936318618986,0.1306075818616679,0.24239770091759086,31,pass,0.6098812586190099,0.1705150178888298,-0.02463043312677046,1.0231313788128613,0.22038826960838373,0.4395186352499074,10,pass,0.0003727033004709565,-0.04253368396017848,-0.059966238877824866,0.30076149505182653,0.11297727366294187,0.17370614852283198,68,fail,251
129,novice,0.028405799458235393,0.5481348185585531,0.01069066370495533,0.8021286840261387,0.0674576736502021,0.12996838721682538,120,refer,0.430950573892497,0.3068017135904648,0.2411013197747395,0.5252717174613469,0.12195508724676789,0.22530741458896458,38,fail,-0.054340682205695906,0.0950868586854571,-0.09821846569464954,0.7288647856896489,0.12964227334871659,0.21210365130929468,47,pass,0.30580195293377155,1.5435480968813102,0.08632426956407915,0.9692043595995599,0.2115608923894928,0.3838028483436774,13,pass,-0.1406988119367272,0.423289281049915,-0.25064301747098183,0.6559989437864825,0.2320002020652933,0.32932446868234544,18,pass,-0.13577947399386625,0.5755733356049406,-0.10384599813808094,0.8737068115491938,0.07419058493183954,0.15192674385844987,83,pass,319
130,novice,0.751652767573742,0.8452385435793244,0.398073765209227,0.7770153554698475,0.06691431910795152,0.1264168004124563,120,refer,-0.048765005905848646,-0.15960428984165098,0.057710848477641,0.5209851658511888,0.11202165559652348,0.24676083139116436,31,fail,0.24606159203514683,0.27573280393246447,0.15839460326159552,0.6316029056903134,0.10331199004656888,0.1617749894933922,78,pass,0.21163233887999255,0.272592608631532,0.3905803308363045,0.8277150648175384,0.1754581792648079,0.3297481094859485,17,pass,0.09126947582860295,0.5441399854526031,0.14306662099113562,0.6337135162043379,0.17072494726113413,0.33923945930553184,16,pass,-0.6370609483271706,0.28459950794593497,-0.34816004545863477,0.5510677873247273,0.07365606664001506,0.13645720552428608,120,refer,382
131,novice,-0.082145472067661,-0.39222570313134847,0.09958479529941887,0.06761290979590953,0.21553588840779125,0.3540647168950672,14,fail,0.2640195254459369,0.15201514560578647,0.022386798818877125,0.531494496925991,0.10528835708993314,0.23601547026981737,40,fail,-0.7079317984745686,0.5684579229999785,-0.16709175863071804,1.0906888610252568,0.143783670112051,0.429251443631025,11,pass,-0.016614282704744035,0.6384554620052796,0.11173704812696089,0.8906110288522642,0.19078328606276374,0.3679412605790132,14,pass,0.6313010046230437,0.3164196218185348,0.22651375690972933,1.064408648543909,0.17480540264804484,0.4423456937891328,10,pass,-0.7079317190233514,0.18898967374911674,-0.341455379331648,0.6067481242436178,0.08289965866443462,0.14978058338684225,120,refer,209
132,novice,0.012578428932134088,0.05823734823210672,-0.0698204406143879,-0.23341531697173656,0.1938358080935199,0.3888062711145401,12,fail,-0.3959176047264228,-0.1532133142266615,-0.06629456324722152,0.17403786883110162,0.3247544661977136,0.40349539619675373,10,fail,0.4219738913721888,0.08283733518520037,0.15853549498457772,0.7850955402269936,0.14889166633563575,0.2509242517117469,31,pass,-0.2730040383134862,-0.4052578207035998,0.3162925278613338,0.7397097868099787,0.18779138461393857,0.28696984862572283,23,pass,-0.4463295346411966,-0.07856618326065495,-0.15022417263383545,0.422910648273009,0.15939711157044323,0.2020646916159371,45,pass,-0.04187911644598478,0.2277590070382933,0.060893950727503594,0.10089444563984204,0.16136065399695915,0.31159060478047246,21,fail,142
133,novice,-0.10074551913755309,0.1358377445611747,0.09050833479074019,0.04940198784114043,0.15848390154817893,0.29962272565697873,20,fail,-0.3060280059282885,-0.05708617329018323,0.06113567301294517,0.13166164012381412,0.2090105371091177,0.42410103475404753,10,fail,-0.18617801964656866,-0.006675262547185756,-0.15810626458582594,0.9356139311127285,0.14371119742424568,0.3277541676105223,18,pass,-0.3910087602104013,0.13384034409650042,-0.1731898058651822,0.7770383602597718,0.18534037410376955,0.29635514352009074,24,pass,0.02808645507650478,-0.10167291618351426,-0.13788416208330032,0.5870949981348007,0.23027551598875745,0.2953042419440383,22,pass,0.830138269536797,0.342839630868561,0.35652572473113275,0.3606590425511634,0.10115368687213075,0.1560932685907505,75,fail,169
134,novice,0.0784510638572018,0.10965830972523691,0.03486631991815096,0.4204489958662909,0.0981143190662761,0.14199555534045388,96,fail,0.6034373867279537,0.4918938100353504,0.29943125469417253,0.6174410687541891,0.09674796856228522,0.19441803438542912,51,fail,0.26709243585646186,0.654429679651076,0.021767342166884363,0.7587021016719179,0.16152267079691937,0.24311265349393657,34,pass,0.21047898473195117,-0.26440989555103594,0.0058078178673320316,0.8261241041560948,0.18690649249280483,0.3078895703706235,21,pass,-0.38376244303782525,0.4465273650733007,-0.10159232809328059,0.9102868263586111,0.2638397077187164,0.42234483952148993,10,pass,-0.4718711433773802,0.1033746423547709,-0.19696992930977178,0.7832519951167557,0.07612275991040147,0.1519231934757571,120,refer,332
135,novice,0.036610268273775934,0.7469663043908708,-0.0253863636258614,1.0401018812555227,0.09981106880851354,0.22362602744704604,43,pass,0.5524295103354555,0.4095134693043572,0.2478725475632388,0.4719478334310718,0.1982942611587192,0.30122327639106405,20,fail,-0.32314387176971276,0.9055599184609426,-0.028491431625086397,0.9955440378486498,0.16775154342749002,0.3666776270950258,14,pass,0.5624581958888687,0.8904349293687395,0.26425606773603855,1.053359539441909,0.191696101082212,0.4249330980948455,11,pass,0.24578561694430354,0.40926975281059996,0.006167807753320503,0.6859141266414254,0.25385839159521695,0.3617064699596156,14,pass,-0.2799102157349677,0.7719299672210653,-0.15788069666625001,0.9962291663342018,0.09611279097817223,0.22336614961803428,39,pass,141
136,novice,0.6149063631694651,0.6269931527835984,0.2803217090096661,0.8096982883057832,0.06660374304557466,0.12661866848557954,120,refer,0.07318737343192258,0.043860646608495646,0.0982935236449702,0.4950944584620274,0.15965791143251454,0.2795553398149501,24,fail,-0.0675075382648532,0.35659516120668794,0.030645133043361576,0.8853543148445931,0.15206820720796835,0.2993403483504134,23,pass,-0.08664974183748447,0.477539195416709,0.09543134378840389,0.7596670603527217,0.16588806047892315,0.3069148817400255,20,pass,-0.03513905687288836,-0.004649370511659201,-0.060434913274308784,0.4030725920451951,0.14731065573396673,0.19033283201470508,50,pass,0.08365673355238828,0.3147571405487161,0.00020889788150769961,0.2325955776547093,0.12694801789429222,0.23190402689594253,35,fail,272
137,novice,0.1683511767588037,0.6408641715009149,-0.0020108284269063285,1.0869319139587867,0.11186100320016014,0.2504367410750784,32,pass,0.6940153257089166,0.4558527490907637,0.16871216272951234,0.586466314356488,0.11224343964295189,0.20710617185688643,43,fail,-0.050028905157304106,0.05330376247511917,0.07095602395600761,0.6889221678778008,0.12596461177156573,0.19336980021951441,54,pass,0.3696296221368179,0.733794469140207,0.22012019306568464,0.8661943882064687,0.2010396651243917,0.3317516516121445,19,pass,-0.32776791554368023,-0.05089308313755103,-0.08982888817529966,0.5689284744937264,0.1891437714510376,0.2729590964915779,24,pass,-0.055639688440937134,0.34481698296463303,-0.017741098264930925,0.9438228682412625,0.10034936292143745,0.19485354106055006,58,pass,230
138,novice,0.30407933392899406,0.7379994310347228,0.015032009592663334,1.172922606502144,0.13086521749927324,0.3088155048836803,21,pass,0.2349399978886848,0.7178592272903692,-0.15949091827066342,0.36962150331879534,0.12766921148496171,0.3226939427613768,18,fail,0.29449965720155985,0.6408012662676047,0.18125502153186196,1.0402195265933196,0.15028669651699317,0.3893881471499717,13,pass,0.18145756263745236,0.3656541413121012,0.14710002945928,0.5717273413521762,0.13225761428150776,0.1828717988376388,58,pass,0.21872915574546942,0.7794903401562223,0.07402818144481581,0.7763858419351332,0.22810769438471049,0.38117938138445434,12,pass,0.4400143958196842,0.2687624012206263,0.28781795010554834,0.6022501697736375,0.06973587070558927,0.12485703583403486,120,refer,242
139,novice,0.07676731076512068,0.42065273956377747,-0.002417300545565611,0.6805219082129171,0.06704791087849347,0.1259247768577165,120,refer,0.18279199173745014,0.11753782425156373,0.06109569067003695,0.2431614473305904,0.28660569447030676,0.3854044662247503,13,fail,0.3965300463354935,-0.11543555810911704,0.029801176562420387,0.704397992090376,0.12306731401635287,0.2105437782883369,42,pass,0.3046755345838857,0.4353787254960217,-0.08318380394385338,1.0833404927001773,0.15854927389348714,0.46021125304251276,10,pass,-0.13815063210524206,0.5432050503605595,0.10064691465171723,1.092600934318767,0.1932095902842483,0.4387093843141752,10,pass,-0.4028362778413107,0.36982746106922687,0.018519178496298465,1.269562808489871,0.15184202789915893,0.3966334218363466,14,pass,209
140,crowd,0.3955495192715638,-0.44104357879603473,0.2596273847635534,0.1292192223874414,0.1843220875557856,0.2547151163712233,29,fail,0.49572487489184036,-0.23337136946036696,0.5077254921803351,0.26449542384145036,0.37236078482660534,0.3936007041792675,11,fail,-0.5844513986922796,-1.0617426617538546,-0.075476073989435,0.13060733041143655,0.10422922364230332,0.13022253435071135,118,fail,-0.053682926908380196,-0.5192211125415751,-0.2148865000817484,1.078727981506551,0.22206120258282558,0.4338908804038395,10,pass,0.2127035722970955,-0.375689539704065,0.054618820094187066,0.771469123469914,0.24093875585857566,0.38977455654267945,12,pass,0.47449350684949926,-0.24248572573099136,0.17589683449252314,0.0314539111749437,0.3349873967578009,0.33688622858168277,17,fail,197
141,crowd,0.8273584355798665,-0.235536175403175,0.375086200883564,0.3916115075317513,0.09932960360078849,0.14845732186111948,86,fail,-0.11910517622916114,-0.7114888156268212,-0.12249581814322603,-0.42200336204935956,0.26856043707531857,0.40855068402669636,10,fail,-0.77156321681455,0.32626220841970716,-0.38799507239636777,0.4414187194781064,0.08231053806094209,0.12812044643366033,120,refer,0.49035798201104525,-0.18663729885519392,0.18850140635098447,0.4157142845850617,0.0990013318297034,0.12353899480697471,120,refer,-0.04740232118482006,-0.41486874071845814,-0.10101159310212413,1.2202754818029993,0.15828791427148656,0.4480876305637605,10,pass,-0.26469200849005314,0.09706122697582276,-0.0859345163723051,-0.3987229055523441,0.27072976619002975,0.4156006332819684,10,fail,356
142,crowd,0.604106051160118,-0.679679225131312,0.6559785625501066,-0.087980579843505,0.4283850845935639,0.4098211380971367,10,fail,0.5974332440707231,-0.7129678884888203,0.07176186605141446,0.09647314391661593,0.36982774840161914,0.4050226062974683,10,fail,-0.8615779010697852,-1.2169608003249177,-0.3523974610445107,-0.5109694998697388,0.26095059998957826,0.3699433966534446,14,fail,0.15455392993040562,-1.130035585302589,0.06980391556677377,-0.7869539925442983,0.3775299107890381,0.40051066358973547,10,fail,0.22255032025051996,-1.0554874438004098,0.3223284989859131,0.20239713965574674,0.12977295334147831,0.1301623990441549,120,refer,0.05935971577195456,-0.8850053141320269,-0.30654732699614917,-0.4010159975514171,0.5137989564593313,0.4081577287379192,10,fail,174
143,crowd,0.37601365148012394,-0.30885581928663974,0.1605164412086627,0.2647079793932241,0.153251115591115,0.23289015670561747,33,fail,-0.16642812258160797,-0.0028014012356482043,-0.3452591999543606,0.4770250480419936,0.1788230556254087,0.2868860500278942,25,fail,-1.3572755888248822,0.662554928229951,-0.5665817193730763,0.6420935130173777,0.09187943017603517,0.16941396396413244,88,pass,0.9109068818603692,0.22677999064700022,0.5724112207245676,0.5009135306669187,0.09820368602470549,0.13274612925893017,106,pass,0.35961945012204977,0.1938412325156404,0.10335801991494326,0.7056793535616557,0.22268334410421095,0.36737641244327557,13,pass,-0.13659960925896542,0.20887656631195833,-0.04931983780784712,0.49811085324071747,0.08160050904801143,0.1293288480061375,120,refer,385
144,crowd,-0.19145489105818675,-0.29721669286673713,-0.14593881892465468,0.40492274762856323,0.08916665786859902,0.1367919266854389,99,fail,0.24249816005271335,-0.07337583058979733,0.12665754647641758,0.3012536805542343,0.22323483561187285,0.3427856296939195,16,fail,0.6543147043818809,-0.05543713165910269,0.2835864843671656,0.4822259862830448,0.09992131126356554,0.1304650262366042,120,refer,-0.1751643736033734,-0.8348032259845151,0.052668710562048804,-0.20050915875838968,0.2642161898436162,0.26134993425052083,27,fail,0.21018719997427252,-0.494763520955133,0.14866808761721215,0.49399005044431465,0.17662056686491615,0.23947199892870033,31,pass,-0.18066403613499238,-0.11380688949755222,-0.07170057109268652,0.22462408291018438,0.13926373375063897,0.21004885505019485,48,fail,341
145,crowd,0.973077641459735,0.10439304121257698,0.780434745600057,0.21797755223517093,0.20497071347872092,0.2509215876939573,31,fail,-0.9268622457515004,0.1534517501384549,-0.45323873073122245,0.1416627255792582,0.2893157193511013,0.3884233733454106,11,fail,0.2277808252297047,-0.6406817681773505,0.06990956720138483,0.053219747119136365,0.16728682263447817,0.17361940052511676,63,fail,0.15796959304064553,-0.7736636578158917,-0.24876709991415508,-0.17632185225963196,0.22970284690502257,0.2580835348035338,26,fail,-0.49318714104125033,-0.4411474137313656,-0.25489395875291615,0.4791371919777956,0.1712083723577994,0.22995362531182206,40,pass,0.32133365146486337,-0.3619324722275071,0.2646429931964321,-0.1134963212849856,0.3376865311178257,0.4036051793909589,10,fail,181
146,crowd,0.07060019858891642,-0.48775792464927875,-0.27881117596973265,0.24626614857916246,0.12313042731946527,0.2029612615501038,46,fail,0.31431495530751874,-0.2544322747443238,0.20527803581704743,0.17909851826328907,0.23183460991921487,0.3651150400433744,13,fail,-0.20890504084689687,0.11846903695357947,-0.057571590073824445,0.3621222249647787,0.10850213248610152,0.12758865871235428,120,refer,-1.0808911263194594,-0.1585951981448216,-0.44176710285080734,0.7224793795605557,0.17949470672647896,0.27142227812929154,27,pass,0.35073207567954956,-0.4696802825604881,-0.11106659406135576,0.7158716938595923,0.27738334034815554,0.39049265034471187,13,pass,0.9971858205245359,-0.1343268446202823,0.45945949914978423,0.35790099789673674,0.09338410445127414,0.15560071199132985,81,fail,300
147,crowd,0.10847605843468401,-0.10914276406223372,-0.12019278918853013,0.3862254686762431,0.1095438248834026,0.1632177741335261,74,fail,-0.1490363269710949,-0.2529582597658792,-0.07344864258938844,0.17661422730044213,0.30296789386466444,0.41190194953943254,10,fail,0.5429047991131294,-0.41562680617405484,0.09302376448137324,-0.08286068390125119,0.18213849411906288,0.24050799447363497,32,fail,1.1562934027643001,0.5710732779836873,0.5795045279869827,0.584357398662085,0.1262513341433101,0.1924443498924015,53,pass,0.5673469565754109,0.2000038378121219,0.15539449505136954,0.7473185784460139,0.2098532103899017,0.3928109526167691,12,pass,0.48127526913274327,-0.27423098378209754,0.3267340091698075,-0.06568757127429145,0.16985803328131788,0.31958581585484086,18,fail,199
148,crowd,0.49217179333559574,-0.04718501459648433,0.2783154288805122,0.13841468074057847,0.25289228772402117,0.31080413977122856,20,fail,0.44113813428146564,-0.016870576927295877,-0.2028001516123812,0.3374927885979632,0.2868960298196069,0.36424862708966194,14,fail,0.4209874986976853,-0.10593348822289703,0.1539144677181811,0.43765039815126283,0.09870819937653796,0.12623313221425395,120,refer,0.21830356813138793,0.17973922779341295,-0.000906407096439124,0.5473970320817655,0.12418118680844616,0.1659207636083572,68,pass,0.06977780081731268,0.0628511381265564,0.11826826263903154,1.1438981651894846,0.20246256193894846,0.4513574968649967,10,pass,0.8102686873909137,0.06083198638128856,0.7078753213441235,-0.11105588239733408,0.2537037745671828,0.3820527998962034,12,fail,244
149,crowd,0.25200738385374727,-0.48426180288747356,0.28414490511277557,0.25362524675141507,0.14835765249584265,0.21632103910217357,43,fail,-0.02399068523456263,-0.6590120680259274,-0.35070663127098867,0.3272773122731667,0.2208466121244631,0.3551344403031997,14,fail,-0.23483162480579256,-0.4972915344574428,-0.10858637472582686,0.24551048902470957,0.09817219108009394,0.1262954903552669,120,refer,-1.2732667239862905,-0.6073613032261617,-0.6095801611147321,0.145553947499344,0.1124700044196784,0.13035055621068972,120,refer,0.4591971088212051,-0.23750898309703686,0.39254616240230594,0.7457315035999191,0.2926555148446216,0.4192552333932404,11,pass,-0.008701438967130349,-0.3732863423889501,0.4044387582369765,-0.3211933117821447,0.3139581886360686,0.38852947054965253,11,fail,319
150,crowd,-0.023276186144274996,-0.726232018682174,-0.13676348466774058,0.3056808431039556,0.12173146407022895,0.20348872319354266,45,fail,0.2649867225103524,-1.0717900979346704,0.2614644926856802,0.23566723566404513,0.4291697641564253,0.3979929309888094,10,fail,0.6271741523761071,-0.40043600262959145,0.34504216970460033,0.4177923388474039,0.09182507461853623,0.12952971979145853,120,refer,-0.5074612661390226,-0.20277492965306518,-0.34331106899360747,0.23010319251285133,0.11450503147180227,0.12816661328504922,120,refer,0.7068523010547137,-0.47472586202275924,0.20698735407907945,0.5975202314313303,0.23027325634044762,0.29087947013372667,24,pass,-0.6845279846507489,-0.498375283159066,0.16397881240055356,-0.18076480426320188,0.23633794697615784,0.37032213210002174,13,fail,332
151,crowd,-0.855878717274244,-0.24384383215393654,-0.4691323901000318,-0.106310288793273,0.28123483738304167,0.4066029810772681,10,fail,0.517908637775948,-0.3370335548858083,0.2381800129873047,0.3688394375702291,0.14790996524336134,0.3347136623712701,17,fail,0.5178114696788226,0.006190573445900682,0.05962171297431106,0.7751869424609685,0.14807873057811985,0.24417980085482596,35,pass,-0.2991496625330494,-0.0038579964104097364,-0.17404848332641068,0.707345804587361,0.1716809702788397,0.253198449971097,30,pass,-0.9257680676633071,0.11333563420243958,-0.36190362268012455,0.596941821667068,0.1974107403674113,0.301523386146672,23,pass,0.23810103274424105,-0.33806359698014044,-0.04242613226408381,0.20131699268029604,0.13523892137153085,0.2133489415439349,40,fail,155
152,crowd,-0.007672587931395001,0.2273337187009788,0.011764234554612696,0.5499226363419588,0.07940481285398399,0.1236988899588317,120,refer,-0.03129456818218282,0.0875406022164617,-0.2539275726889375,0.3678087931103196,0.25126240412817546,0.33383709745964296,18,fail,0.10290759353898944,-0.5089871647374311,0.07815582694115411,0.29600230481113016,0.09865882092243299,0.1250658144724266,120,refer,-0.4121353387302197,0.40785640940606255,-0.16809739250986444,0.6112126216262223,0.14901244036146866,0.20485598528173898,46,pass,0.08942043991123423,-0.2884838485581876,-0.23644332155330358,0.6289984940705832,0.22960994126071285,0.3135840175369578,19,pass,-0.1679849519842424,0.14735276313115675,-0.091871799016739,0.5172025344439509,0.07850287492252023,0.12788310401309919,120,refer,443
153,crowd,-0.16089930257335747,-0.02722489259506461,-0.13058005104394918,0.39128447507587677,0.08463477324838892,0.13888149913121778,94,fail,-0.88884004226925,-0.381741436534685,0.172788814493726,0.18142530188472042,0.22716476730433366,0.3761814449645488,13,fail,1.0398532437776753,-0.42732213861320756,0.44135915884401167,0.47431272086835796,0.09383255877195784,0.13106011014266913,120,refer,-1.1378467142471549,0.03652280858086665,-0.5394790714546975,0.5406296802152455,0.12079185766255021,0.1611680418383734,84,pass,0.9884987026121679,-0.3727810559784962,0.5093383208217711,0.35808361538954736,0.15073665089625288,0.16204119106139006,77,pass,0.8397075091285279,0.1609813834483314,0.4065700721084261,0.15610614096200415,0.17506399513640225,0.2631839883205618,29,fail,417
154,crowd,-0.5395080225252116,-0.3000089520612514,-0.28174407544445584,0.2474358792525365,0.11921854109898694,0.2312657871648107,40,fail,0.35414010405275725,0.20651406857540883,0.17190452820487154,0.47400615819971453,0.14789332204666966,0.2674338270051827,28,fail,-0.3843989383232809,-0.2700729490212136,-0.3177356247663973,0.06435857877260329,0.14972236861618957,0.17439948216704595,74,fail,0.4094575711958741,0.03237323525198671,0.33811195782850284,0.6627496957367804,0.1616408930449084,0.24272996412054998,34,pass,-0.03771649927616638,-0.6016691678271795,-0.23172114957728657,0.6163131520441273,0.23518506641814216,0.3195838664027958,21,pass,-0.560616677082512,0.24846378292156207,-0.2772463305856257,0.6070371339909377,0.08041356429899463,0.1385013600784166,120,refer,317
155,crowd,0.12820699032739846,0.06209265927614893,0.14221791040482207,0.028355189649587435,0.25514651279949835,0.35480173366278006,14,fail,0.9487292586601962,-0.9186195332804508,0.5748503029740235,-0.1830886365426612,0.32056527493144166,0.39869968690956037,10,fail,-0.360389411820867,-0.20955389618834475,-0.035720080110892435,0.2651583206810962,0.1034705152069754,0.12965624844207888,120,refer,-0.13317605209045755,-0.3008849189544425,-0.1057774411295721,0.2173013380663039,0.1108370096862006,0.1275297688995507,120,refer,0.3590439058532192,-0.9709460374381349,0.28723175038044013,0.14698261172135105,0.12789500088312097,0.13076990132542293,120,refer,0.488030286135407,-0.30046948924709843,0.44961743458841835,0.2656820662880273,0.14235444475364556,0.2031553306778968,45,fail,429
156,crowd,-0.2633120251040907,-0.8883603314261113,0.08702625636737762,0.05629873232789316,0.18352426987501477,0.28935103236526555,24,fail,0.4597078995060527,0.28109004795295006,0.2885468724937315,0.4836562243711174,0.1363638855315024,0.23863706844370083,35,fail,0.138018201586522,-0.35383198528684895,-0.05727072236110956,0.41534912925915174,0.091016661786048,0.12627665852336334,120,refer,0.1743780996674655,-0.03626974183684295,0.06820086597651791,0.4812258415277163,0.09443218899125767,0.1303174068720763,115,pass,-0.1426104613129282,-0.6873884363071965,-0.21645081721180934,1.0482922183582484,0.18877724996205522,0.44096484019512633,10,pass,0.20319988970236924,-0.2921687842863469,0.13203003677458758,-0.38413774816629803,0.4204238144038952,0.40395074770867917,10,fail,314
157,crowd,1.1074815153857571,0.6474490660573375,0.5378296854548283,0.5625580828004022,0.07897835748304374,0.12724907024643725,120,refer,-1.0809388801397275,0.005883693646918042,-0.5455780647719624,0.23997734615235022,0.3213949235591705,0.4095309816753679,10,fail,-0.3955378283644419,-0.051799377302430866,-0.3170726045844952,0.27414692060590523,0.09880452427759055,0.12771121869118737,120,refer,-0.39083891064751747,-0.0337284811062637,-0.15276720476355987,0.4082339993833422,0.09773091488268487,0.1268591761201554,120,refer,0.07428341044543749,0.8047001669772105,0.029575056682857835,0.7134601123758167,0.21839944839549247,0.3601615619866067,14,pass,0.16143593959251878,0.4292134655848006,0.0021580119979347262,1.0140386354433775,0.10903241379694117,0.23473698099566978,37,pass,421
158,crowd,-0.0768259655443873,0.24969699157205533,-0.12571020064016436,0.23041788733841836,0.12282820667218203,0.24080480273583155,34,fail,-0.16555973904959123,-0.07218479230632188,0.012280496630623635,0.4273785509364056,0.1608899187645295,0.3063488517328945,21,fail,-0.6984446052497634,-0.38639562827302276,-0.4374857986612125,0.3413072435094341,0.10987157116708751,0.1366061169436456,120,refer,-0.3329505977396156,-0.3056617143831888,-0.044100613438402644,0.22917902201978158,0.11423217197087825,0.12692435159265908,120,refer,-0.6539871567691354,0.12242479385235466,-0.4880724889361229,0.6185164661968043,0.1847863766001109,0.29246287879271793,25,pass,0.16295497336735879,-0.4814065004255007,-0.18791003381070773,-0.33702520679920217,0.3007398469246009,0.42026728336415664,10,fail,330
159,crowd,-0.98266383722593,-0.019901033787309896,-0.4477925066093008,0.36401136964949005,0.10606718254474473,0.17112408567705337,63,fail,0.07985215502728793,-0.3723768073142751,0.018307313269297167,0.09408733784905868,0.3689279008757844,0.40015027658739466,10,fail,0.43035118420045876,-0.005069305650017175,0.2581208148106435,1.074744697624585,0.18266500844162728,0.3918007107568922,13,pass,0.21689776149413395,-0.3303489268632268,-0.08942748028843722,0.6514957667032305,0.16058933756864074,0.23051674871171982,37,pass,-0.5909471797505669,-0.4940060620532689,-0.3398196198802502,0.41427539096814,0.14329318275544572,0.1939118555825322,56,pass,0.43809777289656165,-0.22999269109786616,0.11096416562215893,0.028878368182283367,0.36777247788512357,0.35005737222834615,15,fail,194
160,crowd,-0.8635232791239186,-0.7320729212116415,-1.020998479444458,0.013862299723750797,0.5468504410488991,0.3934151773652106,10,fail,-0.08136454020559175,0.18091741269482525,-0.2339604730588655,0.4571342307296211,0.17306505638465522,0.3077780494588403,21,fail,0.04018747422192728,0.0020768105132817904,-0.08157994388602877,0.7684078694220198,0.15434229670834596,0.24709304756528153,33,pass,0.9023695269376861,0.05716779339539191,0.3107147631677381,0.6257069929093877,0.14295462251007307,0.21331349381375217,45,pass,0.5804242217632187,-0.06016378553331825,0.4169345571131828,0.819445532634965,0.24799674186544224,0.40380992160299767,11,pass,0.6160251899387319,-0.21579274002433058,0.22538222669967387,0.39032203967132095,0.09230130356710516,0.13626305320233223,109,fail,229
161,crowd,-0.857138152143044,-0.3799821649345984,-0.29891035965027224,-0.06614524654416755,0.21088791208912522,0.3340441093369433,16,fail,0.43314338159383214,0.2402912164227084,0.20630073985078987,0.6389544958447164,0.10230855847234283,0.19280907593930277,51,fail,-0.3719833366282386,0.3886635530523655,-0.14732332966573297,0.8032482718842164,0.1531694961707471,0.2630697545220349,31,pass,-0.16803717511910177,-0.05482383076088129,-0.14835323089273825,0.5790626875999619,0.1304859160866845,0.18561246988079905,59,pass,-0.14609453433718497,-0.40450800312444624,0.09623502278142979,0.24532117185357283,0.11970465344333518,0.12872029985595848,120,refer,-0.6657551916141036,-0.2524982834379863,-0.21700266936487309,0.290627522515924,0.11324684910729237,0.1811834853207838,68,fail,345
162,crowd,0.8807395108362542,-0.4177485405901902,0.15390482315009232,0.25512718103622134,0.16496035461995917,0.2289118293312406,38,fail,0.1443914425600719,-0.3510537200644935,0.19621461392410597,-0.13045915917096557,0.5409749630451048,0.4046775622391566,10,fail,1.4525016274427769,-0.12220054375918377,0.7418889476189161,0.36656423552013034,0.10161451424881202,0.12910595977568642,120,refer,-0.5234879811275768,-0.9760472548566985,-0.3655084105196664,-0.18701482060777228,0.1995441832091949,0.22300974588067005,39,fail,-0.6124575489979135,-0.5669096711445376,-0.3135334641463868,0.341405161520977,0.12379544829511645,0.1565262704185045,93,pass,0.40991822142323275,-0.21383873958976096,0.38958312497112135,-0.257515368331695,0.2997037694873916,0.39717770356775417,11,fail,311
163,crowd,-0.08279286606948214,-0.6176000770061097,-0.19678691058128134,0.11127435633257454,0.24511815691834513,0.32716778150513176,16,fail,0.09681477228395374,-0.6365175888649075,0.416619935327905,0.4338578680589737,0.19105259883891237,0.3178733049050832,18,fail,1.1409735655209783,-1.285841210663103,0.3341449580504144,-0.47453963524594617,0.4902375108219255,0.40148137806318873,10,fail,1.339496229388689,-0.6004408827573606,0.4762558109095587,0.24020812824889543,0.09618723855370967,0.12850507984627743,120,refer,-0.28909654066517804,-1.3772978181369746,0.3662860679835974,0.8706040978318857,0.2353367733906189,0.43656583113999087,10,pass,1.037435204956781,-0.8997068891729016,0.5611239980883913,0.04960552219065999,0.19293083949874693,0.28170780395751605,24,fail,198
164,crowd,0.47628557177553243,-0.6099028519869714,0.3989696018834127,-0.04977571545893289,0.19302367770078177,0.32331844016331335,17,fail,-0.003932186211622196,-0.052247488411199,-0.2066560520375455,0.5744996513170747,0.11191335987167177,0.22337707993271255,41,fail,0.9314693071448104,-0.5746283290522963,0.14463471146512402,0.08817330034636008,0.11239724984255266,0.14566293165854163,86,fail,0.031557378800420734,-0.2526401744289155,0.2231846100815269,0.9159368007177577,0.18193133759431165,0.4009343313021864,12,pass,-0.31285746064615755,-0.18942876722013502,0.020191141209333397,0.5180364830223813,0.1640623904131828,0.26054419119201033,26,pass,-0.39985253268100923,-0.5210843961729013,-0.0018835524377978198,-0.0594314591121842,0.22955425240255434,0.35572764386699024,14,fail,196
165,crowd,0.015990901194692264,-0.007219719220014853,-0.14177219877043454,-0.030229866320458144,0.25705987190163154,0.3665048765186279,13,fail,-0.09541866659934826,0.05092028598193715,0.27974527945779526,0.2965928963801253,0.26799999691242266,0.3756656794102858,12,fail,-1.0242633869411184,0.024888172905174588,-0.43535600246419515,0.6348766278487772,0.10076965780155187,0.16771491632085497,88,pass,0.41431013824954055,-0.4840021258852015,0.17807702145587767,0.12725082812701824,0.10900628855512666,0.12294857699687153,120,refer,-0.1514090400907601,-0.9221820836856522,-0.45718084912845186,-0.3838192406031136,0.2524793479732698,0.26212746893848565,29,fail,0.25337171632399996,-0.4955914996883477,0.005592243216588638,0.31183311584089346,0.12845916494584803,0.1853399874715282,55,fail,317
166,crowd,-1.144447596242803,0.0887677302785761,-0.7668464983190303,-0.0646721157685013,0.3512122151851352,0.3283725874938428,17,fail,-0.06862825867295798,-0.2624317777185135,0.105483615319851,0.1864170742233028,0.2272658190655468,0.3788029938339995,13,fail,-1.0488308093572414,-0.23984399648091362,-0.4828130824489106,0.34592520792482895,0.09861965013933194,0.1379758267844373,120,refer,0.04411929641367271,-0.28711458432745496,-0.06546480715976082,0.6048359880655109,0.13961909081596513,0.19575561436209973,49,pass,-0.28202800862611743,-0.10965804082677771,-0.06582048611063396,0.38217070029612366,0.13974558294816877,0.1772318039034615,60,pass,-0.5135753270959635,-0.3569090742480061,-0.2750666904248926,0.48694552019712506,0.08069802326691805,0.1394566972789426,120,refer,379
167,crowd,0.635442094688008,-0.5632227003585799,0.3560612245888325,0.13976562355296027,0.2080428288193293,0.2853678122738253,25,fail,0.3497089590008057,-0.7891920003127288,-0.0009283795868072639,0.0334661462619277,0.2793050931187885,0.40772157617607874,10,fail,0.5572656320511458,-1.2657971167818207,0.1633417880345967,-0.34917830521200927,0.4720397660707561,0.394781135328174,10,fail,0.45061004203623856,-0.02083765176815494,-0.21195690698419647,0.8397756283493546,0.19787917381227496,0.3388722443089764,17,pass,-0.2760590515612849,-0.4908299295308439,0.048370856539017765,0.6046656015697582,0.2224150873961294,0.32462665343153135,18,pass,0.0012048998859101993,-1.007961964312744,0.19495841426884947,0.06991664018548856,0.2289058439519878,0.30639558370677883,19,fail,99
168,crowd,0.04397571543478775,-0.7058791119721088,0.14860893392541008,-0.31131411688313454,0.37192218669539845,0.40714958081247843,10,fail,-0.8020172377324783,-1.295881113190429,-0.2387142480304758,0.2606976272787738,0.2689496490801289,0.3510182597312676,15,fail,-0.930551210304506,-0.3942904044685427,-0.33896417810964385,0.31034142298922923,0.0957063532672018,0.13519804151894488,120,refer,-0.520407570651244,-0.7202294912472288,-0.2568265015205755,0.22701143311107536,0.10814685404690363,0.1286683122507423,120,refer,0.03232526027058802,-0.45543539786284726,-0.17968289870437856,-0.41453524258616603,0.2645945589833139,0.299118343348538,20,fail,-0.8494088463199219,-0.674192158920466,0.1786615508154117,0.0233734173738505,0.20733573571896957,0.33859591397858846,16,fail,301
169,crowd,-0.47494750500784233,0.6577828907168715,-0.22949952328483617,0.7392320897827512,0.06633309324395208,0.12705196181961897,120,refer,-0.32842304766583236,-0.30239452931840494,-0.8104800699163001,0.04373301848649757,0.48059044487235136,0.3954712530965105,10,fail,0.4224970047716738,0.1024315279864047,0.27938498685121715,0.6920339675338508,0.1433729032219865,0.20284018514285607,50,pass,0.917935907201053,0.019192728606428178,0.302144113472632,0.521801942685712,0.11072897961707766,0.14828507514393813,90,pass,-0.5330857763348922,-0.28973210950598255,-0.09649752802409935,1.0538135669768007,0.24709582890444243,0.4577149710311924,10,pass,1.2450335311037137,0.30355966382480454,0.5867429595815722,0.4493605217244176,0.09052053239069713,0.12926111803986673,120,refer,400
170,crowd,-0.6395472451160051,-0.24744079736715363,-0.31381034796487606,0.12426621425359201,0.1869235297773578,0.2827180112061312,25,fail,-0.13036196482307494,-0.5289381096788254,-0.020909773819026343,0.21499117878142973,0.19753277807859487,0.3353599121899034,17,fail,-0.1123156142102881,-0.27701074557094535,0.0890598534079512,-0.17459062414143428,0.18006838589076168,0.2720206861395136,24,fail,0.8711805025042183,-0.8231511340911868,0.35321548770747174,-0.5049540044529421,0.2442898806033025,0.3824313093996368,12,fail,-0.42684473761927205,0.7829307051372265,-0.3617125899655628,0.6383681374963822,0.2253402708173022,0.3204572669149945,20,pass,0.31800782831410557,-0.6785615075300966,0.24939610088040756,-0.3598683572503307,0.373913811711275,0.4163252562271281,10,fail,108
171,crowd,-0.0483534537683589,0.2183032971901087,-0.0256470273470993,0.5923379700795414,0.07807636866513894,0.12772554817184095,120,refer,0.3821067402366608,-0.24196490965219444,-0.015264873408929775,-0.021312709015139743,0.5272261018261759,0.41207512132061414,10,fail,0.11212825940493763,0.3027575637001298,0.10632373807604506,0.6477864216904202,0.10793003053419473,0.16991225719019054,68,pass,-0.7138746647112216,0.3479796498538666,-0.21612212410596146,1.1002892478213373,0.21357883236657116,0.4327616281441935,10,pass,-0.46179955339835477,0.13566162475538773,-0.19236562695396692,0.518813792990345,0.18169998108585741,0.2635378709374131,27,pass,0.7161431402738543,0.3724618607978108,0.47731139852072313,0.3712262453842647,0.10777874437970138,0.14903937834668501,91,fail,326
172,crowd,-0.11746452502942573,-0.6574369149432271,0.19968376359582068,-0.6852650544644868,0.3332680296747784,0.40365544688703886,10,fail,0.17312663531054776,0.4856386670493769,0.046040791079836114,0.585018131084566,0.10060114558486076,0.2134518261048904,42,fail,0.023684879175288085,0.18819697717550288,0.14251174289627772,1.0704804510069659,0.15559385641022982,0.4295890320399308,11,pass,-0.8590935759676425,0.05881000454565577,-0.3184831859948638,0.49678444299293134,0.10427544492765035,0.13606522355256084,110,pass,-0.5106192341108731,-0.006701108256448485,-0.21318588014575537,0.5302444549910904,0.1766129489971149,0.254804969044217,29,pass,0.34807656567082174,-0.4020092613241877,0.04952818962065696,-0.05185448831207385,0.23951986972346956,0.3266709221320018,18,fail,220
173,crowd,0.8637155798603252,-0.9330434595382375,0.05285833557560786,0.3480107721396855,0.11527125196117356,0.18020027861650556,61,fail,0.36834539871464167,-0.6244135967073315,-0.07107963163436969,-0.4484086065325686,0.28162707184822927,0.405653012499204,10,fail,0.011729390239763604,-0.6357404552186886,-0.034056530518639265,-0.049943578404174876,0.18176976359847863,0.23165685270337394,34,fail,-0.18084437709562365,-0.8007909382070322,-0.14264921493266675,0.010874183895369302,0.12764930343261344,0.1525574059603009,78,fail,0.6989416550343515,-0.9466692534843404,0.503214201455817,-0.6292518394237774,0.24294254258467127,0.3946892484451515,11,fail,-0.6757387547794058,-1.5304126984831425,-0.12776801789470557,-0.2202185587703403,0.25635777736141363,0.3575881387768604,14,fail,208
174,crowd,-0.06716685007443399,0.02616821874283698,0.05808256737640655,0.2579266686882047,0.14290331637577106,0.24005291951910845,34,fail,-0.7590463701224092,-0.3223657001730511,-0.332933169645119,0.3491611735045491,0.21506474670594286,0.31479911383677434,19,fail,0.5747627953927217,-0.16908870900238868,0.3389781110794603,0.46330746150219254,0.09376245376276388,0.12581314604286767,120,refer,-0.03216131037998496,-0.4815838874345646,0.031175277700461367,0.38737104336200345,0.09580128576710568,0.12530104913426576,120,refer,-1.0065528711664096,-0.045420739827171874,-0.5568016340152293,0.37490831641769307,0.11303550211141783,0.17170109645223697,105,pass,-0.30194291951403135,-0.5152992491234252,-0.02704836367838124,0.19455554502553424,0.1506078418265495,0.23142520793186103,36,fail,434
175,crowd,-0.3655910100986875,0.02781942072080562,-0.21071128771857042,0.41107622075163636,0.08224066976616905,0.14973575254061813,81,fail,0.2073260719251778,-0.21019203667502923,0.03389063418200963,0.32356893410764304,0.1437219621297186,0.38591305952226673,13,fail,0.4365714879656131,0.07819019644271491,0.2208252346760334,0.5682679560158531,0.08446523290057245,0.12853276950976023,119,pass,0.8618482333480945,-0.11035643542601387,0.38248898308312196,0.6019341568031222,0.13225076237283764,0.18642160206511724,58,pass,0.7993271678726611,-0.3767218491672712,0.2820695510413136,0.38623789218062404,0.15522809051648784,0.17570472311458754,64,pass,0.20064637682940484,-0.12957811913222209,0.21703072028885614,0.10165148220026106,0.22715867173982454,0.30494929969107293,19,fail,354
176,crowd,-0.2789146416038542,-0.16040751387960273,-0.28935158003666656,0.03325906626394758,0.3184480703030973,0.35751471516593186,14,fail,-0.3808640542097938,-0.46233557105229184,0.03242165048730673,0.19482880436650035,0.1917723188362613,0.3598846815668604,14,fail,0.005720328206636312,-0.22058062466983058,-0.12205939074722065,1.027115777057665,0.18528746000300486,0.39744437136041216,12,pass,-0.5275088685868319,-0.8870210894602595,-0.400296512673717,-0.5931624252858907,0.44943119425955824,0.38139526531259815,11,fail,0.5817300972022619,-0.21864046672625603,0.4112163452238181,0.7816104400973171,0.2537787004666896,0.3752496118987421,14,pass,0.4134193269867735,-0.8427856802288072,-0.3094737430053942,-0.19517409191189128,0.31921019816672397,0.40518548837603585,10,fail,75
177,crowd,-0.18802168355135945,-0.0734131063666586,-0.05597620457215666,1.293096998893231,0.15781105434364662,0.4384122244614518,11,pass,-0.25758873783672676,-0.5315988323760695,-0.0005075018248018707,0.09345266047375327,0.34877641632600104,0.40276080142540754,10,fail,-0.06122853198869121,-0.6415269273544483,0.20409861314265124,-0.06366954544243363,0.22403910682308686,0.2540548694379798,29,fail,-0.7929264292212898,0.037510453742671035,-0.4692217821189941,-0.311569800033932,0.20805154016968236,0.3387164058492812,16,fail,0.40545890103670346,-1.3357964436379448,0.4350526521144552,-0.33032711552113536,0.28536500927971414,0.24093074469977924,32,fail,0.04337236280030469,-0.40125369984153847,0.07203138120779067,-0.3508571028526349,0.2143800774549915,0.4123591124731655,11,fail,109
178,crowd,0.5512900526766525,-0.25306245700553015,-0.020321405918737996,0.27470181444856895,0.15346860363569784,0.20420306557500173,46,fail,-0.3984840708138424,-0.23167625180719173,-0.5353482016595918,0.1101045054172127,0.5519873728893221,0.40888854354154897,10,fail,-0.5364806342353193,-0.5811303339013144,-0.2149325948528649,-0.0796288070920613,0.24985464612187266,0.2591432336887128,31,fail,0.18809465988608046,-0.25899177336687684,0.011114419304665377,0.7541863711951444,0.18354307260873776,0.28235348485100614,24,pass,-0.10539669948706426,-1.091360931220809,-0.09599591042909358,-0.1920153937637741,0.1487483585404775,0.15041052565776544,94,fail,1.0109590918903446,-0.3314145488518628,0.6302734029458745,-0.09547452331046956,0.31009156071182287,0.331504595090364,17,fail,222
179,crowd,0.7753691003161457,0.5488867105402098,0.44019867004715874,0.7474793033150902,0.06896339519218588,0.12939830292604537,118,refer,-0.13916160256605875,0.3475464745104134,0.10811589269131433,0.3679735551869958,0.24030976861355946,0.3400600334417633,17,fail,-0.42206828702930704,0.12968866536323115,-0.265213138169626,0.6037875022048407,0.09854787976910215,0.14330445128950586,98,pass,-1.6088045956897625,0.5526007439549852,-0.8367611859850935,0.4420599081245188,0.09507510679559977,0.15502493052734276,119,refer,-0.8953578327235023,0.3216315923129575,-0.473011320976003,0.5620366801440534,0.1758917755470128,0.2681815199437714,35,pass,0.3096506595412565,0.09189761064819474,0.1455648600593574,0.46284810792391307,0.08808922214837321,0.1314547019753045,113,refer,500
180,crowd,0.32005531395844716,-0.6653894721519084,0.3612360375719851,0.059867999070429556,0.389897525231852,0.36156411977300235,13,fail,0.3345064921250988,-0.8381970675003254,0.316445513806697,0.3132092724789286,0.42753414989546173,0.40712287387203255,10,fail,-0.5251202680271586,-0.13999679247990857,-0.18045145315252037,0.45367617821288264,0.09454841231661018,0.12880431501611378,120,refer,-0.9116971752045178,-0.39791518519406655,-0.614568876229294,0.16105118361965637,0.11478405330681836,0.12916784151936572,120,refer,-0.0972810116285183,-1.1309112803765402,0.1368462329740486,0.09189361242037375,0.135280414785193,0.12979277078235535,120,refer,-0.1716555920821468,-1.4341591176351942,-0.34094613273285457,-0.08744851289096446,0.5780327406747799,0.42870573168843634,10,fail,393
181,crowd,-1.086047349412293,-0.6659735598583847,-0.6037994930350644,0.2263750493742417,0.18339559693485144,0.23260463727138375,37,fail,-0.6364227386590462,-0.7704163064549525,-0.1030200440436964,0.24546042949328195,0.47474374499039024,0.41134003709346023,10,fail,-0.09626783779981604,-0.15986555867745508,-0.22501761294979633,-0.203087607955898,0.1801750622740856,0.2847943029574167,23,fail,0.22972030841560726,-0.3794993882196685,0.13897760328005607,0.5912317781065325,0.12731755279878337,0.18606264552192975,57,pass,-1.246499222307245,-0.43744430920556265,-0.21567359968177963,1.0530429564815158,0.19927938213807148,0.44040538566177895,10,pass,0.8630365693642076,-0.09600386090176771,0.301184236359689,0.20072899768986024,0.18839236901931092,0.2376431159946998,33,fail,170
182,crowd,0.6253689339224763,-0.47349920721718597,0.33048934064656715,-0.23679323382036604,0.23573205047712328,0.4177665508860823,10,fail,0.6930299477958851,-0.19176569032257962,0.6730173367064856,0.020805283668401925,0.40320600336078877,0.4010212203485533,10,fail,-1.4566706107249536,-0.3357927366616135,-0.4866158779404778,0.3378072395370493,0.09746668043040896,0.1442464244935135,120,refer,-0.11363606047246642,-0.4082954944840818,0.1559927706190951,0.9981217563555904,0.17231787842795687,0.4383937156410632,10,pass,0.36636418557096434,-0.10551682275309177,0.3717340737714187,0.8300706333439178,0.20231620356502517,0.4325985696928452,10,pass,0.10544417544530472,0.1217230998976947,0.2013492075874517,0.17511956103283893,0.16450530768232546,0.2290549617501096,34,fail,194
183,crowd,-0.14553595989036205,-0.0352425821456378,0.01558517139169679,1.4638724149180748,0.14885447855313447,0.45715495639839243,11,pass,-0.9997270890726039,-1.0311601266093748,-0.5802010875295158,0.06363488936315609,0.3118195531980674,0.418193370743174,10,fail,0.6487516471714649,0.03657856639297308,0.21594978824433317,1.0337765317748928,0.19205461227676163,0.3681160344147555,16,pass,0.20346103387191772,-0.9378070015338535,0.13976611400984384,0.29702905750547515,0.105219709131854,0.12872138129438623,120,refer,0.0248052780357407,-0.523883749795876,-0.18541498868996092,1.1579598779970717,0.20272611351282044,0.44566094339885803,10,pass,-0.5848284223224325,-0.5774375036472357,-0.17453563358392774,-0.20344228295744507,0.5942025247417277,0.39565617055262997,10,fail,177
184,crowd,-0.6400719995566418,-0.06173639062932032,-0.4749882789924214,-0.24829062421959455,0.27253681923615314,0.39288969533142304,11,fail,-0.1623879852376016,0.2404284989028635,0.17913814821917448,-0.052969053202155565,0.3994373458709814,0.4261043974821938,10,fail,0.19780322055030447,-0.23876600888403915,0.11676689092963807,-0.2789510963905888,0.31548760785059643,0.32911295860111467,16,fail,-0.7405501568965788,-0.48508780947868735,-0.23044250925973248,0.5160524761026406,0.11184078286499309,0.15031223122255544,89,pass,-0.08785982252340116,-0.34481414663812926,-0.17556414990703906,0.37797181081540715,0.1462999990318709,0.1783223176272823,65,pass,0.1830521340596856,0.015043370381119692,0.17066790862277806,0.45770857018959704,0.07448991214546773,0.12632190940640453,120,refer,311
185,crowd,-0.2013775311436094,0.40402551264454795,-0.19157622105902097,0.6472823415265215,0.07698080251612918,0.127279447972298,120,refer,-0.7038008730021333,-0.3624241947726109,-0.33329242988151375,0.36571818118386906,0.1794763672628303,0.2994348859602829,22,fail,0.16428647904989122,0.6234350442673733,0.0017623057777816477,1.0418633220511277,0.20337303502495477,0.3961274263647764,13,pass,0.5246656061165064,0.22875381796953792,0.30567445043812297,0.712882033516756,0.15834679996408207,0.2702991326076254,25,pass,1.0206337339633735,-0.08644202105827223,0.09624541882716513,0.6019783178512228,0.2478750264563775,0.3181345912473254,20,pass,0.14781050425304032,0.13003238868751427,-0.05486543893400829,0.6238366702587573,0.08074148854161925,0.12892855173435028,120,refer,320
186,crowd,0.2040239138660123,0.1672243145034627,-0.011416345489000956,1.1668456008756198,0.1299454715100805,0.3198370528532366,20,pass,0.8748428708038886,-0.4687741012852997,0.3250312167381749,0.40983200570106276,0.16201976280663585,0.2866913745479471,24,fail,-0.7303933615371643,-0.7303458588820422,-0.3928717276865396,-0.49754652382999753,0.37241101428078754,0.3909148793070128,13,fail,0.27858655270200594,-0.5404912817383243,0.006867965529053035,0.275452314399636,0.11056110818179458,0.13021124150368998,120,refer,0.42892180447535894,-0.14672213582238303,0.2431375485506397,0.5122591711727246,0.17994671803489765,0.23909566793552692,35,pass,0.18789003346730757,-0.48844315554619655,0.11613594164506844,-0.10439951448276892,0.25067814933493093,0.32690510094079134,17,fail,229
187,crowd,0.315901636330652,-0.8858610096826334,-0.031154147157614134,-0.09711323342693082,0.21734551504542898,0.3440443262251989,15,fail,0.5451500239292435,-1.0353738186233705,0.26139077504191427,0.3087134418727913,0.39423744220563595,0.4078852536113756,10,fail,-1.005296796215745,-0.8112894366025498,-0.21984589923944964,0.09458283404684892,0.1313219049112301,0.1527027204970115,86,fail,-0.8646152673843653,-0.26830240424226753,-0.47160575787881537,0.36796642836473226,0.09977533075596015,0.1335150880372778,120,refer,0.6811418097660994,-0.8520450331955749,-0.09501575213200629,0.5825037081241735,0.23401282499366183,0.29938140513650624,25,pass,0.6389964397629638,-0.17734038181555714,0.1466254169577205,-0.048434262783802244,0.31478952338743404,0.4068421888411262,10,fail,266
188,crowd,-0.5129493918715639,0.3977173347076403,-0.3247780313759606,0.7213485392339456,0.07342374834368527,0.12758583299306722,120,refer,0.8219199846275803,-0.2909921003611443,0.6104452774993115,0.0681348266108371,0.4583159378387607,0.40448399134592466,10,fail,-0.15557099923930268,-1.0493081183781012,-0.15779493619371424,-0.10411406813119119,0.2093113719711654,0.23147827244529204,37,fail,0.6702334192285115,-0.8498306955702617,0.2117184725218592,0.3039811195627083,0.10869500728200132,0.12678353211358495,120,refer,-0.7663238741798301,-0.05315083808727161,-0.22028443635247627,0.34780644424833346,0.12423290786107109,0.15479298123965782,88,pass,-0.20235207621955348,-0.09605178123771133,-0.09256979656745128,0.07855501899735945,0.16576535615869867,0.2854934581717857,23,fail,398
189,crowd,-0.4702922427942911,-0.5645402763462368,-0.19788046543809149,0.31213034194552547,0.11403350227562432,0.20110506445733436,48,fail,0.04918861499765415,0.07497756882089013,-0.16466635904652865,0.3295282984995123,0.1923400231083204,0.3838452052243842,13,fail,0.4193186114988758,-0.28759385687973904,0.19699571248168224,0.34454403945728607,0.09613267803113403,0.12799135966661213,120,refer,0.32331933520073464,-0.1056971135599977,0.10750610800676583,0.7757985590737374,0.16533266451440223,0.2840265558656294,25,pass,-0.6705980890612158,-0.21753017877268005,-0.24508775067986377,0.42256371058923,0.1452240997762769,0.19875051588551737,54,pass,-0.9970028964251612,-0.3314180677806495,-0.2830180399290093,0.3077109372128442,0.10377231749084148,0.16515069315440528,99,fail,359
190,crowd,0.1134418664259123,-0.6196775950951687,0.3528562035975531,-0.4517334734613963,0.31896431252947527,0.4041772993231801,10,fail,-0.2659385721259727,-0.08571691019959848,-0.2837010085893896,0.4168569866114547,0.15367258200204234,0.32413949212753873,18,fail,0.2603736073665491,-0.2399985469386997,-0.012422979850281192,0.4167522586662287,0.08550392057913568,0.12604013115769033,120,refer,-0.16617637756811002,-1.0142143481319612,0.07596182646649204,-0.23506588647207458,0.2558049379289538,0.2484209722022353,30,fail,0.0643663512803021,-0.6393590985975621,0.31033014444798873,0.367100477653212,0.1381495637803414,0.16390988665225895,71,pass,0.5746157758074667,0.15055169625055687,0.2787595914224386,0.4372000988778276,0.0891571163896407,0.12817687477766315,120,refer,369
191,crowd,0.24374242030143672,-1.0671811714614068,0.16615763388608748,0.1863725947623841,0.2003844629367748,0.2760789934629842,28,fail,-0.05901953466754557,-1.497691799885471,-0.16725123343950163,-0.5624942783264576,0.5849339358735837,0.3963476238255738,10,fail,-0.11659858708610611,-1.4772029532875293,-0.15614330936928844,-0.3489341494202347,0.3183943683412075,0.3664864936612872,15,fail,-1.2965268169127107,-1.4686006716539937,-0.22919139224045032,0.027397620582647334,0.13941927700687834,0.1436055934116895,96,fail,0.7528385146631434,-1.3700635968801205,0.4180999461227685,-0.20661581096978465,0.1519791040813445,0.15293595721378772,80,fail,-0.9320074337071953,-0.9283942122659061,-0.32162891654473225,-0.10653473336237713,0.4693341214079136,0.3928544069641909,10,fail,239
192,crowd,-0.4091609511408178,-0.324490477821484,-0.07634911188465077,0.04924422292620954,0.17733417773542526,0.31261638860945967,20,fail,0.04573252067491503,0.2247998849228015,0.10245893990156167,0.16105116764306598,0.2868213164700372,0.37303389819528765,12,fail,-1.1331989573015442,-0.9489057769177947,-0.5540744580193246,-0.3772575268847195,0.3434670959368819,0.36661864373191655,16,fail,0.2767651043783133,-0.6565860136028652,0.1012997743576008,-0.25418903504296875,0.19955400255751302,0.30366797694317355,19,fail,-0.7097439082332144,-0.3443773031009687,-0.30317316518417964,0.2782147628008816,0.1103545444292736,0.1403586934055578,120,refer,0.000172756823309306,-0.29594856647659173,0.5488221768369484,-0.08572793628992208,0.3487358742622194,0.3544546230304873,14,fail,201
193,crowd,0.08042836592722274,-0.6913860947118924,0.3512184948551423,0.031763166670355746,0.3884106644725535,0.3764359381642634,12,fail,-0.6694148304123128,-0.41343778814676724,-0.19643517008576533,0.16555348814368293,0.5206503903035103,0.41249078640034625,10,fail,-0.2235272499936315,-1.0109276512867684,0.5051318344255111,-0.31378137880575346,0.47086209999963075,0.3672869906167198,13,fail,-0.31647674010663973,-1.0063245867477895,0.3518685192887487,-0.2316946968231209,0.24819156523769928,0.2749143229909139,23,fail,-0.6633609629016578,-0.663916000582804,-0.2575297851806788,0.391563461940241,0.1536131033370578,0.1813761835593512,65,pass,0.7378165559257935,-0.7449129153454216,0.7360572947745841,-0.030386089126170267,0.2438712639272419,0.33206218362644846,16,fail,139
194,crowd,-0.1046668091269461,-0.1731915726517981,0.0849491471920699,0.21926881609893956,0.14727043470292658,0.26634361126925676,26,fail,0.6978407993449335,-0.24299920374968176,-0.20722317840405746,0.2622234371040697,0.2627921903858083,0.3783990084307676,13,fail,0.4741530202746416,-0.9840245861170946,0.07578458585497112,-0.19550513054767016,0.20203727808400493,0.300019993670992,21,fail,0.8877851768580997,-0.0780926323019317,0.2867909398581552,0.5863873937412998,0.1355126870353362,0.1905610887633622,60,pass,-0.08396035108061665,-0.2735848716477429,-0.05559597569001821,0.7464794988527856,0.30269993962155356,0.43767287293794127,10,pass,0.021187652782582948,-0.2976320579479074,0.33258596902602056,0.004093789029325411,0.22234427675049231,0.3367962895649614,16,fail,146
195,crowd,1.0819105257295085,-0.3270475159552662,0.6489236694865094,0.32573097585285965,0.14676869255739486,0.20215626375472573,46,fail,-0.10010253290207684,-0.743127461593494,-0.36373934327086893,-0.1836458757824536,0.40841144196369944,0.4069482921503369,10,fail,-0.38582278824645716,-0.5401272299679403,-0.11259498066046336,0.5764904275050126,0.09338996770532404,0.13272732390077185,117,pass,0.1759819375829659,-0.6903282843734546,-0.03255472239927262,0.8876220497719537,0.2300302033126486,0.3803154912242925,15,pass,0.8032808171664144,0.06812911449194914,0.4170455710195626,0.43688827375808215,0.17259356982861573,0.20977137404065416,43,pass,0.17221174286531138,-0.9175238781674608,0.20778049139831453,0.15448630590131815,0.14639206135651908,0.23029274343353234,35,fail,266
196,crowd,0.15062723901935907,-0.5830515591592322,-0.11080840241266784,-0.09588050889978987,0.20021459855634707,0.3402404800919281,15,fail,-0.5855474269692783,-0.03140565270558987,-0.39500336724365903,0.1845632721896371,0.18964630597110516,0.3719884024686864,13,fail,-0.18847111521389262,-0.8851101532601728,-0.21874260441797047,0.039132982578804106,0.14109271084855507,0.17206170685419486,67,fail,-0.7900440024031145,-0.668343582566862,0.18565382056260923,0.9466534068509033,0.20332097142405256,0.42245783593902625,10,pass,0.05465631620314603,-0.5319699516594246,0.24341866920759325,0.5282551662554061,0.20336641287889398,0.26149642059142914,26,pass,0.6242024656448156,-0.2671585430639159,0.4433387519498431,0.08256311919461419,0.21305742548578216,0.30515102312310804,19,fail,150
197,crowd,-0.4157732710461064,-0.5247724931239258,-0.05941904071799451,-0.012473807066449509,0.3094547970516112,0.40729231003030186,10,fail,-0.030557084102432457,-0.31728729667355177,-0.11959492391455032,0.21968344791093414,0.20472949793625114,0.3916171762727449,12,fail,-1.2721550828893398,-0.14718489598334752,-0.5393727688021196,0.4223952532547904,0.09222378732469524,0.14375739034309504,120,refer,-0.43546520091233804,-0.5127368814380637,-0.2015246722575243,0.14377360298453787,0.105529778709998,0.12795497720157037,120,refer,1.0085556354303478,0.03743242051057,0.5005705354558427,0.5846692664256262,0.22380250023447265,0.2807831755440844,24,pass,-1.327647103040421,-0.4116952892724937,-0.42173001829986384,-0.16061136250189756,0.20363292964081584,0.4148767802732289,11,fail,297
198,crowd,-0.6469020747403311,-0.3144064633452785,-0.5753011299197043,0.31161097214592925,0.13327044436080776,0.20952794622772186,41,fail,-0.29032190657491674,-0.1548392804858254,0.16389655874482018,0.3170766684298077,0.22455292530451432,0.3424260209697498,15,fail,-0.9603098222087072,-0.5199779678515954,-0.3630754323301283,-0.037562545537631956,0.16554434183892333,0.2212276906958431,40,fail,0.2669895597456874,-0.7621919938352424,0.27885809432176545,-0.42025522181934644,0.3169085398387638,0.4007910194634888,10,fail,0.09890498543855579,-1.1540843977826616,-0.4013329366552318,0.8136147489382916,0.24200269323329998,0.4290335522647988,10,pass,1.2635320594954187,-0.46643957882915776,0.6196527967367528,-0.05640762481937792,0.2833867441832207,0.33120523402027024,16,fail,132
199,crowd,0.1203053229000074,0.28983421479605614,0.05574578374193564,0.28870750227647096,0.11369542908368953,0.21445543840261116,40,fail,0.23102559292323732,0.9251347170648287,0.1259395729831284,0.9051624359874318,0.06029894703219756,0.12949368178699414,120,refer,-0.4792636509579766,0.11173649970345861,-0.1155416908326259,0.6374899952134678,0.11196867739863514,0.1685644264721312,72,pass,-0.7621241609635439,0.19584278557555468,-0.44998317741920224,0.6346412965456883,0.1326208091872001,0.20707556865451926,45,pass,0.5729737696901883,0.5156297881257685,0.3571470812251439,0.9148346858872461,0.2172929161357525,0.43264591993412604,10,pass,0.8709703628785743,0.4395956912660008,0.43474299528191523,0.5691531188798988,0.08208815973451725,0.1256815934091096,120,refer,407
