domain,rater_id,rater_name,sigma,theta,se_sigma,se_theta,n_trials,converged
spike,0,Aaron F. Struck,0.9029733396611852,-0.0192151434159327,0.0819681092773278,0.0786047342159811,452,True
spike,1,Abubakar Ayub,1.3923404161093478,-0.6939771228389389,0.1097204338334696,0.0778688010666269,918,True
spike,2,Adam S. Greenblatt,0.7445746790274935,0.4199186754144769,0.0759276141826234,0.0699315907281839,452,True
spike,3,Alice Lam,0.656515197114149,-0.1231812706119904,0.012131646757221,0.0116075815430614,13827,True
spike,4,Aline Herlopian,0.7012502389890561,-0.3271261257036361,0.0130675646356981,0.0126231862276267,13827,True
spike,5,An Ouyang,1.052833899158193,-0.1611351342037068,0.0711597761112007,0.0524321121077029,1000,True
spike,6,Anil,0.8364023508410872,-0.6406839290760601,0.0603010587235902,0.0489726179121281,1000,True
spike,7,Chinasa Nwankwo,0.7262345806691183,0.5521082071771322,0.0875615719229026,0.0712090352910589,452,True
spike,8,Dan Rubin,0.7615588523466575,0.0500335305017862,0.0498817939779745,0.0422850985969107,1000,True
spike,9,Dan Weber,0.6499927841226454,1.1058853868875194,0.0614891026675905,0.0522893574388695,930,True
spike,10,Douglas Maus,0.4875205679997073,1.3929876579938452,0.0132966030061488,0.0096201430821954,13827,True
spike,11,Elissa Ye,0.960352153725982,-0.1371310223411838,0.0634337534644538,0.0494360224196156,1000,True
spike,12,Fabio A. Nascimento,0.6843766226985136,0.8479919647806687,0.0429680046488699,0.037860783085212,1690,True
spike,13,GT,0.8078989390380811,-0.2562982892373119,0.0590815541617021,0.0481204715902154,867,True
spike,14,Gabe Mertz,0.6427375768986975,0.1387443745222134,0.044894438224027,0.0385036086093031,1000,True
spike,15,Gamal Osman,0.5677552293815211,-0.4248779271792037,0.034299227825713,0.0379734537088032,1383,True
spike,16,Hiba A. Haider,0.6134778917846178,-0.154810227957637,0.0356034946010991,0.0388372935828158,1383,True
spike,17,Ioannis Karakis,0.7104031035493021,-0.2881205985073387,0.0119523044462838,0.0117329435707074,15670,True
spike,18,Jake Hogan,1.5179371513722588,-0.3514795238051723,0.1189986322426131,0.0719739952836927,1000,True
spike,19,Jenn Kim,0.7663181404727496,-0.1017234751023374,0.0522020876982529,0.0428133424964836,1000,True
spike,20,Ji Yeoun Yoo,0.5967587578052227,-0.4531849623945285,0.03028710330725,0.0341802887566407,1861,True
spike,21,Jin Jing,0.7182240021244863,-0.2805695166101004,0.02602708585289,0.0267431198207401,2868,True
spike,22,Jonathan J. Halford,0.7917827315901955,0.718741717642762,0.0154381644787915,0.0119596193286737,14282,True
spike,23,Julia Carlson,0.6961067685633608,-0.1620280224398192,0.0458555236923869,0.0394442336700004,1000,True
spike,24,Lindsay Joslyn,0.7606812862492192,-0.0909582497921916,0.0493683667099277,0.0421439876276089,1000,True
spike,25,Lisa Dümmer,1.177368388180653,-0.4427001355443907,0.0804412838810287,0.0598488963651636,1000,True
spike,26,M. Brandon Westover,0.6971294029014845,-0.6492522267541426,0.0124302304149342,0.0125265429249543,15670,True
spike,27,Marcus Ng,0.7245768899579035,-0.177758718391296,0.0119497124971509,0.0116476077631601,15670,True
spike,28,Maurice Abou Jaoude,0.6872951528356066,-0.1276855967707676,0.0492043314395613,0.0403106389369042,1000,True
spike,29,Mo Shafi,0.5799367484249058,0.2507703102006707,0.0384466783754623,0.0370982765301484,1000,True
spike,30,Nitish M. Harid,0.7527669765764894,-0.1919425268633371,0.0502939825734031,0.0423118742659111,1000,True
spike,31,Olga Selioutski,0.5967324743237356,0.4158750904302307,0.0352908550244586,0.0347785083671853,1861,True
spike,32,Olga Taraschenko,0.7813247485692318,0.3699685552667511,0.0411895966558799,0.0404740244575484,1861,True
spike,33,Peter Kaplan,0.6274948021867313,-0.0036172129135488,0.0441338171545443,0.0378273800062291,1000,True
spike,34,R01_jj,0.7657216861259407,0.3551150345342259,0.0713592779895568,0.0654785419396321,500,True
spike,35,R01_post,0.8139537334830439,0.8912743068197789,0.0868679725904083,0.079871046643999,500,True
spike,36,R01_pre,0.8104217304651309,1.2945715069285118,0.094559752068992,0.0934826556604343,500,True
spike,37,R02_post,0.7104877659413918,-0.2515698477371296,0.0670004129709103,0.0556306671958935,500,True
spike,38,R02_pre,1.3638498256814098,0.2153693260264113,0.1432754700877101,0.0931802524758878,500,True
spike,39,R03_post,1.7201095597484286,-0.2254129774535945,0.2013941494434393,0.1099502498829529,500,True
spike,40,R03_pre,1.1824125338063545,-0.5419730750808455,0.1190180955381151,0.0850906623324295,500,True
spike,41,R04_jj,0.7483763906591872,0.1886669883199321,0.0706368412275531,0.0636075786725485,500,True
spike,42,R04_post,0.8523422087616469,0.5672252188053932,0.0796837630623316,0.0729476822053864,500,True
spike,43,R04_pre,0.8049602673102597,0.7619710206824915,0.0781785795569336,0.0740101894048989,500,True
spike,44,R05_jj,0.9198625463327964,-0.4693326527261645,0.0885563120796787,0.0689550669553824,500,True
spike,45,R05_post,0.6880648881461081,-0.587583343141458,0.071627575832321,0.0567860117150305,500,True
spike,46,R05_pre,2.202683966028807,-0.055032853831755,0.3217841259035492,0.1354739955032078,500,True
spike,47,R06_jj,1.0480476815454185,-0.5003178291801501,0.1037537033129856,0.0771296858131466,500,True
spike,48,R06_post,0.8166303532100597,-0.229447557697449,0.0865445178466769,0.0628375301284864,500,True
spike,49,R06_pre,0.8870390987337006,0.3367205336697332,0.0900193707589625,0.0697761558707271,500,True
spike,50,R07_post,4.999999999999999,0.2684601686466352,1.4693787557869855,0.3164025194386529,500,True
spike,51,R07_pre,3.1945571065572795,0.4684790668687026,0.6286149126916989,0.2179691180177068,500,True
spike,52,R08_jj,0.7487976532820899,0.0242418501501138,0.0729150392137248,0.0591917093375552,500,True
spike,53,R08_post,0.6356455819116529,0.1162342694262018,0.0661042539856311,0.0555641578814778,500,True
spike,54,R08_pre,0.7029395843673385,0.6201964603437321,0.0689633790337054,0.067137898569336,500,True
spike,55,R09_post,1.2163262571374862,2.0,0.2198827126323511,0.1920902833334362,500,True
spike,56,R09_pre,1.425166933993414,1.1723058470262866,0.1797714858981251,0.1515747840253665,500,True
spike,57,R10_post,0.5148138425972333,0.5483919136917583,0.0503867659485451,0.0535051976357199,500,True
spike,58,R10_pre,0.6482387450562563,0.5381524453032408,0.0601745822861007,0.0612388165860061,500,True
spike,59,R11_post,0.5984229857282104,0.400357098739253,0.057774205846469,0.0542830041077301,500,True
spike,60,R11_pre,1.4133151705909246,0.0672893896243725,0.153931511867696,0.093105737137187,500,True
spike,61,R12_post,0.5118077663026109,-0.0276868105231275,0.0527556310701196,0.0485183734124956,500,True
spike,62,R12_pre,0.4874790585513054,0.5675092798958256,0.0565141720102326,0.0561101541500029,500,True
spike,63,R13_post,0.6887690595372122,-0.1003605300913068,0.0663478248087089,0.055430467845963,500,True
spike,64,R13_pre,0.809655152309257,-0.4004089371696401,0.0757879059200803,0.0630255108204659,500,True
spike,65,R14_post,2.124975957830822,2.0,0.3482973041913473,0.3176465732038517,500,True
spike,66,R14_pre,2.1883556434290683,1.8373773575442736,0.3799221837674781,0.3152517043739808,500,True
spike,67,R15_jj,0.8438005058884063,0.1253872440230946,0.0786964069487562,0.0643774708080534,500,True
spike,68,R15_post,0.966298876907916,0.2157540249422339,0.0929903635925622,0.0729001095461524,500,True
spike,69,R15_pre,1.6583418055241106,1.9833635043274431,0.2586732649644625,0.2669844632406105,500,True
spike,70,R16_post,0.4582425476529205,-0.1421243551554782,0.0525015952476932,0.0434028646205551,500,True
spike,71,R16_pre,0.812833471791276,-0.08520343808093,0.0785151045107472,0.0616337922234676,500,True
spike,72,R17_post,0.7222144868435392,0.1965386554959381,0.0680377413779556,0.0602782343208036,500,True
spike,73,R17_pre,0.8708222102478369,0.5838108271236915,0.0947636881304323,0.0753554115775186,500,True
spike,74,R18_jj,0.691422409458406,-0.0841734475133249,0.0633374936976852,0.0557003252465148,500,True
spike,75,R18_post,0.6381465881512538,-0.1865249653639936,0.0631559204012749,0.0538458945805684,500,True
spike,76,R18_pre,1.274084240265373,-0.1927786864641665,0.1295065978445955,0.0852468378028377,500,True
spike,77,R19_post,0.9725630243687422,0.4421757106561408,0.0956226823165144,0.0764621332782194,500,True
spike,78,R19_pre,1.099604968818933,-0.1573299670925254,0.1071352257015805,0.077016272329729,500,True
spike,79,R20_post,1.3141108741766647,0.8395782355949861,0.1496552457531927,0.1134821880287455,500,True
spike,80,R20_pre,0.9890652266019534,0.9500759419466228,0.1099086903106058,0.0934949121146602,500,True
spike,81,R21_pre,0.9357719092155646,-0.191405068017697,0.0904374770453487,0.0684560472831902,500,True
spike,82,Rani Sarkis,0.6408105586494512,0.230593739842427,0.045661476679024,0.0381957238703226,1000,True
spike,83,Roohi Katyal,0.7394453514177781,0.0389456503461702,0.0502222390354178,0.0528120991847485,930,True
spike,84,Ryan Gaudreau,0.9802409909669052,-0.060827201531952,0.0660254082203133,0.0501784203332373,1000,True
spike,85,Sahar Zafar,0.5565417753003169,0.2514063472645698,0.0418902650337543,0.0361568729900667,1000,True
spike,86,Sam Terman,0.5551504459919531,0.2220731738816647,0.040462911932912,0.0365758590900395,1000,True
spike,87,Sarah Schmitt,0.5204477437458475,-0.3385863504461979,0.034410094863083,0.0366747064378156,1395,True
spike,88,Sean,0.813836162478501,-0.1721257784605501,0.0559555571067116,0.0440086360844514,1000,True
spike,89,Selim R. Benbadis,0.4972315403183246,1.5193146809924971,0.0475239163164668,0.040036178547343,1392,True
spike,90,Shenda Hong,0.8614106318480068,0.1695003801030839,0.0579875966717906,0.0463163918903172,1000,True
spike,91,Sydney S. Cash,0.6359375509885702,-1.2840127880752854,0.0169716519621627,0.0166616028794996,13827,True
spike,92,Valeria Sacca,0.7272957576326413,0.0681015182389174,0.0505180102930267,0.042701350217943,1000,True
spike,93,Wei-Long Zheng,0.712304118051819,0.2816681677234699,0.0490030076252307,0.0413809368456388,1000,True
spike,94,Wendong Ge,0.8707597484072629,-0.3851197581097511,0.0589226361584903,0.0472452004693585,1000,True
spike,95,William O. Tatum,0.5779885436381977,0.519578910883974,0.0385665797955008,0.0347394143516931,1858,True
spike,96,Yu Zhu,0.55537382681611,0.0330156886119057,0.0413379609257606,0.0351877331650352,1000,True
spike,97,Ziwei Fan,0.9736934386866076,-0.1965718022874818,0.0647742934644096,0.0501464002390748,1000,True
spike,98,Zubeda Sheikh,0.9757745378226572,0.7380760074996509,0.0731746166869865,0.0747530030886514,931,True
spike,99,crowd_100195,1.0681229293446683,-0.0138321001133662,0.103968919191189,0.0896247955960397,416,True
spike,100,crowd_100311,0.4985990590823248,-0.1055091023028541,0.2318489647760244,0.2660570622913032,31,True
spike,101,crowd_100327,1.4901729800773629,-0.3299382625073815,0.1199424131951903,0.0924199883489513,635,True
spike,102,crowd_100531,0.8873733162795806,-0.2360431501390728,0.1911692501999161,0.1676943116119014,115,True
spike,103,crowd_101152,1.1843235401984715,-0.7771858603133838,0.3189249447636261,0.3203899195785017,51,True
spike,104,crowd_101216,0.5132241255817666,-0.375330278127956,0.1958765533491645,0.201532228476049,32,True
spike,105,crowd_101297,0.6037243858300201,0.3039966766117102,0.0772662996933102,0.0792601112739226,323,True
spike,106,crowd_10155,3.2003089699525207,-0.7778785685919745,2.1095959555400787,1.111771566330192,34,True
spike,107,crowd_101554,1.8836924952176224,0.0892391742487018,0.6716123805287421,0.4156655048232788,43,True
spike,108,crowd_101606,0.4397364428368894,-0.493429316378804,0.1647778786179613,0.1446138944126511,60,True
spike,109,crowd_10184,0.9009519788973732,-2.0,0.1132428694192127,0.0890377265051343,1052,True
spike,110,crowd_101954,0.6087765698223286,-1.197512617391849,0.2173677998724056,0.1852402629538978,75,True
spike,111,crowd_102014,0.5460366122021271,0.1126554215717917,0.0280386487078261,0.0300298154816712,2031,True
spike,112,crowd_102184,1.1149705747529008,-0.1513246845177898,0.0536839918036443,0.0494430352785795,1507,True
spike,113,crowd_102191,1.3888739885964978,0.140961898475686,0.2004466076157794,0.1649614981126343,175,True
spike,114,crowd_102252,0.9166064916235956,-0.3474375820776165,0.1704630084657275,0.1569897541649192,126,True
spike,115,crowd_102534,1.1896232846582966,-0.5680573685419387,0.1079994253771769,0.1001393136343897,436,True
spike,116,crowd_102582,1.0442445905777566,-0.2108483277877296,0.0675790665514892,0.0674134801895593,768,True
spike,117,crowd_102642,1.6992742700749697,-0.3656361983561552,0.4642451450915492,0.3313779637220282,60,True
spike,118,crowd_102777,0.6234015958516184,-0.4900137630108633,0.0710568073686757,0.0751440941462668,348,True
spike,119,crowd_102832,3.3469083567129427,-2.0,1.9452804840387896,1.197672931521835,50,True
spike,120,crowd_103408,1.0077082902547216,0.1581542181681336,0.203061179105871,0.1880462596567427,91,True
spike,121,crowd_103572,0.8780348945346826,-0.3256597204143355,0.1333979397414778,0.1387582822234006,157,True
spike,122,crowd_10384,1.6093502482228688,-1.4554151733551133,0.599394687921421,0.6874148041804088,40,True
spike,123,crowd_1039,1.2358109938880826,-0.5802719424913709,0.3537696155568512,0.4344732537861848,51,True
spike,124,crowd_104,0.6577242641688832,0.1644935200445273,0.265269742009631,0.3147269533924802,20,True
spike,125,crowd_104200,1.0115573786114824,-0.3105492793220695,0.2454982981508362,0.2137128970368219,70,True
spike,126,crowd_104431,0.7318473558242471,-0.1178267375033241,0.187681377522058,0.1889653714777917,57,True
spike,127,crowd_104634,0.6881406171678263,-0.0798887655133615,0.1997629430373579,0.2273412825831189,42,True
spike,128,crowd_104645,0.9436271837523084,-0.8583898160706965,0.2797483973976316,0.1776383126862011,120,True
spike,129,crowd_104694,1.0035316348882592,-0.1243007946908943,0.269922576799444,0.2221732695192088,60,True
spike,130,crowd_104887,,,,,12,False
spike,131,crowd_104892,,,,,1,False
spike,132,crowd_105203,2.2569168269921485,-0.6313328158583049,0.5965989012939981,0.3662841068497072,89,True
spike,133,crowd_105386,0.9813590521395265,-0.0896209488152618,0.0978595876307636,0.0959978132086298,357,True
spike,134,crowd_10554,1.8441546532219353,0.3566615125942425,0.6228525179193798,0.3516838920422095,56,True
spike,135,crowd_105558,0.8875361300124878,-0.3986332547912189,0.1433955405584106,0.1532109420232212,121,True
spike,136,crowd_105668,0.5080153856865703,-0.997977824455022,0.1956616186757439,0.2223292899780456,46,True
spike,137,crowd_105713,,,,,12,False
spike,138,crowd_105763,0.7027021077151125,-0.3902295947972922,0.0555857702401375,0.0539550108362827,859,True
spike,139,crowd_105827,,,,,15,False
spike,140,crowd_106237,1.3328924012471208,-0.0779266129009475,0.3925734438101457,0.3323507600641544,41,True
spike,141,crowd_106300,2.1586494538325476,0.8845991198054632,1.1628481202325274,0.6923148594256053,21,True
spike,142,crowd_106743,1.1004145980189024,-0.0658599054821245,0.1301483163239568,0.1277215060382593,224,True
spike,143,crowd_106835,0.7147833397855058,-0.4939840896525832,0.0739838577348787,0.0752255170982121,432,True
spike,144,crowd_106855,,,,,17,False
spike,145,crowd_107159,,,,,11,False
spike,146,crowd_107232,2.9643823814655854,-1.3791078978540543,1.5365326631441067,0.9937440918361482,41,True
spike,147,crowd_107335,1.1835950542794045,0.5347389130594005,0.2124737124603323,0.1977531054517221,106,True
spike,148,crowd_107433,1.8907949887622877,-0.2499669521785953,0.8649860000887347,0.5707778039199171,24,True
spike,149,crowd_107545,,,,,17,False
spike,150,crowd_108015,1.1729657549189645,-0.0685035833478227,0.098591561400039,0.0923119509704318,474,True
spike,151,crowd_108033,1.7147838490955891,-0.6546570170524892,0.630377590684044,0.4259576431268589,38,True
spike,152,crowd_108391,0.7841307288098406,-0.0793390205447059,0.0804812946634287,0.0928010283722713,313,True
spike,153,crowd_108654,0.9629551727361716,0.0202239874025996,0.1366515204519303,0.1423080028259742,169,True
spike,154,crowd_108825,0.9820309624407968,-0.7592303825287702,0.4728618982238902,0.4107622194829685,22,True
spike,155,crowd_108985,,,,,14,False
spike,156,crowd_109398,1.0658434677293764,-0.389857508313718,0.1778251972082209,0.1758440532742827,122,True
spike,157,crowd_1094,0.7507951248261985,-0.0535874670515003,0.2962359630408135,0.3003652557823132,28,True
spike,158,crowd_109492,,,,,15,False
spike,159,crowd_10968,1.324722076148517,-0.510134399210618,0.164508568805732,0.1572944154445046,256,True
spike,160,crowd_109680,,,,,10,False
spike,161,crowd_109746,0.5361053014714919,-0.5311952164443835,0.0728644022772831,0.0690507167576056,425,True
spike,162,crowd_109953,0.9039198906494016,-0.2054271826010839,0.0603813339783498,0.064107866174729,745,True
spike,163,crowd_110094,0.7904345384143198,-0.2415436616118317,0.2512344911155352,0.2510675698527927,36,True
spike,164,crowd_110596,1.1743527765098167,-0.3401558612942172,0.1794899862511827,0.1675318458012802,145,True
spike,165,crowd_110660,,,,,12,False
spike,166,crowd_11074,0.6225915860051988,-0.8192548972021081,0.2530196838450593,0.2763873924325706,23,True
spike,167,crowd_111274,0.7897993690233549,-0.2500150848609351,0.0471384026338209,0.050202583431762,1080,True
spike,168,crowd_111389,0.7915115366443368,-0.2690230068207205,0.1905610601920613,0.196557412855124,62,True
spike,169,crowd_111404,1.0328934497659406,-0.0861771197009273,0.0936897350280446,0.090373487172055,406,True
spike,170,crowd_111435,,,,,5,False
spike,171,crowd_111583,0.6704842199177377,-0.3650336240876609,0.0942678057801852,0.0919197702448668,285,True
spike,172,crowd_111603,3.17746818176206,-0.8339666470217361,1.3801080080012864,0.6171592798697616,61,True
spike,173,crowd_111638,1.3220670010843494,0.4484423438928524,0.3088078673002528,0.2722057363032188,66,True
spike,174,crowd_111695,1.0655481586431492,-0.7153445020271513,0.1617546116261041,0.153209233274528,160,True
spike,175,crowd_111698,0.9379992869983635,-0.651427227503475,0.3718144871785887,0.324667665554842,25,True
spike,176,crowd_111725,1.6439726835008257,-0.8209743766528211,0.1569079478806107,0.1154427488087573,556,True
spike,177,crowd_111794,0.9248019260509864,-0.214227963874876,0.0772720570409469,0.0810992176042009,489,True
spike,178,crowd_111864,2.259609007492741,0.8743698200613401,1.2097685161841798,0.8886942147543594,26,True
spike,179,crowd_111890,0.9035328291404358,-0.7353290231080937,0.0606840711160202,0.0550067762078534,1062,True
spike,180,crowd_111919,1.8782709331329936,-0.4936458189754253,0.9732293325064942,0.5604602087109043,23,True
spike,181,crowd_112098,1.3529025795922025,-0.950375414184526,0.6275542588418951,0.5119696764389735,22,True
spike,182,crowd_112139,1.3016172991573942,-0.3222856703763334,0.1429560806232776,0.120018461131479,310,True
spike,183,crowd_112767,1.13105948316467,-0.5624643408083297,0.1080237107691762,0.0976658495204631,446,True
spike,184,crowd_113393,,,,,10,False
spike,185,crowd_113460,,,,,7,False
spike,186,crowd_113698,4.999999999999999,0.0748294338287278,2.3276893035163693,1.03502033362664,41,True
spike,187,crowd_113918,1.015635820427846,-0.2829177483291266,0.2638635171739162,0.2115761295417023,93,True
spike,188,crowd_113972,0.7504163038696476,0.269119280793842,0.0262231276439071,0.0272863917901211,3237,True
spike,189,crowd_114317,,,,,8,False
spike,190,crowd_114587,0.2054131119204336,0.4082788791878165,0.1871989591005756,0.1598575652621075,28,True
spike,191,crowd_114591,0.6523295606277747,-0.1074187772282709,0.0423318015813589,0.0432358677325659,1204,True
spike,192,crowd_114617,1.6793264798298366,-0.6590196773106217,0.3337049956755437,0.2395975113555586,137,True
spike,193,crowd_115018,0.7718824626158691,-0.0886876691975957,0.0473008900717866,0.0472329372169408,1207,True
spike,194,crowd_115074,,,,,10,False
spike,195,crowd_115281,0.9128803695608548,-0.0889686775677931,0.2718217432082955,0.2717004573556467,36,True
spike,196,crowd_115339,0.8739501366419923,-0.227325695093555,0.2036278222402771,0.2345697337304666,57,True
spike,197,crowd_115413,1.048938862397399,-0.0596726451930988,0.3176883436718115,0.3275318405490469,34,True
spike,198,crowd_11568,0.4624342929018609,-0.3232643579087855,0.0178794130173756,0.0177695094121949,5769,True
spike,199,crowd_115940,1.8538834339622252,0.5226518132206738,0.1749158567619789,0.1175354623597443,568,True
spike,200,crowd_11599,0.8839725448293175,0.0632595193384506,0.2156250547076041,0.198171686621479,74,True
spike,201,crowd_116061,0.8644466721473,-0.5137359345061996,0.161215049743405,0.1736021985593591,100,True
spike,202,crowd_116119,,,,,9,False
spike,203,crowd_116141,1.4070571870817168,0.2568065435616382,0.3411721403838315,0.2928188481468,59,True
spike,204,crowd_116385,,,,,18,False
spike,205,crowd_116544,1.0952447959802234,0.3651420230367962,0.4461578353415344,0.3705205943554562,22,True
spike,206,crowd_116567,0.6849755303730898,-0.2322232421794198,0.1414299476974492,0.1177406832062678,212,True
spike,207,crowd_116576,0.6728305318276255,-0.1208710726156178,0.0597035941953361,0.0555453296302555,762,True
spike,208,crowd_116611,,,,,15,False
spike,209,crowd_116673,0.8801722903231888,-0.0883859183353173,0.1050866279051223,0.1087498946419398,224,True
spike,210,crowd_116679,,,,,15,False
spike,211,crowd_116690,0.8132062934197472,-0.2109734418590189,0.0324816586850831,0.033203886787126,2497,True
spike,212,crowd_116691,2.586310774596934,2.0,1.910234470577564,1.63233221298456,20,True
spike,213,crowd_116814,,,,,3,False
spike,214,crowd_116827,1.0278095073168694,0.1774543620203073,0.2390636140479113,0.2440869713522337,56,True
spike,215,crowd_116931,0.7621507586858257,-0.3799471623589538,0.0628046037545208,0.0604141778309126,644,True
spike,216,crowd_11697,0.6924193249622007,-0.5555384969980744,0.0411742778231666,0.0423363771980946,1703,True
spike,217,crowd_116974,0.4815508558323434,0.108516938304105,0.1633447225302198,0.1996601866361498,42,True
spike,218,crowd_117017,1.0082143046256984,-0.4426226049482867,0.1139778091732454,0.1174140073665761,248,True
spike,219,crowd_117096,0.8573378707086324,-0.22609459682624,0.0657555099287258,0.0650577286680886,687,True
spike,220,crowd_117101,0.6159881253962622,0.0086113139206726,0.0387813269701434,0.0426058019946757,1118,True
spike,221,crowd_117103,1.1908401041439551,-1.0142975004740424,0.2792047258294197,0.2648946820045175,80,True
spike,222,crowd_117108,1.3383338537036706,-0.4756238434827401,0.1966110988329185,0.1650866301153124,182,True
spike,223,crowd_117111,0.7945621150888157,-0.5367943897655069,0.0552737354857127,0.0562403536472381,873,True
spike,224,crowd_117117,3.699485314186679,-2.0,2.706441630124121,1.66012049559188,30,True
spike,225,crowd_117128,1.1503398125729702,-0.713444696435559,0.2527171007119773,0.2735231953043817,68,True
spike,226,crowd_11715,0.5404980428091181,-0.3963542075362891,0.0246142829450734,0.0239937623039377,4003,True
spike,227,crowd_117172,0.7797134243994407,-0.2196116196225679,0.0612227410709445,0.0629260737808746,672,True
spike,228,crowd_117185,0.6461238458965639,-0.0577773655016425,0.0366281133043407,0.0354033487836977,1727,True
spike,229,crowd_117210,0.5780658092400163,-0.5311192135647065,0.2318967938927215,0.2183490785121338,37,True
spike,230,crowd_117218,0.9739335131713182,-0.2743063300517316,0.046191996046639,0.0461741607589134,1526,True
spike,231,crowd_117226,3.382574960723252,-2.0,1.8723021789282648,1.189393301908344,27,True
spike,232,crowd_117242,,,,,12,False
spike,233,crowd_117483,1.391414295049893,-0.4429939789729435,0.1875502237758536,0.1573525305456334,201,True
spike,234,crowd_117516,1.534182076966291,0.0453344093478807,0.3865794763135047,0.2751314940568086,71,True
spike,235,crowd_117642,0.9591837961379152,-0.3491286932821766,0.0645857321300308,0.0633446474114389,798,True
spike,236,crowd_117751,0.8925238644258741,-0.3140356650238056,0.304633912094887,0.2523534600491161,34,True
spike,237,crowd_117883,1.3282691175270425,0.007296927514359,0.1669430170118261,0.1483613966107887,212,True
spike,238,crowd_118043,4.999999999999999,0.7155617566316919,2.334573068529399,0.7657937251691151,88,True
spike,239,crowd_118131,0.554472606570281,-0.2467941928125528,0.1117195631050984,0.109339301121323,140,True
spike,240,crowd_118164,0.8257744354195493,0.5376003153315019,0.2965233830046622,0.2630782765900682,33,True
spike,241,crowd_118181,1.248402633288235,-0.4955432290844446,0.3254587837063221,0.2839382733698632,55,True
spike,242,crowd_118219,0.715369503859075,-0.6781531685382474,0.2516985584720695,0.2262866863849134,53,True
spike,243,crowd_118230,1.6979593726755755,-0.2694886412074446,0.1720359939155679,0.1210828425178119,450,True
spike,244,crowd_118321,0.7940921126282047,-0.3327458183141121,0.0423781738067265,0.03999208662441,1784,True
spike,245,crowd_118356,0.7395378045112311,-0.3859396349504414,0.2225227125458762,0.2387099952263215,50,True
spike,246,crowd_11839,0.7586964725019961,-0.8600793713123207,0.0261846545608416,0.0261168958915461,5345,True
spike,247,crowd_118391,1.0470274415691434,0.1271410636383804,0.1948859200047819,0.1761853089404483,121,True
spike,248,crowd_118416,1.875376871557072,0.4127015078525415,0.9367587373165048,0.6196247196253304,22,True
spike,249,crowd_118442,0.7988369705001426,-0.3141518186372477,0.068567370498531,0.0681623346136722,606,True
spike,250,crowd_118463,2.9395224722393603,1.4973416852501282,1.4381579418912611,0.9746660591391914,47,True
spike,251,crowd_118471,2.3655975239000657,-0.206192619366647,0.719727215351772,0.3687739900056431,82,True
spike,252,crowd_118489,1.136961652542089,0.220787566244841,0.2513569752584089,0.2262580300547097,78,True
spike,253,crowd_118519,1.2604972157328622,0.4569382577748238,0.1292490889848735,0.1120744316927034,348,True
spike,254,crowd_118527,0.8039464464627322,-0.3000915254836765,0.1958973776266216,0.2039151669988387,57,True
spike,255,crowd_118559,1.0968721224450666,-0.29365618808197,0.0489743859455371,0.0468898599598532,1714,True
spike,256,crowd_118574,0.7624501765727293,-0.9379883373899326,0.1235515168392217,0.1115539964139206,243,True
spike,257,crowd_118583,0.9619111324254018,0.2062494335320263,0.0317894286663165,0.0311516657237776,3280,True
spike,258,crowd_118592,1.166482057916129,-0.180611414394968,0.1087843468519432,0.0995174753484763,400,True
spike,259,crowd_118627,0.3681906240578483,0.5997813631739298,0.1801884809781391,0.2103006270292419,33,True
spike,260,crowd_118642,,,,,18,False
spike,261,crowd_118652,0.6989830098132601,-0.7226008851994489,0.0895732036257264,0.0836929191512152,378,True
spike,262,crowd_118660,1.1527393948270614,-0.3739655230593943,0.1556706288684511,0.1379557592060842,218,True
spike,263,crowd_118680,1.0155265160525782,-0.1991402788688781,0.1357416110070208,0.1250830904654105,200,True
spike,264,crowd_118710,0.6995470229427307,-0.6211267875721758,0.1180452645128893,0.1279604836740732,155,True
spike,265,crowd_118754,0.8002276531179615,-0.0540721469470823,0.0973602460535504,0.1012214219066667,244,True
spike,266,crowd_118760,1.400155408471017,0.0839975114972715,0.2512932536629495,0.1992095357381879,118,True
spike,267,crowd_118769,0.9219767864711343,-0.2769292406384637,0.3530655907575428,0.327950304311469,27,True
spike,268,crowd_118770,1.3331592697209864,-0.4947714292853498,0.221331129463754,0.1797705840355802,149,True
spike,269,crowd_118771,0.7786938846910361,-0.1164594346482904,0.2315605877406821,0.1911871847110861,97,True
spike,270,crowd_118782,0.4943237912242706,-0.1477421799672216,0.2118381349624083,0.2425723294606588,27,True
spike,271,crowd_118840,0.884993214611039,-0.1641921058897467,0.1316688025253437,0.1327205025993967,154,True
spike,272,crowd_118888,0.6451806995052671,-0.8348866286634886,0.210508838019977,0.1693235482756978,75,True
spike,273,crowd_118903,0.9270379070407084,-0.4624071134054729,0.0564223761113427,0.052963086173747,1102,True
spike,274,crowd_118942,,,,,10,False
spike,275,crowd_118990,1.9184906582674075,-0.1819800257866439,0.4733779796435619,0.3152431135989308,80,True
spike,276,crowd_119001,0.6659151958449109,-0.2075932931720989,0.2136084523345529,0.2287946428467815,41,True
spike,277,crowd_119090,2.294823066650877,-1.1598362793439032,0.7164583502387706,0.4577922623389571,77,True
spike,278,crowd_119098,1.7805954032569042,-0.4754218983835825,0.3495163442279048,0.221615633520529,141,True
spike,279,crowd_119118,1.417651811751625,-0.6066751841725232,0.3256899411498596,0.2589265537339404,82,True
spike,280,crowd_119130,2.3942982219190045,-0.8571669889745863,1.3097095554966385,0.7761235733653481,22,True
spike,281,crowd_119133,0.7700751324971571,-0.3702107612323701,0.2198639225728581,0.2337542949534257,66,True
spike,282,crowd_119135,4.055282291311413,-0.3607188300745362,3.3343368554802733,1.127867632803973,26,True
spike,283,crowd_119143,1.2921167505697304,-0.1407833557925741,0.3459487780214576,0.2886510616309204,50,True
spike,284,crowd_11918,,,,,16,False
spike,285,crowd_1196,0.4644626225124055,-0.5332180688187382,0.017790579362509,0.0176428092313817,6001,True
spike,286,crowd_12131,0.5863502845944624,0.0273128798645733,0.0449124463854901,0.0465113507266099,894,True
spike,287,crowd_12621,0.8968741356505598,-0.3783218908655394,0.1880054970631934,0.2238499932823242,70,True
spike,288,crowd_12633,1.114679552004214,-0.698556442225381,0.0772342743954688,0.0766843771117086,880,True
spike,289,crowd_12688,0.7191185756699988,-0.0719628277618043,0.1049057892707584,0.1174681459801528,192,True
spike,290,crowd_1271,1.0132897159994845,0.1056482454223392,0.0900318760141683,0.0889649181364295,412,True
spike,291,crowd_12780,1.653348435175349,-0.4642234159467973,0.4868747571705523,0.4196218082642814,61,True
spike,292,crowd_13017,0.9873841058069388,-1.2396631151293078,0.0553579154190331,0.0561107433050452,2120,True
spike,293,crowd_13045,,,,,12,False
spike,294,crowd_13212,0.9146684350087418,0.4432387503133255,0.343485322023175,0.3302934886297921,27,True
spike,295,crowd_13249,0.6055130515379077,-0.3113096866368522,0.0300671223888309,0.0316902708503274,2102,True
spike,296,crowd_13658,0.672529148409074,-0.8418660990932256,0.061320846827877,0.0590738286346097,807,True
spike,297,crowd_13683,0.3105707087712527,-0.2591157209351159,0.1678020611510113,0.1528832139579235,41,True
spike,298,crowd_13691,0.6128737028569022,0.3328573551872587,0.276022802592318,0.3268090087613634,28,True
spike,299,crowd_14008,0.9129693772161128,-0.6465646352242128,0.2295105683825071,0.2422543395108626,83,True
spike,300,crowd_14097,0.8967636210705935,-0.4298425287783845,0.0888756292087686,0.0866409549409407,430,True
spike,301,crowd_1416,2.7145805735121393,-1.154929958121801,1.8473633016640687,1.1218570744313516,24,True
spike,302,crowd_14231,0.6461007617235675,-0.4363628925565355,0.10226210731541,0.1091923187969868,225,True
spike,303,crowd_14238,0.7846142352904683,-0.7437100310364407,0.048658753535181,0.0475411793936942,1440,True
spike,304,crowd_14260,0.8078844836443525,-0.4287297436812944,0.0602592215716943,0.0608413420879607,840,True
spike,305,crowd_14304,0.5744128150132931,-0.832226703776821,0.1376968817387384,0.1344381459221076,103,True
spike,306,crowd_14681,1.1947840727759969,-0.5882917171674286,0.2151336434940677,0.2024584058307493,132,True
spike,307,crowd_14742,1.0656302449150512,0.1855987089477311,0.3432591907424564,0.303312411216512,39,True
spike,308,crowd_15049,0.6647000661740997,-0.5583692572869636,0.0893623545827085,0.0924560661926271,337,True
spike,309,crowd_15063,0.6499083556939866,0.134194069660985,0.2697253628625989,0.3374521181947396,25,True
spike,310,crowd_15187,,,,,9,False
spike,311,crowd_15245,0.8122044505706395,-0.6564301356172935,0.0267913097918524,0.0286367252497907,4997,True
spike,312,crowd_15293,0.626912465452142,-0.5872761835356863,0.0507980559551349,0.0509019090376387,929,True
spike,313,crowd_15318,,,,,11,False
spike,314,crowd_15331,1.0540024375933534,-0.8865361848813982,0.286884334892272,0.2958270324573342,58,True
spike,315,crowd_15429,2.481551600756398,-1.144789280858292,0.3537126508781805,0.2531929242607997,461,True
spike,316,crowd_15450,1.3282955468933446,-0.2211715818505752,0.1070819984330765,0.0936574918627331,608,True
spike,317,crowd_1576,2.105732920407817,1.2830012414046257,1.3857478088288044,0.7215070138123353,24,True
spike,318,crowd_16026,0.8038918627815602,-0.5177850794979203,0.1643781078022784,0.1485220774967555,199,True
spike,319,crowd_16084,0.7066063685269843,0.0525366252182457,0.1093850548173361,0.1136473568336604,188,True
spike,320,crowd_1616,0.6066330391948329,-0.9678405244722316,0.0521171736159619,0.0522930599326193,974,True
spike,321,crowd_16203,0.7642630010044383,-0.0901699930033033,0.1928128344707564,0.1978817011890524,73,True
spike,322,crowd_16205,0.41099387305116,-1.543893574257578,0.188858414784952,0.172427184230891,64,True
spike,323,crowd_16482,1.1494883969990437,-0.5080887864214336,0.205837610770193,0.1820510033602673,145,True
spike,324,crowd_16602,0.815149284451614,-0.533042236406801,0.1077996297966303,0.1057208599400739,312,True
spike,325,crowd_16799,0.71958735272111,-0.341670990989931,0.3465655514145243,0.2807182674595433,34,True
spike,326,crowd_16887,,,,,15,False
spike,327,crowd_16928,3.4180653098229965,-1.0918340921136025,2.5222054618507337,1.3259536842668762,25,True
spike,328,crowd_1695,0.8826230215520152,-0.3035139695337521,0.1008741526737739,0.1020633688473475,303,True
spike,329,crowd_17027,,,,,7,False
spike,330,crowd_1716,0.6555002002310215,0.0746433412948083,0.1178383860800584,0.1107286193074803,203,True
spike,331,crowd_17193,0.7165230993714777,-0.4833368646580631,0.2194016445721775,0.2186803351571029,66,True
spike,332,crowd_17203,1.1183994033454183,0.3026895627981426,0.3447149499236528,0.2394332636243397,65,True
spike,333,crowd_1744,0.4951001692507931,-0.2731942601451441,0.0175913538691321,0.0178435344171588,5887,True
spike,334,crowd_1771,0.7543067804694953,-1.261792975885084,0.1565514870085572,0.1550344710991357,216,True
spike,335,crowd_1772,3.561400021736771,0.3795284257971416,1.1082163835537415,0.3706203664836207,176,True
spike,336,crowd_17846,1.075419711736905,-0.1295178531083002,0.1436697962589433,0.142663202940494,219,True
spike,337,crowd_1785,0.6392858250523556,-0.5699706122845561,0.1879633377010558,0.1669798838514662,90,True
spike,338,crowd_1786,0.6537302250590372,-0.0389521167444014,0.0322231929475406,0.033463003143397,1945,True
spike,339,crowd_1802,0.6046896859499349,-0.46958723145721,0.0442211209836606,0.0448609582608151,1154,True
spike,340,crowd_1804,0.4683560735258779,-0.2871756861651173,0.0165196341114267,0.0171412253817625,5941,True
spike,341,crowd_1808,1.5180848366572943,0.2150584587582785,0.6928425356561045,0.4491873782273478,25,True
spike,342,crowd_18332,0.7123156586882743,-0.5049489028991261,0.0343846705033841,0.0343593085203351,3045,True
spike,343,crowd_184,1.9491239076114004,-0.4490931369296742,0.250858813271778,0.1755745981613569,328,True
spike,344,crowd_18534,,,,,11,False
spike,345,crowd_1858,0.4892641709599877,-0.3905585622195938,0.018425593660888,0.0185335419265377,5684,True
spike,346,crowd_1876,1.6116792772235249,-0.3583598416263457,0.2965791397084473,0.2313149991567076,135,True
spike,347,crowd_18873,,,,,3,False
spike,348,crowd_1896,0.6085686333872917,-0.4858306041455013,0.0719534872555333,0.0767112892303116,391,True
spike,349,crowd_19255,0.5599766090058815,-0.2059966994732072,0.0304247459118621,0.0315418177841567,2032,True
spike,350,crowd_1929,1.5994804982861393,-2.0,0.1989981403227803,0.217118927871872,433,True
spike,351,crowd_19343,,,,,10,False
spike,352,crowd_19481,,,,,7,False
spike,353,crowd_19671,0.4175876409701669,-0.2186767787815235,0.0159593547847515,0.0161310315911798,5958,True
spike,354,crowd_19769,0.4218619071309974,-0.2080416307819141,0.015225344909909,0.0153960288076511,6188,True
spike,355,crowd_19829,0.6939365865379289,-0.2844672441465657,0.0217091384289023,0.0217293807444176,5881,True
spike,356,crowd_1993,1.0573208692738758,0.0531719225515635,0.2413298256362093,0.2437206906478199,61,True
spike,357,crowd_19961,0.6785359035272364,-0.2802997277106216,0.0313773272196738,0.0330797881314691,2222,True
spike,358,crowd_19976,3.680062201197165,-0.7728745451007017,2.006240224551794,0.9110842698483436,48,True
spike,359,crowd_2,1.4991113316580105,-0.4879044763308726,0.2436236662985338,0.2047474305381219,168,True
spike,360,crowd_2002,0.4321694577016182,-0.4776508613841841,0.330327069701899,0.2968036502278019,21,True
spike,361,crowd_2016,0.3911130498543366,-1.0885868087094634,0.2397095636876764,0.2613133124057198,20,True
spike,362,crowd_20187,0.6869052028436714,-0.1975524587944027,0.0312949779266312,0.0300926416709443,3030,True
spike,363,crowd_20195,1.1373095184128943,-0.3568712101834008,0.3207036464676981,0.3368609626956248,43,True
spike,364,crowd_20197,0.02,-2.0,,,25,True
spike,365,crowd_20226,1.565688479018296,-0.7478665699970795,0.8453059630578407,0.6899901048642678,27,True
spike,366,crowd_20243,0.7501705472044843,-0.0329218784531571,0.2348048643074048,0.2657807488420293,32,True
spike,367,crowd_20257,0.5301926779362458,-0.3711129885472591,0.0193013795929747,0.0204941468073333,4927,True
spike,368,crowd_20274,0.7438274672885881,-0.0530668833216272,0.0999814368478948,0.1019766212458916,230,True
spike,369,crowd_20316,0.6842830137103326,-0.4298184210274575,0.0363221493705267,0.0357091317565101,2286,True
spike,370,crowd_20335,0.750172913892414,-0.5764768829949372,0.0528501812196748,0.0545210421262951,958,True
spike,371,crowd_20337,,,,,12,False
spike,372,crowd_20365,1.262176790109608,-1.018992353313248,0.1338597921801586,0.1311210339361929,406,True
spike,373,crowd_20401,,,,,1,False
spike,374,crowd_20447,1.1005008061714652,0.0265175058066841,0.1074687628150144,0.09883642838392,373,True
spike,375,crowd_20464,,,,,11,False
spike,376,crowd_20529,0.5092893071407818,0.5659756241130178,0.2016467590752153,0.2102574907309784,40,True
spike,377,crowd_20799,0.5707940156360695,-0.1102822167721859,0.0926050442396813,0.0957489199700816,199,True
spike,378,crowd_20800,0.6183275268305307,-0.0011513032854585,0.0916154659032223,0.1044378809202831,197,True
spike,379,crowd_20801,0.7214109051174232,0.0006645770179483,0.0980659391878078,0.1046438880182043,229,True
spike,380,crowd_20831,0.5847115877949688,0.124784783518124,0.0878326930738296,0.0920167799326102,215,True
spike,381,crowd_20841,0.6018229611507335,0.1304756346021895,0.0884388407589227,0.0949437825510391,198,True
spike,382,crowd_20842,0.7474410646705322,0.2295742989182367,0.1015444792110596,0.1066026443690417,194,True
spike,383,crowd_20913,0.5261062198578994,-0.4420796806859816,0.0203648788906959,0.0202745334696834,5166,True
spike,384,crowd_20957,,,,,2,False
spike,385,crowd_21006,0.7968913344059604,-0.7933483108525695,0.2446530049759028,0.2309496994856363,77,True
spike,386,crowd_21023,0.3414080917594249,-0.1192771460063072,0.133059080649094,0.149471959146895,58,True
spike,387,crowd_21024,0.5364348463124954,-0.2447357768231348,0.0209113722557998,0.0217406878113195,4008,True
spike,388,crowd_21031,1.8581081970735085,-1.6048485267731971,0.7254997981754533,0.680197773902299,56,True
spike,389,crowd_21054,0.5835944185116999,-0.3376770731895044,0.0296024954730017,0.0301065520345051,2511,True
spike,390,crowd_21060,0.4283640462073592,-0.6204584950371531,0.1728257829918898,0.1881535289667414,62,True
spike,391,crowd_21122,0.6124917632791399,-0.5391471120200634,0.0475422779184154,0.044104067583841,1107,True
spike,392,crowd_21127,0.8082138329585435,-0.3720776331833151,0.0673177057155262,0.071059775420975,743,True
spike,393,crowd_21148,0.8610738774372569,-0.0750660306128168,0.0847363971646628,0.0900089990000132,368,True
spike,394,crowd_21181,1.040197566657642,-0.0532066439743475,0.3505884039550567,0.2892717852555596,34,True
spike,395,crowd_21191,0.7872784709898145,-0.9226630915755945,0.030334329703062,0.0311946510769058,4161,True
spike,396,crowd_21254,,,,,2,False
spike,397,crowd_21267,0.6555165667548005,-0.5351009351540856,0.0277292961998404,0.0276206725971641,3389,True
spike,398,crowd_21279,0.640810289530226,-0.4255843131362545,0.085415667014086,0.0890413638017559,323,True
spike,399,crowd_21281,0.6286941092790584,0.052460765223981,0.105310662864535,0.1079665476850661,199,True
spike,400,crowd_21283,0.6090350586849756,-0.0020971475338166,0.0968453470637993,0.1012735605386831,195,True
spike,401,crowd_21284,0.6270553868088204,-0.0735525486617363,0.1126059915017119,0.1106466892513827,197,True
spike,402,crowd_21285,0.5406298526723167,-0.091619193638053,0.0950152521065523,0.0923870188686425,195,True
spike,403,crowd_21297,4.077142455301385,-2.0,1.3440655797914236,0.8585000547915035,64,True
spike,404,crowd_21310,0.5853214324076803,0.0231011840715758,0.0957824551704267,0.0968071777968325,198,True
spike,405,crowd_21311,0.5021002639027221,0.0782402071503293,0.0913116763113877,0.091057067211488,198,True
spike,406,crowd_2133,0.9079204520745562,-0.445851193059018,0.1611313510242464,0.148247039591926,143,True
spike,407,crowd_21333,0.5040659612215216,-0.4199217326727714,0.0177672881470806,0.0183987147925993,5855,True
spike,408,crowd_21363,0.7504089905720336,-0.5300825129778152,0.0280902478586888,0.027410479145859,4110,True
spike,409,crowd_21399,0.5228924725095815,-0.1429924688782936,0.098435643550279,0.1009927775758727,197,True
spike,410,crowd_21400,0.5857130712734708,-0.1435439977338075,0.1183221662918124,0.1003980885636698,195,True
spike,411,crowd_21406,,,,,12,False
spike,412,crowd_21410,0.5769521143742405,-0.6626097566869961,0.1160562973497985,0.1065929108447245,215,True
spike,413,crowd_21420,0.7526614256861776,-0.3451624422022747,0.0573427558421905,0.0550607367216923,859,True
spike,414,crowd_21435,0.6190400757786386,-0.4136092326650352,0.0362778251288059,0.0369885145972095,1758,True
spike,415,crowd_21447,0.7039440149229932,-0.7153037593309832,0.072529498656247,0.0720149880985914,565,True
spike,416,crowd_21449,0.5782127529020865,-0.1783427234663815,0.1049930038025164,0.1048898769905192,225,True
spike,417,crowd_21450,0.6891099924271833,-0.9660848592690484,0.1272163603825825,0.1194623170196803,198,True
spike,418,crowd_21458,,,,,1,False
spike,419,crowd_21507,1.6258623951194713,0.6168269078345351,0.9856400703177012,0.5612034531116317,21,True
spike,420,crowd_21508,0.5156915042488688,-0.3901253131530101,0.0178942826137342,0.0185225505673564,5804,True
spike,421,crowd_21509,0.5229955013292759,-0.6495226190478981,0.0515262382040849,0.0477073737401781,852,True
spike,422,crowd_21557,,,,,2,False
spike,423,crowd_21558,0.02,-0.7652582750073954,1.7962146332165965,2.229802181948052,30,True
spike,424,crowd_21587,1.2332397067844487,-1.2404333753787715,0.2542393019493191,0.2324430385873213,169,True
spike,425,crowd_21601,,,,,1,False
spike,426,crowd_21603,,,,,1,False
spike,427,crowd_21606,0.9712843872296856,-1.2755777011309035,0.1557055179771512,0.1786764347606133,263,True
spike,428,crowd_21614,0.7712704161515143,-1.1856222970197183,0.0299639589309204,0.0309455641952375,4796,True
spike,429,crowd_21616,,,,,16,False
spike,430,crowd_21626,1.9129185933149584,-0.4802016056534287,0.8408723983675046,0.4821650687311269,33,True
spike,431,crowd_21643,0.7024946222981857,-0.3456521615773791,0.0307994679390496,0.0297059933360018,3408,True
spike,432,crowd_21645,0.6928454007463163,-0.2382315406314605,0.0342267217322366,0.035573034200976,2086,True
spike,433,crowd_21650,1.312744715141932,-0.4413588135844707,0.3048777664383417,0.2633987676817997,65,True
spike,434,crowd_21657,0.5595706041597588,-1.1147998128363188,0.1275839821451359,0.1193772794201818,260,True
spike,435,crowd_21668,1.092508324727388,-1.1175109876056708,0.4405035787484077,0.4718412328395863,41,True
spike,436,crowd_21682,0.436649692773034,-2.0,0.0519874204303512,0.0399958329819844,3952,True
spike,437,crowd_21691,,,,,5,False
spike,438,crowd_21701,4.999999999999999,-2.0,3.0652540501006844,2.108893767565494,24,True
spike,439,crowd_21715,1.487119979540856,-1.8976015584390575,0.1334596147154197,0.1422854638113753,1196,True
spike,440,crowd_21724,0.7921762588935365,-0.3501966429711727,0.0496592505243748,0.0521789142134428,1107,True
spike,441,crowd_21726,0.5670767952196156,-0.4139032800500276,0.0200649724551284,0.0198908366039568,5657,True
spike,442,crowd_21728,0.5532202560198024,-0.3147710258243198,0.0194206227165748,0.0194266429015897,5497,True
spike,443,crowd_21737,,,,,2,False
spike,444,crowd_21739,,,,,11,False
spike,445,crowd_21760,,,,,16,False
spike,446,crowd_21768,,,,,5,False
spike,447,crowd_21769,0.9420514203914684,-0.4550974017803865,0.0787353285284282,0.0802299041471776,619,True
spike,448,crowd_21771,,,,,10,False
spike,449,crowd_21784,0.5905550249697924,-0.3789044876927981,0.0224840860202701,0.023779165615557,4035,True
spike,450,crowd_21793,0.2838856009329011,-0.3403468736715294,0.2088504712066743,0.2186111345976946,30,True
spike,451,crowd_2180,0.8042346986695021,0.0444247328290476,0.3672203385652107,0.3315139927088566,25,True
spike,452,crowd_21802,,,,,6,False
spike,453,crowd_21807,1.1126514027003218,-1.0500888957666896,0.2113287955351322,0.2246686385820543,168,True
spike,454,crowd_21813,,,,,7,False
spike,455,crowd_21814,1.090250055373118,-1.5286816269494925,0.0629165259125228,0.0562296550884773,2952,True
spike,456,crowd_21834,1.148269084809811,-0.3419074159098497,0.2213938114681657,0.2183970341357915,112,True
spike,457,crowd_21842,1.13870355720483,-0.5645258920821277,0.2844846902934308,0.2435476270962786,74,True
spike,458,crowd_21863,0.8589275836893647,-0.052112263672761,0.2556766662582233,0.2900472621572423,40,True
spike,459,crowd_21867,,,,,2,False
spike,460,crowd_21874,,,,,5,False
spike,461,crowd_21885,3.6081264147692593,-2.0,1.298789105903604,1.0346503489162548,76,True
spike,462,crowd_21890,0.7496735568811783,-0.1487291086504215,0.349502863804392,0.2899832062682045,35,True
spike,463,crowd_21904,1.515723127919392,-0.6337376997380662,0.6301731606311931,0.5492642703916265,32,True
spike,464,crowd_21949,,,,,2,False
spike,465,crowd_21958,,,,,11,False
spike,466,crowd_21998,,,,,18,False
spike,467,crowd_22025,,,,,5,False
spike,468,crowd_22032,0.7075813227696909,-0.6808809383271808,0.1391719066987022,0.1457157733622192,149,True
spike,469,crowd_22033,1.8415932421860468,-0.8078372418055748,0.2978992615002122,0.2309941903225092,225,True
spike,470,crowd_22040,1.4067983078125632,0.3761136902812277,0.4702041348432048,0.4142008750554959,30,True
spike,471,crowd_22042,1.2935829748654124,-0.2812121304504305,0.4579161084809615,0.4127584078535539,27,True
spike,472,crowd_22047,,,,,13,False
spike,473,crowd_22053,0.8560919829868401,0.5685688981578012,0.5319038794493142,0.3406466340562408,25,True
spike,474,crowd_22070,3.042193417079885,-1.8552552368503488,2.113413577184793,1.5694385945972953,30,True
spike,475,crowd_22079,1.0548546147143216,-0.942764614210235,0.0648409485291093,0.0608698958491035,1489,True
spike,476,crowd_22086,0.4970590972014052,-0.2811695433072044,0.0176495133032731,0.0186328093005735,5676,True
spike,477,crowd_22112,1.008141139075007,-1.5463934300000006,0.3314480927362525,0.2132923314711524,219,True
spike,478,crowd_22127,,,,,5,False
spike,479,crowd_22133,,,,,4,False
spike,480,crowd_22146,,,,,1,False
spike,481,crowd_22151,,,,,11,False
spike,482,crowd_22154,,,,,2,False
spike,483,crowd_22167,1.6129292876075816,0.4912554115521759,0.718878613151346,0.4935678616680818,25,True
spike,484,crowd_22168,,,,,4,False
spike,485,crowd_22171,1.032810251134854,-0.2054909790633219,0.3558309953313772,0.3334092035665872,31,True
spike,486,crowd_22174,1.4820841467004773,-0.4114980722407287,0.5825984581530256,0.4867008258278388,32,True
spike,487,crowd_22176,3.6270970600801737,-2.0,1.960335563775037,1.455827725348493,25,True
spike,488,crowd_22177,4.999999999999999,-1.2426135245558942,4.307762574750235,1.759235338273824,25,True
spike,489,crowd_22179,1.3411782579027949,-1.894866440682922,0.1240022216627444,0.1320149432127742,1144,True
spike,490,crowd_22190,1.5916801412682315,-0.1865328858030217,0.321116461912611,0.2558414743486519,100,True
spike,491,crowd_22192,,,,,1,False
spike,492,crowd_22197,0.02,-2.0,0.0787923601237773,0.1451940793169675,25,True
spike,493,crowd_22201,,,,,3,False
spike,494,crowd_22203,,,,,4,False
spike,495,crowd_22206,0.5819976003118016,0.6226290576648816,0.2781997351467152,0.3143007391644966,25,True
spike,496,crowd_22208,,,,,7,False
spike,497,crowd_22212,,,,,1,False
spike,498,crowd_22216,4.999999999999999,1.799202028234853,2.8347375973312956,1.5331004292442982,25,True
spike,499,crowd_22218,3.716366154510017,-1.746961871786409,3.219137185819786,1.859824890840492,25,True
spike,500,crowd_22219,1.6195621373820923,-0.9456592458963806,0.3068273787591696,0.2779781651517639,139,True
spike,501,crowd_22220,,,,,1,False
spike,502,crowd_22232,4.999999999999999,-2.0,3.2326290525937393,1.8428687449002157,25,True
spike,503,crowd_22236,,,,,13,False
spike,504,crowd_22238,1.4972213740692315,0.0925037315951184,0.6442784692033555,0.4714989294451645,25,True
spike,505,crowd_22245,1.0878402789541544,-0.426912831784492,0.0988937351758282,0.0940295103645694,478,True
spike,506,crowd_22248,3.5450861243294445,-1.3780257179329287,1.7121258976288087,1.0635503233526051,75,True
spike,507,crowd_22250,1.562263983946105,-0.1809618005879117,0.4629613615662918,0.3705508782268404,50,True
spike,508,crowd_22258,0.9539522246410076,-0.0763890369827712,0.219009948360413,0.207347288721352,75,True
spike,509,crowd_22266,0.7574249671853528,0.2829930212925622,0.2103533937629292,0.2095395451382984,50,True
spike,510,crowd_22281,4.999999999999999,-1.313911860973171,5.842483358180659,2.3856785612777194,24,True
spike,511,crowd_22290,,,,,2,False
spike,512,crowd_22303,,,,,11,False
spike,513,crowd_22305,0.02,-0.761510318073078,,,48,True
spike,514,crowd_22307,1.9611441496491928,-1.5561810814956547,1.0075661120740624,0.9593283046637026,42,True
spike,515,crowd_22324,1.9870370631934933,0.2539487713415277,1.2435163484873508,0.5496910640554127,25,True
spike,516,crowd_22344,1.0127656393467197,-1.6374892820505484,0.0619485979743233,0.0580331949387449,2805,True
spike,517,crowd_22350,4.999999999999999,0.7222501868026062,4.527271063109466,1.4764191178554071,21,True
spike,518,crowd_22409,,,,,4,False
spike,519,crowd_22411,1.1796187720492992,-0.2694111250633123,0.1752048111395847,0.1611283124227185,169,True
spike,520,crowd_22427,,,,,2,False
spike,521,crowd_22442,,,,,12,False
spike,522,crowd_22465,,,,,10,False
spike,523,crowd_22468,,,,,1,False
spike,524,crowd_22470,,,,,6,False
spike,525,crowd_22471,0.6709043075545862,-1.4032122938062592,0.2808603244521949,0.2749944353186196,53,True
spike,526,crowd_22473,,,,,7,False
spike,527,crowd_22475,,,,,1,False
spike,528,crowd_22484,,,,,2,False
spike,529,crowd_22487,2.6383439195387743,-0.0498949672312053,1.0610515976394856,0.5104243521795129,53,True
spike,530,crowd_22522,0.6475028722355111,-0.4550171450139434,0.0426362057646215,0.0435734658257424,1263,True
spike,531,crowd_22558,4.999999999999999,-1.0088409180843692,3.952289544699031,1.6211515182544889,24,True
spike,532,crowd_22563,,,,,6,False
spike,533,crowd_22569,3.2943801028022475,-2.0,1.111040328009849,0.7939495112355961,60,True
spike,534,crowd_22570,,,,,12,False
spike,535,crowd_22583,,,,,6,False
spike,536,crowd_22588,,,,,4,False
spike,537,crowd_22600,0.8181096815136616,-0.2208583505501661,0.2036955989397133,0.2018499364158602,68,True
spike,538,crowd_22621,,,,,9,False
spike,539,crowd_22632,1.869421113771563,0.1491507100692639,0.3374264318757606,0.2080020580912368,176,True
spike,540,crowd_22642,,,,,3,False
spike,541,crowd_22661,,,,,7,False
spike,542,crowd_22662,,,,,10,False
spike,543,crowd_22669,0.4469114098642662,-0.381944008093431,0.0178107430214256,0.0175526980088055,5803,True
spike,544,crowd_22692,0.7927411461435027,-1.1203636000352653,0.2764849509529312,0.2946339714293955,65,True
spike,545,crowd_22707,,,,,4,False
spike,546,crowd_22739,,,,,2,False
spike,547,crowd_22746,,,,,9,False
spike,548,crowd_22749,2.8080786307867056,-2.0,1.0353044961535105,0.8554919222190809,40,True
spike,549,crowd_22759,1.4038720567419818,-0.3835515734156777,0.3236761143169704,0.2769575619059711,69,True
spike,550,crowd_22761,2.5868817950322556,-1.417976009464483,1.0371097292925209,0.7099892709528557,83,True
spike,551,crowd_22766,,,,,1,False
spike,552,crowd_22771,,,,,1,False
spike,553,crowd_22812,,,,,3,False
spike,554,crowd_22820,0.6227423170847339,-0.2285855897222334,0.0960925873128692,0.0981117759783621,249,True
spike,555,crowd_22824,1.2243148985078922,-0.5061874354317574,0.1152191938894333,0.1094388767604643,484,True
spike,556,crowd_22825,1.1214900439315854,-1.2949431816973225,0.0757783154164663,0.0746569879751359,1540,True
spike,557,crowd_22826,2.4448197044055524,-1.4424744318465104,1.3123212877365618,1.028067038845071,34,True
spike,558,crowd_22839,1.5543401107200157,-0.7712178919131825,0.6723313832443536,0.4822835729477041,38,True
spike,559,crowd_22843,4.9489600695622675,-2.0,2.1998040968964667,1.1388116674519373,154,True
spike,560,crowd_22848,,,,,1,False
spike,561,crowd_22857,0.8200967903327623,-0.5265792646074977,0.0492033513471215,0.0502475684490379,1281,True
spike,562,crowd_22868,0.7324634633608434,-0.7076450434510905,0.1374459840154434,0.1391768409899434,173,True
spike,563,crowd_22869,,,,,4,False
spike,564,crowd_22870,,,,,1,False
spike,565,crowd_22880,1.5157618278247682,-1.656762689213672,0.4725608498960247,0.4633617977287775,110,True
spike,566,crowd_22882,,,,,2,False
spike,567,crowd_22890,,,,,1,False
spike,568,crowd_22898,0.6395867669534724,-0.3855945214021153,0.0582367045080975,0.0601104501914214,671,True
spike,569,crowd_22904,,,,,1,False
spike,570,crowd_22912,,,,,4,False
spike,571,crowd_22916,,,,,9,False
spike,572,crowd_22923,,,,,17,False
spike,573,crowd_22929,0.4585761571681058,0.7662365669846322,0.1662585241184347,0.1629407592048844,42,True
spike,574,crowd_22932,4.999999999999999,1.1045834700278614,4.865209479358333,1.457599763003675,24,True
spike,575,crowd_22934,1.0884621521249265,-0.5078864868987418,0.4641309285225719,0.4150744036090251,20,True
spike,576,crowd_22942,,,,,16,False
spike,577,crowd_22943,0.4384786607865424,-0.3076346871146634,0.1011602011664292,0.1004654380488771,135,True
spike,578,crowd_22956,0.5804322998429999,-0.331428031118218,0.0189209216290817,0.0197852096852419,5834,True
spike,579,crowd_22957,0.7606522581426816,0.3721292365078208,0.1510474141044887,0.1556335147099012,106,True
spike,580,crowd_22958,,,,,8,False
spike,581,crowd_22960,2.785665128406388,-0.2745801648731195,1.2110231454157767,0.5604509097820494,67,True
spike,582,crowd_22961,1.2964346811483418,-0.7519312254797482,0.4931690388865314,0.4894886883048559,33,True
spike,583,crowd_22962,4.999999999999999,0.68315052107468,3.2053421268580724,1.0252686344090962,48,True
spike,584,crowd_22963,1.0444459079704649,-0.914626760354738,0.4422275224058049,0.5311585483069243,20,True
spike,585,crowd_22964,,,,,3,False
spike,586,crowd_22972,0.7318450053748595,-0.2912451131085565,0.0357033532538095,0.0377129872802146,1963,True
spike,587,crowd_22973,1.1306512661300645,-0.0044672334224658,0.3585078191182732,0.3658412645661263,30,True
spike,588,crowd_22978,,,,,8,False
spike,589,crowd_22985,,,,,1,False
spike,590,crowd_22986,1.37145793312038,-0.5286771182398453,0.3545646564389518,0.2978016293809115,72,True
spike,591,crowd_22988,2.3851725083328885,-0.4104223627102147,1.1905611565122485,0.6931511527323607,30,True
spike,592,crowd_22989,1.0298960985469374,-0.5513232916107819,0.2822646002367826,0.2887799495030075,51,True
spike,593,crowd_22991,,,,,3,False
spike,594,crowd_23003,0.752490459050352,0.055633971611102,0.2442638936700482,0.2457520487756132,33,True
spike,595,crowd_23009,1.9881339829312925,0.0488300459620704,0.6657530321405891,0.4345496248334937,47,True
spike,596,crowd_23010,,,,,2,False
spike,597,crowd_23012,0.8252927243511207,-0.8744394146825779,0.2836706646076443,0.3253262991169264,36,True
spike,598,crowd_23017,1.0682141052171448,-0.8062640372402325,0.1551985583085233,0.1546436842976565,217,True
spike,599,crowd_23020,,,,,6,False
spike,600,crowd_23024,2.7061986843675765,-2.0,1.2420986164382817,1.097772034815648,36,True
spike,601,crowd_23026,1.045499200208818,-0.6902241499383095,0.2158973584777268,0.2127197203094615,98,True
spike,602,crowd_23030,1.140548998488767,-1.442324441167237,0.324271432482485,0.2896911861749703,114,True
spike,603,crowd_23034,1.0388438880330446,0.199034845244235,0.2924736439654262,0.3079579089189354,39,True
spike,604,crowd_23043,0.5502542110925911,-0.2401613377839476,0.2213609042856804,0.2411642038316653,36,True
spike,605,crowd_23054,,,,,2,False
spike,606,crowd_23056,1.268596703756841,-0.350997592326742,0.1765077456036038,0.1607433852923239,204,True
spike,607,crowd_23057,3.0895438674581026,-1.6912266137721643,2.104485554156442,1.71961615390141,24,True
spike,608,crowd_23059,0.8556950217811864,-0.3966471892126934,0.0603628761245396,0.0619675497331723,850,True
spike,609,crowd_23060,,,,,13,False
spike,610,crowd_23077,1.2936567289703234,-0.7116299593634222,0.3601000895396192,0.3375320604212284,57,True
spike,611,crowd_23129,,,,,19,False
spike,612,crowd_23166,0.6397760020773701,-0.6205164122852262,0.0798289421994501,0.0804772029755889,420,True
spike,613,crowd_23209,0.7775437048043913,-1.094493102769408,0.0927496034912501,0.0990789863731688,621,True
spike,614,crowd_23222,,,,,2,False
spike,615,crowd_23226,,,,,13,False
spike,616,crowd_23238,1.0597760512551757,0.022547624103818,0.2652532256483591,0.2390057080917098,80,True
spike,617,crowd_23249,0.9619595469006604,-0.0064680390506584,0.2236287323732806,0.2254332096446669,65,True
spike,618,crowd_23265,0.5134959325512838,0.1622383400069983,0.2431797033439808,0.2591413708188064,20,True
spike,619,crowd_23270,1.427654374727067,0.121288019409267,0.3875204834094745,0.2878686712606225,59,True
spike,620,crowd_2331,0.9254104652280334,0.5129505159378209,0.4362760601268332,0.3255307838078022,20,True
spike,621,crowd_23313,,,,,2,False
spike,622,crowd_23483,0.8782406122194256,-0.3649369564319413,0.0460238457217316,0.0486210837850823,1514,True
spike,623,crowd_23524,,,,,12,False
spike,624,crowd_23546,,,,,6,False
spike,625,crowd_23552,,,,,7,False
spike,626,crowd_23568,,,,,1,False
spike,627,crowd_23588,0.7721627997129907,-0.5431476528115179,0.2396397426179869,0.3076943253834923,41,True
spike,628,crowd_23608,1.116749562076711,-1.0492124472274025,0.1749491934326516,0.1854469424222568,202,True
spike,629,crowd_23613,2.6129875535813407,-1.9635604782480396,1.5866985288546018,1.486108548830953,40,True
spike,630,crowd_23616,1.279661226333615,-0.9245818633157168,0.4678529675894554,0.3711764594531894,43,True
spike,631,crowd_23620,4.999999999999999,-0.7686543420793447,5.078214081805265,2.014060109770717,20,True
spike,632,crowd_23646,1.2909912468304203,-1.800165043145428,0.0697276026828601,0.0720144922026841,3339,True
spike,633,crowd_23700,1.239084582265693,-0.5541074562252831,0.3357928610681148,0.3567993392227899,55,True
spike,634,crowd_23733,1.7916907879933368,0.1458931018126162,0.8207682938331899,0.5205680255250179,25,True
spike,635,crowd_23789,0.9158938737609402,-1.329891881586872,0.1478927240075968,0.1894604086139052,295,True
spike,636,crowd_23798,1.228868193855778,-0.8379462351373023,0.3848649136962157,0.3452626376466766,50,True
spike,637,crowd_23804,1.8501673495943072,0.4743642124435809,0.4656747752666301,0.3105665245135289,77,True
spike,638,crowd_23873,1.7058078727423285,-0.9781568523267774,0.1408461446275561,0.123320167940916,837,True
spike,639,crowd_2390,0.704119452967708,-0.6296434638535884,0.0248769977517774,0.0261498912974396,4790,True
spike,640,crowd_23933,1.7592571853665893,-0.9245090657578834,0.786196408954938,0.7479114320318433,28,True
spike,641,crowd_23937,3.9819390939002335,-1.0333788216443531,2.871014279189249,1.134783553421561,40,True
spike,642,crowd_23966,1.87200808104477,-0.6688494248384066,0.8921791842999427,0.5253841119996515,29,True
spike,643,crowd_23996,0.9354654370436468,-0.79165364981496,0.0500151055936034,0.0516274876919753,1702,True
spike,644,crowd_24052,1.554407925068759,0.0095000897380973,0.5448231392928546,0.4408092173778606,33,True
spike,645,crowd_24096,0.9180811945958548,-0.975868014601588,0.1857214808095565,0.2362266501189714,198,True
spike,646,crowd_24132,0.7395745147360563,-0.2030342918584702,0.0846442281628177,0.0854581001916579,382,True
spike,647,crowd_24186,,,,,2,False
spike,648,crowd_24248,1.4055034077080863,-0.5103326647973714,0.2570135005650599,0.2444652433274475,121,True
spike,649,crowd_24291,1.004245518561636,-0.3713435721974489,0.2918523131565271,0.3978208712859301,70,True
spike,650,crowd_24292,,,,,10,False
spike,651,crowd_24306,1.208654311982111,0.1997715523691058,0.5187880264861342,0.3603683258281286,25,True
spike,652,crowd_24309,1.4279594006181442,-0.4125192085220616,0.3336194625470826,0.272313622050689,75,True
spike,653,crowd_24319,1.309106583073167,-1.229426988414508,0.1709048817180892,0.143177547577748,485,True
spike,654,crowd_24323,0.8244164932656336,0.2716649256123523,0.3016893967346526,0.2393634565806099,52,True
spike,655,crowd_24351,1.2513352821610857,-0.4568315928917772,0.3531548154760092,0.3880260282752024,100,True
spike,656,crowd_24352,0.8772678486718669,-1.121436287659639,0.3152285078171413,0.4222157303735703,116,True
spike,657,crowd_24364,1.2434722111596577,-1.1450392076148057,0.5313453941337786,0.4831655838075029,69,True
spike,658,crowd_24365,0.7887854193591587,-0.3970441744276196,0.1499209168658998,0.1899069967467844,147,True
spike,659,crowd_24368,,,,,3,False
spike,660,crowd_24373,1.0834999684967137,0.156517459383283,0.3306659112032721,0.3171945835530671,50,True
spike,661,crowd_24374,,,,,13,False
spike,662,crowd_24383,1.818814927850152,-1.0574930347823166,0.4672565580302857,0.4164480887678321,127,True
spike,663,crowd_24388,1.1367624306387245,0.0310995539896609,0.3432461348450759,0.3494160465170027,59,True
spike,664,crowd_24394,1.3193226736622017,0.0361864349386774,0.3976578532452002,0.3639262561184239,51,True
spike,665,crowd_24396,1.200491527566173,-0.1290433002731669,0.4114789431941242,0.4239459331583203,42,True
spike,666,crowd_24411,,,,,15,False
spike,667,crowd_24417,1.3937632470846024,-1.007657459298001,0.3550997521284212,0.4137967905312932,156,True
spike,668,crowd_24421,0.7318363047353917,-0.5644476593045475,0.3258952495510464,0.4005802416893555,20,True
spike,669,crowd_24423,4.999999999999999,-1.7512420749455129,4.561066789250262,1.9250491604150188,26,True
spike,670,crowd_24425,1.1473476342766529,-0.2670971148342932,0.4161083749021853,0.4279440634757824,33,True
spike,671,crowd_24427,0.8893146493764941,-0.1051030485961025,0.1610129370963436,0.1356936396680391,127,True
spike,672,crowd_24429,0.4013635041537741,-0.4127335144367632,0.27753503979581,0.2296933371011245,24,True
spike,673,crowd_24440,,,,,2,False
spike,674,crowd_2449,1.0669122798604576,-0.0727134993898124,0.2885200061429779,0.2935335599947625,46,True
spike,675,crowd_24645,0.9326046378478192,0.5264718107064714,0.293961580956939,0.3010376723922667,32,True
spike,676,crowd_24735,2.195455681972445,-0.6021054740649626,0.4637579641288036,0.310051033759464,173,True
spike,677,crowd_24841,0.6850542638397249,-1.0178130758444102,0.0611379671468538,0.0574793846655032,949,True
spike,678,crowd_24917,0.6609035869597315,-0.7696487487474338,0.056414726768485,0.0567265116199069,966,True
spike,679,crowd_24943,1.4247673892032848,-1.9052230063498756,0.346214995574962,0.3410534363378603,231,True
spike,680,crowd_24988,4.145870587211002,1.4196349872350904,5.272316422039023,1.4592444094151036,23,True
spike,681,crowd_25013,,,,,17,False
spike,682,crowd_25072,1.1555694869683146,-0.977206811691055,0.3987451763615257,0.4029772584306618,29,True
spike,683,crowd_25182,0.5976193560794205,-0.0568676810581897,0.161358328210509,0.1852263755117416,88,True
spike,684,crowd_25196,1.0533918214721352,-1.2595168773394296,0.1160271131527194,0.1136148765232486,591,True
spike,685,crowd_25256,2.2943059029155957,-1.1338224244151762,1.185737340241505,0.8884191929748917,36,True
spike,686,crowd_25327,0.992674816089534,-0.1931589159895757,0.1375979711768938,0.135219474028708,201,True
spike,687,crowd_25342,,,,,14,False
spike,688,crowd_25361,,,,,14,False
spike,689,crowd_25364,0.7142298729106998,-1.325777271777973,0.1784796309619458,0.202224792337948,109,True
spike,690,crowd_25424,,,,,1,False
spike,691,crowd_2547,0.7969745838544918,-0.8074321622383103,0.124690040947254,0.1356176419120675,196,True
spike,692,crowd_25516,,,,,18,False
spike,693,crowd_25550,,,,,16,False
spike,694,crowd_25557,0.5987013039513648,-0.8105651544113557,0.2286202642709257,0.180462474580573,106,True
spike,695,crowd_25584,0.9745048978395536,-1.523431513084885,0.0726258066229354,0.0755938541026437,1412,True
spike,696,crowd_25609,0.8074169103655877,-0.5494573706701612,0.2710261491940952,0.3144103971990073,31,True
spike,697,crowd_2581,0.7334063775155831,-0.6420657297834528,0.1230448314305609,0.1299171658602095,197,True
spike,698,crowd_25901,1.9332501206755424,-0.8853166630106962,0.4620009080693582,0.3751743789984398,105,True
spike,699,crowd_25929,3.872316996839795,0.5460616352174481,1.9611956896279037,0.708584108838237,58,True
spike,700,crowd_25941,,,,,2,False
spike,701,crowd_25990,3.2953812393337505,-2.0,1.5940211326952534,1.2552884247811529,60,True
spike,702,crowd_26,1.8952452822883636,-2.0,0.5763895665230088,0.6257240668559082,118,True
spike,703,crowd_26032,1.0125435323323764,-1.106743931317827,0.286734944076028,0.2752904194896372,123,True
spike,704,crowd_26036,,,,,5,False
spike,705,crowd_26041,,,,,2,False
spike,706,crowd_26051,1.455748099163894,-1.5186695231456018,0.1005562202663476,0.097477647969163,1484,True
spike,707,crowd_26091,1.1711345479112998,-1.508800892174165,0.0796215038898183,0.0813299527359429,1617,True
spike,708,crowd_26161,,,,,14,False
spike,709,crowd_26171,1.3191578545318174,-1.321204456226165,0.0768925287035327,0.0753728565942087,1948,True
spike,710,crowd_26184,2.345654114912116,0.3941031327636898,1.354962693750914,0.7529547004236613,20,True
spike,711,crowd_26185,0.9689221105734752,-1.065402874229291,0.0931533989877688,0.0936780635409556,695,True
spike,712,crowd_26189,1.451065373880638,-0.5233511329091834,0.4191042487911181,0.409211490812012,52,True
spike,713,crowd_26217,,,,,6,False
spike,714,crowd_26261,2.0400554390133445,-1.9344519929469517,0.3931158277077873,0.3800061205334912,255,True
spike,715,crowd_26262,0.8854605182035377,-0.5483888214909645,0.1065218029379331,0.1116139342182285,324,True
spike,716,crowd_2627,0.7646468881649947,-0.6754983394820978,0.0358131308198268,0.0375258698120743,2427,True
spike,717,crowd_26271,1.4477988236734274,-1.1555325380305712,0.3407422208685617,0.3341215631637784,83,True
spike,718,crowd_26276,1.1024344704602818,0.1357172402773385,0.1993239210255157,0.1679785601839531,121,True
spike,719,crowd_26279,,,,,15,False
spike,720,crowd_26293,0.3081985664345737,-0.616906607621511,0.199059790661196,0.1730325422465172,29,True
spike,721,crowd_26315,1.204134037601483,-0.9280092251654996,0.2817756975059148,0.2309305476579919,106,True
spike,722,crowd_26331,1.2000556854435067,-0.7991096127202645,0.1183725282582845,0.1106753265620661,533,True
spike,723,crowd_26338,,,,,2,False
spike,724,crowd_26375,1.4092383310209642,0.1611269616161898,0.470818397161969,0.3544111419642709,42,True
spike,725,crowd_26399,,,,,8,False
spike,726,crowd_26413,2.6827873031390492,-0.9381846656931526,0.7180584769260695,0.451853705149223,141,True
spike,727,crowd_26417,1.290813487214915,-1.509911405546031,0.5270032583627967,0.3535098529622646,80,True
spike,728,crowd_26441,1.0603541269645786,-0.4695591756430732,0.1358616763366426,0.1330701918851721,257,True
spike,729,crowd_26448,1.197545363885099,0.3176046188502258,0.2694638805787572,0.2046770778911947,93,True
spike,730,crowd_26449,,,,,5,False
spike,731,crowd_26471,0.6768347658267387,0.0374103431889916,0.2152208722385789,0.3032437756591591,40,True
spike,732,crowd_26472,0.7622965398274026,-0.4987469617981794,0.10658645112263,0.1129174805870301,251,True
spike,733,crowd_26477,1.8492986219818148,-0.4988499582928528,0.8436316843278859,0.613612835717248,35,True
spike,734,crowd_26481,0.8968254612568356,-0.8643855508595705,0.0993280152562802,0.1001331653302227,393,True
spike,735,crowd_26500,0.9002214627737949,0.0605512733119389,0.3520545394170827,0.3557453741592163,22,True
spike,736,crowd_26505,1.033919466549492,-0.5815483653916311,0.4049288054088779,0.395707739575003,35,True
spike,737,crowd_26523,,,,,16,False
spike,738,crowd_26559,0.5727150111614532,0.189998826690218,0.2811083936967058,0.2492221796288377,32,True
spike,739,crowd_26562,2.658265493049573,-1.027837840981069,1.3247919490092324,0.8897440282533869,42,True
spike,740,crowd_26565,0.8105660573870177,-0.0844432149480226,0.2177055702172461,0.2380591427782944,43,True
spike,741,crowd_26570,,,,,4,False
spike,742,crowd_26575,,,,,6,False
spike,743,crowd_26577,0.4798959102778535,-1.2332564304774014,0.2854501738531177,0.3230867439007936,24,True
spike,744,crowd_26581,0.6479615765703421,-0.743679622512037,0.2634547317585994,0.2931247934259939,35,True
spike,745,crowd_26588,0.783384507227704,-0.2918900302445277,0.1487120784959789,0.1316337808689323,167,True
spike,746,crowd_26591,,,,,12,False
spike,747,crowd_26604,0.4982445994757647,-0.4841372541919538,0.0234152629453571,0.0236485712802141,3964,True
spike,748,crowd_26608,0.445532894904466,-0.1925470961211929,0.024414089676955,0.0239084287039621,3056,True
spike,749,crowd_26609,1.6082848418221012,-0.9969602662701194,0.5053124693856929,0.3589066520494118,87,True
spike,750,crowd_26624,1.129453791269189,-0.4327259417567186,0.1016442873194012,0.1055416973975652,451,True
spike,751,crowd_26632,4.999999999999999,-0.7477565582766506,2.90427959185586,1.0457708600078723,56,True
spike,752,crowd_26634,1.4580772286469224,-0.3673691592501497,0.3987763645987636,0.3709950507970435,47,True
spike,753,crowd_26641,0.9339864576399612,-0.0791487120842476,0.286201074539333,0.2888694325317345,34,True
spike,754,crowd_26650,1.125625604601832,-1.382925386914795,0.3758835432844817,0.3624074657986198,51,True
spike,755,crowd_26652,,,,,7,False
spike,756,crowd_26656,1.290187038194835,-0.5103473930223978,0.3644340896197721,0.3534854382677942,55,True
spike,757,crowd_26659,0.527201625770312,0.2014250873761768,0.1506404138028093,0.1490528233181187,119,True
spike,758,crowd_26661,0.8640342372280638,-1.038143078311336,0.3364013764819274,0.2957683781455079,45,True
spike,759,crowd_26672,2.185289323464527,-0.7575373603417711,0.6871804468715339,0.4779274509492274,72,True
spike,760,crowd_26674,,,,,15,False
spike,761,crowd_26678,0.8684266366897274,-0.2276697624465878,0.1754376734372439,0.1971512856231641,81,True
spike,762,crowd_26681,,,,,1,False
spike,763,crowd_26688,0.6606688436974755,-0.6227067906603614,0.0765362721382842,0.073289548127037,518,True
spike,764,crowd_26689,,,,,8,False
spike,765,crowd_26692,0.5598523904840258,0.0796366276454358,0.255762477152284,0.2229612298312282,23,True
spike,766,crowd_26704,1.2036152485982814,-0.1018296897233806,0.5241055159158886,0.3950013690728863,22,True
spike,767,crowd_26706,1.0326203855836646,-1.111711036390515,0.1697840363624758,0.144460441810938,264,True
spike,768,crowd_26708,,,,,11,False
spike,769,crowd_26709,1.3286548096207629,-1.0301323393269366,0.2879782578568972,0.2811534251376376,91,True
spike,770,crowd_26712,0.8859556063274072,-1.4538293233899158,0.2996349052288516,0.3270584660841671,69,True
spike,771,crowd_26715,1.0045010716623208,-0.4258992580658732,0.2557903996547344,0.295678308400077,59,True
spike,772,crowd_26716,1.0078162530693344,-0.838477543675206,0.0547344283745914,0.0545370524072191,1718,True
spike,773,crowd_26721,,,,,10,False
spike,774,crowd_26729,1.046927973196623,-0.5011816047797052,0.2128204932854719,0.2142458920070501,101,True
spike,775,crowd_26731,,,,,15,False
spike,776,crowd_26733,2.6723609954073817,-1.4605805076237508,1.790648999649052,1.4894619254629562,24,True
spike,777,crowd_26735,,,,,19,False
spike,778,crowd_26736,,,,,10,False
spike,779,crowd_26738,1.7657808456835138,-0.0731837844649186,0.6015220882624633,0.4038925656691736,45,True
spike,780,crowd_26739,0.8322639112776503,-2.0,0.5294786866266751,0.4800173840034291,52,True
spike,781,crowd_26744,,,,,8,False
spike,782,crowd_26748,,,,,7,False
spike,783,crowd_26751,1.8045495684610997,-0.5066118177143537,0.8919956714093759,0.6744224443120409,25,True
spike,784,crowd_26753,1.0753086661467857,-1.0495354136337722,0.0768626330488683,0.0795388024542907,1027,True
spike,785,crowd_26754,2.809459838379531,0.222555774230067,0.587955991135947,0.2590294430439014,224,True
spike,786,crowd_26755,1.1719779667587458,-0.4361238465270053,0.196832411727803,0.1941768062145661,139,True
spike,787,crowd_26770,,,,,19,False
spike,788,crowd_26771,2.196963440586237,-0.7106582179392587,0.7892216422506043,0.5664396269483558,56,True
spike,789,crowd_26772,0.559740061924336,-0.472782300239902,0.0880838319574921,0.0939148024786081,247,True
spike,790,crowd_26775,,,,,1,False
spike,791,crowd_26777,,,,,15,False
spike,792,crowd_26778,1.30507022394643,-1.8053901062954896,0.5981919039962738,0.7450782332530758,33,True
spike,793,crowd_26780,,,,,14,False
spike,794,crowd_26783,,,,,8,False
spike,795,crowd_26788,1.202784502611387,-0.4440244949190401,0.180936425346498,0.1703710150927159,169,True
spike,796,crowd_26795,0.0669911571034331,-0.8612159097708872,4.884349719187575,20.809101687444738,24,True
spike,797,crowd_26796,1.8773445342322264,-1.431680003962302,0.7528465908662187,0.6341988012249663,51,True
spike,798,crowd_26798,1.696210106000052,-0.0927900224558917,0.6548685098453001,0.5250044577314145,28,True
spike,799,crowd_26802,,,,,13,False
spike,800,crowd_26804,,,,,13,False
spike,801,crowd_26806,,,,,13,False
spike,802,crowd_26807,0.02,-0.6549789815373208,,,40,True
spike,803,crowd_26809,,,,,1,False
spike,804,crowd_26812,1.2130082385652934,-0.6476664435317893,0.4853543066205238,0.5117637285253832,24,True
spike,805,crowd_26813,1.828419129505822,-0.5718813885552065,0.465986356559652,0.3644913728287052,81,True
spike,806,crowd_26814,1.4270673948036308,-0.509631023323828,0.3456997274655728,0.2989991926535769,76,True
spike,807,crowd_26815,0.6427569636137257,-0.6257918584603568,0.0318617130353718,0.0326241234685239,2872,True
spike,808,crowd_26816,,,,,12,False
spike,809,crowd_26818,1.5920613266314645,-1.0047066531246305,0.5176762314758702,0.4066579831798461,70,True
spike,810,crowd_26820,,,,,14,False
spike,811,crowd_26822,1.3105380200803065,0.6977953833801348,0.4827390643438422,0.3403959650810517,34,True
spike,812,crowd_26824,,,,,16,False
spike,813,crowd_26826,,,,,4,False
spike,814,crowd_26832,,,,,3,False
spike,815,crowd_26833,,,,,7,False
spike,816,crowd_26834,1.1792421342047552,-0.0309484836174248,0.2792319898615178,0.2831493205923451,63,True
spike,817,crowd_26842,0.9068989022355118,-0.7544191458120191,0.0587722835115432,0.0612606914075423,1133,True
spike,818,crowd_26844,1.5911631384378355,-0.3748877405101803,0.2418332248780692,0.2043733231779676,179,True
spike,819,crowd_26853,1.274000019213109,0.0462166201817013,0.5521537296777537,0.4556917294866951,20,True
spike,820,crowd_26854,,,,,8,False
spike,821,crowd_26855,1.4370361331882011,0.2617819566908611,0.6145586421860426,0.4542114734344168,23,True
spike,822,crowd_26862,1.513306738094965,-0.4327798312623731,0.3205631957294337,0.282514075078394,91,True
spike,823,crowd_26864,1.30157830102189,-0.6673287827033912,0.2900915477358983,0.279642740603405,89,True
spike,824,crowd_26866,1.1529092526819915,-0.681244288822097,0.2121139066608677,0.1990995209116041,153,True
spike,825,crowd_26867,4.999999999999999,-1.4111057776575684,3.464238636195442,1.8325769991332976,21,True
spike,826,crowd_26869,,,,,16,False
spike,827,crowd_26874,1.3247854013642348,-0.7931789237991478,0.4485385931591104,0.4711688994070154,45,True
spike,828,crowd_26875,0.4222586449946596,-0.905796581241858,0.1992728042958557,0.2012977665945519,53,True
spike,829,crowd_26876,1.2863138091224793,-0.3767709715484767,0.3368797257429623,0.3107246922278643,55,True
spike,830,crowd_26878,2.0953329044481768,-0.9277752906386424,0.7287555490818766,0.5383433744766184,54,True
spike,831,crowd_26881,0.5782967734178911,-0.0450087710520187,0.1574954940558884,0.1470132041294089,95,True
spike,832,crowd_26882,1.223571655335543,0.1299916315473067,0.5223866292454076,0.4712915807898822,22,True
spike,833,crowd_26888,2.439270472091122,-0.8890107396450988,0.6881015494731272,0.4672400815300616,96,True
spike,834,crowd_26892,1.0183258957386343,-0.2001649068220374,0.1898602306094303,0.1953925532701586,99,True
spike,835,crowd_26893,,,,,16,False
spike,836,crowd_26895,2.0388835908821186,-0.5190663386414645,0.9751695494641152,0.7166379462282141,26,True
spike,837,crowd_26897,0.8433376618977578,-0.4093304647682064,0.0919104278296483,0.1045773135873735,332,True
spike,838,crowd_26901,,,,,8,False
spike,839,crowd_26903,,,,,4,False
spike,840,crowd_26906,1.5478014368030106,-0.7135995615525215,0.3942423808354618,0.3632299337300094,70,True
spike,841,crowd_26907,,,,,11,False
spike,842,crowd_26915,1.2749009272363896,-0.0908784606750625,0.2196101258828989,0.187300513433742,130,True
spike,843,crowd_26939,0.6278605818389598,-0.2240073887427062,0.0577596750002275,0.0556387630065153,761,True
spike,844,crowd_26997,,,,,19,False
spike,845,crowd_27013,1.106971333531572,-0.1173332484300715,0.3846518956857581,0.4397391855766225,25,True
spike,846,crowd_27029,1.822281042699612,-1.453172311143682,0.96935045197532,0.8265604594784648,23,True
spike,847,crowd_2705,1.6491668466296872,-1.419374848775624,0.1580213603587506,0.1592647200313059,709,True
spike,848,crowd_27067,,,,,11,False
spike,849,crowd_27084,1.691597971412527,0.4613808791490106,0.9261482998998368,0.5104160955424191,25,True
spike,850,crowd_27089,3.4206161764086485,-1.1371847940857458,1.493718834838363,0.8397279632269219,70,True
spike,851,crowd_27099,,,,,3,False
spike,852,crowd_27229,0.9387333193624894,-1.0709809676434556,0.1642275039953773,0.1626168522107826,195,True
spike,853,crowd_27263,1.2351014998402157,-0.5621202721731279,0.4438155590933447,0.4172380880942616,39,True
spike,854,crowd_27320,4.999999999999999,-0.4037090112267124,6.272252906657783,1.7039939486502458,20,True
spike,855,crowd_27351,1.6436770436064303,-2.0,0.1797520358329878,0.1690069711075099,801,True
spike,856,crowd_27369,1.174730224809598,-0.9074075065076628,0.0871614537832752,0.0868636487928615,887,True
spike,857,crowd_27407,0.7689899591515452,0.2953984547307152,0.3122218705649315,0.3388208456914637,27,True
spike,858,crowd_27444,0.1037656428662819,-1.1772069227083544,0.0761877456143936,0.0586737264862988,134,True
spike,859,crowd_27587,1.372854070693788,-2.0,0.0976375387309978,0.1038176361889434,2058,True
spike,860,crowd_27601,1.4674251927540132,-1.4304767204891522,0.4507182144481138,0.4163455857903856,73,True
spike,861,crowd_27602,0.7968383892883245,-1.8631985141896907,0.2162938421480204,0.1311608085703064,453,True
spike,862,crowd_27608,1.4133658506762317,-1.0198335354677242,0.1883414139393306,0.1853208965570889,287,True
spike,863,crowd_27612,1.329464953681514,-1.156272350785249,0.2752201594298228,0.2908641091151036,118,True
spike,864,crowd_27619,0.9551330705497664,-1.2105501720287506,0.2072731257706624,0.2344303956899695,211,True
spike,865,crowd_27621,0.8487158391553622,-2.0,0.5236714454417759,0.2619849300497013,228,True
spike,866,crowd_27624,1.185961531819252,-1.5610329835328698,0.0785505398065054,0.0795020408038138,1734,True
spike,867,crowd_2764,,,,,16,False
spike,868,crowd_27644,1.552670387265731,-2.0,0.5269572148976703,0.5752922804689721,50,True
spike,869,crowd_27650,1.077548134826387,-0.4610268675729229,0.1964427180001233,0.1619875164281916,186,True
spike,870,crowd_27651,4.218839755900444,-1.9820630471122824,2.9742429984140286,1.7559016988365643,45,True
spike,871,crowd_27663,1.1853486274518028,-2.0,0.197085914715801,0.2126758591486922,431,True
spike,872,crowd_27672,1.173872733384552,-0.3383976183116473,0.3270376798956194,0.3019942406862747,53,True
spike,873,crowd_27673,0.6701124919044774,-0.7857043485671664,0.0933266686759226,0.0921553500210378,458,True
spike,874,crowd_27676,0.9433533247935288,-0.4590743480407802,0.0860885265557893,0.0899893750015088,493,True
spike,875,crowd_27685,1.4431342863360428,-0.8384009838112124,0.0845399807530077,0.0799805412018524,1354,True
spike,876,crowd_27704,0.786083184591672,0.0851268792306218,0.229679689976403,0.2916010155367125,42,True
spike,877,crowd_27747,4.999999999999999,-2.0,2.6765350176013984,1.535926709336233,30,True
spike,878,crowd_27766,1.1231503164849226,-1.1230668247009912,0.2766096727044369,0.3012416344726444,75,True
spike,879,crowd_27813,1.601631178149992,-1.161715829105764,0.1778684897603868,0.1619512424817698,443,True
spike,880,crowd_2784,,,,,1,False
spike,881,crowd_27846,4.68873303005316,-2.0,2.5767495355459222,1.4123270484956538,25,True
spike,882,crowd_27851,1.2941997607847664,-1.2714980084302556,0.1900056704068451,0.1753133591206974,291,True
spike,883,crowd_27865,0.7568795184321796,-0.537093211774897,0.1289797007736197,0.1146416888619361,254,True
spike,884,crowd_27877,0.7081258140311122,-0.9198801110331398,0.1258880029275572,0.1058266726640395,326,True
spike,885,crowd_27887,1.0211950844904998,0.0366071003162476,0.1972853815280404,0.1959970734861922,93,True
spike,886,crowd_27907,0.3432492793180799,-1.1489160482746446,0.1837465705876492,0.1930279770070351,51,True
spike,887,crowd_27943,0.9179000648973586,-0.2635809909735453,0.1817962421191527,0.1896586759854726,96,True
spike,888,crowd_27964,1.0641007272662637,-0.7812584850752402,0.0985901125372576,0.0970515587330678,567,True
spike,889,crowd_27965,1.3043162957295218,-1.484148137511704,0.2359206254295331,0.1817948589340699,353,True
spike,890,crowd_27972,0.7539514868360099,-0.6922384578207686,0.0764742674101614,0.075437460720989,633,True
spike,891,crowd_27978,1.2333621161469817,-1.2877990117131386,0.1291167554084361,0.1327992760835763,598,True
spike,892,crowd_27989,1.0380105006931792,-0.7503207004469532,0.0699201237241339,0.0718777042095326,1006,True
spike,893,crowd_28014,0.6469308607049582,-0.4875005156819904,0.2764766652023677,0.2897067540723672,28,True
spike,894,crowd_28035,,,,,6,False
spike,895,crowd_2815,0.8710837775351078,0.2125872659402126,0.3555418335417417,0.3297452769379103,21,True
spike,896,crowd_28231,0.9262724679786056,-0.7157403905295986,0.1586574484406387,0.1661305672644797,174,True
spike,897,crowd_28235,,,,,2,False
spike,898,crowd_28249,0.8015381357565111,-1.0969689560716096,0.0888880712545683,0.0791981391974212,635,True
spike,899,crowd_28266,,,,,8,False
spike,900,crowd_28270,0.2541288857854458,-1.4897023980646709,0.082670930808674,0.0877875223526344,267,True
spike,901,crowd_28417,2.3593236079861013,-2.0,0.3958460034914407,0.3783571874312585,326,True
spike,902,crowd_28451,1.1500139899936792,-0.212190112841988,0.2199863084895312,0.2175577720014354,100,True
spike,903,crowd_28521,1.549674938314788,-1.2888626913293355,0.1540470487646204,0.1481241534224632,638,True
spike,904,crowd_28522,0.742960982995633,-0.1786237379645235,0.1925980550835529,0.2066907612197525,84,True
spike,905,crowd_28534,,,,,5,False
spike,906,crowd_28537,,,,,2,False
spike,907,crowd_28538,3.1427665454719698,1.4327639828680814,2.7851686045071364,1.2561092784198369,21,True
spike,908,crowd_28558,1.1789494633615083,-0.591902153046927,0.2148850839332053,0.2043263532946096,118,True
spike,909,crowd_28589,0.7769224353281947,-1.4172498470090231,0.0881404424246073,0.080008222510553,704,True
spike,910,crowd_28607,1.4053802312866943,-0.2696052287968871,0.4181883073888681,0.3316057717392507,68,True
spike,911,crowd_2861,0.5690312262289321,-0.4641028865748909,0.03528600246328,0.0345014101078812,1807,True
spike,912,crowd_28654,1.1511418096207426,-0.5821941606136786,0.18624937753874,0.1777389456758442,162,True
spike,913,crowd_28655,2.1924259779401236,0.0499226180317883,1.1169752729394853,0.7132232250539792,25,True
spike,914,crowd_28694,0.7833120011919932,-0.8285633071822096,0.1110459055634546,0.1276529632962277,253,True
spike,915,crowd_28695,1.0314721367458863,-0.9734742722433942,0.0981830673597355,0.0902242999926907,662,True
spike,916,crowd_28702,,,,,8,False
spike,917,crowd_28704,0.9365293625147594,-0.9984901607925596,0.1075176246937778,0.11116089681876,384,True
spike,918,crowd_28707,0.624435773862772,-0.5532807274818248,0.1544099608061231,0.1156533380590977,221,True
spike,919,crowd_28716,1.2021003708194715,-1.5492142963557427,0.0847848614249756,0.0876434300473123,1457,True
spike,920,crowd_28722,,,,,14,False
spike,921,crowd_28724,1.1704336900775605,-1.1145753470015007,0.064639479043428,0.0675957221470893,1747,True
spike,922,crowd_28729,1.116380446418174,-0.4756978662404503,0.1468586698329605,0.1341034119963522,258,True
spike,923,crowd_2873,1.3391543572398084,-0.9742473925617608,0.2710449059621233,0.3029427568280665,137,True
spike,924,crowd_28738,1.0678732602058545,-0.6754659668596416,0.1549333515472676,0.1462989504914334,210,True
spike,925,crowd_28750,0.8510388876055708,-0.3512676606289168,0.138423577715786,0.1693353022665984,137,True
spike,926,crowd_28779,0.7762767342224675,-2.0,0.0849558766306625,0.0579714279763656,2540,True
spike,927,crowd_28812,,,,,7,False
spike,928,crowd_28821,1.12355607643558,-1.084857084243846,0.1186171290303013,0.1087605415338587,607,True
spike,929,crowd_28822,1.6005734833669605,-0.8396254205906869,0.4929145145381641,0.4523820830957097,57,True
spike,930,crowd_28828,1.2437758282115143,-0.9791722333159908,0.1866501948366908,0.1867311736860658,204,True
spike,931,crowd_28835,4.0253325435968295,0.5459235468813505,3.288074010263993,0.9804409470687266,31,True
spike,932,crowd_28837,0.9907281902954922,-0.1061997863401577,0.2997755978702658,0.3571573120910621,32,True
spike,933,crowd_28839,,,,,8,False
spike,934,crowd_28841,1.069991380418788,-0.1017612265852426,0.1969688247768394,0.1885019584464882,110,True
spike,935,crowd_28845,1.2142685713205792,-0.6733286995589023,0.3578846020334362,0.3002802695251161,75,True
spike,936,crowd_28850,1.63973054743146,-0.778673817689458,0.5234707283947577,0.4313142299688774,60,True
spike,937,crowd_28852,1.7485828024976775,-0.3105918997079575,0.6130090892174878,0.4522421589912466,39,True
spike,938,crowd_28853,1.1854826342639193,-0.5041016911919419,0.2410957201431436,0.2441724683987599,78,True
spike,939,crowd_28858,,,,,13,False
spike,940,crowd_28860,0.9925700482328476,-0.4869747017356656,0.1823603587615123,0.167637913732132,153,True
spike,941,crowd_28864,,,,,11,False
spike,942,crowd_28865,2.175937338535417,-0.2984415992043461,1.0798023347931955,0.6857618120962388,34,True
spike,943,crowd_28868,1.0560114697711211,-0.6850046144376968,0.2490803719728276,0.2575071070038092,84,True
spike,944,crowd_28871,0.825654112195066,-0.5003269614122073,0.2007408607416051,0.2092736307294159,68,True
spike,945,crowd_28874,2.2572671688294794,-0.6532436153701748,1.1235479889082916,0.683962353004309,33,True
spike,946,crowd_28876,4.999999999999999,1.3401079022085192,4.769168083947353,1.6063888250196643,20,True
spike,947,crowd_28877,,,,,14,False
spike,948,crowd_28878,0.7763109169238103,-0.7571020751974665,0.0631210015804576,0.0624981064383678,850,True
spike,949,crowd_28887,1.9064773384959617,-2.0,0.3750589768916297,0.3363891899798966,135,True
spike,950,crowd_28891,1.4280586910727384,-0.2938442661786578,0.2817395963419838,0.2585958267903003,97,True
spike,951,crowd_28892,2.009038878017404,-0.7760929364567406,0.6865549123804198,0.5621343510513637,55,True
spike,952,crowd_28896,1.2953635216465829,-0.8284833286758686,0.2550675790014635,0.2466718720899547,148,True
spike,953,crowd_28899,0.8647741581953957,-0.8028983925862014,0.166746597830211,0.1815568977798767,119,True
spike,954,crowd_28901,1.0127493223466908,-0.7204695625169545,0.0615862566911139,0.0654779885203931,1155,True
spike,955,crowd_28906,0.02,-0.3433011001668746,0.0243520135294083,0.0324439144787143,53,True
spike,956,crowd_28907,4.999999999999999,0.2967599572400458,3.599944640837472,1.0980656599093608,37,True
spike,957,crowd_28909,,,,,3,False
spike,958,crowd_28913,,,,,16,False
spike,959,crowd_28915,1.1080095417177858,-0.0494646635325008,0.2615020898196554,0.2398896495816557,86,True
spike,960,crowd_28919,,,,,2,False
spike,961,crowd_28921,4.999999999999999,0.0560825095178331,2.8301539080617255,1.2964299836630664,26,True
spike,962,crowd_28922,1.4936418947606578,-0.8520023013444956,0.3754939750823585,0.3497192935192104,89,True
spike,963,crowd_28924,,,,,2,False
spike,964,crowd_28927,0.7546808336835118,-0.3115430280994954,0.1570533870742193,0.1474889516427278,147,True
spike,965,crowd_28928,1.38738635541941,-1.128580532990537,0.1725170247689412,0.1638194055738781,336,True
spike,966,crowd_28936,,,,,11,False
spike,967,crowd_28944,0.8030893658201347,-0.8059728098186711,0.0368955365905221,0.0372388535185379,2768,True
spike,968,crowd_28947,1.3925041198673316,-0.0208885325726225,0.3068423772377324,0.2728552795490356,70,True
spike,969,crowd_28949,4.9656687314365655,-2.0,2.0410869863750625,1.0861255630047648,91,True
spike,970,crowd_28950,1.2004551347718722,-1.0838919073477058,0.4130362070336603,0.4738546972632242,54,True
spike,971,crowd_28951,,,,,5,False
spike,972,crowd_28954,2.9770224293880663,-0.7423307550294095,1.4656469253540052,0.8676003564486569,39,True
spike,973,crowd_28957,1.8926341174103196,0.2689928527979005,1.0153453855607444,0.5384356383210236,25,True
spike,974,crowd_28958,,,,,12,False
spike,975,crowd_28959,1.290368729205971,0.1840997049149043,0.53114373796828,0.4483900683155769,28,True
spike,976,crowd_28962,,,,,5,False
spike,977,crowd_28967,,,,,3,False
spike,978,crowd_28974,,,,,19,False
spike,979,crowd_28975,0.9619689372375289,-0.2289340712877809,0.5456571331825563,0.5504698903841706,22,True
spike,980,crowd_28979,4.999999999999999,-1.1101553579046692,3.416899295661375,1.350710760149504,45,True
spike,981,crowd_2898,0.9671306534379496,0.0346756770763721,0.183584241919419,0.1693467490519365,101,True
spike,982,crowd_28982,1.789279612619822,-0.4173176774658744,0.7342722161866011,0.5279137232496642,32,True
spike,983,crowd_28983,,,,,17,False
spike,984,crowd_28984,0.7521580220810304,-0.4734163463463523,0.1114604339360278,0.1092653662176427,257,True
spike,985,crowd_28986,1.30943199516084,0.0308036418061225,0.4570350317893038,0.4532336946426482,38,True
spike,986,crowd_28992,,,,,5,False
spike,987,crowd_28997,0.5141895528937461,-0.9422936335058624,0.2106239176737296,0.2444387346737445,48,True
spike,988,crowd_28999,0.6136106784143223,-0.9943526505631964,0.2048955986352222,0.2244350562917746,54,True
spike,989,crowd_29005,0.904331105837524,-1.412154455880822,0.1072623788682353,0.0907781900294203,823,True
spike,990,crowd_29008,1.5806702810435056,-0.733899944540021,0.4219456650897034,0.3812371944029615,78,True
spike,991,crowd_29009,0.5513958042597981,-0.9314374955191548,0.0278900080082181,0.0274867314006697,3787,True
spike,992,crowd_29010,,,,,8,False
spike,993,crowd_29012,1.6912660461779172,-0.3637796774130308,0.6941817555894579,0.5122201859845681,29,True
spike,994,crowd_29013,0.6455002496669028,-0.1691585017875737,0.368399733677486,0.2984128065415565,30,True
spike,995,crowd_29019,1.0675662412736044,-0.5074571782670905,0.1321216954741365,0.1274272480988781,266,True
spike,996,crowd_29021,0.5600532047021642,-0.1758843474742292,0.1752199142806837,0.1977115030607625,53,True
spike,997,crowd_29023,2.002384942679068,-0.5312427101277268,0.411597857227479,0.2796237088392017,150,True
spike,998,crowd_29025,0.9637714821666796,-1.0529284593906532,0.0661320835087894,0.0664425694770275,1206,True
spike,999,crowd_29026,1.0305563007448555,-0.2509531971797689,0.2653711080459712,0.3014226677301876,54,True
spike,1000,crowd_29029,0.5461788488313044,-1.1731081805760708,0.1101381553509231,0.0979906706046333,262,True
spike,1001,crowd_29031,,,,,15,False
spike,1002,crowd_29032,0.6620739727011336,-1.032404367455536,0.2028062113582404,0.2083614692535681,84,True
spike,1003,crowd_29034,3.510763975885956,-2.0,1.4144226933016786,1.0778731717228025,52,True
spike,1004,crowd_29037,1.8087878545361704,-0.2206380203805974,0.5757318243523597,0.3965376636315669,52,True
spike,1005,crowd_29041,0.6236918912669255,-0.2659708400201507,0.0577658316427448,0.0597104037850418,638,True
spike,1006,crowd_29042,,,,,10,False
spike,1007,crowd_29043,1.648976472148654,-1.346711600351198,0.4288317296993683,0.3938342063823386,92,True
spike,1008,crowd_29044,,,,,9,False
spike,1009,crowd_29046,0.476724917060673,-0.5059992306332058,0.1759918647697288,0.1728155741423364,63,True
spike,1010,crowd_29050,,,,,16,False
spike,1011,crowd_29054,,,,,16,False
spike,1012,crowd_29055,1.8329403093370185,-0.958250396165262,0.8841248966896809,0.6204200100812107,32,True
spike,1013,crowd_29057,1.1307710073427415,-0.6788518278744202,0.2409336087522726,0.2501182307138163,83,True
spike,1014,crowd_29058,1.0727471843732026,-0.637853800096811,0.228046368090461,0.2272243145292901,106,True
spike,1015,crowd_29059,2.125115795198923,-0.7322487881743992,0.4467580330769344,0.310233285330551,157,True
spike,1016,crowd_29061,1.1121325029013258,0.1130762823161767,0.3494225714050937,0.3660653437448704,32,True
spike,1017,crowd_29064,,,,,2,False
spike,1018,crowd_29065,2.7900737705449363,-0.6309113029860933,1.2966455601250635,0.707077388590789,52,True
spike,1019,crowd_29067,2.332518498248939,-1.628625926875136,1.0577150008846772,0.9884026305637704,42,True
spike,1020,crowd_29068,1.5814606908846762,-0.9161196525924123,0.2891713104249152,0.2631389991953291,162,True
spike,1021,crowd_29071,0.6869960739372684,-0.5798110539930366,0.0982506840005732,0.0940106659537435,332,True
spike,1022,crowd_29072,,,,,6,False
spike,1023,crowd_29074,1.2662336822421223,-0.4771715481195852,0.3026246360901867,0.2716838487329523,73,True
spike,1024,crowd_29076,1.281784476426406,-1.0578258486165346,0.16226169366947,0.1611108129776183,371,True
spike,1025,crowd_29077,,,,,11,False
spike,1026,crowd_29088,0.4558936120742397,-0.5673088156858573,0.2115522347446019,0.2435067366290254,23,True
spike,1027,crowd_29092,1.3623549214269397,0.4003871947010506,0.3790622894881775,0.2705027747997593,63,True
spike,1028,crowd_29093,1.447039526757436,-0.5713201275984912,0.3943670403733995,0.3704870635974789,53,True
spike,1029,crowd_29102,,,,,2,False
spike,1030,crowd_29103,1.1367268515287514,-0.7644237689253517,0.3691153279355881,0.36474149873069,33,True
spike,1031,crowd_29114,1.672500205187479,0.0981892639912536,0.2880908423167581,0.1980536545934691,163,True
spike,1032,crowd_29116,2.3004178854071915,-1.9032734129440636,0.7046018986816538,0.6885333879152818,90,True
spike,1033,crowd_29117,0.7220872010327788,0.1296553573789922,0.1367046579407622,0.1588933933006823,110,True
spike,1034,crowd_29126,1.0585447302608817,-0.6288987729237567,0.1092252670171777,0.1084243130422561,377,True
spike,1035,crowd_29128,2.845772773666944,-0.9991500215621358,1.5206819184106004,0.9572088427442282,52,True
spike,1036,crowd_29135,0.4851998292699038,-0.038501144763015,0.0460915836878834,0.0501838445699118,699,True
spike,1037,crowd_29138,,,,,9,False
spike,1038,crowd_29140,,,,,3,False
spike,1039,crowd_29142,0.6608468978754573,-0.412927896003624,0.263071131284834,0.2130728591748704,62,True
spike,1040,crowd_29144,0.02,-0.1285666834646509,0.2820982314851401,0.4513502205051746,24,True
spike,1041,crowd_29149,,,,,4,False
spike,1042,crowd_29150,1.8786001891777264,-0.6236508076229212,0.2999773446978508,0.2288842367043627,234,True
spike,1043,crowd_29165,,,,,6,False
spike,1044,crowd_29171,,,,,14,False
spike,1045,crowd_29173,,,,,11,False
spike,1046,crowd_29175,,,,,12,False
spike,1047,crowd_29176,0.7855017429002336,0.0239449072484359,0.3025056737915645,0.2857558535841804,32,True
spike,1048,crowd_29177,1.8386413685902332,-0.9430594754896796,0.5090572530971885,0.4143650466471095,73,True
spike,1049,crowd_29181,2.7476052680009535,-0.0977669644581966,1.42479264030207,0.6870733855944119,32,True
spike,1050,crowd_29184,2.5349513830042327,-1.799647831486899,1.2090796877574703,1.1355998670377971,55,True
spike,1051,crowd_29190,,,,,19,False
spike,1052,crowd_29192,0.6431775004548335,-0.5188423876943505,0.1661494443301373,0.1451156362637298,108,True
spike,1053,crowd_29193,,,,,4,False
spike,1054,crowd_29195,1.4635335604727926,-0.4069811430216199,0.2779850723138147,0.2369912982271443,114,True
spike,1055,crowd_29196,0.8340266277515374,-0.4544237141583761,0.2648414851835144,0.390233075099337,33,True
spike,1056,crowd_29202,,,,,14,False
spike,1057,crowd_29204,0.5409992792184926,-0.2631297665947544,0.2099432169987609,0.2147009791348179,49,True
spike,1058,crowd_29206,,,,,3,False
spike,1059,crowd_29211,2.387205737956932,-2.0,0.4627378810226918,0.4343933388472955,134,True
spike,1060,crowd_29213,,,,,9,False
spike,1061,crowd_29215,2.803182169129844,1.6482889347339018,2.161161479277138,1.108251075996764,22,True
spike,1062,crowd_29220,0.8942080749819625,-0.1052889852642885,0.284631382114733,0.2954729228420348,46,True
spike,1063,crowd_29221,1.2542380729619202,-1.2829861080489844,0.5942949253112058,0.6852590824180745,26,True
spike,1064,crowd_29224,1.1019352040486463,0.0441994750095211,0.3474938153075851,0.3315555782585093,33,True
spike,1065,crowd_29225,1.0426296327972455,-1.654791093011627,0.4977656147638357,0.6928421843478898,49,True
spike,1066,crowd_29229,,,,,11,False
spike,1067,crowd_2923,,,,,9,False
spike,1068,crowd_29230,,,,,16,False
spike,1069,crowd_29232,1.0054012403825636,0.083371366286734,0.2172758794103057,0.2064404662255479,77,True
spike,1070,crowd_29236,3.115097160458321,-2.0,1.028359448202915,0.9072288108077066,71,True
spike,1071,crowd_29239,3.6957234202660496,-1.1886305969482442,2.104254364473768,1.201395979026755,48,True
spike,1072,crowd_29241,,,,,17,False
spike,1073,crowd_29246,1.4692384927650366,-0.3435953910056046,0.3758812613745904,0.3131676826082954,62,True
spike,1074,crowd_29265,1.8191367304728243,-0.822899608425507,0.5923738347407526,0.5052369175295113,66,True
spike,1075,crowd_29273,,,,,18,False
spike,1076,crowd_29276,,,,,12,False
spike,1077,crowd_29281,4.999999999999999,-0.8717370933314907,5.155693350287385,1.7809984375908474,24,True
spike,1078,crowd_29284,1.3850354445431563,-0.6098864450295206,0.3623692389117763,0.3321375949129391,55,True
spike,1079,crowd_29286,2.6045050760794655,-2.0,1.5332597725678592,1.4769377187553954,24,True
spike,1080,crowd_29288,1.0510430831099395,-1.2710893579624212,0.3280186553368033,0.2733409875308008,90,True
spike,1081,crowd_29295,,,,,14,False
spike,1082,crowd_29302,1.1482038779891277,-1.1615760906352757,0.1785651675148762,0.1764824913915646,224,True
spike,1083,crowd_29307,4.8159465210757615,-1.0222551519049763,5.1283144231957065,1.9914626877230104,20,True
spike,1084,crowd_29309,,,,,14,False
spike,1085,crowd_29311,1.9941752944831648,-1.1269895115027058,0.7123002261739568,0.5821452728100835,61,True
spike,1086,crowd_29313,1.5998906718469583,-0.1519114897014018,0.8170919626810496,0.4987279403580744,23,True
spike,1087,crowd_29314,1.0607464560161026,-1.0360508081211468,0.1830666828311716,0.1865174517495414,181,True
spike,1088,crowd_29315,,,,,6,False
spike,1089,crowd_29318,,,,,13,False
spike,1090,crowd_29320,1.649788033203736,-0.636465774269061,0.7609938611985735,0.6824895347618707,32,True
spike,1091,crowd_29329,0.8708061872675663,-0.7420217775655369,0.1056562250800348,0.1118472247731047,350,True
spike,1092,crowd_29333,,,,,15,False
spike,1093,crowd_29335,0.6414292080663617,-0.3315937427332499,0.2113321140819084,0.212877829736123,86,True
spike,1094,crowd_29336,2.7975241293081727,-1.7276108172196876,1.6763366083627589,1.3655399947932172,37,True
spike,1095,crowd_29338,0.0706737284059898,-0.385120262845541,0.0712131975220313,0.0533883646849113,30,True
spike,1096,crowd_29340,1.4317253616150305,-0.3219697215080565,0.5246879277004697,0.4176272569213069,32,True
spike,1097,crowd_29341,0.9797956895871424,0.0186100923453056,0.3487853541073629,0.3680323462000544,25,True
spike,1098,crowd_29347,2.0407997170645453,-0.6892829945958098,0.854976152173785,0.6840929491728098,38,True
spike,1099,crowd_29349,1.8548495657926656,-0.4642198274703715,0.5713620066293914,0.4117109768131219,63,True
spike,1100,crowd_29350,4.999999999999999,-1.4503049125854994,6.809973516779758,2.6441972821749813,24,True
spike,1101,crowd_29352,0.831481578732664,-0.9368903086468816,0.071982191739668,0.0676248606410042,1020,True
spike,1102,crowd_29357,1.8574639481690016,-0.983128158190503,0.4540738347853917,0.3907870270123243,130,True
spike,1103,crowd_29361,,,,,2,False
spike,1104,crowd_29362,0.5015108063829078,-0.5802982919575863,0.04919237698203,0.0467213340361138,1108,True
spike,1105,crowd_29369,0.9416102663960688,0.7214099327690195,0.3698790404777118,0.3369105895861859,26,True
spike,1106,crowd_29370,,,,,5,False
spike,1107,crowd_29371,2.1096609128803814,-1.4074005805197705,0.9507320895390968,0.8009098822141372,45,True
spike,1108,crowd_29377,1.812043961577627,-0.2903955366422829,0.5763178736544576,0.3652534699943253,56,True
spike,1109,crowd_29378,0.9068037697819692,-0.3401912551090321,0.3656149008628737,0.3843004969587448,20,True
spike,1110,crowd_29380,2.9694806956224635,-0.6365796571053391,2.000542891823955,0.9738249019818318,35,True
spike,1111,crowd_29381,1.5719098872927986,-0.7386989259901667,0.4410785636022043,0.3979404502909823,56,True
spike,1112,crowd_29384,1.790359179789073,-1.6372783659829049,0.7462756753789158,0.8363948836142376,61,True
spike,1113,crowd_29392,0.821911725863703,-1.2463030347202946,0.2997298051570382,0.377849468845459,44,True
spike,1114,crowd_29393,,,,,15,False
spike,1115,crowd_29398,0.030003056544369,-1.325669462701761,2.294255290764211,5.5308875727061,25,True
spike,1116,crowd_29399,,,,,16,False
spike,1117,crowd_29400,,,,,17,False
spike,1118,crowd_29406,1.7745981025433015,-1.8887159046336737,0.7922280005503429,0.7973931613746023,61,True
spike,1119,crowd_29407,2.6167319396792577,-1.7308896328809265,0.8133095472335498,0.663481755278712,104,True
spike,1120,crowd_29413,1.5765975554682174,-0.6067644911703796,0.4282871964337722,0.3644541068185545,65,True
spike,1121,crowd_29414,1.1095482605053215,-0.4928565490110091,0.3820060649459441,0.3975582096724634,26,True
spike,1122,crowd_29415,,,,,11,False
spike,1123,crowd_29422,,,,,2,False
spike,1124,crowd_29424,0.6636096121799143,0.4701396651000516,0.2408767912021981,0.283954822959822,25,True
spike,1125,crowd_29425,4.999999999999999,0.4571431372190359,3.246792024594714,1.3013842402133016,26,True
spike,1126,crowd_29488,1.61909695646257,-0.1923684477585475,0.5034484195572363,0.3822181224886279,52,True
spike,1127,crowd_29628,1.2432430911886454,-0.7523677099238568,0.4370308761535857,0.3674174618158223,46,True
spike,1128,crowd_298,,,,,1,False
spike,1129,crowd_29820,0.332134737857562,-2.0,0.3445189286980843,0.3673189622754403,128,True
spike,1130,crowd_29865,,,,,11,False
spike,1131,crowd_29892,1.6648077596948827,-0.8983045949792956,0.5561739711639047,0.5496939303407132,59,True
spike,1132,crowd_299,,,,,14,False
spike,1133,crowd_29922,0.4664531307400866,-0.3389638105472463,0.0428746039041224,0.0423218918558951,956,True
spike,1134,crowd_29929,1.86774881153793,-0.8134985644818622,0.3588883684482297,0.2799204473717277,161,True
spike,1135,crowd_29947,2.739725330402355,-1.6545591256271217,2.430339174528458,1.7162016120725907,22,True
spike,1136,crowd_29958,1.238780763092974,-1.1176840433646076,0.1841248230059606,0.191112969703651,208,True
spike,1137,crowd_30001,0.8299721059180496,-0.991645033686796,0.0673330307849854,0.0701714689689078,1157,True
spike,1138,crowd_30033,0.881278777495302,-0.8355114132564982,0.0873445980182735,0.0825694045710338,553,True
spike,1139,crowd_30050,0.7727796778178466,-0.7316587920015466,0.2309757496164052,0.280612392445265,55,True
spike,1140,crowd_30069,1.037922575711551,-1.2194589978158457,0.3350266607373663,0.1605244233086666,220,True
spike,1141,crowd_30070,1.4945123373742204,-0.4915158272019587,0.7649450642625985,0.6175257782054833,22,True
spike,1142,crowd_30077,0.6825248438117226,-1.3899184378133842,0.201967988591566,0.1993762540469542,140,True
spike,1143,crowd_30085,0.4882968159314367,-0.0780104144676674,0.2512771365838255,0.2160484879970609,65,True
spike,1144,crowd_30087,2.2426559583144847,0.0547331838863773,0.8650921666668165,0.5259531635603367,42,True
spike,1145,crowd_30088,,,,,7,False
spike,1146,crowd_30090,0.8788576982410254,-0.9537943984599688,0.30371918016312,0.27474447384504,62,True
spike,1147,crowd_30107,0.7354737410807273,-0.4975894821967576,0.0876784835939361,0.0911891747847038,366,True
spike,1148,crowd_30108,1.0676051401405091,-0.8786373216209373,0.0732752547029092,0.0745818546585995,1046,True
spike,1149,crowd_30118,1.596409301860214,-0.5682239077793633,0.3072311651129299,0.2592467186411278,126,True
spike,1150,crowd_30119,,,,,11,False
spike,1151,crowd_30120,1.106828120756735,-0.6518795988650302,0.4022217615326304,0.4562502940137569,40,True
spike,1152,crowd_30122,0.990100007420988,0.0642701876490999,0.2045000557378516,0.2123362892476803,87,True
spike,1153,crowd_30125,0.90641490052985,-0.820411578474264,0.0668980252659691,0.0647994389735626,1051,True
spike,1154,crowd_30129,1.529448098909472,-0.5870997232460174,0.7433571537585556,0.6614441279811473,21,True
spike,1155,crowd_30131,1.3851246239025343,-0.6109718613642464,0.5635971640480546,0.5345966659283109,26,True
spike,1156,crowd_30133,,,,,17,False
spike,1157,crowd_30135,1.7800185586800257,-1.1072654744933483,0.5547432121639111,0.5258049730059356,71,True
spike,1158,crowd_30136,4.999999999999999,-1.810084279743476,3.3542847298391325,2.1248535246473828,21,True
spike,1159,crowd_30153,1.1232947251512695,-0.952379628420558,0.068852158140397,0.0705081951162125,1267,True
spike,1160,crowd_30154,,,,,15,False
spike,1161,crowd_30155,4.999999999999999,-1.1367131955510947,3.463327857505909,1.8333478249145387,21,True
spike,1162,crowd_30162,,,,,19,False
spike,1163,crowd_30166,1.059565788473932,-0.6134173386343256,0.1341690612525467,0.1370018262113987,244,True
spike,1164,crowd_30172,1.184846031439437,0.0881705055840382,0.2692692604160218,0.2557559932545064,72,True
spike,1165,crowd_30173,0.9820486007198772,-0.4096425745647115,0.2440527572539001,0.2366499915560486,82,True
spike,1166,crowd_30179,1.4799256742487965,-0.7643276803447694,0.7221408998592799,0.6486479201537602,22,True
spike,1167,crowd_30180,,,,,13,False
spike,1168,crowd_30181,4.398106884885921,-2.0,2.2569076036632776,1.4232761188869978,30,True
spike,1169,crowd_30182,3.978598229080376,-2.0,1.4034184804182706,0.9815506149891496,78,True
spike,1170,crowd_30185,1.7531369975821052,-0.8857444530848496,0.394696697708468,0.3517312616665781,125,True
spike,1171,crowd_30190,,,,,14,False
spike,1172,crowd_30195,0.3825246903242343,-0.2501172161943378,0.237587191573504,0.1999298220417058,31,True
spike,1173,crowd_30198,,,,,8,False
spike,1174,crowd_30202,,,,,1,False
spike,1175,crowd_30205,1.171205801893022,-0.1112396614991055,0.2549395612991795,0.2548481489915225,78,True
spike,1176,crowd_30211,2.583657020753354,-0.1127536970900894,1.2988672600063849,0.651020974286214,34,True
spike,1177,crowd_30212,4.999999999999999,-0.3248349389582624,2.351073495671965,1.0948002561728658,40,True
spike,1178,crowd_30213,0.8048552238593223,-0.7908260932733046,0.1369180978081856,0.1487783802021007,151,True
spike,1179,crowd_30214,0.6431240828597148,-0.3973315335002523,0.0693506635669009,0.0735073259662339,470,True
spike,1180,crowd_30216,0.7951559469762174,-0.684313555683444,0.2263869022194023,0.2516016742960787,58,True
spike,1181,crowd_30218,,,,,7,False
spike,1182,crowd_30224,0.900537151724552,-0.4203176952722754,0.284295868199273,0.3742709403789414,29,True
spike,1183,crowd_30226,0.8643521817433607,0.3953811110994596,0.3485276051903496,0.3194169234567049,23,True
spike,1184,crowd_30227,3.0358625926753375,1.1874975670184458,2.1069895106628516,1.0341098195439498,23,True
spike,1185,crowd_30228,1.4558733301899454,-0.724393413248257,0.3814842045051666,0.3390835593210747,85,True
spike,1186,crowd_30231,1.2132136607463828,-0.9313822748997678,0.2982291383246411,0.2852695992180427,80,True
spike,1187,crowd_30235,0.2944969532731741,-0.3215098906860965,0.103728221607963,0.1251949083805348,72,True
spike,1188,crowd_30237,,,,,19,False
spike,1189,crowd_30238,3.3039473102211,-1.9386731713463392,2.7011449590080847,2.0798798550241857,28,True
spike,1190,crowd_30240,1.1240210435437457,-0.3660529112628556,0.1371865562248254,0.1436080941606076,222,True
spike,1191,crowd_30244,,,,,19,False
spike,1192,crowd_30245,,,,,18,False
spike,1193,crowd_30365,0.9360695199327532,0.3282111969884078,0.2560588367348334,0.272773622146318,41,True
spike,1194,crowd_30402,1.1238489164638417,-0.6746374199034877,0.4150110109743308,0.5281155369822644,40,True
spike,1195,crowd_30441,0.466025836873831,-0.2699855312639598,0.169519234442506,0.180880055864839,53,True
spike,1196,crowd_30445,0.8209868147675502,-1.231537886618511,0.0896503097466704,0.0928763661379269,750,True
spike,1197,crowd_30456,0.3840262016351259,-0.6861740303851344,0.1180657414458315,0.1356501395137328,138,True
spike,1198,crowd_30507,2.0460697152871483,-0.9738967192976776,0.6748357358484791,0.468669806503309,64,True
spike,1199,crowd_30516,0.806837273897003,-0.5512012589286257,0.1162820096507803,0.1224146018537568,205,True
spike,1200,crowd_30517,1.551551237822518,-1.2398909920724932,0.5068784965332974,0.4656694322482481,62,True
spike,1201,crowd_30520,0.6089365467333857,-0.8672487407046066,0.0948067624654537,0.0964377781448227,481,True
spike,1202,crowd_30523,0.9687215000696592,-0.6706475442457963,0.0575658245046746,0.0608152633251441,1249,True
spike,1203,crowd_30528,1.1045505042570831,-0.9677692264380676,0.1628383315657534,0.193538426325725,200,True
spike,1204,crowd_30534,0.5982581413666304,-0.8262012755654645,0.0781303342908898,0.0854328297247554,557,True
spike,1205,crowd_30545,,,,,14,False
spike,1206,crowd_30546,0.8732800482226675,-0.7875796308060593,0.0897507712025127,0.0914172536286528,491,True
spike,1207,crowd_30547,,,,,1,False
spike,1208,crowd_30549,0.6622507918272963,0.1147112833825764,0.279775636890089,0.3387341266120267,21,True
spike,1209,crowd_30553,,,,,13,False
spike,1210,crowd_30556,0.8751195913180553,-0.2649063717947992,0.1478121020546446,0.1600940731183867,132,True
spike,1211,crowd_30565,,,,,3,False
spike,1212,crowd_30567,1.028748359860829,-0.2793631179314527,0.3089933281392593,0.2892770261741699,40,True
spike,1213,crowd_30570,,,,,15,False
spike,1214,crowd_30573,1.656637980695011,-1.1468508982077348,0.3540501862445435,0.3541641712330519,127,True
spike,1215,crowd_30574,1.9550904839823728,0.5567098189008929,0.884296410340754,0.4916835418650958,32,True
spike,1216,crowd_30576,1.4482098741235323,-0.383330720846472,0.502751701985522,0.4148465518083566,40,True
spike,1217,crowd_30579,,,,,1,False
spike,1218,crowd_30580,0.9295903986277247,-1.5420764844649155,0.3316491022182,0.2534654259422557,109,True
spike,1219,crowd_30585,0.6378177666575824,-0.6806398045024066,0.1521474704236592,0.1635221642575789,114,True
spike,1220,crowd_30586,4.999999999999999,-1.8986957538960572,1.9598568181266975,1.0970790927612746,80,True
spike,1221,crowd_30593,,,,,14,False
spike,1222,crowd_30603,,,,,19,False
spike,1223,crowd_30608,0.7765629210414815,-0.6153866974311387,0.2514126099913329,0.2307576016221297,60,True
spike,1224,crowd_30614,1.1644453745464336,-0.6186646674802194,0.2590088555988246,0.2616225175842041,71,True
spike,1225,crowd_30616,1.3491055162816663,-0.7904356602034484,0.4209858754055147,0.4016184961743606,41,True
spike,1226,crowd_30626,,,,,4,False
spike,1227,crowd_30634,1.857311577910436,-2.0,0.1745927069273257,0.1813752243995494,1051,True
spike,1228,crowd_30639,1.1770735258281673,-1.3173187410530298,0.0902046821581923,0.0889090359696881,1113,True
spike,1229,crowd_30648,2.172429455005606,-1.0849304015278105,2.3261156053628667,1.9916182183933948,146,True
spike,1230,crowd_30652,,,,,12,False
spike,1231,crowd_30660,1.4510263689130467,-0.801775587124241,0.3858938340817008,0.3709057859861978,63,True
spike,1232,crowd_30666,3.1254104496680615,-2.0,1.7043315018795728,1.331988110324885,28,True
spike,1233,crowd_30671,1.0418590570128905,0.4039399517706338,0.4410461376663572,0.3987751617950642,24,True
spike,1234,crowd_30677,1.981168358783271,-1.6045815252194104,0.5344153928772619,0.5017705620488855,96,True
spike,1235,crowd_30681,,,,,18,False
spike,1236,crowd_30682,4.514306358292915,-2.0,2.23263350091657,1.299287697078614,40,True
spike,1237,crowd_30684,4.999999999999999,-2.0,3.829385729014135,2.4735547231120227,21,True
spike,1238,crowd_30688,0.5963165045190019,-0.4575037284866308,0.058497105980156,0.0600768279200827,711,True
spike,1239,crowd_30694,2.0516861805032987,-0.8490536069754361,1.100242308695755,0.9411142769974664,22,True
spike,1240,crowd_30698,,,,,1,False
spike,1241,crowd_30700,0.9449822465708094,-1.2718060609100883,0.2608182686874062,0.2644661258667576,117,True
spike,1242,crowd_30701,0.0504859569412924,-0.6085299645845212,3.6994147904185177,13.938529042607872,32,True
spike,1243,crowd_30705,0.030882182838994,-1.1588969533183389,,,24,True
spike,1244,crowd_30708,1.19900054984157,-0.7288806838977583,0.1790683471594333,0.1732766033380086,237,True
spike,1245,crowd_30713,0.7266320931466828,-1.262573277421506,0.145883937221813,0.1399928584487284,257,True
spike,1246,crowd_30749,0.8237679300666958,-0.5037141656967309,0.043870312840045,0.0467438330804527,1634,True
spike,1247,crowd_30756,0.4533231825847464,-0.5340150270314901,0.055696113846197,0.0557864714647929,612,True
spike,1248,crowd_30772,,,,,11,False
spike,1249,crowd_3079,,,,,6,False
spike,1250,crowd_30820,0.0265101703092171,-1.971689843525576,,,90,True
spike,1251,crowd_30829,0.02180588423558,-1.7183857328259844,3.4116958585953774,5.07344317812231,64,True
spike,1252,crowd_30832,,,,,2,False
spike,1253,crowd_30837,,,,,9,False
spike,1254,crowd_30857,0.4468045785326883,-1.355211568854314,0.1075624207965986,0.1056310489734619,268,True
spike,1255,crowd_30861,,,,,13,False
spike,1256,crowd_30864,1.3826088117024773,0.0316272242222324,0.4965135063091036,0.3838431293335005,38,True
spike,1257,crowd_30869,4.694560023981065,-2.0,8.7162140303359,3.36898376845559,22,True
spike,1258,crowd_30875,1.1640856307377758,-1.3038565719931394,0.3801972797546469,0.3817639604560873,75,True
spike,1259,crowd_30878,0.5800145591422325,-0.5416359829152557,0.2506737724900948,0.1720977139466012,32,True
spike,1260,crowd_30879,0.8482012703635705,-0.9508373571196468,0.0853521954250624,0.0836995461548583,600,True
spike,1261,crowd_30922,,,,,2,False
spike,1262,crowd_30926,,,,,9,False
spike,1263,crowd_30990,,,,,11,False
spike,1264,crowd_31001,1.292418120809272,-0.7565266492156114,0.251558397773524,0.2192643881330683,100,True
spike,1265,crowd_31007,0.9874024889546014,-1.8162797359713263,0.0754689172718439,0.0755380645216073,2031,True
spike,1266,crowd_31018,,,,,14,False
spike,1267,crowd_31019,0.5636950683099626,-1.1038827806565197,0.0332148988508689,0.0377990644960136,2908,True
spike,1268,crowd_31022,0.6183719518615516,-0.99092684404125,0.0746407584687608,0.0837034249319579,683,True
spike,1269,crowd_31024,0.2201678780981526,-2.0,,,22,True
spike,1270,crowd_31038,0.4092820648409649,-0.621530245119022,0.2209980684068085,0.1329201021237933,78,True
spike,1271,crowd_31040,2.7174419577843785,-1.650792218488549,2.4269973053287006,1.5260199592428465,31,True
spike,1272,crowd_31068,0.7154664441958385,-1.1765228526136908,0.1263874262508963,0.1220896948253776,355,True
spike,1273,crowd_3107,0.8142152279288176,0.0027045600259546,0.1387293352268321,0.1443202745939604,125,True
spike,1274,crowd_31070,0.6026521119167395,-1.149667804381497,0.0429020422904158,0.05231506020779,1902,True
spike,1275,crowd_31071,2.249655315676287,-1.8596302249435408,0.755734095975224,0.7458448844396064,105,True
spike,1276,crowd_31074,,,,,1,False
spike,1277,crowd_31083,1.602491721229346,-1.843339255433356,0.7922059428745757,0.7725330842116502,66,True
spike,1278,crowd_31106,4.999999999999999,-1.9412431024172203,6.562488464570088,3.8320268741622407,23,True
spike,1279,crowd_31123,0.7080555926604142,-0.1778169160352969,0.2294659125872717,0.2214571494035302,60,True
spike,1280,crowd_31133,2.4951397775655626,-2.0,0.8414952934484504,0.7680089350389576,61,True
spike,1281,crowd_31140,1.548088391366378,-0.6589294526435401,0.4723320365674164,0.3725189684421601,60,True
spike,1282,crowd_31166,,,,,4,False
spike,1283,crowd_31170,0.3673943757627605,-1.4146355869418588,0.1386273706644055,0.1371612634085675,149,True
spike,1284,crowd_31188,1.1240182741308735,-1.2052108950144775,0.1841744693969083,0.1933751233099539,280,True
spike,1285,crowd_31212,2.791128670576486,-2.0,1.3187224882921873,1.1472609549611903,33,True
spike,1286,crowd_31214,0.6421933217004702,0.1362984005827776,0.2702427501758742,0.314741151068608,30,True
spike,1287,crowd_31218,,,,,15,False
spike,1288,crowd_31219,1.3998621260875677,-1.1954175662033604,0.4050343356476281,0.3458910235314518,140,True
spike,1289,crowd_31234,4.906198928213481,-0.9228866134212872,4.013420196491219,1.41771904782827,50,True
spike,1290,crowd_31236,,,,,5,False
spike,1291,crowd_31242,1.0985871638522329,-1.2137741623479057,0.426539022742127,0.4545139661723666,28,True
spike,1292,crowd_31262,0.3962594277629777,-0.9247582383967208,0.184221834033574,0.2032169240596045,66,True
spike,1293,crowd_31274,0.5717624997347851,-1.1876747051051022,0.3205763035719133,0.4385354109193248,41,True
spike,1294,crowd_31291,1.5813948944415337,-1.1705282509560109,0.7025299239779385,0.6736044177451983,32,True
spike,1295,crowd_31311,1.038341039595897,-1.2379568649936408,0.0696222640194021,0.0860843124348054,1295,True
spike,1296,crowd_31352,0.8367526568424427,-1.0222084086813925,0.0547068593319342,0.0650638217741397,1443,True
spike,1297,crowd_31353,0.0733637564725237,0.1985866582242113,7.075084823107394,30.9988871907909,20,True
spike,1298,crowd_31357,2.630565861114979,-0.3511929128397015,1.7028390778182083,0.9699267523637296,21,True
spike,1299,crowd_31375,,,,,4,False
spike,1300,crowd_31409,2.149084604635985,-1.3662541643634707,1.6664149053021096,1.5980496037462324,20,True
spike,1301,crowd_31454,0.9008756991932432,-1.0113666546834248,0.1966348648547957,0.2444844606898497,108,True
spike,1302,crowd_31465,1.034509313447548,-1.4778463493762202,0.0737912326574364,0.0781046621949116,1857,True
spike,1303,crowd_31485,,,,,12,False
spike,1304,crowd_31486,,,,,1,False
spike,1305,crowd_31503,1.0482559800276383,-1.7840306088238107,0.116086815748423,0.1205449763791011,819,True
spike,1306,crowd_31505,1.1551909131540137,-1.382539730070651,0.1772285492192511,0.1766003091252679,407,True
spike,1307,crowd_31572,0.7489538312175564,-0.7011236312261121,0.1633095560578261,0.1911427751475473,146,True
spike,1308,crowd_31622,,,,,3,False
spike,1309,crowd_31624,0.4605507334240451,-0.5684267597846955,0.0447645160937346,0.0456074515200408,1460,True
spike,1310,crowd_31626,0.5537251092586307,-0.8281879545823139,0.0459535891123015,0.0520872890249942,1597,True
spike,1311,crowd_31660,1.5336335888106427,-0.6454893424623186,0.1982520698118336,0.172227075849105,296,True
spike,1312,crowd_31666,0.309942657118733,-2.0,0.1233259740665733,0.0934425778370919,248,True
spike,1313,crowd_31674,1.1216343216821447,-1.1598593894008988,0.4099321161294341,0.3931337800724833,43,True
spike,1314,crowd_31688,1.525331127673601,0.1076090786434615,0.7132751473764625,0.590864107488418,21,True
spike,1315,crowd_31698,1.1433037041112877,-1.2677648919192928,0.4443683095695008,0.5600448942215518,33,True
spike,1316,crowd_31703,0.5462492112368107,-1.4039826461466525,0.2195461363974928,0.2559431025696168,105,True
spike,1317,crowd_31710,0.8102234488572954,-1.4560175645578632,0.1084604850203427,0.1319429815244622,496,True
spike,1318,crowd_31713,,,,,14,False
spike,1319,crowd_31716,1.381698369577646,-1.9905060118876488,0.9316927449867292,1.2119040817693776,20,True
spike,1320,crowd_31720,3.161551566110104,-2.0,1.733385843423545,1.6353025204129004,41,True
spike,1321,crowd_31721,1.6235788591437177,-1.169345214360913,0.5184354427411457,0.5671038582141912,57,True
spike,1322,crowd_31730,,,,,16,False
spike,1323,crowd_31738,0.8070411231066132,0.0886166907770317,0.3019819702236042,0.3280776225100337,26,True
spike,1324,crowd_31743,,,,,8,False
spike,1325,crowd_31775,0.6144532660892094,-1.325699891520231,0.0410076523484002,0.0424107215799366,2845,True
spike,1326,crowd_31776,,,,,6,False
spike,1327,crowd_31789,,,,,16,False
spike,1328,crowd_31799,0.8333780556250863,-1.1613169151469482,0.1533122756776987,0.1706461317980541,256,True
spike,1329,crowd_3180,0.9596793929534532,-1.013568297354669,0.3249646176585241,0.3072593572410847,50,True
spike,1330,crowd_31809,0.9487144507006288,-0.8725312415804954,0.1695313802458931,0.2139222330626979,166,True
spike,1331,crowd_31817,0.963368188205769,-0.7794046616335526,0.3539259573396924,0.3802807192422736,30,True
spike,1332,crowd_31944,0.693782123747846,-0.7917314760377175,0.1569612246993933,0.1844655814917942,136,True
spike,1333,crowd_31945,0.7131859425635757,-0.5675086412534777,0.0521449866645709,0.0569198786920058,1000,True
spike,1334,crowd_31969,0.8992919889978641,-1.2474147048118744,0.0444907061147742,0.0460782725519915,2685,True
spike,1335,crowd_31979,0.7596297420890902,-1.2054882816930128,0.0978103824889289,0.1081209636882348,655,True
spike,1336,crowd_31999,4.999999999999999,-1.3008208159226466,5.876667643564344,2.3866311087330923,21,True
spike,1337,crowd_32007,1.1594689335319197,-1.3503906044481162,0.3401074645725886,0.3903302557748894,70,True
spike,1338,crowd_32009,0.5646962443767309,-0.8810814373123069,0.0474007009566105,0.0559393563554484,1496,True
spike,1339,crowd_32030,1.0179842064354958,-1.0213228711619633,0.0905932601234683,0.1111725943231253,728,True
spike,1340,crowd_32032,0.5774466372641766,-0.577514414770138,0.1162602022430314,0.1280225755377767,184,True
spike,1341,crowd_32034,,,,,18,False
spike,1342,crowd_32039,0.9489427515434398,0.500175907708041,0.4058506716170323,0.3506832255345159,23,True
spike,1343,crowd_32041,1.578389851880557,0.1456671158873423,0.6642135358563644,0.4653655911391023,30,True
spike,1344,crowd_32046,,,,,3,False
spike,1345,crowd_32050,,,,,2,False
spike,1346,crowd_32052,,,,,4,False
spike,1347,crowd_32053,0.4898729253854182,-1.0495237733817138,0.1039905827783537,0.1032031212664492,321,True
spike,1348,crowd_32058,0.9504414300588928,-0.7308282219087433,0.1827227673277688,0.2224733351477444,140,True
spike,1349,crowd_32086,0.7721319108843768,-1.695902147475912,0.5431201836609671,0.5399514177512791,42,True
spike,1350,crowd_32114,,,,,7,False
spike,1351,crowd_32169,,,,,16,False
spike,1352,crowd_32189,0.6486684437276826,-1.14211649894632,0.1704684356448905,0.1748607396990288,205,True
spike,1353,crowd_32208,2.99487811580509,-2.0,1.9567707567722397,1.533655852510093,39,True
spike,1354,crowd_32212,1.0008827224975692,-1.4502200993759444,0.1314513467810481,0.1478019072424187,417,True
spike,1355,crowd_32377,0.3957065769838844,-0.4363805160675238,0.1431949132088697,0.1120663676840466,167,True
spike,1356,crowd_32380,1.250807847146438,-0.8498627277838319,0.1681357445392879,0.1990294210368953,274,True
spike,1357,crowd_32404,0.5492569158354564,-0.9287807945169526,0.0471883718089802,0.0507347528205029,1691,True
spike,1358,crowd_32419,0.5486136902987011,-0.7647772045562958,0.161789973159492,0.1871476217178385,134,True
spike,1359,crowd_32447,1.0864337293836193,-1.1267279537142127,0.1885670044201816,0.198109670160152,173,True
spike,1360,crowd_32449,0.5238566269391823,-0.2428839398522812,0.1574548530907071,0.1849564937030196,60,True
spike,1361,crowd_32452,,,,,15,False
spike,1362,crowd_32474,2.3537051280561565,-2.0,1.753164335166395,2.03692027405174,30,True
spike,1363,crowd_32478,4.999999999999999,-1.2229085777915705,3.1261649869812707,1.730858114225278,24,True
spike,1364,crowd_32718,0.1563677166430274,-2.0,0.1886030453880637,0.1703908102413691,99,True
spike,1365,crowd_3280,,,,,12,False
spike,1366,crowd_3311,0.954138086714271,-0.4163962285801295,0.0676773361022762,0.0626187838194468,821,True
spike,1367,crowd_3336,0.6011155989523166,-0.3285356232523012,0.0562696007808995,0.048530118545429,939,True
spike,1368,crowd_33412,1.334367205250643,-0.0349764601962274,0.2239220563335822,0.1907742774006605,132,True
spike,1369,crowd_33569,0.8625208497536666,-0.6173337846380088,0.0524542683044394,0.0547872687225984,1252,True
spike,1370,crowd_33879,,,,,16,False
spike,1371,crowd_33940,0.5031247827679468,-0.4664025939664066,0.0457654137243365,0.0460225044514817,1027,True
spike,1372,crowd_33994,0.9225051700534476,-0.7779346783841956,0.1015785164622698,0.0958558932561868,442,True
spike,1373,crowd_34060,1.0059786730149558,-0.4527597471911073,0.2208978404521053,0.2525352244453582,70,True
spike,1374,crowd_34088,1.4722604334172975,-1.3832284767152552,0.319427679520174,0.3003666151084095,144,True
spike,1375,crowd_34095,1.0448006615570136,-0.5652757348788062,0.1767518486127388,0.1882910073399118,145,True
spike,1376,crowd_34103,2.5567903829240413,-2.0,0.838309827608552,0.7318840263937719,98,True
spike,1377,crowd_34113,0.5890293231335921,0.5240148365066637,0.1904582037159103,0.186312727678273,53,True
spike,1378,crowd_34131,0.7702172243558408,-0.909718510919147,0.1382792380727017,0.1411216579725903,199,True
spike,1379,crowd_34171,,,,,6,False
spike,1380,crowd_342,,,,,2,False
spike,1381,crowd_34206,0.796230881002027,-0.9226980284284676,0.2067869882281441,0.2194499646945625,68,True
spike,1382,crowd_34215,4.999999999999999,1.628389136378883,2.82848752693231,1.720243465154773,21,True
spike,1383,crowd_34240,2.418232828355088,0.6600868344912404,1.4088718664198865,0.7418037615286399,24,True
spike,1384,crowd_34241,4.999999999999999,-2.0,2.0132173067368564,1.1484092527257537,50,True
spike,1385,crowd_34267,0.8286227904629637,0.0741819795298466,0.0953909241289307,0.1006669178708235,302,True
spike,1386,crowd_34319,0.8705844754983723,-1.0537397251791203,0.0683637008640875,0.0635459499632886,1138,True
spike,1387,crowd_34339,,,,,15,False
spike,1388,crowd_34343,1.1180454003684477,-1.632231726512969,0.101328517630934,0.0935832630759683,1247,True
spike,1389,crowd_3435,0.6849700058756968,-0.5695126665872302,0.0758067522752208,0.0752394251329217,496,True
spike,1390,crowd_34441,0.4251433477119081,-0.0686498357394834,0.1572070633586756,0.1678927194864602,52,True
spike,1391,crowd_34543,0.6880657486575901,-0.4146323013052615,0.1999705996530618,0.2611916460868253,57,True
spike,1392,crowd_34568,1.0346353671182311,-0.6929691629005326,0.0695232465312356,0.0755972397704934,893,True
spike,1393,crowd_34663,0.8351461402916786,0.2157726771160726,0.2122863665107886,0.2403075557323111,53,True
spike,1394,crowd_34676,0.3878915791196406,-0.3440900674519239,0.0202710355693772,0.0201695974948294,4577,True
spike,1395,crowd_34693,0.5799989246641211,-0.4129887618802107,0.022111543597211,0.0223576048624929,4853,True
spike,1396,crowd_34699,0.5342965781340885,-0.1354601790096282,0.1604455890577306,0.1561107040618531,80,True
spike,1397,crowd_34813,,,,,18,False
spike,1398,crowd_34835,1.085284220293793,-0.9726345962368128,0.1550809471473428,0.1583302746360568,223,True
spike,1399,crowd_34845,1.3218587685853225,0.1748851873821809,0.3788014247300232,0.2924839665083147,55,True
spike,1400,crowd_34855,1.1076586819780136,-1.012920772617962,0.1188861017966381,0.1273169888512458,397,True
spike,1401,crowd_34859,1.7620877122000342,-0.581316196877791,0.7263339189742144,0.5024829504911328,36,True
spike,1402,crowd_34949,0.703004893454102,-0.8957308952498667,0.1075270345321258,0.1009899940304478,342,True
spike,1403,crowd_35038,0.9967541224548562,-0.7732199848432222,0.0950751943029241,0.0896984817689649,588,True
spike,1404,crowd_35194,0.7909145841553776,-0.6534599796058009,0.2866405997560574,0.3335324722645892,31,True
spike,1405,crowd_35423,0.696238371724061,-2.0,0.15054487363083,0.1368874479227412,366,True
spike,1406,crowd_35444,0.9996602628527036,-0.6249450325418165,0.0511296582068497,0.052896078130942,1619,True
spike,1407,crowd_35485,,,,,6,False
spike,1408,crowd_35527,0.5498401746332541,-2.0,0.2348286040229778,0.1694778366887868,292,True
spike,1409,crowd_35592,0.8488304417965264,0.1544562253496869,0.1045013068943667,0.1108892792072709,238,True
spike,1410,crowd_35622,0.754344444129079,-0.4102180550702328,0.1127974004924885,0.1113225555392057,363,True
spike,1411,crowd_35655,2.2004099064728866,-2.0,0.8372562658685204,0.7749011995549819,30,True
spike,1412,crowd_35723,0.90341951258274,-2.0,0.0655235419174543,0.0604625980792049,3701,True
spike,1413,crowd_35735,1.113225991198646,-2.0,0.0883670265943641,0.0933904046314722,1339,True
spike,1414,crowd_35931,0.0716286579221598,-0.4489091475327594,6.471940881611537,28.615172840596824,25,True
spike,1415,crowd_35946,0.1280973917901479,-0.6053422555484906,0.0640803519295916,0.0772694741488513,69,True
spike,1416,crowd_36025,1.4802445889789402,-1.723231382759685,0.1501319186682521,0.1431000170904525,773,True
spike,1417,crowd_36547,0.4822918015844042,0.3265052372157974,0.1248016862184074,0.1576704318007329,63,True
spike,1418,crowd_36647,1.0696766746583908,-0.2839047210907835,0.0980090435748731,0.0949572769676001,391,True
spike,1419,crowd_36682,1.1789464665552472,-0.5330632270623602,0.5311478869426058,0.4160974864987222,20,True
spike,1420,crowd_36697,,,,,18,False
spike,1421,crowd_36806,0.7507170120510124,-0.5958980208234889,0.1889404573046369,0.186576347334631,61,True
spike,1422,crowd_36837,0.7460365230563736,-0.0651209908738437,0.1410964207853971,0.1450788756605385,109,True
spike,1423,crowd_36844,1.493273783893043,-0.635108419326172,0.2008529490679609,0.1805836705151322,228,True
spike,1424,crowd_36920,0.4710674562535217,0.6141777502357896,0.2447566436591232,0.2021772058514074,59,True
spike,1425,crowd_3695,0.9390612615934976,-0.1072862124792713,0.2743651285400694,0.2806139545465015,48,True
spike,1426,crowd_36985,0.4705316445304239,-0.5652802385415393,0.2369288198356253,0.1895802498163071,59,True
spike,1427,crowd_37082,4.865540920741697,-2.0,2.141476631674894,1.1123184913852664,63,True
spike,1428,crowd_37217,2.1614690085709967,1.6250424280703373,1.1455917407633744,0.7739936220206755,29,True
spike,1429,crowd_37790,2.3964321402148134,-0.7186600960499994,1.104304173696078,0.564777515842536,40,True
spike,1430,crowd_37800,1.7354225140277844,0.2932359662371395,0.2721230986125054,0.186987808555412,193,True
spike,1431,crowd_37878,1.0124509507928945,0.0786670378609747,0.1773050055720391,0.1799890943980883,100,True
spike,1432,crowd_37882,1.399683081215911,0.064588805028197,0.3907624695383855,0.3075714652194806,50,True
spike,1433,crowd_37906,2.0525258290492383,-0.7047864818099117,0.3672348477568508,0.259791108952604,197,True
spike,1434,crowd_37917,1.0669639640256383,0.3761463681986351,0.1753931739205271,0.1707238619595847,120,True
spike,1435,crowd_38012,0.3825282040481966,-2.0,0.1312113236471247,0.1150664269624982,1093,True
spike,1436,crowd_38023,2.5319724855598693,-2.0,1.6478789393397588,1.6418728241563345,33,True
spike,1437,crowd_38105,1.3478256743645471,-1.639904558570236,0.1792477233609968,0.1775160837151884,444,True
spike,1438,crowd_38208,,,,,10,False
spike,1439,crowd_38220,0.5893301042847656,0.0692871450966484,0.1834199693120876,0.181275358803675,51,True
spike,1440,crowd_38246,1.211547797914795,-0.7157110535718687,0.1290893762523156,0.1092941988889242,417,True
spike,1441,crowd_38274,1.096150994220113,-0.4058277999229298,0.2684317012406177,0.3112268263762405,50,True
spike,1442,crowd_38367,0.6843404708967171,-0.1941486023644491,0.1264075962635648,0.1266434036829531,135,True
spike,1443,crowd_384,,,,,5,False
spike,1444,crowd_38678,,,,,3,False
spike,1445,crowd_38786,1.0126689527795254,-0.8974447556969201,0.1687031591444476,0.1599168904743191,165,True
spike,1446,crowd_39074,0.6127562240410418,-0.6864692816315082,0.1606316282509345,0.1966037504137998,105,True
spike,1447,crowd_39130,1.4070726391138844,0.1818163594461501,0.4077136294675839,0.3425904326705656,43,True
spike,1448,crowd_39212,0.5505818207780707,-2.0,0.1230935143057835,0.0934595507532471,591,True
spike,1449,crowd_39273,0.6848409427069685,-0.3813217025071209,0.0740540961676945,0.0793918597020744,450,True
spike,1450,crowd_39441,0.3467224503294147,0.2141060404940069,0.1552097191319716,0.1562449084969764,73,True
spike,1451,crowd_39463,,,,,17,False
spike,1452,crowd_39720,0.6560080199095932,-0.6361148365774228,0.1824823430081586,0.213069482193929,50,True
spike,1453,crowd_39747,1.5806856233731934,1.6987942906424902,0.5724931041659974,0.526292985078571,54,True
spike,1454,crowd_39767,0.8086490154418948,-0.2980219553680259,0.1528006338755952,0.1748516304360345,100,True
spike,1455,crowd_3980,0.4576951322791956,-0.2539050371476152,0.0167850990646802,0.0177130888701135,5471,True
spike,1456,crowd_39900,0.8356306206584206,0.0791107897014256,0.1201971996322528,0.1087020457333414,262,True
spike,1457,crowd_39970,0.4665097553238131,-0.6511770981705355,0.1229874318042934,0.1120986968233082,142,True
spike,1458,crowd_40118,0.5504153226599273,-1.0226451052530356,0.2113468284143259,0.1621932266303358,62,True
spike,1459,crowd_40141,1.4131157551934168,-0.5389887123427671,0.1587061155704912,0.1425585833306472,361,True
spike,1460,crowd_40216,2.172205173255802,-0.3805204301608814,1.1782975078193827,0.7087155719708843,20,True
spike,1461,crowd_40222,1.7420494420298371,-0.1670102964461228,0.2498660929469253,0.1744935633406596,249,True
spike,1462,crowd_40233,,,,,16,False
spike,1463,crowd_40274,0.7127420318285613,-0.6246545998780514,0.2315443238595181,0.2333714869079144,38,True
spike,1464,crowd_40452,1.0839702344365223,-0.7863743468874917,0.245630312917205,0.182674784246158,124,True
spike,1465,crowd_40528,0.5577451910093546,0.090447547307168,0.0262278587238016,0.0276252377373239,2769,True
spike,1466,crowd_40781,1.6512796480572858,-0.233004392155431,0.246379675155787,0.1919331373703472,196,True
spike,1467,crowd_40784,1.3832106053132984,-2.0,0.4100997371465706,0.3482547113922337,98,True
spike,1468,crowd_40819,0.7975842679254149,-0.2630853278047781,0.0798611173674177,0.0819141157270881,392,True
spike,1469,crowd_40857,0.763050380792902,-0.5846522624604558,0.1427149355104863,0.1405591223255416,144,True
spike,1470,crowd_40861,3.7799846743188423,0.0274703129361003,2.9750529361662177,1.09906547368589,24,True
spike,1471,crowd_40865,3.1260377719004313,2.0,1.5614788945770577,0.9475333031012164,26,True
spike,1472,crowd_40868,1.4509956053578494,0.3434953046427375,0.6213085535117729,0.464601940170966,25,True
spike,1473,crowd_40927,1.015947586762894,-1.2091601068700375,0.1182329632657677,0.1076157683516961,559,True
spike,1474,crowd_40948,1.0041970499097737,-0.7476534247622459,0.1187843686816835,0.119189622375461,327,True
spike,1475,crowd_40958,,,,,4,False
spike,1476,crowd_40989,1.0311904145847794,-0.5003979713975134,0.3508038665517628,0.3618565368625789,34,True
spike,1477,crowd_41013,1.9916309807223216,-2.0,0.1366456201148383,0.1332438195159092,962,True
spike,1478,crowd_41061,1.530708890021511,-0.8573258134770451,0.5110938678633076,0.3933183072786121,50,True
spike,1479,crowd_41082,2.2022240483640547,-1.1159790767597244,0.7795577690500716,0.4595532450011477,65,True
spike,1480,crowd_41104,0.991996892906394,-0.1788430795025785,0.1474059010826887,0.1552310723643166,135,True
spike,1481,crowd_41127,1.067916305410048,-1.0440255643046303,0.2991216600423325,0.2412819131467731,88,True
spike,1482,crowd_41184,1.8191589879402632,-0.4905964139257831,0.4739061562805719,0.3583980898424033,75,True
spike,1483,crowd_41196,0.0268379209835064,0.6736326241363981,1.963861884303592,4.087131189494229,32,True
spike,1484,crowd_41210,3.265079853418128,-2.0,0.6054412784396638,0.4688559938663594,147,True
spike,1485,crowd_41221,0.6553765668476569,-0.4871057321254484,0.2343312017219893,0.2792059945632306,34,True
spike,1486,crowd_41232,1.945343452505618,-2.0,0.4250918483813493,0.4492885801510181,222,True
spike,1487,crowd_41239,0.7809319992173046,0.0834961887552797,0.2102352978003315,0.227190315318548,53,True
spike,1488,crowd_41281,1.5846091987110944,-1.086327495129107,0.2612473445864505,0.2514623640108321,193,True
spike,1489,crowd_41318,0.3925488503148343,0.2049795015829293,0.1323449921909845,0.1676925611309059,50,True
spike,1490,crowd_41355,3.938784124768567,-0.6095561289572442,1.1194786514951605,0.4262165408767228,214,True
spike,1491,crowd_41372,,,,,2,False
spike,1492,crowd_41375,2.1580035706496647,-2.0,0.5173560629264679,0.507682522591061,83,True
spike,1493,crowd_41377,0.4287998343105922,-2.0,0.2726239831953744,0.2494312876774408,783,True
spike,1494,crowd_41415,1.5824017232516243,-0.8176523343796549,0.5195145056161611,0.4709847505915509,41,True
spike,1495,crowd_41457,0.6787426356695937,-0.3917321135812727,0.2541358316146438,0.2420871226238281,44,True
spike,1496,crowd_41462,2.753838417444084,-1.5360614335655405,2.045491406448562,1.6094882388560705,28,True
spike,1497,crowd_41500,0.7376007380950151,-0.5934100917059005,0.210247707458361,0.2304975228164245,73,True
spike,1498,crowd_41501,1.0211707332564126,-0.5786426940401066,0.1473362316038412,0.144237336111134,199,True
spike,1499,crowd_41516,1.5626283765719828,-2.0,0.3797522609599583,0.4287768019588429,149,True
spike,1500,crowd_41518,1.145574180170717,-1.7767086343600915,0.2902433901059281,0.2537216595948043,214,True
spike,1501,crowd_41590,2.355118657722137,-1.502624879190582,0.5183778397181923,0.4257875412673166,186,True
spike,1502,crowd_41729,0.8717612269038822,0.1442116203811234,0.1889137505885111,0.2133558415959891,65,True
spike,1503,crowd_41802,1.3404045374689877,-0.6711953635552363,0.4285103317053401,0.3361095152557561,42,True
spike,1504,crowd_41837,4.999999999999999,-0.5417200895101042,3.1807967093244605,1.541459738884627,20,True
spike,1505,crowd_41850,1.5707277069930756,-1.857678016214588,0.1558271540725819,0.156878212713788,842,True
spike,1506,crowd_41928,0.741884245540449,-0.3561074760840862,0.1505029409789647,0.1391659541483088,140,True
spike,1507,crowd_42054,0.661924840818589,-0.3293777972636768,0.1119317548402609,0.1171834558775976,152,True
spike,1508,crowd_42077,0.7097277699526942,-0.4818956603517983,0.1235039271979008,0.1308138932339217,133,True
spike,1509,crowd_42161,0.02,0.6685690957904173,0.0255598070149971,0.0296448739652057,20,True
spike,1510,crowd_42254,0.543188387491512,-0.8889083563463137,0.0628944008150418,0.0594244652808552,546,True
spike,1511,crowd_42266,0.7371351983347396,-0.1354393430102833,0.0398376843067132,0.0399620222358749,1744,True
spike,1512,crowd_42270,0.3639228526246046,-1.2227388904837329,0.126025200585426,0.1154434853496413,61,True
spike,1513,crowd_42273,0.7504718194922093,-0.4060378886601875,0.1230066386675236,0.1203381477832696,174,True
spike,1514,crowd_42286,1.5145319868884075,-0.6600461647610152,0.4309126126075789,0.3502164030776916,51,True
spike,1515,crowd_42360,,,,,5,False
spike,1516,crowd_42392,0.9145601649379416,-0.0456391419435635,0.4459840903895931,0.3833323605972308,32,True
spike,1517,crowd_42427,0.6255001718165064,-0.4270367287449162,0.1235834423070268,0.1092374285323513,207,True
spike,1518,crowd_42444,1.872524014627635,-1.6843498033203834,0.3763493406456753,0.3325437835518348,190,True
spike,1519,crowd_42551,,,,,12,False
spike,1520,crowd_42577,1.2347115944742846,-0.0653077191319713,0.1803620940522071,0.1580819475003439,165,True
spike,1521,crowd_42578,0.7684119604296243,-0.0927181984887804,0.2272455889376986,0.196352090700052,76,True
spike,1522,crowd_42631,0.4829488441511237,0.0099403927491499,0.0208643638292368,0.0217348586145084,4054,True
spike,1523,crowd_42672,1.2539372517197724,-0.6508402023721036,0.1362246641496539,0.1147575994598518,358,True
spike,1524,crowd_42693,0.9976310018439276,-0.2817593642728013,0.1352360650903932,0.1463779585556536,181,True
spike,1525,crowd_4271,0.917047341947614,-0.4305554366124168,0.0822333278007803,0.0813850176835272,576,True
spike,1526,crowd_42766,2.174922356142231,0.0437037745903132,0.6348271087194316,0.3820686510442576,74,True
spike,1527,crowd_42795,0.7540012469381816,-0.0885798429084485,0.0750054358996925,0.0797242714098475,376,True
spike,1528,crowd_42817,0.4399463980778357,-0.098572809559642,0.2806920329228849,0.2962448620195276,26,True
spike,1529,crowd_42851,1.153248412510048,0.141170562446035,0.0573484810059639,0.0528135314484074,1335,True
spike,1530,crowd_42880,1.351378472746427,-0.6674582425927745,0.2828116402283665,0.2330246309835159,94,True
spike,1531,crowd_42924,1.464482391861498,-0.1492332912252098,0.5450806432703343,0.440062244392926,27,True
spike,1532,crowd_42953,,,,,3,False
spike,1533,crowd_42958,1.789867585625969,-0.4563162801564241,0.4683017578353617,0.3156235438323007,80,True
spike,1534,crowd_42964,1.163346665745195,-0.1171804764846878,0.2570491652452955,0.2219900968760755,83,True
spike,1535,crowd_42971,1.2267047875986443,-0.4972162096905734,0.2186574418208259,0.1530870440584242,186,True
spike,1536,crowd_42972,4.423639018505403,-1.40562421986569,2.022362340942318,0.8785542990869838,112,True
spike,1537,crowd_42973,1.4203221888053998,-0.3158012207310716,0.2405025127894444,0.2071899151184385,120,True
spike,1538,crowd_42978,1.1619438046883892,0.1253406385642508,0.181155029149375,0.1754630478856478,130,True
spike,1539,crowd_42980,1.5414882164485244,0.1640004196604887,0.2808913463663146,0.2230819638563549,114,True
spike,1540,crowd_43005,1.0927183044275433,-0.5933849050972669,0.0733435223432256,0.0637921841469596,1009,True
spike,1541,crowd_43096,0.946994115922526,-2.0,0.1114569818637161,0.0828673092491385,1158,True
spike,1542,crowd_43116,1.0563259737773958,-0.5320340810531197,0.2162937080017756,0.1765666379407482,120,True
spike,1543,crowd_43157,,,,,4,False
spike,1544,crowd_43338,0.6287464897935298,-0.0728387355634342,0.0480025605536836,0.0484871068736946,955,True
spike,1545,crowd_43371,0.9311703239385668,0.1905883349451068,0.1608223072887319,0.162556952703689,110,True
spike,1546,crowd_43395,1.1185195750651842,-0.5052324235688304,0.2257144425466342,0.1962156994839624,103,True
spike,1547,crowd_43420,1.1422124555155384,-0.2481743642649347,0.148880011642814,0.1337721710985148,210,True
spike,1548,crowd_43523,1.3837190590298052,-0.4586339775594026,0.1439655332437133,0.1178284422272553,373,True
spike,1549,crowd_43566,0.7276846701397268,0.0833057507396507,0.0857927304830366,0.0856950507797157,347,True
spike,1550,crowd_43634,1.224490735086168,-0.0359849972604659,0.1716836909969757,0.155891501564334,171,True
spike,1551,crowd_43705,1.1695933382793906,-0.1477236545926503,0.0723016697148691,0.0662806436575113,882,True
spike,1552,crowd_43771,0.9977997159761374,-0.4289049441563685,0.237932475645568,0.2359604984844163,62,True
spike,1553,crowd_43850,0.8791257524880707,-0.1975782554603744,0.0803730830094716,0.0834413333635826,413,True
spike,1554,crowd_43851,0.8081771370578257,-0.2792786088397074,0.1283562547903091,0.1202660730694662,191,True
spike,1555,crowd_43965,1.2606762486396232,0.5964411337608292,0.1607343556746063,0.136136173456697,248,True
spike,1556,crowd_43966,1.7503080374006077,-0.3977904561891649,0.504287230757251,0.348399681058583,60,True
spike,1557,crowd_44021,,,,,6,False
spike,1558,crowd_44047,1.4759853412373152,0.0830947291059659,0.4500547668680158,0.3574463838862564,45,True
spike,1559,crowd_44073,1.1677650465513625,-0.1300663240039316,0.2673648771110202,0.2666883213745643,60,True
spike,1560,crowd_44114,0.6591571643051055,-0.3762472381537053,0.1019748219894829,0.0935465669451565,272,True
spike,1561,crowd_44117,0.5721263353784736,-0.1195896670425376,0.0416394086184807,0.0434613458878801,971,True
spike,1562,crowd_44131,1.092995164389294,-1.043404799288943,0.1609751221995946,0.1421286203081969,253,True
spike,1563,crowd_44152,,,,,5,False
spike,1564,crowd_44164,0.5621648250192748,-0.1655479252041093,0.0269631840703377,0.0271495585190329,3086,True
spike,1565,crowd_44181,0.5761977735004765,0.3084415147035697,0.0519554207272203,0.0564346220930334,594,True
spike,1566,crowd_44189,,,,,16,False
spike,1567,crowd_44192,0.737735520514491,-0.6634921822318774,0.2217926542423584,0.1575668995647361,93,True
spike,1568,crowd_44200,0.5602300723373789,-0.2505233296553572,0.1205491943313127,0.0746045395393728,397,True
spike,1569,crowd_44252,0.783843246222729,0.0215985537106524,0.0272580162841832,0.0289516038779644,3057,True
spike,1570,crowd_44264,0.9892803840389882,-0.2924369795791206,0.078564083284286,0.084133081823866,552,True
spike,1571,crowd_44284,3.1961567678235916,-1.7034422321647256,1.2094466042467196,0.7671273252582494,94,True
spike,1572,crowd_44367,0.928896387692849,-0.8550959656814664,0.2672281215559586,0.2887517971582498,41,True
spike,1573,crowd_44374,0.6676319424812261,-0.8670249071495988,0.1496284957966318,0.1315205808583358,110,True
spike,1574,crowd_44441,0.9643203799747844,-0.2683781453377235,0.0806885141507778,0.0775893355554741,515,True
spike,1575,crowd_44442,0.9773497916374244,-0.5361174097943595,0.3126631355863015,0.2976205132262143,34,True
spike,1576,crowd_44448,,,,,7,False
spike,1577,crowd_44512,1.128253799201487,-0.6975751249069447,0.1809003304183688,0.1622412598338853,146,True
spike,1578,crowd_44529,1.0154652078862032,-0.9667664562652794,0.0438539409388589,0.0472347768076652,2341,True
spike,1579,crowd_44531,1.748883943640089,0.2790533822991292,0.4761227728882407,0.2995256929234929,80,True
spike,1580,crowd_44582,0.4469221809336369,-0.97676876182572,0.1635776138187772,0.1720410286297395,48,True
spike,1581,crowd_44617,1.3633076685465155,0.1152569724270841,0.1721258940554522,0.1421250386213002,236,True
spike,1582,crowd_44652,0.9508979597257096,-0.2239166263274185,0.0863972854245343,0.0816389468197788,472,True
spike,1583,crowd_44663,2.4252417240959274,0.5337150400406843,1.008767233566689,0.5409174354626808,50,True
spike,1584,crowd_44666,1.0580693390965776,-0.5670742050039529,0.1067380670526157,0.0997693824728547,394,True
spike,1585,crowd_44693,,,,,4,False
spike,1586,crowd_44700,0.7357493371514842,-0.3600582913588881,0.0663751818926347,0.0663270853657209,602,True
spike,1587,crowd_44738,0.9771247793671048,-0.3508647526262826,0.0868916198186307,0.0831410749044652,468,True
spike,1588,crowd_44761,0.81503666601125,-0.3094117618273899,0.0541062152594063,0.0546823778538477,909,True
spike,1589,crowd_44763,,,,,1,False
spike,1590,crowd_44784,,,,,10,False
spike,1591,crowd_44799,0.5707888958757208,-0.6010805216410766,0.1636354767769708,0.1499825604404084,72,True
spike,1592,crowd_44835,1.2966984326127151,-0.2103181294783355,0.2380891549672742,0.2035812205024387,105,True
spike,1593,crowd_44839,2.362627537837018,-1.5253766394898067,1.4258508928876112,1.1338422454050532,27,True
spike,1594,crowd_44856,,,,,10,False
spike,1595,crowd_44859,,,,,6,False
spike,1596,crowd_44862,1.1188928214754696,-0.4780178929427764,0.3430700075725311,0.2787853143642113,47,True
spike,1597,crowd_44892,,,,,13,False
spike,1598,crowd_44934,0.7499210960813943,-0.5520440089536691,0.1736843012820531,0.1705023858146215,74,True
spike,1599,crowd_44937,,,,,7,False
spike,1600,crowd_44957,0.832100692630877,-0.2661075306318248,0.0558793516115334,0.05772337968659,819,True
spike,1601,crowd_44961,1.2711576169846168,-0.6053445189973289,0.3015058093617995,0.2381325871238334,87,True
spike,1602,crowd_44971,4.999999999999999,-0.7922263812027523,1.6488028474555398,0.8487427227212048,69,True
spike,1603,crowd_44981,,,,,17,False
spike,1604,crowd_45006,3.4339515382363506,-0.9002367874941453,2.352848738033836,1.1496553513176189,29,True
spike,1605,crowd_45036,0.795643641250621,-0.0333375426588568,0.0508037401536088,0.0525700370771535,942,True
spike,1606,crowd_45043,0.2511290869646606,-0.7112226814871138,0.1548855712254699,0.1648926989472564,31,True
spike,1607,crowd_45056,1.0180289815179604,-0.64621591731866,0.2274678070290795,0.2197561422686012,72,True
spike,1608,crowd_45063,,,,,7,False
spike,1609,crowd_45078,1.2980766444856524,-0.5474201116136104,0.1422479676281772,0.1276971603522198,310,True
spike,1610,crowd_45079,4.2260306898909175,-2.0,2.2451057568892803,1.0780172582408134,30,True
spike,1611,crowd_45098,0.7798516099370794,-1.0118540505725526,0.2173168306919461,0.1995205017668345,60,True
spike,1612,crowd_45142,3.0550443209501323,0.8379117509401305,2.207983407367543,0.9178378326924684,26,True
spike,1613,crowd_45154,0.6258655205724127,-0.5388326727634813,0.1457605174030524,0.146619160085414,119,True
spike,1614,crowd_45163,0.9936162976066448,-0.4198695042094683,0.2187828432771114,0.2173413596127094,83,True
spike,1615,crowd_45167,,,,,2,False
spike,1616,crowd_45168,3.4184201686838924,-2.0,1.3161636800538157,0.9007371233665532,70,True
spike,1617,crowd_45252,,,,,15,False
spike,1618,crowd_45254,1.979419137222994,-2.0,0.2126837107452113,0.2031539872943774,563,True
spike,1619,crowd_45290,1.0314627971465085,-0.4205463156532304,0.1673160626218861,0.1543925463119115,144,True
spike,1620,crowd_453,1.2128333772655588,-0.9651548903397869,0.0398097242594296,0.040300058248577,4530,True
spike,1621,crowd_45368,0.7611709646735793,0.0349296141963994,0.0449865899930688,0.0459393419628191,1193,True
spike,1622,crowd_45422,1.387449350761061,1.2846316494793035,0.631121532875521,0.487524289017298,27,True
spike,1623,crowd_45470,,,,,13,False
spike,1624,crowd_45515,2.246729203180548,-0.9784326960700996,0.6042521451684766,0.3827715586681274,103,True
spike,1625,crowd_45529,1.5560827647805549,0.1853728368493162,0.5160250185125642,0.372855478398102,39,True
spike,1626,crowd_45605,0.896962561533564,-0.3466376299918381,0.053702246559724,0.0537772281787243,1033,True
spike,1627,crowd_45607,,,,,10,False
spike,1628,crowd_45782,2.5642089632062626,-0.4455919159479278,1.2942742631859212,0.6520066954802193,35,True
spike,1629,crowd_45789,2.2778410030779535,-0.4872568328943844,1.1350829715161077,0.6357126192803195,26,True
spike,1630,crowd_45791,0.8680051195220646,-0.3681221309023012,0.1307591326276962,0.1208612931723634,210,True
spike,1631,crowd_45825,0.7464293265993964,0.3818862285796462,0.3197198448624436,0.3105698766502265,25,True
spike,1632,crowd_45834,0.8149856018225246,-0.58541263421451,0.1466801056205468,0.1686273812645752,100,True
spike,1633,crowd_45870,1.2665813829066137,-0.336995933413983,0.1703209496383976,0.1387773122112277,210,True
spike,1634,crowd_45880,0.7220015807387234,-0.385115494441406,0.1318440972969176,0.1172937158427665,196,True
spike,1635,crowd_45885,0.6030440860909448,-0.3279840496111988,0.0685017517712777,0.0703089226822972,429,True
spike,1636,crowd_45901,1.0145805274497943,0.0302071562356883,0.1696145167294514,0.1538982302690695,130,True
spike,1637,crowd_45908,1.6214542215160306,-0.7764314564294474,0.1755995233378001,0.1397088164546868,384,True
spike,1638,crowd_45916,1.3154994714085106,-0.2039087207491878,0.2362281364529864,0.1966500052357315,116,True
spike,1639,crowd_45931,0.9055812842625286,-0.0645756524476701,0.1476372714835649,0.1475711681481158,140,True
spike,1640,crowd_45976,0.4240275293369075,0.2276687114282049,0.0815148953560245,0.0771924236095992,297,True
spike,1641,crowd_46022,2.7285106618703336,0.1882312700796325,0.907121318294611,0.4288716744878894,78,True
spike,1642,crowd_46028,0.1253843354427463,-0.6779026696119084,11.43041743630303,55.22729671653889,26,True
spike,1643,crowd_46042,0.8144182187818817,0.2196824251358464,0.0462716700649253,0.048686916289338,1166,True
spike,1644,crowd_46044,0.4397144272886628,-0.0484102313965867,0.1077809705996716,0.1139184171381581,100,True
spike,1645,crowd_46076,0.8554497600837815,-0.8191507232785159,0.3610607587960663,0.3256369373103351,20,True
spike,1646,crowd_46115,1.9783327185143136,-1.3173169725089464,0.9230779298461894,0.6429851319489743,35,True
spike,1647,crowd_46133,0.7408843152494197,-0.1518783114380784,0.1473297714934505,0.1474829509569298,101,True
spike,1648,crowd_46247,1.0883837390924285,0.5640171793021702,0.2771049718694517,0.2760321678125743,50,True
spike,1649,crowd_46261,1.0119886208258844,-0.5435825582397206,0.0453906655074577,0.0461792690488252,1915,True
spike,1650,crowd_46300,,,,,10,False
spike,1651,crowd_46308,2.151421050147707,0.1323294928114785,1.002775245939599,0.5471034604001566,31,True
spike,1652,crowd_46321,0.5225145137312087,-0.0218753319508202,0.0546813082880727,0.0549407313740856,590,True
spike,1653,crowd_46375,0.7360757527977446,-0.1129239583182965,0.0551409262346661,0.0542656668244528,839,True
spike,1654,crowd_46403,1.5838332306202096,-2.0,0.2652347197166866,0.2192205026034263,374,True
spike,1655,crowd_46447,0.320723146543275,0.0257490283353256,0.1618317966245169,0.1605909821012634,50,True
spike,1656,crowd_46493,,,,,6,False
spike,1657,crowd_46558,0.7650575964090331,-0.2601033635909403,0.0862743917015495,0.0905642088050378,348,True
spike,1658,crowd_46591,,,,,9,False
spike,1659,crowd_46614,0.4985057977180659,-0.0090518086904551,0.077854610780565,0.0770584290829745,260,True
spike,1660,crowd_46664,0.918037319123966,0.3407602483653357,0.1034370320076916,0.1021986025398548,276,True
spike,1661,crowd_46665,1.0439661051832247,-0.4352202052480066,0.3642132552171044,0.4250453929275029,29,True
spike,1662,crowd_46681,0.7628644451350147,-0.182634630976085,0.1947980196466396,0.1704796448484714,95,True
spike,1663,crowd_46701,3.302718500615195,0.3837576599847025,1.4344057713280047,0.597084969195989,61,True
spike,1664,crowd_46734,,,,,1,False
spike,1665,crowd_46777,,,,,6,False
spike,1666,crowd_46787,1.6299654032704802,-0.7473575965995475,0.4203154388019983,0.3045318976847035,75,True
spike,1667,crowd_46795,1.0444087976943872,-0.5586492325658123,0.288655476976543,0.2736922156981087,53,True
spike,1668,crowd_468,0.8146125652598528,-0.4607285569283212,0.0577982762247174,0.057395700988429,993,True
spike,1669,crowd_46875,1.7329543599830934,-1.4096679386686517,0.2727946472134726,0.2409822201443956,253,True
spike,1670,crowd_46910,0.5780036169209137,-0.0197254772424078,0.0312462891835634,0.0326992496187436,1956,True
spike,1671,crowd_46952,0.2048703187519837,-2.0,,,21,True
spike,1672,crowd_46967,2.2715282573270654,-1.412107546367347,0.3413899794185606,0.2863450645008852,353,True
spike,1673,crowd_46984,,,,,13,False
spike,1674,crowd_47026,1.155755298228463,-0.5066348781904283,0.229324701416004,0.2077459015755167,94,True
spike,1675,crowd_47055,0.6936453261367872,0.3680627210414579,0.2036752432982156,0.2055733143898688,46,True
spike,1676,crowd_47060,0.826940954028882,-1.321695503322138,0.1775623763625088,0.1430750051738377,232,True
spike,1677,crowd_47203,0.8315223837531056,-2.0,0.1534100703992931,0.0980355807631861,728,True
spike,1678,crowd_47309,1.754895291222833,0.0131852837028154,0.4924205180266865,0.2950648250967709,74,True
spike,1679,crowd_47385,2.074603896466361,-0.7146059120942649,0.6530774847072769,0.4704885838584655,57,True
spike,1680,crowd_47407,0.0738077507355076,-2.0,,,89,True
spike,1681,crowd_47410,0.3538748273257718,-2.0,,,163,True
spike,1682,crowd_47509,0.9693684360787594,-0.4127019817123966,0.2560029601426598,0.2602785692903357,46,True
spike,1683,crowd_47615,1.0538541048248276,-1.3945904404438494,0.1737810947827014,0.1986561182857653,217,True
spike,1684,crowd_47624,0.7892868050971013,-0.3938655665797904,0.0711974645372339,0.0738293633728891,504,True
spike,1685,crowd_47705,1.979095099676369,-0.5151192848733007,0.2627492050924717,0.1839849553718567,315,True
spike,1686,crowd_47739,1.0387499679126275,-0.7787860484371921,0.1381755060252496,0.1462136565434531,239,True
spike,1687,crowd_47754,0.6480350800568703,0.1282489738841429,0.0471355878742593,0.0493141605498339,899,True
spike,1688,crowd_47770,0.8796790450495994,-0.5892862315073027,0.3464583989609907,0.2008748965519078,117,True
spike,1689,crowd_47819,0.5997256970228582,-2.0,0.1470754620637041,0.1213822582470128,649,True
spike,1690,crowd_4783,0.4776698643772732,0.182373959560895,0.1383142682959322,0.1474661608317994,68,True
spike,1691,crowd_47856,1.138684562319941,-0.9914830066454092,0.1029233114573282,0.1030215963576016,561,True
spike,1692,crowd_47880,0.9736273272056156,-1.7340243370472237,0.2846382491911581,0.2636829093984539,77,True
spike,1693,crowd_47967,1.2666624716340424,-0.725799656379909,0.1106812986055203,0.098404789145016,541,True
spike,1694,crowd_47992,1.1625613847952636,-0.4118912270168903,0.0529942755049609,0.0478165483618285,1738,True
spike,1695,crowd_48051,0.6189891214749174,0.0869848292968392,0.2684990112608759,0.3252317120284184,25,True
spike,1696,crowd_48052,0.7076354916909108,-0.120518282973675,0.2391133853598004,0.3088462628715517,26,True
spike,1697,crowd_48054,0.875105047156714,0.0816895457164027,0.0947830683367964,0.0952023826321565,338,True
spike,1698,crowd_48092,1.3120784892300676,0.8737064920165654,0.3545660683747397,0.3056138818867179,55,True
spike,1699,crowd_48105,1.852958969943282,-1.8440837682971647,0.650091072340461,0.4312120069974623,100,True
spike,1700,crowd_48106,2.082980270360147,0.356980387361049,0.7451064825030884,0.418771980804631,50,True
spike,1701,crowd_48111,2.254033886518619,-1.4256178359224587,0.9100105665300844,0.6677064499278239,49,True
spike,1702,crowd_48135,1.231138433295735,-1.2050310278804106,0.1913634189525174,0.1735774969356236,239,True
spike,1703,crowd_48141,0.6561397357318676,-0.0680520183574033,0.195598550052097,0.2154800726876812,54,True
spike,1704,crowd_48144,1.4262274643507191,-0.6140891515264939,0.2077147381545989,0.1887266892306631,173,True
spike,1705,crowd_48147,,,,,4,False
spike,1706,crowd_48174,1.407064567501174,-0.547770960869969,0.5297392449771672,0.4831369381077829,26,True
spike,1707,crowd_48242,1.5088904127680418,-0.0075942614909093,0.3412580674904615,0.2679194614798836,76,True
spike,1708,crowd_48451,1.6402296708218125,-0.0700955988277096,0.7719962789630049,0.5201500223319756,25,True
spike,1709,crowd_48464,1.599087199457094,-2.0,0.2204070050219553,0.2361210855718446,388,True
spike,1710,crowd_48595,1.161175955146417,-0.5214827724760775,0.2135312548729912,0.1914068848275302,114,True
spike,1711,crowd_48655,1.4988629063132188,-0.1929995451512987,0.2122393289179643,0.1650462253101773,197,True
spike,1712,crowd_48680,0.9355303900531724,-0.3466604704101975,0.0832340448960766,0.0782558370196273,500,True
spike,1713,crowd_48697,,,,,3,False
spike,1714,crowd_48704,1.245587795191649,-0.1672557700182391,0.4284157793462863,0.4864415469843495,22,True
spike,1715,crowd_48705,,,,,19,False
spike,1716,crowd_48707,2.2824851254721987,0.5564600098450553,0.5414142754973144,0.3166447021521231,117,True
spike,1717,crowd_48724,0.425659091938099,-0.4578560106962541,0.1379561416390453,0.142206347647573,70,True
spike,1718,crowd_48738,0.6937894043685668,-0.2566422144850386,0.2322822322690504,0.2253214459180145,63,True
spike,1719,crowd_48751,0.7183212977335954,-0.2422573249820999,0.064279743095809,0.0662370214439206,549,True
spike,1720,crowd_48763,1.391090037727118,-0.3185447828308245,0.1664577363803671,0.1358137163977003,268,True
spike,1721,crowd_48764,3.854404928945266,-2.0,2.4015513775593647,1.6113692030249078,20,True
spike,1722,crowd_48769,0.9146919315341708,0.566381737173006,0.4221905122605421,0.2880276301166136,36,True
spike,1723,crowd_48772,1.1060943364754336,0.008565877536593,0.3392378723318864,0.2920921319974784,38,True
spike,1724,crowd_48776,0.7797676553957088,0.2499878204773045,0.2624632086754966,0.3135874932671571,32,True
spike,1725,crowd_48786,0.623011613708165,-0.4811794672484983,0.4929274345112725,0.2784908782843123,36,True
spike,1726,crowd_48790,1.0266871784948706,0.600043078707409,0.2238599231755316,0.2162551678170054,75,True
spike,1727,crowd_48807,1.3554577210957868,0.1249949406219955,0.2628693635492512,0.2002886822792963,109,True
spike,1728,crowd_48815,1.2999798954514228,0.3162437486461383,0.3869646408560596,0.3498214251406527,37,True
spike,1729,crowd_48820,,,,,11,False
spike,1730,crowd_48822,,,,,17,False
spike,1731,crowd_48823,,,,,3,False
spike,1732,crowd_48827,1.1265837192961916,-0.4625404565998764,0.1128913345491859,0.105202685993001,374,True
spike,1733,crowd_48851,0.803233805399572,-0.2757849277643011,0.0953404917380984,0.0998539137002819,270,True
spike,1734,crowd_48939,2.60304708215497,-2.0,1.7500913003678682,1.4020750573122915,25,True
spike,1735,crowd_49123,1.2383555575145777,-0.816448975217904,0.5049101366756138,0.4568771351745401,50,True
spike,1736,crowd_49174,1.7356786964156394,-0.9944375770091356,0.3788129538092946,0.3300657987678457,125,True
spike,1737,crowd_49233,1.1560862938564425,-2.0,0.222289157421037,0.2067794448865752,361,True
spike,1738,crowd_49279,1.84464511496105,-1.5455720870102774,0.2426851160372581,0.2397025474479807,411,True
spike,1739,crowd_49352,1.9366411098334384,0.3649761969966539,0.5125192349211732,0.280299139680625,101,True
spike,1740,crowd_49359,0.5653728820886681,-2.0,0.0936896838132105,0.068943274850758,1611,True
spike,1741,crowd_49392,0.7522773675878323,-0.7738285229201374,0.1169746443461407,0.1109468101843729,284,True
spike,1742,crowd_49468,0.9501262019882716,-0.9544754523253874,0.1521492122724921,0.1713556886966512,177,True
spike,1743,crowd_49482,0.8774475831999797,-0.0290732892886942,0.1904427506322832,0.1952135827461459,75,True
spike,1744,crowd_49502,2.672221431268834,-2.0,0.8655809711114164,0.7915845862614841,101,True
spike,1745,crowd_49521,1.1892047078958088,-1.755362968314655,0.2775718865956517,0.2873935816180165,161,True
spike,1746,crowd_49549,0.2125255259038428,-0.0905187564332105,0.2326416633264844,0.1852078598517922,25,True
spike,1747,crowd_49560,1.0561265494089798,-0.0808352156005297,0.1053521342654315,0.1016339627591206,327,True
spike,1748,crowd_49586,0.7296861617143127,0.2132383161365291,0.021510459064096,0.023529626340174,4590,True
spike,1749,crowd_49629,1.7410828549162,-1.553825726490966,0.3255127740425849,0.3072411944537566,172,True
spike,1750,crowd_49681,1.002807250728435,-1.0134054233990983,0.2335732844576411,0.1959597715169178,138,True
spike,1751,crowd_49729,,,,,14,False
spike,1752,crowd_49740,,,,,16,False
spike,1753,crowd_49815,1.3949891085576236,-1.0490288473565863,0.167122041492726,0.1650022295085003,377,True
spike,1754,crowd_49878,1.137099025437556,-0.7388296849775106,0.1153388153566416,0.1073780137648756,375,True
spike,1755,crowd_49916,0.9009061126935586,-0.1284689920010482,0.0603822872588604,0.0612055949088086,789,True
spike,1756,crowd_49928,0.6490502076627386,-0.9187704538436616,0.2132316104065304,0.1945612518982911,72,True
spike,1757,crowd_49958,0.5714648801672442,-0.492709536604396,0.0967302543675689,0.099944435524299,205,True
spike,1758,crowd_49981,0.3564408516618744,0.0398702135176893,0.2318244946204631,0.2343793165296755,25,True
spike,1759,crowd_49991,1.4199796573563488,-1.025079034433482,0.3735685525235392,0.3330912976363505,75,True
spike,1760,crowd_49993,2.093872907100433,-0.9896576136648274,0.5813203757018808,0.4425358589604455,74,True
spike,1761,crowd_50004,1.0278284332847638,-0.98368565815705,0.2086056496011835,0.2353545157208703,112,True
spike,1762,crowd_50023,0.9746737665295818,-2.0,0.2755929235515958,0.22819472423555,217,True
spike,1763,crowd_50036,2.685373195802131,-1.0124175948182768,1.9483679695096747,1.1942611160378995,25,True
spike,1764,crowd_50068,1.3316880698212197,0.0095902764129336,0.3097707045229828,0.2644889349630697,72,True
spike,1765,crowd_50080,0.948569344726678,-1.1062759345211082,0.0607283412159643,0.0611687444087672,1376,True
spike,1766,crowd_50091,,,,,1,False
spike,1767,crowd_50117,0.8380689924467902,-0.6059209880709546,0.076186703451084,0.084087307698298,527,True
spike,1768,crowd_50132,0.8910674305488185,-0.5586030789834117,0.1712373120383285,0.1943323054521867,101,True
spike,1769,crowd_50175,0.6572290254703521,0.2200821267969648,0.1029167797108844,0.0940361007771374,300,True
spike,1770,crowd_50185,1.0841354136563752,-0.3825639978784123,0.1321340857763502,0.1309114358835602,220,True
spike,1771,crowd_50198,1.608123322003553,-1.730150664420553,0.2622688663533799,0.2367870051479137,344,True
spike,1772,crowd_50202,,,,,9,False
spike,1773,crowd_50205,0.6906362981128932,0.0761045434748308,0.2058057997352192,0.2309575831479902,40,True
spike,1774,crowd_50213,1.3878653292691212,-0.0613288524649443,0.2639533232264102,0.2205794686089724,100,True
spike,1775,crowd_50263,0.5761079782957644,-0.0289493237125682,0.1358444406066048,0.1572644618548541,81,True
spike,1776,crowd_50649,1.2005593934859855,-0.0382963313293479,0.3965352541046773,0.3651491827075044,40,True
spike,1777,crowd_50916,0.9638028878204444,-0.0538532953402183,0.2392247654774791,0.247645283336951,55,True
spike,1778,crowd_51907,,,,,10,False
spike,1779,crowd_52228,,,,,18,False
spike,1780,crowd_52308,,,,,9,False
spike,1781,crowd_52931,0.8599650686224682,0.4804308977809481,0.178742224786145,0.1944318591097067,74,True
spike,1782,crowd_52961,1.0418076654092212,-0.1632337048567664,0.1087118369470123,0.0983986580450034,336,True
spike,1783,crowd_52979,0.9991520408701968,0.1565132111180507,0.0560400386608084,0.0557807102905656,1013,True
spike,1784,crowd_53029,0.88952653942459,-0.0793123258417414,0.0325453011638089,0.0327958096612887,2703,True
spike,1785,crowd_53077,1.0577921496220233,0.0712826991088093,0.0695026560787884,0.0664629723075621,808,True
spike,1786,crowd_53149,2.064961185557932,0.4450639906401883,0.7022227101832409,0.4190708270159006,52,True
spike,1787,crowd_53186,1.0674895865301046,0.3423513165057184,0.4374555902143686,0.3513549600524926,23,True
spike,1788,crowd_53188,1.1675630864815458,-0.0773692289324727,0.1753457826594568,0.1483326432872013,171,True
spike,1789,crowd_53198,0.749009587797197,0.036008159585045,0.0632585133102272,0.0682629786190339,524,True
spike,1790,crowd_53206,1.604954375473083,-0.5587232743788395,0.406440593055756,0.2977001209520061,69,True
spike,1791,crowd_53213,,,,,13,False
spike,1792,crowd_53235,1.1809289138368375,-0.6845939976697496,0.3194786713336416,0.3101452801302038,45,True
spike,1793,crowd_53236,0.6633287536790623,-0.7406686399943028,0.0891760174210628,0.0883478202165523,280,True
spike,1794,crowd_53270,0.812538394385446,-0.0068170531100826,0.1066728074589053,0.1182165029937545,196,True
spike,1795,crowd_53744,0.8108501420318633,0.5855034094623047,0.1538569514051673,0.1535365987269823,103,True
spike,1796,crowd_53745,0.531388181810169,0.1661991752160953,0.080722274958516,0.0880765729502746,250,True
spike,1797,crowd_53797,0.8804431928998623,-0.3525412559555414,0.2580993476691492,0.3339535686149298,33,True
spike,1798,crowd_53811,4.999999999999999,-1.62254947632177,4.277734663518017,1.867076503169807,29,True
spike,1799,crowd_53837,0.7140751771743007,0.2717994770517757,0.1208614353524543,0.1291545133470477,133,True
spike,1800,crowd_53838,4.999999999999999,-1.942126855224407,4.865020126369494,2.1241671128811563,30,True
spike,1801,crowd_53882,1.4933325950534582,-1.7281684740173389,0.6105847713211031,0.6494011860090264,49,True
spike,1802,crowd_53983,0.8127490495060424,-0.3767221470477625,0.0513780387127636,0.0477012008430907,1215,True
spike,1803,crowd_54019,1.0423339467821475,-0.6085980811886689,0.2559231652162316,0.2476035781074829,56,True
spike,1804,crowd_54143,1.111309902591415,0.0996162841660922,0.6605557625914091,0.5000001760706242,28,True
spike,1805,crowd_54213,0.6529295614403539,-0.4686821201240353,0.2241242726742552,0.2199839798825922,76,True
spike,1806,crowd_54358,1.123119396045156,-0.9827048718323672,0.2720961735793801,0.2450488652167631,80,True
spike,1807,crowd_54585,1.3372653625504622,-0.6998366333484858,0.2128526072396856,0.1799804072734405,166,True
spike,1808,crowd_54753,0.6284926089425303,-0.7989165158217233,0.0918035946926822,0.0958038497130258,264,True
spike,1809,crowd_54802,1.2583334367368315,-0.1543005102470561,0.1665201190867951,0.1496004386719472,195,True
spike,1810,crowd_54825,,,,,13,False
spike,1811,crowd_54835,1.700238587874005,-0.8560521398594602,0.6136463596365757,0.4531857257453336,40,True
spike,1812,crowd_54837,4.999999999999999,-2.0,2.7100097397415657,1.5302841031901513,35,True
spike,1813,crowd_54869,2.7682002769678253,0.4342144289938947,2.131689532874624,0.7917995450355232,23,True
spike,1814,crowd_54870,1.0197127403202837,-0.6886631531739601,0.2726725923110293,0.2571870809691625,60,True
spike,1815,crowd_54873,0.7473080012612996,-0.1396659275673578,0.0654490314663926,0.0696143748167298,492,True
spike,1816,crowd_54884,1.2046326911790033,-0.8312501782194113,0.2739848951835006,0.2682229832711869,72,True
spike,1817,crowd_54950,2.730642743307688,1.204799423805,1.0070129645579056,0.5987589099330035,80,True
spike,1818,crowd_55034,4.073773724600429,-2.0,1.8754754875236577,1.1100158855159274,75,True
spike,1819,crowd_55043,1.929795210985238,-1.1020709472326884,0.5224797412475889,0.3860764483565684,78,True
spike,1820,crowd_55059,2.996671822217719,0.3383102549537556,0.4711340825170439,0.2016713797450731,440,True
spike,1821,crowd_55067,1.1270399252700596,-0.2043131348565168,0.2167060466936853,0.2036989390112702,90,True
spike,1822,crowd_55128,1.3268475323894484,-0.0310121182897808,0.2513111074051919,0.2239207595937121,90,True
spike,1823,crowd_55130,1.3322445723980902,-0.5377142185336705,0.2026303243908678,0.1766602832308927,169,True
spike,1824,crowd_55149,0.7017014824021554,-0.4072583518335777,0.0767924958420689,0.0751563260138409,450,True
spike,1825,crowd_55151,0.6384730574959915,0.2364310313387366,0.045535973508532,0.048942775747178,858,True
spike,1826,crowd_55159,1.4045931165790717,-0.3967498823542049,0.5791081491511992,0.4845624680226784,25,True
spike,1827,crowd_55161,2.8795627152561365,-2.0,0.5702219518848588,0.4291430981858417,277,True
spike,1828,crowd_55171,,,,,5,False
spike,1829,crowd_55187,1.627134696367216,-0.8365873635276071,0.2293861435774842,0.1987874776942913,231,True
spike,1830,crowd_55195,2.438238371794509,-0.9732583624341982,0.949186562270274,0.5974529655581753,50,True
spike,1831,crowd_55200,0.883233933060183,-0.6474938287868948,0.1264691722932302,0.1086820349263534,256,True
spike,1832,crowd_55225,,,,,10,False
spike,1833,crowd_55237,4.999999999999999,-2.0,2.064523782352325,0.8867874750684521,70,True
spike,1834,crowd_55254,0.8901737037588335,-0.0425564480910699,0.141208682335982,0.13348068035061,140,True
spike,1835,crowd_55264,4.999999999999999,-0.2214165831215982,4.774473430409434,1.490110026927013,20,True
spike,1836,crowd_55284,0.9707206939250752,-1.010900650469665,0.3711631382013097,0.2451653381825792,54,True
spike,1837,crowd_55337,1.6889392745860994,-0.5467719367569449,0.5540667893981372,0.355622063575244,49,True
spike,1838,crowd_55611,2.6007812851769785,-0.8996944964876042,1.1954261743247954,0.6397093281774703,39,True
spike,1839,crowd_55666,1.1093764310969805,-0.2119388094724682,0.111140922895492,0.100948587768997,348,True
spike,1840,crowd_55715,1.718058614606495,-0.1399657463993631,0.5038802257970496,0.3683720146183328,49,True
spike,1841,crowd_55820,1.348366576282363,-0.0267352944663523,0.1270909519310698,0.1051758334623656,410,True
spike,1842,crowd_5594,0.6465941351843488,-0.2977944187427823,0.0587442065702146,0.061921579492563,616,True
spike,1843,crowd_56053,,,,,11,False
spike,1844,crowd_56086,0.3967345637280202,-0.1533004067503476,0.1698463635425632,0.1974207360258473,52,True
spike,1845,crowd_56186,0.773749705661605,-0.2369507072019044,0.0826592668257488,0.0848632698029947,325,True
spike,1846,crowd_56222,,,,,11,False
spike,1847,crowd_56231,1.07031162400109,0.2396048758054779,0.0988036905351904,0.0955929015111036,392,True
spike,1848,crowd_56261,1.479217150722232,-0.4467487216396504,0.459231417243656,0.4052840300626433,36,True
spike,1849,crowd_56315,1.89285287984908,-1.8726650428840308,0.317309523665658,0.2839249022271619,296,True
spike,1850,crowd_56353,0.9654851634370938,0.1776569299284594,0.1066514838196856,0.102124331522298,296,True
spike,1851,crowd_56392,4.999999999999999,0.1926068810072203,2.7092413690408863,0.7355887492153762,82,True
spike,1852,crowd_56401,4.999999999999999,-0.0058108417625773,2.1143340701510605,0.7435713314330942,80,True
spike,1853,crowd_56437,2.819298553392914,-1.3841702132251097,0.8296112848668755,0.4882338664079717,115,True
spike,1854,crowd_56448,1.36848233109504,-0.1717561225789009,0.3302063870505592,0.2611597800945023,67,True
spike,1855,crowd_56519,1.3340470379695102,-0.486651860352062,0.367102817673206,0.2953275510273837,58,True
spike,1856,crowd_56539,,,,,14,False
spike,1857,crowd_56545,1.1398560668813322,-0.0813330681239847,0.3385945472290374,0.3011383606767572,40,True
spike,1858,crowd_56558,0.931378711408316,-0.2061172668645626,0.15936870627709,0.1613819233541989,113,True
spike,1859,crowd_56564,1.7137227588030244,0.6590573237544823,0.4159031796972056,0.3000108823800628,85,True
spike,1860,crowd_56835,1.612571178981301,-1.003781363910582,0.4152344964626144,0.3359146393673961,69,True
spike,1861,crowd_56871,1.4088884077185413,-0.4097826226450147,0.3874209954207627,0.3254980557148983,50,True
spike,1862,crowd_57036,1.060343774949699,-0.680993259964599,0.1137114054329563,0.1057761641627254,360,True
spike,1863,crowd_57099,,,,,4,False
spike,1864,crowd_57101,1.308487877732747,-0.351216353048372,0.1427295198681068,0.1199359576967179,330,True
spike,1865,crowd_57188,0.8537736929219886,0.3419491819977052,0.2587483816043855,0.2624652254823499,44,True
spike,1866,crowd_57231,1.4052219452485497,-0.0217656345948522,0.1483632372281202,0.1199846179352147,347,True
spike,1867,crowd_57256,0.7295992172369625,0.0269009681439698,0.0436208298560206,0.0473436400465876,1086,True
spike,1868,crowd_57287,1.3771837845373522,-0.8725612407988395,0.2445079270984269,0.2185096473911672,126,True
spike,1869,crowd_57347,0.8057093275801769,-0.6118384080960311,0.1116942318743951,0.0840438140573259,448,True
spike,1870,crowd_57351,1.7969737600087927,0.2601557790964429,0.6283218110842739,0.4475759716689783,36,True
spike,1871,crowd_57385,2.8458715735333424,-1.1802463374159289,1.107524274906572,0.6755606549141296,60,True
spike,1872,crowd_57411,1.9583571273231035,-0.6783650980614557,0.3637901630576979,0.2571317276239326,157,True
spike,1873,crowd_57415,1.4316075673331747,-0.7928594576647696,0.4230786269430495,0.3272153718303431,60,True
spike,1874,crowd_57466,,,,,10,False
spike,1875,crowd_57487,,,,,16,False
spike,1876,crowd_57507,0.608486631212058,-0.0561167784224425,0.0231087951810068,0.0248125697496893,3838,True
spike,1877,crowd_57510,0.2488391094774276,-1.066932710570952,0.1252492117041679,0.1253894724839729,70,True
spike,1878,crowd_57549,0.7890941003868935,-0.9742774568169084,0.2699396889771214,0.2445300806964969,37,True
spike,1879,crowd_57602,1.22703309159609,-0.2485865358551389,0.3203825928882433,0.2700772221563218,58,True
spike,1880,crowd_57606,0.5881028317393893,-0.0480424485396933,0.0391237246191757,0.0389811945988933,1391,True
spike,1881,crowd_57616,0.7837242469303416,-0.2067820543154866,0.0525850517903292,0.0579310867034675,806,True
spike,1882,crowd_57652,4.518615853686822,-0.4392330003795544,3.8409945388625815,1.295881863277816,27,True
spike,1883,crowd_57664,0.8478034473926003,-0.2130036496558658,0.1077908336033695,0.1088904436184684,250,True
spike,1884,crowd_57665,0.9627843413956344,-0.6333376876835798,0.1893512515239313,0.1632316976731254,117,True
spike,1885,crowd_57668,4.419845509417047,-1.8549811677090433,2.517364066233991,1.209541683024792,80,True
spike,1886,crowd_57679,0.0530425592602472,-0.0521259762201369,4.595177876079499,17.901941002583737,30,True
spike,1887,crowd_57703,2.0522428829007726,0.6675650326754795,0.6159210003504738,0.3608463266808511,77,True
spike,1888,crowd_57709,0.9765514281585792,0.0924458188146644,0.0589202359178336,0.0566279739457708,987,True
spike,1889,crowd_57722,2.275126279211298,-1.3005213209378397,0.7970474165733715,0.5345375744878359,60,True
spike,1890,crowd_57749,0.8247166663428929,-0.2138155592801364,0.0864955214841735,0.0834571597898582,385,True
spike,1891,crowd_57760,0.937495404033651,0.1538360873446146,0.0710502100054314,0.06822495012824,620,True
spike,1892,crowd_57881,,,,,13,False
spike,1893,crowd_58120,2.2338586853343068,0.986402738031906,0.8028881792769922,0.5086486918798573,55,True
spike,1894,crowd_58172,1.3507458669794543,0.1571815093887968,0.1470792056100502,0.1261895299351604,298,True
spike,1895,crowd_58212,1.9716645534815076,-0.5227014256545971,0.45800335966292,0.3016161541970109,105,True
spike,1896,crowd_58293,1.1016343138725797,0.0145430053099225,0.0884955240882921,0.0859315788906821,494,True
spike,1897,crowd_58336,0.6999551698710234,-0.1387035223716687,0.1101966343189643,0.1174128056646484,180,True
spike,1898,crowd_58446,1.1216530173354862,0.1766604151696202,0.2980581535473373,0.2617302928057859,49,True
spike,1899,crowd_58864,0.8954754724204507,-0.1033836233226202,0.0580831798477126,0.059658397946652,830,True
spike,1900,crowd_59079,4.999999999999999,-0.9145586850803464,3.340535008504774,1.3151063896044266,29,True
spike,1901,crowd_59228,0.7239951568374805,-0.0574988076688956,0.1118726386858246,0.1382849856509884,139,True
spike,1902,crowd_596,1.9766084069379264,-1.0175427876416414,1.0884621885515355,1.0537597513476715,28,True
spike,1903,crowd_59721,0.6019014414131024,0.041502201079073,0.040404380161001,0.0416614254953448,1189,True
spike,1904,crowd_59826,4.999999999999999,0.0622950518298108,4.580162970399517,1.3618909985711771,24,True
spike,1905,crowd_60057,3.3277239024347365,-0.3900286151192945,1.38029289766389,0.5408457060335615,84,True
spike,1906,crowd_60201,,,,,2,False
spike,1907,crowd_60303,4.999999999999999,-1.521984128160557,1.611234548009724,0.7717431611019762,117,True
spike,1908,crowd_60316,1.0189527051277985,0.0534264969424853,0.3240886442075034,0.3306291493940815,31,True
spike,1909,crowd_60357,0.938369804287158,0.1815023797154271,0.2344391662635627,0.2285565700568529,54,True
spike,1910,crowd_60392,1.0718140098279356,-0.7466539215378849,0.1992559384818727,0.1884672422865264,115,True
spike,1911,crowd_60412,1.4188322322689706,-0.3875796688796835,0.2465911011109221,0.1894259087068239,140,True
spike,1912,crowd_60452,1.4264062881968227,-0.2150284531991554,0.1307420301438682,0.1048984560879233,460,True
spike,1913,crowd_60503,,,,,3,False
spike,1914,crowd_60592,0.5547508595119214,-0.0146249622374098,0.0269823003524601,0.0268156402773723,2732,True
spike,1915,crowd_60687,1.0235388365517826,-0.7279213901270168,0.2129158830361624,0.1593976283378021,163,True
spike,1916,crowd_60728,0.4328435885242832,-0.3536639793214973,0.1836374481848887,0.1676083634324527,52,True
spike,1917,crowd_60784,0.3106890779204992,-0.906157273703662,0.1168052847558434,0.1133066235212722,67,True
spike,1918,crowd_60858,1.5143299768562537,-0.7188277275372602,0.4653784245275831,0.3719975178489668,44,True
spike,1919,crowd_60955,0.35059053793937,-0.1857032773726758,0.1983629166727558,0.1761469393368293,30,True
spike,1920,crowd_60983,0.6198385090077331,-0.0052524511072425,0.0353355220052285,0.034951252868213,1786,True
spike,1921,crowd_61087,,,,,18,False
spike,1922,crowd_61088,4.999999999999999,-2.0,2.2715209535156413,1.2727370590964742,41,True
spike,1923,crowd_6114,0.971932720367256,-0.4759908579995995,0.0397417756322285,0.0402910829613978,2508,True
spike,1924,crowd_61149,,,,,12,False
spike,1925,crowd_61159,,,,,15,False
spike,1926,crowd_61355,,,,,18,False
spike,1927,crowd_61384,0.8713773768894363,-1.2329663678008302,0.3762735878736031,0.4793397080505182,25,True
spike,1928,crowd_61541,,,,,19,False
spike,1929,crowd_61560,1.9681458312250275,-0.483289764451414,0.3877317507515818,0.2586360466429144,131,True
spike,1930,crowd_61579,0.9990066023177764,-0.6103099325484759,0.1391356086945331,0.1302706615148568,210,True
spike,1931,crowd_61603,4.999999999999999,0.8801206198853649,5.157068423061778,1.514765830329228,30,True
spike,1932,crowd_61611,0.6510611543067562,-0.2297453074709263,0.097526934001238,0.0964109085538543,245,True
spike,1933,crowd_61711,1.0483014055749549,-0.404171095017992,0.1284365006233747,0.1245744346799922,233,True
spike,1934,crowd_61760,1.4001006381159646,-0.2447020812231875,0.2230942530851723,0.1972764139972578,136,True
spike,1935,crowd_61762,0.8593779191086759,0.0795392539602038,0.2258552364231837,0.2279760637118095,48,True
spike,1936,crowd_61773,3.9163489728410776,-0.9654204858365982,2.9104837388912954,1.2357600319479316,30,True
spike,1937,crowd_61795,,,,,19,False
spike,1938,crowd_61797,0.856237760762835,0.0704780380593595,0.0778471313491918,0.0801172570287417,464,True
spike,1939,crowd_61803,0.6353609016477934,-0.4700236911458472,0.2612332098615636,0.295101553308251,30,True
spike,1940,crowd_61808,,,,,11,False
spike,1941,crowd_61854,2.175247385583966,-0.7200854820782674,1.062855860080108,0.852000544650705,22,True
spike,1942,crowd_61890,2.0711426791988203,-0.3294736185240849,0.5744460565479083,0.3517444592794582,75,True
spike,1943,crowd_61974,1.821564151637612,-1.0129052160513043,0.4563932025910581,0.3230733287433928,113,True
spike,1944,crowd_62064,,,,,16,False
spike,1945,crowd_62094,,,,,9,False
spike,1946,crowd_62122,1.2037745366393795,-0.7024302025775306,0.1882392139550947,0.1681843545588754,163,True
spike,1947,crowd_62640,0.8574630711268458,-0.4126543930173348,0.0416047435841877,0.0397899987789387,1886,True
spike,1948,crowd_6269,1.9533167216148275,0.8560519690699632,1.141006635819267,0.6259527022531508,21,True
spike,1949,crowd_62717,0.4835307913052796,-0.0165916724483114,0.0848965500831076,0.0751784645491056,412,True
spike,1950,crowd_62838,0.8563053809302115,0.1579189695877539,0.1262050767634955,0.1206759282542629,200,True
spike,1951,crowd_6284,,,,,16,False
spike,1952,crowd_62846,0.7407247065992305,-0.9892506807261392,0.1455975554580446,0.1133671049817709,181,True
spike,1953,crowd_62976,0.993654679102582,-0.6163058355218429,0.1088743767715921,0.1001417032408751,330,True
spike,1954,crowd_63210,0.8296329843251925,-0.125975298645989,0.1334426493876722,0.128444754835158,174,True
spike,1955,crowd_63211,1.6822135703471812,-0.3824044860462214,0.2848933788039834,0.217768350479286,156,True
spike,1956,crowd_63212,0.8351914714554654,-0.1208643936627373,0.0432233884193279,0.0450367502629089,1386,True
spike,1957,crowd_63227,0.789595399079611,-0.1325953191918324,0.1447631487226144,0.1532261811888164,115,True
spike,1958,crowd_63234,1.767612246354272,-0.4767572072285405,0.6968335389806674,0.4661150338229033,35,True
spike,1959,crowd_63267,0.9540264355925318,-0.5257612057026115,0.1540096995745639,0.1402398285640107,175,True
spike,1960,crowd_63373,0.879152555814053,-0.0225429958068854,0.0516228690469369,0.0529100196065826,1011,True
spike,1961,crowd_63404,4.881139119964345,-0.2099145565317681,5.872321231343234,1.4731481004686091,21,True
spike,1962,crowd_63409,0.4510745944891134,0.1992788821749946,0.1234284274265132,0.1707614067203462,70,True
spike,1963,crowd_63450,0.5994406530101696,0.0097453657438971,0.0343766196777127,0.0359940066280705,1613,True
spike,1964,crowd_63590,0.6295304087598467,-0.1375092844151309,0.0803578430622921,0.089620824027859,278,True
spike,1965,crowd_63607,4.999999999999999,0.8181234702023611,2.3015691304853134,1.064646107744451,42,True
spike,1966,crowd_63656,1.891221263907668,0.1091130607281503,0.4202382754632693,0.262869871393374,108,True
spike,1967,crowd_63736,0.738381111432934,0.0454659617673194,0.0478754700613899,0.0471496795257942,1129,True
spike,1968,crowd_63737,1.042975948347726,-0.2199925664871252,0.2223847926177354,0.2001207101522366,86,True
spike,1969,crowd_63809,0.7180062637829977,0.3621933373311231,0.1877817791667301,0.1967209990538146,60,True
spike,1970,crowd_63821,0.7612007898343317,-0.2004725221278898,0.0894248426649314,0.0916535931601903,330,True
spike,1971,crowd_63844,0.5556710634655103,-0.1234787428100388,0.0578417977881153,0.0594983055315671,564,True
spike,1972,crowd_63849,1.024387198165842,0.3779182350383571,0.2241355436458555,0.2305659781785858,65,True
spike,1973,crowd_63868,0.7656580172168637,0.0771440870163834,0.1587747233215545,0.2018026393398512,70,True
spike,1974,crowd_64202,0.7693457272275341,0.1576910019175294,0.226830367357589,0.2758241538145299,39,True
spike,1975,crowd_64358,1.1371136294242397,-0.603438191662908,0.4546698657230122,0.466967576125941,20,True
spike,1976,crowd_64500,,,,,10,False
spike,1977,crowd_64519,,,,,13,False
spike,1978,crowd_6465,1.136902035100788,-1.3452776212796058,0.5567244314751475,0.4821804775559611,25,True
spike,1979,crowd_64699,,,,,5,False
spike,1980,crowd_64745,1.212542457001068,0.0677393636355591,0.1901032148320114,0.1598256009954693,146,True
spike,1981,crowd_64966,,,,,15,False
spike,1982,crowd_64978,0.9939546230967,-0.4330143803457917,0.1722144345176361,0.1612980081566296,117,True
spike,1983,crowd_65159,0.8246777915653085,-0.2411915789315339,0.1327269884195957,0.1345365680410036,164,True
spike,1984,crowd_65236,0.9594441175767064,0.2097691982147423,0.3392141850287015,0.3163373422932991,30,True
spike,1985,crowd_65371,1.55003443293393,0.3168544673093925,0.1856274282500042,0.1445467590711674,282,True
spike,1986,crowd_65562,,,,,4,False
spike,1987,crowd_65621,0.7266841711943857,-0.1087872572790318,0.1125937519129175,0.1251607727000984,166,True
spike,1988,crowd_65669,1.3573819637298423,-0.0803145063268773,0.1547315063996995,0.13625642929703,258,True
spike,1989,crowd_65847,,,,,7,False
spike,1990,crowd_65854,0.6742024785551802,-0.1108620044513378,0.1820201180755086,0.1782215763060789,100,True
spike,1991,crowd_65858,0.9209821560566688,-0.566697031203784,0.0783334951195601,0.0625448111769953,818,True
spike,1992,crowd_65944,0.8297928371634609,-0.3520907754502837,0.1017749677407551,0.1021468813464804,281,True
spike,1993,crowd_65962,1.4864904268468364,0.5506473865490037,0.6044922193417986,0.5110254395040537,22,True
spike,1994,crowd_65987,1.2844480091913992,-0.1726372001364412,0.3818043335971312,0.2997999869202075,48,True
spike,1995,crowd_66129,0.8337425784169799,0.0890384756863639,0.2699862909432622,0.2852616585304461,37,True
spike,1996,crowd_66173,0.7741433008844132,-1.0067429835993955,0.1902366740638992,0.1416745501629261,122,True
spike,1997,crowd_66196,1.1521178844735651,-0.037650326752876,0.190641171874826,0.1861913411111232,111,True
spike,1998,crowd_66203,0.9754481766977714,-0.5594058150304955,0.2380834232136772,0.178480345734507,123,True
spike,1999,crowd_66628,0.0624187614656304,-0.9700534655653812,4.595295957028183,19.148627127521653,31,True
spike,2000,crowd_66636,0.8318920978144133,-1.0474469086985387,0.2396016624389879,0.2299422093100555,52,True
spike,2001,crowd_66701,1.5088504639018427,-0.0445411872634359,0.8439027638124158,0.5090403194126989,20,True
spike,2002,crowd_6674,0.8048258090003177,0.8489277551909182,0.2270843752492806,0.2048097113471976,52,True
spike,2003,crowd_6678,0.5530084035501166,-0.3735676847614411,0.020284584162933,0.0210985227421592,4945,True
spike,2004,crowd_66876,,,,,16,False
spike,2005,crowd_66891,,,,,13,False
spike,2006,crowd_66924,2.2809084617798336,0.2520362583624085,1.1729969956452335,0.5832026115982091,30,True
spike,2007,crowd_66987,1.0316160631392386,-0.6538799790160176,0.1256747037923136,0.1129589185833926,279,True
spike,2008,crowd_67007,1.140965500260941,-0.7454311526839167,0.239084509007753,0.2209413838146089,84,True
spike,2009,crowd_67060,4.766297713658088,-2.0,1.2348213424565695,0.5778778577152552,180,True
spike,2010,crowd_67062,,,,,12,False
spike,2011,crowd_67065,1.2894353122887363,-0.3247618374774122,0.4273546109530954,0.4220636941186416,27,True
spike,2012,crowd_67103,0.5548583812165837,-0.0123844030068695,0.0903954576172902,0.0881639346935771,239,True
spike,2013,crowd_672,,,,,11,False
spike,2014,crowd_67223,1.818657338843742,-0.4437314977522563,0.4642391062548184,0.315569365564616,80,True
spike,2015,crowd_67243,0.6914108824155911,0.2562599976321895,0.0344739004684529,0.0368860150154566,1720,True
spike,2016,crowd_67246,0.8567780982504181,-0.2043368816259574,0.0721616443902496,0.0750792297564102,539,True
spike,2017,crowd_67263,0.8400689470352201,-0.0465663604996175,0.039434147124511,0.0413541526696579,1643,True
spike,2018,crowd_67281,,,,,11,False
spike,2019,crowd_67336,0.8965802836555788,-0.6128701980172405,0.1315073075788116,0.1225880403434141,207,True
spike,2020,crowd_67374,1.1088091588656994,-0.3495155481314295,0.2279044719941708,0.2142656380110042,84,True
spike,2021,crowd_67402,1.1575375908411971,-0.8798758611393751,0.3081548414236735,0.2762804584341479,62,True
spike,2022,crowd_67406,1.1934516100854342,0.1504136321979429,0.1903434735085684,0.1785941851745887,133,True
spike,2023,crowd_67495,1.1064543952582615,-0.1465453576309983,0.1686435309159125,0.15395745015189,156,True
spike,2024,crowd_67512,0.879699507681435,0.0559259964807978,0.0435943850924427,0.0445810324140667,1397,True
spike,2025,crowd_67633,4.999999999999999,-1.3370871086831273,2.2701587494094486,1.049740000284736,85,True
spike,2026,crowd_67634,,,,,9,False
spike,2027,crowd_67639,0.902915621361272,-0.4003250452349834,0.0986534062634784,0.1027017002980963,300,True
spike,2028,crowd_67642,1.465544455814839,-0.8865093797323508,0.281011913549048,0.2236194175192777,126,True
spike,2029,crowd_67656,,,,,12,False
spike,2030,crowd_67706,1.2569827926235186,-0.2587929070630018,0.2052987715772868,0.1873414002588312,123,True
spike,2031,crowd_67771,0.5031091938928001,-0.3491160411457147,0.194848240189712,0.1951575838494066,43,True
spike,2032,crowd_67896,0.586710408394672,0.1019423068218961,0.088541807195595,0.0986440295098935,198,True
spike,2033,crowd_67995,1.3042435004993664,-0.2367319421296616,0.0783028279253288,0.0687335840559209,966,True
spike,2034,crowd_68003,0.5795432265088635,-0.0993890682947473,0.067425980604857,0.0688173088641767,443,True
spike,2035,crowd_68037,1.2025515513936138,0.0832621055202265,0.2726525186487346,0.232661744150657,70,True
spike,2036,crowd_68059,0.8577019293975038,-0.0862535062001496,0.2079144376228673,0.2295342389539775,53,True
spike,2037,crowd_68082,1.975931587353846,-0.4072176502335867,0.5498951691109162,0.3401357251595641,82,True
spike,2038,crowd_681,0.4084349000628001,-2.0,0.0854270543698317,0.0814179010821352,671,True
spike,2039,crowd_68143,0.5781879341371148,-0.0852521809497441,0.0380082395181008,0.0363060345660943,1537,True
spike,2040,crowd_68151,1.20889788602157,-0.1054447837016544,0.055298041930801,0.0491838753462567,1706,True
spike,2041,crowd_68176,,,,,13,False
spike,2042,crowd_68195,,,,,4,False
spike,2043,crowd_68247,2.9297462242800325,-1.2748538551205468,1.7843258513630766,1.0495775613994307,29,True
spike,2044,crowd_68328,0.8391579413555141,-0.4852027550639463,0.0364849981881657,0.0363901196861612,2160,True
spike,2045,crowd_68352,1.5904909577667392,-0.6443077427324935,0.3008242575872813,0.2204399696627539,130,True
spike,2046,crowd_68356,1.4188965150080186,-0.36731295218498,0.2329245936829747,0.1928388751661261,140,True
spike,2047,crowd_68357,2.0956533570615803,0.2982758410767342,0.8755958462881369,0.487105490931178,37,True
spike,2048,crowd_68372,0.8166764825933116,-0.2526304702597223,0.2760525018367788,0.2972444126446467,29,True
spike,2049,crowd_68388,,,,,12,False
spike,2050,crowd_684,1.0026073174661991,-2.0,0.1177116300002514,0.0948700551747128,1086,True
spike,2051,crowd_68404,0.3897540101957389,-0.6333048214554198,0.1851389316744787,0.1668917838010341,40,True
spike,2052,crowd_68409,0.9557634219069444,-0.4751068735694366,0.0731855043841459,0.0725925140051262,638,True
spike,2053,crowd_68431,1.7448005451657709,-1.2880291611618495,0.9734318908088928,0.6259805153652339,23,True
spike,2054,crowd_68438,1.13949927036287,-0.3077377564239096,0.092453647924054,0.0836466683151066,562,True
spike,2055,crowd_6845,1.354347252040791,-0.4829900933894653,0.1925002584981208,0.1753532232053832,209,True
spike,2056,crowd_68465,3.0480830243413983,-1.3366283554423752,1.6695299439233122,0.8835645926609923,34,True
spike,2057,crowd_68469,1.1359649510363126,-0.7966602939453428,0.1667987661108895,0.1511516686925675,192,True
spike,2058,crowd_68483,4.309927926152147,1.1116880215529867,2.8646041993378017,1.2261430197631826,44,True
spike,2059,crowd_68487,0.5917698532751051,-0.0852518493770918,0.1915764042567229,0.2098449999314591,39,True
spike,2060,crowd_68509,2.7414943747007023,-0.8007822581005832,0.3937285131246542,0.213844303049962,443,True
spike,2061,crowd_68544,1.2560216422727482,-0.3823294565612061,0.1160214263537897,0.1045507773065532,402,True
spike,2062,crowd_68568,0.9274719787738924,-1.1425895707003475,0.3680964152513963,0.2799051308899595,44,True
spike,2063,crowd_68581,,,,,7,False
spike,2064,crowd_68599,0.9180465339820504,0.3207572025713348,0.1591962153296377,0.1605318010289033,125,True
spike,2065,crowd_68637,1.722359398497466,-0.8794049610446092,0.5880790895467723,0.4838786555163579,36,True
spike,2066,crowd_68642,0.9623351860247872,-0.5876346596972708,0.0785844520003494,0.0790489798483043,549,True
spike,2067,crowd_68651,0.7968443475873672,-0.4215717637011612,0.2070656702910741,0.174296565594054,96,True
spike,2068,crowd_68695,1.6821177785018324,-0.3529308843189937,0.5607211058593936,0.3605237261409085,46,True
spike,2069,crowd_68696,2.024678577847495,-0.913521344213606,0.8168066786747754,0.5960036747138526,40,True
spike,2070,crowd_68704,0.7889052273235098,-0.2247785731729212,0.0576206299386956,0.0614035477655308,669,True
spike,2071,crowd_68745,1.3237393014504593,-0.7637508614012246,0.1988720080407792,0.1822411275258343,170,True
spike,2072,crowd_68782,1.0021149691071514,-0.2150174782510988,0.1315460473364893,0.1399160673234941,180,True
spike,2073,crowd_68785,,,,,18,False
spike,2074,crowd_68853,0.6964813621439135,-0.8306841482131122,0.1588828817074999,0.1448461027145687,127,True
spike,2075,crowd_68882,0.4243263198786409,-0.735096554069792,0.2069816731857627,0.2187868950672389,23,True
spike,2076,crowd_68896,1.0332120314350433,-0.4895495200628133,0.2609659329755868,0.2662638172510606,48,True
spike,2077,crowd_69075,,,,,11,False
spike,2078,crowd_69162,2.7682887459741043,1.1228535295676347,1.2644690466806183,0.6785681586231793,48,True
spike,2079,crowd_6935,1.0401292916419564,0.3858595590573825,0.4124790776563282,0.371336229802142,25,True
spike,2080,crowd_69355,2.528324130267635,0.2297253155346156,1.2896828617300626,0.7510924339435432,23,True
spike,2081,crowd_69396,,,,,7,False
spike,2082,crowd_69632,0.9806873956668932,-0.6095872736417268,0.2289681700237132,0.2102878073319767,83,True
spike,2083,crowd_69696,0.9927022162973193,-0.2493369400392882,0.0902392898827782,0.0882396945469945,454,True
spike,2084,crowd_70099,0.7051636756235419,-0.0375337968368658,0.0910406146829855,0.1002682757152517,241,True
spike,2085,crowd_70137,1.0468217653496938,-0.0024893052115425,0.1741945073632043,0.1661129312178512,120,True
spike,2086,crowd_70266,0.6248206391727803,-0.4282712657446475,0.1076565326366723,0.1158099277181164,184,True
spike,2087,crowd_70443,1.1007317975878137,-0.2304528412416778,0.2133484463302887,0.1986794447902803,86,True
spike,2088,crowd_70683,1.248899185702794,-0.2016113350847305,0.075557593144157,0.0687519755056489,920,True
spike,2089,crowd_70847,0.7812961218897638,-0.298340853186825,0.0509619062848072,0.0560489737376157,867,True
spike,2090,crowd_70856,0.3849206129804141,-0.8066229668751318,0.1903262465986236,0.2164451328012545,29,True
spike,2091,crowd_71,,,,,4,False
spike,2092,crowd_71524,4.221322789549557,-0.417656628943199,2.515245765844093,0.8590839997080958,47,True
spike,2093,crowd_71533,0.784272042859195,-0.2320976441003158,0.3265119941401572,0.3063818568112998,24,True
spike,2094,crowd_71804,4.999999999999999,-1.8919681500234016,5.020277521452825,2.323104130135051,22,True
spike,2095,crowd_71885,1.012638086332463,-0.5704096979312344,0.2993540797739993,0.3232686140197025,43,True
spike,2096,crowd_7190,0.6078408522045314,-0.2388642138501343,0.0221038080115273,0.0231614137664347,4131,True
spike,2097,crowd_7194,1.6768060683322823,-0.0893854389763375,0.3892386622565314,0.2888517414818444,81,True
spike,2098,crowd_72120,0.5647763421665278,0.0391243929562627,0.1678543054223878,0.1977203061404128,55,True
spike,2099,crowd_72211,3.5630347685123573,-0.7530355180536115,1.8251594380219025,0.6958573502449994,69,True
spike,2100,crowd_72308,1.110811111401293,-0.4535578563664588,0.1824005237433363,0.175972662127258,136,True
spike,2101,crowd_72452,2.2884211603121316,-0.0866240577327104,1.3092675576252522,0.7503212180616254,20,True
spike,2102,crowd_72528,,,,,16,False
spike,2103,crowd_72917,2.1838892855421883,0.410157181205079,0.9185504176147192,0.4980393456721561,42,True
spike,2104,crowd_72924,0.8232678136621038,-0.0753710554899874,0.137577445345129,0.1378869078549259,128,True
spike,2105,crowd_73153,0.866740333846415,0.1625287658608011,0.1013873230657699,0.1032744918542163,240,True
spike,2106,crowd_73485,0.3777326765196319,-1.5281411165086094,0.2182910911013769,0.1834961991060833,29,True
spike,2107,crowd_73495,0.5089018022901094,-0.3030461579240129,0.1035568119463321,0.1055739188325516,159,True
spike,2108,crowd_736,,,,,9,False
spike,2109,crowd_73622,0.8119023251963179,0.5193534573446023,0.2245801860146513,0.2544024236946096,43,True
spike,2110,crowd_73750,1.313729608534432,0.4321708559083606,0.3857851266174628,0.3164482557739343,43,True
spike,2111,crowd_73907,,,,,18,False
spike,2112,crowd_73949,2.462662971947021,-1.3621750455132506,1.079722024616069,0.7324954027493914,40,True
spike,2113,crowd_74211,0.9975657885832456,0.3045510126628297,0.2366758256915274,0.2225357687958162,59,True
spike,2114,crowd_74372,1.5375883227257223,0.4045805993832231,0.6651984207258574,0.534546209472036,21,True
spike,2115,crowd_74392,1.9739850132487948,-0.7309189665434379,0.6826024929396101,0.4505269371269603,50,True
spike,2116,crowd_74402,2.9369740399095896,-1.2008658713745113,1.4241179433855111,0.7685287751188341,46,True
spike,2117,crowd_74416,0.9764598868314538,-0.4187420445200777,0.0977203330827326,0.097264695497956,364,True
spike,2118,crowd_74542,,,,,9,False
spike,2119,crowd_74727,1.1610003728975848,0.307748391373094,0.2911914227182723,0.2426723787225242,69,True
spike,2120,crowd_74741,,,,,6,False
spike,2121,crowd_75002,0.3965372506733968,-1.3254929231740196,0.1415400813308318,0.1552160076806534,59,True
spike,2122,crowd_75016,1.471676307841027,-0.5690533258051427,0.1981890130669357,0.1650817500423259,210,True
spike,2123,crowd_75485,1.2072403864610564,-0.9999800309026492,0.3109375165425477,0.2835154426024237,62,True
spike,2124,crowd_75711,0.987282246184374,0.0072752669241705,0.1334632943850859,0.1410193886471618,169,True
spike,2125,crowd_75989,4.999999999999999,-2.0,3.946219780557179,1.8723848999262525,25,True
spike,2126,crowd_76314,0.927738831347988,-0.670974883387852,0.3964079647396895,0.4133457067860189,20,True
spike,2127,crowd_7656,0.7154128756000938,0.2278217940555236,0.1660714012436507,0.1703658127642097,93,True
spike,2128,crowd_76626,1.564447500427099,-0.4878986605127443,0.5867324390933146,0.4628775624710105,28,True
spike,2129,crowd_76627,4.999999999999999,-0.9390906306938696,5.582383045350282,1.83506611839859,24,True
spike,2130,crowd_76671,0.9380113414397656,-0.2256793494594802,0.2331976732516691,0.228786759285329,56,True
spike,2131,crowd_76687,1.2420545485375425,-0.3684530721833597,0.4073311331003545,0.3767734481985221,30,True
spike,2132,crowd_76796,,,,,8,False
spike,2133,crowd_77323,3.154737505566848,0.0666872473236129,2.277267967469606,0.9527986983805674,21,True
spike,2134,crowd_77379,4.6313077079719305,-2.0,1.3342945496071623,0.6702980893575541,130,True
spike,2135,crowd_77453,1.1602722965795982,-0.6292468903167854,0.2291235532169078,0.2178211656990306,90,True
spike,2136,crowd_77618,1.651737292751888,0.8847951099715493,0.3265884420041107,0.2576850341929087,124,True
spike,2137,crowd_77728,2.6721782947047363,-0.598606437258758,1.641260591348293,0.8613695150340256,20,True
spike,2138,crowd_77976,0.9619466264875728,-0.3735426001130265,0.1693147244698584,0.1642941302345389,120,True
spike,2139,crowd_78046,3.6077068572866784,0.1197766012667289,3.5311502623584774,1.1167011751170637,22,True
spike,2140,crowd_7805,1.8375109383017725,-0.3625554022115872,0.8856679297190965,0.6285903545304139,25,True
spike,2141,crowd_78064,0.9886588473299328,0.6154974518530446,0.1608592522357673,0.1408424443243771,164,True
spike,2142,crowd_78185,,,,,14,False
spike,2143,crowd_78247,,,,,7,False
spike,2144,crowd_78311,1.2743462589347023,-0.3822528974681784,0.3469882733688949,0.288714665608827,51,True
spike,2145,crowd_78354,1.787600890955492,1.0449278735539869,0.947179688097552,0.6743539192284136,21,True
spike,2146,crowd_78384,,,,,5,False
spike,2147,crowd_7882,1.406420414797394,0.3959645344475541,0.503670873893205,0.3963590770841043,31,True
spike,2148,crowd_7884,1.3883618852288755,-1.3263852498991655,0.163776662225559,0.1568572276884309,519,True
spike,2149,crowd_78887,4.999999999999999,0.7960264077864905,2.6780461581108885,0.8655379994940968,71,True
spike,2150,crowd_79247,1.4429372184974625,-0.0409424380370002,0.3572822543852035,0.324494050067645,52,True
spike,2151,crowd_79367,2.595711877966405,-0.5390350855170429,0.7280246916147777,0.3702246227885821,104,True
spike,2152,crowd_79417,0.8330077670960739,-0.1109125039780462,0.1347474843798148,0.145515673121183,128,True
spike,2153,crowd_79449,0.9177682148502416,-0.6097713666152549,0.2944707040839645,0.3117212660082091,30,True
spike,2154,crowd_79498,0.9308196275079872,-0.7881471321057012,0.222983619287008,0.2051023457895173,86,True
spike,2155,crowd_79511,1.294310892331729,-0.4354176911627318,0.2350068359965035,0.2111434523282245,100,True
spike,2156,crowd_79575,,,,,12,False
spike,2157,crowd_79778,,,,,12,False
spike,2158,crowd_79935,1.4495306399547605,-0.3638297241970248,0.3229084457656568,0.2594743454593962,80,True
spike,2159,crowd_80100,0.6638691464966416,-0.2125223430369893,0.2745053104945389,0.24453081716136,28,True
spike,2160,crowd_80102,,,,,10,False
spike,2161,crowd_80110,0.496464809332074,-1.1181861516945668,0.1058478049661856,0.0944929350878062,222,True
spike,2162,crowd_80267,0.8396945044497384,-0.3861355335873345,0.134998573829999,0.1302010607749672,180,True
spike,2163,crowd_80357,1.0762272516691018,-0.3293757799236989,0.1095904575675922,0.0977776187839244,385,True
spike,2164,crowd_80392,,,,,13,False
spike,2165,crowd_80676,1.0737513766044544,-0.5256646835594982,0.1072482232134802,0.1022398635746144,369,True
spike,2166,crowd_80738,0.97231462579526,-0.0062084364786431,0.1649782536541164,0.1627023633550794,113,True
spike,2167,crowd_80798,1.1829887028285937,-0.5147488577035978,0.1235958670535092,0.117152723187652,322,True
spike,2168,crowd_80925,1.104766890955683,-0.4519875054488968,0.0514032126224269,0.0472101703289193,1743,True
spike,2169,crowd_80955,,,,,5,False
spike,2170,crowd_81114,1.4190611205375063,0.0432829428141626,0.5429284429138354,0.4319982101208442,29,True
spike,2171,crowd_812,0.8572336911157525,-0.7048643054490513,0.0856822434042406,0.0767841376815509,639,True
spike,2172,crowd_81246,4.999999999999999,-0.467099555874694,3.7248783926241065,0.9813295652505758,51,True
spike,2173,crowd_81275,0.9996395369178172,-0.9158000249022002,0.3483626938609912,0.3341149397618586,30,True
spike,2174,crowd_81333,1.966223345007325,-0.2832668276767215,0.3723409372086975,0.2447007240438342,140,True
spike,2175,crowd_81415,4.835589144276856,-2.0,3.990949513564337,1.9997219558229116,22,True
spike,2176,crowd_81447,3.862822390203099,-0.5863210624054258,2.725589275945036,1.061187015411437,33,True
spike,2177,crowd_81511,1.1931114647922445,-0.635331389098243,0.3877505461937584,0.3795880691128875,31,True
spike,2178,crowd_81572,0.6711342719020532,-1.090554233433695,0.1547872119799025,0.1570456253650769,113,True
spike,2179,crowd_81832,0.9285249473307616,-0.3653749363425857,0.1160289683728,0.122470297611959,197,True
spike,2180,crowd_81970,,,,,14,False
spike,2181,crowd_81980,1.92480862250053,-0.8094052286038134,0.4799506445408616,0.3370253700540802,90,True
spike,2182,crowd_82001,2.048266737359208,-0.5856334327811257,0.3588443856473567,0.2258053751983986,201,True
spike,2183,crowd_82209,,,,,8,False
spike,2184,crowd_82228,0.6094291098431823,-0.4089487023589165,0.0299455233724997,0.0290784295254472,2430,True
spike,2185,crowd_82424,1.0667878851843131,-0.1868153710207418,0.3236259114579213,0.2900617530026001,38,True
spike,2186,crowd_82609,0.8538483358013543,-0.1595073855106387,0.1567988417164538,0.2015976862869286,83,True
spike,2187,crowd_82710,1.7045663220375389,-0.0344709168981289,0.4062755638981858,0.271402876369395,85,True
spike,2188,crowd_82732,2.242116306822155,-0.8764701683884316,0.795648216260101,0.495232223977109,65,True
spike,2189,crowd_82740,,,,,19,False
spike,2190,crowd_82935,0.999631361533916,-0.4037007308308143,0.2652537902126535,0.2587954953513509,47,True
spike,2191,crowd_82975,1.2350818246593749,0.4280086037903922,0.2152905755749588,0.1803884595710044,124,True
spike,2192,crowd_831,1.2889231213588588,-0.6628596918988486,0.1076184687134424,0.1036688464877547,664,True
spike,2193,crowd_83251,,,,,5,False
spike,2194,crowd_83380,,,,,10,False
spike,2195,crowd_83539,1.641016531869231,-0.5017742351031061,0.467109987817955,0.3284347347660574,58,True
spike,2196,crowd_83596,,,,,5,False
spike,2197,crowd_83612,0.976793366208636,-0.3273935887637787,0.1347544981025288,0.139294736400145,170,True
spike,2198,crowd_83665,0.5086302042212408,0.4999895153604112,0.2745835484615003,0.2719293540363235,20,True
spike,2199,crowd_83790,1.1167485328112396,-0.6685878338658762,0.2899158980931209,0.2497914923798412,61,True
spike,2200,crowd_83819,1.250950597904872,0.7139353699073808,0.2859888940556555,0.2684208831357207,73,True
spike,2201,crowd_83862,1.3222404914975707,-0.8126393237613229,0.3711970717671575,0.3475050057841417,57,True
spike,2202,crowd_83888,3.435291348388471,-1.6927944229169978,2.1965424182622533,1.2759737656775083,40,True
spike,2203,crowd_84307,0.7808964366763943,-0.1144572774858761,0.045600800201028,0.0473089618389602,1152,True
spike,2204,crowd_84426,,,,,14,False
spike,2205,crowd_84428,,,,,3,False
spike,2206,crowd_84545,0.768533664530293,-0.7101222756411055,0.3222972237015892,0.2379359039087914,51,True
spike,2207,crowd_84667,,,,,11,False
spike,2208,crowd_84776,2.1040398675427197,-0.9753959024341456,0.7113368971053491,0.4767881648166031,50,True
spike,2209,crowd_84780,0.8038440304806259,-0.1242042250536874,0.3134218991853969,0.2969421727947012,37,True
spike,2210,crowd_85238,,,,,4,False
spike,2211,crowd_8524,1.100133648630876,-0.2631883373434874,0.1225501596243611,0.1094240252505772,300,True
spike,2212,crowd_85377,4.999999999999999,0.1976685871966189,2.0031811657527476,0.607856794891997,122,True
spike,2213,crowd_85437,0.9879719808474046,0.4681211080941545,0.294288841450843,0.294920999551701,39,True
spike,2214,crowd_85458,1.4478349205212953,-0.1996643943641216,0.2925724074899415,0.2431934652589377,89,True
spike,2215,crowd_85467,0.6806864489398103,-0.4918536880049763,0.193012937182747,0.1922442101175703,53,True
spike,2216,crowd_85591,1.184658373320275,0.132550112111618,0.1146056579792637,0.1031403971431123,357,True
spike,2217,crowd_86017,0.7601621797340299,0.1400468232893756,0.1147099279099949,0.1214666969563045,168,True
spike,2218,crowd_86061,0.3177597519666603,0.5830037099436277,0.1196701460082013,0.1472946022610304,49,True
spike,2219,crowd_86244,1.004199949877846,-0.1940711738380142,0.1477907930202183,0.1486718913744053,140,True
spike,2220,crowd_86471,2.218205273395986,-0.2821690892627262,0.8915554665561514,0.5465522539909822,39,True
spike,2221,crowd_8648,0.6485060187645799,-0.0638737065249583,0.0603110048242356,0.0622568245272276,565,True
spike,2222,crowd_86496,1.8112847230346565,-0.4064624338188868,0.4306345423245024,0.2957470932306273,91,True
spike,2223,crowd_86524,1.085677615895528,0.0527962292969694,0.1497702052073234,0.1372137488167939,190,True
spike,2224,crowd_86582,1.396322892653841,-0.9367224360194412,0.3365248272607244,0.2950559185340136,72,True
spike,2225,crowd_86608,,,,,11,False
spike,2226,crowd_86637,0.6274225336746933,-1.2831280589875995,0.2451326821608316,0.2137929553813819,48,True
spike,2227,crowd_86662,1.8439389663596972,-0.2173154816250143,0.3541791784450865,0.2305540867853968,144,True
spike,2228,crowd_86801,,,,,15,False
spike,2229,crowd_86981,1.3426683926479488,0.2342216537982193,0.1598525438218795,0.13337936594416,255,True
spike,2230,crowd_87073,0.8493494414989725,-0.054764262544416,0.1182327309899755,0.1380798776162949,154,True
spike,2231,crowd_87092,,,,,12,False
spike,2232,crowd_87143,0.5187717921051463,-0.495694008089171,0.1825117913230859,0.170420489543767,61,True
spike,2233,crowd_87206,0.7399795055668387,0.1398238948799715,0.0583135541164571,0.0636498876967166,656,True
spike,2234,crowd_87271,1.4167535401953786,0.262777364293777,0.2627676094293408,0.210831191911931,111,True
spike,2235,crowd_87338,1.2657528133026223,-0.2358910937923619,0.1287120550800708,0.1093553876766514,354,True
spike,2236,crowd_87365,1.037174046299043,-0.6437649406292069,0.0975115319752548,0.0806350123184534,573,True
spike,2237,crowd_87433,1.448485069134662,-0.5360795251399486,0.3040567834054921,0.2341424964492378,96,True
spike,2238,crowd_87537,1.2991314095779882,-0.2197204817681119,0.1459776373953376,0.1285047269245087,269,True
spike,2239,crowd_87626,,,,,8,False
spike,2240,crowd_87656,0.7920579266398061,-0.0711751374828129,0.0572117292190424,0.0582109777614227,752,True
spike,2241,crowd_87738,1.4625063523625097,-0.740938168047587,0.22507309301132,0.1887308881292433,177,True
spike,2242,crowd_87743,3.830847961873317,1.5066992125427028,2.413135538964939,1.2877872105470276,44,True
spike,2243,crowd_87841,,,,,2,False
spike,2244,crowd_87869,1.697079875261155,-0.1038981993842591,0.3222087128121724,0.2269001830990787,126,True
spike,2245,crowd_87891,1.2775774461557274,-0.3323919836001882,0.2300677880084093,0.2042173710676815,104,True
spike,2246,crowd_88091,1.0718710605674209,-0.0673271029095162,0.1099327415954528,0.1046553031165586,308,True
spike,2247,crowd_88105,,,,,12,False
spike,2248,crowd_88180,0.6008229267486845,-0.1937586811456599,0.1367891176800066,0.1449068236834695,96,True
spike,2249,crowd_88239,1.856100652927745,-0.3350272108587966,0.598061725539208,0.4026546097778618,46,True
spike,2250,crowd_88268,1.2581776654599512,-1.0019337153554213,0.3676379791620606,0.2966457074939471,59,True
spike,2251,crowd_88586,0.598488666486856,-0.2308477523160767,0.0639725863599266,0.0627946695394444,519,True
spike,2252,crowd_88620,,,,,12,False
spike,2253,crowd_8864,0.5649873485819652,-0.3834263054308959,0.0210217142390017,0.0209444249745299,5105,True
spike,2254,crowd_88643,1.022132029575422,-0.3163894594607364,0.1309827878422087,0.1310941801049736,202,True
spike,2255,crowd_88723,0.6304398645167854,-0.117803043978219,0.1091435337639125,0.114371252585282,140,True
spike,2256,crowd_88838,0.3517718413922437,-0.662768088061308,0.1127614688943657,0.1077851164937487,104,True
spike,2257,crowd_88909,0.8738580158836395,-0.8030890276267456,0.195375165685217,0.166223068679913,108,True
spike,2258,crowd_88952,1.5419056430808693,-0.3154983638637898,0.4742839304544793,0.419187567205866,37,True
spike,2259,crowd_88992,,,,,8,False
spike,2260,crowd_89195,,,,,11,False
spike,2261,crowd_89211,1.0867148012606056,-0.3948935093813843,0.2541440301349143,0.2037968133643049,92,True
spike,2262,crowd_89416,1.224470279886294,0.0167711649219486,0.1696179393014021,0.1530734397206368,179,True
spike,2263,crowd_89429,0.8701611221214971,-0.1393021612447824,0.184771441118192,0.1689207060469733,110,True
spike,2264,crowd_89580,0.6053625672057388,0.4732703110824206,0.087468631867138,0.0968542032527271,203,True
spike,2265,crowd_89627,1.5809209817853265,-0.6116331775072141,0.3935427359981136,0.3389349458675592,61,True
spike,2266,crowd_89747,1.041989474828953,0.0833478234598817,0.0893846002628359,0.0907957716542181,418,True
spike,2267,crowd_89894,0.8970865032519039,-0.2761682420522704,0.0704476877855644,0.0700185325078169,598,True
spike,2268,crowd_89927,0.6477139621256072,-0.2316620484379232,0.1637746884305238,0.1249604354487681,167,True
spike,2269,crowd_89967,,,,,19,False
spike,2270,crowd_8999,0.883905696757428,-0.1811003583489329,0.2137540276484753,0.2088193001297283,57,True
spike,2271,crowd_89994,,,,,6,False
spike,2272,crowd_90194,0.7652369953305314,0.1859376462866285,0.0615918637687284,0.066788976949936,616,True
spike,2273,crowd_90247,,,,,8,False
spike,2274,crowd_90261,0.8937627175170125,0.0310278305845428,0.1314481306767129,0.1355119079518995,161,True
spike,2275,crowd_90301,1.0282862288837562,0.8066385377716169,0.4232234785217507,0.4381316378674245,22,True
spike,2276,crowd_90445,,,,,10,False
spike,2277,crowd_90453,,,,,2,False
spike,2278,crowd_90533,,,,,9,False
spike,2279,crowd_90580,0.2161772388284334,-1.1411627324257616,0.1067677752158784,0.1270138700363144,49,True
spike,2280,crowd_90612,0.9809340427727948,0.0074902267157992,0.1546219473166017,0.1568150000620769,129,True
spike,2281,crowd_90687,1.1655424065415927,-0.7086035499139999,0.5182506126424792,0.4318637065099092,28,True
spike,2282,crowd_90789,0.8702817068092331,0.0231155348387858,0.268577096183675,0.2820823486242347,33,True
spike,2283,crowd_90912,,,,,11,False
spike,2284,crowd_91090,0.7478984266830957,-0.1857110237753508,0.0485601202838107,0.049565930741628,1026,True
spike,2285,crowd_91112,3.410864218880085,-2.0,3.0065301306898964,2.0787229938349157,20,True
spike,2286,crowd_91163,,,,,16,False
spike,2287,crowd_91206,0.8195308497620188,-0.2973783517234699,0.067102025623448,0.0683577578285361,565,True
spike,2288,crowd_91208,0.7628516436079118,-0.2760428706354627,0.0672332487123157,0.0727614027518286,518,True
spike,2289,crowd_91211,0.6652190281492685,-0.2180797374115367,0.0344543206834729,0.0340694988428593,1979,True
spike,2290,crowd_91251,0.5347865304011861,-0.3715258447909026,0.0620624632280149,0.059178874775193,574,True
spike,2291,crowd_91282,1.3859570752585413,-0.3358097109382055,0.1342959071906089,0.1123728377885854,390,True
spike,2292,crowd_91326,1.4665038144367972,0.5597487524481117,0.5992536494430875,0.5732502658289946,26,True
spike,2293,crowd_91375,0.7967026748764717,0.2010932170407778,0.0802128560589257,0.0888660468487996,314,True
spike,2294,crowd_91399,,,,,6,False
spike,2295,crowd_91470,0.3166082054382732,-1.2086045484532024,0.151235770872943,0.1388843007905388,58,True
spike,2296,crowd_91497,,,,,8,False
spike,2297,crowd_91584,0.818731315489747,-0.3961493877811899,0.1455802952260871,0.1651235649827939,100,True
spike,2298,crowd_9159,0.9272812713053096,0.2923214143335404,0.1363890344575814,0.1245617285626548,168,True
spike,2299,crowd_91601,0.6664203116017515,-0.2274137693960621,0.1231701539693443,0.1244923518983279,133,True
spike,2300,crowd_91667,0.7943237686365938,-0.3478868874708314,0.2333532536194447,0.2384283616863533,42,True
spike,2301,crowd_91694,2.409403046646764,-0.6456250346480122,0.8891674730444129,0.4679819031996761,55,True
spike,2302,crowd_91700,2.027974016594812,-0.3820906856603943,0.911159999015696,0.555227005770162,30,True
spike,2303,crowd_91723,0.896831571638941,0.1716354141603223,0.1886084831627663,0.1790360994359003,97,True
spike,2304,crowd_91739,1.046950316067066,0.2664851723274963,0.2216235186000651,0.215907478791239,71,True
spike,2305,crowd_91778,0.8975916381003204,-0.7081049363719091,0.3075991496310908,0.3030063855526844,31,True
spike,2306,crowd_91844,0.8676027972925761,-0.5348478264994976,0.3138171056869256,0.3953366694796443,21,True
spike,2307,crowd_91847,,,,,10,False
spike,2308,crowd_91892,3.034379550488158,1.4139749302097635,2.31557577739942,1.557574879274738,24,True
spike,2309,crowd_91953,0.0296094638952956,1.407960716153348,2.5617568028047155,6.0297351894287825,27,True
spike,2310,crowd_91959,1.2805206104963955,-0.4140316203311452,0.2784065147310975,0.2657859503547266,67,True
spike,2311,crowd_92,0.6795482571433772,-0.2726862282699975,0.042355464133173,0.0418665357018107,1397,True
spike,2312,crowd_92022,1.8596641994794536,-0.26671813612459,0.6376296352333745,0.4280600694877129,42,True
spike,2313,crowd_92046,0.877629769275218,-0.2011887309511156,0.2110903933397458,0.2000719409503851,66,True
spike,2314,crowd_92053,3.0173817972248775,-1.4163986178619588,1.2259378533834973,0.8002604896029178,63,True
spike,2315,crowd_92177,0.9724331179272484,-0.2262698953948378,0.2531618725297418,0.2340694262952893,59,True
spike,2316,crowd_92186,3.596402368355226,1.4196814959372337,1.6983535812881134,0.8931864824959574,65,True
spike,2317,crowd_92193,,,,,10,False
spike,2318,crowd_92222,2.7367762765997776,-2.0,1.609774645788568,1.2814371743642667,38,True
spike,2319,crowd_92259,1.2362112938500445,-0.3451508121373372,0.3576875111199279,0.3035878814769343,46,True
spike,2320,crowd_92266,0.7175288968350043,-0.7034256095785469,0.2137879163353885,0.1991549341026953,58,True
spike,2321,crowd_92325,,,,,5,False
spike,2322,crowd_92341,1.9294598128577432,0.7149057144322098,0.5663591245798957,0.3591420051610164,67,True
spike,2323,crowd_92381,1.5654038152836602,1.144312119856861,0.52206964361507,0.4672136369812759,43,True
spike,2324,crowd_92409,1.6208691925309422,0.8693808009171851,0.7224153230572944,0.5118898251568436,27,True
spike,2325,crowd_92504,0.8234320416369072,0.029609667226789,0.242058396794219,0.2619466177552268,41,True
spike,2326,crowd_92554,1.089377636080931,0.2370081788200136,0.1394210306230048,0.1372919523443365,190,True
spike,2327,crowd_92611,0.8672684156632092,0.1859619724597381,0.0310643229984356,0.0312566229928874,2864,True
spike,2328,crowd_9265,1.4444315002969756,-1.374301068398479,0.1407630497818253,0.1282123565235262,804,True
spike,2329,crowd_92675,2.0727420300948745,-1.4158191945493752,1.0843256491325293,0.8233876277540484,28,True
spike,2330,crowd_92775,4.999999999999999,-0.6201385704771241,5.830549069172536,1.6819214579912216,20,True
spike,2331,crowd_92807,1.5027284997667707,-0.9879461543346354,0.2583762400598622,0.218508445960891,147,True
spike,2332,crowd_92836,,,,,19,False
spike,2333,crowd_92960,,,,,13,False
spike,2334,crowd_92986,1.6282364808640089,-0.1130290423652647,0.1902570894492846,0.1364917154981007,320,True
spike,2335,crowd_93021,,,,,10,False
spike,2336,crowd_93027,0.8068432351935972,-0.692425984254804,0.2163592648939458,0.2430363227267448,52,True
spike,2337,crowd_93174,,,,,13,False
spike,2338,crowd_93234,1.1327610493825215,1.0321012937134573,0.4959526692898633,0.4645237324122949,21,True
spike,2339,crowd_93271,,,,,12,False
spike,2340,crowd_93324,4.67489874805032,-0.5417202085602726,3.541454439248951,1.0399790306035916,41,True
spike,2341,crowd_93504,0.7748893510635432,0.1025177434367349,0.2480380141969942,0.2556041742210426,40,True
spike,2342,crowd_93526,0.9325553124130882,-0.0267117638745572,0.2508064167809347,0.2346469763159302,50,True
spike,2343,crowd_93620,1.3999758654543093,-1.2204028832414964,0.3845813494059417,0.3087316849832181,75,True
spike,2344,crowd_93621,0.918842845316077,0.7752656004610391,0.3701640563978147,0.382917213494663,20,True
spike,2345,crowd_93738,1.3498883936875894,-0.2199174804969666,0.1707176294897028,0.137166767380326,240,True
spike,2346,crowd_93740,1.7565209938278463,-0.3162829942849817,0.3648472849658576,0.242815741671319,117,True
spike,2347,crowd_93763,0.8713958734424897,-0.5949817790024607,0.3635175193068345,0.4057733684846339,20,True
spike,2348,crowd_94216,0.8800412442488298,-0.0338197844958452,0.0641259942271495,0.0644575482148595,643,True
spike,2349,crowd_94320,,,,,12,False
spike,2350,crowd_94546,,,,,10,False
spike,2351,crowd_95427,1.4376144000425262,0.104710148670531,0.3401119224029135,0.2912713164071792,62,True
spike,2352,crowd_96724,0.732323240956968,-0.081121252519458,0.2284609829006533,0.1992582479630385,68,True
spike,2353,crowd_9697,,,,,3,False
spike,2354,crowd_97106,1.11012418997542,-0.2472903700062387,0.2574181575324705,0.2560499652157806,60,True
spike,2355,crowd_97960,0.5570547230053579,0.5264647577098561,0.1700534577757938,0.1711988777610408,64,True
spike,2356,crowd_98111,,,,,17,False
spike,2357,crowd_98136,,,,,10,False
spike,2358,crowd_98317,,,,,12,False
spike,2359,crowd_98384,,,,,4,False
spike,2360,crowd_9848,0.7482747317453092,0.0010419256856953,0.1103376020137872,0.1265675980545325,170,True
spike,2361,crowd_98496,1.415587726171693,0.7001484867954125,0.6325504857928027,0.427377492098031,25,True
spike,2362,crowd_98733,0.9802630589448224,-0.2172923687246455,0.0645422691486538,0.0638045258348435,792,True
spike,2363,crowd_99114,0.7747891474538973,0.3455968506123912,0.1956705900672518,0.23984350477538,56,True
spike,2364,crowd_99192,0.7469975084524476,-0.4129640839013463,0.1420379873122493,0.1442012305033374,125,True
spike,2365,crowd_9941,0.7860494010878867,0.2228782730466298,0.1099213533003142,0.1060533810187973,217,True
spike,2366,crowd_99427,1.14392239434472,-0.8183683349071471,0.2697152130970454,0.2289203322843341,92,True
spike,2367,crowd_99708,0.6675928466631542,-0.1282156635665221,0.027356292782885,0.0283883140374753,2820,True
spike,2368,crowd_99820,0.888407413935279,-0.2167932670965215,0.0610267596354019,0.0636952033925466,706,True
spike,2369,spikeed_expert_611b518f,0.5319353016768895,1.389301998360548,0.0766184982868057,0.0720613340465912,500,True
spike,2370,spikeed_expert_b9de0898,0.4873255983617467,0.3708472384102535,0.0536382701453242,0.0513700984097016,500,True
spike,2371,spikeed_expert_cc3cba8e,0.5343838056252402,0.9404137754887028,0.0590520608997276,0.0622710323337607,500,True
spike,2372,spikeed_expert_de85e4ae,0.6286552537161034,0.5357797340326033,0.0622178900181094,0.0603938094947969,500,True
spike,2373,spikeed_expert_f9c3c131,0.4285372932868081,0.3037091965042917,0.049451876438819,0.0482562306898209,500,True
spike,2374,spikeed_public_024ff3de,1.0385498507654929,-0.3400454934846345,0.0981387496296637,0.0740148921691797,500,True
spike,2375,spikeed_public_0b885822,,,,,16,False
spike,2376,spikeed_public_1360ef60,,,,,7,False
spike,2377,spikeed_public_18205fab,,,,,6,False
spike,2378,spikeed_public_1d0981d0,,,,,12,False
spike,2379,spikeed_public_264dc478,0.59361928075132,0.1333879651925727,0.1620626289377833,0.1603572602210294,50,True
spike,2380,spikeed_public_2a32e349,,,,,10,False
spike,2381,spikeed_public_32953e3b,0.6915722135653296,0.7972130601041083,0.3288567101912574,0.2288649269600404,50,True
spike,2382,spikeed_public_3aa54aa5,,,,,1,False
spike,2383,spikeed_public_3ae70958,0.4773183229546081,-0.3552168646497903,0.1911181917187903,0.1470273445353696,44,True
spike,2384,spikeed_public_3b2cec6f,0.6911010415582937,0.6498238046318624,0.0667582361647506,0.0645578388384638,500,True
spike,2385,spikeed_public_458c54e8,,,,,7,False
spike,2386,spikeed_public_4a5d8a1a,,,,,2,False
spike,2387,spikeed_public_4d0ddd55,1.5512744009612336,-0.2238142741084541,0.748839016346694,0.4876932427704889,25,True
spike,2388,spikeed_public_4d4b9706,0.5745556704230995,1.3565606274480335,0.3768745149636162,0.3349198888883421,21,True
spike,2389,spikeed_public_5016b053,0.4902643030803537,1.084000397900546,0.0720722673946775,0.0744199612523722,338,True
spike,2390,spikeed_public_51b0fe35,,,,,1,False
spike,2391,spikeed_public_54f901f2,,,,,12,False
spike,2392,spikeed_public_5b968fde,,,,,1,False
spike,2393,spikeed_public_5f323bad,,,,,9,False
spike,2394,spikeed_public_611b518f,0.5319353016768895,1.389301998360548,0.0766184982868057,0.0720613340465912,500,True
spike,2395,spikeed_public_63cb11fc,0.8658724358396404,0.6289370596860195,0.0862456211462461,0.0748328217096464,500,True
spike,2396,spikeed_public_6bc473d5,0.02,-0.7394509533739683,0.2048371613699056,0.3415680083458821,22,True
spike,2397,spikeed_public_6ef4a58d,0.7886139783035904,0.5346615685306221,0.3228818376320451,0.3017214063977821,23,True
spike,2398,spikeed_public_717fccdc,0.5606514058526569,0.4580882871093398,0.0549253019883453,0.0555537155729398,500,True
spike,2399,spikeed_public_729efd4e,0.446596019852444,1.2875869263805015,0.0762972471861989,0.0603844686031327,500,True
spike,2400,spikeed_public_76c9f87d,0.62729024205577,0.7148565420692201,0.1093561549865957,0.1041836880964598,159,True
spike,2401,spikeed_public_7829a190,,,,,19,False
spike,2402,spikeed_public_78cb1ea5,,,,,11,False
spike,2403,spikeed_public_78d881dd,0.4887530650172166,0.5682706823825339,0.295210899700791,0.2376425681920342,51,True
spike,2404,spikeed_public_7acc9aab,0.714378735232359,0.7057725712965894,0.1640001372938494,0.1380730050005284,102,True
spike,2405,spikeed_public_7f1d6b6a,0.8461246183082107,-0.6292941719368601,0.335186246103841,0.2758889719463442,35,True
spike,2406,spikeed_public_82a5faca,,,,,9,False
spike,2407,spikeed_public_85aa1f2a,,,,,10,False
spike,2408,spikeed_public_860caa90,0.4860841227484646,0.5711880960316683,0.1610462275331836,0.1265601006189372,91,True
spike,2409,spikeed_public_89f668ca,0.0320451714070864,0.7180231146962595,,,34,True
spike,2410,spikeed_public_8e59cf5f,0.9619873324516848,1.1208824365577048,0.154970108451792,0.1390214197471822,248,True
spike,2411,spikeed_public_900620f8,,,,,4,False
spike,2412,spikeed_public_92a667df,,,,,3,False
spike,2413,spikeed_public_97cec6a4,,,,,8,False
spike,2414,spikeed_public_9f5c7733,,,,,1,False
spike,2415,spikeed_public_9f86d081,,,,,1,False
spike,2416,spikeed_public_a121a32e,0.7101842186613851,0.6686239192051944,0.2919395654935979,0.2605679458711379,40,True
spike,2417,spikeed_public_a169920b,,,,,2,False
spike,2418,spikeed_public_a3184591,0.2744105676240411,0.8772577477217512,0.1944089559703608,0.2179246623077501,23,True
spike,2419,spikeed_public_a4d4967d,2.032407857245711,2.0,0.2896816233193688,0.2631415920296667,500,True
spike,2420,spikeed_public_a6a5b70c,,,,,8,False
spike,2421,spikeed_public_a6c4783b,0.9806478302418526,-0.1880358008251003,0.2637731111359834,0.2223717725342186,52,True
spike,2422,spikeed_public_a95ccbab,0.6019815052113748,0.6785763044218353,0.0595212526152399,0.0598016259966997,500,True
spike,2423,spikeed_public_ad2a1fc6,0.3385962717826123,0.6052086438565788,0.1337029216389606,0.1409821493862433,28,True
spike,2424,spikeed_public_ae0d1ea5,,,,,4,False
spike,2425,spikeed_public_b0d5e510,0.6105811545704322,0.009685248868582,0.1312124348999208,0.1150776773986212,103,True
spike,2426,spikeed_public_b435395c,,,,,1,False
spike,2427,spikeed_public_b5ba33b2,,,,,8,False
spike,2428,spikeed_public_b8ce783e,,,,,12,False
spike,2429,spikeed_public_be579f91,0.5107445103847683,0.4822323925564254,0.0573661624781174,0.0559511181451284,500,True
spike,2430,spikeed_public_bf3d7a95,0.733426946778066,-0.3425486726304605,0.2228360052529042,0.1842270257375468,44,True
spike,2431,spikeed_public_c2dbdc39,1.5396740445577453,0.9866869563026464,0.7335965821823718,0.5511365913767571,31,True
spike,2432,spikeed_public_c4c6aed2,,,,,4,False
spike,2433,spikeed_public_c4ce0ad2,1.0567231545113998,0.0835751136947515,0.2372606336498728,0.1936917566507298,78,True
spike,2434,spikeed_public_cc3cba8e,0.5343838056252402,0.9404137754887028,0.0590520608997276,0.0622710323337607,500,True
spike,2435,spikeed_public_ce15dab1,0.7138708464498406,0.468863918846706,0.2463384067973866,0.2661854002695661,35,True
spike,2436,spikeed_public_d58a8e43,0.5276866862285421,0.6655245182762701,0.2268007449804585,0.1708641042088203,50,True
spike,2437,spikeed_public_d71f6d25,0.6799766315106432,1.0972532816227745,0.0790665230407718,0.077589373235069,500,True
spike,2438,spikeed_public_d7759f8b,0.5284960747120742,0.6050429937054341,0.1265348618893484,0.1562338057911017,82,True
spike,2439,spikeed_public_d90cf374,0.541751676105253,0.7862707829624143,0.058991672712183,0.0595933822385361,500,True
spike,2440,spikeed_public_dbe18aea,0.540920817689298,0.0986792636765255,0.0663101892617952,0.0509666970628304,500,True
spike,2441,spikeed_public_de7d1b72,,,,,7,False
spike,2442,spikeed_public_de85e4ae,0.6286552537161034,0.5357797340326033,0.0622178900181094,0.0603938094947969,500,True
spike,2443,spikeed_public_dec3677d,0.669020946993295,0.9941791224490352,0.1017582247794821,0.0975736191605258,260,True
spike,2444,spikeed_public_e2096a22,0.7299303896447193,0.6056879116882026,0.0682111651932708,0.0680525616978555,500,True
spike,2445,spikeed_public_e288794b,0.487313919880283,0.7149201976310486,0.052334806029658,0.0544047674360261,500,True
spike,2446,spikeed_public_e6e0ccc2,,,,,7,False
spike,2447,spikeed_public_ea54c935,,,,,1,False
spike,2448,spikeed_public_ebd5436a,,,,,10,False
spike,2449,spikeed_public_ee15b260,0.5061571674083568,1.3614039665743571,0.3124949805780919,0.3202895133421885,55,True
spike,2450,spikeed_public_ef2b1c25,,,,,11,False
spike,2451,spikeed_public_f16cdef6,0.94089264128369,0.5284035350814311,0.5215208784850134,0.3506128587071892,25,True
spike,2452,spikeed_public_f2c65660,0.5409191386972906,0.903648311737525,0.1009083823945672,0.119644005623709,178,True
spike,2453,spikeed_public_f34b2674,0.0279545348371886,0.4027543520404185,,,29,True
spike,2454,spikeed_public_f64c7bcf,,,,,19,False
spike,2455,spikeed_public_f9c3c131,0.4285372932868081,0.3037091965042917,0.049451876438819,0.0482562306898209,500,True
spike,2456,spikeed_public_fb98d44a,1.289979157272375,-0.7309472959297096,0.5736674045908635,0.4306703126519235,27,True
spike,2457,spikeed_public_ff12f38d,,,,,3,False
spike,2458,spikeed_test_all_raters_03257531,,,,,6,False
spike,2459,spikeed_test_all_raters_056d6c4b,,,,,15,False
spike,2460,spikeed_test_all_raters_064e4e23,0.6448511766384057,0.2607883258630666,0.1770476574986776,0.1609103243849149,54,True
spike,2461,spikeed_test_all_raters_07fa5266,0.5565417753003169,0.2514063472645698,0.0418902650337543,0.0361568729900667,1000,True
spike,2462,spikeed_test_all_raters_0917e7be,0.956633240127,0.1566757732454143,0.149375819938803,0.1105249109239884,191,True
spike,2463,spikeed_test_all_raters_09258d04,0.712304118051819,0.2816681677234699,0.0490030076252307,0.0413809368456388,1000,True
spike,2464,spikeed_test_all_raters_0b885822,,,,,16,False
spike,2465,spikeed_test_all_raters_1360ef60,,,,,7,False
spike,2466,spikeed_test_all_raters_176266b3,1.1824125338063545,-0.5419730750808455,0.1190180955381151,0.0850906623324295,500,True
spike,2467,spikeed_test_all_raters_1fce4288,4.999999999999999,0.9631062685450378,3.4338073301523107,0.824228623887756,101,True
spike,2468,spikeed_test_all_raters_217fe223,0.8865602671903572,-0.434592237208409,0.142689407759016,0.1140088437983938,182,True
spike,2469,spikeed_test_all_raters_22792f93,0.7527669765764894,-0.1919425268633371,0.0502939825734031,0.0423118742659111,1000,True
spike,2470,spikeed_test_all_raters_24e4a84b,1.3923404161093478,-0.6939771228389389,0.1097204338334696,0.0778688010666269,918,True
spike,2471,spikeed_test_all_raters_24f8270d,0.8707597484072629,-0.3851197581097511,0.0589226361584903,0.0472452004693585,1000,True
spike,2472,spikeed_test_all_raters_26ef33af,0.7574575230925225,0.1875718266577886,0.0514901444656583,0.0424717913324737,1000,True
spike,2473,spikeed_test_all_raters_29b56634,,,,,14,False
spike,2474,spikeed_test_all_raters_30f9b5a2,0.8266412035696579,-0.1936121129907425,0.0539234377363012,0.0456152072558591,1000,True
spike,2475,spikeed_test_all_raters_32f5fdbb,0.7615588523466575,0.0500335305017862,0.0498817939779745,0.0422850985969107,1000,True
spike,2476,spikeed_test_all_raters_3aa54aa5,,,,,1,False
spike,2477,spikeed_test_all_raters_40cfb68a,0.8749392980665979,0.2451462720562398,0.2451686312624586,0.229502545863174,48,True
spike,2478,spikeed_test_all_raters_4504e0d1,0.6961067685633608,-0.1620280224398192,0.0458555236923869,0.0394442336700004,1000,True
spike,2479,spikeed_test_all_raters_458c54e8,,,,,7,False
spike,2480,spikeed_test_all_raters_483b2a27,0.55537382681611,0.0330156886119057,0.0413379609257606,0.0351877331650352,1000,True
spike,2481,spikeed_test_all_raters_48626f48,0.8049602673102597,0.7619710206824915,0.0781785795569336,0.0740101894048989,500,True
spike,2482,spikeed_test_all_raters_49b223ab,1.3638498256814098,0.2153693260264113,0.1432754700877101,0.0931802524758878,500,True
spike,2483,spikeed_test_all_raters_504a24fb,0.9802409909669052,-0.060827201531952,0.0660254082203133,0.0501784203332373,1000,True
spike,2484,spikeed_test_all_raters_541621ff,0.7663181404727496,-0.1017234751023374,0.0522020876982529,0.0428133424964836,1000,True
spike,2485,spikeed_test_all_raters_56644ec5,0.6274948021867313,-0.0036172129135488,0.0441338171545443,0.0378273800062291,1000,True
spike,2486,spikeed_test_all_raters_5743c95c,0.7366046055466968,0.4223192815071043,0.1538582776954824,0.0916824272420586,253,True
spike,2487,spikeed_test_all_raters_57cc623e,0.960352153725982,-0.1371310223411838,0.0634337534644538,0.0494360224196156,1000,True
spike,2488,spikeed_test_all_raters_5812bb9c,0.6408105586494512,0.230593739842427,0.045661476679024,0.0381957238703226,1000,True
spike,2489,spikeed_test_all_raters_5af4a435,1.6583418055241106,1.9833635043274431,0.2586732649644625,0.2669844632406105,500,True
spike,2490,spikeed_test_all_raters_5fbf8b76,0.813836162478501,-0.1721257784605501,0.0559555571067116,0.0440086360844514,1000,True
spike,2491,spikeed_test_all_raters_634f8588,1.0852496442978792,-0.6032464259461998,0.4101722066406088,0.2629580331640566,44,True
spike,2492,spikeed_test_all_raters_6642d8d7,0.6085932958903901,0.0925669968579412,0.0550735746173429,0.0516783910567598,503,True
spike,2493,spikeed_test_all_raters_69a6f8fa,0.7272957576326413,0.0681015182389174,0.0505180102930267,0.042701350217943,1000,True
spike,2494,spikeed_test_all_raters_6af67620,0.9357719092155646,-0.191405068017697,0.0904374770453487,0.0684560472831902,500,True
spike,2495,spikeed_test_all_raters_6c3603ba,0.809655152309257,-0.4004089371696401,0.0757879059200803,0.0630255108204659,500,True
spike,2496,spikeed_test_all_raters_6ef4a58d,0.7886139783035904,0.5346615685306221,0.3228818376320451,0.3017214063977821,23,True
spike,2497,spikeed_test_all_raters_6f0773d2,,,,,10,False
spike,2498,spikeed_test_all_raters_6f57f5bb,1.809336352741421,-0.0777387035452661,0.5282242141033107,0.2686071674789598,90,True
spike,2499,spikeed_test_all_raters_717fccdc,0.5606514058526569,0.4580882871093398,0.0549253019883453,0.0555537155729398,500,True
spike,2500,spikeed_test_all_raters_747c7b77,1.5179371513722588,-0.3514795238051723,0.1189986322426131,0.0719739952836927,1000,True
spike,2501,spikeed_test_all_raters_769b3c8f,0.6457885862437116,0.0213175015106961,0.1246543144913115,0.1178052320815501,101,True
spike,2502,spikeed_test_all_raters_7814a170,0.7606812862492192,-0.0909582497921916,0.0493683667099277,0.0421439876276089,1000,True
spike,2503,spikeed_test_all_raters_7829a190,,,,,19,False
spike,2504,spikeed_test_all_raters_78cb1ea5,,,,,11,False
spike,2505,spikeed_test_all_raters_78d881dd,0.4887530650172166,0.5682706823825339,0.295210899700791,0.2376425681920342,51,True
spike,2506,spikeed_test_all_raters_7b79d499,0.5551504459919531,0.2220731738816647,0.040462911932912,0.0365758590900395,1000,True
spike,2507,spikeed_test_all_raters_862b87d0,2.1883556434290683,1.8373773575442736,0.3799221837674781,0.3152517043739808,500,True
spike,2508,spikeed_test_all_raters_88de3d13,0.8104217304651309,1.2945715069285118,0.094559752068992,0.0934826556604343,500,True
spike,2509,spikeed_test_all_raters_900620f8,,,,,4,False
spike,2510,spikeed_test_all_raters_93eb2d82,1.0459445004815913,-0.1943197572425332,0.2411117450536891,0.1712689612117563,101,True
spike,2511,spikeed_test_all_raters_97cec6a4,,,,,8,False
spike,2512,spikeed_test_all_raters_984db7a3,0.8121519003321973,-0.1328000301305939,0.2375311082998709,0.1915939445765594,50,True
spike,2513,spikeed_test_all_raters_9ec7e159,0.9736934386866076,-0.1965718022874818,0.0647742934644096,0.0501464002390748,1000,True
spike,2514,spikeed_test_all_raters_a063ca41,,,,,8,False
spike,2515,spikeed_test_all_raters_a3184591,0.2744105676240411,0.8772577477217512,0.1944089559703608,0.2179246623077501,23,True
spike,2516,spikeed_test_all_raters_a6a5b70c,,,,,1,False
spike,2517,spikeed_test_all_raters_a7346094,0.5176515734734092,0.646798891095467,0.0807189415264031,0.0716466331129821,302,True
spike,2518,spikeed_test_all_raters_a745ec06,0.8820741709850396,0.4511752345656118,0.1164316460295114,0.0981670767894968,259,True
spike,2519,spikeed_test_all_raters_a9dd53b8,0.7974390311506917,-0.0128196698773859,0.1081815796485784,0.083304311731191,267,True
spike,2520,spikeed_test_all_raters_ad2a1fc6,0.3385962717826123,0.6052086438565788,0.1337029216389606,0.1409821493862433,28,True
spike,2521,spikeed_test_all_raters_ae977bcc,0.6872951528356066,-0.1276855967707676,0.0492043314395613,0.0403106389369042,1000,True
spike,2522,spikeed_test_all_raters_b087dd09,0.5799367484249058,0.2507703102006707,0.0384466783754623,0.0370982765301484,1000,True
spike,2523,spikeed_test_all_raters_b5ba33b2,,,,,8,False
spike,2524,spikeed_test_all_raters_b629074b,,,,,19,False
spike,2525,spikeed_test_all_raters_b9de0898,0.4873255983617467,0.3708472384102535,0.0536382701453242,0.0513700984097016,500,True
spike,2526,spikeed_test_all_raters_ba464bd2,0.8078989390380811,-0.2562982892373119,0.0590815541617021,0.0481204715902154,867,True
spike,2527,spikeed_test_all_raters_bbe02834,0.8614106318480068,0.1695003801030839,0.0579875966717906,0.0463163918903172,1000,True
spike,2528,spikeed_test_all_raters_bc4e39e6,1.425166933993414,1.1723058470262866,0.1797714858981251,0.1515747840253665,500,True
spike,2529,spikeed_test_all_raters_bda1b7a5,1.613728152147898,-0.2302415667115067,0.6806371409138687,0.4292573677400667,30,True
spike,2530,spikeed_test_all_raters_be579f91,0.5107445103847683,0.4822323925564254,0.0573661624781174,0.0559511181451284,500,True
spike,2531,spikeed_test_all_raters_c14d56be,2.2088823340551285,-0.0420453585666609,1.5798851279238313,0.6369980544390116,23,True
spike,2532,spikeed_test_all_raters_c15c03e5,1.052833899158193,-0.1611351342037068,0.0711597761112007,0.0524321121077029,1000,True
spike,2533,spikeed_test_all_raters_c2dbdc39,1.5396740445577453,0.9866869563026464,0.7335965821823718,0.5511365913767571,31,True
spike,2534,spikeed_test_all_raters_c7bf4bbd,,,,,17,False
spike,2535,spikeed_test_all_raters_d1db6ed8,0.6427375768986975,0.1387443745222134,0.044894438224027,0.0385036086093031,1000,True
spike,2536,spikeed_test_all_raters_d4dae63c,0.8870390987337006,0.3367205336697332,0.0900193707589625,0.0697761558707271,500,True
spike,2537,spikeed_test_all_raters_d7759f8b,0.4329031292383845,0.5339935584445373,0.1535354102902215,0.1836530428044433,77,True
spike,2538,spikeed_test_all_raters_d90cf374,0.541751676105253,0.7862707829624143,0.058991672712183,0.0595933822385361,500,True
spike,2539,spikeed_test_all_raters_dad1bf85,1.577980325356097,-0.0727918329698489,0.4121806262350029,0.2461481075369191,91,True
spike,2540,spikeed_test_all_raters_db89f9b9,1.177368388180653,-0.4427001355443907,0.0804412838810287,0.0598488963651636,1000,True
spike,2541,spikeed_test_all_raters_dbe18aea,,,,,3,False
spike,2542,spikeed_test_all_raters_e288794b,0.487313919880283,0.7149201976310486,0.052334806029658,0.0544047674360261,500,True
spike,2543,spikeed_test_all_raters_e46a41ba,0.8364023508410872,-0.6406839290760601,0.0603010587235902,0.0489726179121281,1000,True
spike,2544,spikeed_test_all_raters_e4751cc2,0.565162317324812,0.0914456775535179,0.0424801658731084,0.0346286704754284,1000,True
spike,2545,spikeed_test_all_raters_e52e1ced,,,,,12,False
spike,2546,spikeed_test_all_raters_ea54c935,,,,,1,False
spike,2547,spikeed_test_all_raters_ee15b260,0.5061571674083568,1.3614039665743571,0.3124949805780919,0.3202895133421885,55,True
spike,2548,spikeed_test_all_raters_f2c65660,0.5409191386972906,0.903648311737525,0.1009083823945672,0.119644005623709,178,True
spike,2549,spikeed_test_all_raters_f8813c4b,0.9028397569967066,0.6689868114126147,0.2629668944431193,0.2296251687266748,63,True
spike,2550,spikeed_test_all_raters_ff12f38d,,,,,3,False
spike,2551,centaur_26,,,,,3,False
spike,2552,centaur_1196,4.288444479785827,2.0,2.9855977625711625,1.905840731360865,21,True
spike,2553,centaur_7884,,,,,18,False
spike,2554,centaur_31969,0.1351383641179822,2.0,,,32,True
spike,2555,centaur_43096,0.5890044998749241,-0.2770788457989193,0.1351873687046197,0.1518065999730622,112,True
spike,2556,centaur_44047,,,,,1,False
spike,2557,centaur_44264,,,,,2,False
spike,2558,centaur_44529,,,,,16,False
spike,2559,centaur_46967,,,,,11,False
spike,2560,centaur_54950,,,,,1,False
spike,2561,centaur_60070,2.310553131821768,1.2897967837054516,1.757779752058294,1.5318982903166114,27,True
spike,2562,centaur_63379,,,,,3,False
spike,2563,centaur_65621,,,,,2,False
spike,2564,centaur_69061,,,,,4,False
spike,2565,centaur_75969,1.7313946210814284,-0.0475385373195747,0.2115387102618612,0.1380348912643473,421,True
spike,2566,centaur_112839,4.999999999999999,1.1883580969577507,5.276160570174375,2.731561800659152,27,True
spike,2567,centaur_119623,,,,,5,False
spike,2568,centaur_121476,,,,,13,False
spike,2569,centaur_123180,0.5119922744696481,0.2751665840213814,0.0522296444636238,0.0590753488285823,729,True
spike,2570,centaur_123559,0.7295079392367376,-0.2119567300410526,0.0283230697392882,0.0258776104765493,4455,True
spike,2571,centaur_131059,0.7151918115791834,0.4522241538277258,0.0772048813524352,0.090498593095664,471,True
spike,2572,centaur_132535,3.1842426208282326,2.0,1.3519258226314814,1.1414996929024102,103,True
spike,2573,centaur_133101,1.753458137589574,2.0,0.9137181274842064,1.2142731700576792,40,True
spike,2574,centaur_139516,,,,,5,False
spike,2575,centaur_147231,,,,,11,False
spike,2576,centaur_154419,1.4244414691689085,0.0307145956161988,0.5209531457713144,0.4388641489429882,40,True
spike,2577,centaur_159195,,,,,1,False
spike,2578,centaur_171119,,,,,4,False
spike,2579,centaur_180994,1.5039450218343942,0.9004578859174691,1.1345311985904625,1.084508818184703,21,True
spike,2580,centaur_181335,1.043732413484899,0.3084875840939193,0.2643743041183779,0.2961893242010366,60,True
spike,2581,centaur_187180,0.8277447036270918,0.586257965853952,0.0264060750851856,0.0281838766257801,4269,True
spike,2582,centaur_189963,,,,,10,False
spike,2583,centaur_191971,0.7525515275515521,0.192128367824815,0.0572586379844805,0.0659710947342816,772,True
spike,2584,centaur_195961,,,,,14,False
spike,2585,centaur_202841,,,,,1,False
spike,2586,centaur_216590,,,,,5,False
spike,2587,centaur_218955,,,,,10,False
spike,2588,centaur_225288,0.7299167775429228,0.5449942238025574,0.1656450344786592,0.2168427989266273,97,True
spike,2589,centaur_235741,1.3108221600490777,1.3079164445635865,0.2262600069293514,0.2691405033037383,277,True
spike,2590,centaur_258421,,,,,9,False
spike,2591,centaur_260963,,,,,1,False
spike,2592,centaur_262204,0.02,2.0,0.0461970333797677,0.079635082277631,41,True
spike,2593,centaur_268686,0.5447292520162644,0.637232975680428,0.075556083204499,0.0841683911355209,420,True
spike,2594,centaur_268689,0.5892297606774571,0.7923445305937171,0.0623827270468388,0.0715549349334395,690,True
spike,2595,centaur_270392,,,,,1,False
spike,2596,centaur_270967,,,,,1,False
spike,2597,centaur_274523,,,,,18,False
spike,2598,centaur_280197,0.4740027379856076,0.0318674222200169,0.1253214866074274,0.141407749499611,115,True
spike,2599,centaur_282558,0.5140330443282916,0.4005582179267725,0.0202067576475175,0.020770683487757,4483,True
spike,2600,centaur_292444,1.9105273226010095,1.7985118896930716,0.5538346641950085,0.6991923439299873,157,True
spike,2601,centaur_293817,,,,,13,False
spike,2602,centaur_295478,1.4397255627188497,0.735991602624202,0.3079250455351158,0.3198003691116815,116,True
spike,2603,centaur_296241,0.7878873206484198,0.5394770740268144,0.0729169710351712,0.0873095847041499,615,True
spike,2604,centaur_299374,0.5026566466675086,0.4535575910220001,0.0274698799992926,0.0287263586323516,2573,True
spike,2605,centaur_314189,,,,,3,False
spike,2606,centaur_316516,0.9028314600309446,0.1787386186017087,0.2531016922763999,0.2889534844883653,74,True
spike,2607,centaur_316710,,,,,2,False
spike,2608,centaur_317891,,,,,3,False
spike,2609,centaur_318624,1.2918838181303611,0.0441264534767047,0.5216482326753221,0.4116239922001369,32,True
spike,2610,centaur_318693,,,,,2,False
spike,2611,centaur_322125,,,,,18,False
spike,2612,centaur_323079,,,,,10,False
spike,2613,centaur_327093,1.2289797864877592,0.6794072431262013,0.2337493237663183,0.2561738686601809,148,True
spike,2614,centaur_329173,,,,,1,False
spike,2615,centaur_339408,1.0892236722856132,0.5547258584812321,0.3028481334774746,0.349231847860008,58,True
spike,2616,centaur_339686,1.4026447377737783,-0.3323575055728223,0.5114293190340717,0.3495528757522535,43,True
spike,2617,centaur_340866,0.8409119676098454,0.7671597122262074,0.0892509386018405,0.1039812755200705,416,True
spike,2618,centaur_340986,,,,,3,False
spike,2619,centaur_343797,1.31023204956922,0.5417311221163816,0.3329285342847501,0.343938614962915,79,True
spike,2620,centaur_345499,,,,,11,False
spike,2621,centaur_348570,,,,,2,False
spike,2622,centaur_349681,,,,,5,False
spike,2623,centaur_353214,,,,,7,False
spike,2624,centaur_357322,1.4050058400870262,0.9676260870464234,0.1813250808475373,0.1920581058443333,385,True
spike,2625,centaur_357603,,,,,2,False
spike,2626,centaur_358060,0.8968271546712321,0.4225175474001105,0.0952907235511756,0.10928375201848,383,True
spike,2627,centaur_358907,,,,,1,False
spike,2628,centaur_360041,,,,,16,False
spike,2629,centaur_363431,0.4468748091161795,0.461955650832968,0.0192346145913593,0.0197993312135428,4414,True
spike,2630,centaur_363653,0.5329685453007846,0.7225246485585336,0.0337775199570028,0.0365047085357843,1924,True
spike,2631,centaur_364382,1.7129504425997202,1.767038385288409,1.0735095360821416,1.3527264321599102,35,True
spike,2632,centaur_364462,0.0854592132662924,2.0,,,28,True
spike,2633,centaur_364505,0.9255433189865416,0.4848570485283944,0.0507731547919532,0.0572405545730767,1345,True
spike,2634,centaur_367171,1.0950103549786483,0.4409996824254735,0.2705840020815915,0.339043185574032,88,True
spike,2635,centaur_368458,,,,,6,False
spike,2636,centaur_370506,,,,,13,False
spike,2637,centaur_370584,1.3696744542766368,-0.0965539469262143,0.4248168124580933,0.3389119033694012,46,True
spike,2638,centaur_372514,2.577499200831844,2.0,1.1128376676555645,1.177733814649878,43,True
spike,2639,centaur_376803,0.4730592549361452,0.5360459341288777,0.0268201805429327,0.0289780850628067,2541,True
spike,2640,centaur_377009,,,,,2,False
spike,2641,centaur_381562,0.5232281820434906,0.6520245343359463,0.0479673610245939,0.0509649936586614,1022,True
spike,2642,centaur_382225,0.6896199171587635,0.5210861631800587,0.0272902704755681,0.030270095729246,3061,True
spike,2643,centaur_383578,0.9524325656668464,0.1563026786182496,0.3540170425654977,0.4583321034326186,22,True
spike,2644,centaur_385861,0.8122283762486103,0.9825037232019228,0.0757006501009135,0.089182912224241,699,True
spike,2645,centaur_387958,,,,,1,False
spike,2646,centaur_388028,0.4857021626335038,0.0115006476676323,0.1836230762358809,0.1902226877705893,35,True
spike,2647,centaur_389034,,,,,18,False
spike,2648,centaur_389808,1.664680649331727,1.1755273111893751,0.3428510745024472,0.3663017025990649,165,True
spike,2649,centaur_393526,0.4947475908813297,0.4851038264506396,0.0295378529315847,0.0305190517204701,2402,True
spike,2650,centaur_395043,,,,,3,False
spike,2651,centaur_396322,,,,,5,False
spike,2652,centaur_401542,2.4352450320873547,2.0,1.2514122957090388,1.2299660967867951,38,True
spike,2653,centaur_401878,1.0583349310179304,0.494781117278056,0.050979815925595,0.0548374706043674,1762,True
spike,2654,centaur_403209,,,,,5,False
spike,2655,centaur_404880,,,,,9,False
spike,2656,centaur_405999,,,,,5,False
spike,2657,centaur_406067,,,,,2,False
spike,2658,centaur_406335,2.0084557647432346,0.7450665589085247,1.1641667125738118,0.8538734309968355,23,True
spike,2659,centaur_406396,1.096657486396143,0.7546629471787318,0.0388702392559859,0.0404520200652303,3513,True
spike,2660,centaur_407905,1.114022199519345,-0.0296361852241461,0.1931923848185894,0.1810549002681149,126,True
spike,2661,centaur_410229,2.4288633328484717,2.0,0.6318166592645221,0.6565881689839242,151,True
spike,2662,centaur_410378,4.999999999999999,-0.422240604811481,8.166995690656345,1.5355269472929136,21,True
spike,2663,centaur_410463,,,,,6,False
spike,2664,centaur_410661,0.7885189156650912,0.2128428100303174,0.0525136194229877,0.059068740380469,924,True
spike,2665,centaur_410669,,,,,8,False
spike,2666,centaur_411261,0.7182696056993876,0.3462559610758754,0.1077674107503145,0.1406623659144758,203,True
spike,2667,centaur_413098,,,,,13,False
spike,2668,centaur_415711,0.7179045037022479,-0.0209683404110221,0.2355259439167941,0.2750629468978361,35,True
spike,2669,centaur_415824,2.2093318245775473,2.0,0.912743508830028,1.0507566245703754,50,True
spike,2670,centaur_417588,,,,,15,False
spike,2671,centaur_418820,,,,,12,False
spike,2672,centaur_420976,,,,,1,False
spike,2673,centaur_421122,0.6094936314953977,0.4489943511180961,0.0239641408248514,0.0257892969918137,3565,True
spike,2674,centaur_427026,1.7000812270506718,0.4709975211090663,0.582153046677906,0.4697706762754006,48,True
spike,2675,centaur_427272,0.8179799323487221,0.2481761495135709,0.1048406623256877,0.1187950260213126,272,True
spike,2676,centaur_427522,0.5633178709724599,0.3692273085145754,0.0219729313342279,0.0237229672978147,3758,True
spike,2677,centaur_427523,0.515074136027077,0.5120273786656828,0.0202490110698791,0.0205683525573719,4732,True
spike,2678,centaur_430213,,,,,8,False
spike,2679,centaur_431242,,,,,10,False
spike,2680,centaur_433291,,,,,13,False
spike,2681,centaur_433815,0.6226206924193146,0.0843754145429019,0.0651542229735994,0.0706318832296498,561,True
spike,2682,centaur_436223,1.8432619314007337,2.0,0.9864566873761458,1.2674448593513643,20,True
spike,2683,centaur_436777,,,,,1,False
spike,2684,centaur_437599,0.5960984193752475,0.7090680636888437,0.0214133420512493,0.0216809532593907,4994,True
spike,2685,centaur_438239,,,,,2,False
spike,2686,centaur_442392,,,,,5,False
spike,2687,centaur_442462,3.1990818564760977,0.3891694965049449,3.0563112093118256,1.5575803910891148,23,True
spike,2688,centaur_445500,1.1780778204460045,0.574821985860311,0.4991574460633891,0.6474385399390115,30,True
spike,2689,centaur_445849,,,,,1,False
spike,2690,centaur_445892,,,,,12,False
spike,2691,centaur_449146,,,,,1,False
spike,2692,centaur_449789,,,,,2,False
spike,2693,centaur_453167,1.0819430361317,0.922502799648187,0.0716904344045622,0.0796732265168717,1142,True
spike,2694,centaur_455430,,,,,9,False
spike,2695,centaur_456497,,,,,6,False
spike,2696,centaur_457754,2.953561374308406,2.0,0.8801214275581517,0.8018658708658157,89,True
spike,2697,centaur_461482,,,,,8,False
spike,2698,centaur_462070,,,,,6,False
spike,2699,centaur_463110,2.792920544826701,-0.0288805188398757,1.9802523794021016,0.809883641279389,28,True
spike,2700,centaur_467287,,,,,5,False
spike,2701,centaur_467362,0.5725266777135628,0.4882590899080365,0.0260823011881184,0.0282046628875009,3017,True
spike,2702,centaur_468188,,,,,10,False
spike,2703,centaur_469638,,,,,1,False
spike,2704,centaur_474366,1.2984109570258535,1.108733485365366,0.1859412191044327,0.2054887301463188,303,True
spike,2705,centaur_474871,,,,,9,False
spike,2706,centaur_475646,2.3998823535566127,2.0,0.816073848637031,0.8974786706302726,107,True
spike,2707,centaur_477552,1.9481657270916248,0.8195517581560828,0.549019336655524,0.451175222841824,87,True
spike,2708,centaur_479788,0.964947945135325,0.1583548314644607,0.0426788005644039,0.0434117548632568,2041,True
spike,2709,centaur_483852,,,,,6,False
spike,2710,centaur_484801,,,,,6,False
spike,2711,centaur_487681,,,,,6,False
spike,2712,centaur_488940,1.0344925711032331,1.3310728825745386,0.103879197652193,0.1227232230110068,699,True
spike,2713,centaur_489707,0.5115018219674724,0.3673410938348505,0.0186351656259634,0.0192209786915631,4966,True
spike,2714,centaur_490047,,,,,17,False
spike,2715,centaur_492451,1.381599036572185,0.6331835875114794,0.3349954252982836,0.3361730387185399,96,True
spike,2716,centaur_492981,0.8352231619941414,0.6466569325732467,0.0647089087701297,0.0752117232429524,783,True
spike,2717,centaur_498173,,,,,9,False
spike,2718,centaur_499508,2.405718714902779,-2.0,0.789100430629808,0.4872024215785662,71,True
spike,2719,centaur_499546,,,,,1,False
spike,2720,centaur_499684,,,,,1,False
spike,2721,centaur_501111,0.912072237116752,0.5619536440768275,0.0535153151475396,0.0603170965589549,1222,True
spike,2722,centaur_504058,,,,,3,False
spike,2723,centaur_504728,,,,,9,False
spike,2724,centaur_506307,,,,,1,False
spike,2725,centaur_506312,,,,,5,False
spike,2726,centaur_507300,2.0401653219704565,2.0,0.8892831748495643,1.1681147086105408,36,True
spike,2727,centaur_507517,,,,,4,False
spike,2728,centaur_507897,2.455139237540246,2.0,0.8587421409058075,0.8587586057440939,43,True
spike,2729,centaur_508745,,,,,1,False
spike,2730,centaur_508956,,,,,10,False
spike,2731,centaur_508965,0.5769698049206211,0.6725649938155075,0.0457977555547488,0.0502333714192792,1195,True
spike,2732,centaur_509395,0.7094522297532787,0.3235586647092535,0.0275070492831729,0.0302962944630394,3012,True
spike,2733,centaur_511354,,,,,2,False
spike,2734,centaur_512368,,,,,1,False
spike,2735,centaur_514658,,,,,14,False
spike,2736,centaur_514758,,,,,9,False
spike,2737,centaur_516714,,,,,6,False
spike,2738,centaur_517730,2.509659285476647,1.6610229620445762,1.499447684763188,1.4548543627427777,41,True
spike,2739,centaur_517927,2.0731463863120365,0.4120393885035504,0.6622868474892369,0.4292144386916146,86,True
spike,2740,centaur_518455,1.161061808866546,0.6771604119636231,0.493165233704273,0.4616094432051713,27,True
spike,2741,centaur_518592,0.7808741112057486,0.578459790939321,0.0319924641242247,0.0348752442507024,2785,True
spike,2742,centaur_519297,,,,,16,False
spike,2743,centaur_521719,1.090272362665974,0.7835392738444168,0.1411658782736881,0.1635131372640895,307,True
spike,2744,centaur_523763,0.5957486493745366,0.4890525080974967,0.0637476779119141,0.0756383982564026,509,True
spike,2745,centaur_524966,,,,,8,False
spike,2746,centaur_525212,,,,,16,False
spike,2747,centaur_525327,,,,,4,False
spike,2748,centaur_528018,1.622169144731419,1.021968407056001,0.2210611002667168,0.2279197260887222,332,True
spike,2749,centaur_528824,1.2533195322837345,0.8409527084586413,0.2610318914449664,0.2626055165256292,133,True
spike,2750,centaur_528880,,,,,13,False
spike,2751,centaur_530936,2.766911733587777,1.57974729706697,0.9003214306356448,0.7595454962029308,151,True
spike,2752,centaur_531182,,,,,15,False
spike,2753,centaur_533257,0.3497254949623785,0.2263701174787138,0.0987960556321903,0.0936207281913318,226,True
spike,2754,centaur_533266,3.674536756513894,2.0,2.623679579005154,1.809982530850244,45,True
spike,2755,centaur_533775,2.0373282664450514,0.7507137275208585,0.8862098166894851,0.6470639870852387,43,True
spike,2756,centaur_534165,4.999999999999999,0.7234406945026056,5.097438435062761,2.033940669484475,23,True
spike,2757,centaur_537189,0.8932522762203459,0.3437145203528713,0.2350038180498591,0.2628584930429368,83,True
spike,2758,centaur_538604,,,,,13,False
spike,2759,centaur_544224,0.6785586510092543,0.6525758022282655,0.0848336027037627,0.0975776765614387,424,True
spike,2760,centaur_545920,,,,,18,False
spike,2761,centaur_547555,0.0740412292492679,-1.0997922910686364,0.0522684428661372,0.0499227101508962,20,True
spike,2762,centaur_551978,,,,,2,False
spike,2763,centaur_552120,,,,,8,False
spike,2764,centaur_552947,1.8638706178263489,2.0,0.7524921995299977,1.0673276051449536,43,True
spike,2765,centaur_553437,,,,,7,False
spike,2766,centaur_554066,0.7734291897023253,0.3109087334150911,0.0370520326125398,0.0421677797695737,1806,True
spike,2767,centaur_557450,0.0831942103399029,2.0,,,44,True
spike,2768,centaur_557685,,,,,15,False
spike,2769,centaur_558034,,,,,3,False
spike,2770,centaur_559265,,,,,9,False
spike,2771,centaur_561788,1.9497731419477475,2.0,0.6492901045759439,0.8210339673989635,105,True
spike,2772,centaur_562422,1.137810035032119,0.2746485681952809,0.2315647665706934,0.2175291951887276,105,True
spike,2773,centaur_562747,,,,,2,False
spike,2774,centaur_562756,,,,,1,False
spike,2775,centaur_565246,0.4925732820892265,0.453197548031008,0.0188839329056468,0.0191958845860922,4994,True
spike,2776,centaur_565263,1.6418849791931114,0.971490626324568,0.3068979941861789,0.3076283348544394,195,True
spike,2777,centaur_566163,2.2177732336990985,2.0,1.0559722430651317,1.3032144094707374,30,True
spike,2778,centaur_566370,0.7156962543452988,0.6464711976166814,0.0573459975618345,0.061922190462937,986,True
spike,2779,centaur_567616,,,,,4,False
spike,2780,centaur_568295,2.0276777882601444,2.0,0.2822957788490435,0.3326171887448019,522,True
spike,2781,centaur_569432,0.8831818757339486,0.3839393284789108,0.35427013537942,0.3617682179018597,38,True
spike,2782,centaur_569668,0.8551081594840777,0.4206003224815935,0.0322271995532459,0.0350948026127052,2932,True
spike,2783,centaur_570326,0.9057197178200004,0.9199936592442518,0.1035960487573726,0.1247057188542578,354,True
spike,2784,centaur_570381,,,,,8,False
spike,2785,centaur_571118,,,,,1,False
spike,2786,centaur_572023,0.02,2.0,,,25,True
spike,2787,centaur_572112,,,,,5,False
spike,2788,centaur_572722,0.4593826379422901,0.4957935931885482,0.0277770106244881,0.0292953454621855,2282,True
spike,2789,centaur_572980,0.6414094720382962,0.4017341881942055,0.0241291535414035,0.0261794366892862,3574,True
spike,2790,centaur_573531,0.4209769528544817,-0.4057655028958201,0.1851512329679723,0.2262075491134845,41,True
spike,2791,centaur_574935,4.999999999999999,1.2742885769040655,4.32946655907013,1.764630647919153,57,True
spike,2792,centaur_574948,,,,,10,False
spike,2793,centaur_575298,,,,,3,False
spike,2794,centaur_576334,,,,,10,False
spike,2795,centaur_578000,4.999999999999999,2.0,2.91349768084551,1.6564434180201022,67,True
spike,2796,centaur_578243,,,,,3,False
spike,2797,centaur_578766,2.942616141990426,0.136470903850616,2.133085497457231,0.9256226115429764,33,True
spike,2798,centaur_578973,0.4925013641942596,0.4344542593050903,0.0191349600075887,0.0194580345681992,4972,True
spike,2799,centaur_579427,2.829308260324902,2.0,0.7740473106607202,0.7366089139243028,95,True
spike,2800,centaur_579547,,,,,5,False
spike,2801,centaur_579702,,,,,7,False
spike,2802,centaur_580597,,,,,1,False
spike,2803,centaur_580746,1.8366187928062057,2.0,0.6230738665561338,0.7853403636547608,76,True
spike,2804,centaur_582334,0.8316851277421891,0.4527509387379353,0.0275023570484146,0.0285831555077551,4012,True
spike,2805,centaur_582929,,,,,7,False
spike,2806,centaur_583032,,,,,1,False
spike,2807,centaur_584383,1.4676943944782823,1.44980406683718,0.7092793667526394,0.7973338554345856,34,True
spike,2808,centaur_587421,1.4889840434711528,2.0,1.1077779674202488,1.6958736415779896,36,True
spike,2809,centaur_588266,,,,,2,False
spike,2810,centaur_588731,,,,,2,False
spike,2811,centaur_590196,1.2637089711547602,0.2645894730106255,0.4188294218095295,0.4723336792797469,25,True
spike,2812,centaur_592156,0.8622182498329516,0.5967597958329711,0.0287619491873769,0.0303009990652089,3952,True
spike,2813,centaur_592683,3.0644010039443,1.7383397740895747,1.3898020475076882,1.10607678308195,104,True
spike,2814,centaur_593236,4.198554871157099,2.0,2.0866237414272706,1.3286693432830214,44,True
spike,2815,centaur_594187,4.999999999999999,0.9794114470211563,4.619744791975745,1.7824384987640185,39,True
spike,2816,centaur_594391,1.7106129471591118,1.6698143614183143,0.4735597327909929,0.5741909656737941,132,True
spike,2817,centaur_594506,0.0589070806450361,2.0,,,61,True
spike,2818,centaur_594521,3.974034405494749,2.0,3.250644453115358,2.231985393338849,45,True
spike,2819,centaur_594753,4.329438987750437,2.0,2.5560634300968,1.73571992265331,37,True
spike,2820,centaur_594820,1.8179282199176705,2.0,0.8740848923883033,1.2814270114741353,40,True
spike,2821,centaur_595631,,,,,1,False
spike,2822,centaur_596802,0.7245654764514415,0.6459782989867597,0.0416406013578733,0.0412154969899116,1898,True
spike,2823,centaur_597376,,,,,8,False
spike,2824,centaur_597886,,,,,5,False
spike,2825,centaur_599814,,,,,12,False
spike,2826,centaur_599903,1.481521418147429,2.0,0.7317102224858864,0.8952696832580155,35,True
spike,2827,centaur_600264,,,,,3,False
spike,2828,centaur_600349,0.7625048020218786,0.6258252739804616,0.0665053879464899,0.073195635328634,740,True
spike,2829,centaur_601052,1.9652767426280349,1.0595289382408473,0.6051737606861668,0.5688514848340709,73,True
spike,2830,centaur_601639,2.3543531836872713,1.9620025107552377,2.213807063223052,2.4113230090013915,26,True
spike,2831,centaur_601918,0.491897870167248,0.5160073621796348,0.0193383685950367,0.0193693724645129,5000,True
spike,2832,centaur_602141,1.6877641765799751,1.0914121023717702,0.326232593972513,0.3286626973311374,189,True
spike,2833,centaur_602353,,,,,4,False
spike,2834,centaur_602392,,,,,4,False
spike,2835,centaur_602486,1.364134033513083,0.597173302052994,0.3225455768370446,0.3195260254387959,84,True
spike,2836,centaur_602768,,,,,1,False
spike,2837,centaur_602829,,,,,7,False
spike,2838,centaur_602929,1.1494401712381743,0.6857932576065072,0.0624146305125669,0.066394794836222,1516,True
spike,2839,centaur_602990,0.8100365220554946,0.2340550902900739,0.0312926782910929,0.0352389963697331,2601,True
spike,2840,centaur_603032,,,,,4,False
spike,2841,centaur_603142,,,,,4,False
spike,2842,centaur_603472,0.3203730298426989,-0.5874035938771882,0.1188828145042586,0.1483182545341352,32,True
spike,2843,centaur_603490,2.8721511994233357,1.0841492055765165,1.4416670788650865,0.9692347688939263,62,True
spike,2844,centaur_603601,2.09361134189491,2.0,0.6088640568117218,0.6518785289190397,63,True
spike,2845,centaur_603674,0.9177460806887768,2.0,1.0081754816826038,1.2097867103374749,32,True
spike,2846,centaur_603748,1.7217811020307958,2.0,0.3733189403842946,0.4548210839719652,184,True
spike,2847,centaur_603919,0.5721661926173489,0.5702404828119919,0.0244941222201904,0.0254391071005935,3653,True
spike,2848,centaur_604031,0.9791055971678708,0.295011488284545,0.0980602728041881,0.1138492777297356,420,True
spike,2849,centaur_604272,1.4185515226834051,1.178596109005035,0.1123361127072107,0.1242163495879307,941,True
spike,2850,centaur_604478,,,,,4,False
spike,2851,centaur_604555,0.6884146419362315,0.4941875779150054,0.034520715600013,0.0359305203963031,2305,True
spike,2852,centaur_604775,,,,,1,False
spike,2853,centaur_604914,,,,,1,False
spike,2854,centaur_605156,2.425869668659913,1.6174145825427664,1.4722471235981347,1.4847135680960042,43,True
spike,2855,centaur_605248,,,,,10,False
spike,2856,centaur_605319,1.544235320183816,1.311624953573142,0.9525748585761572,1.218239546361539,34,True
spike,2857,centaur_605360,1.1425004382563488,1.034257228708949,0.1586572960478914,0.186868681832711,288,True
spike,2858,centaur_605511,,,,,5,False
spike,2859,centaur_605581,,,,,7,False
spike,2860,centaur_605631,0.8079506910738334,0.9981819064925184,0.0891729356562831,0.1043886754861262,564,True
spike,2861,centaur_605778,,,,,17,False
spike,2862,centaur_605792,,,,,2,False
spike,2863,centaur_605833,1.513570597431982,0.9971268251242356,0.163243016244804,0.1716514174492406,552,True
spike,2864,centaur_605875,0.835097733436921,-0.38088542653596,0.0409210929566649,0.0374666681912513,1913,True
spike,2865,centaur_606008,,,,,19,False
spike,2866,centaur_606111,0.068402193879376,2.0,,,38,True
spike,2867,centaur_606228,0.9989046572662508,0.4897762919237692,0.1129283922890082,0.1307961680367112,347,True
spike,2868,centaur_606305,,,,,4,False
spike,2869,centaur_606309,1.1943766328336791,0.6035545164227647,0.2088483396803556,0.2189573088055935,158,True
spike,2870,centaur_606334,,,,,1,False
spike,2871,centaur_606354,,,,,4,False
spike,2872,centaur_606561,,,,,2,False
spike,2873,centaur_606570,2.598112472684377,2.0,2.0738246117339307,2.3301224481341887,29,True
spike,2874,centaur_606732,2.5341023997509264,1.1802170231624505,1.1232090451786043,0.8791641986632207,75,True
spike,2875,centaur_606748,0.6585928644081721,0.0424363048772899,0.0548779171651643,0.0614219091039862,757,True
spike,2876,centaur_607084,,,,,7,False
spike,2877,centaur_607157,1.4381538230958486,0.7551639476847039,0.3169977362468471,0.333916724276564,131,True
spike,2878,centaur_607212,3.186494463864467,2.0,1.149095658821453,0.9786097740271188,59,True
spike,2879,centaur_607266,0.6299088926249273,0.5810905638441886,0.0483174921750991,0.0581323730069242,1030,True
spike,2880,centaur_607407,,,,,4,False
spike,2881,centaur_607456,,,,,8,False
spike,2882,centaur_607514,0.02,1.4951747743791806,0.1752745466369323,0.2980166493991629,61,True
spike,2883,centaur_607547,,,,,10,False
spike,2884,centaur_607580,2.017255550612323,1.8215272112158305,0.6788924077243085,0.824723871958044,110,True
spike,2885,centaur_607669,0.6969494075127431,0.4653325602991485,0.0572881134521367,0.0655498719541194,844,True
spike,2886,centaur_607707,0.693553719674287,0.1110589706841739,0.1745802126579081,0.1740091396644619,165,True
spike,2887,centaur_607715,0.3242234535061484,0.13613232110506,0.1509402716208169,0.1513033137370453,31,True
spike,2888,centaur_607746,,,,,1,False
spike,2889,centaur_607784,,,,,9,False
spike,2890,centaur_607813,,,,,15,False
spike,2891,centaur_607826,,,,,16,False
spike,2892,centaur_607840,3.5834075982920943,2.0,2.5676434610875,1.8325112574228264,25,True
spike,2893,centaur_607860,0.442142060183872,-0.4739849469918339,0.249947663987948,0.4186410137982791,23,True
spike,2894,centaur_607869,,,,,12,False
spike,2895,centaur_607887,,,,,16,False
spike,2896,centaur_607892,,,,,5,False
spike,2897,centaur_607907,2.5553010354885255,2.0,1.2778174051730855,1.303307099996465,42,True
spike,2898,centaur_607916,0.0979194066962967,2.0,,,43,True
spike,2899,centaur_607926,,,,,11,False
spike,2900,centaur_607929,4.471472342111568,2.0,2.1342337128328865,1.4277361783151368,59,True
spike,2901,centaur_607934,2.277837381702943,2.0,0.3492868141660296,0.3741563541937333,242,True
spike,2902,centaur_607936,4.999999999999999,0.593992505848883,5.769762096740032,1.991860748860632,22,True
spike,2903,centaur_607941,,,,,11,False
spike,2904,centaur_607942,1.4058510384648373,2.0,0.6317294654331328,0.9563602457229552,45,True
spike,2905,centaur_607994,4.999999999999999,1.3660717810207557,4.73403319426841,2.0048679824048423,44,True
spike,2906,centaur_608004,,,,,1,False
spike,2907,centaur_608014,0.886556318842201,0.0485889715199656,0.081048504320858,0.0866549191162446,506,True
spike,2908,centaur_608018,4.158294813929818,0.5957650642826132,5.165046036127386,1.775532336742797,44,True
spike,2909,centaur_608033,2.5668217454091384,1.4442776458469015,0.8514521621842317,0.7359599738816764,148,True
spike,2910,centaur_608057,0.8540815605513521,0.361700861509177,0.1895662732547267,0.2023757858074336,130,True
spike,2911,centaur_608076,,,,,10,False
spike,2912,centaur_608108,,,,,12,False
spike,2913,centaur_608119,2.517831512819856,2.0,0.5503008380789798,0.5772775536233437,126,True
spike,2914,centaur_608122,0.0947085052085121,2.0,,,67,True
spike,2915,centaur_608126,2.5836791513470763,2.0,0.9245662165231484,0.932504057659253,66,True
spike,2916,centaur_608254,1.3484456426195548,2.0,0.3323625454176036,0.4248073253655996,184,True
spike,2917,centaur_608272,2.610679838371249,2.0,0.5983658832330784,0.6021500671866042,118,True
spike,2918,centaur_608281,,,,,4,False
spike,2919,centaur_608293,,,,,8,False
spike,2920,centaur_608307,4.999999999999999,1.6381427507890602,4.62608389259952,2.1291418391593493,61,True
spike,2921,centaur_608338,,,,,1,False
spike,2922,centaur_608356,0.02,2.0,,,28,True
spike,2923,centaur_608365,2.316149312144851,2.0,0.3616860356213571,0.3877230064873247,241,True
spike,2924,centaur_608366,,,,,1,False
spike,2925,centaur_608371,4.999999999999999,1.712373858400723,2.440494662468138,1.324404059595759,127,True
spike,2926,centaur_608402,,,,,6,False
spike,2927,centaur_608409,1.7587895365376878,1.0834023322294908,0.2957628626562431,0.2906102289415007,272,True
spike,2928,centaur_608438,2.7544927884811954,2.0,1.2952157874521577,1.2562250562942867,63,True
spike,2929,centaur_608448,,,,,13,False
spike,2930,centaur_608451,1.3539635870545643,0.2403599628354004,0.7441374766742396,0.7195208478366806,21,True
spike,2931,centaur_608484,0.1003225890956048,2.0,,,58,True
spike,2932,centaur_608487,,,,,9,False
spike,2933,centaur_608494,0.02,-0.4651923237383205,0.0243639361832846,0.0324377738965732,42,True
spike,2934,centaur_608509,3.6643946856047793,2.0,2.0797425296861434,1.5850303118780114,21,True
spike,2935,centaur_608519,2.2348395320469625,2.0,1.0272736930649145,1.0964197495032433,40,True
spike,2936,centaur_608560,,,,,5,False
spike,2937,centaur_608566,,,,,15,False
spike,2938,centaur_608577,,,,,11,False
spike,2939,centaur_608595,2.23458471054825,-0.9644974532079734,1.320644889861804,0.5562289032770107,34,True
spike,2940,centaur_608634,,,,,4,False
spike,2941,centaur_608736,,,,,3,False
spike,2942,centaur_608807,1.147036076154928,0.8516723435666964,0.1889497848053917,0.2001274537576392,207,True
spike,2943,centaur_608923,,,,,16,False
spike,2944,centaur_608940,4.145916724753083,2.0,1.4386378970553686,0.9164752678293996,74,True
spike,2945,centaur_608951,,,,,12,False
spike,2946,centaur_609053,,,,,8,False
spike,2947,centaur_609098,2.6109814833762965,0.4232970963459229,1.2510474665635498,0.6835993529374506,60,True
spike,2948,centaur_609191,,,,,1,False
spike,2949,centaur_609192,,,,,14,False
spike,2950,centaur_609403,,,,,6,False
spike,2951,centaur_609426,,,,,2,False
spike,2952,centaur_609644,,,,,17,False
spike,2953,centaur_609693,,,,,16,False
spike,2954,centaur_609709,2.0770262908245507,2.0,0.4649089776379387,0.5524208223817829,157,True
spike,2955,centaur_609716,,,,,4,False
spike,2956,centaur_609717,,,,,1,False
spike,2957,centaur_609741,,,,,1,False
spike,2958,centaur_609780,0.257508673849228,2.0,0.1588946898660759,0.1737105531872278,127,True
spike,2959,centaur_609784,,,,,7,False
spike,2960,centaur_609833,,,,,2,False
spike,2961,centaur_609837,0.6100057425768727,0.6523787439835296,0.0565183841879779,0.051671598372813,1206,True
spike,2962,centaur_609849,2.136767089671488,0.6328342691917405,1.0177632766780331,0.7194968182536111,34,True
spike,2963,centaur_609892,,,,,2,False
spike,2964,centaur_609894,,,,,13,False
spike,2965,centaur_609919,,,,,9,False
spike,2966,centaur_609947,0.7167400221076169,0.4825343026586564,0.0317071090565987,0.0348183776053546,2517,True
spike,2967,centaur_609979,,,,,15,False
spike,2968,centaur_609981,,,,,10,False
spike,2969,centaur_609982,,,,,1,False
spike,2970,centaur_609985,1.1130819140847186,0.6227463807959123,0.2399230160011727,0.2717033593477608,84,True
spike,2971,centaur_610003,2.0057393354079545,0.6660905207495156,0.6289314839130734,0.4833518876296945,70,True
spike,2972,centaur_610005,1.4054771352177473,2.0,0.8775043758428199,1.437601703572242,38,True
spike,2973,centaur_610041,2.1302162372103948,2.0,1.0001039707977282,1.315358118613575,42,True
spike,2974,centaur_610109,,,,,19,False
spike,2975,centaur_610117,0.8416917463585658,0.4421354441643454,0.08701780394266,0.10086411424463,505,True
spike,2976,centaur_610119,,,,,2,False
spike,2977,centaur_610129,,,,,19,False
spike,2978,centaur_610132,,,,,19,False
spike,2979,centaur_610136,2.017307092383682,2.0,0.3631424896421666,0.3989583966921782,175,True
spike,2980,centaur_610137,1.625012122953425,2.0,0.3008787290066451,0.3847398554636819,226,True
spike,2981,centaur_610164,,,,,12,False
spike,2982,centaur_610175,4.09833966847245,2.0,4.32100364998392,2.778662516930416,29,True
spike,2983,centaur_610207,2.4098567976642324,2.0,1.230339596061986,1.2343917057745644,61,True
spike,2984,centaur_610213,,,,,5,False
spike,2985,centaur_610215,1.2831338233242355,2.0,1.2592645071794608,2.1412609879178595,21,True
spike,2986,centaur_610253,,,,,12,False
spike,2987,centaur_610263,,,,,11,False
spike,2988,centaur_610275,2.493413919975308,-0.0129960915380087,0.8105613478138172,0.3815949157426967,94,True
spike,2989,centaur_610299,2.5360903631761915,2.0,1.10059906413023,1.096046234462414,40,True
spike,2990,centaur_610305,,,,,2,False
spike,2991,centaur_610308,1.3621633916616136,0.37552904008893,0.1837388467484381,0.1806855285792438,282,True
spike,2992,centaur_610329,0.0572838307223911,2.0,,,27,True
spike,2993,centaur_610350,,,,,1,False
spike,2994,centaur_610357,0.7510740783993723,0.1569615731404936,0.0644198614031455,0.076036793010373,719,True
spike,2995,centaur_610384,2.9478056097124226,2.0,1.2510119441330856,1.1604070922653371,41,True
spike,2996,centaur_610391,,,,,3,False
spike,2997,centaur_610412,,,,,3,False
spike,2998,centaur_610458,1.22482172511541,1.0542414281052328,0.1620166682347715,0.1847358106922166,345,True
spike,2999,centaur_610469,1.8643307322944729,1.762689131528824,0.4884495413754877,0.600466253153746,170,True
spike,3000,centaur_610489,,,,,13,False
spike,3001,centaur_610504,2.541136522615997,2.0,2.191060220109379,2.3909717428213324,20,True
spike,3002,centaur_610523,,,,,17,False
spike,3003,centaur_610526,,,,,9,False
spike,3004,centaur_610546,,,,,16,False
spike,3005,centaur_610582,,,,,1,False
spike,3006,centaur_610584,1.4200450901414217,1.3142691473906958,0.634686638081955,0.7860766515504065,40,True
spike,3007,centaur_610606,,,,,9,False
spike,3008,centaur_610651,,,,,6,False
spike,3009,centaur_610685,,,,,10,False
spike,3010,centaur_610745,,,,,1,False
spike,3011,centaur_610754,,,,,1,False
spike,3012,centaur_610786,1.4342173130110965,0.6464031903493848,0.3185396331733875,0.3094967250514434,115,True
spike,3013,centaur_610790,,,,,2,False
spike,3014,centaur_610820,,,,,10,False
spike,3015,centaur_610842,,,,,18,False
spike,3016,centaur_610849,4.2661007508588105,2.0,3.5905876984680964,2.2980436411217022,20,True
spike,3017,centaur_610850,,,,,7,False
spike,3018,centaur_610972,4.999999999999999,1.79865374179024,3.0536194850425304,1.566478683108261,55,True
spike,3019,centaur_611010,0.0323318181258097,0.173646141796134,0.0499214909748288,0.0303810956501448,35,True
spike,3020,centaur_611029,,,,,16,False
spike,3021,centaur_611043,2.445062651570998,0.5080114188126085,0.9427158379563908,0.5614596826662248,65,True
spike,3022,centaur_611055,3.14521805062373,2.0,1.7903793195447206,1.4828648781899094,25,True
spike,3023,centaur_611061,0.4311602495322141,-0.6930875076438404,0.2207008698656985,0.2586083855869572,25,True
spike,3024,centaur_611066,3.857842126420488,2.0,1.056643070261306,0.7457940459119855,142,True
spike,3025,centaur_611121,,,,,4,False
spike,3026,centaur_611189,,,,,6,False
spike,3027,centaur_611201,,,,,5,False
spike,3028,centaur_611236,,,,,5,False
spike,3029,centaur_611238,1.2260843874395906,0.3704085426023083,0.1600025873438645,0.1583663017807597,276,True
spike,3030,centaur_611243,0.8429522867001686,2.0,0.5297687834479768,0.6182696711575206,38,True
spike,3031,centaur_611248,3.8378017984048887,1.45964082094791,2.199274928213135,1.2614424663813302,83,True
spike,3032,centaur_611266,,,,,10,False
spike,3033,centaur_611267,,,,,5,False
spike,3034,centaur_611301,2.2683625774614806,2.0,1.1406690066543843,1.2703703972245817,48,True
spike,3035,centaur_611344,,,,,14,False
spike,3036,centaur_611370,,,,,3,False
spike,3037,centaur_611392,1.4790414201548656,1.1993083357716157,0.5689777193342622,0.6915357451665537,39,True
spike,3038,centaur_611400,1.438201909989686,2.0,1.2692365285358638,1.445625003926017,32,True
spike,3039,centaur_611430,2.517798365274091,2.0,0.6947445231019469,0.7128357703154232,120,True
spike,3040,centaur_611483,,,,,1,False
spike,3041,centaur_611528,,,,,13,False
spike,3042,centaur_611598,2.1538195606000414,2.0,0.8301549158515789,0.9401314082516472,32,True
spike,3043,centaur_611642,,,,,1,False
spike,3044,centaur_611651,2.2247610860582223,2.0,1.0746935863803522,1.2484805401225716,34,True
spike,3045,centaur_611675,2.9565564136620117,2.0,1.3778651171204503,1.2819014769517822,37,True
spike,3046,centaur_611681,1.5939180636768095,0.0018344023266461,0.4365341028245554,0.31432706129493,96,True
spike,3047,centaur_611688,,,,,17,False
spike,3048,centaur_611689,,,,,3,False
spike,3049,centaur_611691,,,,,4,False
spike,3050,centaur_611702,0.2160720299049675,2.0,,,31,True
spike,3051,centaur_611707,,,,,1,False
spike,3052,centaur_611709,,,,,17,False
spike,3053,centaur_611710,,,,,10,False
spike,3054,centaur_611717,,,,,2,False
spike,3055,centaur_611722,4.999999999999999,1.331170208942363,5.278072856297114,2.4056614257462616,25,True
spike,3056,centaur_611749,,,,,2,False
spike,3057,centaur_611775,2.4621968769934006,1.216030987622796,1.8520662304105624,1.3572092783974934,26,True
spike,3058,centaur_611786,,,,,2,False
spike,3059,centaur_611797,,,,,17,False
spike,3060,centaur_611801,2.531676543445308,2.0,0.9749796822377595,0.9611500522816496,46,True
spike,3061,centaur_611805,,,,,19,False
spike,3062,centaur_611812,,,,,2,False
spike,3063,centaur_611815,,,,,3,False
spike,3064,centaur_611828,2.0625333363544627,2.0,0.7634494667902415,0.9502146759136522,43,True
spike,3065,centaur_611860,,,,,16,False
spike,3066,centaur_611861,1.8419393391562704,0.918174279152112,0.7711890016428636,0.7089647370313883,65,True
spike,3067,centaur_611867,4.999999999999999,0.3206637474979538,3.55022366894382,1.3657734271152306,30,True
spike,3068,centaur_611904,,,,,1,False
spike,3069,centaur_611924,,,,,8,False
spike,3070,centaur_611926,,,,,13,False
spike,3071,centaur_612031,0.8168646801025209,0.6317151849247028,0.101707499633559,0.1250192632099825,319,True
spike,3072,centaur_612118,,,,,5,False
spike,3073,centaur_612152,3.318126944686427,2.0,2.391178823562255,2.1080580803601534,21,True
spike,3074,centaur_612155,0.0636692919343248,2.0,,,20,True
spike,3075,centaur_612157,0.7914297924777901,0.4342645688103199,0.078964531666969,0.0970249453204722,471,True
spike,3076,centaur_612178,3.330747260240991,1.9908598583559816,2.4660698474803637,2.0902138610271064,40,True
spike,3077,centaur_612202,,,,,7,False
spike,3078,centaur_612218,1.435675641401705,2.0,0.4766406066572917,0.57680709008657,101,True
spike,3079,centaur_612223,2.5809077310660515,2.0,1.2581600819073595,1.299535772914983,24,True
spike,3080,centaur_612245,1.6735021079005408,2.0,0.4426336651679368,0.5576000502391051,122,True
spike,3081,centaur_612248,4.999999999999999,-1.3929221910467149,3.717643697907139,1.5249071725581682,23,True
spike,3082,centaur_612267,2.2597996824940263,2.0,0.7767925511088319,0.7747922518519371,63,True
spike,3083,centaur_612272,,,,,9,False
spike,3084,centaur_612283,4.300687337194883,1.7346752153182328,3.7183636684722816,2.319812975643657,41,True
spike,3085,centaur_612296,2.4393075454301414,2.0,0.6630207867318908,0.7058297452821507,117,True
spike,3086,centaur_612531,1.7713960709076069,1.597702094611274,0.6051382858102912,0.683573612549317,77,True
spike,3087,centaur_614024,,,,,1,False
spike,3088,centaur_614053,,,,,10,False
spike,3089,centaur_614177,0.0774604407975898,2.0,,,38,True
spike,3090,centaur_614212,4.094620265527106,2.0,1.9407858310057529,1.268731274091818,56,True
spike,3091,centaur_614246,,,,,9,False
spike,3092,centaur_614287,1.4893249553542127,0.9369011558471873,0.2478955623831253,0.2651955804977827,207,True
spike,3093,centaur_614369,,,,,5,False
spike,3094,centaur_614398,,,,,15,False
spike,3095,centaur_614423,3.839913741590731,2.0,1.5545996881186872,1.0991533575308792,71,True
spike,3096,centaur_614439,2.270122942801348,2.0,0.3520321208932935,0.3893386398581951,271,True
spike,3097,centaur_614469,,,,,2,False
spike,3098,centaur_614494,3.643750822441648,2.0,3.1533102420794794,2.629484545840284,28,True
spike,3099,centaur_614495,1.5142113469204377,2.0,0.7011047928295812,1.0131524158289094,35,True
spike,3100,centaur_614519,,,,,12,False
spike,3101,centaur_614523,,,,,12,False
spike,3102,centaur_614531,,,,,5,False
spike,3103,centaur_614533,,,,,6,False
spike,3104,centaur_614534,,,,,7,False
spike,3105,centaur_614543,3.059597790973903,2.0,1.4807625402114504,1.2677844068830493,37,True
spike,3106,centaur_614561,,,,,10,False
spike,3107,centaur_614569,1.9734155474548751,2.0,0.4830533460676641,0.5816383822018859,223,True
spike,3108,centaur_614570,,,,,19,False
spike,3109,centaur_614586,3.8141062382954463,2.0,1.7042970309626944,1.3308049697091702,39,True
spike,3110,centaur_614587,,,,,6,False
spike,3111,centaur_614593,,,,,3,False
spike,3112,centaur_614660,1.782020108735505,2.0,1.4705667325585958,2.0677437717459837,26,True
spike,3113,centaur_614667,,,,,11,False
spike,3114,centaur_614668,1.6066866881179496,0.7254743056904446,0.499444107427346,0.5089479892951835,58,True
spike,3115,centaur_614687,,,,,12,False
spike,3116,centaur_614691,,,,,3,False
spike,3117,centaur_614710,,,,,1,False
spike,3118,centaur_614724,,,,,10,False
spike,3119,centaur_614755,,,,,3,False
spike,3120,centaur_614777,,,,,13,False
spike,3121,centaur_614778,,,,,2,False
spike,3122,centaur_614837,0.6812984890107846,0.0024262739631844,0.193091739252398,0.2457089524279708,54,True
spike,3123,centaur_614847,,,,,3,False
spike,3124,centaur_614848,2.012751268202408,2.0,1.0959834999359557,1.3324081913871786,20,True
spike,3125,centaur_614849,1.972688105514577,1.664988225818136,0.5282566832833115,0.6067671957704728,167,True
spike,3126,centaur_614860,,,,,12,False
spike,3127,centaur_614862,,,,,4,False
spike,3128,centaur_614909,2.4725571702408247,2.0,0.5790959950839901,0.6179483417525018,134,True
spike,3129,centaur_614920,2.4821258940819373,2.0,0.7485493827217607,0.7812158787617545,132,True
spike,3130,centaur_614929,,,,,3,False
spike,3131,centaur_614940,3.5471234621667116,2.0,3.639589715161541,3.1489780950602744,20,True
spike,3132,centaur_615035,2.7802666423831703,2.0,0.9980171082404956,0.8996008574798536,70,True
spike,3133,centaur_615113,,,,,2,False
spike,3134,centaur_615121,3.7135835225881624,2.0,1.4699610608492415,1.037969358166004,82,True
spike,3135,centaur_615209,,,,,2,False
spike,3136,centaur_615212,3.647672887715927,1.1824914978232737,1.7381398691739105,0.9602550711338924,98,True
spike,3137,centaur_615245,2.7429796288977073,1.5286754268298803,0.7553242448156192,0.6110063802483015,202,True
spike,3138,centaur_615256,3.214096724501314,2.0,1.6195192852936764,1.3501382090663987,67,True
spike,3139,centaur_615312,3.2287780633912795,2.0,1.799374834796127,1.5227856614483553,35,True
spike,3140,centaur_615313,,,,,3,False
spike,3141,centaur_615326,2.8837748577636044,2.0,1.077184887882244,1.0002532456204516,56,True
spike,3142,centaur_615456,,,,,1,False
spike,3143,centaur_615555,,,,,18,False
spike,3144,centaur_615607,3.9148040387107463,2.0,2.9372890901812196,2.0281079475077832,21,True
spike,3145,centaur_615686,,,,,17,False
spike,3146,centaur_615776,,,,,5,False
spike,3147,centaur_615799,,,,,3,False
spike,3148,centaur_615834,,,,,1,False
spike,3149,centaur_615976,,,,,15,False
spike,3150,centaur_615978,,,,,3,False
spike,3151,centaur_616003,,,,,13,False
spike,3152,centaur_616007,,,,,11,False
spike,3153,centaur_616027,,,,,2,False
spike,3154,centaur_616051,,,,,5,False
spike,3155,centaur_616185,2.9550344211625723,2.0,2.7935890537921875,2.757394917298124,39,True
spike,3156,centaur_616200,,,,,15,False
spike,3157,centaur_616268,0.1995581727734907,2.0,,,29,True
spike,3158,centaur_616328,,,,,5,False
spike,3159,centaur_616347,2.4801872528923,2.0,0.6227140215216177,0.6180910957089304,94,True
spike,3160,centaur_616407,1.7817237522851286,2.0,0.4199860216869994,0.4976481729158695,128,True
spike,3161,centaur_616427,,,,,18,False
spike,3162,centaur_616452,,,,,13,False
spike,3163,centaur_616609,,,,,4,False
spike,3164,centaur_616611,,,,,2,False
spike,3165,centaur_616644,,,,,7,False
spike,3166,centaur_616663,2.5010113833843604,2.0,0.7520777659479968,0.7411035578047416,64,True
spike,3167,centaur_616692,,,,,1,False
spike,3168,centaur_616773,1.103126882010709,0.1945466692907044,0.3439392854928351,0.3589841537641279,37,True
spike,3169,centaur_616775,,,,,11,False
spike,3170,centaur_616776,4.155041778987931,2.0,4.371883384767016,3.1285303426083524,20,True
spike,3171,centaur_616791,,,,,16,False
spike,3172,centaur_616804,3.241528650191935,2.0,1.171777860088077,0.9949522110107528,108,True
spike,3173,centaur_616822,4.601461398319833,2.0,2.041982574485328,1.2587624771819268,44,True
spike,3174,centaur_617499,,,,,1,False
spike,3175,centaur_617844,,,,,14,False
spike,3176,centaur_618095,,,,,2,False
spike,3177,centaur_618141,0.7444551917017277,1.0510275633502286,0.2454099235266062,0.2521582748549694,58,True
spike,3178,centaur_618191,1.269758500365148,0.6788186541883047,0.3821483102248091,0.3673928375172418,49,True
spike,3179,centaur_618325,,,,,10,False
spike,3180,centaur_618385,,,,,8,False
spike,3181,centaur_618394,2.1655355773743694,2.0,0.7089088931623656,0.7924106973550648,46,True
spike,3182,centaur_618413,1.7723586366596498,2.0,0.8228898125974095,1.0858447528788082,42,True
spike,3183,centaur_618434,2.059399591163181,2.0,1.2495957302671048,1.3071334330995428,20,True
spike,3184,centaur_618574,,,,,11,False
spike,3185,centaur_618609,2.6520195048742226,1.4072394583274812,1.318735368665591,1.0599415837829265,52,True
spike,3186,centaur_618636,,,,,7,False
spike,3187,centaur_618679,,,,,5,False
spike,3188,centaur_618700,,,,,1,False
spike,3189,centaur_618904,,,,,8,False
spike,3190,centaur_619089,3.9943119092202015,2.0,1.7352286331591271,1.0808436675644102,43,True
spike,3191,centaur_619138,,,,,3,False
spike,3192,centaur_619147,,,,,2,False
spike,3193,centaur_619289,,,,,15,False
