session_id,participant_name,trial_index,seg_id,task_code,pattern_class_true,target_present,response_label,response_y,is_correct,reaction_time_ms,answer_changes,n_interactions,select_ms,montage,gain_uv,bandpass,notch,window_s,max_hw,ess,total_var,expected_loss_chosen,rejuv,post_decision
a4ef6a1f-6c7d-498d-b218-cc204f9bbca0,yangyangyu,0,7977,spike,spike,1,No (no spike),0,False,68342.4,0,6,35.20687499985797,bipolar,100.0,0.5-70 Hz,60 Hz,10.0,0.1781392062520844,442.36608152333343,13.451190780251828,13.731780670519917,False,False
a4ef6a1f-6c7d-498d-b218-cc204f9bbca0,yangyangyu,1,6465,spike,spike,0,No (no spike),0,True,5893.6,0,1,13.802624998788815,bipolar,100.0,0.5-70 Hz,60 Hz,10.0,0.17843925777065373,353.9176333384728,13.105834482770103,13.24381419220356,False,False
a4ef6a1f-6c7d-498d-b218-cc204f9bbca0,yangyangyu,2,472,spike,spike,0,No (no spike),0,True,5174.9,0,1,17.356165997625794,bipolar,100.0,0.5-70 Hz,60 Hz,10.0,0.177197856253834,599.9999999999999,13.119383422182622,12.939269729310682,True,False
a4ef6a1f-6c7d-498d-b218-cc204f9bbca0,yangyangyu,3,9748,spike,spike,0,No (no spike),0,True,21567.1,0,6,9.264333999453811,bipolar,100.0,0.5-70 Hz,60 Hz,10.0,0.1756411823096597,581.0025600862225,12.956625673800083,13.01704502396096,False,False
a4ef6a1f-6c7d-498d-b218-cc204f9bbca0,yangyangyu,4,7949,spike,spike,0,No (no spike),0,True,5244.9,0,1,16.79133300058311,bipolar,100.0,0.5-70 Hz,60 Hz,10.0,0.17458944998922027,541.4166727958398,12.805733669543264,12.880679554825996,False,False
a4ef6a1f-6c7d-498d-b218-cc204f9bbca0,yangyangyu,5,8146,spike,spike,1,Yes (spike present),1,True,485437.3,0,1,16.707667000446236,bipolar,100.0,0.5-70 Hz,60 Hz,10.0,0.17863628659808745,449.76834495283015,13.19798031841344,12.73906243204773,False,False
a4ef6a1f-6c7d-498d-b218-cc204f9bbca0,yangyangyu,6,1918,spike,spike,0,No (no spike),0,True,33731.4,0,1,16.369332999602193,bipolar,100.0,0.5-70 Hz,60 Hz,10.0,0.17844790764719504,423.2184637347344,13.1212268189791,13.13453067002322,False,False
a4ef6a1f-6c7d-498d-b218-cc204f9bbca0,yangyangyu,7,6489,spike,spike,1,Yes (spike present),1,True,259622.0,0,1,19.0350410011888,bipolar,100.0,0.5-70 Hz,60 Hz,10.0,0.18574735237519352,343.0476223553299,13.092217482140999,13.0666377223726,False,False
a4ef6a1f-6c7d-498d-b218-cc204f9bbca0,yangyangyu,8,4755,spike,spike,0,No (no spike),0,True,5213.0,0,1,16.665125000145053,bipolar,100.0,0.5-70 Hz,60 Hz,10.0,0.18548758001280008,318.11577042153,13.035877640342402,13.043301760407516,False,False
a4ef6a1f-6c7d-498d-b218-cc204f9bbca0,yangyangyu,9,11067,spike,spike,1,Yes (spike present),1,True,15312.5,0,1,16.566083002544474,bipolar,100.0,0.5-70 Hz,60 Hz,10.0,0.17126392455191664,599.9999999999999,12.686853629027897,12.995814657123674,True,False
a4ef6a1f-6c7d-498d-b218-cc204f9bbca0,yangyangyu,10,6130,spike,spike,0,No (no spike),0,True,2996.6,0,1,10.458832999574952,bipolar,100.0,0.5-70 Hz,60 Hz,10.0,0.17107296284174178,593.4121497512793,12.620314427325965,12.643208312777077,False,False
a4ef6a1f-6c7d-498d-b218-cc204f9bbca0,yangyangyu,11,11851,spike,spike,0,No (no spike),0,True,10656.4,0,1,16.710791998775676,bipolar,100.0,0.5-70 Hz,60 Hz,10.0,0.1707370758380216,573.370533546169,12.55276125935875,12.588937798543903,False,False
a4ef6a1f-6c7d-498d-b218-cc204f9bbca0,yangyangyu,12,9213,spike,spike,1,Yes (spike present),1,True,6748.9,0,1,15.490958001464605,bipolar,100.0,0.5-70 Hz,60 Hz,10.0,0.17212786017914183,512.3114160871633,12.489792800555986,12.526966034166236,False,False
a4ef6a1f-6c7d-498d-b218-cc204f9bbca0,yangyangyu,13,6983,spike,spike,1,No (no spike),0,False,100508.0,0,1,15.623374998540385,bipolar,100.0,0.5-70 Hz,60 Hz,10.0,0.17121047797437888,553.5046333048267,12.465434605601487,12.466349265607466,False,False
a4ef6a1f-6c7d-498d-b218-cc204f9bbca0,yangyangyu,14,2717,spike,spike,0,No (no spike),0,True,1987.3,0,1,13.06812500115484,bipolar,100.0,0.5-70 Hz,60 Hz,10.0,0.17113171533618987,542.280672071285,12.418498438715854,12.442659890456344,False,False
a4ef6a1f-6c7d-498d-b218-cc204f9bbca0,yangyangyu,15,9949,spike,spike,0,Yes (spike present),1,False,7946.3,0,1,13.045625000813743,bipolar,100.0,0.5-70 Hz,60 Hz,10.0,0.17322323145140311,477.57905789074994,12.648633065797668,12.399888904907748,False,False
a4ef6a1f-6c7d-498d-b218-cc204f9bbca0,yangyangyu,16,3027,spike,spike,0,No (no spike),0,True,4554.6,0,1,15.482082999369595,bipolar,100.0,0.5-70 Hz,60 Hz,10.0,0.17242114758363447,473.54268919091544,12.608803644295485,12.621671423908605,False,False
a4ef6a1f-6c7d-498d-b218-cc204f9bbca0,yangyangyu,17,17207,spike,spike,1,Yes (spike present),1,True,6287.3,0,1,13.228333002189174,bipolar,100.0,0.5-70 Hz,60 Hz,10.0,0.17264572817034635,436.0259018997969,12.543005910618827,12.585649894790546,False,False
a4ef6a1f-6c7d-498d-b218-cc204f9bbca0,yangyangyu,18,13197,spike,spike,1,Yes (spike present),1,True,1762.6,0,1,12.806458998966264,bipolar,100.0,0.5-70 Hz,60 Hz,10.0,0.17920650559983675,371.77770561377014,12.51393021939769,12.524801079258909,False,False
a4ef6a1f-6c7d-498d-b218-cc204f9bbca0,yangyangyu,19,6289,spike,spike,1,Yes (spike present),1,True,2009.8,0,1,10.994708998623537,bipolar,100.0,0.5-70 Hz,60 Hz,10.0,0.17414422388925022,599.9999999999999,12.02677091230261,12.497595876449804,True,False
a4ef6a1f-6c7d-498d-b218-cc204f9bbca0,yangyangyu,20,866,spike,spike,0,No (no spike),0,True,3345.6,0,1,7.121042002836475,bipolar,100.0,0.5-70 Hz,60 Hz,10.0,0.1741654298158618,598.6543500446028,12.007735369992549,12.01482080014642,False,False
a4ef6a1f-6c7d-498d-b218-cc204f9bbca0,yangyangyu,21,13612,spike,spike,1,No (no spike),0,False,5101.9,0,1,10.656166999979177,bipolar,100.0,0.5-70 Hz,60 Hz,10.0,0.17309527317449758,538.7924156331779,12.034179576246455,11.99642160213228,False,False
a4ef6a1f-6c7d-498d-b218-cc204f9bbca0,yangyangyu,22,5962,spike,spike,1,No (no spike),0,False,3325.8,0,1,13.734207997913472,bipolar,100.0,0.5-70 Hz,60 Hz,10.0,0.1754473825900158,389.89938688428253,12.078230348106676,12.021025488180694,False,False
a4ef6a1f-6c7d-498d-b218-cc204f9bbca0,yangyangyu,23,9345,spike,spike,1,Yes (spike present),1,True,3773.0,0,1,10.317666001355974,bipolar,100.0,0.5-70 Hz,60 Hz,10.0,0.17497530473938838,454.7042098917775,12.039235913955999,12.05850176529676,False,False
a4ef6a1f-6c7d-498d-b218-cc204f9bbca0,yangyangyu,24,10551,spike,spike,1,Yes (spike present),1,True,1356.8,0,1,12.053916998411296,bipolar,100.0,0.5-70 Hz,60 Hz,10.0,0.17369624590919175,493.5310891348112,12.008082508694534,12.025843775632115,False,False
a4ef6a1f-6c7d-498d-b218-cc204f9bbca0,yangyangyu,25,4695,spike,spike,0,No (no spike),0,True,9766.8,0,1,14.46383400252671,bipolar,100.0,0.5-70 Hz,60 Hz,10.0,0.17317215000381442,487.58637079294635,11.994438201556367,11.998085439768827,False,False
a4ef6a1f-6c7d-498d-b218-cc204f9bbca0,yangyangyu,26,5496,spike,spike,1,Yes (spike present),1,True,66033.2,0,1,11.805207999714185,bipolar,100.0,0.5-70 Hz,60 Hz,10.0,0.17267688294760658,529.073983860719,11.967546078792614,11.984712843094787,False,False
a4ef6a1f-6c7d-498d-b218-cc204f9bbca0,yangyangyu,27,15481,spike,spike,1,Yes (spike present),1,True,7343.1,0,1,13.601916998595698,bipolar,100.0,0.5-70 Hz,60 Hz,10.0,0.1732924481318005,561.6221538475324,11.949690783581378,11.95984541827169,False,False
a4ef6a1f-6c7d-498d-b218-cc204f9bbca0,yangyangyu,28,14620,spike,spike,0,No (no spike),0,True,17121.3,0,1,13.926540999818826,bipolar,100.0,0.5-70 Hz,60 Hz,10.0,0.1728722284990768,539.6218903185999,11.931642144250112,11.943323481930522,False,False
a4ef6a1f-6c7d-498d-b218-cc204f9bbca0,yangyangyu,29,13630,spike,spike,1,No (no spike),0,False,3019.6,0,1,13.743874998908723,bipolar,100.0,0.5-70 Hz,60 Hz,10.0,0.17096846430140694,470.2964531717869,11.93888893379096,11.925450625056424,False,False
a4ef6a1f-6c7d-498d-b218-cc204f9bbca0,yangyangyu,30,9054,spike,spike,1,Yes (spike present),1,True,2500.6,0,1,12.42945799822337,bipolar,100.0,0.5-70 Hz,60 Hz,10.0,0.17182353374970627,505.5281404727564,11.920921960458093,11.932501603573161,False,False
a4ef6a1f-6c7d-498d-b218-cc204f9bbca0,yangyangyu,31,12134,spike,spike,1,Yes (spike present),1,True,2057.8,0,1,12.384165998810204,bipolar,100.0,0.5-70 Hz,60 Hz,10.0,0.17251875330826383,520.4765682402287,11.905052443101198,11.915858871008865,False,False
a4ef6a1f-6c7d-498d-b218-cc204f9bbca0,yangyangyu,32,4664,spike,spike,0,Yes (spike present),1,False,4040.8,0,1,9.194124999339692,bipolar,100.0,0.5-70 Hz,60 Hz,10.0,0.17405759947895832,548.0011021451087,11.953967999226023,11.90046640659023,False,False
a4ef6a1f-6c7d-498d-b218-cc204f9bbca0,yangyangyu,33,2657,spike,spike,0,No (no spike),0,True,1771.7,0,1,13.001832998270402,bipolar,100.0,0.5-70 Hz,60 Hz,10.0,0.17396988946027542,553.2818275337418,11.944420701283882,11.94679115582538,False,False
a4ef6a1f-6c7d-498d-b218-cc204f9bbca0,yangyangyu,34,12089,spike,spike,1,Yes (spike present),1,True,2654.3,0,1,11.069916999986162,bipolar,100.0,0.5-70 Hz,60 Hz,10.0,0.17413856143604012,558.7452432328148,11.93312964414321,11.93902101887447,False,False
a4ef6a1f-6c7d-498d-b218-cc204f9bbca0,yangyangyu,35,2733,spike,spike,0,No (no spike),0,True,2761.3,0,1,13.833000000886386,bipolar,100.0,0.5-70 Hz,60 Hz,10.0,0.17400973144445553,560.4377666396967,11.925249286282206,11.928259571874506,False,False
a4ef6a1f-6c7d-498d-b218-cc204f9bbca0,yangyangyu,36,10305,spike,spike,1,Yes (spike present),1,True,2752.1,0,1,10.96624999991036,bipolar,100.0,0.5-70 Hz,60 Hz,10.0,0.17460589149556216,564.0220256745743,11.916578485826632,11.921108801453201,False,False
a4ef6a1f-6c7d-498d-b218-cc204f9bbca0,yangyangyu,37,1902,spike,spike,1,Yes (spike present),1,True,8347.4,0,1,13.0942910000158,bipolar,100.0,0.5-70 Hz,60 Hz,10.0,0.17673268881413406,528.8552269514136,11.944290961024198,11.912656802089138,False,False
a4ef6a1f-6c7d-498d-b218-cc204f9bbca0,yangyangyu,38,10301,spike,spike,1,No (no spike),0,False,2195.7,0,1,13.078500000119675,bipolar,100.0,0.5-70 Hz,60 Hz,10.0,0.17644335940396744,536.6574745380891,11.935499419904023,11.94015490400875,False,False
a4ef6a1f-6c7d-498d-b218-cc204f9bbca0,yangyangyu,39,5875,spike,spike,1,Yes (spike present),1,True,3879.7,0,1,10.1526250000461,bipolar,100.0,0.5-70 Hz,60 Hz,10.0,0.17658954819854095,532.8631773099396,11.932763569898498,11.931177855588679,False,False
a4ef6a1f-6c7d-498d-b218-cc204f9bbca0,yangyangyu,40,3565,spike,spike,0,No (no spike),0,True,1797.1,0,1,11.605708001297899,bipolar,100.0,0.5-70 Hz,60 Hz,10.0,0.17655560486554323,538.9205134834599,11.92440783534129,11.928865937319395,False,False
a4ef6a1f-6c7d-498d-b218-cc204f9bbca0,yangyangyu,41,3952,spike,spike,1,Yes (spike present),1,True,2841.6,0,1,12.728916997730266,bipolar,100.0,0.5-70 Hz,60 Hz,10.0,0.17681636175851834,517.6930825639249,11.929691214641622,11.92070847291101,False,False
a4ef6a1f-6c7d-498d-b218-cc204f9bbca0,yangyangyu,42,13538,spike,spike,1,No (no spike),0,False,3500.8,0,1,12.585665997903561,bipolar,100.0,0.5-70 Hz,60 Hz,10.0,0.17652763233075985,532.9025282489226,11.910893827617613,11.926143136772296,False,False
a4ef6a1f-6c7d-498d-b218-cc204f9bbca0,yangyangyu,43,13226,spike,spike,1,Yes (spike present),1,True,7567.5,0,1,9.688000001915498,bipolar,100.0,0.5-70 Hz,60 Hz,10.0,0.1766082925433618,527.8770444021303,11.90635813024882,11.907788481968785,False,False
a4ef6a1f-6c7d-498d-b218-cc204f9bbca0,yangyangyu,44,3029,spike,spike,0,No (no spike),0,True,4608.0,0,1,11.459000001195818,bipolar,100.0,0.5-70 Hz,60 Hz,10.0,0.17656467482999672,531.8592133173966,11.899089761331707,11.90365372073035,False,False
a4ef6a1f-6c7d-498d-b218-cc204f9bbca0,yangyangyu,45,11870,spike,spike,1,Yes (spike present),1,True,1791.8,0,1,11.694791002810234,bipolar,100.0,0.5-70 Hz,60 Hz,10.0,0.17660107082179782,528.4306662232374,11.894406894601346,11.896563122692022,False,False
a4ef6a1f-6c7d-498d-b218-cc204f9bbca0,yangyangyu,46,9649,spike,spike,1,No (no spike),0,False,3968.6,0,1,12.385917001665803,bipolar,100.0,0.5-70 Hz,60 Hz,10.0,0.1754893659055693,532.3649062078694,11.894894115137763,11.89205359826965,False,False
a4ef6a1f-6c7d-498d-b218-cc204f9bbca0,yangyangyu,47,12318,spike,spike,1,Yes (spike present),1,True,2563.4,0,1,13.081041997793363,bipolar,100.0,0.5-70 Hz,60 Hz,10.0,0.1757930779969335,531.5613614724152,11.889942422425221,11.892215105321494,False,False
a4ef6a1f-6c7d-498d-b218-cc204f9bbca0,yangyangyu,48,14156,spike,spike,1,Yes (spike present),1,True,2516.8,0,1,13.499833003152162,bipolar,100.0,0.5-70 Hz,60 Hz,10.0,0.176519192333564,527.8234334028014,11.886568129159802,11.887578029100707,False,False
a4ef6a1f-6c7d-498d-b218-cc204f9bbca0,yangyangyu,49,5819,spike,spike,0,No (no spike),0,True,3919.5,0,1,12.59304199993494,bipolar,100.0,0.5-70 Hz,60 Hz,10.0,0.1756473386816405,528.6727453780708,11.879895597567325,11.884462509064608,False,False
a4ef6a1f-6c7d-498d-b218-cc204f9bbca0,yangyangyu,50,6706,spike,spike,1,No (no spike),0,False,1665.2,0,1,11.049792003177572,bipolar,100.0,0.5-70 Hz,60 Hz,10.0,0.1740400389637876,524.1149771983872,11.87740171255195,11.877939837525215,False,False
a4ef6a1f-6c7d-498d-b218-cc204f9bbca0,yangyangyu,51,14082,spike,spike,1,Yes (spike present),1,True,9268.1,0,1,12.397375001455657,bipolar,100.0,0.5-70 Hz,60 Hz,10.0,0.17429478035568619,523.859513468371,11.872870453828394,11.875379238419432,False,False
a4ef6a1f-6c7d-498d-b218-cc204f9bbca0,yangyangyu,52,6049,spike,spike,0,No (no spike),0,True,2147.5,0,1,11.616541996772867,bipolar,100.0,0.5-70 Hz,60 Hz,10.0,0.17370111948047773,510.43839943596754,11.86345339715185,11.870927470631534,False,False
a4ef6a1f-6c7d-498d-b218-cc204f9bbca0,yangyangyu,53,16876,spike,spike,0,No (no spike),0,True,2520.5,0,1,12.581791001139209,bipolar,100.0,0.5-70 Hz,60 Hz,10.0,0.17353743201370814,500.4861597457818,11.858224992882109,11.861661507999163,False,False
a4ef6a1f-6c7d-498d-b218-cc204f9bbca0,yangyangyu,54,14539,spike,spike,1,Yes (spike present),1,True,19287.4,0,1,9.881833000690676,bipolar,100.0,0.5-70 Hz,60 Hz,10.0,0.17374203842878416,502.3551618510335,11.852916765611683,11.856539033951492,False,False
a4ef6a1f-6c7d-498d-b218-cc204f9bbca0,yangyangyu,55,15600,spike,spike,1,No (no spike),0,False,8618.4,0,1,12.79150000118534,bipolar,100.0,0.5-70 Hz,60 Hz,10.0,0.17332238217063062,492.1367203479725,11.85769874960431,11.851364327258151,False,False
a4ef6a1f-6c7d-498d-b218-cc204f9bbca0,yangyangyu,56,14411,spike,spike,1,No (no spike),0,False,2355.9,0,1,12.147207999078091,bipolar,100.0,0.5-70 Hz,60 Hz,10.0,0.17269446930000792,474.5099837412422,11.862378193125213,11.856098402559738,False,False
a4ef6a1f-6c7d-498d-b218-cc204f9bbca0,yangyangyu,57,3688,spike,spike,0,Yes (spike present),1,False,1598.5,0,1,11.909958000615006,bipolar,100.0,0.5-70 Hz,60 Hz,10.0,0.1734882993398617,487.3845810502309,11.874131010842671,11.860737282820583,False,False
a4ef6a1f-6c7d-498d-b218-cc204f9bbca0,yangyangyu,58,17208,spike,spike,0,Yes (spike present),1,False,1469.1,0,1,12.276584002393065,bipolar,100.0,0.5-70 Hz,60 Hz,10.0,0.17462393525111386,450.54275852597766,11.84733411541958,11.87193599862966,False,False
a4ef6a1f-6c7d-498d-b218-cc204f9bbca0,yangyangyu,59,1417,spike,spike,0,No (no spike),0,True,2422.7,0,1,12.310584002989344,bipolar,100.0,0.5-70 Hz,60 Hz,10.0,0.17451531737515158,452.69034708611747,11.844899823089206,11.843669043370175,False,False
a4ef6a1f-6c7d-498d-b218-cc204f9bbca0,yangyangyu,60,2230,spike,spike,0,No (no spike),0,True,1029.1,0,1,11.654916997940745,bipolar,100.0,0.5-70 Hz,60 Hz,10.0,0.17428357560341567,457.373809504291,11.846985179688012,11.841843535891396,False,False
a4ef6a1f-6c7d-498d-b218-cc204f9bbca0,yangyangyu,61,11710,spike,spike,1,No (no spike),0,False,1964.0,0,1,11.40049999958137,bipolar,100.0,0.5-70 Hz,60 Hz,10.0,0.17500000056064657,422.53525801044344,11.84430850554958,11.844793262651185,False,False
a4ef6a1f-6c7d-498d-b218-cc204f9bbca0,yangyangyu,62,1230,spike,spike,0,No (no spike),0,True,1502.9,0,1,11.123082997073652,bipolar,100.0,0.5-70 Hz,60 Hz,10.0,0.1749461897398285,424.3387131058087,11.842626162689196,11.841717675336596,False,False
a4ef6a1f-6c7d-498d-b218-cc204f9bbca0,yangyangyu,63,14655,spike,spike,1,Yes (spike present),1,True,2241.5,0,1,9.618874999432592,bipolar,100.0,0.5-70 Hz,60 Hz,10.0,0.17437441885252486,437.0371926092262,11.837731882860503,11.840294804194613,False,False
a4ef6a1f-6c7d-498d-b218-cc204f9bbca0,yangyangyu,64,5041,spike,spike,0,Yes (spike present),1,False,1156.7,0,1,10.394416996859945,bipolar,100.0,0.5-70 Hz,60 Hz,10.0,0.17622818294026993,389.48644534274393,11.788049728734972,11.835520441519265,False,False
a4ef6a1f-6c7d-498d-b218-cc204f9bbca0,yangyangyu,65,2824,spike,spike,0,No (no spike),0,True,12785.5,0,1,11.04908399793203,bipolar,100.0,0.5-70 Hz,60 Hz,10.0,0.17574898748007278,399.1319494719111,11.795075818252407,11.785323062185956,False,False
a4ef6a1f-6c7d-498d-b218-cc204f9bbca0,yangyangyu,66,12896,spike,spike,1,Yes (spike present),1,True,1955.4,0,1,8.977125002274988,bipolar,100.0,0.5-70 Hz,60 Hz,10.0,0.17606658416589194,405.65345222466925,11.7955956227364,11.792804313044673,False,False
a4ef6a1f-6c7d-498d-b218-cc204f9bbca0,yangyangyu,67,15221,spike,spike,0,Yes (spike present),1,False,2067.4,0,1,12.575542001286522,bipolar,100.0,0.5-70 Hz,60 Hz,10.0,0.1769926815193748,348.8814644145264,11.745058363310509,11.793478724492983,False,False
a4ef6a1f-6c7d-498d-b218-cc204f9bbca0,yangyangyu,68,851,spike,spike,0,No (no spike),0,True,1363.7,0,1,8.577832999435486,bipolar,100.0,0.5-70 Hz,60 Hz,10.0,0.17691300888213868,354.58806466754936,11.746167724294544,11.742188702743922,False,False
a4ef6a1f-6c7d-498d-b218-cc204f9bbca0,yangyangyu,69,16214,spike,spike,1,Yes (spike present),1,True,1534.4,0,1,9.162750000541564,bipolar,100.0,0.5-70 Hz,60 Hz,10.0,0.17700134280852853,359.88860222307943,11.752082707717436,11.743886637060658,False,False
a4ef6a1f-6c7d-498d-b218-cc204f9bbca0,yangyangyu,70,15935,spike,spike,0,No (no spike),0,True,1768.1,0,1,9.228875002008863,bipolar,100.0,0.5-70 Hz,60 Hz,10.0,0.17669608904198258,374.330966180884,11.759877201426974,11.74994611171251,False,False
a4ef6a1f-6c7d-498d-b218-cc204f9bbca0,yangyangyu,71,16601,spike,spike,1,No (no spike),0,False,5285.9,0,1,9.278124998672865,bipolar,100.0,0.5-70 Hz,60 Hz,10.0,0.17643828018725122,362.73830553460317,11.740678841357774,11.757846252245576,False,False
a4ef6a1f-6c7d-498d-b218-cc204f9bbca0,yangyangyu,72,15897,spike,spike,1,No (no spike),0,False,10320.3,0,1,10.715166001318721,bipolar,100.0,0.5-70 Hz,60 Hz,10.0,0.17665157946669152,334.48548036838713,11.718366182937235,11.738714970536382,False,False
a4ef6a1f-6c7d-498d-b218-cc204f9bbca0,yangyangyu,73,10876,spike,spike,1,Yes (spike present),1,True,1497.7,0,1,8.450375000393251,bipolar,100.0,0.5-70 Hz,60 Hz,10.0,0.17641613786002364,342.9485889093408,11.72020665964125,11.71609469916155,False,False
a4ef6a1f-6c7d-498d-b218-cc204f9bbca0,yangyangyu,74,14807,spike,spike,1,No (no spike),0,False,9787.5,0,1,9.023124999657739,bipolar,100.0,0.5-70 Hz,60 Hz,10.0,0.17689386797261536,310.6543990639516,11.701113600472095,11.718128973237738,False,False
a4ef6a1f-6c7d-498d-b218-cc204f9bbca0,yangyangyu,75,11159,spike,spike,1,Yes (spike present),1,True,1707.2,0,1,9.776791001058882,bipolar,100.0,0.5-70 Hz,60 Hz,10.0,0.17674702965164202,320.33914408226764,11.700967540047662,11.698871438732782,False,False
a4ef6a1f-6c7d-498d-b218-cc204f9bbca0,yangyangyu,76,15224,spike,spike,1,Yes (spike present),1,True,1237.2,0,1,9.668791000876809,bipolar,100.0,0.5-70 Hz,60 Hz,10.0,0.17648316499806566,331.92988697679755,11.703526448600499,11.698926648942024,False,False
a4ef6a1f-6c7d-498d-b218-cc204f9bbca0,yangyangyu,77,14287,spike,spike,0,No (no spike),0,True,7915.1,0,1,9.316583000327228,bipolar,100.0,0.5-70 Hz,60 Hz,10.0,0.17635919382625315,339.9709746963056,11.712749676426455,11.70150920681457,False,False
a4ef6a1f-6c7d-498d-b218-cc204f9bbca0,yangyangyu,78,6752,spike,spike,1,No (no spike),0,False,8131.7,0,1,9.524375000182772,bipolar,100.0,0.5-70 Hz,60 Hz,10.0,0.17660442053384162,322.3770629521968,11.702136460504569,11.710972287618784,False,False
a4ef6a1f-6c7d-498d-b218-cc204f9bbca0,yangyangyu,79,12664,spike,spike,1,Yes (spike present),1,True,1846.1,0,1,7.919042000139598,bipolar,100.0,0.5-70 Hz,60 Hz,10.0,0.17643453745241744,331.04953038982137,11.703006155554023,11.700279594159753,False,False
a4ef6a1f-6c7d-498d-b218-cc204f9bbca0,yangyangyu,80,15491,spike,spike,1,Yes (spike present),1,True,1232.6,0,1,9.27149999915855,bipolar,100.0,0.5-70 Hz,60 Hz,10.0,0.17622715421111507,338.6435515572105,11.704946960111085,11.70134681759462,False,False
a4ef6a1f-6c7d-498d-b218-cc204f9bbca0,yangyangyu,81,15802,spike,spike,0,Yes (spike present),1,False,1423.7,0,1,9.26074999733828,bipolar,100.0,0.5-70 Hz,60 Hz,10.0,0.17331718337965013,599.9999999999999,11.866782758198328,11.703584616812256,True,False
a4ef6a1f-6c7d-498d-b218-cc204f9bbca0,yangyangyu,82,13506,spike,spike,0,No (no spike),0,True,1342.5,0,1,3.0462499998975545,bipolar,100.0,0.5-70 Hz,60 Hz,10.0,0.17332278343063484,599.2713727938594,11.862659343005339,11.865123278511948,False,False
a4ef6a1f-6c7d-498d-b218-cc204f9bbca0,yangyangyu,83,173,spike,spike,0,No (no spike),0,True,946.1,0,1,7.294875002116896,bipolar,100.0,0.5-70 Hz,60 Hz,10.0,0.17332408974669367,596.9724307752634,11.859023767549552,11.861279061462438,False,False
a4ef6a1f-6c7d-498d-b218-cc204f9bbca0,yangyangyu,84,7804,spike,spike,1,No (no spike),0,False,3815.0,0,1,9.06599999871105,bipolar,100.0,0.5-70 Hz,60 Hz,10.0,0.17341917611334412,584.349747574759,11.844582884345138,11.85773189459991,False,False
a4ef6a1f-6c7d-498d-b218-cc204f9bbca0,yangyangyu,85,874,spike,spike,0,No (no spike),0,True,1459.5,0,1,7.804959001077805,bipolar,100.0,0.5-70 Hz,60 Hz,10.0,0.17342357259158758,581.1587692365471,11.840909449104991,11.843396274275126,False,False
a4ef6a1f-6c7d-498d-b218-cc204f9bbca0,yangyangyu,86,16356,spike,spike,0,No (no spike),0,True,1663.2,0,1,8.331832999829203,bipolar,100.0,0.5-70 Hz,60 Hz,10.0,0.1734280363914089,575.9397131602457,11.83721842485214,11.839850740369958,False,False
a4ef6a1f-6c7d-498d-b218-cc204f9bbca0,yangyangyu,87,16464,spike,spike,1,No (no spike),0,False,3854.4,0,1,8.07879100102582,bipolar,100.0,0.5-70 Hz,60 Hz,10.0,0.1735184801572079,544.093826348651,11.819230411258097,11.836160636752771,False,False
a4ef6a1f-6c7d-498d-b218-cc204f9bbca0,yangyangyu,88,4980,spike,spike,1,Yes (spike present),1,True,2218.5,0,1,7.84025000029942,bipolar,100.0,0.5-70 Hz,60 Hz,10.0,0.17326844424439958,579.0932030516192,11.846525526421345,11.818213812624847,False,False
a4ef6a1f-6c7d-498d-b218-cc204f9bbca0,yangyangyu,89,15154,spike,spike,0,No (no spike),0,True,4594.0,0,1,6.809040998632554,bipolar,100.0,0.5-70 Hz,60 Hz,10.0,0.17327126716957958,573.2177047361629,11.843047763644577,11.845620709191023,False,False
a4ef6a1f-6c7d-498d-b218-cc204f9bbca0,yangyangyu,90,5593,spike,spike,1,Yes (spike present),1,True,2780.0,0,1,7.82779200017103,bipolar,100.0,0.5-70 Hz,60 Hz,10.0,0.1731017759072248,589.1309650829455,11.863115301463306,11.842169044776806,False,False
a4ef6a1f-6c7d-498d-b218-cc204f9bbca0,yangyangyu,91,15428,spike,spike,0,No (no spike),0,True,1797.0,0,1,8.940208001149585,bipolar,100.0,0.5-70 Hz,60 Hz,10.0,0.17310229753250655,585.4715490825068,11.860730621189598,11.86223020584086,False,False
a4ef6a1f-6c7d-498d-b218-cc204f9bbca0,yangyangyu,92,14059,spike,spike,0,No (no spike),0,True,4300.4,0,1,8.053041001403471,bipolar,100.0,0.5-70 Hz,60 Hz,10.0,0.17310125116259317,580.9391580138001,11.85849874238716,11.859917710053105,False,False
a4ef6a1f-6c7d-498d-b218-cc204f9bbca0,yangyangyu,93,16671,spike,spike,0,No (no spike),0,True,1339.7,0,1,7.4977920012315735,bipolar,100.0,0.5-70 Hz,60 Hz,10.0,0.17308429701053807,566.3120860641975,11.848295013299648,11.857737057868448,False,False
a4ef6a1f-6c7d-498d-b218-cc204f9bbca0,yangyangyu,94,13367,spike,spike,0,No (no spike),0,True,975.4,0,1,6.605583002965432,bipolar,100.0,0.5-70 Hz,60 Hz,10.0,0.17318294807332463,542.0364188641977,11.83552680576484,11.847565152975758,False,False
a4ef6a1f-6c7d-498d-b218-cc204f9bbca0,yangyangyu,95,16763,spike,spike,0,Yes (spike present),1,False,5173.5,0,1,6.696458996884758,bipolar,100.0,0.5-70 Hz,60 Hz,10.0,0.1730896903339323,578.873855106267,11.85310969321974,11.834899182509833,False,False
a4ef6a1f-6c7d-498d-b218-cc204f9bbca0,yangyangyu,96,8014,spike,spike,0,No (no spike),0,True,1873.3,0,1,5.587791998550529,bipolar,100.0,0.5-70 Hz,60 Hz,10.0,0.1730784437769433,564.2026636470864,11.844369860143559,11.852615198458729,False,False
a4ef6a1f-6c7d-498d-b218-cc204f9bbca0,yangyangyu,97,5515,spike,spike,0,Yes (spike present),1,False,1741.6,0,1,6.526708999444963,bipolar,100.0,0.5-70 Hz,60 Hz,10.0,0.17310103289744438,578.1430573688203,11.859984285573326,11.843878251120474,False,False
a4ef6a1f-6c7d-498d-b218-cc204f9bbca0,yangyangyu,98,6629,spike,spike,0,Yes (spike present),1,False,1701.1,0,1,5.911666998144938,bipolar,100.0,0.5-70 Hz,60 Hz,10.0,0.17314944464672294,583.3849668803487,11.872093032259933,11.859533891197621,False,False
a4ef6a1f-6c7d-498d-b218-cc204f9bbca0,yangyangyu,99,2001,spike,spike,0,No (no spike),0,True,1655.8,0,1,5.015332997572841,bipolar,100.0,0.5-70 Hz,60 Hz,10.0,0.1731483973463097,581.1102101762409,11.869808299464594,11.87180901848497,False,False
a4ef6a1f-6c7d-498d-b218-cc204f9bbca0,yangyangyu,100,32305,lpd,seizure,0,GPD,0,False,365914.2,0,1,153.73608399750083,bipolar,100.0,0.5-70 Hz,60 Hz,10.0,0.1750545718253454,404.77039487990965,11.413350955692302,11.473882595500058,False,False
a4ef6a1f-6c7d-498d-b218-cc204f9bbca0,yangyangyu,101,63650,lrda,seizure,0,Other,0,False,51286.7,0,1,152.37495900146314,bipolar,100.0,0.5-70 Hz,60 Hz,10.0,0.1758362409051869,599.9999999999999,11.626078329844526,11.058591097933029,True,False
a4ef6a1f-6c7d-498d-b218-cc204f9bbca0,yangyangyu,102,36215,sz,grda,0,LPD,0,False,66075.6,0,1,130.007542000385,bipolar,100.0,0.5-70 Hz,60 Hz,10.0,0.1754509809495976,453.09580157756324,11.264699618087164,11.331179125434627,False,False
a4ef6a1f-6c7d-498d-b218-cc204f9bbca0,yangyangyu,103,54027,iic,seizure,0,Seizure,0,True,66018.9,0,1,160.95108399895253,bipolar,100.0,0.5-70 Hz,60 Hz,10.0,0.17526923722248883,325.95623229934586,11.22875470511817,10.977204844160163,False,False
a4ef6a1f-6c7d-498d-b218-cc204f9bbca0,yangyangyu,104,68822,lrda,seizure,0,Other,0,False,58118.8,0,1,162.5807500022347,bipolar,100.0,0.5-70 Hz,60 Hz,10.0,0.17488994306442457,599.9999999999999,10.674533037609873,10.963851846218677,True,False
a4ef6a1f-6c7d-498d-b218-cc204f9bbca0,yangyangyu,105,33250,grda,seizure,0,GRDA,1,False,389341.3,0,1,127.26787499559578,bipolar,100.0,0.5-70 Hz,60 Hz,10.0,0.17842741238240561,441.0523054197745,10.473410820585782,10.40223957236363,False,False
a4ef6a1f-6c7d-498d-b218-cc204f9bbca0,yangyangyu,106,53019,lrda,lpd,0,LRDA,1,False,38579.7,0,1,153.71116699679988,bipolar,100.0,0.5-70 Hz,60 Hz,10.0,0.17550489931396707,599.9999999999999,10.261480760327064,10.25110361683048,True,False
a4ef6a1f-6c7d-498d-b218-cc204f9bbca0,yangyangyu,107,57436,gpd,lrda,0,Other,0,False,50456.8,0,1,125.82362499961164,bipolar,100.0,0.5-70 Hz,60 Hz,10.0,0.17294804609950487,459.5641816570935,10.10606783135743,9.985467673677142,False,False
a4ef6a1f-6c7d-498d-b218-cc204f9bbca0,yangyangyu,108,68953,gpd,lrda,0,LPD,0,False,52763.4,0,1,161.57654199923854,bipolar,100.0,0.5-70 Hz,60 Hz,10.0,0.17264527174137112,361.48856035054985,9.914283856095189,9.852136712021558,False,False
a4ef6a1f-6c7d-498d-b218-cc204f9bbca0,yangyangyu,109,55193,gpd,lrda,0,Other,0,False,4206.5,0,1,160.43450000142911,bipolar,100.0,0.5-70 Hz,60 Hz,10.0,0.17199891641726567,599.9999999999999,9.816197065019164,9.690888799588272,True,False
a4ef6a1f-6c7d-498d-b218-cc204f9bbca0,yangyangyu,110,51979,sz,lrda,0,Other,0,False,46481.4,0,1,127.9841249997844,bipolar,100.0,0.5-70 Hz,60 Hz,10.0,0.17072964039352634,555.5111924778131,9.598623831615155,9.597988813689563,False,False
a4ef6a1f-6c7d-498d-b218-cc204f9bbca0,yangyangyu,111,35768,grda,lrda,0,Other,0,False,1156.8,0,1,161.84570799669018,bipolar,100.0,0.5-70 Hz,60 Hz,10.0,0.17160598575209934,328.43547705879456,9.306067488601458,9.381695568754614,False,False
a4ef6a1f-6c7d-498d-b218-cc204f9bbca0,yangyangyu,112,47249,lpd,seizure,0,Other,0,False,45856.1,0,1,160.4254170015338,bipolar,100.0,0.5-70 Hz,60 Hz,10.0,0.17986822745804554,599.9999999999999,9.129008594046935,9.094997859706448,True,False
a4ef6a1f-6c7d-498d-b218-cc204f9bbca0,yangyangyu,113,45297,lpd,lrda,0,Other,0,False,1845.3,0,1,125.87487500422867,bipolar,100.0,0.5-70 Hz,60 Hz,10.0,0.17806254747710648,560.6848456106623,8.988018904687916,8.947734747316094,False,False
a4ef6a1f-6c7d-498d-b218-cc204f9bbca0,yangyangyu,114,46278,iic,lrda,0,Seizure,0,False,36953.6,0,1,151.78691699838964,bipolar,100.0,0.5-70 Hz,60 Hz,10.0,0.17733163237073973,514.7077057279453,8.915306771938983,8.817403183788088,False,False
a4ef6a1f-6c7d-498d-b218-cc204f9bbca0,yangyangyu,115,51380,lpd,lrda,0,Other,0,False,2415.6,0,1,150.09241699590348,bipolar,100.0,0.5-70 Hz,60 Hz,10.0,0.17403066388892713,446.54361586691243,8.774272914841852,8.764055914237328,False,False
a4ef6a1f-6c7d-498d-b218-cc204f9bbca0,yangyangyu,116,31011,sz,seizure,1,GPD,0,False,65196.6,0,1,146.3937909938977,bipolar,100.0,0.5-70 Hz,60 Hz,10.0,0.1720626390919145,321.840117844579,8.711996966240187,8.627951389517401,False,False
a4ef6a1f-6c7d-498d-b218-cc204f9bbca0,yangyangyu,117,22391,sz,grda,0,GRDA,0,True,74993.0,0,1,148.40849999745842,bipolar,100.0,0.5-70 Hz,60 Hz,10.0,0.17463621460198675,599.9999999999999,8.568905128551425,8.538839949853507,True,False
a4ef6a1f-6c7d-498d-b218-cc204f9bbca0,yangyangyu,118,44664,gpd,gpd,1,Other,0,False,2239.6,0,1,125.07808300142642,bipolar,100.0,0.5-70 Hz,60 Hz,10.0,0.17614190435808363,399.3554801414827,8.490037871181533,8.43406060486413,False,False
a4ef6a1f-6c7d-498d-b218-cc204f9bbca0,yangyangyu,119,22801,gpd,seizure,0,Seizure,0,True,107108.4,0,1,152.74220799619798,bipolar,100.0,0.5-70 Hz,60 Hz,10.0,0.17654358191769687,323.19373762471685,8.316810053356178,8.324598797057702,False,False
a4ef6a1f-6c7d-498d-b218-cc204f9bbca0,yangyangyu,120,36886,lpd,lpd,1,Other,0,False,51027.0,0,1,159.92608400119934,bipolar,100.0,0.5-70 Hz,60 Hz,10.0,0.17415957936324528,599.9999999999999,8.054079203849268,8.155022855013186,True,False
a4ef6a1f-6c7d-498d-b218-cc204f9bbca0,yangyangyu,121,39796,iic,other,1,Seizure,0,False,51729.1,0,1,126.71783399855485,bipolar,100.0,0.5-70 Hz,60 Hz,10.0,0.17635198898104676,409.42960968147435,7.933348263752167,7.909160371958953,False,False
a4ef6a1f-6c7d-498d-b218-cc204f9bbca0,yangyangyu,122,64879,iic,grda,0,Other,1,False,1618.6,0,1,152.12137500202516,bipolar,100.0,0.5-70 Hz,60 Hz,10.0,0.17654589404221366,391.84118796485615,7.824889917381309,7.780942211256175,False,False
a4ef6a1f-6c7d-498d-b218-cc204f9bbca0,yangyangyu,123,70983,lpd,lpd,1,Other,0,False,777687.4,0,1,161.19474999868544,bipolar,100.0,0.5-70 Hz,60 Hz,10.0,0.17399754866801886,376.62041825230204,7.655355093147187,7.666318654155635,False,False
a4ef6a1f-6c7d-498d-b218-cc204f9bbca0,yangyangyu,124,47245,sz,seizure,1,LPD,0,False,4685.3,0,1,159.66404099890497,bipolar,100.0,0.5-70 Hz,60 Hz,10.0,0.17342028644510715,358.04391299147534,7.461920751685993,7.512374003901826,False,False
a4ef6a1f-6c7d-498d-b218-cc204f9bbca0,yangyangyu,125,45968,gpd,lpd,0,Other,0,False,1563.3,0,1,162.72329100320349,bipolar,100.0,0.5-70 Hz,60 Hz,10.0,0.17343396401524974,342.45576137719763,7.331022410401892,7.332049875259445,False,False
a4ef6a1f-6c7d-498d-b218-cc204f9bbca0,yangyangyu,126,41525,lpd,lpd,1,Other,0,False,47180.9,0,1,196.58754100237275,bipolar,100.0,0.5-70 Hz,60 Hz,10.0,0.1745227282455657,599.9999999999999,7.35011463805686,7.222920860463374,True,False
a4ef6a1f-6c7d-498d-b218-cc204f9bbca0,yangyangyu,127,70220,sz,lrda,0,Seizure,1,False,102597.8,0,1,123.2529170010821,bipolar,100.0,0.5-70 Hz,60 Hz,10.0,0.17525262273531184,302.20757952451373,7.432083401587781,7.254450986168358,False,False
a4ef6a1f-6c7d-498d-b218-cc204f9bbca0,yangyangyu,128,52296,grda,gpd,0,GRDA,1,False,47298.8,0,1,157.81849999621045,bipolar,100.0,0.5-70 Hz,60 Hz,10.0,0.17610300608227514,599.9999999999999,7.236436298777027,7.3318900566444904,True,False
a4ef6a1f-6c7d-498d-b218-cc204f9bbca0,yangyangyu,129,43389,grda,grda,1,Other,0,False,1827.5,0,1,124.33233300544089,bipolar,100.0,0.5-70 Hz,60 Hz,10.0,0.17414144572620632,403.75535980191495,7.039413347734772,7.137532645654108,False,False
a4ef6a1f-6c7d-498d-b218-cc204f9bbca0,yangyangyu,130,33277,sz,seizure,1,Seizure,1,True,33458.2,0,1,155.94991699617822,bipolar,100.0,0.5-70 Hz,60 Hz,10.0,0.17350073709181674,387.56887183606335,6.863681150569039,6.945253069002453,False,False
a4ef6a1f-6c7d-498d-b218-cc204f9bbca0,yangyangyu,131,44829,gpd,gpd,1,Other,0,False,1939.9,0,1,155.79724999406608,bipolar,100.0,0.5-70 Hz,60 Hz,10.0,0.1741023747041921,366.367836192131,6.799491679869241,6.7759230050281385,False,False
a4ef6a1f-6c7d-498d-b218-cc204f9bbca0,yangyangyu,132,55346,sz,lrda,0,Other,0,False,34944.9,0,1,151.91200000117533,bipolar,100.0,0.5-70 Hz,60 Hz,10.0,0.17259166588431746,346.3295034538066,6.703657814012124,6.712887543259976,False,False
a4ef6a1f-6c7d-498d-b218-cc204f9bbca0,yangyangyu,133,40008,iic,lrda,0,Other,1,False,38229.3,0,1,154.03329199762084,bipolar,100.0,0.5-70 Hz,60 Hz,10.0,0.1686848223414456,599.9999999999999,6.527205555591979,6.622001479676571,True,False
a4ef6a1f-6c7d-498d-b218-cc204f9bbca0,yangyangyu,134,55303,lrda,lrda,1,Other,0,False,192493.8,0,1,121.63604200031841,bipolar,100.0,0.5-70 Hz,60 Hz,10.0,0.16809055609674695,409.539880845526,6.629964382199455,6.428963503847902,False,False
a4ef6a1f-6c7d-498d-b218-cc204f9bbca0,yangyangyu,135,50078,gpd,gpd,1,Other,0,False,47257.8,0,1,153.50966699770652,bipolar,100.0,0.5-70 Hz,60 Hz,10.0,0.17079026448013118,394.70010839530096,6.53519501629834,6.544488648464741,False,False
a4ef6a1f-6c7d-498d-b218-cc204f9bbca0,yangyangyu,136,51038,sz,seizure,1,Seizure,1,True,75641.6,0,1,151.66183299879776,bipolar,100.0,0.5-70 Hz,60 Hz,10.0,0.16514966214550053,374.5864945625608,6.3805410250496255,6.462972733408614,False,False
a4ef6a1f-6c7d-498d-b218-cc204f9bbca0,yangyangyu,137,63406,gpd,gpd,1,Other,0,False,2425.3,0,1,151.96416700200643,bipolar,100.0,0.5-70 Hz,60 Hz,10.0,0.17298101420352918,599.9999999999999,6.595514903212605,6.317127935242222,True,False
a4ef6a1f-6c7d-498d-b218-cc204f9bbca0,yangyangyu,138,27863,sz,seizure,1,Seizure,1,True,221750.2,0,1,120.60783299966715,bipolar,100.0,0.5-70 Hz,60 Hz,10.0,0.17274563063626158,579.3510999583897,6.492166510976663,6.518877014960803,False,False
a4ef6a1f-6c7d-498d-b218-cc204f9bbca0,yangyangyu,139,67374,lrda,gpd,0,Other,0,False,30954.7,0,1,138.78854100039462,bipolar,100.0,0.5-70 Hz,60 Hz,10.0,0.1716629073383898,560.0198289108772,6.448413553855921,6.428080109108365,False,False
a4ef6a1f-6c7d-498d-b218-cc204f9bbca0,yangyangyu,140,65579,gpd,gpd,1,Other,0,False,1182.8,0,1,149.84274999733316,bipolar,100.0,0.5-70 Hz,60 Hz,10.0,0.17210942211582175,541.0699402526029,6.351896384920512,6.384024734627191,False,False
a4ef6a1f-6c7d-498d-b218-cc204f9bbca0,yangyangyu,141,34942,lrda,grda,0,Other,0,False,5282.6,0,1,150.40454100380884,bipolar,100.0,0.5-70 Hz,60 Hz,10.0,0.16910743162878417,495.4876779844266,6.3060197308548,6.28871492026677,False,False
a4ef6a1f-6c7d-498d-b218-cc204f9bbca0,yangyangyu,142,59725,lrda,grda,0,Other,0,False,26663.9,0,1,139.53529200080084,bipolar,100.0,0.5-70 Hz,60 Hz,10.0,0.1655154195330738,417.2753797956155,6.292516612033413,6.242989750124053,False,False
a4ef6a1f-6c7d-498d-b218-cc204f9bbca0,yangyangyu,143,60705,lrda,seizure,0,LPD,0,False,209851.6,0,1,151.4666250004666,bipolar,100.0,0.5-70 Hz,60 Hz,10.0,0.16427231948981247,330.757606284654,6.280639733582629,6.222287724198888,False,False
a4ef6a1f-6c7d-498d-b218-cc204f9bbca0,yangyangyu,144,69945,lrda,grda,0,GRDA,0,True,160421.0,0,1,143.9409170052386,bipolar,100.0,0.5-70 Hz,60 Hz,10.0,0.1686861809290221,599.9999999999999,6.1441594453046715,6.2056518122279885,True,False
a4ef6a1f-6c7d-498d-b218-cc204f9bbca0,yangyangyu,145,57261,lrda,lrda,1,Other,0,False,1478.3,0,1,120.45774999569403,bipolar,100.0,0.5-70 Hz,60 Hz,10.0,0.16892237070875304,542.058602483027,6.148641378313991,6.054833142828553,False,False
a4ef6a1f-6c7d-498d-b218-cc204f9bbca0,yangyangyu,146,48579,lpd,lpd,1,GPD,0,False,10150.8,0,1,124.43558299855795,bipolar,100.0,0.5-70 Hz,60 Hz,10.0,0.16886615080420675,523.5482820873586,6.103071544773125,6.091597837689395,False,False
a4ef6a1f-6c7d-498d-b218-cc204f9bbca0,yangyangyu,147,61497,lrda,lrda,1,LRDA,1,True,6580.3,0,1,151.28912499494618,bipolar,100.0,0.5-70 Hz,60 Hz,10.0,0.16861182443232203,496.9890213098953,5.7508981963684365,5.993119615960854,False,False
a4ef6a1f-6c7d-498d-b218-cc204f9bbca0,yangyangyu,148,46922,gpd,gpd,1,Other,0,False,1542.4,0,1,153.77491599792847,bipolar,100.0,0.5-70 Hz,60 Hz,10.0,0.16891968775936228,434.575386156819,5.678559265606195,5.693896915036596,False,False
a4ef6a1f-6c7d-498d-b218-cc204f9bbca0,yangyangyu,149,33572,sz,seizure,1,GPD,0,False,5729.6,0,1,141.2268749991199,bipolar,100.0,0.5-70 Hz,60 Hz,10.0,0.16588578588829272,599.9999999999999,5.881718889912161,5.621055362704249,True,False
a4ef6a1f-6c7d-498d-b218-cc204f9bbca0,yangyangyu,150,60421,lpd,lpd,1,GRDA,0,False,5157.1,0,1,119.56345900398446,bipolar,100.0,0.5-70 Hz,60 Hz,10.0,0.16582363248088688,583.2391867409135,5.844321085925298,5.825530598234395,False,False
a4ef6a1f-6c7d-498d-b218-cc204f9bbca0,yangyangyu,151,63152,iic,grda,0,Other,1,False,14172.4,0,1,152.16204200260108,bipolar,100.0,0.5-70 Hz,60 Hz,10.0,0.16239994806990388,392.9078332975681,5.899614887926928,5.789310730880278,False,False
a4ef6a1f-6c7d-498d-b218-cc204f9bbca0,yangyangyu,152,46932,gpd,gpd,1,Other,0,False,1436.3,0,1,143.56204200157663,bipolar,100.0,0.5-70 Hz,60 Hz,10.0,0.16247112663619417,383.72816286999654,5.822491524326117,5.838914019170554,False,False
a4ef6a1f-6c7d-498d-b218-cc204f9bbca0,yangyangyu,153,49891,grda,grda,1,Other,0,False,1926.0,0,1,152.83637500397163,bipolar,100.0,0.5-70 Hz,60 Hz,10.0,0.16250500991350475,309.2179297495962,5.673321805859228,5.763620642997618,False,False
a4ef6a1f-6c7d-498d-b218-cc204f9bbca0,yangyangyu,154,68983,lrda,grda,0,Other,0,False,896.4,0,1,151.6792910042568,bipolar,100.0,0.5-70 Hz,60 Hz,10.0,0.16237086253356053,303.5866644237603,5.588799723899301,5.619873896176372,False,False
a4ef6a1f-6c7d-498d-b218-cc204f9bbca0,yangyangyu,155,53724,gpd,gpd,1,GPD,1,True,6134.1,0,1,150.3450409945799,bipolar,100.0,0.5-70 Hz,60 Hz,10.0,0.1635535627274256,599.9999999999999,5.607165927565394,5.537060303693331,True,False
a4ef6a1f-6c7d-498d-b218-cc204f9bbca0,yangyangyu,156,66608,lpd,lpd,1,LPD,1,True,4043.3,0,1,116.37587499717483,bipolar,100.0,0.5-70 Hz,60 Hz,10.0,0.16373065116241858,501.6393506228522,5.478940390451137,5.5595508092185355,False,False
a4ef6a1f-6c7d-498d-b218-cc204f9bbca0,yangyangyu,157,38648,lrda,grda,0,LPD,0,False,5000.5,0,1,142.50233400525758,bipolar,100.0,0.5-70 Hz,60 Hz,10.0,0.15720730961330598,493.436096518219,5.431946769917145,5.434834636159748,False,False
a4ef6a1f-6c7d-498d-b218-cc204f9bbca0,yangyangyu,158,70065,sz,lrda,0,GPD,0,False,6412.3,0,1,150.9726669974043,bipolar,100.0,0.5-70 Hz,60 Hz,10.0,0.1571720972356765,477.6756159506797,5.384078588091047,5.387675629657245,False,False
a4ef6a1f-6c7d-498d-b218-cc204f9bbca0,yangyangyu,159,69015,sz,seizure,1,Seizure,1,True,4149.9,0,1,150.37370799836935,bipolar,100.0,0.5-70 Hz,60 Hz,10.0,0.1571950102321572,460.4134124641803,5.305465506341639,5.340414952487877,False,False
a4ef6a1f-6c7d-498d-b218-cc204f9bbca0,yangyangyu,160,56839,iic,other,1,Other,1,True,1509.4,0,1,151.21708299557213,bipolar,100.0,0.5-70 Hz,60 Hz,10.0,0.1572574681477052,440.27624781545376,5.224817476971374,5.264585172619704,False,False
a4ef6a1f-6c7d-498d-b218-cc204f9bbca0,yangyangyu,161,22740,grda,seizure,0,GPD,0,False,7051.6,0,1,150.05487499729497,bipolar,100.0,0.5-70 Hz,60 Hz,10.0,0.1572282425199381,424.78035757050355,5.19034899216384,5.185157399413402,False,False
a4ef6a1f-6c7d-498d-b218-cc204f9bbca0,yangyangyu,162,22226,grda,seizure,0,GPD,0,False,2713.5,0,1,137.72812499519205,bipolar,100.0,0.5-70 Hz,60 Hz,10.0,0.15717759975625317,388.1866552192022,5.1481667263502775,5.149922902768568,False,False
a4ef6a1f-6c7d-498d-b218-cc204f9bbca0,yangyangyu,163,53422,lpd,lpd,1,GRDA,0,False,17576.5,0,1,150.33145799679914,bipolar,100.0,0.5-70 Hz,60 Hz,10.0,0.15579763911589573,388.8226581406262,5.103872954066967,5.1080753831940235,False,False
a4ef6a1f-6c7d-498d-b218-cc204f9bbca0,yangyangyu,164,68639,grda,lrda,0,Other,0,False,1614.4,0,1,153.43845800089184,bipolar,100.0,0.5-70 Hz,60 Hz,10.0,0.1556519194032791,338.43929055350213,5.051603022591663,5.062706677680056,False,False
a4ef6a1f-6c7d-498d-b218-cc204f9bbca0,yangyangyu,165,54035,gpd,gpd,1,Other,0,False,1254.6,0,1,134.26008399983402,bipolar,100.0,0.5-70 Hz,60 Hz,10.0,0.15794794790203726,316.6498945848868,5.010522910195707,5.011292350185549,False,False
a4ef6a1f-6c7d-498d-b218-cc204f9bbca0,yangyangyu,166,48271,lrda,seizure,0,GPD,0,False,26186.1,0,1,139.24058299744502,bipolar,100.0,0.5-70 Hz,60 Hz,10.0,0.15131827458861818,599.9999999999999,4.9293185832384925,4.969835863769293,True,False
a4ef6a1f-6c7d-498d-b218-cc204f9bbca0,yangyangyu,167,45563,grda,gpd,0,Other,0,False,1790.4,0,1,113.69516600097995,bipolar,100.0,0.5-70 Hz,60 Hz,10.0,0.15023601534522174,585.5031827038365,4.869656514064689,4.886907233876733,False,False
a4ef6a1f-6c7d-498d-b218-cc204f9bbca0,yangyangyu,168,25241,grda,other,0,GRDA,1,False,68161.6,0,1,148.36274999834131,bipolar,100.0,0.5-70 Hz,60 Hz,10.0,0.14942391667297134,520.2100073271868,4.921683530453222,4.829971330927348,False,False
a4ef6a1f-6c7d-498d-b218-cc204f9bbca0,yangyangyu,169,68697,lrda,lrda,1,Other,0,False,1500.9,0,1,150.92654099862557,bipolar,100.0,0.5-70 Hz,60 Hz,10.0,0.14683442980512446,392.1868738474794,4.935243545062474,4.8834227653427895,False,False
a4ef6a1f-6c7d-498d-b218-cc204f9bbca0,yangyangyu,170,40538,iic,other,1,Other,1,True,867.3,0,1,141.5334580015042,bipolar,100.0,0.5-70 Hz,60 Hz,10.0,0.14507495751609933,381.7456156664234,4.848595448936148,4.894106477276608,False,False
a4ef6a1f-6c7d-498d-b218-cc204f9bbca0,yangyangyu,171,69995,iic,other,1,LPD,0,False,5469.1,0,1,149.00470900465734,bipolar,100.0,0.5-70 Hz,60 Hz,10.0,0.14987761782853776,360.44855294604804,4.930959913184091,4.8095938280206365,False,False
a4ef6a1f-6c7d-498d-b218-cc204f9bbca0,yangyangyu,172,26068,lrda,seizure,0,GRDA,0,False,5594.3,0,1,138.38716699683573,bipolar,100.0,0.5-70 Hz,60 Hz,10.0,0.14135272274327804,344.52136516413333,4.884145640107709,4.892168704853862,False,False
a4ef6a1f-6c7d-498d-b218-cc204f9bbca0,yangyangyu,173,56529,lpd,lpd,1,Other,0,False,1697.7,0,1,149.69820799888112,bipolar,100.0,0.5-70 Hz,60 Hz,10.0,0.14104630894972248,333.2273652094766,4.839181870997123,4.848484112806988,False,False
a4ef6a1f-6c7d-498d-b218-cc204f9bbca0,yangyangyu,174,40564,lrda,grda,0,Other,0,False,870.2,0,1,147.5646670005517,bipolar,100.0,0.5-70 Hz,60 Hz,10.0,0.14337710767891854,599.9999999999999,4.858815587477971,4.803132677096163,True,False
a4ef6a1f-6c7d-498d-b218-cc204f9bbca0,yangyangyu,175,55360,sz,lrda,0,LPD,0,False,4149.1,0,1,112.5229580065934,bipolar,100.0,0.5-70 Hz,60 Hz,10.0,0.14353352669379044,581.9674935526654,4.832603122569875,4.8255739403581375,False,False
a4ef6a1f-6c7d-498d-b218-cc204f9bbca0,yangyangyu,176,69036,iic,seizure,0,LPD,0,False,3343.6,0,1,147.85062499868218,bipolar,100.0,0.5-70 Hz,60 Hz,10.0,0.14483413305340614,569.002263773768,4.804368445451286,4.799458679293946,False,False
a4ef6a1f-6c7d-498d-b218-cc204f9bbca0,yangyangyu,177,40992,iic,gpd,0,Other,1,False,5335.0,0,1,146.39270799671067,bipolar,100.0,0.5-70 Hz,60 Hz,10.0,0.13526393795697123,498.8639459602639,4.764928050362328,4.773050102606883,False,False
a4ef6a1f-6c7d-498d-b218-cc204f9bbca0,yangyangyu,178,42042,lpd,lpd,1,Other,0,False,1065.1,0,1,147.49250000022585,bipolar,100.0,0.5-70 Hz,60 Hz,10.0,0.13661184546704686,431.04313502459894,4.756246388132594,4.732865996885714,False,False
a4ef6a1f-6c7d-498d-b218-cc204f9bbca0,yangyangyu,179,55983,gpd,gpd,1,Other,0,False,1184.6,0,1,144.27612500003306,bipolar,100.0,0.5-70 Hz,60 Hz,10.0,0.13583100855910585,421.4764993473037,4.708211654370206,4.724523703621547,False,False
a4ef6a1f-6c7d-498d-b218-cc204f9bbca0,yangyangyu,180,41260,sz,gpd,0,LRDA,0,False,10613.8,0,1,146.35350000025937,bipolar,100.0,0.5-70 Hz,60 Hz,10.0,0.13517920353068735,389.20794147907895,4.6755008236720546,4.677830115899687,False,False
a4ef6a1f-6c7d-498d-b218-cc204f9bbca0,yangyangyu,181,61536,sz,seizure,1,GRDA,0,False,9294.6,0,1,147.9780839945306,bipolar,100.0,0.5-70 Hz,60 Hz,10.0,0.13508509805469376,349.326408476715,4.647862804721092,4.648113192617832,False,False
a4ef6a1f-6c7d-498d-b218-cc204f9bbca0,yangyangyu,182,62833,gpd,gpd,1,GRDA,0,False,2681.1,0,1,136.48270900011994,bipolar,100.0,0.5-70 Hz,60 Hz,10.0,0.1300969853235922,304.85164222352967,4.6431117241075075,4.620810975342303,False,False
a4ef6a1f-6c7d-498d-b218-cc204f9bbca0,yangyangyu,183,54076,lrda,lrda,1,LPD,0,False,6594.1,0,1,144.61987500544637,bipolar,100.0,0.5-70 Hz,60 Hz,10.0,0.13255529700854585,599.9999999999999,4.648418837078303,4.612920290328695,True,False
a4ef6a1f-6c7d-498d-b218-cc204f9bbca0,yangyangyu,184,52096,lrda,lrda,1,Other,0,False,1677.4,0,1,110.97979199985275,bipolar,100.0,0.5-70 Hz,60 Hz,10.0,0.13040095575775845,578.2414992807719,4.629447786180331,4.613820355828582,False,False
a4ef6a1f-6c7d-498d-b218-cc204f9bbca0,yangyangyu,185,69651,lrda,lrda,1,Other,0,False,1073.2,0,1,142.93470900156535,bipolar,100.0,0.5-70 Hz,60 Hz,10.0,0.12638688749481125,520.0123365360521,4.605269867840343,4.594657819911478,False,False
a4ef6a1f-6c7d-498d-b218-cc204f9bbca0,yangyangyu,186,52207,lrda,lrda,1,LPD,0,False,2250.5,0,1,146.25333400181262,bipolar,100.0,0.5-70 Hz,60 Hz,10.0,0.12469810123380787,444.6508180489566,4.574829569111353,4.570108124739607,False,False
a4ef6a1f-6c7d-498d-b218-cc204f9bbca0,yangyangyu,187,55316,lrda,lrda,1,Other,0,False,1799.3,0,1,137.7374170042458,bipolar,100.0,0.5-70 Hz,60 Hz,10.0,0.12503083269635412,370.4754958856632,4.53929879929564,4.5398625384270375,False,False
a4ef6a1f-6c7d-498d-b218-cc204f9bbca0,yangyangyu,188,46177,gpd,gpd,1,Other,0,False,940.0,0,1,125.65087500115624,bipolar,100.0,0.5-70 Hz,60 Hz,10.0,0.12604652160105295,350.38456447989034,4.5324770484712325,4.511471167187524,False,False
a4ef6a1f-6c7d-498d-b218-cc204f9bbca0,yangyangyu,189,36453,lrda,lrda,1,LPD,0,False,3948.6,0,1,142.96633299818495,bipolar,100.0,0.5-70 Hz,60 Hz,10.0,0.1236660762854398,599.9999999999999,4.685783633421986,4.497465941255989,True,False
a4ef6a1f-6c7d-498d-b218-cc204f9bbca0,yangyangyu,190,51924,lrda,lrda,1,LPD,0,False,1605.7,0,1,109.24425000121119,bipolar,100.0,0.5-70 Hz,60 Hz,10.0,0.12252632826247017,579.3980573152816,4.680021998679431,4.646743740378314,False,False
a4ef6a1f-6c7d-498d-b218-cc204f9bbca0,yangyangyu,191,51960,lrda,lrda,1,LPD,0,False,1765.7,0,1,134.00412500050152,bipolar,100.0,0.5-70 Hz,60 Hz,10.0,0.12231690399250755,532.6862909323889,4.662103765861772,4.640735498443735,False,False
a4ef6a1f-6c7d-498d-b218-cc204f9bbca0,yangyangyu,192,57301,lrda,lrda,1,Other,0,False,1678.9,0,1,135.719790996518,bipolar,100.0,0.5-70 Hz,60 Hz,10.0,0.12056761997548526,453.3890780651666,4.641686448433516,4.625127764700668,False,False
a4ef6a1f-6c7d-498d-b218-cc204f9bbca0,yangyangyu,193,70955,lrda,lrda,1,Other,0,False,746.7,0,1,133.61650000297232,bipolar,100.0,0.5-70 Hz,60 Hz,10.0,0.11981494726170622,387.4996588404349,4.608417262949782,4.602926866544222,False,False
a4ef6a1f-6c7d-498d-b218-cc204f9bbca0,yangyangyu,194,67611,gpd,gpd,1,GRDA,0,False,11432.5,0,1,125.40595799509902,bipolar,100.0,0.5-70 Hz,60 Hz,10.0,0.12008121752805107,368.08618581238176,4.611732796753172,4.579348285937457,False,False
a4ef6a1f-6c7d-498d-b218-cc204f9bbca0,yangyangyu,195,49371,lrda,lrda,1,Other,0,False,2705.6,0,1,133.7206249954761,bipolar,100.0,0.5-70 Hz,60 Hz,10.0,0.12640475653383193,599.9999999999999,4.646979718436135,4.576391282409121,True,False
a4ef6a1f-6c7d-498d-b218-cc204f9bbca0,yangyangyu,196,49855,lrda,lrda,1,Other,0,False,906.7,0,1,108.09779200644698,bipolar,100.0,0.5-70 Hz,60 Hz,10.0,0.1272368106447574,584.1426004548235,4.6194266649639,4.616525337794947,False,False
a4ef6a1f-6c7d-498d-b218-cc204f9bbca0,yangyangyu,197,35353,lrda,lrda,1,Other,0,False,1189.9,0,1,143.24112499889452,bipolar,100.0,0.5-70 Hz,60 Hz,10.0,0.12809736245114944,520.6097084036231,4.579200863937004,4.591487908476585,False,False
a4ef6a1f-6c7d-498d-b218-cc204f9bbca0,yangyangyu,198,53784,sz,seizure,1,GRDA,0,False,7265.5,0,1,136.06212499871617,bipolar,100.0,0.5-70 Hz,60 Hz,10.0,0.12805426415726495,503.69960905025425,4.583422111952073,4.554168219016341,False,False
a4ef6a1f-6c7d-498d-b218-cc204f9bbca0,yangyangyu,199,22123,sz,seizure,1,GRDA,0,False,1575.6,0,1,141.64429199445294,bipolar,100.0,0.5-70 Hz,60 Hz,10.0,0.1280402705721162,454.7266548711915,4.597085662301865,4.557815142469339,False,False
a4ef6a1f-6c7d-498d-b218-cc204f9bbca0,yangyangyu,200,32715,sz,seizure,1,Other,0,False,3259.7,0,1,141.9498330069473,bipolar,100.0,0.5-70 Hz,60 Hz,10.0,0.12735881674123994,395.471611107693,4.612819587850273,4.569161740766161,False,False
a4ef6a1f-6c7d-498d-b218-cc204f9bbca0,yangyangyu,201,34502,sz,seizure,1,Other,0,False,1080.5,0,1,131.70358299976215,bipolar,100.0,0.5-70 Hz,60 Hz,10.0,0.12855465315928738,336.683639585098,4.625871743630871,4.583400995306674,False,False
a4ef6a1f-6c7d-498d-b218-cc204f9bbca0,yangyangyu,202,44977,sz,seizure,1,LPD,0,False,11825.0,0,1,141.98675000079675,bipolar,100.0,0.5-70 Hz,60 Hz,10.0,0.12718446397398636,599.9999999999999,4.645235023164967,4.596408962941447,True,False
a4ef6a1f-6c7d-498d-b218-cc204f9bbca0,yangyangyu,203,50577,gpd,gpd,1,Other,0,False,1795.4,0,1,89.86645800177939,bipolar,100.0,0.5-70 Hz,60 Hz,10.0,0.12729940036829268,582.0459202685068,4.656776119871212,4.615374593005825,False,False
a4ef6a1f-6c7d-498d-b218-cc204f9bbca0,yangyangyu,204,24709,sz,seizure,1,Seizure,1,True,3294.7,0,1,141.1641249942477,bipolar,100.0,0.5-70 Hz,60 Hz,10.0,0.12623616676707028,348.20006370975096,4.4919155552781085,4.6234408932185405,False,False
a4ef6a1f-6c7d-498d-b218-cc204f9bbca0,yangyangyu,205,65955,gpd,gpd,1,LPD,0,False,12896.3,0,1,142.20750000094995,bipolar,100.0,0.5-70 Hz,60 Hz,10.0,0.126275454691484,324.44630416474195,4.491329649226005,4.4623620686340715,False,False
a4ef6a1f-6c7d-498d-b218-cc204f9bbca0,yangyangyu,206,40101,gpd,gpd,1,Other,0,False,71466.8,0,1,129.7722499948577,bipolar,100.0,0.5-70 Hz,60 Hz,10.0,0.12629930178129345,301.02070133469806,4.481790058515359,4.462704372127845,False,False
a4ef6a1f-6c7d-498d-b218-cc204f9bbca0,yangyangyu,207,46398,gpd,gpd,1,GPD,1,True,9147.9,0,1,139.1265830025077,bipolar,100.0,0.5-70 Hz,60 Hz,10.0,0.1261257686984249,311.8744133636229,4.346547862616271,4.455487942602947,False,False
a4ef6a1f-6c7d-498d-b218-cc204f9bbca0,yangyangyu,208,53983,iic,other,1,Other,1,True,60811.1,0,1,139.2772499966668,bipolar,100.0,0.5-70 Hz,60 Hz,10.0,0.12608831539135362,304.0253480698044,4.298516088535621,4.319272925083045,False,False
a4ef6a1f-6c7d-498d-b218-cc204f9bbca0,yangyangyu,209,46275,iic,other,1,LPD,0,False,3769.0,0,1,140.1584580016788,bipolar,100.0,0.5-70 Hz,60 Hz,10.0,0.12204467967988475,599.9999999999999,4.443944064741053,4.270710351037849,True,False
a4ef6a1f-6c7d-498d-b218-cc204f9bbca0,yangyangyu,210,65542,sz,seizure,1,GPD,0,False,6076.5,0,1,105.26412499893922,bipolar,100.0,0.5-70 Hz,60 Hz,10.0,0.12435268471851368,434.0489205526957,4.607787478332401,4.419858266304466,False,False
a4ef6a1f-6c7d-498d-b218-cc204f9bbca0,yangyangyu,211,87122,sz,seizure,1,GPD,0,False,185832.6,0,1,139.62658299715258,bipolar,100.0,0.5-70 Hz,60 Hz,10.0,0.12877694951112334,599.9999999999999,4.664997699381264,4.584991005211489,True,False
a4ef6a1f-6c7d-498d-b218-cc204f9bbca0,yangyangyu,212,60905,grda,grda,1,Other,0,False,2311.6,0,1,104.29345800366718,bipolar,100.0,0.5-70 Hz,60 Hz,10.0,0.11569868789980209,544.9065451212425,4.664780890904508,4.639920208596964,False,False
a4ef6a1f-6c7d-498d-b218-cc204f9bbca0,yangyangyu,213,88347,lrda,lrda,1,Other,0,False,876.8,0,1,139.37358399562072,bipolar,100.0,0.5-70 Hz,60 Hz,10.0,0.11554333237964026,539.1409329746948,4.656695081834767,4.639366861447135,False,False
a4ef6a1f-6c7d-498d-b218-cc204f9bbca0,yangyangyu,214,32452,grda,seizure,0,GPD,0,False,9678.3,0,1,138.10841699887533,bipolar,100.0,0.5-70 Hz,60 Hz,10.0,0.11908314624110905,530.0062648515028,4.623828175642437,4.6313654348322775,False,False
a4ef6a1f-6c7d-498d-b218-cc204f9bbca0,yangyangyu,215,69772,grda,seizure,0,GPD,0,False,9426.5,0,1,139.60866600245936,bipolar,100.0,0.5-70 Hz,60 Hz,10.0,0.12469684996300501,500.8902853974819,4.596032648371563,4.5993198725774045,False,False
a4ef6a1f-6c7d-498d-b218-cc204f9bbca0,yangyangyu,216,61377,grda,gpd,0,Other,0,False,3186.7,0,1,140.0121670012595,bipolar,100.0,0.5-70 Hz,60 Hz,10.0,0.1229985117165373,458.52497995163486,4.573796982054768,4.572572520006773,False,False
a4ef6a1f-6c7d-498d-b218-cc204f9bbca0,yangyangyu,217,45189,grda,gpd,0,Other,0,False,739.5,0,1,137.70433400350157,bipolar,100.0,0.5-70 Hz,60 Hz,10.0,0.12669775683024304,409.2886064733965,4.558393887771477,4.551609433936265,False,False
a4ef6a1f-6c7d-498d-b218-cc204f9bbca0,yangyangyu,218,41096,grda,grda,1,Other,0,False,718.4,0,1,135.82395799312508,bipolar,100.0,0.5-70 Hz,60 Hz,10.0,0.14941772617050886,313.2073885558858,4.589115956540564,4.535232123466806,False,False
a4ef6a1f-6c7d-498d-b218-cc204f9bbca0,yangyangyu,219,65655,iic,other,1,Other,1,True,7390.3,0,1,121.43545800063293,bipolar,100.0,0.5-70 Hz,60 Hz,10.0,0.13722075719381344,599.9999999999999,4.386270651882327,4.56757376035768,True,False
a4ef6a1f-6c7d-498d-b218-cc204f9bbca0,yangyangyu,220,37521,grda,gpd,0,GRDA,1,False,7196.7,0,1,103.9388749995851,bipolar,100.0,0.5-70 Hz,60 Hz,10.0,0.12123938897913233,531.3742206705384,4.234557373223498,4.359160353763305,False,False
a4ef6a1f-6c7d-498d-b218-cc204f9bbca0,yangyangyu,221,89005,lrda,lrda,1,Other,0,False,5416.9,0,1,137.24029200238874,bipolar,100.0,0.5-70 Hz,60 Hz,10.0,0.12159035965967824,525.0876945771322,4.23267121526244,4.212766566736631,False,False
a4ef6a1f-6c7d-498d-b218-cc204f9bbca0,yangyangyu,222,45227,lpd,lpd,1,Other,0,False,1041.9,0,1,137.00758300547022,bipolar,100.0,0.5-70 Hz,60 Hz,10.0,0.11946889799440685,486.7443580684151,4.15665575807904,4.2119910511371685,False,False
a4ef6a1f-6c7d-498d-b218-cc204f9bbca0,yangyangyu,223,63289,lpd,lpd,1,Other,0,False,1000.3,0,1,136.06683300167788,bipolar,100.0,0.5-70 Hz,60 Hz,10.0,0.1195138142465832,468.28799263282104,4.128698500296677,4.138515888412507,False,False
a4ef6a1f-6c7d-498d-b218-cc204f9bbca0,yangyangyu,224,22019,iic,other,1,GPD,0,False,113625.6,0,1,136.1005830040085,bipolar,100.0,0.5-70 Hz,60 Hz,10.0,0.11472617132262675,432.2558435972896,4.119581689436063,4.112051094035287,False,False
a4ef6a1f-6c7d-498d-b218-cc204f9bbca0,yangyangyu,225,63199,iic,lpd,0,Other,1,False,1892.2,0,1,136.9330409943359,bipolar,100.0,0.5-70 Hz,60 Hz,10.0,0.1163172663208693,367.2779698186989,4.184195576559932,4.104085149634119,False,False
a4ef6a1f-6c7d-498d-b218-cc204f9bbca0,yangyangyu,226,88934,lrda,lrda,1,Other,0,False,654.9,0,1,135.7813750000787,bipolar,100.0,0.5-70 Hz,60 Hz,10.0,0.11841641274727699,360.2117043995994,4.17838941717159,4.168487367671823,False,False
a4ef6a1f-6c7d-498d-b218-cc204f9bbca0,yangyangyu,227,47425,lpd,lpd,1,Other,0,False,1398.3,0,1,136.8674999976065,bipolar,100.0,0.5-70 Hz,60 Hz,10.0,0.12239923607018599,301.3608189881829,4.122677731858646,4.162450757730542,False,False
a4ef6a1f-6c7d-498d-b218-cc204f9bbca0,yangyangyu,228,56622,lpd,lpd,1,Other,0,False,749.9,0,1,136.65816700085998,bipolar,100.0,0.5-70 Hz,60 Hz,10.0,0.12406721855207287,599.9999999999999,4.325451468243041,4.10611480510169,True,False
a4ef6a1f-6c7d-498d-b218-cc204f9bbca0,yangyangyu,229,60073,grda,gpd,0,Other,0,False,926.4,0,1,103.12458300177241,bipolar,100.0,0.5-70 Hz,60 Hz,10.0,0.12463599134671377,590.3136213604165,4.318574246521477,4.307167154151832,False,False
a4ef6a1f-6c7d-498d-b218-cc204f9bbca0,yangyangyu,230,70791,grda,gpd,0,GPD,0,True,7438.7,0,1,134.39362499775598,bipolar,100.0,0.5-70 Hz,60 Hz,10.0,0.12501477310125297,563.4514335268017,4.319974879676233,4.300898109613366,False,False
a4ef6a1f-6c7d-498d-b218-cc204f9bbca0,yangyangyu,231,69661,grda,grda,1,Other,0,False,1479.1,0,1,135.04579199798172,bipolar,100.0,0.5-70 Hz,60 Hz,10.0,0.12521873599277694,513.3609855637769,4.403234192545147,4.30110279538528,False,False
a4ef6a1f-6c7d-498d-b218-cc204f9bbca0,yangyangyu,232,66257,iic,other,1,Other,1,True,1824.9,0,1,109.83662500075297,bipolar,100.0,0.5-70 Hz,60 Hz,10.0,0.12588416815915543,497.6084590052011,4.41385458002828,4.388399643249356,False,False
a4ef6a1f-6c7d-498d-b218-cc204f9bbca0,yangyangyu,233,65824,iic,other,1,Other,1,True,2070.3,0,1,108.98491700208979,bipolar,100.0,0.5-70 Hz,60 Hz,10.0,0.13007482391626968,464.19975657551936,4.418781740919238,4.3978298327420005,False,False
a4ef6a1f-6c7d-498d-b218-cc204f9bbca0,yangyangyu,234,41666,iic,other,1,Other,1,True,3068.1,0,1,117.78270899958443,bipolar,100.0,0.5-70 Hz,60 Hz,10.0,0.13420147681582,416.9799806056415,4.416579024515921,4.401831798823562,False,False
a4ef6a1f-6c7d-498d-b218-cc204f9bbca0,yangyangyu,235,40569,iic,other,1,GRDA,0,False,4506.8,0,1,118.3279160031816,bipolar,100.0,0.5-70 Hz,60 Hz,10.0,0.12560209381255938,491.6957493343166,4.386152874846313,4.399034190658818,False,False
a4ef6a1f-6c7d-498d-b218-cc204f9bbca0,yangyangyu,236,35481,lrda,lrda,1,Other,0,False,1498.8,0,1,102.23762500390876,bipolar,100.0,0.5-70 Hz,60 Hz,10.0,0.1276571614368987,488.68768151573687,4.376296989527913,4.372619719796802,False,False
a4ef6a1f-6c7d-498d-b218-cc204f9bbca0,yangyangyu,237,84740,sz,seizure,1,GPD,0,False,10095.0,0,1,102.60562499752268,bipolar,100.0,0.5-70 Hz,60 Hz,10.0,0.12734544859964442,433.2984098886114,4.347641363502908,4.363181282719831,False,False
a4ef6a1f-6c7d-498d-b218-cc204f9bbca0,yangyangyu,238,51836,sz,lrda,0,GPD,0,False,8161.6,0,1,101.69499999756226,bipolar,100.0,0.5-70 Hz,60 Hz,10.0,0.12510610063836985,428.54046337437796,4.338096590310655,4.334801575472039,False,False
a4ef6a1f-6c7d-498d-b218-cc204f9bbca0,yangyangyu,239,55237,lpd,lpd,1,Other,0,False,3366.8,0,1,102.29116600385169,bipolar,100.0,0.5-70 Hz,60 Hz,10.0,0.13092272704563251,418.04836386221444,4.363574841783428,4.3257885762672235,False,False
a4ef6a1f-6c7d-498d-b218-cc204f9bbca0,yangyangyu,240,68750,lpd,lpd,1,Other,0,False,836.8,0,1,92.07791699736845,bipolar,100.0,0.5-70 Hz,60 Hz,10.0,0.14184412475913843,386.38927561795185,4.407769874850619,4.352281912160106,False,False
a4ef6a1f-6c7d-498d-b218-cc204f9bbca0,yangyangyu,241,32388,sz,other,0,GPD,0,False,4007.9,0,1,102.13600000133738,bipolar,100.0,0.5-70 Hz,60 Hz,10.0,0.14605678364475988,372.057066938267,4.412061365556287,4.3962261184732805,False,False
a4ef6a1f-6c7d-498d-b218-cc204f9bbca0,yangyangyu,242,33829,sz,seizure,1,GPD,0,False,2320.9,0,1,91.38333300506929,bipolar,100.0,0.5-70 Hz,60 Hz,10.0,0.17472646948485532,599.9999999999999,4.431290425993341,4.400778254763923,True,False
a4ef6a1f-6c7d-498d-b218-cc204f9bbca0,yangyangyu,243,67545,gpd,gpd,1,Other,0,False,140180.7,0,1,66.8560419944697,bipolar,100.0,0.5-70 Hz,60 Hz,10.0,0.1752407277346012,594.2771095539871,4.45531641638401,4.416364360492141,False,False
a4ef6a1f-6c7d-498d-b218-cc204f9bbca0,yangyangyu,244,39726,gpd,gpd,1,GRDA,0,False,4529.3,0,1,92.26670900534373,bipolar,100.0,0.5-70 Hz,60 Hz,10.0,0.17612008121739536,578.1669207576056,4.484933468747306,4.441611886634992,False,False
a4ef6a1f-6c7d-498d-b218-cc204f9bbca0,yangyangyu,245,48572,lpd,lpd,1,GRDA,0,False,1875.0,0,1,93.65541599981952,bipolar,100.0,0.5-70 Hz,60 Hz,10.0,0.17532228585735038,563.4021363537685,4.533540993584278,4.470712486992153,False,False
a4ef6a1f-6c7d-498d-b218-cc204f9bbca0,yangyangyu,246,22553,gpd,gpd,1,GRDA,0,False,2463.9,0,1,101.04537500592414,bipolar,100.0,0.5-70 Hz,60 Hz,10.0,0.17550094115858866,538.7416390035753,4.570463303298112,4.520378576224776,False,False
a4ef6a1f-6c7d-498d-b218-cc204f9bbca0,yangyangyu,247,30132,lpd,lpd,1,Other,0,False,3084.6,0,1,101.37312499864493,bipolar,100.0,0.5-70 Hz,60 Hz,10.0,0.17508556338133763,509.9590422230995,4.613768266389615,4.5578059593339795,False,False
a4ef6a1f-6c7d-498d-b218-cc204f9bbca0,yangyangyu,248,40526,gpd,gpd,1,Other,0,False,1783.2,0,1,101.62066599878017,bipolar,100.0,0.5-70 Hz,60 Hz,10.0,0.17567387931314343,481.8015251027946,4.653487180102454,4.600906845377025,False,False
a4ef6a1f-6c7d-498d-b218-cc204f9bbca0,yangyangyu,249,37451,gpd,gpd,1,GRDA,0,False,28319.7,0,1,98.59891700034495,bipolar,100.0,0.5-70 Hz,60 Hz,10.0,0.175930126905327,451.5027639524181,4.694442047705602,4.641207586628898,False,False
a4ef6a1f-6c7d-498d-b218-cc204f9bbca0,yangyangyu,250,68755,lpd,lpd,1,Other,0,False,1215.5,0,1,91.51512500102399,bipolar,100.0,0.5-70 Hz,60 Hz,10.0,0.17546508760809854,421.33753248234143,4.738121229184517,4.682717219002232,False,False
a4ef6a1f-6c7d-498d-b218-cc204f9bbca0,yangyangyu,251,37805,gpd,gpd,1,GPD,1,True,23981.8,0,1,101.19037500408012,bipolar,100.0,0.5-70 Hz,60 Hz,10.0,0.1730094522508644,494.7471131322289,4.331470904238965,4.726511453954227,False,False
a4ef6a1f-6c7d-498d-b218-cc204f9bbca0,yangyangyu,252,87269,lrda,lrda,1,Other,0,False,1557.7,0,1,100.19425000064075,bipolar,100.0,0.5-70 Hz,60 Hz,10.0,0.17318054857923443,494.2464912980811,4.3248712927511646,4.321352927069766,False,False
a4ef6a1f-6c7d-498d-b218-cc204f9bbca0,yangyangyu,253,87628,sz,seizure,1,GPD,0,False,4233.7,0,1,100.0752910040319,bipolar,100.0,0.5-70 Hz,60 Hz,10.0,0.17113416690408656,457.5447380766783,4.278371205257697,4.31555671913863,False,False
a4ef6a1f-6c7d-498d-b218-cc204f9bbca0,yangyangyu,254,55238,sz,seizure,1,LPD,0,False,3306.7,0,1,92.5204580053105,bipolar,100.0,0.5-70 Hz,60 Hz,10.0,0.1721053280934271,448.7730621536679,4.27454497902628,4.269578036760949,False,False
a4ef6a1f-6c7d-498d-b218-cc204f9bbca0,yangyangyu,255,39106,gpd,gpd,1,GRDA,0,False,5379.6,0,1,100.83550000126706,bipolar,100.0,0.5-70 Hz,60 Hz,10.0,0.17285121857457275,450.38899341146686,4.292473770295287,4.265882694547901,False,False
a4ef6a1f-6c7d-498d-b218-cc204f9bbca0,yangyangyu,256,70977,sz,seizure,1,GRDA,0,False,2011.6,0,1,100.02137499395758,bipolar,100.0,0.5-70 Hz,60 Hz,10.0,0.1731366088345357,434.06465925288256,4.293078345413697,4.284049737315178,False,False
a4ef6a1f-6c7d-498d-b218-cc204f9bbca0,yangyangyu,257,49249,gpd,gpd,1,Other,0,False,1434.5,0,1,92.54783300275449,bipolar,100.0,0.5-70 Hz,60 Hz,10.0,0.17329102779454197,433.18016566342664,4.314303767003923,4.28483382225671,False,False
a4ef6a1f-6c7d-498d-b218-cc204f9bbca0,yangyangyu,258,54261,lpd,lpd,1,Other,0,False,1081.4,0,1,98.7680000034743,bipolar,100.0,0.5-70 Hz,60 Hz,10.0,0.1730975261343624,405.03248137408644,4.3377718900938635,4.305969723079159,False,False
a4ef6a1f-6c7d-498d-b218-cc204f9bbca0,yangyangyu,259,45479,sz,seizure,1,GRDA,0,False,2531.5,0,1,99.52516599878436,bipolar,100.0,0.5-70 Hz,60 Hz,10.0,0.17315021065832248,385.8998346688088,4.342381354043675,4.329421304777401,False,False
a4ef6a1f-6c7d-498d-b218-cc204f9bbca0,yangyangyu,260,42557,lpd,lpd,1,Other,0,False,2009.6,0,1,99.12608299782733,bipolar,100.0,0.5-70 Hz,60 Hz,10.0,0.17343811659090014,368.06306434930707,4.3530232877339206,4.334351956271343,False,False
a4ef6a1f-6c7d-498d-b218-cc204f9bbca0,yangyangyu,261,39281,sz,seizure,1,GRDA,0,False,4353.8,0,1,89.79191599792102,bipolar,100.0,0.5-70 Hz,60 Hz,10.0,0.1733135311794119,346.9280692850336,4.360048797579489,4.344905419655793,False,False
a4ef6a1f-6c7d-498d-b218-cc204f9bbca0,yangyangyu,262,62063,gpd,gpd,1,GRDA,0,False,3886.5,0,1,98.87912499834783,bipolar,100.0,0.5-70 Hz,60 Hz,10.0,0.1734675464176666,343.9767178804845,4.3816801321642505,4.351929516423038,False,False
a4ef6a1f-6c7d-498d-b218-cc204f9bbca0,yangyangyu,263,22795,sz,seizure,1,GPD,0,False,4180.9,0,1,99.80012500454905,bipolar,100.0,0.5-70 Hz,60 Hz,10.0,0.172840523025869,599.9999999999999,4.263562435877603,4.373709830482719,True,False
a4ef6a1f-6c7d-498d-b218-cc204f9bbca0,yangyangyu,264,87929,gpd,gpd,1,Other,0,False,1694.2,0,1,65.47329199383967,bipolar,100.0,0.5-70 Hz,60 Hz,10.0,0.17241364916063762,579.9966846992045,4.270696181163736,4.25290558168159,False,False
a4ef6a1f-6c7d-498d-b218-cc204f9bbca0,yangyangyu,265,89158,sz,seizure,1,Other,0,False,4289.0,0,1,96.93004199652933,bipolar,100.0,0.5-70 Hz,60 Hz,10.0,0.17235386734310243,556.0751008945334,4.285192798319173,4.263535871282528,False,False
a4ef6a1f-6c7d-498d-b218-cc204f9bbca0,yangyangyu,266,84589,gpd,gpd,1,Other,0,False,855.8,0,1,99.34533400519285,bipolar,100.0,0.5-70 Hz,60 Hz,10.0,0.17230034042186948,521.022679714438,4.293461551279501,4.278078323258183,False,False
a4ef6a1f-6c7d-498d-b218-cc204f9bbca0,yangyangyu,267,87283,lpd,lpd,1,Other,0,False,1117.9,0,1,88.50691700354218,bipolar,100.0,0.5-70 Hz,60 Hz,10.0,0.17281819723567532,516.6888892430658,4.292320216303256,4.286990872358357,False,False
a4ef6a1f-6c7d-498d-b218-cc204f9bbca0,yangyangyu,268,86565,lrda,lrda,1,Other,0,False,1754.3,0,1,99.03158300585346,bipolar,100.0,0.5-70 Hz,60 Hz,10.0,0.17282722327069833,515.2238695122388,4.283911367789765,4.2859138629810785,False,False
a4ef6a1f-6c7d-498d-b218-cc204f9bbca0,yangyangyu,269,36177,sz,seizure,1,GPD,0,False,5416.8,0,1,97.90974999486934,bipolar,100.0,0.5-70 Hz,60 Hz,10.0,0.17283018259635463,468.9348925521598,4.298771033968071,4.2778384079425,False,False
a4ef6a1f-6c7d-498d-b218-cc204f9bbca0,yangyangyu,270,45494,sz,seizure,1,GPD,0,False,4175.9,0,1,97.77316699910443,bipolar,100.0,0.5-70 Hz,60 Hz,10.0,0.1724628791435981,449.6543823846904,4.3040926856693105,4.292553107185791,False,False
a4ef6a1f-6c7d-498d-b218-cc204f9bbca0,yangyangyu,271,22872,sz,seizure,1,GRDA,0,False,3488.0,0,1,96.78512500249781,bipolar,100.0,0.5-70 Hz,60 Hz,10.0,0.17201770328499028,423.10945027147557,4.309636481328032,4.297943640250833,False,False
a4ef6a1f-6c7d-498d-b218-cc204f9bbca0,yangyangyu,272,86925,sz,seizure,1,GRDA,0,False,1691.0,0,1,98.38499999750638,bipolar,100.0,0.5-70 Hz,60 Hz,10.0,0.1714698339667191,397.4455848515224,4.3128542508335235,4.30348343063979,False,False
a4ef6a1f-6c7d-498d-b218-cc204f9bbca0,yangyangyu,273,26501,sz,seizure,1,Other,0,False,2088.1,0,1,92.43066599447047,bipolar,100.0,0.5-70 Hz,60 Hz,10.0,0.17120171463039302,367.73752852507505,4.3158875531918754,4.30672827845078,False,False
a4ef6a1f-6c7d-498d-b218-cc204f9bbca0,yangyangyu,274,69933,gpd,gpd,1,GPD,1,True,5490.7,0,1,80.15916700242087,bipolar,100.0,0.5-70 Hz,60 Hz,10.0,0.1704614363425832,377.3264382057385,4.233603800173791,4.309844517616722,False,False
a4ef6a1f-6c7d-498d-b218-cc204f9bbca0,yangyangyu,275,32585,sz,seizure,1,GPD,0,False,2718.3,0,1,96.13133400125662,bipolar,100.0,0.5-70 Hz,60 Hz,10.0,0.17028583729091523,342.99344169737805,4.237773333747523,4.2266567973379665,False,False
a4ef6a1f-6c7d-498d-b218-cc204f9bbca0,yangyangyu,276,85159,sz,seizure,1,Other,0,False,1637.7,0,1,97.07000000344124,bipolar,100.0,0.5-70 Hz,60 Hz,10.0,0.16982467594668343,313.01706847108045,4.239794443377937,4.230783211335661,False,False
a4ef6a1f-6c7d-498d-b218-cc204f9bbca0,yangyangyu,277,31713,sz,seizure,1,GRDA,0,False,35381.2,0,1,96.3014170047245,bipolar,100.0,0.5-70 Hz,60 Hz,10.0,0.171042248421512,599.9999999999999,4.164837229445939,4.2327783385727225,True,False
a4ef6a1f-6c7d-498d-b218-cc204f9bbca0,yangyangyu,278,25399,sz,seizure,1,GPD,0,False,4528.5,0,1,62.21704200288514,bipolar,100.0,0.5-70 Hz,60 Hz,10.0,0.17143550943438163,593.6779127703426,4.193642007970505,4.158477981099392,False,False
a4ef6a1f-6c7d-498d-b218-cc204f9bbca0,yangyangyu,279,86798,sz,seizure,1,Other,0,False,2696.0,0,1,96.12445800303249,bipolar,100.0,0.5-70 Hz,60 Hz,10.0,0.17141660338527082,580.8223178619431,4.214344246121989,4.187070198024531,False,False
a4ef6a1f-6c7d-498d-b218-cc204f9bbca0,yangyangyu,280,21022,gpd,gpd,1,Other,0,False,847.6,0,1,80.8919170012814,bipolar,100.0,0.5-70 Hz,60 Hz,10.0,0.17140056573660373,578.3844834971422,4.2108620208073795,4.20969930311178,False,False
a4ef6a1f-6c7d-498d-b218-cc204f9bbca0,yangyangyu,281,89163,sz,seizure,1,Other,0,False,4157.2,0,1,94.25737499987008,bipolar,100.0,0.5-70 Hz,60 Hz,10.0,0.17150205484948117,560.7767342982065,4.229684452011149,4.204295478822859,False,False
a4ef6a1f-6c7d-498d-b218-cc204f9bbca0,yangyangyu,282,87920,sz,seizure,1,GPD,0,False,89516.7,0,1,95.70162499585422,bipolar,100.0,0.5-70 Hz,60 Hz,10.0,0.17171957647374791,541.4217341575431,4.245554870285282,4.2232166052406885,False,False
a4ef6a1f-6c7d-498d-b218-cc204f9bbca0,yangyangyu,283,69793,sz,seizure,1,GPD,0,False,2898.6,0,1,96.01441700215219,bipolar,100.0,0.5-70 Hz,60 Hz,10.0,0.1719176988591944,519.3123094002439,4.261512638808167,4.239360116589668,False,False
a4ef6a1f-6c7d-498d-b218-cc204f9bbca0,yangyangyu,284,85214,sz,seizure,1,GPD,0,False,2564.5,0,1,97.37720800330862,bipolar,100.0,0.5-70 Hz,60 Hz,10.0,0.17212994957751,488.81099838389406,4.282538822565082,4.255456458968869,False,False
a4ef6a1f-6c7d-498d-b218-cc204f9bbca0,yangyangyu,285,86382,sz,seizure,1,GPD,0,False,6210.6,0,1,96.19212499819696,bipolar,100.0,0.5-70 Hz,60 Hz,10.0,0.17227824743344117,462.3197594634195,4.297954340293272,4.276460695961735,False,False
a4ef6a1f-6c7d-498d-b218-cc204f9bbca0,yangyangyu,286,85581,lrda,lrda,1,Other,0,False,1759.8,0,1,81.10491700062994,bipolar,100.0,0.5-70 Hz,60 Hz,10.0,0.17227325054397707,461.76619539642996,4.286032462420145,4.2931589485544235,False,False
a4ef6a1f-6c7d-498d-b218-cc204f9bbca0,yangyangyu,287,21648,sz,seizure,1,GRDA,0,False,10782.3,0,1,96.08766700694105,bipolar,100.0,0.5-70 Hz,60 Hz,10.0,0.17242173175874143,431.72181910304215,4.302140067117244,4.280089456922126,False,False
a4ef6a1f-6c7d-498d-b218-cc204f9bbca0,yangyangyu,288,23712,sz,seizure,1,GPD,0,False,8494.7,0,1,95.09108399652177,bipolar,100.0,0.5-70 Hz,60 Hz,10.0,0.17252099971960744,403.5424493821156,4.315549009458968,4.296324405084886,False,False
a4ef6a1f-6c7d-498d-b218-cc204f9bbca0,yangyangyu,289,60600,sz,seizure,1,GPD,0,False,2228.1,0,1,95.69854100118391,bipolar,100.0,0.5-70 Hz,60 Hz,10.0,0.1725561502300888,385.93605502638235,4.322248623589547,4.310072602779176,False,False
a4ef6a1f-6c7d-498d-b218-cc204f9bbca0,yangyangyu,290,85383,sz,seizure,1,GPD,0,False,1885.3,0,1,95.24008400330786,bipolar,100.0,0.5-70 Hz,60 Hz,10.0,0.17253888238036635,360.2289326861314,4.3321701736321,4.317057520425393,False,False
a4ef6a1f-6c7d-498d-b218-cc204f9bbca0,yangyangyu,291,26730,sz,seizure,1,Other,0,False,1638.2,0,1,95.08279099827632,bipolar,100.0,0.5-70 Hz,60 Hz,10.0,0.17252785807090948,342.0629489160223,4.338166866536344,4.327175348400829,False,False
a4ef6a1f-6c7d-498d-b218-cc204f9bbca0,yangyangyu,292,38614,gpd,gpd,1,GRDA,0,False,31241.0,0,1,78.08820799982641,bipolar,100.0,0.5-70 Hz,60 Hz,10.0,0.17269620382450962,337.50405383558484,4.336549992417835,4.333126464828434,False,False
a4ef6a1f-6c7d-498d-b218-cc204f9bbca0,yangyangyu,293,86277,lpd,lpd,1,Other,0,False,1962.2,0,1,85.5498750024708,bipolar,100.0,0.5-70 Hz,60 Hz,10.0,0.1726642504104977,336.4661156562736,4.3316937455663975,4.331636577697202,False,False
a4ef6a1f-6c7d-498d-b218-cc204f9bbca0,yangyangyu,294,61324,sz,seizure,1,GRDA,0,False,5299.7,0,1,95.09179199812934,bipolar,100.0,0.5-70 Hz,60 Hz,10.0,0.17265448505466952,316.43794726537067,4.337383805702935,4.327024054039497,False,False
a4ef6a1f-6c7d-498d-b218-cc204f9bbca0,yangyangyu,295,38677,gpd,gpd,1,GRDA,0,False,6521.9,0,1,94.96679099538596,bipolar,100.0,0.5-70 Hz,60 Hz,10.0,0.17281668093399627,311.19865969767454,4.336356958885656,4.332681944678158,False,False
a4ef6a1f-6c7d-498d-b218-cc204f9bbca0,yangyangyu,296,88796,sz,seizure,1,GRDA,0,False,3399.7,0,1,93.99141700123437,bipolar,100.0,0.5-70 Hz,60 Hz,10.0,0.17699465098765393,599.9999999999999,4.345440220657516,4.331858507459947,True,False
a4ef6a1f-6c7d-498d-b218-cc204f9bbca0,yangyangyu,297,37690,gpd,gpd,1,GRDA,0,False,8122.3,0,1,59.889083000598475,bipolar,100.0,0.5-70 Hz,60 Hz,10.0,0.17699111902281883,598.4545121552453,4.342806469413551,4.340542732055443,False,False
a4ef6a1f-6c7d-498d-b218-cc204f9bbca0,yangyangyu,298,27313,lpd,lpd,1,Other,0,False,1695.5,0,1,93.19195900025079,bipolar,100.0,0.5-70 Hz,60 Hz,10.0,0.17699480154839214,597.3350395298395,4.33975967625479,4.338266777185477,False,False
a4ef6a1f-6c7d-498d-b218-cc204f9bbca0,yangyangyu,299,84731,sz,seizure,1,GRDA,0,False,7373.2,0,1,93.58358300232794,bipolar,100.0,0.5-70 Hz,60 Hz,10.0,0.1770241526732138,586.2680657405047,4.331108730518041,4.335203426892341,False,False
a4ef6a1f-6c7d-498d-b218-cc204f9bbca0,yangyangyu,300,42952,gpd,gpd,1,Other,0,False,1599.1,0,1,93.36199999961536,bipolar,100.0,0.5-70 Hz,60 Hz,10.0,0.1770225091952211,582.1946262102392,4.3280221801355605,4.326543135568943,False,False
a4ef6a1f-6c7d-498d-b218-cc204f9bbca0,yangyangyu,301,53742,gpd,gpd,1,GRDA,0,False,1695.0,0,1,93.67904199461918,bipolar,100.0,0.5-70 Hz,60 Hz,10.0,0.17700192008950244,574.7685758975532,4.325569873027228,4.32373918154857,False,False
a4ef6a1f-6c7d-498d-b218-cc204f9bbca0,yangyangyu,302,67428,sz,seizure,1,GRDA,0,False,20212.8,0,1,91.80162499978906,bipolar,100.0,0.5-70 Hz,60 Hz,10.0,0.17703040674803788,569.8280757146294,4.323396426317423,4.32134195297372,False,False
a4ef6a1f-6c7d-498d-b218-cc204f9bbca0,yangyangyu,303,86656,gpd,gpd,1,Other,0,False,1333.3,0,1,92.30779099743813,bipolar,100.0,0.5-70 Hz,60 Hz,10.0,0.1770153615606383,561.6458423116225,4.319961914017974,4.3193824838225385,False,False
a4ef6a1f-6c7d-498d-b218-cc204f9bbca0,yangyangyu,304,42519,lpd,lpd,1,GRDA,0,False,5212.2,0,1,92.56879200256662,bipolar,100.0,0.5-70 Hz,60 Hz,10.0,0.17703197224428852,557.9357166021337,4.317191196706516,4.315973663993289,False,False
a4ef6a1f-6c7d-498d-b218-cc204f9bbca0,yangyangyu,305,46573,sz,seizure,1,GRDA,0,False,51432.5,0,1,92.44491699791979,bipolar,100.0,0.5-70 Hz,60 Hz,10.0,0.17704013348565245,552.979104196909,4.314427867261405,4.313319376574331,False,False
a4ef6a1f-6c7d-498d-b218-cc204f9bbca0,yangyangyu,306,22597,gpd,gpd,1,GPD,1,True,8169.0,0,1,94.11020800325787,bipolar,100.0,0.5-70 Hz,60 Hz,10.0,0.17728725188992112,513.0274525462684,4.309822864855109,4.310659507194822,False,False
a4ef6a1f-6c7d-498d-b218-cc204f9bbca0,yangyangyu,307,70790,gpd,gpd,1,GPD,1,True,4544.0,0,1,93.61491600429872,bipolar,100.0,0.5-70 Hz,60 Hz,10.0,0.17724817562585915,314.1881099428435,4.261348494680573,4.305796843415976,False,False
a4ef6a1f-6c7d-498d-b218-cc204f9bbca0,yangyangyu,308,40694,gpd,grda,0,Other,0,False,1498.9,0,1,92.04708399920492,bipolar,100.0,0.5-70 Hz,60 Hz,10.0,0.17727695341594918,332.53845957154726,4.267975451753651,4.256518641946284,False,False
a4ef6a1f-6c7d-498d-b218-cc204f9bbca0,yangyangyu,309,45851,gpd,gpd,1,Other,0,False,707.4,0,1,91.48041599837597,bipolar,100.0,0.5-70 Hz,60 Hz,10.0,0.1772980691156602,349.270032195909,4.2734438920046545,4.263492104270888,False,False
a4ef6a1f-6c7d-498d-b218-cc204f9bbca0,yangyangyu,310,49579,gpd,other,0,Other,0,True,708.7,0,1,82.41145800275262,bipolar,100.0,0.5-70 Hz,60 Hz,10.0,0.17731010478287917,365.361269057499,4.278452182896434,4.2692813632932,False,False
a4ef6a1f-6c7d-498d-b218-cc204f9bbca0,yangyangyu,311,30362,lrda,lrda,1,Other,0,False,753.5,0,1,76.23066700034542,bipolar,100.0,0.5-70 Hz,60 Hz,10.0,0.17731647475054785,365.4790829069978,4.274589751379241,4.274647800629604,False,False
a4ef6a1f-6c7d-498d-b218-cc204f9bbca0,yangyangyu,312,70788,gpd,gpd,1,GPD,1,True,2179.5,0,1,82.06204199814238,bipolar,100.0,0.5-70 Hz,60 Hz,10.0,0.17669162450278214,599.9999999999999,4.098629201983481,4.270705381982204,True,False
a4ef6a1f-6c7d-498d-b218-cc204f9bbca0,yangyangyu,313,41527,lpd,lpd,1,GPD,0,False,3929.5,0,1,58.80287499894621,bipolar,100.0,0.5-70 Hz,60 Hz,10.0,0.17672799986896393,598.8822094729059,4.098287642862722,4.094540871613537,False,False
a4ef6a1f-6c7d-498d-b218-cc204f9bbca0,yangyangyu,314,27123,sz,seizure,1,GPD,0,False,5790.7,0,1,93.0556669991347,bipolar,100.0,0.5-70 Hz,60 Hz,10.0,0.17601759174316778,596.2130605527491,4.085742349292351,4.094327361985302,False,False
a4ef6a1f-6c7d-498d-b218-cc204f9bbca0,yangyangyu,315,68637,lrda,lrda,1,GPD,0,False,4261.1,0,1,90.10200000193436,bipolar,100.0,0.5-70 Hz,60 Hz,10.0,0.17618479120157454,595.5063712564249,4.077325288786069,4.0818147280084025,False,False
a4ef6a1f-6c7d-498d-b218-cc204f9bbca0,yangyangyu,316,44995,lpd,lpd,1,GRDA,0,False,6915.9,0,1,85.85862499603536,bipolar,100.0,0.5-70 Hz,60 Hz,10.0,0.17617030192846866,592.7213339288126,4.0768112253963515,4.073812019744155,False,False
a4ef6a1f-6c7d-498d-b218-cc204f9bbca0,yangyangyu,317,31149,sz,seizure,1,GRDA,0,False,2506.3,0,1,90.53545800270513,bipolar,100.0,0.5-70 Hz,60 Hz,10.0,0.17526551641931398,583.8450279699538,4.061507875698208,4.073263950875006,False,False
a4ef6a1f-6c7d-498d-b218-cc204f9bbca0,yangyangyu,318,61379,sz,seizure,1,GPD,0,False,9199.9,0,1,92.00750000309199,bipolar,100.0,0.5-70 Hz,60 Hz,10.0,0.1747690228263803,572.8199747064974,4.048197139364472,4.058072187991013,False,False
a4ef6a1f-6c7d-498d-b218-cc204f9bbca0,yangyangyu,319,21629,sz,seizure,1,GPD,0,False,1932.7,0,1,89.73620799952187,bipolar,100.0,0.5-70 Hz,60 Hz,10.0,0.17452963075922284,555.9291320824702,4.03172631602271,4.044858897552076,False,False
a4ef6a1f-6c7d-498d-b218-cc204f9bbca0,yangyangyu,320,44861,lpd,lpd,1,LPD,1,True,5896.6,0,1,90.23870900273323,bipolar,100.0,0.5-70 Hz,60 Hz,10.0,0.17729457836757156,433.45706886312144,3.995711064344494,4.0286545445051285,False,False
a4ef6a1f-6c7d-498d-b218-cc204f9bbca0,yangyangyu,321,47424,lpd,lpd,1,LPD,1,True,2551.0,0,1,90.35608300473541,bipolar,100.0,0.5-70 Hz,60 Hz,10.0,0.1302623485006566,599.9999999999999,3.927376825473578,3.988762480953059,True,False
a4ef6a1f-6c7d-498d-b218-cc204f9bbca0,yangyangyu,322,39687,lpd,lpd,1,Other,0,False,1779.9,0,1,56.410249999316875,bipolar,100.0,0.5-70 Hz,60 Hz,10.0,0.13055817542132503,597.9577285241244,3.9299193060598556,3.921327132567879,False,False
a4ef6a1f-6c7d-498d-b218-cc204f9bbca0,yangyangyu,323,63378,lpd,lpd,1,Other,0,False,1454.8,0,1,89.86924999771873,bipolar,100.0,0.5-70 Hz,60 Hz,10.0,0.13088194852646606,591.9677316492744,3.934455819514617,3.924481990692794,False,False
a4ef6a1f-6c7d-498d-b218-cc204f9bbca0,yangyangyu,324,50630,lpd,lpd,1,Other,0,False,1317.3,0,1,89.55641600186937,bipolar,100.0,0.5-70 Hz,60 Hz,10.0,0.1311672275453567,582.6144712921856,3.940013538307913,3.929511862527075,False,False
a4ef6a1f-6c7d-498d-b218-cc204f9bbca0,yangyangyu,325,87085,sz,seizure,1,GPD,0,False,7196.2,0,1,74.39412499661557,bipolar,100.0,0.5-70 Hz,60 Hz,10.0,0.11760499828015825,575.3408420256206,3.92865120938261,3.93716086229159,False,False
a4ef6a1f-6c7d-498d-b218-cc204f9bbca0,yangyangyu,326,69263,lpd,lpd,1,Other,0,False,1828.7,0,1,90.46037499501836,bipolar,100.0,0.5-70 Hz,60 Hz,10.0,0.11756589099419407,566.2546280902818,3.931640283016854,3.924077753935294,False,False
a4ef6a1f-6c7d-498d-b218-cc204f9bbca0,yangyangyu,327,47882,lpd,lpd,1,Other,0,False,1634.4,0,1,89.33424999850104,bipolar,100.0,0.5-70 Hz,60 Hz,10.0,0.11748810221095357,556.9697883127626,3.93386629924884,3.9274509779680034,False,False
a4ef6a1f-6c7d-498d-b218-cc204f9bbca0,yangyangyu,328,63365,lpd,lpd,1,Other,0,False,1508.4,0,1,88.74695799750043,bipolar,100.0,0.5-70 Hz,60 Hz,10.0,0.11746931623764723,545.7383687463287,3.938222339106138,3.9300156349478943,False,False
a4ef6a1f-6c7d-498d-b218-cc204f9bbca0,yangyangyu,329,45043,lpd,lpd,1,GRDA,0,False,39169.4,0,1,88.60629099945072,bipolar,100.0,0.5-70 Hz,60 Hz,10.0,0.11749271957332058,532.732030896446,3.944031979354249,3.9346198284270466,False,False
a4ef6a1f-6c7d-498d-b218-cc204f9bbca0,yangyangyu,330,41476,lpd,lpd,1,LPD,1,True,11291.8,0,1,93.24320800078567,bipolar,100.0,0.5-70 Hz,60 Hz,10.0,0.11980936132500641,560.3136639459635,3.828674072027313,3.940655024176489,False,False
a4ef6a1f-6c7d-498d-b218-cc204f9bbca0,yangyangyu,331,38566,gpd,gpd,1,GRDA,0,False,118148.1,0,1,74.345250002807,bipolar,100.0,0.5-70 Hz,60 Hz,10.0,0.12714916951554756,559.4323061631138,3.832076724193595,3.8262508494723457,False,False
a4ef6a1f-6c7d-498d-b218-cc204f9bbca0,yangyangyu,332,39911,lpd,lpd,1,Other,0,False,2641.6,0,1,79.8017919951235,bipolar,100.0,0.5-70 Hz,60 Hz,10.0,0.1274026194001447,563.4872805872839,3.834890368347529,3.8281018169456273,False,False
a4ef6a1f-6c7d-498d-b218-cc204f9bbca0,yangyangyu,333,49791,lpd,lpd,1,GRDA,0,False,12859.4,0,1,87.92691599956015,bipolar,100.0,0.5-70 Hz,60 Hz,10.0,0.12754452838853714,565.71758441981,3.8379558903161968,3.831191918864998,False,False
a4ef6a1f-6c7d-498d-b218-cc204f9bbca0,yangyangyu,334,63283,lpd,lpd,1,Other,0,False,1253.9,0,1,83.04591700289166,bipolar,100.0,0.5-70 Hz,60 Hz,10.0,0.12740281305623524,565.834437727638,3.839525524838926,3.8345392581127316,False,False
a4ef6a1f-6c7d-498d-b218-cc204f9bbca0,yangyangyu,335,63203,lpd,lpd,1,Other,0,False,645.6,0,1,88.11429199704435,bipolar,100.0,0.5-70 Hz,60 Hz,10.0,0.12742931266264973,565.5330320288431,3.8432546258147036,3.8363873472365997,False,False
a4ef6a1f-6c7d-498d-b218-cc204f9bbca0,yangyangyu,336,69121,lpd,lpd,1,Other,0,False,709.0,0,1,88.13616599945817,bipolar,100.0,0.5-70 Hz,60 Hz,10.0,0.12753059675395234,564.3039580017985,3.8481459884278673,3.840307221523365,False,False
a4ef6a1f-6c7d-498d-b218-cc204f9bbca0,yangyangyu,337,85839,sz,seizure,1,Other,0,False,681.0,0,1,72.92191699525574,bipolar,100.0,0.5-70 Hz,60 Hz,10.0,0.12367163716343071,555.7354983392408,3.8510697597145835,3.8458868417683822,False,False
a4ef6a1f-6c7d-498d-b218-cc204f9bbca0,yangyangyu,338,87604,lpd,lpd,1,GRDA,0,False,105784.3,0,1,87.70862500387011,bipolar,100.0,0.5-70 Hz,60 Hz,10.0,0.12325791262955205,553.0717421456073,3.8545766343523247,3.848256400257575,False,False
a4ef6a1f-6c7d-498d-b218-cc204f9bbca0,yangyangyu,339,85180,lpd,lpd,1,GRDA,0,False,3694.7,0,1,89.97899999667425,bipolar,100.0,0.5-70 Hz,60 Hz,10.0,0.1226778209935786,549.6520825500388,3.8574073287954356,3.8519005135198254,False,False
a4ef6a1f-6c7d-498d-b218-cc204f9bbca0,yangyangyu,340,50319,lpd,lpd,1,GRDA,0,False,1522.5,0,1,88.19345800293377,bipolar,100.0,0.5-70 Hz,60 Hz,10.0,0.12190263044725191,545.8314384549154,3.8585387296880964,3.8549530564194505,False,False
a4ef6a1f-6c7d-498d-b218-cc204f9bbca0,yangyangyu,341,87602,lpd,lpd,1,LPD,1,True,4174.3,0,1,89.97216699935962,bipolar,100.0,0.5-70 Hz,60 Hz,10.0,0.12350948776679493,482.36022773469904,3.765712131675458,3.856197388566777,False,False
a4ef6a1f-6c7d-498d-b218-cc204f9bbca0,yangyangyu,342,62980,lpd,lpd,1,LPD,1,True,3466.1,0,1,87.5347499968484,bipolar,100.0,0.5-70 Hz,60 Hz,10.0,0.12719493033222912,358.60823028892236,3.708546565987068,3.7632064242670613,False,False
a4ef6a1f-6c7d-498d-b218-cc204f9bbca0,yangyangyu,343,37612,gpd,gpd,1,GPD,1,True,6100.8,0,1,78.85954200173728,bipolar,100.0,0.5-70 Hz,60 Hz,10.0,0.1105653669087947,599.9999999999999,3.763397772951506,3.7055901132287836,True,False
a4ef6a1f-6c7d-498d-b218-cc204f9bbca0,yangyangyu,344,22728,lrda,lrda,1,GRDA,0,False,2535.3,0,1,41.19920900120633,bipolar,100.0,0.5-70 Hz,60 Hz,10.0,0.11031426520617632,599.4077161061309,3.755737495554395,3.7595491766851685,False,False
a4ef6a1f-6c7d-498d-b218-cc204f9bbca0,yangyangyu,345,68479,lpd,lpd,1,Other,0,False,5292.1,0,1,72.54162499884842,bipolar,100.0,0.5-70 Hz,60 Hz,10.0,0.11061406068212248,598.2723364339473,3.761849326715547,3.7522178693715227,False,False
a4ef6a1f-6c7d-498d-b218-cc204f9bbca0,yangyangyu,346,52522,lpd,lpd,1,Other,0,False,4282.9,0,1,71.38637499883771,bipolar,100.0,0.5-70 Hz,60 Hz,10.0,0.11078884681864792,595.0229214936907,3.7673803917183193,3.7585231463399267,False,False
a4ef6a1f-6c7d-498d-b218-cc204f9bbca0,yangyangyu,347,47933,lpd,lpd,1,Other,0,False,4305.2,0,1,72.00991699937731,bipolar,100.0,0.5-70 Hz,60 Hz,10.0,0.1109342013895514,590.2943713164581,3.7718376343928384,3.7642377248650227,False,False
a4ef6a1f-6c7d-498d-b218-cc204f9bbca0,yangyangyu,348,88173,lrda,lrda,1,LPD,0,False,7095.3,0,1,71.49795800069114,bipolar,100.0,0.5-70 Hz,60 Hz,10.0,0.11083378743279343,588.9082390763587,3.7652514464461335,3.7687114582931445,False,False
a4ef6a1f-6c7d-498d-b218-cc204f9bbca0,yangyangyu,349,41440,lpd,lpd,1,Other,0,False,1455.3,0,1,71.16587500058813,bipolar,100.0,0.5-70 Hz,60 Hz,10.0,0.11096449741491227,583.0071902025435,3.769147199870587,3.762290655637989,False,False
a4ef6a1f-6c7d-498d-b218-cc204f9bbca0,yangyangyu,350,52083,lpd,lpd,1,Other,0,False,2541.9,0,1,71.68766699760454,bipolar,100.0,0.5-70 Hz,60 Hz,10.0,0.11107074781238935,576.6501585985799,3.772002010697655,3.7663952843559394,False,False
a4ef6a1f-6c7d-498d-b218-cc204f9bbca0,yangyangyu,351,63392,lpd,lpd,1,GRDA,0,False,57237.3,0,1,71.3587079953868,bipolar,100.0,0.5-70 Hz,60 Hz,10.0,0.11117676993462444,568.793652176393,3.775412760637556,3.769415395820736,False,False
a4ef6a1f-6c7d-498d-b218-cc204f9bbca0,yangyangyu,352,41550,sz,seizure,1,GRDA,0,False,2099.7,0,1,70.95270900026662,bipolar,100.0,0.5-70 Hz,60 Hz,10.0,0.11116054898065963,566.5285705881531,3.7633390726845057,3.7728871650993026,False,False
a4ef6a1f-6c7d-498d-b218-cc204f9bbca0,yangyangyu,353,87104,lrda,lrda,1,Other,0,False,14553.7,0,1,70.86904199968558,bipolar,100.0,0.5-70 Hz,60 Hz,10.0,0.11110124430274221,564.7073970930037,3.75770451321309,3.760808638535496,False,False
a4ef6a1f-6c7d-498d-b218-cc204f9bbca0,yangyangyu,354,45464,lpd,lpd,1,Other,0,False,1041.6,0,1,71.84804199641803,bipolar,100.0,0.5-70 Hz,60 Hz,10.0,0.11120858852686727,555.758003805731,3.7612162527291755,3.755270525030929,False,False
a4ef6a1f-6c7d-498d-b218-cc204f9bbca0,yangyangyu,355,69204,sz,seizure,1,GRDA,0,False,2340.4,0,1,71.53575000120327,bipolar,100.0,0.5-70 Hz,60 Hz,10.0,0.11120199594432556,551.3311087676173,3.7499637480084407,3.7588204233294538,False,False
a4ef6a1f-6c7d-498d-b218-cc204f9bbca0,yangyangyu,356,41812,lpd,lpd,1,Other,0,False,2497.1,0,1,71.89187499898253,bipolar,100.0,0.5-70 Hz,60 Hz,10.0,0.111292560044369,542.7425559511689,3.752482960370833,3.7476696546142447,False,False
a4ef6a1f-6c7d-498d-b218-cc204f9bbca0,yangyangyu,357,36968,sz,seizure,1,GRDA,0,False,4354.4,0,1,70.6292500035488,bipolar,100.0,0.5-70 Hz,60 Hz,10.0,0.11129884996162653,539.0715721317149,3.7435779862281118,3.7502823938182006,False,False
a4ef6a1f-6c7d-498d-b218-cc204f9bbca0,yangyangyu,358,27598,lpd,lpd,1,Other,0,False,1260.2,0,1,67.1515409994754,bipolar,100.0,0.5-70 Hz,60 Hz,10.0,0.11138392875435399,529.8482242975952,3.7460120481685726,3.74141956931287,False,False
a4ef6a1f-6c7d-498d-b218-cc204f9bbca0,yangyangyu,359,86859,lrda,lrda,1,Other,0,False,1300.6,0,1,70.91462500102352,bipolar,100.0,0.5-70 Hz,60 Hz,10.0,0.11134746911239324,527.8520447822618,3.741186038657853,3.7438895495545315,False,False
a4ef6a1f-6c7d-498d-b218-cc204f9bbca0,yangyangyu,360,56031,lpd,lpd,1,Other,0,False,797.4,0,1,70.02574999933131,bipolar,100.0,0.5-70 Hz,60 Hz,10.0,0.11141064495250141,520.0790066473888,3.742324517932183,3.739133594151328,False,False
a4ef6a1f-6c7d-498d-b218-cc204f9bbca0,yangyangyu,361,57358,sz,seizure,1,GPD,0,False,5093.3,0,1,70.07204100227682,bipolar,100.0,0.5-70 Hz,60 Hz,10.0,0.11136600630411897,511.3664507924939,3.729948125084714,3.7403405153823543,False,False
a4ef6a1f-6c7d-498d-b218-cc204f9bbca0,yangyangyu,362,88785,lpd,lpd,1,Other,0,False,1509.8,0,1,69.5946659980109,bipolar,100.0,0.5-70 Hz,60 Hz,10.0,0.11101175495356919,498.10300499984425,3.7219270787186196,3.7280259902388466,False,False
a4ef6a1f-6c7d-498d-b218-cc204f9bbca0,yangyangyu,363,49803,sz,seizure,1,GRDA,0,False,15936.1,0,1,69.59450000431389,bipolar,100.0,0.5-70 Hz,60 Hz,10.0,0.1109674508356086,487.4957915882618,3.709422264347036,3.72003322407449,False,False
a4ef6a1f-6c7d-498d-b218-cc204f9bbca0,yangyangyu,364,56466,lpd,lpd,1,Other,0,False,2389.9,0,1,69.8061669972958,bipolar,100.0,0.5-70 Hz,60 Hz,10.0,0.11102958968807641,477.990837664255,3.7113181135813873,3.7076072896256878,False,False
a4ef6a1f-6c7d-498d-b218-cc204f9bbca0,yangyangyu,365,86864,lrda,lrda,1,Other,0,False,1256.0,0,1,60.8102910046,bipolar,100.0,0.5-70 Hz,60 Hz,10.0,0.11101774614031479,475.963884463665,3.7069375804460054,3.7095299470339564,False,False
a4ef6a1f-6c7d-498d-b218-cc204f9bbca0,yangyangyu,366,70657,sz,seizure,1,GRDA,0,False,11907.4,0,1,69.86158400104614,bipolar,100.0,0.5-70 Hz,60 Hz,10.0,0.11102319977822,471.53950194199575,3.69927116088898,3.7052004380976236,False,False
a4ef6a1f-6c7d-498d-b218-cc204f9bbca0,yangyangyu,367,40046,lpd,lpd,1,GRDA,0,False,1833.3,0,1,68.98150000051828,bipolar,100.0,0.5-70 Hz,60 Hz,10.0,0.11107563504251583,462.7040175893821,3.700665484696045,3.6975912561980078,False,False
a4ef6a1f-6c7d-498d-b218-cc204f9bbca0,yangyangyu,368,88232,lpd,lpd,1,Other,0,False,1502.4,0,1,68.78612500440795,bipolar,100.0,0.5-70 Hz,60 Hz,10.0,0.11112471287802561,453.29058437949453,3.7021570469144565,3.699052095688252,False,False
a4ef6a1f-6c7d-498d-b218-cc204f9bbca0,yangyangyu,369,53788,sz,gpd,0,GRDA,0,False,2279.6,0,1,68.47858300170628,bipolar,100.0,0.5-70 Hz,60 Hz,10.0,0.11112841223838926,449.18625488381747,3.694819927895952,3.700550071711803,False,False
a4ef6a1f-6c7d-498d-b218-cc204f9bbca0,yangyangyu,370,51824,lpd,lpd,1,Other,0,False,1409.6,0,1,65.22995900013484,bipolar,100.0,0.5-70 Hz,60 Hz,10.0,0.11116590309160346,442.37570127634194,3.6951014079903914,3.6933024214381596,False,False
a4ef6a1f-6c7d-498d-b218-cc204f9bbca0,yangyangyu,371,40594,sz,lpd,0,GRDA,0,False,2646.2,0,1,68.79762500466313,bipolar,100.0,0.5-70 Hz,60 Hz,10.0,0.11116842463488963,438.33686727563224,3.6880907679943356,3.693609939826163,False,False
a4ef6a1f-6c7d-498d-b218-cc204f9bbca0,yangyangyu,372,88508,lrda,lrda,1,Other,0,False,1153.8,0,1,67.87041699863039,bipolar,100.0,0.5-70 Hz,60 Hz,10.0,0.1111579001429055,436.4252398339415,3.684272409050447,3.6866112389930423,False,False
a4ef6a1f-6c7d-498d-b218-cc204f9bbca0,yangyangyu,373,27206,lpd,lpd,1,Other,0,False,810.5,0,1,67.0585419939016,bipolar,100.0,0.5-70 Hz,60 Hz,10.0,0.11119599647677719,428.86581139615413,3.684882189075887,3.682833808381565,False,False
a4ef6a1f-6c7d-498d-b218-cc204f9bbca0,yangyangyu,374,55766,lpd,lpd,1,GRDA,0,False,2062.2,0,1,67.64033399667824,bipolar,100.0,0.5-70 Hz,60 Hz,10.0,0.11123133406190688,421.712776934081,3.6853037960784736,3.683503836069458,False,False
a4ef6a1f-6c7d-498d-b218-cc204f9bbca0,yangyangyu,375,33532,sz,seizure,1,GPD,0,False,3052.6,0,1,68.24287500057835,bipolar,100.0,0.5-70 Hz,60 Hz,10.0,0.11015322554258361,408.0220081223949,3.672323701684239,3.6839389261660713,False,False
a4ef6a1f-6c7d-498d-b218-cc204f9bbca0,yangyangyu,376,88194,lpd,lpd,1,GRDA,0,False,7962.7,0,1,68.09870800498175,bipolar,100.0,0.5-70 Hz,60 Hz,10.0,0.11024434610727157,398.5065835849982,3.6736617866773242,3.671024065577197,False,False
a4ef6a1f-6c7d-498d-b218-cc204f9bbca0,yangyangyu,377,31930,sz,seizure,1,GPD,0,False,2127.8,0,1,67.80679200164741,bipolar,100.0,0.5-70 Hz,60 Hz,10.0,0.11025736217739335,383.79395866028995,3.6601676857779015,3.672390328082795,False,False
a4ef6a1f-6c7d-498d-b218-cc204f9bbca0,yangyangyu,378,53865,sz,seizure,1,GRDA,0,False,3307.1,0,1,67.9068749959697,bipolar,100.0,0.5-70 Hz,60 Hz,10.0,0.11024991612587387,367.48186396298405,3.6458335225206904,3.6589347080257255,False,False
a4ef6a1f-6c7d-498d-b218-cc204f9bbca0,yangyangyu,379,68128,lpd,lpd,1,Other,0,False,6726.3,0,1,58.77337499987334,bipolar,100.0,0.5-70 Hz,60 Hz,10.0,0.11035250534636659,361.20471611770483,3.6464728596896325,3.644618111777735,False,False
a4ef6a1f-6c7d-498d-b218-cc204f9bbca0,yangyangyu,380,70792,lrda,other,0,LPD,0,False,3370.2,0,1,67.38320799922803,bipolar,100.0,0.5-70 Hz,60 Hz,10.0,0.11047176257188346,359.5784780402934,3.643104683242038,3.645267385033927,False,False
a4ef6a1f-6c7d-498d-b218-cc204f9bbca0,yangyangyu,381,40089,lpd,lpd,1,Other,0,False,1442.2,0,1,68.05016699945554,bipolar,100.0,0.5-70 Hz,60 Hz,10.0,0.11063397177256606,353.42928774056736,3.6436764182532224,3.641947742427006,False,False
a4ef6a1f-6c7d-498d-b218-cc204f9bbca0,yangyangyu,382,23901,lpd,lpd,1,Other,0,False,1898.0,0,1,67.47775000258116,bipolar,100.0,0.5-70 Hz,60 Hz,10.0,0.11077887692919586,348.1001641457362,3.6439183557521035,3.6425750358647955,False,False
a4ef6a1f-6c7d-498d-b218-cc204f9bbca0,yangyangyu,383,31734,sz,seizure,1,GPD,0,False,3172.2,0,1,66.97875000099884,bipolar,100.0,0.5-70 Hz,60 Hz,10.0,0.11081032646816746,335.2920119779625,3.6314762407147434,3.6428640312049647,False,False
a4ef6a1f-6c7d-498d-b218-cc204f9bbca0,yangyangyu,384,85431,lpd,lpd,1,GRDA,0,False,12143.7,0,1,67.01383299514418,bipolar,100.0,0.5-70 Hz,60 Hz,10.0,0.11095818763634552,330.3136461293881,3.631710761167284,3.630433899616366,False,False
a4ef6a1f-6c7d-498d-b218-cc204f9bbca0,yangyangyu,385,62669,lpd,lpd,1,Other,0,False,2613.9,0,1,66.79895900015254,bipolar,100.0,0.5-70 Hz,60 Hz,10.0,0.11137851627396905,317.3905553966246,3.6283417754018767,3.6306618202481125,False,False
a4ef6a1f-6c7d-498d-b218-cc204f9bbca0,yangyangyu,386,68388,lrda,lrda,1,Other,0,False,2135.9,0,1,67.16766600584378,bipolar,100.0,0.5-70 Hz,60 Hz,10.0,0.11149195464405559,316.0229309975183,3.62539973225359,3.6273918289818234,False,False
a4ef6a1f-6c7d-498d-b218-cc204f9bbca0,yangyangyu,387,69242,lpd,lpd,1,Other,0,False,1156.6,0,1,65.6503749996773,bipolar,100.0,0.5-70 Hz,60 Hz,10.0,0.11162969967265579,311.9239341666379,3.625257453510014,3.6244842011220966,False,False
a4ef6a1f-6c7d-498d-b218-cc204f9bbca0,yangyangyu,388,88045,sz,seizure,1,GPD,0,False,4998.9,0,1,67.33108399930643,bipolar,100.0,0.5-70 Hz,60 Hz,10.0,0.11170190090916149,309.5471108507641,3.6199117251745516,3.624359671932727,False,False
a4ef6a1f-6c7d-498d-b218-cc204f9bbca0,yangyangyu,389,51634,lpd,lpd,1,Other,0,False,1859.6,0,1,67.03350000316277,bipolar,100.0,0.5-70 Hz,60 Hz,10.0,0.11172352970728022,305.33306805835014,3.61989600596705,3.619050638893458,False,False
a4ef6a1f-6c7d-498d-b218-cc204f9bbca0,yangyangyu,390,85856,sz,seizure,1,GRDA,0,False,3401.2,0,1,67.25008300418267,bipolar,100.0,0.5-70 Hz,60 Hz,10.0,0.11172416043639,303.05761013668,3.6147735687625495,3.619056604988826,False,False
a4ef6a1f-6c7d-498d-b218-cc204f9bbca0,yangyangyu,391,88496,lpd,lpd,1,Other,0,False,3023.3,0,1,58.254542003851384,bipolar,100.0,0.5-70 Hz,60 Hz,10.0,0.10158383063634385,599.9999999999999,3.5961705055651954,3.6139517491556084,True,False
a4ef6a1f-6c7d-498d-b218-cc204f9bbca0,yangyangyu,392,88909,lrda,lrda,1,Other,0,False,867.0,0,1,34.96270900359377,bipolar,100.0,0.5-70 Hz,60 Hz,10.0,0.1016708500836252,599.8529336967075,3.59259407051416,3.5954438113238405,False,False
a4ef6a1f-6c7d-498d-b218-cc204f9bbca0,yangyangyu,393,46884,lpd,lpd,1,GRDA,0,False,2936.3,0,1,57.16370799927972,bipolar,100.0,0.5-70 Hz,60 Hz,10.0,0.10166216716303056,599.1984976685642,3.595622670194508,3.591892433162344,False,False
a4ef6a1f-6c7d-498d-b218-cc204f9bbca0,yangyangyu,394,88121,lpd,lrda,0,GRDA,0,False,35229.6,0,1,65.94516699988162,bipolar,100.0,0.5-70 Hz,60 Hz,10.0,0.10168263879588935,598.5258328740214,3.596386800013164,3.594961208563656,False,False
a4ef6a1f-6c7d-498d-b218-cc204f9bbca0,yangyangyu,395,64414,lpd,lpd,1,GRDA,0,False,2946.1,0,1,65.81837499834364,bipolar,100.0,0.5-70 Hz,60 Hz,10.0,0.10171256977176679,597.6128490954849,3.5970778031648143,3.595744638467771,False,False
a4ef6a1f-6c7d-498d-b218-cc204f9bbca0,yangyangyu,396,47884,sz,seizure,1,LRDA,0,False,9430.1,0,1,66.39358300162712,bipolar,100.0,0.5-70 Hz,60 Hz,10.0,0.10174502213760017,597.5020082743854,3.595206497640461,3.596442371180614,False,False
a4ef6a1f-6c7d-498d-b218-cc204f9bbca0,yangyangyu,397,68092,lpd,lpd,1,LRDA,0,False,3311.2,0,1,64.62199999805307,bipolar,100.0,0.5-70 Hz,60 Hz,10.0,0.10177451594442366,596.4157046941475,3.5957204379552383,3.5945899351294375,False,False
a4ef6a1f-6c7d-498d-b218-cc204f9bbca0,yangyangyu,398,54608,lpd,lpd,1,GRDA,0,False,4667.6,0,1,65.67370899574598,bipolar,100.0,0.5-70 Hz,60 Hz,10.0,0.1018009004151656,595.0353613303806,3.5964122200055284,3.5951201052485335,False,False
a4ef6a1f-6c7d-498d-b218-cc204f9bbca0,yangyangyu,399,36724,lrda,lrda,1,Other,0,False,1469.2,0,1,64.85845899442211,bipolar,100.0,0.5-70 Hz,60 Hz,10.0,0.10184571793999436,594.6656807767102,3.5931289776429187,3.5958136459613312,False,False
a4ef6a1f-6c7d-498d-b218-cc204f9bbca0,yangyangyu,400,47150,lpd,other,0,GRDA,0,False,6032.1,0,1,64.58450000354787,bipolar,100.0,0.5-70 Hz,60 Hz,10.0,0.10187125043932999,593.2290061861828,3.5935570411050834,3.592562124816181,False,False
a4ef6a1f-6c7d-498d-b218-cc204f9bbca0,yangyangyu,401,88483,sz,seizure,1,GRDA,0,False,2990.2,0,1,65.13854200602509,bipolar,100.0,0.5-70 Hz,60 Hz,10.0,0.10190486699898138,592.9404298774184,3.5915269163852312,3.5930043096986477,False,False
a4ef6a1f-6c7d-498d-b218-cc204f9bbca0,yangyangyu,402,45938,lpd,lpd,1,GRDA,0,False,1618.3,0,1,64.97870800376404,bipolar,100.0,0.5-70 Hz,60 Hz,10.0,0.1019287565836915,591.2950277520767,3.5920181912284415,3.5909756890171947,False,False
a4ef6a1f-6c7d-498d-b218-cc204f9bbca0,yangyangyu,403,62952,lpd,gpd,0,GRDA,0,False,3847.6,0,1,63.99779200000921,bipolar,100.0,0.5-70 Hz,60 Hz,10.0,0.1019518601092595,589.5727605001697,3.592381507307852,3.591489438651229,False,False
a4ef6a1f-6c7d-498d-b218-cc204f9bbca0,yangyangyu,404,47241,lpd,lpd,1,GRDA,0,False,6954.8,0,1,59.096832999784965,bipolar,100.0,0.5-70 Hz,60 Hz,10.0,0.1019727571354535,587.6530300485579,3.592828864428932,3.5918685138081075,False,False
a4ef6a1f-6c7d-498d-b218-cc204f9bbca0,yangyangyu,405,51846,lpd,lrda,0,Other,0,False,1588.9,0,1,63.98470800195355,bipolar,100.0,0.5-70 Hz,60 Hz,10.0,0.10199380429815308,585.7478574193004,3.5930685378357015,3.592335311621026,False,False
a4ef6a1f-6c7d-498d-b218-cc204f9bbca0,yangyangyu,406,88189,lrda,lrda,1,Other,0,False,785.2,0,1,64.65308399492642,bipolar,100.0,0.5-70 Hz,60 Hz,10.0,0.10203295987224681,585.2742636152099,3.5901445311676348,3.5925903702105493,False,False
a4ef6a1f-6c7d-498d-b218-cc204f9bbca0,yangyangyu,407,88087,sz,seizure,1,Other,0,False,5067.0,0,1,64.2107500025304,bipolar,100.0,0.5-70 Hz,60 Hz,10.0,0.10206601813134175,584.8669949726198,3.588153323213023,3.5896666765395855,False,False
a4ef6a1f-6c7d-498d-b218-cc204f9bbca0,yangyangyu,408,69231,lpd,lpd,1,GRDA,0,False,5993.0,0,1,55.138999996415805,bipolar,100.0,0.5-70 Hz,60 Hz,10.0,0.1020853034996439,582.8407313975505,3.58843195941886,3.5876806130531422,False,False
a4ef6a1f-6c7d-498d-b218-cc204f9bbca0,yangyangyu,409,68335,lpd,lpd,1,Other,0,False,2484.7,0,1,63.15000000176951,bipolar,100.0,0.5-70 Hz,60 Hz,10.0,0.10210309553911107,580.7112032588674,3.588722297189845,3.5879777578504664,False,False
a4ef6a1f-6c7d-498d-b218-cc204f9bbca0,yangyangyu,410,53811,lpd,lpd,1,GRDA,0,False,1679.4,0,1,53.64979099977063,bipolar,100.0,0.5-70 Hz,60 Hz,10.0,0.1021203179770529,578.5534862861081,3.5889359958973497,3.588283025778974,False,False
a4ef6a1f-6c7d-498d-b218-cc204f9bbca0,yangyangyu,411,70035,lpd,lpd,1,GRDA,0,False,6494.3,0,1,64.11500000103842,bipolar,100.0,0.5-70 Hz,60 Hz,10.0,0.10213621427066732,576.2990955710587,3.5891677514400797,3.5885101201663385,False,False
a4ef6a1f-6c7d-498d-b218-cc204f9bbca0,yangyangyu,412,84888,lrda,lrda,1,GRDA,0,False,2613.5,0,1,63.5328339994885,bipolar,100.0,0.5-70 Hz,60 Hz,10.0,0.10217370999710707,575.7565668152964,3.586413464126992,3.5887462599523583,False,False
a4ef6a1f-6c7d-498d-b218-cc204f9bbca0,yangyangyu,413,85931,sz,seizure,1,Other,0,False,6921.7,0,1,63.09754199901363,bipolar,100.0,0.5-70 Hz,60 Hz,10.0,0.10220606145097594,575.274259837702,3.584479918250574,3.5860038614712337,False,False
a4ef6a1f-6c7d-498d-b218-cc204f9bbca0,yangyangyu,414,85309,lpd,seizure,0,GPD,0,False,3797.5,0,1,62.9707080006483,bipolar,100.0,0.5-70 Hz,60 Hz,10.0,0.1022214213565647,573.0158227744392,3.5846487503326894,3.5840721514678022,False,False
a4ef6a1f-6c7d-498d-b218-cc204f9bbca0,yangyangyu,415,87476,lpd,gpd,0,Other,0,False,2243.8,0,1,63.58554100006586,bipolar,100.0,0.5-70 Hz,60 Hz,10.0,0.10223606881124853,570.7562600371588,3.5847672640710755,3.584259628746851,False,False
a4ef6a1f-6c7d-498d-b218-cc204f9bbca0,yangyangyu,416,46272,lrda,other,0,GRDA,0,False,4765.4,0,1,62.46304199885344,bipolar,100.0,0.5-70 Hz,60 Hz,10.0,0.10225989428131438,570.1616784675713,3.5822125042660176,3.5843873411006277,False,False
a4ef6a1f-6c7d-498d-b218-cc204f9bbca0,yangyangyu,417,70646,sz,seizure,1,GRDA,0,False,1901.0,0,1,62.59595899609849,bipolar,100.0,0.5-70 Hz,60 Hz,10.0,0.10226861886493721,569.6187586826352,3.5804679405402453,3.581838314636844,False,False
a4ef6a1f-6c7d-498d-b218-cc204f9bbca0,yangyangyu,418,38078,lpd,lpd,1,LPD,1,True,5322.0,0,1,60.44750000000931,bipolar,100.0,0.5-70 Hz,60 Hz,10.0,0.10198484118142959,592.6943582907153,3.56914144787676,3.580099222525022,False,False
a4ef6a1f-6c7d-498d-b218-cc204f9bbca0,yangyangyu,419,38682,lpd,lpd,1,LPD,1,True,2303.7,0,1,61.53462499787565,bipolar,100.0,0.5-70 Hz,60 Hz,10.0,0.101643048362975,511.0038493691924,3.5383692540257083,3.568572353290509,False,False
a4ef6a1f-6c7d-498d-b218-cc204f9bbca0,yangyangyu,420,53989,lpd,lpd,1,Other,0,False,1790.5,0,1,61.94595800479874,bipolar,100.0,0.5-70 Hz,60 Hz,10.0,0.10167063140514304,517.4831443415964,3.5399687930179686,3.537581919521555,False,False
a4ef6a1f-6c7d-498d-b218-cc204f9bbca0,yangyangyu,421,36407,lpd,lrda,0,Other,0,False,2359.1,0,1,62.043999998422805,bipolar,100.0,0.5-70 Hz,60 Hz,10.0,0.10167587429894626,523.5987121107671,3.541482595397353,3.5391978068943137,False,False
a4ef6a1f-6c7d-498d-b218-cc204f9bbca0,yangyangyu,422,84698,lpd,lpd,1,Other,0,False,1043.8,0,1,61.750582994136494,bipolar,100.0,0.5-70 Hz,60 Hz,10.0,0.10168215254892476,529.3979361430625,3.5429992429746666,3.5407431078929705,False,False
a4ef6a1f-6c7d-498d-b218-cc204f9bbca0,yangyangyu,423,53316,sz,seizure,1,GRDA,0,False,3986.7,0,1,48.98612499528099,bipolar,100.0,0.5-70 Hz,60 Hz,10.0,0.10165571680306262,528.8915892529221,3.5415684023475844,3.5426397654708865,False,False
a4ef6a1f-6c7d-498d-b218-cc204f9bbca0,yangyangyu,424,70433,lpd,lrda,0,GRDA,0,False,3400.4,0,1,61.90358300227672,bipolar,100.0,0.5-70 Hz,60 Hz,10.0,0.1016671704339504,534.249069937414,3.54296558783567,3.5408591216057337,False,False
a4ef6a1f-6c7d-498d-b218-cc204f9bbca0,yangyangyu,425,88376,lpd,lpd,1,LPD,1,True,5248.9,0,1,57.091458002105355,bipolar,100.0,0.5-70 Hz,60 Hz,10.0,0.09884710575691497,380.9523628985987,3.493978504164023,3.542285979725901,False,False
a4ef6a1f-6c7d-498d-b218-cc204f9bbca0,yangyangyu,426,48263,lpd,lpd,1,LPD,1,True,2083.6,0,1,62.58491599874105,bipolar,100.0,0.5-70 Hz,60 Hz,10.0,0.10084706594633408,599.9999999999999,3.600631813501359,3.4931550933352002,True,False
a4ef6a1f-6c7d-498d-b218-cc204f9bbca0,yangyangyu,427,60174,lpd,lrda,0,Other,0,False,4578.4,0,1,31.637916996260174,bipolar,100.0,0.5-70 Hz,60 Hz,10.0,0.10089022621073318,599.7366426572045,3.5999728294567475,3.5998107531193395,False,False
a4ef6a1f-6c7d-498d-b218-cc204f9bbca0,yangyangyu,428,36463,lpd,lpd,1,Other,0,False,1204.8,0,1,60.91608299902873,bipolar,100.0,0.5-70 Hz,60 Hz,10.0,0.10092623993515709,598.9382607663628,3.5993679557396243,3.5991731504812043,False,False
a4ef6a1f-6c7d-498d-b218-cc204f9bbca0,yangyangyu,429,87726,lrda,lrda,1,GRDA,0,False,2579.7,0,1,48.24604099849239,bipolar,100.0,0.5-70 Hz,60 Hz,10.0,0.10095530156064547,598.8509587876918,3.5964527890766282,3.598958642634134,False,False
a4ef6a1f-6c7d-498d-b218-cc204f9bbca0,yangyangyu,430,27853,lpd,lrda,0,GRDA,0,False,10997.6,0,1,60.3811670007417,bipolar,100.0,0.5-70 Hz,60 Hz,10.0,0.1009932399841284,597.590482576821,3.595795519940669,3.5956875363699368,False,False
a4ef6a1f-6c7d-498d-b218-cc204f9bbca0,yangyangyu,431,28457,lpd,grda,0,Other,0,False,1646.7,0,1,61.266374999831896,bipolar,100.0,0.5-70 Hz,60 Hz,10.0,0.10102906557992614,595.9765134639644,3.595055833392405,3.5950550017399765,False,False
a4ef6a1f-6c7d-498d-b218-cc204f9bbca0,yangyangyu,432,63229,lpd,lpd,1,Other,0,False,812.7,0,1,61.205541001982056,bipolar,100.0,0.5-70 Hz,60 Hz,10.0,0.10106166818039491,593.8377783415709,3.594430186293362,3.5943340644762145,False,False
a4ef6a1f-6c7d-498d-b218-cc204f9bbca0,yangyangyu,433,46862,lpd,other,0,GPD,0,False,9357.5,0,1,59.55537500267383,bipolar,100.0,0.5-70 Hz,60 Hz,10.0,0.101092331549401,591.4297479649558,3.5937272349452405,3.593735550956348,False,False
a4ef6a1f-6c7d-498d-b218-cc204f9bbca0,yangyangyu,434,88026,lpd,grda,0,Other,0,False,2617.3,0,1,60.861624995595776,bipolar,100.0,0.5-70 Hz,60 Hz,10.0,0.10112101202443458,588.7135073578277,3.5930067175757694,3.593050033613178,False,False
a4ef6a1f-6c7d-498d-b218-cc204f9bbca0,yangyangyu,435,85408,sz,seizure,1,GPD,0,False,11444.4,0,1,47.15554200083716,bipolar,100.0,0.5-70 Hz,60 Hz,10.0,0.10109716324984208,588.6366218495368,3.591579587351226,3.592644982681172,False,False
a4ef6a1f-6c7d-498d-b218-cc204f9bbca0,yangyangyu,436,86356,lpd,gpd,0,Other,0,False,1533.6,0,1,60.662500000034925,bipolar,100.0,0.5-70 Hz,60 Hz,10.0,0.10111046930525946,585.6733824963244,3.5908116286964855,3.590919425276451,False,False
a4ef6a1f-6c7d-498d-b218-cc204f9bbca0,yangyangyu,437,36263,lpd,lrda,0,Other,0,False,884.6,0,1,59.666416003892664,bipolar,100.0,0.5-70 Hz,60 Hz,10.0,0.10112545999717443,582.7989091827975,3.589930167764174,3.590194891052033,False,False
a4ef6a1f-6c7d-498d-b218-cc204f9bbca0,yangyangyu,438,68375,lpd,lrda,0,Other,0,False,1406.6,0,1,60.340957999869715,bipolar,100.0,0.5-70 Hz,60 Hz,10.0,0.10113896279192475,579.7724544617964,3.58903872606675,3.589329767007367,False,False
a4ef6a1f-6c7d-498d-b218-cc204f9bbca0,yangyangyu,439,61619,lpd,lrda,0,GPD,0,False,5204.0,0,1,59.65762499545235,bipolar,100.0,0.5-70 Hz,60 Hz,10.0,0.10115044147012192,576.5589540250015,3.5881600726878213,3.588454870199079,False,False
a4ef6a1f-6c7d-498d-b218-cc204f9bbca0,yangyangyu,440,57534,lpd,lpd,1,Other,0,False,1758.1,0,1,61.138375000155065,bipolar,100.0,0.5-70 Hz,60 Hz,10.0,0.10115624684265695,572.8927114880681,3.5873856288165014,3.587591449226655,False,False
a4ef6a1f-6c7d-498d-b218-cc204f9bbca0,yangyangyu,441,55248,lrda,other,0,Other,0,True,935.9,0,1,47.06654100300511,bipolar,100.0,0.5-70 Hz,60 Hz,10.0,0.1012371695417214,572.640276885048,3.584641906141761,3.5870386531076437,False,False
a4ef6a1f-6c7d-498d-b218-cc204f9bbca0,yangyangyu,442,38604,lpd,gpd,0,Other,0,False,27118.0,0,1,58.92833299731137,bipolar,100.0,0.5-70 Hz,60 Hz,10.0,0.10124095614261042,568.936820392411,3.5838184563056217,3.584087458675224,False,False
a4ef6a1f-6c7d-498d-b218-cc204f9bbca0,yangyangyu,443,60416,lpd,lpd,1,Other,0,False,962.5,0,1,59.76424999971641,bipolar,100.0,0.5-70 Hz,60 Hz,10.0,0.1012450419758848,565.1916409805254,3.582965402280667,3.583277721986168,False,False
a4ef6a1f-6c7d-498d-b218-cc204f9bbca0,yangyangyu,444,88662,lpd,lpd,1,Other,0,False,1021.3,0,1,50.36116699920967,bipolar,100.0,0.5-70 Hz,60 Hz,10.0,0.10124838731827895,561.3700014731495,3.582110570538788,3.5824434259037052,False,False
a4ef6a1f-6c7d-498d-b218-cc204f9bbca0,yangyangyu,445,36665,lpd,lpd,1,Other,0,False,1165.0,0,1,58.6892089995672,bipolar,100.0,0.5-70 Hz,60 Hz,10.0,0.10125084665521011,557.4788865045688,3.5812615063460314,3.581609196000081,False,False
a4ef6a1f-6c7d-498d-b218-cc204f9bbca0,yangyangyu,446,49542,lpd,lpd,1,LPD,1,True,10775.1,0,1,58.79195799934678,bipolar,100.0,0.5-70 Hz,60 Hz,10.0,0.10102157057531508,596.3966637829067,3.5897664645133593,3.5807772534458207,False,False
a4ef6a1f-6c7d-498d-b218-cc204f9bbca0,yangyangyu,447,88615,sz,seizure,1,GPD,0,False,6022.2,0,1,45.32745799951954,bipolar,100.0,0.5-70 Hz,60 Hz,10.0,0.10104378226474703,596.2279125928711,3.5885776785696537,3.589469643431106,False,False
a4ef6a1f-6c7d-498d-b218-cc204f9bbca0,yangyangyu,448,56105,lpd,other,0,LPD,1,False,9265.7,0,1,58.11304199596634,bipolar,100.0,0.5-70 Hz,60 Hz,10.0,0.10042724265526637,520.3306557555824,3.5875477032182417,3.587950383337212,False,False
a4ef6a1f-6c7d-498d-b218-cc204f9bbca0,yangyangyu,449,87053,lrda,lrda,1,GRDA,0,False,4371.1,0,1,37.46370899898466,bipolar,100.0,0.5-70 Hz,60 Hz,10.0,0.10044282950156475,520.0567953114524,3.585205386089019,3.587268728862772,False,False
a4ef6a1f-6c7d-498d-b218-cc204f9bbca0,yangyangyu,450,68296,sz,seizure,1,LPD,0,False,4280.3,0,1,45.74408299959032,bipolar,100.0,0.5-70 Hz,60 Hz,10.0,0.10045016588310773,519.8845238272205,3.5844932466859607,3.58496068402063,False,False
a4ef6a1f-6c7d-498d-b218-cc204f9bbca0,yangyangyu,451,63424,lrda,lrda,1,Other,0,False,1672.0,0,1,45.04379200079711,bipolar,100.0,0.5-70 Hz,60 Hz,10.0,0.10046422430513036,519.5617353141847,3.5824078358947813,3.584278718993411,False,False
a4ef6a1f-6c7d-498d-b218-cc204f9bbca0,yangyangyu,452,41504,sz,seizure,1,GPD,0,False,7126.7,0,1,45.021083002211526,bipolar,100.0,0.5-70 Hz,60 Hz,10.0,0.10047150191118076,519.339622229866,3.581754661371014,3.5822023650273436,False,False
a4ef6a1f-6c7d-498d-b218-cc204f9bbca0,yangyangyu,453,69219,lrda,grda,0,Other,0,False,1703.3,0,1,37.397624997538514,bipolar,100.0,0.5-70 Hz,60 Hz,10.0,0.10048475557086906,518.9709794686592,3.579752453456737,3.581554539851345,False,False
a4ef6a1f-6c7d-498d-b218-cc204f9bbca0,yangyangyu,454,31859,sz,gpd,0,GPD,0,True,6231.6,0,1,45.95879199769115,bipolar,100.0,0.5-70 Hz,60 Hz,10.0,0.10049157432115924,518.7203986931221,3.5790795600509817,3.57957169707921,False,False
a4ef6a1f-6c7d-498d-b218-cc204f9bbca0,yangyangyu,455,86524,lrda,lrda,1,GRDA,0,False,11526.5,0,1,44.55891700490611,bipolar,100.0,0.5-70 Hz,60 Hz,10.0,0.10050428061566635,518.3201474028313,3.5771887659420614,3.5789035863849477,False,False
a4ef6a1f-6c7d-498d-b218-cc204f9bbca0,yangyangyu,456,87764,sz,seizure,1,GRDA,0,False,1437.6,0,1,43.688416000804864,bipolar,100.0,0.5-70 Hz,60 Hz,10.0,0.10051040049183729,518.0252424549033,3.57638261180207,3.57701909108127,False,False
a4ef6a1f-6c7d-498d-b218-cc204f9bbca0,yangyangyu,457,85998,lrda,lrda,1,Other,0,False,1572.3,0,1,44.32125000312226,bipolar,100.0,0.5-70 Hz,60 Hz,10.0,0.10052261613950247,517.5997940710258,3.5745683269154824,3.576220666168829,False,False
a4ef6a1f-6c7d-498d-b218-cc204f9bbca0,yangyangyu,458,88089,lrda,lrda,1,Other,0,False,761.2,0,1,45.22220899525564,bipolar,100.0,0.5-70 Hz,60 Hz,10.0,0.1005340246620775,517.1649332647996,3.5728738843907686,3.5744292173729257,False,False
a4ef6a1f-6c7d-498d-b218-cc204f9bbca0,yangyangyu,459,86795,sz,seizure,1,GRDA,0,False,6919.4,0,1,44.46745799941709,bipolar,100.0,0.5-70 Hz,60 Hz,10.0,0.10053981422488817,516.8680980917597,3.572122402645787,3.572738427697362,False,False
a4ef6a1f-6c7d-498d-b218-cc204f9bbca0,yangyangyu,460,56180,lrda,lrda,1,GRDA,0,False,1363.8,0,1,44.62716700072633,bipolar,100.0,0.5-70 Hz,60 Hz,10.0,0.10055083424551342,516.4212767001651,3.5704973364786836,3.5719949971756915,False,False
a4ef6a1f-6c7d-498d-b218-cc204f9bbca0,yangyangyu,461,47240,sz,other,0,GRDA,0,False,1331.9,0,1,43.95170800125925,bipolar,100.0,0.5-70 Hz,60 Hz,10.0,0.10055736194272513,516.1207281327149,3.5698666234170817,3.5703716929861997,False,False
a4ef6a1f-6c7d-498d-b218-cc204f9bbca0,yangyangyu,462,54440,lrda,lrda,1,Other,0,False,1504.1,0,1,44.09554100129753,bipolar,100.0,0.5-70 Hz,60 Hz,10.0,0.10056812651868668,515.6607161438016,3.5682892892607905,3.5697466662970427,False,False
a4ef6a1f-6c7d-498d-b218-cc204f9bbca0,yangyangyu,463,38946,lrda,lrda,1,Other,0,False,777.4,0,1,43.44666700490052,bipolar,100.0,0.5-70 Hz,60 Hz,10.0,0.1005784557070889,515.1936128949025,3.5667754526891757,3.568180365856655,False,False
a4ef6a1f-6c7d-498d-b218-cc204f9bbca0,yangyangyu,464,69733,lrda,lrda,1,GRDA,0,False,4423.8,0,1,44.26983300072607,bipolar,100.0,0.5-70 Hz,60 Hz,10.0,0.10058803139858852,514.7347216297995,3.5653493897756334,3.566678050973429,False,False
a4ef6a1f-6c7d-498d-b218-cc204f9bbca0,yangyangyu,465,86955,sz,other,0,Other,0,True,1658.4,0,1,43.515708995983005,bipolar,100.0,0.5-70 Hz,60 Hz,10.0,0.10059323453897456,514.4494011533233,3.5646895602257778,3.565259680286498,False,False
a4ef6a1f-6c7d-498d-b218-cc204f9bbca0,yangyangyu,466,44546,lrda,lrda,1,Other,0,False,755.1,0,1,44.28133299370529,bipolar,100.0,0.5-70 Hz,60 Hz,10.0,0.10060194466594174,514.007042329146,3.5633473205257395,3.5646011475865502,False,False
a4ef6a1f-6c7d-498d-b218-cc204f9bbca0,yangyangyu,467,85124,lrda,lrda,1,Other,0,False,811.3,0,1,43.58320799656212,bipolar,100.0,0.5-70 Hz,60 Hz,10.0,0.10061080919249327,513.5492824133736,3.5620211885564736,3.563262959999097,False,False
a4ef6a1f-6c7d-498d-b218-cc204f9bbca0,yangyangyu,468,34589,sz,seizure,1,GPD,0,False,5795.6,0,1,34.92295899923192,bipolar,100.0,0.5-70 Hz,60 Hz,10.0,0.10061566251743909,513.2708221092887,3.561389435692636,3.561946485653384,False,False
a4ef6a1f-6c7d-498d-b218-cc204f9bbca0,yangyangyu,469,43225,sz,other,0,GRDA,0,False,2729.8,0,1,43.39916699973401,bipolar,100.0,0.5-70 Hz,60 Hz,10.0,0.10062096860231118,513.01069688064,3.5608905458325504,3.561323694977636,False,False
a4ef6a1f-6c7d-498d-b218-cc204f9bbca0,yangyangyu,470,51200,lrda,lrda,1,Other,0,False,1362.8,0,1,42.29875000601169,bipolar,100.0,0.5-70 Hz,60 Hz,10.0,0.10062901989550693,512.5909197936066,3.559705394839235,3.5608251620688285,False,False
a4ef6a1f-6c7d-498d-b218-cc204f9bbca0,yangyangyu,471,37894,sz,gpd,0,GRDA,0,False,1539.4,0,1,42.68466700159479,bipolar,100.0,0.5-70 Hz,60 Hz,10.0,0.10063421321019411,512.3198167222718,3.559166430880324,3.559641587375554,False,False
a4ef6a1f-6c7d-498d-b218-cc204f9bbca0,yangyangyu,472,51681,lrda,lrda,1,Other,0,False,1730.1,0,1,43.08241599937901,bipolar,100.0,0.5-70 Hz,60 Hz,10.0,0.1006420713655588,511.90183421845893,3.558013950115426,3.559104315467324,False,False
a4ef6a1f-6c7d-498d-b218-cc204f9bbca0,yangyangyu,473,84820,sz,gpd,0,GPD,0,True,4865.6,0,1,37.87033299886389,bipolar,100.0,0.5-70 Hz,60 Hz,10.0,0.10064691763682565,511.62019291139995,3.5574351367116925,3.5579543292033238,False,False
a4ef6a1f-6c7d-498d-b218-cc204f9bbca0,yangyangyu,474,62275,lrda,other,0,GPD,0,False,12545.8,0,1,43.07062499719905,bipolar,100.0,0.5-70 Hz,60 Hz,10.0,0.10065434792564104,511.2125142126909,3.5563274455794227,3.5573763022128206,False,False
a4ef6a1f-6c7d-498d-b218-cc204f9bbca0,yangyangyu,475,88779,sz,seizure,1,GPD,0,False,3657.3,0,1,36.742749995028134,bipolar,100.0,0.5-70 Hz,60 Hz,10.0,0.10065924403841214,510.9297291339737,3.5557607714792843,3.5562712629818485,False,False
a4ef6a1f-6c7d-498d-b218-cc204f9bbca0,yangyangyu,476,36902,lrda,lrda,1,LPD,0,False,4424.2,0,1,42.676625002059154,bipolar,100.0,0.5-70 Hz,60 Hz,10.0,0.10066626538051676,510.5437002503372,3.5547366097367687,3.5557122039617877,False,False
a4ef6a1f-6c7d-498d-b218-cc204f9bbca0,yangyangyu,477,53763,sz,gpd,0,GRDA,0,False,3453.5,0,1,42.260750000423286,bipolar,100.0,0.5-70 Hz,60 Hz,10.0,0.10067108715104817,510.290973363726,3.554269221546607,3.55469144452315,False,False
a4ef6a1f-6c7d-498d-b218-cc204f9bbca0,yangyangyu,478,38832,lrda,other,0,Other,0,True,1529.3,0,1,42.89925000193762,bipolar,100.0,0.5-70 Hz,60 Hz,10.0,0.10067768162662016,509.92015911867014,3.553297340651965,3.5542247653038723,False,False
a4ef6a1f-6c7d-498d-b218-cc204f9bbca0,yangyangyu,479,88393,sz,lrda,0,Other,0,False,1150.6,0,1,43.29379100090591,bipolar,100.0,0.5-70 Hz,60 Hz,10.0,0.10068220392322241,509.6553015393057,3.5527805897861935,3.5532538597135286,False,False
a4ef6a1f-6c7d-498d-b218-cc204f9bbca0,yangyangyu,480,27924,sz,other,0,Other,0,True,3011.3,0,1,41.72779099462787,bipolar,100.0,0.5-70 Hz,60 Hz,10.0,0.10068740148099159,509.39119992248783,3.552377042385773,3.5527387081463075,False,False
a4ef6a1f-6c7d-498d-b218-cc204f9bbca0,yangyangyu,481,51952,lrda,lrda,1,Other,0,False,1768.0,0,1,41.195625002728775,bipolar,100.0,0.5-70 Hz,60 Hz,10.0,0.10069409076522973,509.0197271233878,3.5514224871038724,3.5523360808085696,False,False
a4ef6a1f-6c7d-498d-b218-cc204f9bbca0,yangyangyu,482,87290,sz,gpd,0,GPD,0,True,13289.7,0,1,42.28062499896623,bipolar,100.0,0.5-70 Hz,60 Hz,10.0,0.10069868622582506,508.7499809750726,3.5509122954611705,3.5513818311192273,False,False
a4ef6a1f-6c7d-498d-b218-cc204f9bbca0,yangyangyu,483,85411,lrda,lrda,1,Other,0,False,1583.1,0,1,41.8698339999537,bipolar,100.0,0.5-70 Hz,60 Hz,10.0,0.1007052121172437,508.3840457938646,3.549984775321532,3.550873054188506,False,False
a4ef6a1f-6c7d-498d-b218-cc204f9bbca0,yangyangyu,484,84705,lrda,lrda,1,Other,0,False,1367.7,0,1,42.33879200182855,bipolar,100.0,0.5-70 Hz,60 Hz,10.0,0.10071147078601689,508.02603345062215,3.5490906294482674,3.549948386072777,False,False
a4ef6a1f-6c7d-498d-b218-cc204f9bbca0,yangyangyu,485,86946,lrda,lrda,1,LPD,0,False,9909.3,0,1,42.260292000719346,bipolar,100.0,0.5-70 Hz,60 Hz,10.0,0.1007173600944215,507.6826824002836,3.5482439655069475,3.549058223339617,False,False
a4ef6a1f-6c7d-498d-b218-cc204f9bbca0,yangyangyu,486,88676,sz,grda,0,Other,0,False,1912.0,0,1,41.84862499823794,bipolar,100.0,0.5-70 Hz,60 Hz,10.0,0.10072162362927378,507.4389023577563,3.5477830796560323,3.5482120053465707,False,False
a4ef6a1f-6c7d-498d-b218-cc204f9bbca0,yangyangyu,487,49990,sz,grda,0,GRDA,0,True,2011.2,0,1,35.39745900343405,bipolar,100.0,0.5-70 Hz,60 Hz,10.0,0.10072630695507678,507.1277697084768,3.54734764274901,3.547752071507842,False,False
a4ef6a1f-6c7d-498d-b218-cc204f9bbca0,yangyangyu,488,87220,lrda,lrda,1,Other,0,False,5716.6,0,1,41.97162499622209,bipolar,100.0,0.5-70 Hz,60 Hz,10.0,0.10073193743389747,506.80057727012183,3.5465471210593185,3.5473189040844226,False,False
a4ef6a1f-6c7d-498d-b218-cc204f9bbca0,yangyangyu,489,87083,sz,grda,0,Other,0,False,3207.3,0,1,40.12970899930224,bipolar,100.0,0.5-70 Hz,60 Hz,10.0,0.1007361539350019,506.55979134833746,3.5461018324900513,3.5465184042024727,False,False
a4ef6a1f-6c7d-498d-b218-cc204f9bbca0,yangyangyu,490,48443,lrda,lrda,1,Other,0,False,906.7,0,1,41.43820799799869,bipolar,100.0,0.5-70 Hz,60 Hz,10.0,0.10074165265998758,506.2385656880396,3.5453235104221497,3.546075061106992,False,False
a4ef6a1f-6c7d-498d-b218-cc204f9bbca0,yangyangyu,491,87483,sz,grda,0,LPD,0,False,11273.0,0,1,41.198791994247586,bipolar,100.0,0.5-70 Hz,60 Hz,10.0,0.10074591066487953,506.0052553659926,3.5449020460572163,3.5452968575734327,False,False
a4ef6a1f-6c7d-498d-b218-cc204f9bbca0,yangyangyu,492,88264,lrda,lrda,1,Other,0,False,1405.2,0,1,40.35187500267057,bipolar,100.0,0.5-70 Hz,60 Hz,10.0,0.10075125824574949,505.6912637360183,3.5441480546760875,3.5448765899883345,False,False
a4ef6a1f-6c7d-498d-b218-cc204f9bbca0,yangyangyu,493,88551,sz,gpd,0,GRDA,0,False,9086.6,0,1,40.579666005214676,bipolar,100.0,0.5-70 Hz,60 Hz,10.0,0.10075533165913236,505.4635713928941,3.5437334907313467,3.5441239172301415,False,False
a4ef6a1f-6c7d-498d-b218-cc204f9bbca0,yangyangyu,494,22837,sz,seizure,1,GPD,0,False,6852.2,0,1,40.65637499297736,bipolar,100.0,0.5-70 Hz,60 Hz,10.0,0.10075925749205372,505.23196699969054,3.5433073432122413,3.5437100757925304,False,False
a4ef6a1f-6c7d-498d-b218-cc204f9bbca0,yangyangyu,495,85342,lrda,lrda,1,Other,0,False,1601.4,0,1,40.82245899917325,bipolar,100.0,0.5-70 Hz,60 Hz,10.0,0.10076419369331724,504.9433523629501,3.5426172744211986,3.5432864539187183,False,False
a4ef6a1f-6c7d-498d-b218-cc204f9bbca0,yangyangyu,496,88037,sz,gpd,0,Other,0,False,2139.8,0,1,40.546040996559896,bipolar,100.0,0.5-70 Hz,60 Hz,10.0,0.10076809632653,504.7285079240554,3.5422327457157454,3.5425969094425493,False,False
a4ef6a1f-6c7d-498d-b218-cc204f9bbca0,yangyangyu,497,88024,sz,gpd,0,GRDA,0,False,2970.0,0,1,41.077624999161344,bipolar,100.0,0.5-70 Hz,60 Hz,10.0,0.1007718476294065,504.5178940945327,3.541854977489444,3.5422139466699902,False,False
a4ef6a1f-6c7d-498d-b218-cc204f9bbca0,yangyangyu,498,86261,lrda,lrda,1,GRDA,0,False,1784.4,0,1,39.52441699948395,bipolar,100.0,0.5-70 Hz,60 Hz,10.0,0.10077650131225507,504.2470216778983,3.5412101276619565,3.5418369079654948,False,False
a4ef6a1f-6c7d-498d-b218-cc204f9bbca0,yangyangyu,499,87400,lrda,lrda,1,GRDA,0,False,1455.9,0,1,40.416165997157805,bipolar,100.0,0.5-70 Hz,60 Hz,10.0,0.10078087891567228,503.98915412858935,3.5406001101701037,3.5411941629995494,False,False
