session_id,trial_index,seg_id,task_code,pattern_class_true,target_present,response_label,response_y,is_correct,reaction_time_ms,answer_changes,n_interactions,select_ms,montage,gain_uv,bandpass,notch,window_s,max_hw,ess,total_var,expected_loss_chosen,rejuv,post_decision
52171b84-f8b2-4291-b6b2-824ec0206fbf,0,9949,spike,spike,0,No (no spike),0,True,1401.3,0,11,148.2196063068898,bipolar,100.0,0.5-70 Hz,60 Hz,10.0,0.1743115951222567,458.3688333542478,13.537772571877525,13.50691087619199,False,False
52171b84-f8b2-4291-b6b2-824ec0206fbf,1,6465,spike,spike,0,No (no spike),0,True,1701.3,0,6,44.709481500106804,bipolar,100.0,0.5-70 Hz,60 Hz,10.0,0.17407171689979561,364.0721068115961,13.393047380083274,13.338637006178384,False,False
52171b84-f8b2-4291-b6b2-824ec0206fbf,2,4755,spike,spike,0,No (no spike),0,True,1896.8,0,14,51.681724331447484,bipolar,100.0,0.5-70 Hz,60 Hz,10.0,0.1699319361306531,599.9999999999999,13.12697349741475,13.226228247527395,True,False
52171b84-f8b2-4291-b6b2-824ec0206fbf,3,9748,spike,spike,0,No (no spike),0,True,4163.9,0,10,140.04860462386978,bipolar,100.0,0.5-70 Hz,60 Hz,10.0,0.16904331060913752,578.7060718964948,13.03058739040927,13.001373150219932,False,False
52171b84-f8b2-4291-b6b2-824ec0206fbf,4,7949,spike,spike,0,No (no spike),0,True,2545.1,0,6,50.65885669383712,bipolar,100.0,0.5-70 Hz,60 Hz,10.0,0.17009699009604318,535.4250197789931,12.944904473930524,12.936111953115681,False,False
52171b84-f8b2-4291-b6b2-824ec0206fbf,5,8146,spike,spike,1,Yes (spike present),1,True,1808.8,0,9,56.76084920579395,bipolar,100.0,0.5-70 Hz,60 Hz,10.0,0.17075931729504162,445.0123052629598,12.794020434143128,12.862713975844734,False,False
52171b84-f8b2-4291-b6b2-824ec0206fbf,6,472,spike,spike,0,No (no spike),0,True,1564.5,0,15,55.8472547246115,bipolar,100.0,0.5-70 Hz,60 Hz,10.0,0.17069432126724615,413.0514920160936,12.713575187046953,12.714555483703798,False,False
52171b84-f8b2-4291-b6b2-824ec0206fbf,7,6130,spike,spike,0,Yes (spike present),1,False,2437.2,0,7,47.845384264253454,bipolar,100.0,0.5-70 Hz,60 Hz,10.0,0.1750303095278551,375.44836757460683,12.723038530055709,12.656507266443326,False,False
52171b84-f8b2-4291-b6b2-824ec0206fbf,8,3027,spike,spike,0,Yes (spike present),1,False,5583.5,0,13,161.18354203943298,bipolar,100.0,0.5-70 Hz,60 Hz,10.0,0.17727348198703163,599.9999999999999,12.686313961424624,12.646516086527,True,False
52171b84-f8b2-4291-b6b2-824ec0206fbf,9,1230,spike,spike,0,No (no spike),0,True,4085.7,0,15,10.169933331883017,bipolar,100.0,0.5-70 Hz,60 Hz,10.0,0.1773099697246594,586.9995005415609,12.666207846199004,12.636138433383236,False,False
52171b84-f8b2-4291-b6b2-824ec0206fbf,10,11067,spike,spike,1,Yes (spike present),1,True,3375.3,0,9,13.153616687489961,bipolar,100.0,0.5-70 Hz,60 Hz,10.0,0.17712581501850216,553.3895180954817,12.610989368309015,12.616718506492322,False,False
52171b84-f8b2-4291-b6b2-824ec0206fbf,11,6489,spike,spike,1,Yes (spike present),1,True,1900.8,0,8,43.13300953009924,bipolar,100.0,0.5-70 Hz,60 Hz,10.0,0.17691707801359385,488.6994870247403,12.543796487394047,12.564225000693897,False,False
52171b84-f8b2-4291-b6b2-824ec0206fbf,12,1417,spike,spike,0,Yes (spike present),1,False,1792.0,0,12,64.64850750536048,bipolar,100.0,0.5-70 Hz,60 Hz,10.0,0.17467654841082192,442.75510107424725,12.416337582213668,12.498032760389389,False,False
52171b84-f8b2-4291-b6b2-824ec0206fbf,13,11870,spike,spike,1,No (no spike),0,False,1930.1,0,9,40.150452454936236,bipolar,100.0,0.5-70 Hz,60 Hz,10.0,0.17902219395585273,439.67321884559067,12.478819228980043,12.377500899301664,False,False
52171b84-f8b2-4291-b6b2-824ec0206fbf,14,12318,spike,spike,1,Yes (spike present),1,True,1387.0,0,14,79.81826964742058,bipolar,100.0,0.5-70 Hz,60 Hz,10.0,0.1769882936927103,451.87600318613124,12.42785487939035,12.448610959309583,False,False
52171b84-f8b2-4291-b6b2-824ec0206fbf,15,12089,spike,spike,1,Yes (spike present),1,True,2179.4,0,11,88.35940308890628,bipolar,100.0,0.5-70 Hz,60 Hz,10.0,0.17501351906389184,446.6955269376923,12.370472212486955,12.398411899569366,False,False
52171b84-f8b2-4291-b6b2-824ec0206fbf,16,14082,spike,spike,1,Yes (spike present),1,True,3852.2,0,5,172.86588350942594,bipolar,100.0,0.5-70 Hz,60 Hz,10.0,0.1740088784394544,428.31230665402535,12.31018712262225,12.343432908739672,False,False
52171b84-f8b2-4291-b6b2-824ec0206fbf,17,10551,spike,spike,1,No (no spike),0,False,4034.6,0,13,36.67874366779689,bipolar,100.0,0.5-70 Hz,60 Hz,10.0,0.17808693116901114,439.78206050125254,12.370159659221361,12.284967971689884,False,False
52171b84-f8b2-4291-b6b2-824ec0206fbf,18,851,spike,spike,0,No (no spike),0,True,5021.4,0,11,45.909025551430794,bipolar,100.0,0.5-70 Hz,60 Hz,10.0,0.17870199210501575,471.353501376005,12.400149283382298,12.349278422098761,False,False
52171b84-f8b2-4291-b6b2-824ec0206fbf,19,9345,spike,spike,1,No (no spike),0,False,2221.6,0,11,98.09481045473181,bipolar,100.0,0.5-70 Hz,60 Hz,10.0,0.18062147943961077,444.957639496719,12.44334806705509,12.380773868890962,False,False
52171b84-f8b2-4291-b6b2-824ec0206fbf,20,46278,iic,lrda,0,Other,1,False,1651.5,0,9,38.66309781327355,bipolar,100.0,0.5-70 Hz,60 Hz,10.0,0.173073529971717,349.9526222495084,12.069479098789268,12.105281301499575,False,False
52171b84-f8b2-4291-b6b2-824ec0206fbf,21,68953,sz,lrda,0,GPD,0,False,5062.5,0,12,150.5733098170743,bipolar,100.0,0.5-70 Hz,60 Hz,10.0,0.18356471624622972,599.9999999999999,11.998860036262556,11.754654659644066,True,False
52171b84-f8b2-4291-b6b2-824ec0206fbf,22,33250,grda,seizure,0,Seizure,0,True,10910.9,0,12,161.72007511430022,bipolar,100.0,0.5-70 Hz,60 Hz,10.0,0.18440881415822352,415.9294492615045,11.943949008465598,11.69392789430076,False,False
52171b84-f8b2-4291-b6b2-824ec0206fbf,23,55193,gpd,lrda,0,GPD,1,False,2619.9,0,11,12.963711038259834,bipolar,100.0,0.5-70 Hz,60 Hz,10.0,0.18374347608759029,324.3319239624635,11.521316551687258,11.657670128112162,False,False
52171b84-f8b2-4291-b6b2-824ec0206fbf,24,36453,grda,lrda,0,GRDA,1,False,3641.8,0,18,45.58081286698895,bipolar,100.0,0.5-70 Hz,60 Hz,10.0,0.1850794036214496,330.6045205670058,11.01395192235542,11.284214104944665,False,False
52171b84-f8b2-4291-b6b2-824ec0206fbf,25,56031,gpd,lpd,0,GRDA,0,False,1792.3,0,14,9.520238678693831,bipolar,100.0,0.5-70 Hz,60 Hz,10.0,0.18104040791685688,599.9999999999999,10.726348696964788,10.794904551064715,True,False
52171b84-f8b2-4291-b6b2-824ec0206fbf,26,47245,iic,seizure,0,Other,1,False,2390.0,0,18,137.56622922459312,bipolar,100.0,0.5-70 Hz,60 Hz,10.0,0.1807456832482654,561.0752035439376,10.586920624108533,10.5282358602099,False,False
52171b84-f8b2-4291-b6b2-824ec0206fbf,27,68639,sz,lrda,0,Seizure,1,False,2092.7,0,10,55.24067145005566,bipolar,100.0,0.5-70 Hz,60 Hz,10.0,0.18054074632562306,344.06202968570193,10.292017360197246,10.382425025124158,False,False
52171b84-f8b2-4291-b6b2-824ec0206fbf,28,22801,iic,seizure,0,LRDA,0,False,3524.1,0,16,72.68561714691484,bipolar,100.0,0.5-70 Hz,60 Hz,10.0,0.1836361514983198,599.9999999999999,10.209642485852893,10.111599052851586,True,False
52171b84-f8b2-4291-b6b2-824ec0206fbf,29,68822,lrda,seizure,0,LRDA,1,False,5263.3,0,8,6.202914251881383,bipolar,100.0,0.5-70 Hz,60 Hz,10.0,0.18473542129452342,493.36360450748896,10.00936747426762,10.036792394733375,False,False
52171b84-f8b2-4291-b6b2-824ec0206fbf,30,36215,lrda,grda,0,LPD,0,False,2503.9,0,10,49.16507479866322,bipolar,100.0,0.5-70 Hz,60 Hz,10.0,0.1842556674381185,432.8320423574722,9.850868189537833,9.837954847285921,False,False
52171b84-f8b2-4291-b6b2-824ec0206fbf,31,36886,lpd,lpd,1,GRDA,0,False,2673.9,0,18,114.39951800154236,bipolar,100.0,0.5-70 Hz,60 Hz,10.0,0.18152585441385277,599.9999999999999,9.828977739857507,9.706864307087068,True,False
52171b84-f8b2-4291-b6b2-824ec0206fbf,32,22226,lpd,seizure,0,Other,0,False,3664.1,0,15,10.864745100681299,bipolar,100.0,0.5-70 Hz,60 Hz,10.0,0.18139354967208077,577.7314220579726,9.743236368669756,9.71296035348158,False,False
52171b84-f8b2-4291-b6b2-824ec0206fbf,33,27863,lpd,seizure,0,LRDA,0,False,4310.8,0,12,158.30525567091442,bipolar,100.0,0.5-70 Hz,60 Hz,10.0,0.1824663307756843,519.426735368662,9.63864904798156,9.622146399357451,False,False
52171b84-f8b2-4291-b6b2-824ec0206fbf,34,51038,lpd,seizure,0,LPD,1,False,1796.8,0,12,137.67975863744658,bipolar,100.0,0.5-70 Hz,60 Hz,10.0,0.18056712952651344,554.906938331525,9.507797973695865,9.516761126421125,False,False
52171b84-f8b2-4291-b6b2-824ec0206fbf,35,33277,sz,seizure,1,Seizure,1,True,1150.7,0,9,10.415021035903672,bipolar,100.0,0.5-70 Hz,60 Hz,10.0,0.1801749105922849,540.4687909969886,9.4408024735685,9.420124774206064,False,False
52171b84-f8b2-4291-b6b2-824ec0206fbf,36,49891,grda,grda,1,GRDA,1,True,1509.5,0,7,25.555925185650175,bipolar,100.0,0.5-70 Hz,60 Hz,10.0,0.1797484602351513,526.4248865647805,9.334081170955843,9.354758373439324,False,False
52171b84-f8b2-4291-b6b2-824ec0206fbf,37,36177,sz,seizure,1,Seizure,1,True,6109.6,0,16,56.3069929891484,bipolar,100.0,0.5-70 Hz,60 Hz,10.0,0.18094586355037728,484.7043809494146,9.263691496963578,9.246838605422987,False,False
52171b84-f8b2-4291-b6b2-824ec0206fbf,38,68697,lrda,lrda,1,LRDA,1,True,2528.9,0,16,51.03376677187159,bipolar,100.0,0.5-70 Hz,60 Hz,10.0,0.1815879556908095,463.2751039252051,9.155860981408647,9.178146828791782,False,False
52171b84-f8b2-4291-b6b2-824ec0206fbf,39,33572,lrda,seizure,0,LPD,0,False,1993.9,0,12,100.52299159791801,bipolar,100.0,0.5-70 Hz,60 Hz,10.0,0.1804718556276802,428.17142949421924,9.007417268741488,9.071001827200721,False,False
52171b84-f8b2-4291-b6b2-824ec0206fbf,40,63406,gpd,gpd,1,GPD,1,True,5107.6,0,16,40.17116223775774,bipolar,100.0,0.5-70 Hz,60 Hz,10.0,0.17917904415198393,405.87206517812365,8.975769401635123,8.923936290357085,False,False
52171b84-f8b2-4291-b6b2-824ec0206fbf,41,70220,gpd,lrda,0,GPD,1,False,1422.0,0,4,133.7219039482273,bipolar,100.0,0.5-70 Hz,60 Hz,10.0,0.18414886486995896,319.8068994387791,9.172623549760813,8.89060621170666,False,False
52171b84-f8b2-4291-b6b2-824ec0206fbf,42,40101,gpd,gpd,1,GPD,1,True,2890.4,0,18,14.240149456692993,bipolar,100.0,0.5-70 Hz,60 Hz,10.0,0.17973529971876245,599.9999999999999,8.674409115185945,9.071093612532867,True,False
52171b84-f8b2-4291-b6b2-824ec0206fbf,43,67611,gpd,gpd,1,GPD,1,True,2649.7,0,8,40.804285885563985,bipolar,100.0,0.5-70 Hz,60 Hz,10.0,0.17813012579410215,583.937937001597,8.647506345726551,8.590428722992044,False,False
52171b84-f8b2-4291-b6b2-824ec0206fbf,44,56839,iic,other,1,Seizure,0,False,1740.1,0,12,47.351210759928264,bipolar,100.0,0.5-70 Hz,60 Hz,10.0,0.17884638779521428,377.65527426110054,8.519839768240113,8.568235480750138,False,False
52171b84-f8b2-4291-b6b2-824ec0206fbf,45,54027,grda,seizure,0,LRDA,0,False,2047.4,0,14,77.75024982887223,bipolar,100.0,0.5-70 Hz,60 Hz,10.0,0.17741502721247426,363.8119025202937,8.49664044482887,8.427596863637415,False,False
52171b84-f8b2-4291-b6b2-824ec0206fbf,46,55346,grda,lrda,0,LPD,0,False,2048.6,0,13,71.36302963300189,bipolar,100.0,0.5-70 Hz,60 Hz,10.0,0.1765552778076105,323.7549024387644,8.454220163202894,8.404161803337313,False,False
52171b84-f8b2-4291-b6b2-824ec0206fbf,47,45563,grda,gpd,0,Seizure,0,False,2612.0,0,10,136.44716253650478,bipolar,100.0,0.5-70 Hz,60 Hz,10.0,0.17395694659871946,599.9999999999999,7.994947621074436,8.364974575872715,True,False
52171b84-f8b2-4291-b6b2-824ec0206fbf,48,40008,lrda,lrda,1,LRDA,1,True,1423.6,0,21,111.02806324315131,bipolar,100.0,0.5-70 Hz,60 Hz,10.0,0.17175550410910684,586.6901999651927,7.86965064051404,7.923725394743245,False,False
52171b84-f8b2-4291-b6b2-824ec0206fbf,49,65668,lrda,other,0,LPD,0,False,2111.1,0,14,44.59474880945444,bipolar,100.0,0.5-70 Hz,60 Hz,10.0,0.16765259629660595,551.6157975655174,7.7110666357785185,7.7977180128066585,False,False
52171b84-f8b2-4291-b6b2-824ec0206fbf,50,59725,grda,grda,1,GRDA,1,True,2977.3,0,11,102.03516985416276,bipolar,100.0,0.5-70 Hz,60 Hz,10.0,0.1680289005243472,517.7114899540046,7.615445510539116,7.6393696539051605,False,False
52171b84-f8b2-4291-b6b2-824ec0206fbf,51,25399,lrda,seizure,0,GPD,0,False,2597.3,0,5,119.68515044973614,bipolar,100.0,0.5-70 Hz,60 Hz,10.0,0.16781119220028068,459.85876222979374,7.455336894273042,7.549582269359015,False,False
52171b84-f8b2-4291-b6b2-824ec0206fbf,52,40564,grda,grda,1,GPD,0,False,2967.8,0,11,5.638543681223624,bipolar,100.0,0.5-70 Hz,60 Hz,10.0,0.16922190884749716,392.3216358721163,7.47237203823607,7.3901665912453804,False,False
52171b84-f8b2-4291-b6b2-824ec0206fbf,53,31011,grda,seizure,0,Other,0,False,11736.0,0,16,156.98414356498398,bipolar,100.0,0.5-70 Hz,60 Hz,10.0,0.16932081609184968,383.4320176482458,7.373970187410768,7.410452837442515,False,False
52171b84-f8b2-4291-b6b2-824ec0206fbf,54,69772,sz,seizure,1,Seizure,1,True,2147.6,0,14,12.32238154147958,bipolar,100.0,0.5-70 Hz,60 Hz,10.0,0.16951458161082728,370.84304796302854,7.353094431643447,7.314173557205992,False,False
52171b84-f8b2-4291-b6b2-824ec0206fbf,55,46932,gpd,gpd,1,LRDA,0,False,2351.8,0,11,50.71449379282359,bipolar,100.0,0.5-70 Hz,60 Hz,10.0,0.16952677281684092,599.9999999999999,7.609006680533952,7.292192781828587,True,False
52171b84-f8b2-4291-b6b2-824ec0206fbf,56,22123,lrda,seizure,0,Other,0,False,7844.1,0,13,162.25150638584464,bipolar,100.0,0.5-70 Hz,60 Hz,10.0,0.16625300573579915,579.7875971024511,7.460714109679117,7.5411188233348,False,False
52171b84-f8b2-4291-b6b2-824ec0206fbf,57,57436,lrda,lrda,1,GPD,0,False,6635.7,0,15,44.030611910866774,bipolar,100.0,0.5-70 Hz,60 Hz,10.0,0.16850907362271195,399.8373815460435,7.912806596458126,7.395004613476019,False,False
52171b84-f8b2-4291-b6b2-824ec0206fbf,58,52296,lrda,gpd,0,GRDA,0,False,6653.9,0,14,14.209916095482377,bipolar,100.0,0.5-70 Hz,60 Hz,10.0,0.16941959305806414,350.86718419868964,7.835583417169078,7.831085660111183,False,False
52171b84-f8b2-4291-b6b2-824ec0206fbf,59,43389,lrda,grda,0,Other,0,False,2334.3,0,11,11.67717188078611,bipolar,100.0,0.5-70 Hz,60 Hz,10.0,0.17342460085511957,599.9999999999999,7.710788439337642,7.760641144420282,True,False
52171b84-f8b2-4291-b6b2-824ec0206fbf,60,32585,sz,seizure,1,Seizure,1,True,4218.9,0,11,51.61102740852858,bipolar,100.0,0.5-70 Hz,60 Hz,10.0,0.1703818837097556,580.8220536440274,7.60002942664293,7.632295595880331,False,False
52171b84-f8b2-4291-b6b2-824ec0206fbf,61,32715,sz,seizure,1,Seizure,1,True,2112.3,0,7,10.433719816474335,bipolar,100.0,0.5-70 Hz,60 Hz,10.0,0.16770741290699737,529.6708206122306,7.503095679243847,7.529580506828651,False,False
52171b84-f8b2-4291-b6b2-824ec0206fbf,62,53019,lrda,lpd,0,GPD,0,False,2376.5,0,12,148.16785842144563,bipolar,100.0,0.5-70 Hz,60 Hz,10.0,0.16514023599433614,507.37157935167664,7.446153252076225,7.438846946387895,False,False
52171b84-f8b2-4291-b6b2-824ec0206fbf,63,35353,sz,lrda,0,LPD,0,False,4742.9,0,9,143.77681715330183,bipolar,100.0,0.5-70 Hz,60 Hz,10.0,0.1642561906174222,483.0640162458166,7.249914906705591,7.380327196118257,False,False
52171b84-f8b2-4291-b6b2-824ec0206fbf,64,48271,lrda,seizure,0,GRDA,0,False,6279.2,0,9,49.153677987986995,bipolar,100.0,0.5-70 Hz,60 Hz,10.0,0.16275720780011377,427.6470390787941,7.197973757877737,7.190600076814531,False,False
52171b84-f8b2-4291-b6b2-824ec0206fbf,65,63650,lrda,seizure,0,LRDA,1,False,1756.7,0,14,110.48977375648998,bipolar,100.0,0.5-70 Hz,60 Hz,10.0,0.16729091225961856,469.0517037786835,7.112104875253072,7.1404193743283955,False,False
52171b84-f8b2-4291-b6b2-824ec0206fbf,66,41096,grda,grda,1,GRDA,1,True,1960.6,0,10,48.71611804751663,bipolar,100.0,0.5-70 Hz,60 Hz,10.0,0.16193759549510417,455.4657159746478,7.001322077614644,7.054917557781273,False,False
52171b84-f8b2-4291-b6b2-824ec0206fbf,67,26068,sz,seizure,1,GRDA,0,False,1238.0,0,8,70.77168259068887,bipolar,100.0,0.5-70 Hz,60 Hz,10.0,0.1636893845855199,446.5473551824496,7.088023601294161,6.945043324043766,False,False
52171b84-f8b2-4291-b6b2-824ec0206fbf,68,57261,sz,lrda,0,Seizure,1,False,3752.4,0,8,54.676242173166614,bipolar,100.0,0.5-70 Hz,60 Hz,10.0,0.16190802448475083,422.9585981714497,7.240752974673207,7.0311541236124055,False,False
52171b84-f8b2-4291-b6b2-824ec0206fbf,69,69036,sz,seizure,1,Seizure,1,True,4366.1,0,10,150.50779423511278,bipolar,100.0,0.5-70 Hz,60 Hz,10.0,0.16174491563262255,437.7537970741817,7.131369720051522,7.190880512671748,False,False
52171b84-f8b2-4291-b6b2-824ec0206fbf,70,56547,grda,grda,1,LPD,0,False,2304.9,0,8,8.416877098193607,bipolar,100.0,0.5-70 Hz,60 Hz,10.0,0.16485296264258764,336.3853586294975,7.2721140967172495,7.082453784230443,False,False
52171b84-f8b2-4291-b6b2-824ec0206fbf,71,22740,grda,seizure,0,GPD,0,False,2336.8,0,12,148.05527432967054,bipolar,100.0,0.5-70 Hz,60 Hz,10.0,0.15409089333460058,340.28705438092027,7.1633401212503545,7.219924391496979,False,False
52171b84-f8b2-4291-b6b2-824ec0206fbf,72,40992,iic,gpd,0,Seizure,0,False,3910.0,0,10,145.7228019507243,bipolar,100.0,0.5-70 Hz,60 Hz,10.0,0.153624656711416,324.1269326929331,7.043189475224386,7.117376938397184,False,False
52171b84-f8b2-4291-b6b2-824ec0206fbf,73,63199,iic,lpd,0,Other,1,False,2070.9,0,12,38.869810874182676,bipolar,100.0,0.5-70 Hz,60 Hz,10.0,0.1594442453438068,318.2520967773081,7.2084528102810745,6.9962211870747035,False,False
52171b84-f8b2-4291-b6b2-824ec0206fbf,74,39796,grda,other,0,LPD,0,False,2490.5,0,9,76.47239719850846,bipolar,100.0,0.5-70 Hz,60 Hz,10.0,0.15590224663077612,311.3766590114192,7.1098931361648425,7.161728985721676,False,False
52171b84-f8b2-4291-b6b2-824ec0206fbf,75,69015,sz,seizure,1,Seizure,1,True,6335.3,0,14,95.20211900044424,bipolar,100.0,0.5-70 Hz,60 Hz,10.0,0.15879406189184891,318.44881949945164,7.025881895006238,7.062141082831411,False,False
52171b84-f8b2-4291-b6b2-824ec0206fbf,76,66608,lpd,lpd,1,LPD,1,True,20008.4,0,11,79.2684575982858,bipolar,100.0,0.5-70 Hz,60 Hz,10.0,0.15565595728318327,310.97773244729274,7.015301855504665,6.982130369497414,False,False
52171b84-f8b2-4291-b6b2-824ec0206fbf,77,56622,lpd,lpd,1,LPD,1,True,7130.1,0,11,10.61379446817349,bipolar,100.0,0.5-70 Hz,60 Hz,10.0,0.15337588294434223,599.9999999999999,6.893238547865186,6.965132045745774,True,False
52171b84-f8b2-4291-b6b2-824ec0206fbf,78,42042,lpd,lpd,1,GPD,0,False,2456.2,0,9,52.30584213442867,bipolar,100.0,0.5-70 Hz,60 Hz,10.0,0.15525248240268624,487.95154241449984,6.8936540186482205,6.842939442914409,False,False
52171b84-f8b2-4291-b6b2-824ec0206fbf,79,87122,sz,seizure,1,LPD,0,False,13521.2,0,3,149.67654621403716,bipolar,100.0,0.5-70 Hz,60 Hz,10.0,0.15148868234139068,313.36600864697914,7.088487145604391,6.849147151047466,False,False
52171b84-f8b2-4291-b6b2-824ec0206fbf,80,70791,grda,gpd,0,Seizure,0,False,1996.1,0,11,39.41636630380706,bipolar,100.0,0.5-70 Hz,60 Hz,10.0,0.15105642731680896,307.8116949578491,7.00212585970625,7.042176172983405,False,False
52171b84-f8b2-4291-b6b2-824ec0206fbf,81,47249,grda,seizure,0,GRDA,1,False,1882.2,0,8,47.944555487478425,bipolar,100.0,0.5-70 Hz,60 Hz,10.0,0.14486786268969748,599.9999999999999,6.829527369193134,6.961219595112544,True,False
52171b84-f8b2-4291-b6b2-824ec0206fbf,82,84740,sz,seizure,1,Seizure,1,True,1960.1,0,14,138.96630719480433,bipolar,100.0,0.5-70 Hz,60 Hz,10.0,0.14419195489202014,586.1339887825682,6.710064581609143,6.790622790258309,False,False
52171b84-f8b2-4291-b6b2-824ec0206fbf,83,34502,lpd,seizure,0,Other,0,False,3256.6,0,20,150.08378816493428,bipolar,100.0,0.5-70 Hz,60 Hz,10.0,0.14130953259749596,568.2181848347535,6.65513219226885,6.674291382913278,False,False
52171b84-f8b2-4291-b6b2-824ec0206fbf,84,55983,lpd,gpd,0,GRDA,0,False,1368.6,0,15,153.9055098108077,bipolar,100.0,0.5-70 Hz,60 Hz,10.0,0.14885368186810521,519.6857795916561,6.593081629826097,6.614335310159619,False,False
52171b84-f8b2-4291-b6b2-824ec0206fbf,85,59456,lpd,grda,0,Other,0,False,2771.7,0,9,7.385895987307205,bipolar,100.0,0.5-70 Hz,60 Hz,10.0,0.14870187361313608,449.93860375970667,6.525454041885644,6.548296174320345,False,False
52171b84-f8b2-4291-b6b2-824ec0206fbf,86,49371,lpd,lrda,0,Other,0,False,1731.2,0,9,9.198341736951583,bipolar,100.0,0.5-70 Hz,60 Hz,10.0,0.1477782499218736,372.0544715582328,6.4538338135922295,6.477170059143013,False,False
52171b84-f8b2-4291-b6b2-824ec0206fbf,87,49337,lpd,grda,0,LPD,1,False,4003.2,0,11,8.387858520072196,bipolar,100.0,0.5-70 Hz,60 Hz,10.0,0.14155764153151618,540.107735734739,6.46940359986908,6.403608836559443,False,False
52171b84-f8b2-4291-b6b2-824ec0206fbf,88,62833,gpd,gpd,1,GPD,1,True,1520.6,0,9,36.01113977253025,bipolar,100.0,0.5-70 Hz,60 Hz,10.0,0.1417216735451275,524.0134502899823,6.4216638063708,6.4343528427461525,False,False
52171b84-f8b2-4291-b6b2-824ec0206fbf,89,87929,gpd,gpd,1,Seizure,0,False,1513.2,0,15,38.25963711482751,bipolar,100.0,0.5-70 Hz,60 Hz,10.0,0.14132634356549612,490.38897636850976,6.437921911923555,6.3864844016218125,False,False
52171b84-f8b2-4291-b6b2-824ec0206fbf,90,33829,sz,seizure,1,Seizure,1,True,1674.8,0,12,48.16287316332251,bipolar,100.0,0.5-70 Hz,60 Hz,10.0,0.1418485236732494,461.84997979659664,6.347428489175936,6.4034993093743084,False,False
52171b84-f8b2-4291-b6b2-824ec0206fbf,91,65542,sz,seizure,1,Seizure,1,True,3107.2,0,17,46.89380837838562,bipolar,100.0,0.5-70 Hz,60 Hz,10.0,0.142483516282069,422.3914364811599,6.270110925038283,6.317111981401279,False,False
52171b84-f8b2-4291-b6b2-824ec0206fbf,92,45297,lrda,lrda,1,LRDA,1,True,2714.0,0,17,137.36468778829908,bipolar,100.0,0.5-70 Hz,60 Hz,10.0,0.14297438727763429,405.59364006568023,6.218308714405116,6.241866690772252,False,False
52171b84-f8b2-4291-b6b2-824ec0206fbf,93,65579,sz,gpd,0,LRDA,0,False,8308.9,0,20,76.6706244971842,bipolar,100.0,0.5-70 Hz,60 Hz,10.0,0.14355070184283197,382.6312431959748,6.140867165879296,6.191830389453612,False,False
52171b84-f8b2-4291-b6b2-824ec0206fbf,94,64879,sz,grda,0,GPD,0,False,3249.8,0,11,37.32872907260523,bipolar,100.0,0.5-70 Hz,60 Hz,10.0,0.1454777479799531,339.7784244440304,6.060763020045361,6.11288691386264,False,False
52171b84-f8b2-4291-b6b2-824ec0206fbf,95,35768,sz,lrda,0,LPD,0,False,2255.1,0,13,82.22212423816102,bipolar,100.0,0.5-70 Hz,60 Hz,10.0,0.1489583147598878,599.9999999999999,6.033546538834319,6.031660442311785,True,False
52171b84-f8b2-4291-b6b2-824ec0206fbf,96,57301,lrda,lrda,1,LPD,0,False,8840.6,0,16,62.96025835197912,bipolar,100.0,0.5-70 Hz,60 Hz,10.0,0.14284116339044284,443.6070353650862,6.1413350254856764,6.002724777029657,False,False
52171b84-f8b2-4291-b6b2-824ec0206fbf,97,60905,lrda,grda,0,Other,0,False,1409.4,0,11,46.13267376367476,bipolar,100.0,0.5-70 Hz,60 Hz,10.0,0.14215328276037342,444.2509557832569,6.0874701514259755,6.112285618313073,False,False
52171b84-f8b2-4291-b6b2-824ec0206fbf,98,40538,iic,other,1,Other,1,True,2082.7,0,11,11.984464566207967,bipolar,100.0,0.5-70 Hz,60 Hz,10.0,0.14422064896069692,439.4828780205574,6.064554199982027,6.060385879122465,False,False
52171b84-f8b2-4291-b6b2-824ec0206fbf,99,53983,iic,other,1,GRDA,0,False,1409.6,0,15,137.0286037454104,bipolar,100.0,0.5-70 Hz,60 Hz,10.0,0.14132283882755942,418.65444373761284,6.0391128205581115,6.03442687216566,False,False
52171b84-f8b2-4291-b6b2-824ec0206fbf,100,67374,lrda,gpd,0,GRDA,0,False,1357.1,0,9,6.560235074848643,bipolar,100.0,0.5-70 Hz,60 Hz,10.0,0.14239490881048267,401.97921604005506,6.0007307393663245,6.013848465480286,False,False
52171b84-f8b2-4291-b6b2-824ec0206fbf,101,51187,grda,grda,1,Seizure,0,False,1376.9,0,7,156.94840171100444,bipolar,100.0,0.5-70 Hz,60 Hz,10.0,0.14131126350443407,309.1164152379545,6.022654580162806,5.975725272974882,False,False
52171b84-f8b2-4291-b6b2-824ec0206fbf,102,34942,lrda,grda,0,Other,0,False,2843.5,0,5,8.026675507614208,bipolar,100.0,0.5-70 Hz,60 Hz,10.0,0.1501865901131677,599.9999999999999,6.189185759730714,5.996559089268221,True,False
52171b84-f8b2-4291-b6b2-824ec0206fbf,103,25241,grda,other,0,LRDA,0,False,2083.5,0,10,140.39458636408023,bipolar,100.0,0.5-70 Hz,60 Hz,10.0,0.1496225261576472,587.0708106634571,6.127211102156629,6.158295755696729,False,False
52171b84-f8b2-4291-b6b2-824ec0206fbf,104,49855,lrda,lrda,1,GPD,0,False,1532.8,0,8,32.097983316007955,bipolar,100.0,0.5-70 Hz,60 Hz,10.0,0.14452707033586953,483.59263566716544,6.125075121608177,6.096974173158127,False,False
52171b84-f8b2-4291-b6b2-824ec0206fbf,105,20737,grda,seizure,0,LPD,0,False,1577.6,0,13,45.57793060705232,bipolar,100.0,0.5-70 Hz,60 Hz,10.0,0.1445272689390471,458.2186555753738,6.058656980832932,6.097323387485141,False,False
52171b84-f8b2-4291-b6b2-824ec0206fbf,106,69933,lpd,gpd,0,LRDA,0,False,1589.4,0,12,41.597183175865894,bipolar,100.0,0.5-70 Hz,60 Hz,10.0,0.14627056888894818,450.73714828500516,6.000996342391181,6.032024881360534,False,False
52171b84-f8b2-4291-b6b2-824ec0206fbf,107,22872,lpd,seizure,0,GPD,0,False,5161.4,0,8,72.56558605624475,bipolar,100.0,0.5-70 Hz,60 Hz,10.0,0.14594158191120538,424.6342946719688,5.940471003442816,5.974578396916479,False,False
52171b84-f8b2-4291-b6b2-824ec0206fbf,108,34228,lpd,grda,0,Seizure,0,False,2932.9,0,18,142.83094550671333,bipolar,100.0,0.5-70 Hz,60 Hz,10.0,0.14563777829800706,386.85452614995546,5.879539705195761,5.914918250338257,False,False
52171b84-f8b2-4291-b6b2-824ec0206fbf,109,45968,grda,lpd,0,Other,0,False,2199.4,0,17,35.86987680714504,bipolar,100.0,0.5-70 Hz,60 Hz,10.0,0.14531419165614057,360.5132209186006,5.819074145522127,5.854454937163579,False,False
52171b84-f8b2-4291-b6b2-824ec0206fbf,110,48579,iic,lpd,0,Seizure,0,False,1312.1,0,11,7.336209050823858,bipolar,100.0,0.5-70 Hz,60 Hz,10.0,0.14544118775964915,344.50553435577143,5.815519454495959,5.7949238925554925,False,False
52171b84-f8b2-4291-b6b2-824ec0206fbf,111,57358,iic,seizure,0,Other,1,False,4020.5,0,10,46.18742317362743,bipolar,100.0,0.5-70 Hz,60 Hz,10.0,0.14509637300803713,355.09509005472904,5.7605230108499175,5.7892214173544,False,False
52171b84-f8b2-4291-b6b2-824ec0206fbf,112,26501,lpd,seizure,0,Other,0,False,2505.2,0,5,40.99985860563976,bipolar,100.0,0.5-70 Hz,60 Hz,10.0,0.14542523710350785,318.30457541957077,5.699602566610389,5.737120436971259,False,False
52171b84-f8b2-4291-b6b2-824ec0206fbf,113,84589,gpd,gpd,1,GPD,1,True,2075.9,0,5,144.32658270155295,bipolar,100.0,0.5-70 Hz,60 Hz,10.0,0.1449599725296276,307.0256885800102,5.670111181318216,5.676200046313115,False,False
52171b84-f8b2-4291-b6b2-824ec0206fbf,114,46922,gpd,gpd,1,GPD,1,True,2225.0,0,11,44.36384188501538,bipolar,100.0,0.5-70 Hz,60 Hz,10.0,0.14687914815268555,599.9999999999999,5.780970349262949,5.645021726276838,True,False
52171b84-f8b2-4291-b6b2-824ec0206fbf,115,55360,gpd,lrda,0,GPD,1,False,4212.1,0,7,5.8981064352197325,bipolar,100.0,0.5-70 Hz,60 Hz,10.0,0.14699694925184947,542.4575966035569,5.772657069355863,5.751505010325586,False,False
52171b84-f8b2-4291-b6b2-824ec0206fbf,116,35152,sz,grda,0,Other,0,False,3173.8,0,11,53.13152505485003,bipolar,100.0,0.5-70 Hz,60 Hz,10.0,0.14643381407288475,532.6703262026112,5.717242755167403,5.744815700398763,False,False
52171b84-f8b2-4291-b6b2-824ec0206fbf,117,61377,grda,gpd,0,GRDA,1,False,2295.4,0,9,49.41877748689874,bipolar,100.0,0.5-70 Hz,60 Hz,10.0,0.1448857113138462,418.42006739109166,5.82533259483735,5.694157693359303,False,False
52171b84-f8b2-4291-b6b2-824ec0206fbf,118,46177,gpd,gpd,1,GPD,1,True,1284.7,0,13,154.55915781093904,bipolar,100.0,0.5-70 Hz,60 Hz,10.0,0.14669082214334356,418.86974973342535,5.799093958868305,5.805710052268088,False,False
52171b84-f8b2-4291-b6b2-824ec0206fbf,119,65293,lpd,grda,0,LPD,1,False,1852.3,0,10,47.30394326422601,bipolar,100.0,0.5-70 Hz,60 Hz,10.0,0.14647409354071061,344.37617411095187,5.878244614679883,5.779119036360221,False,False
52171b84-f8b2-4291-b6b2-824ec0206fbf,120,45227,lpd,lpd,1,LPD,1,True,1065.3,0,13,39.47932194718274,bipolar,100.0,0.5-70 Hz,60 Hz,10.0,0.14754266401501553,347.1601331730938,5.839695466785617,5.858536833902875,False,False
52171b84-f8b2-4291-b6b2-824ec0206fbf,121,47425,lpd,lpd,1,LPD,1,True,1683.2,0,10,138.88902256796888,bipolar,100.0,0.5-70 Hz,60 Hz,10.0,0.14899112679047677,334.4809153661703,5.801010723926419,5.819097608952228,False,False
52171b84-f8b2-4291-b6b2-824ec0206fbf,122,68750,lpd,lpd,1,LPD,1,True,6572.5,0,11,9.269676600457387,bipolar,100.0,0.5-70 Hz,60 Hz,10.0,0.1511948285737163,306.7279352505272,5.764173368274282,5.780460441874067,False,False
52171b84-f8b2-4291-b6b2-824ec0206fbf,123,38946,gpd,lrda,0,Other,0,False,4302.4,0,18,10.39754315048147,bipolar,100.0,0.5-70 Hz,60 Hz,10.0,0.1494589638341417,333.1186846481818,5.7249830061907225,5.745158211172092,False,False
52171b84-f8b2-4291-b6b2-824ec0206fbf,124,39045,gpd,other,0,GPD,1,False,1605.0,0,11,70.22648526861656,bipolar,100.0,0.5-70 Hz,60 Hz,10.0,0.14268369912401896,599.9999999999999,5.61673811562958,5.704634841223848,True,False
52171b84-f8b2-4291-b6b2-824ec0206fbf,125,50577,gpd,gpd,1,LRDA,0,False,2201.6,0,12,173.11349308491188,bipolar,100.0,0.5-70 Hz,60 Hz,10.0,0.13949175159000138,525.2736226852468,5.6493422545946625,5.593658449198854,False,False
52171b84-f8b2-4291-b6b2-824ec0206fbf,126,46275,iic,other,1,GRDA,0,False,1586.4,0,11,5.6712129209159805,bipolar,100.0,0.5-70 Hz,60 Hz,10.0,0.13907464645656048,486.18406855180143,5.66389739361927,5.629589520699799,False,False
52171b84-f8b2-4291-b6b2-824ec0206fbf,127,65955,gpd,gpd,1,LRDA,0,False,3122.5,0,14,12.77031959589982,bipolar,100.0,0.5-70 Hz,60 Hz,10.0,0.1401572304486195,387.73213365470644,5.656367323127554,5.646939990087029,False,False
52171b84-f8b2-4291-b6b2-824ec0206fbf,128,22553,iic,gpd,0,Other,1,False,3429.3,0,8,51.61373123088232,bipolar,100.0,0.5-70 Hz,60 Hz,10.0,0.14028646969897302,368.9214981856839,5.637733220998075,5.641268668717991,False,False
52171b84-f8b2-4291-b6b2-824ec0206fbf,129,65655,iic,other,1,Other,1,True,6094.7,0,15,118.38862675113751,bipolar,100.0,0.5-70 Hz,60 Hz,10.0,0.1401762059364441,388.89053366398855,5.615874716884546,5.622991036571589,False,False
52171b84-f8b2-4291-b6b2-824ec0206fbf,130,66257,iic,other,1,Other,1,True,3308.7,0,11,46.202569850410164,bipolar,100.0,0.5-70 Hz,60 Hz,10.0,0.14001772054330197,400.0763629077324,5.590799545691095,5.600025753166316,False,False
52171b84-f8b2-4291-b6b2-824ec0206fbf,131,22019,iic,other,1,Other,1,True,2612.8,0,17,8.422695791500951,bipolar,100.0,0.5-70 Hz,60 Hz,10.0,0.13954850080058462,399.6977578717924,5.561957130175402,5.573819010344581,False,False
52171b84-f8b2-4291-b6b2-824ec0206fbf,132,65824,iic,other,1,Other,1,True,1580.7,0,9,45.55238121868853,bipolar,100.0,0.5-70 Hz,60 Hz,10.0,0.13954237877246417,386.2916099582218,5.529114537580583,5.543960912253986,False,False
52171b84-f8b2-4291-b6b2-824ec0206fbf,133,88542,gpd,gpd,1,GPD,1,True,2373.0,0,9,44.93759450933181,bipolar,100.0,0.5-70 Hz,60 Hz,10.0,0.13999773257681059,424.0510338440579,5.509458760114995,5.517771176622279,False,False
52171b84-f8b2-4291-b6b2-824ec0206fbf,134,41666,iic,other,1,Seizure,0,False,3094.8,0,15,14.043426684321744,bipolar,100.0,0.5-70 Hz,60 Hz,10.0,0.13990141809870366,434.8984830266006,5.533057307886982,5.491599435162033,False,False
52171b84-f8b2-4291-b6b2-824ec0206fbf,135,57312,iic,other,1,Other,1,True,4052.6,0,10,24.24695878561489,bipolar,100.0,0.5-70 Hz,60 Hz,10.0,0.14005309639730046,433.4239193103966,5.4994871646401595,5.519557138367236,False,False
52171b84-f8b2-4291-b6b2-824ec0206fbf,136,40569,iic,other,1,Other,1,True,1808.5,0,17,12.116739753299532,bipolar,100.0,0.5-70 Hz,60 Hz,10.0,0.1400666914740889,421.35608694709305,5.462671438082337,5.485572517179073,False,False
52171b84-f8b2-4291-b6b2-824ec0206fbf,137,44007,iic,other,1,Other,1,True,2621.6,0,6,54.05116499652538,bipolar,100.0,0.5-70 Hz,60 Hz,10.0,0.13996174798606997,399.59845953942715,5.422815256921416,5.448553954256999,False,False
52171b84-f8b2-4291-b6b2-824ec0206fbf,138,60313,gpd,gpd,1,GPD,1,True,1461.9,0,7,57.32125192142071,bipolar,100.0,0.5-70 Hz,60 Hz,10.0,0.14033142451289893,431.0339897569927,5.401011071715046,5.411127143135694,False,False
52171b84-f8b2-4291-b6b2-824ec0206fbf,139,46398,gpd,gpd,1,GPD,1,True,6544.5,0,11,47.7105048528803,bipolar,100.0,0.5-70 Hz,60 Hz,10.0,0.14061730978184656,456.00360020420146,5.377280545329042,5.3891385358652215,False,False
52171b84-f8b2-4291-b6b2-824ec0206fbf,140,68637,sz,lrda,0,GPD,0,False,2930.7,0,6,121.37449128398684,bipolar,100.0,0.5-70 Hz,60 Hz,10.0,0.1415395667662061,442.98847425733544,5.344070529908956,5.34882430328893,False,True
52171b84-f8b2-4291-b6b2-824ec0206fbf,141,20885,sz,grda,0,GPD,0,False,4305.5,0,8,109.64499852361864,bipolar,100.0,0.5-70 Hz,60 Hz,10.0,0.1398556548690092,412.0767703374207,5.300495660423408,5.3169565600433,False,True
52171b84-f8b2-4291-b6b2-824ec0206fbf,142,52096,sz,lrda,0,LPD,0,False,6996.7,0,9,140.3904370826293,bipolar,100.0,0.5-70 Hz,60 Hz,10.0,0.14039401278197877,371.7947561428982,5.250411865134624,5.275438957920774,False,True
52171b84-f8b2-4291-b6b2-824ec0206fbf,143,874,spike,spike,0,Yes (spike present),1,False,3470.5,0,12,11.333438419266155,bipolar,100.0,0.5-70 Hz,60 Hz,10.0,0.15228032515438966,311.8936676098066,5.28890089434154,5.225933183760074,False,True
52171b84-f8b2-4291-b6b2-824ec0206fbf,144,21111,sz,grda,0,Seizure,1,False,3240.5,0,14,143.98824374958576,bipolar,100.0,0.5-70 Hz,60 Hz,10.0,0.13616589140172275,369.78610184924514,5.366414719194048,5.26584314178595,False,True
52171b84-f8b2-4291-b6b2-824ec0206fbf,145,30132,lpd,lpd,1,GRDA,0,False,4470.4,0,10,103.22170251511342,bipolar,100.0,0.5-70 Hz,60 Hz,10.0,0.13629225970194142,353.59338303995673,5.407767773733228,5.343357563863199,False,True
52171b84-f8b2-4291-b6b2-824ec0206fbf,146,89005,lrda,lrda,1,Seizure,0,False,1637.5,0,19,23.258348999362426,bipolar,100.0,0.5-70 Hz,60 Hz,10.0,0.13946139824190867,599.9999999999999,5.378910234165687,5.383932854762451,True,True
52171b84-f8b2-4291-b6b2-824ec0206fbf,147,32452,grda,seizure,0,GRDA,1,False,1648.8,0,10,57.17489320380484,bipolar,100.0,0.5-70 Hz,60 Hz,10.0,0.13870355904033355,507.62039415760097,5.490013652230371,5.35724511062493,False,True
52171b84-f8b2-4291-b6b2-824ec0206fbf,148,70790,lrda,gpd,0,LRDA,1,False,4025.8,0,13,76.96236726380454,bipolar,100.0,0.5-70 Hz,60 Hz,10.0,0.1405387144082096,379.07664646710174,5.533315301112175,5.4695645007731235,False,True
52171b84-f8b2-4291-b6b2-824ec0206fbf,149,60073,grda,gpd,0,GRDA,1,False,2000.8,0,15,46.21812175115458,bipolar,100.0,0.5-70 Hz,60 Hz,10.0,0.1393324650094484,599.9999999999999,5.572808374347729,5.512638216227393,True,True
52171b84-f8b2-4291-b6b2-824ec0206fbf,150,31149,lrda,seizure,0,Other,0,False,1334.6,0,11,117.19129041043608,bipolar,100.0,0.5-70 Hz,60 Hz,10.0,0.1395116409597692,589.8183828956398,5.531195978636192,5.548969659321218,False,True
52171b84-f8b2-4291-b6b2-824ec0206fbf,151,866,spike,spike,0,No (no spike),0,True,1425.3,0,9,8.381458240619445,bipolar,100.0,0.5-70 Hz,60 Hz,10.0,0.14762999750610029,574.699604046371,5.474414821409076,5.5093544581745695,False,True
52171b84-f8b2-4291-b6b2-824ec0206fbf,152,2230,spike,spike,0,Yes (spike present),1,False,2742.0,0,15,164.5413043770753,bipolar,100.0,0.5-70 Hz,60 Hz,10.0,0.1350245750869964,572.1357802253186,5.538351608883358,5.452640687490199,False,True
52171b84-f8b2-4291-b6b2-824ec0206fbf,153,53724,lrda,gpd,0,GRDA,0,False,3016.2,0,11,91.56646600714514,bipolar,100.0,0.5-70 Hz,60 Hz,10.0,0.1347609509232489,547.2476452284305,5.501855315287601,5.518012058605528,False,True
52171b84-f8b2-4291-b6b2-824ec0206fbf,154,87085,sz,seizure,1,Seizure,1,True,1865.6,0,11,72.84680395334334,bipolar,100.0,0.5-70 Hz,60 Hz,10.0,0.13467361439449504,539.1022413468866,5.456353828449073,5.483654923001614,False,True
52171b84-f8b2-4291-b6b2-824ec0206fbf,155,15428,spike,spike,0,Yes (spike present),1,False,5773.1,0,10,23.725008409308497,bipolar,100.0,0.5-70 Hz,60 Hz,10.0,0.133993100307863,469.52497798233486,5.5061326281789125,5.438734148600803,False,True
52171b84-f8b2-4291-b6b2-824ec0206fbf,156,59372,lrda,gpd,0,Seizure,0,False,1367.4,0,9,56.94115392017098,bipolar,100.0,0.5-70 Hz,60 Hz,10.0,0.1333887946613233,440.2818551906213,5.473791982561787,5.488665671693129,False,True
52171b84-f8b2-4291-b6b2-824ec0206fbf,157,33532,sz,seizure,1,Seizure,1,True,1710.5,0,10,143.04558457137676,bipolar,100.0,0.5-70 Hz,60 Hz,10.0,0.13265729179625912,423.19182876219634,5.429296422167383,5.457009853644365,False,True
52171b84-f8b2-4291-b6b2-824ec0206fbf,158,48572,lpd,lpd,1,LPD,1,True,2255.2,0,6,41.25688036239816,bipolar,100.0,0.5-70 Hz,60 Hz,10.0,0.1333443721320045,414.45816181995446,5.369549882249043,5.412478840950346,False,True
52171b84-f8b2-4291-b6b2-824ec0206fbf,159,68755,lpd,lpd,1,GRDA,0,False,2285.1,0,8,134.34803231260148,bipolar,100.0,0.5-70 Hz,60 Hz,10.0,0.13327514334982787,408.8025213156849,5.448861866961031,5.352664058665993,False,True
52171b84-f8b2-4291-b6b2-824ec0206fbf,160,35257,grda,grda,1,LPD,0,False,3327.9,0,9,45.79865577207059,bipolar,100.0,0.5-70 Hz,60 Hz,10.0,0.1338436654509847,371.275314020128,5.455893062844397,5.433138044043956,False,True
52171b84-f8b2-4291-b6b2-824ec0206fbf,161,21629,sz,seizure,1,Seizure,1,True,2886.5,0,8,99.45684684403338,bipolar,100.0,0.5-70 Hz,60 Hz,10.0,0.14016670668077602,347.21730753895145,5.419741653733816,5.440417326246453,False,True
52171b84-f8b2-4291-b6b2-824ec0206fbf,162,15802,spike,spike,0,No (no spike),0,True,1428.0,0,11,132.97387264923128,bipolar,100.0,0.5-70 Hz,60 Hz,10.0,0.14014902001893925,372.71151377356364,5.385988429746053,5.404809679548926,False,True
52171b84-f8b2-4291-b6b2-824ec0206fbf,163,16356,spike,spike,0,Yes (spike present),1,False,2321.1,0,10,139.25779478811643,bipolar,100.0,0.5-70 Hz,60 Hz,10.0,0.14018035813077778,321.28602822115715,5.41751565126999,5.371205203197319,False,True
52171b84-f8b2-4291-b6b2-824ec0206fbf,164,31713,sz,seizure,1,Seizure,1,True,8644.2,0,11,42.18421385678344,bipolar,100.0,0.5-70 Hz,60 Hz,10.0,0.12746092182489188,599.9999999999999,5.471081877523253,5.40251427246791,True,True
52171b84-f8b2-4291-b6b2-824ec0206fbf,165,45479,lpd,seizure,0,LRDA,0,False,13089.9,0,9,51.99361583009841,bipolar,100.0,0.5-70 Hz,60 Hz,10.0,0.12781775137270657,588.2842450603453,5.3935871092948515,5.4524512856131215,False,True
52171b84-f8b2-4291-b6b2-824ec0206fbf,166,40526,lpd,gpd,0,LPD,1,False,1973.7,0,10,134.85738851568513,bipolar,100.0,0.5-70 Hz,60 Hz,10.0,0.1268495944661311,576.0380953649377,5.522222599892373,5.375430039844466,False,True
52171b84-f8b2-4291-b6b2-824ec0206fbf,167,45189,grda,gpd,0,GRDA,1,False,1876.7,0,8,85.7828172241618,bipolar,100.0,0.5-70 Hz,60 Hz,10.0,0.12833366002732444,533.8844221796319,5.553051067199564,5.503775631878669,False,True
52171b84-f8b2-4291-b6b2-824ec0206fbf,168,70144,lrda,grda,0,Other,0,False,3198.2,0,16,144.73093958557342,bipolar,100.0,0.5-70 Hz,60 Hz,10.0,0.12853985732186862,531.780441075436,5.505696473976353,5.537064676485402,False,True
52171b84-f8b2-4291-b6b2-824ec0206fbf,169,22795,grda,seizure,0,GRDA,1,False,2771.0,0,10,8.463558951144922,bipolar,100.0,0.5-70 Hz,60 Hz,10.0,0.1315131770707434,460.88292323584466,5.5226747598892,5.49056283232013,False,True
52171b84-f8b2-4291-b6b2-824ec0206fbf,170,68680,iic,other,1,Other,1,True,1813.8,0,15,11.803722003779104,bipolar,100.0,0.5-70 Hz,60 Hz,10.0,0.1331623010341666,448.8622436279592,5.515260145254578,5.5076413022732345,False,True
52171b84-f8b2-4291-b6b2-824ec0206fbf,171,69995,iic,other,1,GPD,0,False,3868.1,0,11,46.26875856278335,bipolar,100.0,0.5-70 Hz,60 Hz,10.0,0.1286987456792938,455.2046330222024,5.501922259138999,5.500037720488956,False,True
52171b84-f8b2-4291-b6b2-824ec0206fbf,172,60705,gpd,seizure,0,GPD,1,False,1851.2,0,6,153.11569836232638,bipolar,100.0,0.5-70 Hz,60 Hz,10.0,0.12861098037708657,433.2675503233687,5.512156290366844,5.487881119179914,False,True
52171b84-f8b2-4291-b6b2-824ec0206fbf,173,60915,lpd,grda,0,LPD,1,False,1712.9,0,11,18.668101394872362,bipolar,100.0,0.5-70 Hz,60 Hz,10.0,0.12853496638928386,379.91908079887287,5.606497389675472,5.498450674855636,False,True
52171b84-f8b2-4291-b6b2-824ec0206fbf,174,50078,lrda,gpd,0,LRDA,1,False,3059.8,0,10,45.013676196531776,bipolar,100.0,0.5-70 Hz,60 Hz,10.0,0.12825514255489484,314.6791848702383,5.701215498391794,5.592070427428019,False,True
52171b84-f8b2-4291-b6b2-824ec0206fbf,175,31930,lrda,seizure,0,LRDA,1,False,5616.8,0,10,85.86506508966514,bipolar,100.0,0.5-70 Hz,60 Hz,10.0,0.12604929005984483,599.9999999999999,5.582483260411323,5.684215784573599,True,True
52171b84-f8b2-4291-b6b2-824ec0206fbf,176,49579,lrda,other,0,LRDA,1,False,3620.9,0,10,39.74750166964013,bipolar,100.0,0.5-70 Hz,60 Hz,10.0,0.1266231433779485,528.0830314693923,5.559915046801145,5.5661915021818285,False,True
52171b84-f8b2-4291-b6b2-824ec0206fbf,177,40694,lrda,grda,0,GPD,0,False,2195.2,0,14,77.8833981915737,bipolar,100.0,0.5-70 Hz,60 Hz,10.0,0.12681665003646353,564.822394009314,5.554042167146568,5.5446937872227835,False,True
52171b84-f8b2-4291-b6b2-824ec0206fbf,178,50134,lrda,grda,0,LPD,0,False,6893.9,0,19,37.655465031860764,bipolar,100.0,0.5-70 Hz,60 Hz,10.0,0.1265527023413841,586.626840191794,5.546419837310527,5.539687226100741,False,True
52171b84-f8b2-4291-b6b2-824ec0206fbf,179,60600,grda,seizure,0,GRDA,1,False,2230.8,0,14,8.526133899598694,bipolar,100.0,0.5-70 Hz,60 Hz,10.0,0.12743173144208325,563.6050203933762,5.573252792674013,5.532895397506549,False,True
52171b84-f8b2-4291-b6b2-824ec0206fbf,180,22391,lrda,grda,0,LRDA,1,False,1518.9,0,17,133.07891090998285,bipolar,100.0,0.5-70 Hz,60 Hz,10.0,0.12782236570071598,483.5836299421611,5.541079348770976,5.559772966873926,False,True
52171b84-f8b2-4291-b6b2-824ec0206fbf,181,64650,lpd,other,0,LPD,1,False,1435.9,0,19,54.835442167224706,bipolar,100.0,0.5-70 Hz,60 Hz,10.0,0.127645436804948,454.41167324455165,5.5721408799376855,5.528270907999396,False,True
52171b84-f8b2-4291-b6b2-824ec0206fbf,182,35481,sz,lrda,0,Seizure,1,False,1393.5,0,17,124.15210368640923,bipolar,100.0,0.5-70 Hz,60 Hz,10.0,0.1281984864590172,397.54483662630577,5.612308722174789,5.559420039406727,False,True
52171b84-f8b2-4291-b6b2-824ec0206fbf,183,53899,gpd,gpd,1,GRDA,0,False,1427.6,0,8,49.76073513910673,bipolar,100.0,0.5-70 Hz,60 Hz,10.0,0.130227629291003,377.61578003259126,5.639436237555673,5.598930273673924,False,True
52171b84-f8b2-4291-b6b2-824ec0206fbf,184,85214,sz,seizure,1,LRDA,0,False,2246.6,0,11,13.087534354231355,bipolar,100.0,0.5-70 Hz,60 Hz,10.0,0.13421332836326372,310.4063180817582,5.680516534818606,5.626656720886075,False,True
52171b84-f8b2-4291-b6b2-824ec0206fbf,185,11710,spike,spike,1,Yes (spike present),1,True,2902.9,0,9,120.0978467946975,bipolar,100.0,0.5-70 Hz,60 Hz,10.0,0.12460609641743087,599.9999999999999,5.848945752795066,5.667811367282985,True,True
52171b84-f8b2-4291-b6b2-824ec0206fbf,186,27313,iic,lpd,0,Other,1,False,2784.7,0,7,77.42641716600453,bipolar,100.0,0.5-70 Hz,60 Hz,10.0,0.1243615999553302,575.4772524490623,5.820209824297623,5.834266846673879,False,True
52171b84-f8b2-4291-b6b2-824ec0206fbf,187,40673,sz,grda,0,Seizure,1,False,1484.1,0,15,13.561519778344897,bipolar,100.0,0.5-70 Hz,60 Hz,10.0,0.12046259642008383,526.3440350760778,5.866179958647973,5.807346149621312,False,True
52171b84-f8b2-4291-b6b2-824ec0206fbf,188,87273,grda,grda,1,Seizure,0,False,2284.4,0,13,73.3081249466783,bipolar,100.0,0.5-70 Hz,60 Hz,10.0,0.12077973052677049,501.41131021668974,5.907798726154376,5.854154465332829,False,True
52171b84-f8b2-4291-b6b2-824ec0206fbf,189,68502,iic,other,1,Other,1,True,3730.7,0,12,77.07395051148866,bipolar,100.0,0.5-70 Hz,60 Hz,10.0,0.12327630456647465,490.3193688135146,5.911817024359542,5.8961160529331735,False,True
52171b84-f8b2-4291-b6b2-824ec0206fbf,190,56782,iic,other,1,Other,1,True,2276.2,0,14,136.2627370936651,bipolar,100.0,0.5-70 Hz,60 Hz,10.0,0.12398917296144174,464.344716806541,5.910009862035788,5.899747688627427,False,True
52171b84-f8b2-4291-b6b2-824ec0206fbf,191,40322,iic,other,1,LPD,0,False,2021.7,0,11,75.65972444826738,bipolar,100.0,0.5-70 Hz,60 Hz,10.0,0.12009136651358343,499.6121230616118,5.886832160295104,5.897381657055083,False,True
52171b84-f8b2-4291-b6b2-824ec0206fbf,192,39726,iic,gpd,0,GRDA,0,False,2465.5,0,14,39.97856773162083,bipolar,100.0,0.5-70 Hz,60 Hz,10.0,0.1206245502887271,515.8819523713244,5.886883534454066,5.8755349448456275,False,True
52171b84-f8b2-4291-b6b2-824ec0206fbf,193,61379,iic,seizure,0,Other,1,False,2202.6,0,14,7.99045825031197,bipolar,100.0,0.5-70 Hz,60 Hz,10.0,0.1200469750946121,485.1002416977522,5.857600635386546,5.874610009065217,False,True
52171b84-f8b2-4291-b6b2-824ec0206fbf,194,12896,spike,spike,1,Yes (spike present),1,True,4675.3,0,10,76.53741613829533,bipolar,100.0,0.5-70 Hz,60 Hz,10.0,0.12480496430274063,476.8188449524746,5.816843664059039,5.846503759829671,False,True
52171b84-f8b2-4291-b6b2-824ec0206fbf,195,63112,sz,grda,0,GPD,0,False,1587.3,0,13,12.727506434538169,bipolar,100.0,0.5-70 Hz,60 Hz,10.0,0.12486904342449512,506.77582215602973,5.788473376614868,5.805526291486659,False,True
52171b84-f8b2-4291-b6b2-824ec0206fbf,196,36263,sz,lrda,0,Seizure,1,False,2235.7,0,9,43.846872809558754,bipolar,100.0,0.5-70 Hz,60 Hz,10.0,0.12478826373132212,436.2506510747566,5.821088879954942,5.77729974430521,False,True
52171b84-f8b2-4291-b6b2-824ec0206fbf,197,86955,lpd,other,0,GRDA,0,False,1614.6,0,15,47.021941036161344,bipolar,100.0,0.5-70 Hz,60 Hz,10.0,0.12277519830122124,433.83571710849185,5.758797428265488,5.809833478773224,False,True
52171b84-f8b2-4291-b6b2-824ec0206fbf,198,88676,lpd,grda,0,LPD,1,False,3441.5,0,16,107.98023971572107,bipolar,100.0,0.5-70 Hz,60 Hz,10.0,0.12496356064952208,431.66609499318963,5.827946990861256,5.747672592433403,False,True
52171b84-f8b2-4291-b6b2-824ec0206fbf,199,13506,spike,spike,0,No (no spike),0,True,3026.0,0,17,52.33083689140717,bipolar,100.0,0.5-70 Hz,60 Hz,10.0,0.1242954579772435,423.594381387379,5.803156714263928,5.817077432153571,False,True
52171b84-f8b2-4291-b6b2-824ec0206fbf,200,14059,spike,spike,0,No (no spike),0,True,2952.4,0,9,53.28212597978222,bipolar,100.0,0.5-70 Hz,60 Hz,10.0,0.12444527029898289,401.86596225851395,5.777642600532422,5.792378672983599,False,True
52171b84-f8b2-4291-b6b2-824ec0206fbf,201,15154,spike,spike,0,No (no spike),0,True,3700.5,0,14,99.60334887355668,bipolar,100.0,0.5-70 Hz,60 Hz,10.0,0.12427486479899835,368.9248496448508,5.750785736026213,5.766691529298765,False,True
52171b84-f8b2-4291-b6b2-824ec0206fbf,202,88347,lrda,lrda,1,Seizure,0,False,1805.1,0,12,85.45900760127515,bipolar,100.0,0.5-70 Hz,60 Hz,10.0,0.12342398210105804,350.54366110428344,5.7979630552676555,5.740044228094547,False,True
52171b84-f8b2-4291-b6b2-824ec0206fbf,203,24709,lrda,seizure,0,Other,0,False,7708.9,0,9,15.190570512455407,bipolar,100.0,0.5-70 Hz,60 Hz,10.0,0.12361037256318536,349.36918941398255,5.779653428994152,5.787159755231977,False,True
52171b84-f8b2-4291-b6b2-824ec0206fbf,204,5962,spike,spike,1,Yes (spike present),1,True,2632.5,0,8,139.54903583904726,bipolar,100.0,0.5-70 Hz,60 Hz,10.0,0.12412379519866762,331.3435598346957,5.74355922429147,5.76858928110276,False,True
52171b84-f8b2-4291-b6b2-824ec0206fbf,205,17207,spike,spike,1,Yes (spike present),1,True,3044.0,0,11,87.55385662928553,bipolar,100.0,0.5-70 Hz,60 Hz,10.0,0.12650749242371934,303.1404116359568,5.710314291321824,5.732359245965769,False,True
52171b84-f8b2-4291-b6b2-824ec0206fbf,206,12134,spike,spike,1,No (no spike),0,False,1407.1,0,17,138.90244065725904,bipolar,100.0,0.5-70 Hz,60 Hz,10.0,0.12281391614984155,349.31021806917965,5.7424694644411955,5.698823511991014,False,True
52171b84-f8b2-4291-b6b2-824ec0206fbf,207,55316,sz,lrda,0,Other,0,False,10864.2,0,10,174.26301291086864,bipolar,100.0,0.5-70 Hz,60 Hz,10.0,0.1230192952031593,377.5963129479464,5.72489465901935,5.731787685400628,False,True
52171b84-f8b2-4291-b6b2-824ec0206fbf,208,34869,iic,other,1,Other,1,True,11814.5,0,8,14.64819672744352,bipolar,100.0,0.5-70 Hz,60 Hz,10.0,0.12314842226554601,359.372980595976,5.728423381873391,5.7138571234521525,False,True
52171b84-f8b2-4291-b6b2-824ec0206fbf,209,21118,iic,other,1,Other,1,True,8008.3,0,14,148.05250157960393,bipolar,100.0,0.5-70 Hz,60 Hz,10.0,0.12321005366480547,331.4549987634077,5.725561398101436,5.716851658162565,False,True
52171b84-f8b2-4291-b6b2-824ec0206fbf,210,56841,iic,other,1,Other,1,True,1316.3,0,11,117.00570110192834,bipolar,100.0,0.5-70 Hz,60 Hz,10.0,0.12843077219367682,599.9999999999999,5.821833856367199,5.713450429892684,True,True
52171b84-f8b2-4291-b6b2-824ec0206fbf,211,47935,lrda,gpd,0,LRDA,1,False,1746.8,0,12,35.84649064294133,bipolar,100.0,0.5-70 Hz,60 Hz,10.0,0.12754944538575963,551.7404589756409,5.891645583304262,5.8085820250471984,False,True
52171b84-f8b2-4291-b6b2-824ec0206fbf,212,55303,grda,lrda,0,Other,0,False,1608.2,0,5,5.661910067169805,bipolar,100.0,0.5-70 Hz,60 Hz,10.0,0.12778101421463006,545.8466887231109,5.876489335630852,5.878799276906133,False,True
52171b84-f8b2-4291-b6b2-824ec0206fbf,213,47933,grda,lpd,0,Other,0,False,3469.1,0,7,35.80886413948978,bipolar,100.0,0.5-70 Hz,60 Hz,10.0,0.12813219278450777,522.6831325465175,5.854948722162151,5.862626620076503,False,True
52171b84-f8b2-4291-b6b2-824ec0206fbf,214,44977,grda,seizure,0,GRDA,1,False,1828.9,0,15,34.006075076918044,bipolar,100.0,0.5-70 Hz,60 Hz,10.0,0.12751840361530448,550.7321392403124,5.860213561129557,5.8403750412732816,False,True
52171b84-f8b2-4291-b6b2-824ec0206fbf,215,88629,lrda,gpd,0,LRDA,1,False,3993.7,0,10,10.96393288367689,bipolar,100.0,0.5-70 Hz,60 Hz,10.0,0.12731014770333593,463.5367218540638,5.9195837388601245,5.848259175641033,False,True
52171b84-f8b2-4291-b6b2-824ec0206fbf,216,51836,grda,lrda,0,Other,0,False,5833.3,0,14,53.83455033687818,bipolar,100.0,0.5-70 Hz,60 Hz,10.0,0.1276229658940642,456.9192961397583,5.907193558110322,5.907755111822938,False,True
52171b84-f8b2-4291-b6b2-824ec0206fbf,217,61766,grda,lrda,0,GRDA,1,False,4093.7,0,13,52.76587744722182,bipolar,100.0,0.5-70 Hz,60 Hz,10.0,0.12702990860625374,460.48420752000817,5.901142197613092,5.894604861753593,False,True
52171b84-f8b2-4291-b6b2-824ec0206fbf,218,21648,iic,seizure,0,LPD,0,False,11896.2,0,12,12.397880754771995,bipolar,100.0,0.5-70 Hz,60 Hz,10.0,0.1267672976304285,457.67292100961475,5.888959533199807,5.88971021613925,False,True
52171b84-f8b2-4291-b6b2-824ec0206fbf,219,40594,iic,lpd,0,Other,1,False,1545.2,0,12,74.40460613164738,bipolar,100.0,0.5-70 Hz,60 Hz,10.0,0.1271312691628625,456.16255969431876,5.88455146436681,5.876867595627083,False,True
52171b84-f8b2-4291-b6b2-824ec0206fbf,220,88615,lpd,seizure,0,GRDA,0,False,2442.0,0,17,41.890886719519365,bipolar,100.0,0.5-70 Hz,60 Hz,10.0,0.1272639465941468,456.60328133485797,5.817994635047551,5.8737149238206445,False,True
52171b84-f8b2-4291-b6b2-824ec0206fbf,221,37845,lpd,gpd,0,GRDA,0,False,2480.2,0,12,111.29374985984823,bipolar,100.0,0.5-70 Hz,60 Hz,10.0,0.12736078055902939,443.36762421413226,5.747469623708335,5.807015814490784,False,True
52171b84-f8b2-4291-b6b2-824ec0206fbf,222,89158,lpd,seizure,0,LPD,1,False,2108.9,0,10,46.372362387655606,bipolar,100.0,0.5-70 Hz,60 Hz,10.0,0.12730670699415103,457.38841515227574,5.835810476674931,5.736345738709604,False,True
52171b84-f8b2-4291-b6b2-824ec0206fbf,223,85383,lrda,seizure,0,GPD,0,False,2307.1,0,12,135.95717903864127,bipolar,100.0,0.5-70 Hz,60 Hz,10.0,0.1273538896913224,499.1164166040323,5.792818582925708,5.8254725088843395,False,True
52171b84-f8b2-4291-b6b2-824ec0206fbf,224,55237,grda,lpd,0,GRDA,1,False,2022.5,0,8,87.6669865150611,bipolar,100.0,0.5-70 Hz,60 Hz,10.0,0.12714028859290372,481.59705241765687,5.786767374410355,5.782571564317822,False,True
52171b84-f8b2-4291-b6b2-824ec0206fbf,225,87764,lrda,seizure,0,LPD,0,False,1427.9,0,11,50.78956051056749,bipolar,100.0,0.5-70 Hz,60 Hz,10.0,0.12726136227830687,516.9444347795132,5.748018629330001,5.776328378343852,False,True
52171b84-f8b2-4291-b6b2-824ec0206fbf,226,60421,sz,lpd,0,Seizure,1,False,2827.2,0,16,47.14028492230049,bipolar,100.0,0.5-70 Hz,60 Hz,10.0,0.1273023188887873,483.7739898438333,5.8225328585209635,5.7378243062752405,False,True
52171b84-f8b2-4291-b6b2-824ec0206fbf,227,86830,lrda,gpd,0,LRDA,1,False,2258.8,0,12,121.47422887007926,bipolar,100.0,0.5-70 Hz,60 Hz,10.0,0.12686709580608962,411.9883436596542,5.85863992370428,5.812346620254637,False,True
52171b84-f8b2-4291-b6b2-824ec0206fbf,228,54261,lpd,lpd,1,LPD,1,True,2754.3,0,17,45.71351562064158,bipolar,100.0,0.5-70 Hz,60 Hz,10.0,0.12701540578470094,402.86993143062904,5.859582596633695,5.848519908639861,False,True
52171b84-f8b2-4291-b6b2-824ec0206fbf,229,86277,lpd,lpd,1,LPD,1,True,2022.8,0,13,73.35357028749868,bipolar,100.0,0.5-70 Hz,60 Hz,10.0,0.1270382589520237,382.0710092713521,5.859055751881526,5.848882187010024,False,True
52171b84-f8b2-4291-b6b2-824ec0206fbf,230,42557,lpd,lpd,1,GPD,0,False,1799.1,0,7,125.59694151675968,bipolar,100.0,0.5-70 Hz,60 Hz,10.0,0.12692529495893667,409.4156239429072,5.831798226816865,5.847873188962087,False,True
52171b84-f8b2-4291-b6b2-824ec0206fbf,231,87628,sz,seizure,1,LPD,0,False,2274.5,0,16,51.36321801737437,bipolar,100.0,0.5-70 Hz,60 Hz,10.0,0.12608390634009953,332.8183686418819,5.843345025813001,5.822144674210945,False,True
52171b84-f8b2-4291-b6b2-824ec0206fbf,232,30362,iic,lrda,0,GPD,0,False,2926.3,0,10,150.23836435931645,bipolar,100.0,0.5-70 Hz,60 Hz,10.0,0.1256654733655948,336.5614976995664,5.829027436429818,5.833346051850436,False,True
52171b84-f8b2-4291-b6b2-824ec0206fbf,233,53784,iic,seizure,0,LRDA,0,False,1308.5,0,17,149.13493350945814,bipolar,100.0,0.5-70 Hz,60 Hz,10.0,0.1251815571654888,331.40021419720824,5.809981827024328,5.818469441972712,False,True
52171b84-f8b2-4291-b6b2-824ec0206fbf,234,53788,iic,gpd,0,LPD,0,False,6565.2,0,15,159.3814896840464,bipolar,100.0,0.5-70 Hz,60 Hz,10.0,0.1243230362921195,317.1993988320317,5.786720938062319,5.798926789794828,False,True
52171b84-f8b2-4291-b6b2-824ec0206fbf,235,53422,iic,lpd,0,LRDA,0,False,5315.1,0,10,50.470475494884475,bipolar,100.0,0.5-70 Hz,60 Hz,10.0,0.12788182363673034,599.9999999999999,5.6447686861811635,5.775322695306994,True,True
52171b84-f8b2-4291-b6b2-824ec0206fbf,236,85856,lrda,seizure,0,LPD,0,False,2374.7,0,13,10.349700296211624,bipolar,100.0,0.5-70 Hz,60 Hz,10.0,0.12821807389488765,591.7103707662785,5.611694632411186,5.633867425271795,False,True
52171b84-f8b2-4291-b6b2-824ec0206fbf,237,16214,spike,spike,1,Yes (spike present),1,True,4316.6,0,14,13.604654039703622,bipolar,100.0,0.5-70 Hz,60 Hz,10.0,0.128518172469691,582.6923948426621,5.601028028091297,5.601199390763229,False,True
52171b84-f8b2-4291-b6b2-824ec0206fbf,238,31734,lrda,seizure,0,LRDA,1,False,1585.1,0,6,52.111646120836944,bipolar,100.0,0.5-70 Hz,60 Hz,10.0,0.12706638191115333,584.8571870855108,5.628759135961424,5.5906520556623684,False,True
52171b84-f8b2-4291-b6b2-824ec0206fbf,239,44589,lrda,gpd,0,LPD,0,False,1462.8,0,11,7.627365244540635,bipolar,100.0,0.5-70 Hz,60 Hz,10.0,0.12800003004464505,589.3097125188174,5.599818061418581,5.618800030650827,False,True
52171b84-f8b2-4291-b6b2-824ec0206fbf,240,14807,spike,spike,1,No (no spike),0,False,4915.2,0,13,36.36271857608507,bipolar,100.0,0.5-70 Hz,60 Hz,10.0,0.12124040521965485,588.9083987009651,5.600033523647161,5.589745058187208,False,True
52171b84-f8b2-4291-b6b2-824ec0206fbf,241,88087,lrda,seizure,0,LRDA,1,False,1357.9,0,9,89.32935113618939,bipolar,100.0,0.5-70 Hz,60 Hz,10.0,0.12099546346186468,569.6498085644234,5.62835174957997,5.590484351140084,False,True
52171b84-f8b2-4291-b6b2-824ec0206fbf,242,42519,lpd,lpd,1,LPD,1,True,2609.6,0,19,124.0092452194229,bipolar,100.0,0.5-70 Hz,60 Hz,10.0,0.119797251360028,560.6466156627445,5.626299779221837,5.619095022859851,False,True
52171b84-f8b2-4291-b6b2-824ec0206fbf,243,88785,lpd,lpd,1,GPD,0,False,4470.6,0,13,38.53280840717426,bipolar,100.0,0.5-70 Hz,60 Hz,10.0,0.12105922215095954,563.1273403053583,5.609113583537237,5.616509804063659,False,True
52171b84-f8b2-4291-b6b2-824ec0206fbf,244,85408,gpd,seizure,0,GPD,1,False,2491.3,0,11,9.059828946242458,bipolar,100.0,0.5-70 Hz,60 Hz,10.0,0.1210656317944252,552.2107897810589,5.5913995012150774,5.599956639772962,False,True
52171b84-f8b2-4291-b6b2-824ec0206fbf,245,85839,lrda,seizure,0,GPD,0,False,1368.0,0,11,50.54386300733088,bipolar,100.0,0.5-70 Hz,60 Hz,10.0,0.12175305013352511,565.4732872751932,5.561866103985193,5.582234454172307,False,True
52171b84-f8b2-4291-b6b2-824ec0206fbf,246,84731,sz,seizure,1,Seizure,1,True,3130.9,0,11,145.14634138279385,bipolar,100.0,0.5-70 Hz,60 Hz,10.0,0.12167294550659097,558.1556801417004,5.548262214130443,5.552769407006029,False,True
52171b84-f8b2-4291-b6b2-824ec0206fbf,247,38614,lrda,gpd,0,GRDA,0,False,2468.0,0,17,9.212691764442605,bipolar,100.0,0.5-70 Hz,60 Hz,10.0,0.12357926047333895,560.4341324380172,5.520040378908055,5.539284801949872,False,True
52171b84-f8b2-4291-b6b2-824ec0206fbf,248,36175,iic,other,1,Other,1,True,6795.5,0,10,36.820135083053415,bipolar,100.0,0.5-70 Hz,60 Hz,10.0,0.12318323176729823,551.2993691784429,5.4987782201899265,5.5110693948887715,False,True
52171b84-f8b2-4291-b6b2-824ec0206fbf,249,53095,iic,other,1,GRDA,0,False,1747.9,0,15,8.623261347596449,bipolar,100.0,0.5-70 Hz,60 Hz,10.0,0.12383289849637225,553.8592617610936,5.514122511693167,5.4899400094288255,False,True
52171b84-f8b2-4291-b6b2-824ec0206fbf,250,53865,sz,seizure,1,Seizure,1,True,2192.2,0,10,140.46164286008286,bipolar,100.0,0.5-70 Hz,60 Hz,10.0,0.12344000997996918,533.0116598681484,5.500447073861462,5.505270049858488,False,True
52171b84-f8b2-4291-b6b2-824ec0206fbf,251,62063,lrda,gpd,0,LRDA,1,False,1895.6,0,10,145.8752476136091,bipolar,100.0,0.5-70 Hz,60 Hz,10.0,0.12132398499769725,520.1576771420791,5.5282063003071995,5.491664761577283,False,True
52171b84-f8b2-4291-b6b2-824ec0206fbf,252,37451,gpd,gpd,1,GPD,1,True,5495.9,0,11,41.290928690896365,bipolar,100.0,0.5-70 Hz,60 Hz,10.0,0.12172347502541947,512.1745937297786,5.516363151738323,5.519503598484514,False,True
52171b84-f8b2-4291-b6b2-824ec0206fbf,253,87770,gpd,gpd,1,GPD,1,True,1200.1,0,9,131.33520645205127,bipolar,100.0,0.5-70 Hz,60 Hz,10.0,0.12277709087056315,489.8638037507713,5.503756360830037,5.507460558918031,False,True
52171b84-f8b2-4291-b6b2-824ec0206fbf,254,85222,gpd,gpd,1,LRDA,0,False,1648.6,0,11,7.0657765537234996,bipolar,100.0,0.5-70 Hz,60 Hz,10.0,0.12143322708925314,519.699396291938,5.502139444672416,5.494583467962277,False,True
52171b84-f8b2-4291-b6b2-824ec0206fbf,255,10876,spike,spike,1,Yes (spike present),1,True,4478.4,0,13,50.47025492253528,bipolar,100.0,0.5-70 Hz,60 Hz,10.0,0.12494855121728676,525.1552937363174,5.499337346291431,5.493580102488416,False,True
52171b84-f8b2-4291-b6b2-824ec0206fbf,256,86568,lrda,grda,0,LRDA,1,False,2636.9,0,12,7.100015787521407,bipolar,100.0,0.5-70 Hz,60 Hz,10.0,0.12250243402783773,487.2677130763937,5.521805652280095,5.490755890083264,False,True
52171b84-f8b2-4291-b6b2-824ec0206fbf,257,173,spike,spike,0,No (no spike),0,True,12868.9,0,11,42.01857989405001,bipolar,100.0,0.5-70 Hz,60 Hz,10.0,0.12468176374215506,485.1832872969132,5.504696303330778,5.513188030019998,False,True
52171b84-f8b2-4291-b6b2-824ec0206fbf,258,2733,spike,spike,0,No (no spike),0,True,3146.9,0,11,9.025690220687556,bipolar,100.0,0.5-70 Hz,60 Hz,10.0,0.12423340956125939,469.2520815013065,5.48600998405979,5.496275258897681,False,True
52171b84-f8b2-4291-b6b2-824ec0206fbf,259,86798,lrda,seizure,0,LRDA,1,False,6970.5,0,14,56.43106769607199,bipolar,100.0,0.5-70 Hz,60 Hz,10.0,0.12358018000665244,424.55288942436965,5.505064677417735,5.477719101373712,False,True
52171b84-f8b2-4291-b6b2-824ec0206fbf,260,49803,sz,seizure,1,Seizure,1,True,1644.0,0,13,109.84950394806211,bipolar,100.0,0.5-70 Hz,60 Hz,10.0,0.12365408082456897,396.9564964868189,5.485705566185699,5.496654282894053,False,True
52171b84-f8b2-4291-b6b2-824ec0206fbf,261,85544,iic,grda,0,LRDA,0,False,2576.0,0,13,76.7284507875904,bipolar,100.0,0.5-70 Hz,60 Hz,10.0,0.12390242617044034,403.104597822399,5.474228269132949,5.477346728823032,False,True
52171b84-f8b2-4291-b6b2-824ec0206fbf,262,56529,iic,lpd,0,GPD,0,False,4172.3,0,8,5.633392870055791,bipolar,100.0,0.5-70 Hz,60 Hz,10.0,0.12420744361620661,397.80342041456345,5.461509923808264,5.465778836232291,False,True
52171b84-f8b2-4291-b6b2-824ec0206fbf,263,2657,spike,spike,0,No (no spike),0,True,2230.4,0,11,142.0900193271853,bipolar,100.0,0.5-70 Hz,60 Hz,10.0,0.1239346788654852,377.3871744270701,5.444935786686152,5.452914083453062,False,True
52171b84-f8b2-4291-b6b2-824ec0206fbf,264,37805,gpd,gpd,1,GPD,1,True,2888.1,0,17,122.30493811788871,bipolar,100.0,0.5-70 Hz,60 Hz,10.0,0.12406675244361892,372.0510498775537,5.432979578278302,5.436217603312542,False,True
52171b84-f8b2-4291-b6b2-824ec0206fbf,265,86531,gpd,gpd,1,LRDA,0,False,2565.4,0,9,134.5572386106922,bipolar,100.0,0.5-70 Hz,60 Hz,10.0,0.12388337269350619,373.2880943222847,5.4293283476246375,5.423783390631745,False,True
52171b84-f8b2-4291-b6b2-824ec0206fbf,266,70657,iic,seizure,0,LPD,0,False,5628.3,0,9,46.5266175989928,bipolar,100.0,0.5-70 Hz,60 Hz,10.0,0.12393685541349458,356.77765854056815,5.418327785357027,5.420639695486466,False,True
52171b84-f8b2-4291-b6b2-824ec0206fbf,267,40046,iic,lpd,0,Other,1,False,1711.2,0,12,148.64169836275502,bipolar,100.0,0.5-70 Hz,60 Hz,10.0,0.12371701019983627,379.15231688160014,5.4137556461102525,5.409523210448484,False,True
52171b84-f8b2-4291-b6b2-824ec0206fbf,268,88024,lpd,gpd,0,LPD,1,False,1579.3,0,14,47.37118049408968,bipolar,100.0,0.5-70 Hz,60 Hz,10.0,0.1238042859670514,364.2595197044165,5.483249587957596,5.40549863688925,False,True
52171b84-f8b2-4291-b6b2-824ec0206fbf,269,14287,spike,spike,0,No (no spike),0,True,5064.7,0,14,5.784782449354595,bipolar,100.0,0.5-70 Hz,60 Hz,10.0,0.12364549241674222,336.1180029099224,5.460287939109604,5.475031562948002,False,True
52171b84-f8b2-4291-b6b2-824ec0206fbf,270,2717,spike,spike,0,Yes (spike present),1,False,2452.3,0,17,39.854436318405604,bipolar,100.0,0.5-70 Hz,60 Hz,10.0,0.1221713889597344,376.9064782249974,5.474993760484466,5.452270172334181,False,True
52171b84-f8b2-4291-b6b2-824ec0206fbf,271,41550,sz,seizure,1,LPD,0,False,1392.3,0,11,46.44134719073569,bipolar,100.0,0.5-70 Hz,60 Hz,10.0,0.12245352834092893,419.45073845899344,5.503759445479288,5.466981854618297,False,True
52171b84-f8b2-4291-b6b2-824ec0206fbf,272,88376,sz,lpd,0,GPD,0,False,3283.8,0,10,79.58088531466868,bipolar,100.0,0.5-70 Hz,60 Hz,10.0,0.12235501765556067,414.4694689426507,5.481001705683828,5.495134870859848,False,True
52171b84-f8b2-4291-b6b2-824ec0206fbf,273,21022,sz,gpd,0,GPD,0,True,2485.7,0,12,75.04844063923558,bipolar,100.0,0.5-70 Hz,60 Hz,10.0,0.12218164483136612,399.0039725770384,5.458918009904692,5.473052293721608,False,True
52171b84-f8b2-4291-b6b2-824ec0206fbf,274,52268,gpd,gpd,1,GPD,1,True,9452.3,0,10,52.261120364626464,bipolar,100.0,0.5-70 Hz,60 Hz,10.0,0.12247335674774967,405.1797604111514,5.438900505934631,5.451098350113412,False,True
52171b84-f8b2-4291-b6b2-824ec0206fbf,275,37521,gpd,gpd,1,GPD,1,True,1398.8,0,15,139.6833461452592,bipolar,100.0,0.5-70 Hz,60 Hz,10.0,0.12275873091641631,401.8248890250553,5.417653950714401,5.430834818876624,False,True
52171b84-f8b2-4291-b6b2-824ec0206fbf,276,88892,gpd,gpd,1,GPD,1,True,1701.6,0,14,54.026190439893114,bipolar,100.0,0.5-70 Hz,60 Hz,10.0,0.12307212843901899,388.5273162214438,5.395479876695745,5.409362585548895,False,True
52171b84-f8b2-4291-b6b2-824ec0206fbf,277,67545,gpd,gpd,1,GPD,1,True,1315.5,0,14,10.897791754775923,bipolar,100.0,0.5-70 Hz,60 Hz,10.0,0.1231929639511874,365.8372881553889,5.372638520503768,5.386966933299073,False,True
52171b84-f8b2-4291-b6b2-824ec0206fbf,278,88156,gpd,gpd,1,GPD,1,True,1293.1,0,15,13.517526824017725,bipolar,100.0,0.5-70 Hz,60 Hz,10.0,0.12307669833958973,335.36596751022466,5.349265168640832,5.363912317341772,False,True
52171b84-f8b2-4291-b6b2-824ec0206fbf,279,53742,lrda,gpd,0,LRDA,1,False,2725.4,0,7,52.815209615374336,bipolar,100.0,0.5-70 Hz,60 Hz,10.0,0.12137776143458712,599.9999999999999,5.206377450883188,5.341204996440434,True,True
52171b84-f8b2-4291-b6b2-824ec0206fbf,280,70983,sz,lpd,0,Seizure,1,False,3033.0,0,10,89.22019712727946,bipolar,100.0,0.5-70 Hz,60 Hz,10.0,0.12151718510852805,577.6578594254099,5.254236250556573,5.196641552665374,False,True
52171b84-f8b2-4291-b6b2-824ec0206fbf,281,38566,sz,gpd,0,Other,0,False,7087.4,0,8,42.25583167435321,bipolar,100.0,0.5-70 Hz,60 Hz,10.0,0.12143537642754104,595.76330393506,5.2129037107243255,5.244603992159423,False,True
52171b84-f8b2-4291-b6b2-824ec0206fbf,282,65672,sz,grda,0,Other,0,False,2162.0,0,11,54.67181587568144,bipolar,100.0,0.5-70 Hz,60 Hz,10.0,0.12132279311913052,597.4532474889991,5.170818251798044,5.204068253306746,False,True
52171b84-f8b2-4291-b6b2-824ec0206fbf,283,68983,sz,grda,0,Seizure,1,False,2847.2,0,10,53.85835449941985,bipolar,100.0,0.5-70 Hz,60 Hz,10.0,0.12147533817669326,586.8587483822411,5.216060565774966,5.162627154115587,False,True
52171b84-f8b2-4291-b6b2-824ec0206fbf,284,85180,sz,lpd,0,Seizure,1,False,5427.0,0,16,24.720257358707745,bipolar,100.0,0.5-70 Hz,60 Hz,10.0,0.12157205432725776,548.1397636636952,5.252726827870507,5.207867555489468,False,True
52171b84-f8b2-4291-b6b2-824ec0206fbf,285,35156,grda,grda,1,GRDA,1,True,2587.6,0,11,48.806053577087106,bipolar,100.0,0.5-70 Hz,60 Hz,10.0,0.1217580365439197,539.1541671497912,5.223882821580833,5.245124019311335,False,True
52171b84-f8b2-4291-b6b2-824ec0206fbf,286,45851,sz,gpd,0,GRDA,0,False,1742.8,0,10,98.45668603827922,bipolar,100.0,0.5-70 Hz,60 Hz,10.0,0.12164966755630974,566.2892775761522,5.190080141306698,5.21560128136155,False,True
52171b84-f8b2-4291-b6b2-824ec0206fbf,287,51200,sz,lrda,0,LPD,0,False,3295.9,0,12,165.98008936106967,bipolar,100.0,0.5-70 Hz,60 Hz,10.0,0.12155091007681179,581.4996491618757,5.155390815294496,5.182371703140342,False,True
52171b84-f8b2-4291-b6b2-824ec0206fbf,288,87283,lpd,lpd,1,LPD,1,True,4498.1,0,20,71.85686648840938,bipolar,100.0,0.5-70 Hz,60 Hz,10.0,0.12106369146881485,573.2179250682533,5.121564886071887,5.147830913273998,False,True
52171b84-f8b2-4291-b6b2-824ec0206fbf,289,84837,grda,grda,1,GRDA,1,True,2170.4,0,15,139.2979447627011,bipolar,100.0,0.5-70 Hz,60 Hz,10.0,0.12121318696654343,549.3112751964629,5.088132599521506,5.113969882126835,False,True
52171b84-f8b2-4291-b6b2-824ec0206fbf,290,88659,grda,grda,1,GPD,0,False,2828.2,0,11,132.9262703626551,bipolar,100.0,0.5-70 Hz,60 Hz,10.0,0.12098510307200744,581.284063528583,5.130016545436884,5.08039183841837,False,True
52171b84-f8b2-4291-b6b2-824ec0206fbf,291,23733,sz,grda,0,GRDA,0,True,2542.8,0,10,53.25877250177808,bipolar,100.0,0.5-70 Hz,60 Hz,10.0,0.12086370959446174,584.4647435113627,5.092113644385549,5.122538023957349,False,True
52171b84-f8b2-4291-b6b2-824ec0206fbf,292,46931,gpd,gpd,1,GRDA,0,False,1790.8,0,14,28.81173100576987,bipolar,100.0,0.5-70 Hz,60 Hz,10.0,0.12054878150801313,560.9714361191753,5.099360115523238,5.084468878258854,False,True
52171b84-f8b2-4291-b6b2-824ec0206fbf,293,62669,lpd,lpd,1,LRDA,0,False,1387.8,0,9,71.29798687126396,bipolar,100.0,0.5-70 Hz,60 Hz,10.0,0.12117498892333939,558.0015406383393,5.137296666504345,5.09161094449776,False,True
52171b84-f8b2-4291-b6b2-824ec0206fbf,294,37894,gpd,gpd,1,GPD,1,True,2102.1,0,17,27.957466451398744,bipolar,100.0,0.5-70 Hz,60 Hz,10.0,0.12143978039802117,577.1224421311164,5.1256976119491044,5.130026365284403,False,True
52171b84-f8b2-4291-b6b2-824ec0206fbf,295,54303,gpd,gpd,1,GPD,1,True,1845.1,0,10,55.322879807497564,bipolar,100.0,0.5-70 Hz,60 Hz,10.0,0.12166601596789728,583.8235331466235,5.113391635919491,5.118619259962101,False,True
52171b84-f8b2-4291-b6b2-824ec0206fbf,296,49249,gpd,gpd,1,LRDA,0,False,1365.0,0,7,8.20312941165198,bipolar,100.0,0.5-70 Hz,60 Hz,10.0,0.12125437474088513,559.1221052411789,5.117390552423041,5.10659443892407,False,True
52171b84-f8b2-4291-b6b2-824ec0206fbf,297,44861,lpd,lpd,1,LPD,1,True,1223.5,0,8,78.8347721063213,bipolar,100.0,0.5-70 Hz,60 Hz,10.0,0.12089302778605682,565.0457734568587,5.090133370148336,5.110639362414131,False,True
52171b84-f8b2-4291-b6b2-824ec0206fbf,298,63709,sz,other,0,LRDA,0,False,1797.2,0,12,49.446227307646474,bipolar,100.0,0.5-70 Hz,60 Hz,10.0,0.12073102538379887,555.7013164745061,5.049936577090125,5.08323081935038,False,True
52171b84-f8b2-4291-b6b2-824ec0206fbf,299,44995,lpd,lpd,1,Seizure,0,False,1412.7,0,14,143.79019741856254,bipolar,100.0,0.5-70 Hz,60 Hz,10.0,0.12127764048242101,538.491416552761,5.08315842157622,5.0429687764416204,False,True
52171b84-f8b2-4291-b6b2-824ec0206fbf,300,89061,gpd,gpd,1,GPD,1,True,1021.0,0,12,9.458017910444445,bipolar,100.0,0.5-70 Hz,60 Hz,10.0,0.12155899164582712,555.2120005228727,5.072966207319982,5.076450841358265,False,True
52171b84-f8b2-4291-b6b2-824ec0206fbf,301,15897,spike,spike,1,Yes (spike present),1,True,2596.9,0,9,6.098601940278235,bipolar,100.0,0.5-70 Hz,60 Hz,10.0,0.12098845763629368,548.6133110755485,5.050397390904416,5.066409098407723,False,True
52171b84-f8b2-4291-b6b2-824ec0206fbf,302,87290,gpd,gpd,1,GPD,1,True,4119.6,0,8,47.858597931760734,bipolar,100.0,0.5-70 Hz,60 Hz,10.0,0.12113773613586704,555.1905764020592,5.039367624799779,5.043710562776643,False,True
52171b84-f8b2-4291-b6b2-824ec0206fbf,303,55238,gpd,seizure,0,GPD,1,False,1847.7,0,1,101.75291426492468,bipolar,100.0,0.5-70 Hz,60 Hz,10.0,0.12148729565131383,550.7492500670293,5.05813046597153,5.032515428493921,False,True
52171b84-f8b2-4291-b6b2-824ec0206fbf,304,46782,gpd,gpd,1,GPD,1,True,1164.4,0,9,114.89102261713708,bipolar,100.0,0.5-70 Hz,60 Hz,10.0,0.12189308906472751,542.7833648285825,5.04676437324382,5.051397665853047,False,True
52171b84-f8b2-4291-b6b2-824ec0206fbf,305,56105,gpd,other,0,Seizure,0,False,1568.2,0,5,45.514925382754775,bipolar,100.0,0.5-70 Hz,60 Hz,10.0,0.12141841906104167,551.163713038646,5.022762341123878,5.040189825442578,False,True
52171b84-f8b2-4291-b6b2-824ec0206fbf,306,86524,gpd,lrda,0,GPD,1,False,1988.9,0,11,50.01126817569035,bipolar,100.0,0.5-70 Hz,60 Hz,10.0,0.1218737390595141,540.727327995329,5.04007519498847,5.01621240581029,False,True
52171b84-f8b2-4291-b6b2-824ec0206fbf,307,27123,sz,seizure,1,LRDA,0,False,2352.4,0,10,160.62487766295297,bipolar,100.0,0.5-70 Hz,60 Hz,10.0,0.12087753081980646,494.6982323376764,5.053063196071097,5.033550114121239,False,True
52171b84-f8b2-4291-b6b2-824ec0206fbf,308,56486,grda,grda,1,GRDA,1,True,2333.6,0,5,144.80975956575892,bipolar,100.0,0.5-70 Hz,60 Hz,10.0,0.12106650179744705,489.8086312309039,5.032345302916406,5.046418651224675,False,True
52171b84-f8b2-4291-b6b2-824ec0206fbf,309,69661,grda,grda,1,Seizure,0,False,13680.6,0,11,141.81970559786322,bipolar,100.0,0.5-70 Hz,60 Hz,10.0,0.12078606002675107,491.32199773233555,5.051233892649742,5.025602359955332,False,True
52171b84-f8b2-4291-b6b2-824ec0206fbf,310,89081,gpd,gpd,1,LPD,0,False,4575.9,0,8,58.23733935020783,bipolar,100.0,0.5-70 Hz,60 Hz,10.0,0.12048098855148603,496.4573441990101,5.048604721033343,5.044740745715072,False,True
52171b84-f8b2-4291-b6b2-824ec0206fbf,311,85268,gpd,gpd,1,GPD,1,True,1426.0,0,11,74.44029802112861,bipolar,100.0,0.5-70 Hz,60 Hz,10.0,0.12063368385312884,496.9217518147105,5.039640556618778,5.0422375070057,False,True
52171b84-f8b2-4291-b6b2-824ec0206fbf,312,84794,iic,grda,0,Other,1,False,1628.7,0,13,7.268270608801407,bipolar,100.0,0.5-70 Hz,60 Hz,10.0,0.12070645774119027,479.04598136026857,5.046835213365054,5.033492651753525,False,True
52171b84-f8b2-4291-b6b2-824ec0206fbf,313,47385,iic,other,1,Other,1,True,1738.7,0,16,39.69800916608824,bipolar,100.0,0.5-70 Hz,60 Hz,10.0,0.120925371387267,478.24463280324176,5.01708301802902,5.040552703392213,False,True
52171b84-f8b2-4291-b6b2-824ec0206fbf,314,86946,lpd,lrda,0,LPD,1,False,9403.0,0,10,51.6539814834688,bipolar,100.0,0.5-70 Hz,60 Hz,10.0,0.12172034166111184,467.5131872671226,5.043787992451632,5.010829470266264,False,True
52171b84-f8b2-4291-b6b2-824ec0206fbf,315,49329,iic,other,1,Other,1,True,5260.7,0,9,146.96887038751322,bipolar,100.0,0.5-70 Hz,60 Hz,10.0,0.12201176796954621,457.5930856294337,5.010841274416897,5.0376618271624825,False,True
52171b84-f8b2-4291-b6b2-824ec0206fbf,316,85998,iic,lrda,0,LPD,0,False,7290.9,0,12,75.47560144197871,bipolar,100.0,0.5-70 Hz,60 Hz,10.0,0.12206709642760705,470.30363816696627,5.001701880968183,5.004744341764415,False,True
52171b84-f8b2-4291-b6b2-824ec0206fbf,317,69204,iic,seizure,0,LRDA,0,False,3359.6,0,8,50.22465473326237,bipolar,100.0,0.5-70 Hz,60 Hz,10.0,0.12207426271738753,473.0564919556552,4.989908636291578,4.99565326847184,False,True
52171b84-f8b2-4291-b6b2-824ec0206fbf,318,22597,gpd,gpd,1,Other,0,False,1678.4,0,12,56.222970249813464,bipolar,100.0,0.5-70 Hz,60 Hz,10.0,0.12158204081944662,462.34274219695243,4.985914969714716,4.983903864493448,False,True
52171b84-f8b2-4291-b6b2-824ec0206fbf,319,63145,grda,grda,1,LPD,0,False,1387.0,0,10,158.24633107478107,bipolar,100.0,0.5-70 Hz,60 Hz,10.0,0.12104865989897828,445.195340873593,5.0001858186786645,4.979884344532596,False,True
52171b84-f8b2-4291-b6b2-824ec0206fbf,320,52522,grda,lpd,0,GRDA,1,False,2236.8,0,16,42.818931436442284,bipolar,100.0,0.5-70 Hz,60 Hz,10.0,0.12201477756616719,445.50340774418197,5.034711197159534,4.993935568058021,False,True
52171b84-f8b2-4291-b6b2-824ec0206fbf,321,39106,gpd,gpd,1,GPD,1,True,1644.2,0,15,130.64988166599494,bipolar,100.0,0.5-70 Hz,60 Hz,10.0,0.12236482371300528,453.13048635134516,5.030237405276056,5.028626284077467,False,True
52171b84-f8b2-4291-b6b2-824ec0206fbf,322,11159,spike,spike,1,Yes (spike present),1,True,10473.8,0,13,136.09487643083452,bipolar,100.0,0.5-70 Hz,60 Hz,10.0,0.12274651567520872,441.01282344495365,5.004001297714277,5.02429443851717,False,True
52171b84-f8b2-4291-b6b2-824ec0206fbf,323,85773,gpd,gpd,1,Seizure,0,False,2505.0,0,14,51.410681095895484,bipolar,100.0,0.5-70 Hz,60 Hz,10.0,0.12166666000344944,420.98412221509926,4.9969017459168,4.997990082180879,False,True
52171b84-f8b2-4291-b6b2-824ec0206fbf,324,44156,sz,grda,0,GPD,0,False,2142.5,0,9,44.47200370186252,bipolar,100.0,0.5-70 Hz,60 Hz,10.0,0.11973881378648182,409.10670489011403,4.964488258654393,4.990817886864909,False,True
52171b84-f8b2-4291-b6b2-824ec0206fbf,325,63732,iic,other,1,Other,1,True,6516.0,0,15,158.08039751652694,bipolar,100.0,0.5-70 Hz,60 Hz,10.0,0.12096870137415427,392.855438619768,4.932465237062333,4.958476434788652,False,True
52171b84-f8b2-4291-b6b2-824ec0206fbf,326,55766,iic,lpd,0,LPD,0,True,1892.5,0,12,140.98477293850056,bipolar,100.0,0.5-70 Hz,60 Hz,10.0,0.12232540143028908,383.2455003092867,4.917640425261416,4.9264899258244,False,True
52171b84-f8b2-4291-b6b2-824ec0206fbf,327,88496,lpd,lpd,1,LRDA,0,False,3269.6,0,15,7.699021512056225,bipolar,100.0,0.5-70 Hz,60 Hz,10.0,0.12273802205338785,360.0232866373454,4.948083158553111,4.911731745281102,False,True
52171b84-f8b2-4291-b6b2-824ec0206fbf,328,54035,gpd,gpd,1,LRDA,0,False,1786.4,0,13,66.42377578306815,bipolar,100.0,0.5-70 Hz,60 Hz,10.0,0.12205432189157883,327.83023517993604,4.937002082991146,4.942221175418929,False,True
52171b84-f8b2-4291-b6b2-824ec0206fbf,329,39281,grda,seizure,0,GRDA,1,False,2210.5,0,5,36.0186692025468,bipolar,100.0,0.5-70 Hz,60 Hz,10.0,0.12444487435288654,319.0944324578908,4.955333302627788,4.931124380708751,False,True
52171b84-f8b2-4291-b6b2-824ec0206fbf,330,88796,sz,seizure,1,GRDA,0,False,3075.2,0,12,152.2051966072336,bipolar,100.0,0.5-70 Hz,60 Hz,10.0,0.12139239308775485,599.9999999999999,5.032318664556561,4.949519443850156,True,True
52171b84-f8b2-4291-b6b2-824ec0206fbf,331,10305,spike,spike,1,No (no spike),0,False,8013.6,0,12,97.08245772820865,bipolar,100.0,0.5-70 Hz,60 Hz,10.0,0.12061526802574468,574.5241290311284,5.0588388355798495,5.026060506480732,False,True
52171b84-f8b2-4291-b6b2-824ec0206fbf,332,87726,gpd,lrda,0,GPD,1,False,2726.6,0,12,60.93411122515749,bipolar,100.0,0.5-70 Hz,60 Hz,10.0,0.1207286251773092,566.8947380248562,5.050065510081986,5.052923235497689,False,True
52171b84-f8b2-4291-b6b2-824ec0206fbf,333,65399,iic,other,1,Other,1,True,2092.0,0,12,155.2517655167907,bipolar,100.0,0.5-70 Hz,60 Hz,10.0,0.12070016576891285,558.8038872073811,5.029678104369681,5.044186572473898,False,True
52171b84-f8b2-4291-b6b2-824ec0206fbf,334,87919,sz,grda,0,GPD,0,False,2864.3,0,10,57.41663294170373,bipolar,100.0,0.5-70 Hz,60 Hz,10.0,0.12010626900540089,554.0549761591931,5.0048575346719355,5.023863397543135,False,True
52171b84-f8b2-4291-b6b2-824ec0206fbf,335,34589,lrda,seizure,0,LRDA,1,False,1936.2,0,8,128.35970134143508,bipolar,100.0,0.5-70 Hz,60 Hz,10.0,0.11962592220697849,543.7998884628784,5.017374260672393,4.999174335816916,False,True
52171b84-f8b2-4291-b6b2-824ec0206fbf,336,87706,grda,grda,1,GRDA,1,True,2270.9,0,5,27.39077147208645,bipolar,100.0,0.5-70 Hz,60 Hz,10.0,0.11968439810819376,537.7762460434203,4.9912338036652875,5.011688866452632,False,True
52171b84-f8b2-4291-b6b2-824ec0206fbf,337,86215,grda,grda,1,GRDA,1,True,1614.1,0,17,13.811045724572073,bipolar,100.0,0.5-70 Hz,60 Hz,10.0,0.12033509374521972,520.3074444357273,4.96394283652304,4.985192823230424,False,True
52171b84-f8b2-4291-b6b2-824ec0206fbf,338,62785,grda,grda,1,LRDA,0,False,2324.5,0,10,37.9082922232395,bipolar,100.0,0.5-70 Hz,60 Hz,10.0,0.11974909528003513,542.3777268945075,4.990738823040723,4.957531003567171,False,True
52171b84-f8b2-4291-b6b2-824ec0206fbf,339,62692,iic,other,1,Other,1,True,3495.4,0,9,102.98753537015449,bipolar,100.0,0.5-70 Hz,60 Hz,10.0,0.12007206219487515,522.012854720299,4.969215621871433,4.985076663682656,False,True
52171b84-f8b2-4291-b6b2-824ec0206fbf,340,39687,iic,lpd,0,Other,1,False,2312.7,0,11,154.35846590269549,bipolar,100.0,0.5-70 Hz,60 Hz,10.0,0.12120327901524103,501.6705170071775,5.00820161395812,4.963526353951764,False,True
52171b84-f8b2-4291-b6b2-824ec0206fbf,341,50548,iic,other,1,Other,1,True,8068.9,0,13,41.820025182241494,bipolar,100.0,0.5-70 Hz,60 Hz,10.0,0.12157659408750199,469.1847646678621,4.983665890386725,5.002266091645005,False,True
52171b84-f8b2-4291-b6b2-824ec0206fbf,342,38604,iic,gpd,0,Other,1,False,13369.2,0,15,51.17474111529008,bipolar,100.0,0.5-70 Hz,60 Hz,10.0,0.12164486454019274,427.1492346808564,5.013224046915492,4.977736479141424,False,True
52171b84-f8b2-4291-b6b2-824ec0206fbf,343,21003,iic,other,1,LPD,0,False,2175.8,0,8,146.79449080056116,bipolar,100.0,0.5-70 Hz,60 Hz,10.0,0.12120361865003154,485.5642020434698,5.051289977463067,5.007076293942598,False,True
52171b84-f8b2-4291-b6b2-824ec0206fbf,344,41440,sz,lpd,0,LPD,0,True,2683.1,0,12,13.958783044064957,bipolar,100.0,0.5-70 Hz,60 Hz,10.0,0.12045395641893719,474.5463318086357,5.028454185849343,5.0455324041102205,False,True
52171b84-f8b2-4291-b6b2-824ec0206fbf,345,44846,iic,other,1,Other,1,True,1407.9,0,9,46.196740153765255,bipolar,100.0,0.5-70 Hz,60 Hz,10.0,0.12092767955913442,452.5480776397484,5.007394545088351,5.022514887461466,False,True
52171b84-f8b2-4291-b6b2-824ec0206fbf,346,68692,iic,other,1,Seizure,0,False,1802.8,0,13,10.559385734700037,bipolar,100.0,0.5-70 Hz,60 Hz,10.0,0.11979942229956092,485.1759113399001,5.034926739310002,5.001586247952567,False,True
52171b84-f8b2-4291-b6b2-824ec0206fbf,347,87476,sz,gpd,0,Seizure,1,False,2763.6,0,9,4.79087324834605,bipolar,100.0,0.5-70 Hz,60 Hz,10.0,0.12130165877887966,497.80817969606665,5.064357906711658,5.029397821557957,False,True
52171b84-f8b2-4291-b6b2-824ec0206fbf,348,27416,sz,grda,0,LRDA,0,False,1786.9,0,9,50.63590081258619,bipolar,100.0,0.5-70 Hz,60 Hz,10.0,0.12056723817955944,494.00784838552,5.043088580754867,5.058897964825822,False,True
52171b84-f8b2-4291-b6b2-824ec0206fbf,349,46099,iic,other,1,Other,1,True,13453.9,0,18,56.16135269888225,bipolar,100.0,0.5-70 Hz,60 Hz,10.0,0.12087796540903456,481.92303008601596,5.023752966421928,5.037612147100729,False,True
52171b84-f8b2-4291-b6b2-824ec0206fbf,350,70977,iic,seizure,0,LPD,0,False,2951.6,0,9,10.101874833086352,bipolar,100.0,0.5-70 Hz,60 Hz,10.0,0.1203889702711563,508.7828194106183,4.99862254738353,5.018270677289628,False,True
52171b84-f8b2-4291-b6b2-824ec0206fbf,351,88045,lpd,seizure,0,LPD,1,False,2951.4,0,10,7.49873799044068,bipolar,100.0,0.5-70 Hz,60 Hz,10.0,0.1199448002313312,496.6522014356411,5.033485026051565,4.993282283784893,False,True
52171b84-f8b2-4291-b6b2-824ec0206fbf,352,86763,gpd,lrda,0,GRDA,0,False,1769.7,0,14,73.28032176258317,bipolar,100.0,0.5-70 Hz,60 Hz,10.0,0.11985403965186103,502.24246349413147,5.031642338149297,5.028096069875137,False,True
52171b84-f8b2-4291-b6b2-824ec0206fbf,353,87083,gpd,grda,0,GPD,1,False,6736.3,0,11,11.602101430699143,bipolar,100.0,0.5-70 Hz,60 Hz,10.0,0.11995028185135809,494.56514397116496,5.022430883188892,5.026021512808494,False,True
52171b84-f8b2-4291-b6b2-824ec0206fbf,354,41527,lpd,lpd,1,Seizure,0,False,1914.4,0,10,77.68547243266484,bipolar,100.0,0.5-70 Hz,60 Hz,10.0,0.1205721671018527,485.1519153095134,5.063311559845675,5.017049970410811,False,True
52171b84-f8b2-4291-b6b2-824ec0206fbf,355,56466,iic,lpd,0,LRDA,0,False,6138.9,0,4,41.04436845959961,bipolar,100.0,0.5-70 Hz,60 Hz,10.0,0.12010570956336203,503.9411879865786,5.031808813994729,5.057930885588336,False,True
52171b84-f8b2-4291-b6b2-824ec0206fbf,356,68672,grda,grda,1,GRDA,1,True,3766.6,0,4,123.76985527187286,bipolar,100.0,0.5-70 Hz,60 Hz,10.0,0.12047700006366696,495.8269469605056,5.009738423150218,5.026429709706877,False,True
52171b84-f8b2-4291-b6b2-824ec0206fbf,357,41050,grda,grda,1,GRDA,1,True,3430.7,0,12,153.2394137039855,bipolar,100.0,0.5-70 Hz,60 Hz,10.0,0.12089322162178462,478.26403782042576,4.9865963728563685,5.004032885320137,False,True
52171b84-f8b2-4291-b6b2-824ec0206fbf,358,20870,grda,grda,1,GRDA,1,True,2484.3,0,9,50.50951897846214,bipolar,100.0,0.5-70 Hz,60 Hz,10.0,0.12126821370751006,451.09951801182063,4.9622033205792295,4.980544886251144,False,True
52171b84-f8b2-4291-b6b2-824ec0206fbf,359,88515,grda,grda,1,LRDA,0,False,6394.2,0,15,74.95080441323954,bipolar,100.0,0.5-70 Hz,60 Hz,10.0,0.12085470456048436,489.59753730249537,4.985191180960792,4.955837009005349,False,True
52171b84-f8b2-4291-b6b2-824ec0206fbf,360,15491,spike,spike,1,Yes (spike present),1,True,2953.5,0,13,138.83548379519306,bipolar,100.0,0.5-70 Hz,60 Hz,10.0,0.12104437270537194,505.3838169199733,4.955963905551501,4.979796856669002,False,True
52171b84-f8b2-4291-b6b2-824ec0206fbf,361,69952,grda,grda,1,Seizure,0,False,2293.5,0,11,148.86354658569513,bipolar,100.0,0.5-70 Hz,60 Hz,10.0,0.12113413481931895,518.504455113011,4.977525302339588,4.9507308872565865,False,True
52171b84-f8b2-4291-b6b2-824ec0206fbf,362,86445,lrda,grda,0,GPD,0,False,1875.8,0,13,8.575002046987256,bipolar,100.0,0.5-70 Hz,60 Hz,10.0,0.12111042941008576,527.7121999628748,4.964950836425164,4.972314137556575,False,True
52171b84-f8b2-4291-b6b2-824ec0206fbf,363,37440,lrda,gpd,0,Seizure,0,False,2252.6,0,8,132.87745509612682,bipolar,100.0,0.5-70 Hz,60 Hz,10.0,0.12131817127936473,528.5109262095705,4.951389623185941,4.959630549674772,False,True
52171b84-f8b2-4291-b6b2-824ec0206fbf,364,86586,lrda,grda,0,LPD,0,False,2558.0,0,10,125.11371000433296,bipolar,100.0,0.5-70 Hz,60 Hz,10.0,0.12160705802741617,520.0088765809303,4.936591792214891,4.945954497906766,False,True
52171b84-f8b2-4291-b6b2-824ec0206fbf,365,86356,lrda,gpd,0,LRDA,1,False,1242.9,0,9,141.17849619595708,bipolar,100.0,0.5-70 Hz,60 Hz,10.0,0.12113754676490424,528.7137838862825,4.945942693603939,4.931141200879493,False,True
52171b84-f8b2-4291-b6b2-824ec0206fbf,366,86656,sz,gpd,0,Seizure,1,False,2736.1,0,10,48.564706061611275,bipolar,100.0,0.5-70 Hz,60 Hz,10.0,0.12154249761705965,532.0776069668949,4.969525867530459,4.940731488834378,False,True
52171b84-f8b2-4291-b6b2-824ec0206fbf,367,70955,lrda,lrda,1,LRDA,1,True,6515.3,0,13,8.594694435124996,bipolar,100.0,0.5-70 Hz,60 Hz,10.0,0.12165224375748374,526.0076605509802,4.943426539388094,4.964072615055191,False,True
52171b84-f8b2-4291-b6b2-824ec0206fbf,368,88934,lrda,lrda,1,LRDA,1,True,2592.2,0,8,70.31182273090911,bipolar,100.0,0.5-70 Hz,60 Hz,10.0,0.1231309189622184,507.01683480309305,4.914951523060072,4.9376551818557886,False,True
52171b84-f8b2-4291-b6b2-824ec0206fbf,369,51979,lrda,lrda,1,LRDA,1,True,12409.9,0,19,9.67272254375214,bipolar,100.0,0.5-70 Hz,60 Hz,10.0,0.12248714489615253,475.4909878622965,4.884351789379901,4.908968754678343,False,True
52171b84-f8b2-4291-b6b2-824ec0206fbf,370,87269,lrda,lrda,1,LRDA,1,True,9639.4,0,9,50.08701000192153,bipolar,100.0,0.5-70 Hz,60 Hz,10.0,0.1221056571498153,433.40619472080414,4.85096829778837,4.878053075433022,False,True
52171b84-f8b2-4291-b6b2-824ec0206fbf,371,86565,lrda,lrda,1,LRDA,1,True,1624.2,0,11,54.69231664425928,bipolar,100.0,0.5-70 Hz,60 Hz,10.0,0.12228464710066889,384.1667260029815,4.814624640748607,4.844350087522444,False,True
52171b84-f8b2-4291-b6b2-824ec0206fbf,372,49990,iic,grda,0,GPD,0,False,1637.0,0,13,107.29484904962113,bipolar,100.0,0.5-70 Hz,60 Hz,10.0,0.12228342073946846,397.7945429727523,4.786485690928312,4.808704030290476,False,True
52171b84-f8b2-4291-b6b2-824ec0206fbf,373,85581,lrda,lrda,1,GPD,0,False,2870.4,0,8,73.21152430138066,bipolar,100.0,0.5-70 Hz,60 Hz,10.0,0.12242775152455937,480.25521217443,4.830372983745021,4.77984297097842,False,True
52171b84-f8b2-4291-b6b2-824ec0206fbf,374,51924,lrda,lrda,1,LRDA,1,True,1908.8,0,11,47.224832943770764,bipolar,100.0,0.5-70 Hz,60 Hz,10.0,0.12206545357524123,440.65890123463527,4.799898346636981,4.824827127324463,False,True
52171b84-f8b2-4291-b6b2-824ec0206fbf,375,51960,lrda,lrda,1,LRDA,1,True,4546.1,0,17,173.29764882186166,bipolar,100.0,0.5-70 Hz,60 Hz,10.0,0.1222493969869537,394.9302952826192,4.767450780202127,4.794155336766359,False,True
52171b84-f8b2-4291-b6b2-824ec0206fbf,376,54076,lrda,lrda,1,Other,0,False,2474.3,0,12,150.8186758703654,bipolar,100.0,0.5-70 Hz,60 Hz,10.0,0.12217333314754919,471.05953763193395,4.8092671584039675,4.7614937068126695,False,True
52171b84-f8b2-4291-b6b2-824ec0206fbf,377,12664,spike,spike,1,Yes (spike present),1,True,3313.7,0,9,45.17675390665214,bipolar,100.0,0.5-70 Hz,60 Hz,10.0,0.12208664414860626,482.48513418900797,4.783093921674492,4.803875001736351,False,True
52171b84-f8b2-4291-b6b2-824ec0206fbf,378,85931,iic,seizure,0,GPD,0,False,2544.4,0,11,72.98457871455875,bipolar,100.0,0.5-70 Hz,60 Hz,10.0,0.12152061406621417,483.83352814050556,4.748533395234525,4.777771161327312,False,True
52171b84-f8b2-4291-b6b2-824ec0206fbf,379,85309,gpd,seizure,0,GPD,1,False,1345.5,0,12,143.79983195931374,bipolar,100.0,0.5-70 Hz,60 Hz,10.0,0.12146269605377508,466.5305911028388,4.738465656264128,4.743308607832885,False,True
52171b84-f8b2-4291-b6b2-824ec0206fbf,380,84752,iic,grda,0,Other,1,False,1883.8,0,6,94.5477009786131,bipolar,100.0,0.5-70 Hz,60 Hz,10.0,0.12214513816934719,459.42484847003493,4.7836936683559195,4.733321943860773,False,True
52171b84-f8b2-4291-b6b2-824ec0206fbf,381,64862,sz,grda,0,GPD,0,False,7850.7,0,10,150.41755118070185,bipolar,100.0,0.5-70 Hz,60 Hz,10.0,0.12149172230574451,464.2838703239951,4.765321931196748,4.778441736522181,False,True
52171b84-f8b2-4291-b6b2-824ec0206fbf,382,56609,iic,other,1,LPD,0,False,1964.7,0,13,7.902126050110628,bipolar,100.0,0.5-70 Hz,60 Hz,10.0,0.1215785530868787,464.2549188385887,4.776261938520044,4.760184998930956,False,True
52171b84-f8b2-4291-b6b2-824ec0206fbf,383,23712,sz,seizure,1,LPD,0,False,7675.6,0,11,148.12959098254655,bipolar,100.0,0.5-70 Hz,60 Hz,10.0,0.12199838462903179,453.98248381599427,4.804521014387433,4.771254731341989,False,True
52171b84-f8b2-4291-b6b2-824ec0206fbf,384,36407,sz,lrda,0,Seizure,1,False,2144.9,0,15,8.569278528140837,bipolar,100.0,0.5-70 Hz,60 Hz,10.0,0.12366661754199876,443.4067050044379,4.829372225206974,4.799292212539657,False,True
52171b84-f8b2-4291-b6b2-824ec0206fbf,385,87400,sz,lrda,0,Other,0,False,1392.9,0,17,39.164058654316435,bipolar,100.0,0.5-70 Hz,60 Hz,10.0,0.1229568395447978,450.9478548454286,4.807899629804026,4.824193591405681,False,True
52171b84-f8b2-4291-b6b2-824ec0206fbf,386,38677,gpd,gpd,1,GPD,1,True,1701.7,0,9,45.32251346197162,bipolar,100.0,0.5-70 Hz,60 Hz,10.0,0.12164815069234097,437.8165962673594,4.790365691804384,4.802860143601453,False,True
52171b84-f8b2-4291-b6b2-824ec0206fbf,387,40436,iic,other,1,Other,1,True,1838.1,0,15,42.207396837613345,bipolar,100.0,0.5-70 Hz,60 Hz,10.0,0.12143086870409842,440.06970230424207,4.7800427858712915,4.785273968799096,False,True
52171b84-f8b2-4291-b6b2-824ec0206fbf,388,54608,iic,lpd,0,GPD,0,False,3204.6,0,13,6.32881588310627,bipolar,100.0,0.5-70 Hz,60 Hz,10.0,0.12147350765762216,446.327335463494,4.74613671077504,4.774927436401717,False,True
52171b84-f8b2-4291-b6b2-824ec0206fbf,389,13612,spike,spike,1,Yes (spike present),1,True,2779.3,0,13,46.87946836654088,bipolar,100.0,0.5-70 Hz,60 Hz,10.0,0.12244316700975105,443.4671903838943,4.726394945624649,4.741108385205111,False,True
52171b84-f8b2-4291-b6b2-824ec0206fbf,390,13226,spike,spike,1,Yes (spike present),1,True,2771.6,0,8,51.76011577396039,bipolar,100.0,0.5-70 Hz,60 Hz,10.0,0.12116908512062047,430.62490288242407,4.704551961294989,4.721355319007479,False,True
52171b84-f8b2-4291-b6b2-824ec0206fbf,391,5496,spike,spike,1,Yes (spike present),1,True,13608.2,0,12,58.127382531221066,bipolar,100.0,0.5-70 Hz,60 Hz,10.0,0.12383428061301122,407.8869831362637,4.68413026640344,4.699387401742526,False,True
52171b84-f8b2-4291-b6b2-824ec0206fbf,392,61324,sz,seizure,1,Seizure,1,True,2104.9,0,14,143.5333045933955,bipolar,100.0,0.5-70 Hz,60 Hz,10.0,0.12168280334630299,419.7666081171768,4.6720127595460355,4.6790631918722365,False,True
52171b84-f8b2-4291-b6b2-824ec0206fbf,393,9649,spike,spike,1,No (no spike),0,False,2420.9,0,12,53.14088459039266,bipolar,100.0,0.5-70 Hz,60 Hz,10.0,0.11994054946264138,447.9214602429754,4.695140422031801,4.66706911944083,False,True
52171b84-f8b2-4291-b6b2-824ec0206fbf,394,51824,gpd,lpd,0,Seizure,0,False,2519.4,0,15,43.63964278405337,bipolar,100.0,0.5-70 Hz,60 Hz,10.0,0.12008792168137256,465.90827268197285,4.692253646768128,4.690320158151161,False,True
52171b84-f8b2-4291-b6b2-824ec0206fbf,395,88393,gpd,lrda,0,GPD,1,False,8209.1,0,14,37.995666918857644,bipolar,100.0,0.5-70 Hz,60 Hz,10.0,0.11993154377759524,446.3878092587344,4.685105838544823,4.6873004310246795,False,True
52171b84-f8b2-4291-b6b2-824ec0206fbf,396,88089,iic,lrda,0,Other,1,False,9311.3,0,8,73.95241984683086,bipolar,100.0,0.5-70 Hz,60 Hz,10.0,0.12210232476733923,430.58291834156967,4.727734173952921,4.680317395114675,False,True
52171b84-f8b2-4291-b6b2-824ec0206fbf,397,62915,iic,other,1,Other,1,True,2737.5,0,8,73.41036547899498,bipolar,100.0,0.5-70 Hz,60 Hz,10.0,0.12197691089729118,424.6392330361407,4.714186094948704,4.722731231482854,False,True
52171b84-f8b2-4291-b6b2-824ec0206fbf,398,41476,iic,lpd,0,Other,1,False,1405.9,0,8,152.5286890681533,bipolar,100.0,0.5-70 Hz,60 Hz,10.0,0.12213762145570228,393.0119613350397,4.744898753962067,4.709262499446046,False,True
52171b84-f8b2-4291-b6b2-824ec0206fbf,399,60105,iic,other,1,Other,1,True,3174.0,0,14,6.402399568384259,bipolar,100.0,0.5-70 Hz,60 Hz,10.0,0.12202777725782338,378.0526805945597,4.7271540627750746,4.739658976675404,False,True
52171b84-f8b2-4291-b6b2-824ec0206fbf,400,63378,iic,lpd,0,Other,1,False,2212.5,0,17,40.321835939776086,bipolar,100.0,0.5-70 Hz,60 Hz,10.0,0.12158026173628406,338.1619357596419,4.742864519066178,4.722056399586712,False,True
52171b84-f8b2-4291-b6b2-824ec0206fbf,401,88824,sz,lrda,0,LPD,0,False,2580.8,0,7,53.06997433430708,bipolar,100.0,0.5-70 Hz,60 Hz,10.0,0.1214564313520014,342.901448565195,4.732428634024944,4.737824063601874,False,True
52171b84-f8b2-4291-b6b2-824ec0206fbf,402,50685,iic,other,1,GRDA,0,False,2510.5,0,13,24.58500577442434,bipolar,100.0,0.5-70 Hz,60 Hz,10.0,0.12217092732846324,366.3653977251164,4.755367389707016,4.727035808833882,False,True
52171b84-f8b2-4291-b6b2-824ec0206fbf,403,32388,iic,other,1,GRDA,0,False,2342.1,0,16,72.92410437255397,bipolar,100.0,0.5-70 Hz,60 Hz,10.0,0.12245083824879949,368.88883986726313,4.766233804561842,4.750165506129939,False,True
52171b84-f8b2-4291-b6b2-824ec0206fbf,404,70065,lrda,lrda,1,LRDA,1,True,1573.4,0,11,101.67547072178816,bipolar,100.0,0.5-70 Hz,60 Hz,10.0,0.12303907939483733,339.8347938722881,4.73087927000725,4.761266178932688,False,True
52171b84-f8b2-4291-b6b2-824ec0206fbf,405,45264,iic,other,1,Other,1,True,1612.8,0,11,9.109950938098331,bipolar,100.0,0.5-70 Hz,60 Hz,10.0,0.12256084413625906,340.375832363155,4.722234025984401,4.725806236829209,False,True
52171b84-f8b2-4291-b6b2-824ec0206fbf,406,22728,lrda,lrda,1,LRDA,1,True,1262.2,0,15,153.48402083717883,bipolar,100.0,0.5-70 Hz,60 Hz,10.0,0.12281348174472095,308.24129048379444,4.6848971839506595,4.717228498865045,False,True
52171b84-f8b2-4291-b6b2-824ec0206fbf,407,86095,iic,other,1,GPD,0,False,1529.3,0,6,153.41715578343283,bipolar,100.0,0.5-70 Hz,60 Hz,10.0,0.12401328352501167,303.75847501237615,4.688063168716423,4.679754913025378,False,True
52171b84-f8b2-4291-b6b2-824ec0206fbf,408,88173,lrda,lrda,1,LRDA,1,True,3286.8,0,19,40.436500313046636,bipolar,100.0,0.5-70 Hz,60 Hz,10.0,0.12186020418653615,599.9999999999999,4.655757401002054,4.682994532313486,True,True
52171b84-f8b2-4291-b6b2-824ec0206fbf,409,88508,sz,lrda,0,LPD,0,False,2264.0,0,11,39.70259987421589,bipolar,100.0,0.5-70 Hz,60 Hz,10.0,0.12182875211227978,593.5510352504969,4.63249762040845,4.650728502628828,False,True
52171b84-f8b2-4291-b6b2-824ec0206fbf,410,88235,sz,grda,0,Other,0,False,3246.9,0,12,39.503888156915444,bipolar,100.0,0.5-70 Hz,60 Hz,10.0,0.12179279032420243,574.7715204562492,4.607829992840703,4.62758786572933,False,True
52171b84-f8b2-4291-b6b2-824ec0206fbf,411,54058,sz,grda,0,LRDA,0,False,9883.4,0,10,43.908152320404206,bipolar,100.0,0.5-70 Hz,60 Hz,10.0,0.12175244337324215,544.6658166540467,4.582695847041596,4.603037378964928,False,True
52171b84-f8b2-4291-b6b2-824ec0206fbf,412,85296,gpd,gpd,1,GPD,1,True,3992.9,0,13,44.435158276045726,bipolar,100.0,0.5-70 Hz,60 Hz,10.0,0.121951239966122,541.6537849685261,4.557073655416563,4.577904006107095,False,True
52171b84-f8b2-4291-b6b2-824ec0206fbf,413,84820,gpd,gpd,1,GPD,1,True,2488.9,0,13,12.211440301212178,bipolar,100.0,0.5-70 Hz,60 Hz,10.0,0.12218586841336554,529.0177110872417,4.533142102207,4.552342220918446,False,True
52171b84-f8b2-4291-b6b2-824ec0206fbf,414,84687,sz,lrda,0,Other,0,False,2445.4,0,14,29.628021130950174,bipolar,100.0,0.5-70 Hz,60 Hz,10.0,0.12191796645803493,492.43869703188955,4.503411834256916,4.528431512335025,False,True
52171b84-f8b2-4291-b6b2-824ec0206fbf,415,37690,gpd,gpd,1,GPD,1,True,2094.4,0,13,38.2824635183683,bipolar,100.0,0.5-70 Hz,60 Hz,10.0,0.12210562892517113,472.7660411590427,4.480094052055749,4.498737108132927,False,True
52171b84-f8b2-4291-b6b2-824ec0206fbf,416,87383,sz,grda,0,GPD,0,False,3828.7,0,11,84.0421177448547,bipolar,100.0,0.5-70 Hz,60 Hz,10.0,0.12201669432243067,431.7990597756303,4.447786763230953,4.475480847246675,False,True
52171b84-f8b2-4291-b6b2-824ec0206fbf,417,87104,lrda,lrda,1,LRDA,1,True,1923.9,0,15,10.294759418641027,bipolar,100.0,0.5-70 Hz,60 Hz,10.0,0.12202744534529636,428.95263802702584,4.415008255512988,4.443191248631707,False,True
52171b84-f8b2-4291-b6b2-824ec0206fbf,418,44664,gpd,gpd,1,Seizure,0,False,7663.6,0,8,134.43077796377864,bipolar,100.0,0.5-70 Hz,60 Hz,10.0,0.121690372822572,455.12995272226283,4.443833455368073,4.410415629880278,False,True
52171b84-f8b2-4291-b6b2-824ec0206fbf,419,70792,lrda,other,0,LRDA,1,False,2105.4,0,14,45.16535171721562,bipolar,100.0,0.5-70 Hz,60 Hz,10.0,0.12184141105712581,443.3781492007109,4.41106128340825,4.439417569163776,False,True
52171b84-f8b2-4291-b6b2-824ec0206fbf,420,42229,sz,other,0,GPD,0,False,2020.9,0,14,54.69205998689971,bipolar,100.0,0.5-70 Hz,60 Hz,10.0,0.12163418859050429,397.99727185318727,4.3808351250524655,4.406640345018075,False,True
52171b84-f8b2-4291-b6b2-824ec0206fbf,421,86864,lrda,lrda,1,LRDA,1,True,3583.3,0,9,42.1326179015321,bipolar,100.0,0.5-70 Hz,60 Hz,10.0,0.12178474643080373,380.0015616196293,4.346651392156442,4.376489551435271,False,True
52171b84-f8b2-4291-b6b2-824ec0206fbf,422,55557,gpd,gpd,1,GPD,1,True,1406.6,0,7,68.12881940761744,bipolar,100.0,0.5-70 Hz,60 Hz,10.0,0.12192256988729983,368.4838656245649,4.316287254967218,4.342320064107495,False,True
52171b84-f8b2-4291-b6b2-824ec0206fbf,423,69755,sz,lrda,0,Other,0,False,2113.4,0,16,145.54539705731983,bipolar,100.0,0.5-70 Hz,60 Hz,10.0,0.12179535627562149,324.75755517312535,4.283270193253348,4.311954763146869,False,True
52171b84-f8b2-4291-b6b2-824ec0206fbf,424,86859,lrda,lrda,1,LRDA,1,True,1060.7,0,13,39.71978188303544,bipolar,100.0,0.5-70 Hz,60 Hz,10.0,0.12180739165325466,303.67461512941844,4.246097321479133,4.278939896216956,False,True
52171b84-f8b2-4291-b6b2-824ec0206fbf,425,2824,spike,spike,0,Yes (spike present),1,False,4919.5,0,8,43.991556510626125,bipolar,100.0,0.5-70 Hz,60 Hz,10.0,0.11907649997055803,599.9999999999999,4.338797189516396,4.241762838594497,True,True
52171b84-f8b2-4291-b6b2-824ec0206fbf,426,84976,lpd,grda,0,Seizure,0,False,1473.3,0,9,51.73646023046316,bipolar,100.0,0.5-70 Hz,60 Hz,10.0,0.11897664937629987,594.9412973766296,4.324537527271181,4.333891820980986,False,True
52171b84-f8b2-4291-b6b2-824ec0206fbf,427,86333,lpd,grda,0,LPD,1,False,2548.2,0,10,147.93475401979177,bipolar,100.0,0.5-70 Hz,60 Hz,10.0,0.11945101796733026,598.9407542733264,4.334805663985492,4.319395048943902,False,True
52171b84-f8b2-4291-b6b2-824ec0206fbf,428,88909,lrda,lrda,1,LRDA,1,True,3941.7,0,11,39.07459931507499,bipolar,100.0,0.5-70 Hz,60 Hz,10.0,0.11950682322997386,592.3286368423836,4.298178759006659,4.329963813033007,False,True
52171b84-f8b2-4291-b6b2-824ec0206fbf,429,36724,lrda,lrda,1,Seizure,0,False,2108.0,0,11,90.08384903699623,bipolar,100.0,0.5-70 Hz,60 Hz,10.0,0.11924936427637772,593.1278615432989,4.35083728619379,4.293449714304102,False,True
52171b84-f8b2-4291-b6b2-824ec0206fbf,430,87483,lpd,grda,0,Seizure,0,False,1465.1,0,9,144.49930629849854,bipolar,100.0,0.5-70 Hz,60 Hz,10.0,0.1190568203586404,592.2791644170907,4.338965063944878,4.346385999230559,False,True
52171b84-f8b2-4291-b6b2-824ec0206fbf,431,88663,lpd,grda,0,Seizure,0,False,5296.8,0,8,111.37199727068702,bipolar,100.0,0.5-70 Hz,60 Hz,10.0,0.11893855415429366,582.3530194008076,4.324896138274851,4.3343097337031775,False,True
52171b84-f8b2-4291-b6b2-824ec0206fbf,432,88551,lpd,gpd,0,Other,0,False,1668.1,0,18,51.27752773811908,bipolar,100.0,0.5-70 Hz,60 Hz,10.0,0.11877067033553829,562.6473116781592,4.308186866861389,4.320014536390564,False,True
52171b84-f8b2-4291-b6b2-824ec0206fbf,433,86246,lpd,grda,0,Other,0,False,2442.2,0,11,6.46824501601347,bipolar,100.0,0.5-70 Hz,60 Hz,10.0,0.11854764830012876,533.3458801384211,4.2885230428696595,4.3031232990298385,False,True
52171b84-f8b2-4291-b6b2-824ec0206fbf,434,69733,lpd,lrda,0,LPD,1,False,2501.6,0,17,51.138028931197184,bipolar,100.0,0.5-70 Hz,60 Hz,10.0,0.1189054966993024,572.6717210368314,4.3080724412299105,4.283277704963938,False,True
52171b84-f8b2-4291-b6b2-824ec0206fbf,435,2001,spike,spike,0,Yes (spike present),1,False,1793.5,0,10,54.904714658815884,bipolar,100.0,0.5-70 Hz,60 Hz,10.0,0.12023667211932931,552.0275493944346,4.325296422287613,4.303656664060918,False,True
52171b84-f8b2-4291-b6b2-824ec0206fbf,436,67854,lpd,grda,0,GPD,0,False,973.1,0,18,134.60688618076622,bipolar,100.0,0.5-70 Hz,60 Hz,10.0,0.12005228755649067,528.6759050683345,4.309367189398915,4.32057210281226,False,True
52171b84-f8b2-4291-b6b2-824ec0206fbf,437,85896,lpd,grda,0,LPD,1,False,3495.3,0,15,106.59148067900273,bipolar,100.0,0.5-70 Hz,60 Hz,10.0,0.12037725581985731,558.64796230421,4.324348252921314,4.304482798204489,False,True
52171b84-f8b2-4291-b6b2-824ec0206fbf,438,9054,spike,spike,1,Yes (spike present),1,True,2575.3,0,14,137.89406517975226,bipolar,100.0,0.5-70 Hz,60 Hz,10.0,0.12048801215040511,546.1101143366653,4.290037528484378,4.319848488120588,False,True
52171b84-f8b2-4291-b6b2-824ec0206fbf,439,88923,lpd,grda,0,LPD,1,False,2040.8,0,16,8.574944190422613,bipolar,100.0,0.5-70 Hz,60 Hz,10.0,0.12146764791145293,558.8673657247332,4.298241042528813,4.285574026341368,False,True
52171b84-f8b2-4291-b6b2-824ec0206fbf,440,15481,spike,spike,1,Yes (spike present),1,True,2873.2,0,6,77.18862399430289,bipolar,100.0,0.5-70 Hz,60 Hz,10.0,0.11959235850732802,534.1341891085502,4.263495592378556,4.2938561152674755,False,True
52171b84-f8b2-4291-b6b2-824ec0206fbf,441,42952,gpd,gpd,1,LPD,0,False,1302.0,0,9,76.32498057249481,bipolar,100.0,0.5-70 Hz,60 Hz,10.0,0.11889084692226964,524.6975737681479,4.300506289434976,4.2592200287758235,False,True
52171b84-f8b2-4291-b6b2-824ec0206fbf,442,10301,spike,spike,1,Yes (spike present),1,True,1224.5,0,12,10.72601097578549,bipolar,100.0,0.5-70 Hz,60 Hz,10.0,0.11717811684165175,492.41172271203743,4.26515814715609,4.296149630423473,False,True
52171b84-f8b2-4291-b6b2-824ec0206fbf,443,88037,gpd,gpd,1,GPD,1,True,1735.4,0,15,48.72840736041244,bipolar,100.0,0.5-70 Hz,60 Hz,10.0,0.11817704153316927,500.06109243878336,4.23872019028588,4.260953091944962,False,True
52171b84-f8b2-4291-b6b2-824ec0206fbf,444,87437,lpd,gpd,0,LPD,1,False,1920.7,0,7,51.98304422475485,bipolar,100.0,0.5-70 Hz,60 Hz,10.0,0.11874661120832869,501.43039270585746,4.243548267898185,4.234528815765623,False,True
52171b84-f8b2-4291-b6b2-824ec0206fbf,445,88483,grda,seizure,0,Other,0,False,1663.7,0,13,8.67960757087528,bipolar,100.0,0.5-70 Hz,60 Hz,10.0,0.11871080834146064,496.31290192040365,4.231495380337614,4.239421445794705,False,True
52171b84-f8b2-4291-b6b2-824ec0206fbf,446,51681,grda,lrda,0,GRDA,1,False,3115.2,0,9,126.3706200381353,bipolar,100.0,0.5-70 Hz,60 Hz,10.0,0.1188502974345903,500.8688585622647,4.2396141598084505,4.227155518419474,False,True
52171b84-f8b2-4291-b6b2-824ec0206fbf,447,68388,lrda,lrda,1,Seizure,0,False,3704.2,0,9,9.044589992653817,bipolar,100.0,0.5-70 Hz,60 Hz,10.0,0.11843901598171136,472.423997727607,4.298675661616344,4.235497541079983,False,True
52171b84-f8b2-4291-b6b2-824ec0206fbf,448,86382,sz,seizure,1,LPD,0,False,2991.6,0,7,47.90148730324432,bipolar,100.0,0.5-70 Hz,60 Hz,10.0,0.11753031505503647,457.834439514165,4.31186676493119,4.294456150992277,False,True
52171b84-f8b2-4291-b6b2-824ec0206fbf,449,86499,gpd,gpd,1,GPD,1,True,2831.8,0,8,47.02639658848597,bipolar,100.0,0.5-70 Hz,60 Hz,10.0,0.11851600465518075,455.3322300558686,4.280817226550681,4.307579316660502,False,True
52171b84-f8b2-4291-b6b2-824ec0206fbf,450,13197,spike,spike,1,Yes (spike present),1,True,2249.6,0,11,46.7269112429697,bipolar,100.0,0.5-70 Hz,60 Hz,10.0,0.119294093536565,415.87991312897515,4.2435497972638405,4.276692063712297,False,True
52171b84-f8b2-4291-b6b2-824ec0206fbf,451,53763,gpd,gpd,1,GPD,1,True,1611.3,0,8,51.8549962908051,bipolar,100.0,0.5-70 Hz,60 Hz,10.0,0.12002229097980988,405.9851015456446,4.212127830112106,4.239500159918695,False,True
52171b84-f8b2-4291-b6b2-824ec0206fbf,452,13630,spike,spike,1,No (no spike),0,False,1358.4,0,9,53.40185770936863,bipolar,100.0,0.5-70 Hz,60 Hz,10.0,0.11757032837839265,467.8693915315855,4.270096644127314,4.208211380941297,False,True
52171b84-f8b2-4291-b6b2-824ec0206fbf,453,4695,spike,spike,0,No (no spike),0,True,3475.8,0,14,10.441200598549667,bipolar,100.0,0.5-70 Hz,60 Hz,10.0,0.11842427258178484,488.4415446979486,4.2686202954254195,4.26619299436844,False,True
52171b84-f8b2-4291-b6b2-824ec0206fbf,454,47424,lpd,lpd,1,LPD,1,True,3080.5,0,12,98.67669663852527,bipolar,100.0,0.5-70 Hz,60 Hz,10.0,0.1184615177395712,486.99997530095766,4.240611470180988,4.264681185109104,False,True
52171b84-f8b2-4291-b6b2-824ec0206fbf,455,50630,lpd,lpd,1,Seizure,0,False,2753.3,0,10,143.6982824480251,bipolar,100.0,0.5-70 Hz,60 Hz,10.0,0.11833148600098492,486.31058257583254,4.270612416394249,4.236645103118106,False,True
52171b84-f8b2-4291-b6b2-824ec0206fbf,456,17208,spike,spike,0,Yes (spike present),1,False,2753.9,0,13,133.4468488974298,bipolar,100.0,0.5-70 Hz,60 Hz,10.0,0.11835325448164907,457.73543243830727,4.265504821704798,4.2666651671308,False,True
52171b84-f8b2-4291-b6b2-824ec0206fbf,457,62952,gpd,gpd,1,Other,0,False,4050.0,0,16,71.96531659810991,bipolar,100.0,0.5-70 Hz,60 Hz,10.0,0.11753036521830873,468.80858013341606,4.309075718368522,4.2615532418062285,False,True
52171b84-f8b2-4291-b6b2-824ec0206fbf,458,46573,gpd,seizure,0,GPD,1,False,8568.7,0,6,122.07901361536081,bipolar,100.0,0.5-70 Hz,60 Hz,10.0,0.11800360215280253,465.3871068255434,4.279047240132597,4.305065632917178,False,True
52171b84-f8b2-4291-b6b2-824ec0206fbf,459,85513,grda,grda,1,GRDA,1,True,2536.8,0,16,53.01578258788159,bipolar,100.0,0.5-70 Hz,60 Hz,10.0,0.11804340023120702,465.27695536273797,4.255548891104759,4.275170722691994,False,True
52171b84-f8b2-4291-b6b2-824ec0206fbf,460,84582,grda,grda,1,GRDA,1,True,1305.4,0,6,141.8980248750897,bipolar,100.0,0.5-70 Hz,60 Hz,10.0,0.11799193179506673,457.83645528061936,4.231750703107727,4.251636401937503,False,True
52171b84-f8b2-4291-b6b2-824ec0206fbf,461,87700,grda,grda,1,GRDA,1,True,2674.1,0,13,45.44871266622773,bipolar,100.0,0.5-70 Hz,60 Hz,10.0,0.11783927383821774,443.1855754109625,4.208105869014709,4.227881924944661,False,True
52171b84-f8b2-4291-b6b2-824ec0206fbf,462,40550,grda,grda,1,GPD,0,False,4181.2,0,11,4.689497275116625,bipolar,100.0,0.5-70 Hz,60 Hz,10.0,0.1181976387782363,462.30025598666333,4.233177937208449,4.2042364591919785,False,True
52171b84-f8b2-4291-b6b2-824ec0206fbf,463,14156,spike,spike,1,No (no spike),0,False,1251.6,0,16,8.16460634541316,bipolar,100.0,0.5-70 Hz,60 Hz,10.0,0.12010849371117926,493.1268975569636,4.281722228241134,4.2293440969034455,False,True
52171b84-f8b2-4291-b6b2-824ec0206fbf,464,68092,grda,lpd,0,Seizure,0,False,1592.5,0,13,8.249835219385673,bipolar,100.0,0.5-70 Hz,60 Hz,10.0,0.11981957881759153,492.9566959041709,4.271817827806751,4.277888206088915,False,True
52171b84-f8b2-4291-b6b2-824ec0206fbf,465,88194,grda,lpd,0,GRDA,1,False,1053.0,0,10,9.142277113996137,bipolar,100.0,0.5-70 Hz,60 Hz,10.0,0.12021161843392597,491.1987250704059,4.277710719982057,4.26774998753362,False,True
52171b84-f8b2-4291-b6b2-824ec0206fbf,466,52207,lrda,lrda,1,LRDA,1,True,1250.1,0,15,8.64266918714718,bipolar,100.0,0.5-70 Hz,60 Hz,10.0,0.12017628069244574,508.1816183665164,4.242271220550222,4.273880106276879,False,True
52171b84-f8b2-4291-b6b2-824ec0206fbf,467,88189,lrda,lrda,1,LPD,0,False,1501.3,0,11,112.06360011995419,bipolar,100.0,0.5-70 Hz,60 Hz,10.0,0.12017862532984891,474.4724360252841,4.290987369225262,4.238506237841775,False,True
52171b84-f8b2-4291-b6b2-824ec0206fbf,468,87920,gpd,seizure,0,LRDA,0,False,1511.1,0,10,140.1789331397845,bipolar,100.0,0.5-70 Hz,60 Hz,10.0,0.12004452087211853,473.2039674449679,4.285050215398625,4.287094224477338,False,True
52171b84-f8b2-4291-b6b2-824ec0206fbf,469,86795,gpd,seizure,0,LRDA,0,False,4923.0,0,4,10.701782709972013,bipolar,100.0,0.5-70 Hz,60 Hz,10.0,0.11989728301264319,462.91906447500355,4.279127513504161,4.281131465184772,False,True
52171b84-f8b2-4291-b6b2-824ec0206fbf,470,45464,gpd,lpd,0,GPD,1,False,3698.5,0,14,7.231191892124187,bipolar,100.0,0.5-70 Hz,60 Hz,10.0,0.12008114165119771,474.2719567884359,4.2772064964123615,4.275151561981535,False,True
52171b84-f8b2-4291-b6b2-824ec0206fbf,471,15600,spike,spike,1,No (no spike),0,False,2261.6,0,16,6.044443337104107,bipolar,100.0,0.5-70 Hz,60 Hz,10.0,0.12000130213685128,476.32062883559234,4.319270960293457,4.2733599959708926,False,True
52171b84-f8b2-4291-b6b2-824ec0206fbf,472,63152,grda,grda,1,GRDA,1,True,2866.4,0,11,42.872523405684866,bipolar,100.0,0.5-70 Hz,60 Hz,10.0,0.12066805607372738,466.28987205563203,4.292727133961992,4.315395237848605,False,True
52171b84-f8b2-4291-b6b2-824ec0206fbf,473,88131,grda,grda,1,GRDA,1,True,1834.7,0,15,100.43802282258922,bipolar,100.0,0.5-70 Hz,60 Hz,10.0,0.12102976813011751,448.81214024498945,4.265766343228928,4.2888766833028935,False,True
52171b84-f8b2-4291-b6b2-824ec0206fbf,474,87035,grda,grda,1,GRDA,1,True,1546.7,0,18,55.5602643154126,bipolar,100.0,0.5-70 Hz,60 Hz,10.0,0.12121110761898579,424.6291589541038,4.238117761102675,4.2619093595648945,False,True
52171b84-f8b2-4291-b6b2-824ec0206fbf,475,37959,grda,grda,1,LRDA,0,False,2588.8,0,12,44.49815808255473,bipolar,100.0,0.5-70 Hz,60 Hz,10.0,0.12089507242228009,458.90318099272713,4.270289899199379,4.234281083727096,False,True
52171b84-f8b2-4291-b6b2-824ec0206fbf,476,14539,spike,spike,1,Yes (spike present),1,True,2665.5,0,5,154.12409473671892,bipolar,100.0,0.5-70 Hz,60 Hz,10.0,0.12128574031650197,458.45031535080125,4.242256924433091,4.266561647447222,False,True
52171b84-f8b2-4291-b6b2-824ec0206fbf,477,53316,lrda,seizure,0,LRDA,1,False,2695.6,0,11,27.242174151223086,bipolar,100.0,0.5-70 Hz,60 Hz,10.0,0.12144832529253585,446.55261684052977,4.254501040144219,4.2385855556448035,False,True
52171b84-f8b2-4291-b6b2-824ec0206fbf,478,3565,spike,spike,0,No (no spike),0,True,1702.1,0,14,90.13771704337736,bipolar,100.0,0.5-70 Hz,60 Hz,10.0,0.12128528616312706,459.96304029303354,4.252200071805596,4.250813442393646,False,True
52171b84-f8b2-4291-b6b2-824ec0206fbf,479,51380,gpd,lrda,0,LRDA,0,True,2156.4,0,9,80.45274351581497,bipolar,100.0,0.5-70 Hz,60 Hz,10.0,0.1210951373792506,451.24925845661096,4.248463423304232,4.248532821707127,False,True
52171b84-f8b2-4291-b6b2-824ec0206fbf,480,36902,gpd,lrda,0,GPD,1,False,2246.2,0,5,43.38888730162035,bipolar,100.0,0.5-70 Hz,60 Hz,10.0,0.12140139446414427,460.0622663144405,4.245423222659705,4.244784032251069,False,True
52171b84-f8b2-4291-b6b2-824ec0206fbf,481,38648,iic,grda,0,Other,1,False,1632.7,0,16,135.51075149692355,bipolar,100.0,0.5-70 Hz,60 Hz,10.0,0.12148267748323505,456.72578917383,4.276068913646172,4.241785669337165,False,True
52171b84-f8b2-4291-b6b2-824ec0206fbf,482,45043,lpd,lpd,1,LPD,1,True,1490.9,0,10,49.212350646437244,bipolar,100.0,0.5-70 Hz,60 Hz,10.0,0.12081692037034403,460.32466266328845,4.250940736075584,4.2724069660655,False,True
52171b84-f8b2-4291-b6b2-824ec0206fbf,483,87602,lpd,lpd,1,LPD,1,True,3792.9,0,6,10.560572211628159,bipolar,100.0,0.5-70 Hz,60 Hz,10.0,0.12027445801373499,457.8017181491724,4.225520276159191,4.247235007242331,False,True
52171b84-f8b2-4291-b6b2-824ec0206fbf,484,63289,lpd,lpd,1,GPD,0,False,2419.5,0,11,153.36424341426212,bipolar,100.0,0.5-70 Hz,60 Hz,10.0,0.12115227743116136,458.6925017395554,4.252611089443048,4.221817645940921,False,True
52171b84-f8b2-4291-b6b2-824ec0206fbf,485,67428,sz,seizure,1,GRDA,0,False,1244.2,0,9,10.710939767135887,bipolar,100.0,0.5-70 Hz,60 Hz,10.0,0.12051810543285774,424.50554146769633,4.255533807742112,4.24899924774175,False,True
52171b84-f8b2-4291-b6b2-824ec0206fbf,486,86849,grda,grda,1,GRDA,1,True,1254.3,0,9,153.8604409334245,bipolar,100.0,0.5-70 Hz,60 Hz,10.0,0.1206750631912587,404.10431456932537,4.231903892642741,4.251817832024596,False,True
52171b84-f8b2-4291-b6b2-824ec0206fbf,487,34734,grda,grda,1,LRDA,0,False,2951.3,0,3,25.257002294589217,bipolar,100.0,0.5-70 Hz,60 Hz,10.0,0.12062151664259735,432.5537869011207,4.257963437037244,4.228167929593019,False,True
52171b84-f8b2-4291-b6b2-824ec0206fbf,488,40595,gpd,gpd,1,GPD,1,True,4508.4,0,12,51.32418826318852,bipolar,100.0,0.5-70 Hz,60 Hz,10.0,0.12071277563127669,430.4951379251683,4.2292831982990755,4.254301641629904,False,True
52171b84-f8b2-4291-b6b2-824ec0206fbf,489,1918,spike,spike,0,Yes (spike present),1,False,10835.2,0,9,40.594311966708844,bipolar,100.0,0.5-70 Hz,60 Hz,10.0,0.1215421619315587,411.48031045107155,4.214369909729081,4.225593902485269,False,True
52171b84-f8b2-4291-b6b2-824ec0206fbf,490,84888,lrda,lrda,1,GRDA,0,False,2898.9,0,8,53.37469694450753,bipolar,100.0,0.5-70 Hz,60 Hz,10.0,0.12173846013426542,378.8333636434402,4.261474465887363,4.210820141389968,False,True
52171b84-f8b2-4291-b6b2-824ec0206fbf,491,14411,spike,spike,1,No (no spike),0,False,6527.1,0,15,71.38419808009385,bipolar,100.0,0.5-70 Hz,60 Hz,10.0,0.1205155165050148,376.5355215286024,4.304650044226142,4.257817442839777,False,True
52171b84-f8b2-4291-b6b2-824ec0206fbf,492,86925,grda,seizure,0,LPD,0,False,13713.3,0,6,11.825652789354484,bipolar,100.0,0.5-70 Hz,60 Hz,10.0,0.12036901262262778,376.55485816321453,4.293873006668265,4.300873977796851,False,True
52171b84-f8b2-4291-b6b2-824ec0206fbf,493,69242,grda,lpd,0,GRDA,1,False,3367.7,0,11,10.715861747009036,bipolar,100.0,0.5-70 Hz,60 Hz,10.0,0.12058906888604548,375.1030260642017,4.30069678259585,4.2898912234980875,False,True
52171b84-f8b2-4291-b6b2-824ec0206fbf,494,35634,gpd,grda,0,GPD,1,False,8947.0,0,11,80.06116595223764,bipolar,100.0,0.5-70 Hz,60 Hz,10.0,0.12053278186687877,373.9088183431466,4.292504177927627,4.297025965320967,False,True
52171b84-f8b2-4291-b6b2-824ec0206fbf,495,85649,gpd,gpd,1,GPD,1,True,6443.4,0,7,77.05968685497,bipolar,100.0,0.5-70 Hz,60 Hz,10.0,0.12070806919201216,364.2175936924719,4.261062337423384,4.28883939675333,False,True
52171b84-f8b2-4291-b6b2-824ec0206fbf,496,86240,gpd,grda,0,GRDA,0,True,2070.0,0,11,52.24791871578348,bipolar,100.0,0.5-70 Hz,60 Hz,10.0,0.12083847133101289,367.9235787475308,4.263361363874734,4.257513684269901,False,True
52171b84-f8b2-4291-b6b2-824ec0206fbf,497,14655,spike,spike,1,Yes (spike present),1,True,8705.6,0,10,142.80370200567265,bipolar,100.0,0.5-70 Hz,60 Hz,10.0,0.12136915729647496,369.89432939164476,4.232347667579078,4.25980955102839,False,True
52171b84-f8b2-4291-b6b2-824ec0206fbf,498,69159,gpd,grda,0,Seizure,0,False,2301.9,0,11,143.63966571016795,bipolar,100.0,0.5-70 Hz,60 Hz,10.0,0.12133155433899917,368.2782032533445,4.234593533393678,4.228826763351959,False,True
52171b84-f8b2-4291-b6b2-824ec0206fbf,499,88662,gpd,lpd,0,GPD,1,False,4124.3,0,11,54.20721425694325,bipolar,100.0,0.5-70 Hz,60 Hz,10.0,0.12148974359348585,369.89129852380887,4.226028002387148,4.231067005890312,False,True
