session_id,trial_index,seg_id,task_code,pattern_class_true,target_present,response_label,response_y,is_correct,reaction_time_ms,answer_changes,n_interactions,select_ms,montage,gain_uv,bandpass,notch,window_s,max_hw,ess,total_var,expected_loss_chosen,rejuv,post_decision
0fe1e434-0c1f-42ce-9988-138133e0e702,0,6465,spike,spike,0,No (no spike),0,True,9106.8,0,1,139.35326444422913,bipolar,100.0,0.5-70 Hz,60 Hz,10.0,0.17700741268864206,481.10674363409544,13.475997525442992,13.480532224377507,False,False
0fe1e434-0c1f-42ce-9988-138133e0e702,1,472,spike,spike,0,Yes (spike present),1,False,6012.4,0,0,56.51952349871852,bipolar,100.0,0.5-70 Hz,60 Hz,10.0,0.17659214882625618,452.9585730004952,13.367100077501966,13.279533284953683,False,False
0fe1e434-0c1f-42ce-9988-138133e0e702,2,8146,spike,spike,1,Yes (spike present),1,True,11514.4,0,2,111.07057403221013,bipolar,100.0,0.5-70 Hz,60 Hz,10.0,0.1758289588068318,421.74485861799366,13.14781890432353,13.248337077762686,False,False
0fe1e434-0c1f-42ce-9988-138133e0e702,3,9213,spike,spike,1,Yes (spike present),1,True,5968.7,0,0,69.1616581949716,bipolar,100.0,0.5-70 Hz,60 Hz,10.0,0.1754497505153944,374.8576318278431,12.939759132147863,13.03949344424309,False,False
0fe1e434-0c1f-42ce-9988-138133e0e702,4,6983,spike,spike,1,Yes (spike present),1,True,5838.5,0,1,83.95259102205262,bipolar,100.0,0.5-70 Hz,60 Hz,10.0,0.17510672212404688,327.23891630836425,12.736279493312452,12.843493554386352,False,False
0fe1e434-0c1f-42ce-9988-138133e0e702,5,1417,spike,spike,0,No (no spike),0,True,11796.3,0,1,69.6620821679163,bipolar,100.0,0.5-70 Hz,60 Hz,10.0,0.17330934234089235,301.2798127705941,12.571777629442177,12.651126630911133,False,False
0fe1e434-0c1f-42ce-9988-138133e0e702,6,1230,spike,spike,0,No (no spike),0,True,7555.5,0,1,12.219583814575762,bipolar,100.0,0.5-70 Hz,60 Hz,10.0,0.17337525780767943,599.9999999999999,12.551048784014457,12.49821690635075,True,False
0fe1e434-0c1f-42ce-9988-138133e0e702,7,6289,spike,spike,1,Yes (spike present),1,True,8580.2,0,2,115.62270905640024,bipolar,100.0,0.5-70 Hz,60 Hz,10.0,0.17310052218226168,578.9078227530044,12.446432484708971,12.495347945369373,False,False
0fe1e434-0c1f-42ce-9988-138133e0e702,8,866,spike,spike,0,No (no spike),0,True,2752.5,0,4,76.39443821629895,bipolar,100.0,0.5-70 Hz,60 Hz,10.0,0.1733354830651827,550.8686370417374,12.360236921706509,12.394273112020699,False,False
0fe1e434-0c1f-42ce-9988-138133e0e702,9,3027,spike,spike,0,No (no spike),0,True,10019.6,0,2,119.48274248741636,bipolar,100.0,0.5-70 Hz,60 Hz,10.0,0.17365784277852142,472.2542226412534,12.322645850444976,12.310255116911684,False,False
0fe1e434-0c1f-42ce-9988-138133e0e702,10,7977,spike,spike,1,Yes (spike present),1,True,44608.3,0,1,140.88502900086962,bipolar,100.0,0.5-70 Hz,60 Hz,10.0,0.17383125365216257,426.95030919849694,12.215174982870352,12.27881306690288,False,False
0fe1e434-0c1f-42ce-9988-138133e0e702,11,2717,spike,spike,0,Yes (spike present),1,False,4146.8,0,1,114.15519310535512,bipolar,100.0,0.5-70 Hz,60 Hz,10.0,0.17369012678716245,455.931686362307,12.174497352791175,12.170856967170026,False,False
0fe1e434-0c1f-42ce-9988-138133e0e702,12,1902,spike,spike,1,No (no spike),0,False,1708.9,0,4,121.55684566787292,bipolar,100.0,0.5-70 Hz,60 Hz,10.0,0.17638876792163583,502.57413647758693,12.131893533189988,12.13678368287305,False,False
0fe1e434-0c1f-42ce-9988-138133e0e702,13,6489,spike,spike,1,No (no spike),0,False,1056.0,0,2,141.6583082548106,bipolar,100.0,0.5-70 Hz,60 Hz,10.0,0.17824945516729618,344.1980589807587,12.364742079367556,12.098286318540643,False,False
0fe1e434-0c1f-42ce-9988-138133e0e702,14,11067,spike,spike,1,Yes (spike present),1,True,42571.3,0,2,146.00485159442923,bipolar,100.0,0.5-70 Hz,60 Hz,10.0,0.17795124349419866,386.39861340033707,12.27640953613788,12.314950357613107,False,False
0fe1e434-0c1f-42ce-9988-138133e0e702,15,17207,spike,spike,1,Yes (spike present),1,True,22347.7,0,1,150.02251461661993,bipolar,100.0,0.5-70 Hz,60 Hz,10.0,0.17796598906893485,418.54074798539085,12.191078615503312,12.24093917355492,False,False
0fe1e434-0c1f-42ce-9988-138133e0e702,16,9345,spike,spike,1,No (no spike),0,False,6065.9,0,1,156.23571987010885,bipolar,100.0,0.5-70 Hz,60 Hz,10.0,0.17478563474099812,599.9999999999999,12.320417783037383,12.163236989980009,True,False
0fe1e434-0c1f-42ce-9988-138133e0e702,17,851,spike,spike,0,No (no spike),0,True,11374.5,0,1,67.90250040153147,bipolar,100.0,0.5-70 Hz,60 Hz,10.0,0.17475818320197467,587.7331503343909,12.234929470575782,12.279991654590805,False,False
0fe1e434-0c1f-42ce-9988-138133e0e702,18,11870,spike,spike,1,No (no spike),0,False,13998.4,0,0,128.39839751445263,bipolar,100.0,0.5-70 Hz,60 Hz,10.0,0.1752328839926272,487.8958626430657,12.33107357631151,12.201717863603589,False,False
0fe1e434-0c1f-42ce-9988-138133e0e702,19,874,spike,spike,0,Yes (spike present),1,False,3082.7,0,2,135.34733940728339,bipolar,100.0,0.5-70 Hz,60 Hz,10.0,0.17811720679980286,376.0582181324465,12.371419071530656,12.295816290008501,False,False
0fe1e434-0c1f-42ce-9988-138133e0e702,20,12318,spike,spike,1,No (no spike),0,False,1288.9,0,0,141.80485222970552,bipolar,100.0,0.5-70 Hz,60 Hz,10.0,0.17654193625137515,599.9999999999999,12.314574870990848,12.338816895722394,True,False
0fe1e434-0c1f-42ce-9988-138133e0e702,21,54076,lpd,lrda,0,LPD,1,False,6092.0,0,2,97.0457631497329,bipolar,100.0,0.5-70 Hz,60 Hz,10.0,0.1789617677475125,445.3755260116148,11.84725971303547,12.022504949427013,False,False
0fe1e434-0c1f-42ce-9988-138133e0e702,22,68822,lrda,seizure,0,LRDA,1,False,2250.1,0,1,122.34328304375805,bipolar,100.0,0.5-70 Hz,60 Hz,10.0,0.1761999169513928,341.24686482751196,11.456448487620765,11.59961816588541,False,False
0fe1e434-0c1f-42ce-9988-138133e0e702,23,68953,gpd,lrda,0,Other,0,False,3137.6,0,0,124.32037434304873,bipolar,100.0,0.5-70 Hz,60 Hz,10.0,0.1795517804421503,599.9999999999999,11.48631221912435,11.218231532707517,True,False
0fe1e434-0c1f-42ce-9988-138133e0e702,24,46278,iic,lrda,0,Seizure,0,False,10696.3,0,2,115.38039461651225,bipolar,100.0,0.5-70 Hz,60 Hz,10.0,0.17869935287384864,453.6267933308464,11.164129161973477,11.235485187745184,False,False
0fe1e434-0c1f-42ce-9988-138133e0e702,25,55346,lpd,lrda,0,Other,0,False,5269.1,0,0,83.84148017223919,bipolar,100.0,0.5-70 Hz,60 Hz,10.0,0.17765079371644293,599.9999999999999,10.726625531072823,10.939934528834414,True,False
0fe1e434-0c1f-42ce-9988-138133e0e702,26,33250,grda,seizure,0,GPD,0,False,4298.5,0,4,142.7895979406854,bipolar,100.0,0.5-70 Hz,60 Hz,10.0,0.17789129496902123,433.96589825718837,10.648576824482282,10.515912067952723,False,False
0fe1e434-0c1f-42ce-9988-138133e0e702,27,36215,sz,grda,0,Seizure,1,False,3877.6,0,0,98.79770555663782,bipolar,100.0,0.5-70 Hz,60 Hz,10.0,0.17814815049430954,353.4115269956041,10.329136382930137,10.456743223249294,False,False
0fe1e434-0c1f-42ce-9988-138133e0e702,28,57436,iic,lrda,0,LRDA,0,True,7481.7,0,1,135.7416262117964,bipolar,100.0,0.5-70 Hz,60 Hz,10.0,0.17694290391576534,333.93127069661926,10.08003489806472,10.134074986571708,False,False
0fe1e434-0c1f-42ce-9988-138133e0e702,29,22391,sz,grda,0,Seizure,1,False,8191.0,0,2,143.50606759013792,bipolar,100.0,0.5-70 Hz,60 Hz,10.0,0.17183062921445047,599.9999999999999,9.858574338370694,9.878326328062919,True,False
0fe1e434-0c1f-42ce-9988-138133e0e702,30,63650,lrda,seizure,0,LRDA,1,False,6457.1,0,2,11.9893392184034,bipolar,100.0,0.5-70 Hz,60 Hz,10.0,0.17109487373438875,558.9606225079086,9.746816292703146,9.677349569749751,False,False
0fe1e434-0c1f-42ce-9988-138133e0e702,31,64879,lrda,grda,0,LRDA,1,False,7974.2,0,1,140.07454224810775,bipolar,100.0,0.5-70 Hz,60 Hz,10.0,0.1708987323223083,478.94906091388606,9.601422984276365,9.5755050748379,False,False
0fe1e434-0c1f-42ce-9988-138133e0e702,32,51380,grda,lrda,0,GRDA,1,False,11727.3,0,2,81.81065294860119,bipolar,100.0,0.5-70 Hz,60 Hz,10.0,0.17116660073589834,313.25036254407814,9.467707800573907,9.43649285129813,False,False
0fe1e434-0c1f-42ce-9988-138133e0e702,33,41096,iic,grda,0,Other,1,False,9339.0,0,0,121.28120991652406,bipolar,100.0,0.5-70 Hz,60 Hz,10.0,0.17787589945533766,599.9999999999999,9.643004878834855,9.314086442306289,True,False
0fe1e434-0c1f-42ce-9988-138133e0e702,34,33572,gpd,seizure,0,LPD,0,False,45454.8,0,0,9.900334426455737,bipolar,100.0,0.5-70 Hz,60 Hz,10.0,0.17436113672552234,573.9431682515602,9.424666522559336,9.45876154432427,False,False
0fe1e434-0c1f-42ce-9988-138133e0e702,35,36453,gpd,lrda,0,GPD,1,False,27150.5,0,2,123.51475866256108,bipolar,100.0,0.5-70 Hz,60 Hz,10.0,0.18118805669800186,455.6242667555979,9.406859957495012,9.26890682814272,False,False
0fe1e434-0c1f-42ce-9988-138133e0e702,36,26068,lrda,seizure,0,LRDA,1,False,10148.9,0,0,156.67447735761698,bipolar,100.0,0.5-70 Hz,60 Hz,10.0,0.17894126546638178,439.6103546467011,9.167605210143243,9.266706616567834,False,False
0fe1e434-0c1f-42ce-9988-138133e0e702,37,22801,sz,seizure,1,Seizure,1,True,30330.6,0,1,136.24154387023083,bipolar,100.0,0.5-70 Hz,60 Hz,10.0,0.17757300274826326,418.96000215962795,8.963488659569855,9.044464188953494,False,False
0fe1e434-0c1f-42ce-9988-138133e0e702,38,61497,sz,lrda,0,Seizure,1,False,79119.0,0,1,65.46820964919809,bipolar,100.0,0.5-70 Hz,60 Hz,10.0,0.17645807075469522,381.5061341961018,8.782468325278394,8.858110984983908,False,False
0fe1e434-0c1f-42ce-9988-138133e0e702,39,55193,sz,lrda,0,LRDA,0,True,16283.6,0,0,144.0838805943705,bipolar,100.0,0.5-70 Hz,60 Hz,10.0,0.1760978201829338,365.2233731917732,8.634517291851528,8.681515930321257,False,False
0fe1e434-0c1f-42ce-9988-138133e0e702,40,50078,grda,gpd,0,GRDA,1,False,4671.4,0,1,8.014489674850811,bipolar,100.0,0.5-70 Hz,60 Hz,10.0,0.17632852351674777,336.8086228899544,8.523612859069402,8.537738115565052,False,False
0fe1e434-0c1f-42ce-9988-138133e0e702,41,57261,grda,lrda,0,GRDA,1,False,7384.4,0,4,74.08938661232995,bipolar,100.0,0.5-70 Hz,60 Hz,10.0,0.17767918389992038,599.9999999999999,8.75658714187034,8.432672490819098,True,False
0fe1e434-0c1f-42ce-9988-138133e0e702,42,70220,lpd,lrda,0,LRDA,0,True,17504.3,0,0,61.22720052146535,bipolar,100.0,0.5-70 Hz,60 Hz,10.0,0.17675119677565598,562.6061092629268,8.635695800870609,8.657317807475996,False,False
0fe1e434-0c1f-42ce-9988-138133e0e702,43,51038,lpd,seizure,0,LPD,1,False,6558.2,0,1,104.75313547596033,bipolar,100.0,0.5-70 Hz,60 Hz,10.0,0.17662456486525424,522.7471518679246,8.503375641837042,8.531854559524936,False,False
0fe1e434-0c1f-42ce-9988-138133e0e702,44,22226,gpd,seizure,0,GRDA,0,False,2065.5,0,0,113.17046638951264,bipolar,100.0,0.5-70 Hz,60 Hz,10.0,0.17542209572742928,509.39416036431703,8.37995333511585,8.409475273166692,False,False
0fe1e434-0c1f-42ce-9988-138133e0e702,45,48271,lrda,seizure,0,Other,0,False,2393.4,0,0,129.13296988557363,bipolar,100.0,0.5-70 Hz,60 Hz,10.0,0.1772879275024759,599.9999999999999,8.578097394583224,8.29175980130418,True,False
0fe1e434-0c1f-42ce-9988-138133e0e702,46,51836,sz,lrda,0,Seizure,1,False,5203.7,0,2,88.24080052192477,bipolar,100.0,0.5-70 Hz,60 Hz,10.0,0.1772857755929555,579.4793061282543,8.468648703612196,8.477746776649113,False,False
0fe1e434-0c1f-42ce-9988-138133e0e702,47,40673,grda,grda,1,GRDA,1,True,2338.5,0,1,153.8458258336148,bipolar,100.0,0.5-70 Hz,60 Hz,10.0,0.17535561998519328,561.7239179148138,8.349952191709663,8.378339985775405,False,False
0fe1e434-0c1f-42ce-9988-138133e0e702,48,27863,lrda,seizure,0,Seizure,0,True,11859.8,0,3,141.6675096775617,bipolar,100.0,0.5-70 Hz,60 Hz,10.0,0.1744460572124733,536.8215217551756,8.247185934325493,8.263524800201512,False,False
0fe1e434-0c1f-42ce-9988-138133e0e702,49,44829,gpd,gpd,1,GPD,1,True,6691.9,0,0,83.24731140504197,bipolar,100.0,0.5-70 Hz,60 Hz,10.0,0.17450583490244514,507.75703967704817,8.206580441088498,8.158453333592657,False,False
0fe1e434-0c1f-42ce-9988-138133e0e702,50,36886,lpd,lpd,1,LPD,1,True,6886.6,0,1,10.925585432021359,bipolar,100.0,0.5-70 Hz,60 Hz,10.0,0.17324535712229733,480.0409856688779,8.145596551360146,8.121726811290896,False,False
0fe1e434-0c1f-42ce-9988-138133e0e702,51,47245,lrda,seizure,0,Seizure,0,True,5772.9,0,2,67.96178591692421,bipolar,100.0,0.5-70 Hz,60 Hz,10.0,0.17493541467264506,329.50450195912885,7.899380861315911,8.062427934569897,False,False
0fe1e434-0c1f-42ce-9988-138133e0e702,52,39796,iic,other,1,Other,1,True,4497.4,0,1,83.32793797590878,bipolar,100.0,0.5-70 Hz,60 Hz,10.0,0.17512559634656383,311.8492329469859,7.76435326341543,7.819212428668854,False,False
0fe1e434-0c1f-42ce-9988-138133e0e702,53,67854,grda,grda,1,GRDA,1,True,34290.4,0,0,148.32112256238628,bipolar,100.0,0.5-70 Hz,60 Hz,10.0,0.17091535266641855,599.9999999999999,7.498963605767002,7.687549621772639,True,False
0fe1e434-0c1f-42ce-9988-138133e0e702,54,68639,grda,lrda,0,Other,0,False,54078.9,0,1,14.941469906703833,bipolar,100.0,0.5-70 Hz,60 Hz,10.0,0.1709038126457464,563.7042288965428,7.333311365361089,7.416644417851239,False,False
0fe1e434-0c1f-42ce-9988-138133e0e702,55,65668,iic,other,1,Other,1,True,14380.6,0,1,118.1580142088581,bipolar,100.0,0.5-70 Hz,60 Hz,10.0,0.17071973199424545,547.2112437806882,7.2171622906341355,7.2532370900161265,False,False
0fe1e434-0c1f-42ce-9988-138133e0e702,56,45563,grda,gpd,0,LRDA,0,False,2827.3,0,1,82.58745715013565,bipolar,100.0,0.5-70 Hz,60 Hz,10.0,0.17051640867866158,476.56434858583793,7.048708805190833,7.142675552187582,False,False
0fe1e434-0c1f-42ce-9988-138133e0e702,57,59372,gpd,gpd,1,GPD,1,True,16539.5,0,0,120.30450896122724,bipolar,100.0,0.5-70 Hz,60 Hz,10.0,0.1699780500933964,455.15996930702386,6.9309279308720715,6.9762947843092045,False,False
0fe1e434-0c1f-42ce-9988-138133e0e702,58,63152,iic,grda,0,LPD,0,False,22455.1,0,1,60.28849307229997,bipolar,100.0,0.5-70 Hz,60 Hz,10.0,0.1716261457309532,425.72407434461275,6.822945374042504,6.859192312701372,False,False
0fe1e434-0c1f-42ce-9988-138133e0e702,59,70790,sz,gpd,0,Seizure,1,False,9266.2,0,1,6.504028365924609,bipolar,100.0,0.5-70 Hz,60 Hz,10.0,0.16935607841964423,411.01073379023336,6.738566440470832,6.756542050606614,False,False
0fe1e434-0c1f-42ce-9988-138133e0e702,60,54027,grda,seizure,0,Seizure,0,True,4014.3,0,0,13.286426834189035,bipolar,100.0,0.5-70 Hz,60 Hz,10.0,0.1693343688901809,350.2484166116486,6.5829468102749935,6.674379462753527,False,False
0fe1e434-0c1f-42ce-9988-138133e0e702,61,40595,gpd,gpd,1,GPD,1,True,25455.0,0,1,121.04352188997377,bipolar,100.0,0.5-70 Hz,60 Hz,10.0,0.16859327651917816,324.11467394096724,6.460202014729429,6.519781138498155,False,False
0fe1e434-0c1f-42ce-9988-138133e0e702,62,46932,sz,gpd,0,Other,0,False,30373.4,0,2,146.98037021355535,bipolar,100.0,0.5-70 Hz,60 Hz,10.0,0.1661561250371288,599.9999999999999,6.483917985800646,6.39680958623288,True,False
0fe1e434-0c1f-42ce-9988-138133e0e702,63,39687,iic,lpd,0,LRDA,0,False,30753.7,0,0,12.642447648782243,bipolar,100.0,0.5-70 Hz,60 Hz,10.0,0.16775673263402596,584.3009731826916,6.3881436356609305,6.4102438391808985,False,False
0fe1e434-0c1f-42ce-9988-138133e0e702,64,25399,lrda,seizure,0,LRDA,1,False,16871.0,0,1,110.42848209966579,bipolar,100.0,0.5-70 Hz,60 Hz,10.0,0.16389314406500555,466.41322059377023,6.288860067349603,6.326799678133523,False,False
0fe1e434-0c1f-42ce-9988-138133e0e702,65,52296,iic,gpd,0,LRDA,0,False,31010.5,0,1,83.37847755177208,bipolar,100.0,0.5-70 Hz,60 Hz,10.0,0.1650849955821988,438.36231513224027,6.196984017836786,6.226207235178444,False,False
0fe1e434-0c1f-42ce-9988-138133e0e702,66,51454,iic,other,1,GRDA,0,False,31671.2,0,2,148.41081837746984,bipolar,100.0,0.5-70 Hz,60 Hz,10.0,0.16981181292486186,599.9999999999999,6.375243678655249,6.134508729466409,True,False
0fe1e434-0c1f-42ce-9988-138133e0e702,67,47424,iic,lpd,0,Seizure,0,False,19083.4,0,2,117.09287060571862,bipolar,100.0,0.5-70 Hz,60 Hz,10.0,0.16890649111721207,581.4936772100136,6.257467559266356,6.309633897598211,False,False
0fe1e434-0c1f-42ce-9988-138133e0e702,68,56622,lpd,lpd,1,LPD,1,True,18497.1,0,1,121.2450513728496,bipolar,100.0,0.5-70 Hz,60 Hz,10.0,0.16627740948082737,567.4100002662261,6.168870578114824,6.19843408540676,False,False
0fe1e434-0c1f-42ce-9988-138133e0e702,69,55360,gpd,lrda,0,GPD,1,False,35041.8,0,4,108.43519470066852,bipolar,100.0,0.5-70 Hz,60 Hz,10.0,0.16823203748913212,423.45315485471576,6.196343533205038,6.111942545686524,False,False
0fe1e434-0c1f-42ce-9988-138133e0e702,70,55238,iic,seizure,0,GPD,0,False,11321.5,0,3,9.64229583663062,bipolar,100.0,0.5-70 Hz,60 Hz,10.0,0.16709937341763792,400.494144816814,6.083250258680996,6.1394982075775815,False,False
0fe1e434-0c1f-42ce-9988-138133e0e702,71,40694,gpd,grda,0,GPD,1,False,9484.4,0,1,12.180095214946686,bipolar,100.0,0.5-70 Hz,60 Hz,10.0,0.1664006601588548,391.62979211465444,5.982558626984993,6.03015034730277,False,False
0fe1e434-0c1f-42ce-9988-138133e0e702,72,70791,grda,gpd,0,LPD,0,False,16914.6,0,3,126.08863555748846,bipolar,100.0,0.5-70 Hz,60 Hz,10.0,0.16586341122972303,372.8360399281882,5.914304417745493,5.928854753945393,False,False
0fe1e434-0c1f-42ce-9988-138133e0e702,73,68637,sz,lrda,0,LRDA,0,True,7481.4,0,2,13.58039162583898,bipolar,100.0,0.5-70 Hz,60 Hz,10.0,0.1657943413494929,352.7964915261284,5.780527909625481,5.865054080358535,False,False
0fe1e434-0c1f-42ce-9988-138133e0e702,74,63289,lpd,lpd,1,LPD,1,True,21702.9,0,0,98.49448225841925,bipolar,100.0,0.5-70 Hz,60 Hz,10.0,0.16205239920206604,333.4391066233621,5.6943905368712056,5.733799535243882,False,False
0fe1e434-0c1f-42ce-9988-138133e0e702,75,22123,grda,seizure,0,GRDA,1,False,19619.9,0,0,80.3511017985015,bipolar,100.0,0.5-70 Hz,60 Hz,10.0,0.16187291721434405,331.8072937323777,5.636411986755707,5.6479596342071625,False,False
0fe1e434-0c1f-42ce-9988-138133e0e702,76,40008,grda,lrda,0,LPD,0,False,4796.8,0,7,143.6822306939204,bipolar,100.0,0.5-70 Hz,60 Hz,10.0,0.16555433261994468,599.9999999999999,5.734512368826046,5.593145549713377,True,False
0fe1e434-0c1f-42ce-9988-138133e0e702,77,55983,iic,gpd,0,GPD,0,True,11246.3,0,2,84.37150820535378,bipolar,100.0,0.5-70 Hz,60 Hz,10.0,0.16239000918739976,569.6773360592047,5.673270987412842,5.684470078217005,False,False
0fe1e434-0c1f-42ce-9988-138133e0e702,78,55316,iic,lrda,0,Seizure,0,False,9466.2,0,1,155.41407693846776,bipolar,100.0,0.5-70 Hz,60 Hz,10.0,0.16185572160158124,494.71347667633376,5.636416915994136,5.623597741447622,False,False
0fe1e434-0c1f-42ce-9988-138133e0e702,79,38946,iic,lrda,0,GPD,0,False,8001.2,0,2,142.17989812929298,bipolar,100.0,0.5-70 Hz,60 Hz,10.0,0.16028873457316156,398.423828307117,5.627761294565243,5.586214811734884,False,False
0fe1e434-0c1f-42ce-9988-138133e0e702,80,35768,iic,lrda,0,LPD,0,False,13287.9,0,1,14.353415064359957,bipolar,100.0,0.5-70 Hz,60 Hz,10.0,0.15938109921792953,308.40320109007706,5.6339506445749965,5.576458014073815,False,False
0fe1e434-0c1f-42ce-9988-138133e0e702,81,53422,sz,lpd,0,Seizure,1,False,2305.1,0,1,135.70555575926036,bipolar,100.0,0.5-70 Hz,60 Hz,10.0,0.15973221909842666,304.2568769373338,5.524354750867682,5.579623819334206,False,False
0fe1e434-0c1f-42ce-9988-138133e0e702,82,62695,iic,lrda,0,Seizure,0,False,1222.5,0,2,151.28697296657754,bipolar,100.0,0.5-70 Hz,60 Hz,10.0,0.1710678231319515,599.9999999999999,5.739646102787026,5.471516403784922,True,False
0fe1e434-0c1f-42ce-9988-138133e0e702,83,44156,iic,grda,0,GRDA,0,True,8895.8,0,3,137.3109310136665,bipolar,100.0,0.5-70 Hz,60 Hz,10.0,0.1718117359337391,577.0906615119825,5.724952317526344,5.684440063026455,False,False
0fe1e434-0c1f-42ce-9988-138133e0e702,84,69651,lrda,lrda,1,LRDA,1,True,4140.8,0,0,68.82928710616936,bipolar,100.0,0.5-70 Hz,60 Hz,10.0,0.1698219440602427,563.3687008640759,5.656170200710173,5.672692473928631,False,False
0fe1e434-0c1f-42ce-9988-138133e0e702,85,31011,iic,seizure,0,LRDA,0,False,3375.7,0,1,103.06676291380327,bipolar,100.0,0.5-70 Hz,60 Hz,10.0,0.16926956280503103,513.4217077167348,5.634902110732483,5.604442502011166,False,False
0fe1e434-0c1f-42ce-9988-138133e0e702,86,51952,lrda,lrda,1,LRDA,1,True,4963.7,0,0,150.3718847942992,bipolar,100.0,0.5-70 Hz,60 Hz,10.0,0.16144533494274121,480.6372842732914,5.572896538531054,5.586176332171442,False,False
0fe1e434-0c1f-42ce-9988-138133e0e702,87,69995,iic,other,1,Other,1,True,6083.5,0,0,132.10469213846088,bipolar,100.0,0.5-70 Hz,60 Hz,10.0,0.16116264103248595,460.32435322316167,5.5127980363389995,5.5249223266063705,False,False
0fe1e434-0c1f-42ce-9988-138133e0e702,88,21566,iic,grda,0,Other,1,False,20771.0,0,2,109.09456957153418,bipolar,100.0,0.5-70 Hz,60 Hz,10.0,0.16279584930597424,453.1460952695859,5.367278819415526,5.466211331794199,False,False
0fe1e434-0c1f-42ce-9988-138133e0e702,89,52096,lpd,lrda,0,LPD,1,False,17121.8,0,2,6.716840461010981,bipolar,100.0,0.5-70 Hz,60 Hz,10.0,0.16173488333464353,435.25621119617256,5.3454229452720625,5.320739698944024,False,False
0fe1e434-0c1f-42ce-9988-138133e0e702,90,56031,gpd,lpd,0,GPD,1,False,4123.5,0,2,121.96879775088816,bipolar,100.0,0.5-70 Hz,60 Hz,10.0,0.15794911114587262,418.6775399828451,5.291593331300376,5.301215274188029,False,False
0fe1e434-0c1f-42ce-9988-138133e0e702,91,51924,lpd,lrda,0,GPD,0,False,2483.6,0,4,156.5148241467845,bipolar,100.0,0.5-70 Hz,60 Hz,10.0,0.16097761791646337,391.19969752277825,5.18123270758889,5.248565155409415,False,False
0fe1e434-0c1f-42ce-9988-138133e0e702,92,69772,lpd,seizure,0,Seizure,0,True,2589.7,0,0,49.75775325324224,bipolar,100.0,0.5-70 Hz,60 Hz,10.0,0.16086318561899637,371.25929386588297,5.127661570266668,5.142339873370287,False,False
0fe1e434-0c1f-42ce-9988-138133e0e702,93,59725,gpd,grda,0,GPD,1,False,21783.1,0,0,126.81278489036207,bipolar,100.0,0.5-70 Hz,60 Hz,10.0,0.1567845618611302,353.3881456703215,5.068794499537432,5.089949012169675,False,False
0fe1e434-0c1f-42ce-9988-138133e0e702,94,49371,lpd,lrda,0,LRDA,0,True,31697.9,0,2,8.217104155125721,bipolar,100.0,0.5-70 Hz,60 Hz,10.0,0.15602907417453127,313.4662734977251,5.017174391613456,5.031564160155838,False,False
0fe1e434-0c1f-42ce-9988-138133e0e702,95,68375,lrda,lrda,1,LRDA,1,True,40354.8,0,0,12.003696679030059,bipolar,100.0,0.5-70 Hz,60 Hz,10.0,0.16409426304231867,599.9999999999999,5.037805543148954,4.980524333002863,True,False
0fe1e434-0c1f-42ce-9988-138133e0e702,96,56547,lpd,grda,0,GRDA,0,True,19156.5,0,0,16.710395789350578,bipolar,100.0,0.5-70 Hz,60 Hz,10.0,0.16482691024175689,582.0227772827849,4.978612972758232,4.992584040979214,False,False
0fe1e434-0c1f-42ce-9988-138133e0e702,97,49337,lpd,grda,0,Seizure,0,False,27310.9,0,0,10.314839596644982,bipolar,100.0,0.5-70 Hz,60 Hz,10.0,0.16337172264640004,535.3824778472087,4.920748068687175,4.9364359468662045,False,False
0fe1e434-0c1f-42ce-9988-138133e0e702,98,43389,sz,grda,0,GPD,0,False,18029.0,0,1,12.081088363235443,bipolar,100.0,0.5-70 Hz,60 Hz,10.0,0.16498355625040084,496.2977603254157,4.908265419326988,4.879657520173568,False,False
0fe1e434-0c1f-42ce-9988-138133e0e702,99,48443,lrda,lrda,1,LRDA,1,True,3365.3,0,3,62.849340760361464,bipolar,100.0,0.5-70 Hz,60 Hz,10.0,0.1498769923812872,482.1135189713873,4.875746500270435,4.867835664038472,False,False
0fe1e434-0c1f-42ce-9988-138133e0e702,100,39045,iic,other,1,Other,1,True,2472.7,0,3,69.11685266380685,bipolar,100.0,0.5-70 Hz,60 Hz,10.0,0.14903551339232662,469.96193465510885,4.820935197326262,4.835329027179197,False,False
0fe1e434-0c1f-42ce-9988-138133e0e702,101,39106,lpd,gpd,0,Seizure,0,False,6924.3,0,2,11.471759065937569,bipolar,100.0,0.5-70 Hz,60 Hz,10.0,0.1481189319495434,405.93103184048704,4.788098212169746,4.781270247859346,False,False
0fe1e434-0c1f-42ce-9988-138133e0e702,102,54035,lpd,gpd,0,LRDA,0,False,14826.5,0,0,10.331445076413273,bipolar,100.0,0.5-70 Hz,60 Hz,10.0,0.14789256843487347,327.9650964435577,4.7688137452673995,4.749058606784917,False,False
0fe1e434-0c1f-42ce-9988-138133e0e702,103,21111,lpd,grda,0,GPD,0,False,41727.1,0,1,112.97827979559766,bipolar,100.0,0.5-70 Hz,60 Hz,10.0,0.15349520972884817,599.9999999999999,4.75099769715445,4.727404961452228,True,False
0fe1e434-0c1f-42ce-9988-138133e0e702,104,70065,lpd,lrda,0,LRDA,0,True,4796.0,0,2,9.648709860926939,bipolar,100.0,0.5-70 Hz,60 Hz,10.0,0.1528048609195679,578.6179909360685,4.724361750104959,4.713104641425623,False,False
0fe1e434-0c1f-42ce-9988-138133e0e702,105,50577,lpd,gpd,0,Other,0,False,9396.5,0,3,8.785082832218388,bipolar,100.0,0.5-70 Hz,60 Hz,10.0,0.15321464687569836,527.0130892020678,4.702452737564233,4.6850284154156085,False,False
0fe1e434-0c1f-42ce-9988-138133e0e702,106,53724,lrda,gpd,0,GPD,0,True,3743.3,0,2,72.85376375446567,bipolar,100.0,0.5-70 Hz,60 Hz,10.0,0.1482325761969357,492.99355515565395,4.643522149110598,4.668904366325166,False,False
0fe1e434-0c1f-42ce-9988-138133e0e702,107,40101,lpd,gpd,0,Seizure,0,False,5066.6,0,1,9.7015306732552,bipolar,100.0,0.5-70 Hz,60 Hz,10.0,0.1476356719748409,428.82344536430855,4.625342250613523,4.604044625747742,False,False
0fe1e434-0c1f-42ce-9988-138133e0e702,108,45968,lpd,lpd,1,LPD,1,True,1221.1,0,0,103.61840959952251,bipolar,100.0,0.5-70 Hz,60 Hz,10.0,0.14490627455882876,404.4574919522608,4.610021731412427,4.585198357862526,False,False
0fe1e434-0c1f-42ce-9988-138133e0e702,109,32305,lpd,seizure,0,LPD,1,False,5926.5,0,2,7.75284016147484,bipolar,100.0,0.5-70 Hz,60 Hz,10.0,0.14704212094931035,476.5186728476968,4.460625657526568,4.566925487074939,False,False
0fe1e434-0c1f-42ce-9988-138133e0e702,110,47249,grda,seizure,0,Seizure,0,True,10518.6,0,0,129.35566827617626,bipolar,100.0,0.5-70 Hz,60 Hz,10.0,0.14540298661532197,450.00730697021896,4.408717113024542,4.426574117034689,False,False
0fe1e434-0c1f-42ce-9988-138133e0e702,111,31149,lrda,seizure,0,GRDA,0,False,1284.5,0,4,144.19116811866857,bipolar,100.0,0.5-70 Hz,60 Hz,10.0,0.1453324598602433,394.8718307843874,4.373490044286113,4.376083762836824,False,False
0fe1e434-0c1f-42ce-9988-138133e0e702,112,69945,sz,grda,0,GRDA,0,True,997.8,0,1,118.01628015960321,bipolar,100.0,0.5-70 Hz,60 Hz,10.0,0.1454489370331582,355.3865321073717,4.335777827944498,4.341565001905763,False,False
0fe1e434-0c1f-42ce-9988-138133e0e702,113,70144,lrda,grda,0,GRDA,0,True,743.1,0,3,13.692574941629246,bipolar,100.0,0.5-70 Hz,60 Hz,10.0,0.15064333110625772,599.9999999999999,4.379147562823507,4.305438617393843,True,False
0fe1e434-0c1f-42ce-9988-138133e0e702,114,60705,gpd,seizure,0,Seizure,0,True,955.0,0,0,140.31306897538425,bipolar,100.0,0.5-70 Hz,60 Hz,10.0,0.1507185382326815,568.9947057640192,4.361153569644761,4.348121557322399,False,False
0fe1e434-0c1f-42ce-9988-138133e0e702,115,40564,lrda,grda,0,LRDA,1,False,1266.4,0,1,143.98747782036378,bipolar,100.0,0.5-70 Hz,60 Hz,10.0,0.15148586741542092,557.4651569442601,4.347051178678985,4.330474059927056,False,False
0fe1e434-0c1f-42ce-9988-138133e0e702,116,34942,gpd,grda,0,GPD,1,False,3097.9,0,3,128.29344960455296,bipolar,100.0,0.5-70 Hz,60 Hz,10.0,0.15039580802873403,550.2166381281676,4.32926378570277,4.317027272028142,False,False
0fe1e434-0c1f-42ce-9988-138133e0e702,117,21022,iic,gpd,0,GPD,0,True,23500.1,0,3,132.30419952197155,bipolar,100.0,0.5-70 Hz,60 Hz,10.0,0.15079006151423113,538.3397765004114,4.33672745888397,4.2988542468780455,False,False
0fe1e434-0c1f-42ce-9988-138133e0e702,118,33277,gpd,seizure,0,Seizure,0,True,2053.0,0,0,8.799137174719785,bipolar,100.0,0.5-70 Hz,60 Hz,10.0,0.1507426102905005,488.41444077568934,4.327082769771382,4.3075440029949075,False,False
0fe1e434-0c1f-42ce-9988-138133e0e702,119,66746,lrda,grda,0,LRDA,1,False,2536.2,0,1,69.83840367203062,bipolar,100.0,0.5-70 Hz,60 Hz,10.0,0.1514408189201238,458.15477256124865,4.317175793697052,4.297094365369953,False,False
0fe1e434-0c1f-42ce-9988-138133e0e702,120,41525,lpd,lpd,1,LPD,1,True,2104.6,0,1,13.919981326839238,bipolar,100.0,0.5-70 Hz,60 Hz,10.0,0.15288397834740863,448.3200196741339,4.305509040106585,4.288422175772177,False,False
0fe1e434-0c1f-42ce-9988-138133e0e702,121,88662,lrda,lpd,0,LRDA,1,False,2263.8,0,0,14.657719822837683,bipolar,100.0,0.5-70 Hz,60 Hz,10.0,0.15312219072214206,410.11837757803556,4.29487215712059,4.277351729614407,False,False
0fe1e434-0c1f-42ce-9988-138133e0e702,122,54058,grda,grda,1,GRDA,1,True,12017.3,0,1,11.212174008740766,bipolar,100.0,0.5-70 Hz,60 Hz,10.0,0.15484052711166973,401.4449435498639,4.286530461621977,4.267449035008627,False,False
0fe1e434-0c1f-42ce-9988-138133e0e702,123,36263,iic,lrda,0,GPD,0,False,8557.3,0,3,112.58591127129819,bipolar,100.0,0.5-70 Hz,60 Hz,10.0,0.15528486721073742,378.4183613127116,4.306474792638061,4.258868457391468,False,False
0fe1e434-0c1f-42ce-9988-138133e0e702,124,31713,gpd,seizure,0,Seizure,0,True,3365.4,0,1,155.44876015528982,bipolar,100.0,0.5-70 Hz,60 Hz,10.0,0.15652493732227019,320.9919500494851,4.31730556950686,4.278617228007022,False,False
0fe1e434-0c1f-42ce-9988-138133e0e702,125,46177,grda,gpd,0,LRDA,0,False,1913.2,0,1,113.1470796301645,bipolar,100.0,0.5-70 Hz,60 Hz,10.0,0.15820803561813207,599.9999999999999,4.298160600766407,4.2874362553658925,True,False
0fe1e434-0c1f-42ce-9988-138133e0e702,126,70977,gpd,seizure,0,GPD,1,False,1243.5,0,0,128.48078335734982,bipolar,100.0,0.5-70 Hz,60 Hz,10.0,0.16041641789007277,587.0723301501911,4.288202512400867,4.267991460197467,False,False
0fe1e434-0c1f-42ce-9988-138133e0e702,127,88383,grda,lrda,0,GRDA,1,False,2700.5,0,3,120.23346621139795,bipolar,100.0,0.5-70 Hz,60 Hz,10.0,0.16034858641350902,573.3847699412771,4.269976015769483,4.258387904429455,False,False
0fe1e434-0c1f-42ce-9988-138133e0e702,128,26501,lrda,seizure,0,LRDA,1,False,4973.9,0,1,9.312423145083164,bipolar,100.0,0.5-70 Hz,60 Hz,10.0,0.16284783126351782,438.36179950546017,4.166710938763203,4.2427871575740195,False,False
0fe1e434-0c1f-42ce-9988-138133e0e702,129,45297,grda,lrda,0,GRDA,1,False,5005.6,0,2,136.1333744322682,bipolar,100.0,0.5-70 Hz,60 Hz,10.0,0.15417564518826538,322.4698267519185,4.094734790500002,4.140585536792058,False,False
0fe1e434-0c1f-42ce-9988-138133e0e702,130,44846,iic,other,1,Other,1,True,6362.9,0,0,74.61481990413905,bipolar,100.0,0.5-70 Hz,60 Hz,10.0,0.1572379127878985,317.44977389149625,4.126024146773556,4.066362864977165,False,False
0fe1e434-0c1f-42ce-9988-138133e0e702,131,35353,gpd,lrda,0,Other,0,False,22374.4,0,2,14.406521420309918,bipolar,100.0,0.5-70 Hz,60 Hz,10.0,0.15554089930142279,304.9355088601485,4.150403344660257,4.096714288348709,False,False
0fe1e434-0c1f-42ce-9988-138133e0e702,132,25241,iic,other,1,GPD,0,False,992.5,0,2,120.44175667156989,bipolar,100.0,0.5-70 Hz,60 Hz,10.0,0.15461942832769837,599.9999999999999,4.056825752843016,4.121322368609556,True,False
0fe1e434-0c1f-42ce-9988-138133e0e702,133,40538,iic,other,1,Other,1,True,19298.2,0,0,90.48837885934041,bipolar,100.0,0.5-70 Hz,60 Hz,10.0,0.15571809951960286,592.8447500948182,4.034194449040955,4.028882229426131,False,False
0fe1e434-0c1f-42ce-9988-138133e0e702,134,87400,grda,lrda,0,GRDA,1,False,36368.5,0,5,124.84359864777652,bipolar,100.0,0.5-70 Hz,60 Hz,10.0,0.15512618718085092,582.6750473915284,4.015080079523354,4.00989152859107,False,False
0fe1e434-0c1f-42ce-9988-138133e0e702,135,69242,iic,lpd,0,GPD,0,False,4505.3,0,0,104.02916291701703,bipolar,100.0,0.5-70 Hz,60 Hz,10.0,0.15558099953812393,567.9344182542745,3.9920263024627554,3.9913699950525863,False,False
0fe1e434-0c1f-42ce-9988-138133e0e702,136,44664,sz,gpd,0,GPD,0,True,1257.8,0,1,141.2519702429771,bipolar,100.0,0.5-70 Hz,60 Hz,10.0,0.1555940852248483,548.0430269553017,3.959897047343847,3.9693594868400752,False,False
0fe1e434-0c1f-42ce-9988-138133e0e702,137,21244,gpd,lrda,0,GPD,1,False,12088.5,0,0,116.71788858152999,bipolar,100.0,0.5-70 Hz,60 Hz,10.0,0.15549787265066028,537.1916020381683,3.966530252229492,3.9383595189661973,False,False
0fe1e434-0c1f-42ce-9988-138133e0e702,138,51187,lpd,grda,0,LPD,1,False,32333.1,0,0,13.013108056249761,bipolar,100.0,0.5-70 Hz,60 Hz,10.0,0.15351021085213234,433.580927161768,3.943554349662217,3.945079736500702,False,False
0fe1e434-0c1f-42ce-9988-138133e0e702,139,45851,iic,gpd,0,Other,1,False,16390.8,0,1,137.51931168558946,bipolar,100.0,0.5-70 Hz,60 Hz,10.0,0.1533867611688738,359.00828113333904,3.8998268846862176,3.92175453627313,False,False
0fe1e434-0c1f-42ce-9988-138133e0e702,140,51846,grda,lrda,0,GRDA,1,False,82833.6,0,1,146.2756922574693,bipolar,100.0,0.5-70 Hz,60 Hz,10.0,0.15349557005993636,599.9999999999999,3.748239564532474,3.873966489311267,True,False
0fe1e434-0c1f-42ce-9988-138133e0e702,141,32715,grda,seizure,0,Seizure,0,True,18539.3,0,2,122.42360411024745,bipolar,100.0,0.5-70 Hz,60 Hz,10.0,0.16476347526221957,374.7431638935769,3.809313684516382,3.7257351845143227,False,False
0fe1e434-0c1f-42ce-9988-138133e0e702,142,68983,gpd,grda,0,GPD,1,False,46847.2,0,0,117.23816149870223,bipolar,100.0,0.5-70 Hz,60 Hz,10.0,0.16451202479652782,365.718614711304,3.805389838767515,3.785366682012664,False,False
0fe1e434-0c1f-42ce-9988-138133e0e702,143,85956,grda,grda,1,GRDA,1,True,7191.2,0,2,149.35970724692083,bipolar,100.0,0.5-70 Hz,60 Hz,10.0,0.1648506275125703,402.15007051439585,3.782865902030946,3.7819469732760207,False,False
0fe1e434-0c1f-42ce-9988-138133e0e702,144,53019,gpd,lpd,0,GPD,1,False,9606.0,0,3,87.6227376966205,bipolar,100.0,0.5-70 Hz,60 Hz,10.0,0.16482371044594052,382.1231850662336,3.7784065084779215,3.7603377210381432,False,False
0fe1e434-0c1f-42ce-9988-138133e0e702,145,37612,sz,gpd,0,Seizure,1,False,40967.5,0,1,139.4299070814945,bipolar,100.0,0.5-70 Hz,60 Hz,10.0,0.16357751844475027,378.61669983924463,3.747895689241641,3.7568161276432055,False,False
0fe1e434-0c1f-42ce-9988-138133e0e702,146,35177,gpd,grda,0,GPD,1,False,10086.2,0,2,116.43320417918966,bipolar,100.0,0.5-70 Hz,60 Hz,10.0,0.16257105601572558,356.30884623757066,3.740398783426261,3.727587456193339,False,False
0fe1e434-0c1f-42ce-9988-138133e0e702,147,20737,gpd,seizure,0,LPD,0,False,11625.9,0,0,72.46128622503765,bipolar,100.0,0.5-70 Hz,60 Hz,10.0,0.16651385569880928,345.05247866937043,3.739080328364382,3.7207864162192386,False,False
0fe1e434-0c1f-42ce-9988-138133e0e702,148,60421,lpd,lpd,1,LPD,1,True,33008.6,0,1,112.93403137324647,bipolar,100.0,0.5-70 Hz,60 Hz,10.0,0.16719716156262293,339.744814712766,3.704008383501922,3.7199909151206607,False,False
0fe1e434-0c1f-42ce-9988-138133e0e702,149,55303,gpd,lrda,0,LRDA,0,True,21845.1,0,2,101.70434992723666,bipolar,100.0,0.5-70 Hz,60 Hz,10.0,0.16976241119952,312.1339457918753,3.7172373310693727,3.685537889313717,False,False
0fe1e434-0c1f-42ce-9988-138133e0e702,150,70983,gpd,lpd,0,GPD,1,False,1986.1,0,3,79.72557314331449,bipolar,100.0,0.5-70 Hz,60 Hz,10.0,0.15846733832020782,599.9999999999999,3.562721782867606,3.6992942318081026,True,False
0fe1e434-0c1f-42ce-9988-138133e0e702,151,38078,lrda,lpd,0,LRDA,1,False,1075.4,0,2,148.64166344714812,bipolar,100.0,0.5-70 Hz,60 Hz,10.0,0.15866304751925758,589.3756956974635,3.565197472367424,3.5423416117229944,False,False
0fe1e434-0c1f-42ce-9988-138133e0e702,152,48579,lpd,lpd,1,LPD,1,True,2808.1,0,3,73.24233811150886,bipolar,100.0,0.5-70 Hz,60 Hz,10.0,0.15878963762107218,580.5575255311938,3.5524556008052057,3.5455631765717284,False,False
0fe1e434-0c1f-42ce-9988-138133e0e702,153,68479,lrda,lpd,0,LPD,0,True,4365.1,0,2,10.529416026277001,bipolar,100.0,0.5-70 Hz,60 Hz,10.0,0.1534434608206191,468.541182629234,3.4319085830278655,3.533840156571869,False,False
0fe1e434-0c1f-42ce-9988-138133e0e702,154,21629,lrda,seizure,0,LPD,0,False,3283.4,0,1,87.79478514479013,bipolar,100.0,0.5-70 Hz,60 Hz,10.0,0.15269228120031791,449.9795962695296,3.4373500126735936,3.4147955350993553,False,False
0fe1e434-0c1f-42ce-9988-138133e0e702,155,56529,lpd,lpd,1,LPD,1,True,7586.2,0,2,13.653517989298525,bipolar,100.0,0.5-70 Hz,60 Hz,10.0,0.15460879299860197,433.3187129516486,3.4386969356946353,3.4203672126982765,False,False
0fe1e434-0c1f-42ce-9988-138133e0e702,156,61377,lrda,gpd,0,LRDA,1,False,2903.2,0,1,142.71213104852134,bipolar,100.0,0.5-70 Hz,60 Hz,10.0,0.15560202536493684,435.71273066894923,3.373634010673797,3.422083098179012,False,False
0fe1e434-0c1f-42ce-9988-138133e0e702,157,85544,grda,grda,1,GRDA,1,True,762.1,0,1,13.127759191152263,bipolar,100.0,0.5-70 Hz,60 Hz,10.0,0.15571775136763188,428.7164369055408,3.3492796763290476,3.356000936314173,False,False
0fe1e434-0c1f-42ce-9988-138133e0e702,158,41050,iic,grda,0,Seizure,0,False,2383.4,0,2,109.98611073324389,bipolar,100.0,0.5-70 Hz,60 Hz,10.0,0.1556277990554238,425.4829540020826,3.3359686110179925,3.3342896253532097,False,False
0fe1e434-0c1f-42ce-9988-138133e0e702,159,38682,sz,lpd,0,Other,0,False,7787.7,0,1,124.6315837677146,bipolar,100.0,0.5-70 Hz,60 Hz,10.0,0.15515617332832665,599.9999999999999,3.4096433488270916,3.321547830866574,True,False
0fe1e434-0c1f-42ce-9988-138133e0e702,160,41260,sz,gpd,0,GRDA,0,False,18060.4,0,1,139.1099266763943,bipolar,100.0,0.5-70 Hz,60 Hz,10.0,0.15393789197907348,332.8135249911805,3.3361191422312553,3.3895801047805514,False,False
0fe1e434-0c1f-42ce-9988-138133e0e702,161,53784,sz,seizure,1,Seizure,1,True,11874.2,0,0,6.070171490328824,bipolar,100.0,0.5-70 Hz,60 Hz,10.0,0.15454632530961154,380.81260441999837,3.3151809541364674,3.3148763173049196,False,False
0fe1e434-0c1f-42ce-9988-138133e0e702,162,52522,lpd,lpd,1,LPD,1,True,3250.8,0,0,105.90184789809723,bipolar,100.0,0.5-70 Hz,60 Hz,10.0,0.15506933416403829,377.2980039043646,3.300866501397449,3.2964494137744995,False,False
0fe1e434-0c1f-42ce-9988-138133e0e702,163,23733,iic,grda,0,Other,1,False,35075.5,0,0,128.65850967409114,bipolar,100.0,0.5-70 Hz,60 Hz,10.0,0.14914266387976122,599.9999999999999,3.3025799504803004,3.2827923819476177,True,False
0fe1e434-0c1f-42ce-9988-138133e0e702,164,45479,sz,seizure,1,Other,0,False,5859.8,0,1,117.66855460572492,bipolar,100.0,0.5-70 Hz,60 Hz,10.0,0.14659607794721474,345.56552659090653,3.2475854008343994,3.280571863442899,False,False
0fe1e434-0c1f-42ce-9988-138133e0e702,165,34502,sz,seizure,1,Seizure,1,True,10221.3,0,0,106.1473303117091,bipolar,100.0,0.5-70 Hz,60 Hz,10.0,0.1466408295063435,397.47742124283366,3.220094431900923,3.224860932250103,False,False
0fe1e434-0c1f-42ce-9988-138133e0e702,166,44977,sz,seizure,1,Seizure,1,True,11181.1,0,1,111.3681789101273,bipolar,100.0,0.5-70 Hz,60 Hz,10.0,0.14665561889759543,440.3678626477556,3.196302697882617,3.200637583022079,False,False
0fe1e434-0c1f-42ce-9988-138133e0e702,167,56839,iic,other,1,Other,1,True,6742.4,0,1,120.74240055438044,bipolar,100.0,0.5-70 Hz,60 Hz,10.0,0.1461779171701897,437.3684723200808,3.1788764024989726,3.179011222098164,False,False
0fe1e434-0c1f-42ce-9988-138133e0e702,168,40550,sz,grda,0,LRDA,0,False,13453.9,0,2,8.45884657835399,bipolar,100.0,0.5-70 Hz,60 Hz,10.0,0.14690773089411274,431.0042903533286,3.1642189908459155,3.1617603112242927,False,False
0fe1e434-0c1f-42ce-9988-138133e0e702,169,24709,sz,seizure,1,Seizure,1,True,4300.6,0,1,10.537881123462777,bipolar,100.0,0.5-70 Hz,60 Hz,10.0,0.14700644095532822,459.1875993882176,3.1433555149068573,3.1484270847084823,False,False
0fe1e434-0c1f-42ce-9988-138133e0e702,170,47933,lpd,lpd,1,LPD,1,True,4857.6,0,2,110.29769353001427,bipolar,100.0,0.5-70 Hz,60 Hz,10.0,0.1465701359380982,452.0955686840925,3.119341492174314,3.12813303701211,False,False
0fe1e434-0c1f-42ce-9988-138133e0e702,171,32452,lrda,seizure,0,Other,0,False,3831.4,0,2,114.93275442232168,bipolar,100.0,0.5-70 Hz,60 Hz,10.0,0.14630582856050967,439.20345577975314,3.096070894894604,3.1044834973726636,False,False
0fe1e434-0c1f-42ce-9988-138133e0e702,172,86240,grda,grda,1,GRDA,1,True,3149.4,0,1,10.795901318255774,bipolar,100.0,0.5-70 Hz,60 Hz,10.0,0.1461420205383161,433.2295081787652,3.0721968775355837,3.0810217739569885,False,False
0fe1e434-0c1f-42ce-9988-138133e0e702,173,69661,sz,grda,0,LPD,0,False,19781.5,0,2,135.01440272776236,bipolar,100.0,0.5-70 Hz,60 Hz,10.0,0.14622221762970333,413.2103753479882,3.0562855749712776,3.057740208309823,False,False
0fe1e434-0c1f-42ce-9988-138133e0e702,174,39281,sz,seizure,1,Seizure,1,True,21411.7,0,0,137.13957432018418,bipolar,100.0,0.5-70 Hz,60 Hz,10.0,0.14617140614538687,436.7613135732932,3.045983764254335,3.043009989124079,False,False
0fe1e434-0c1f-42ce-9988-138133e0e702,175,86955,iic,other,1,Other,1,True,15538.1,0,4,164.0846284742629,bipolar,100.0,0.5-70 Hz,60 Hz,10.0,0.14611295813035907,416.7692499222144,3.0410391389129945,3.0325942187235704,False,False
0fe1e434-0c1f-42ce-9988-138133e0e702,176,22740,lrda,seizure,0,Seizure,0,True,8826.2,0,0,81.50735705133802,bipolar,100.0,0.5-70 Hz,60 Hz,10.0,0.14614950574404584,388.7682941740226,3.0298836948374506,3.027758727967159,False,False
0fe1e434-0c1f-42ce-9988-138133e0e702,177,51979,gpd,lrda,0,Seizure,0,False,20867.4,0,1,100.6722679626753,bipolar,100.0,0.5-70 Hz,60 Hz,10.0,0.14596903263005462,379.3015752555981,3.0192975854827715,3.0160991073044663,False,False
0fe1e434-0c1f-42ce-9988-138133e0e702,178,60915,sz,grda,0,GPD,0,False,7355.1,0,4,115.12340354768698,bipolar,100.0,0.5-70 Hz,60 Hz,10.0,0.14572129078126211,353.27770983282,3.0033623530834923,3.0066151977802678,False,False
0fe1e434-0c1f-42ce-9988-138133e0e702,179,45189,iic,gpd,0,GPD,0,True,3087.1,0,2,155.45369411412227,bipolar,100.0,0.5-70 Hz,60 Hz,10.0,0.14611050442801665,347.55706715559245,3.0022271965549967,2.9904622707151356,False,False
0fe1e434-0c1f-42ce-9988-138133e0e702,180,88235,grda,grda,1,GRDA,1,True,26608.0,0,2,9.573792003083634,bipolar,100.0,0.5-70 Hz,60 Hz,10.0,0.14498736069513918,339.53698933316286,2.985092960424897,2.9894277352252727,False,False
0fe1e434-0c1f-42ce-9988-138133e0e702,181,57301,gpd,lrda,0,LRDA,0,True,3287.3,0,2,115.92677294734746,bipolar,100.0,0.5-70 Hz,60 Hz,10.0,0.14478172853473192,320.0203933401864,2.9738358287939675,2.9726161511146483,False,False
0fe1e434-0c1f-42ce-9988-138133e0e702,182,46922,lpd,gpd,0,LRDA,0,False,1010.7,0,1,8.191083506111376,bipolar,100.0,0.5-70 Hz,60 Hz,10.0,0.14455833313335253,308.9266054340154,2.96371751870805,2.9609445316644107,False,False
0fe1e434-0c1f-42ce-9988-138133e0e702,183,52083,lpd,lpd,1,LPD,1,True,3529.9,0,2,121.7347024632003,bipolar,100.0,0.5-70 Hz,60 Hz,10.0,0.15246078230758697,599.9999999999999,2.981135909662398,2.9515748225063296,True,False
0fe1e434-0c1f-42ce-9988-138133e0e702,184,31930,lrda,seizure,0,Seizure,0,True,19070.5,0,2,114.1292154297778,bipolar,100.0,0.5-70 Hz,60 Hz,10.0,0.15263205707298716,585.8560232326228,2.968216300642022,2.968749987384022,False,False
0fe1e434-0c1f-42ce-9988-138133e0e702,185,40526,lrda,gpd,0,Seizure,0,False,1232.5,0,0,159.7866624411793,bipolar,100.0,0.5-70 Hz,60 Hz,10.0,0.15273134580050335,548.054562312857,2.9617436584759442,2.9567246046123183,False,False
0fe1e434-0c1f-42ce-9988-138133e0e702,186,84687,grda,lrda,0,GRDA,1,False,1121.3,0,0,14.568140824750683,bipolar,100.0,0.5-70 Hz,60 Hz,10.0,0.15277143683260702,544.3519236282323,2.9570498274501253,2.9503274692682586,False,False
0fe1e434-0c1f-42ce-9988-138133e0e702,187,67611,grda,gpd,0,GRDA,1,False,2127.0,0,0,91.82485846792704,bipolar,100.0,0.5-70 Hz,60 Hz,10.0,0.15135811590385695,450.6679912771509,2.88646837090171,2.945702476080153,False,False
0fe1e434-0c1f-42ce-9988-138133e0e702,188,33829,gpd,seizure,0,Seizure,0,True,5040.9,0,1,87.82862342415112,bipolar,100.0,0.5-70 Hz,60 Hz,10.0,0.151736873756385,440.4699608354259,2.89047863320188,2.8753738844607737,False,False
0fe1e434-0c1f-42ce-9988-138133e0e702,189,85342,gpd,lrda,0,LRDA,0,True,7130.1,0,1,53.93427058851854,bipolar,100.0,0.5-70 Hz,60 Hz,10.0,0.15465125382259653,599.9999999999999,2.6271320135957814,2.8793416488904566,True,False
0fe1e434-0c1f-42ce-9988-138133e0e702,190,88824,lrda,lrda,1,LRDA,1,True,17096.2,0,3,133.38039503420458,bipolar,100.0,0.5-70 Hz,60 Hz,10.0,0.15463999351711166,593.2461588954485,2.6112518618400777,2.6151536872450842,False,False
0fe1e434-0c1f-42ce-9988-138133e0e702,191,34589,sz,seizure,1,Seizure,1,True,5529.5,0,1,146.16942550030578,bipolar,100.0,0.5-70 Hz,60 Hz,10.0,0.15441532612649267,587.06584869505,2.609690304589286,2.600150747625259,False,False
0fe1e434-0c1f-42ce-9988-138133e0e702,192,88393,lrda,lrda,1,LRDA,1,True,28898.9,0,3,112.65000879050606,bipolar,100.0,0.5-70 Hz,60 Hz,10.0,0.15433778853059,569.5728669403795,2.5937266304303757,2.59897433558125,False,False
0fe1e434-0c1f-42ce-9988-138133e0e702,193,22837,sz,seizure,1,Seizure,1,True,29502.0,0,2,148.10536133065696,bipolar,100.0,0.5-70 Hz,60 Hz,10.0,0.1542152940322601,549.1193989825903,2.5960717218995932,2.5835646161997636,False,False
0fe1e434-0c1f-42ce-9988-138133e0e702,194,61536,sz,seizure,1,Seizure,1,True,8131.9,0,0,141.6409793327561,bipolar,100.0,0.5-70 Hz,60 Hz,10.0,0.154161090802879,518.395748846177,2.5972631701264253,2.5861318619281097,False,False
0fe1e434-0c1f-42ce-9988-138133e0e702,195,84698,lrda,lpd,0,LRDA,1,False,47357.9,0,5,100.77406580871104,bipolar,100.0,0.5-70 Hz,60 Hz,10.0,0.15411407045830788,494.9191132726895,2.5808838258579314,2.5875401632951087,False,False
0fe1e434-0c1f-42ce-9988-138133e0e702,196,62063,lpd,gpd,0,GPD,0,True,11599.3,0,1,19.970775676998823,bipolar,100.0,0.5-70 Hz,60 Hz,10.0,0.1541500180028919,479.58005874447514,2.5725313275765336,2.571361143637291,False,False
0fe1e434-0c1f-42ce-9988-138133e0e702,197,68092,sz,lpd,0,Seizure,1,False,11071.4,0,1,134.12239116581227,bipolar,100.0,0.5-70 Hz,60 Hz,10.0,0.15482372288867718,444.26764883233983,2.575246019489583,2.563216768058632,False,False
0fe1e434-0c1f-42ce-9988-138133e0e702,198,44589,iic,gpd,0,LRDA,0,False,3049.0,0,3,14.268704823381574,bipolar,100.0,0.5-70 Hz,60 Hz,10.0,0.15406859245566362,437.74920783448107,2.5503347209430385,2.565701105114118,False,False
0fe1e434-0c1f-42ce-9988-138133e0e702,199,56782,iic,other,1,Other,1,True,7230.6,0,0,11.987321626643078,bipolar,100.0,0.5-70 Hz,60 Hz,10.0,0.15410456005625822,431.07435840670706,2.527320596291974,2.541348436082674,False,False
0fe1e434-0c1f-42ce-9988-138133e0e702,200,63709,lrda,other,0,LRDA,1,False,5205.3,0,1,7.234746972667467,bipolar,100.0,0.5-70 Hz,60 Hz,10.0,0.1540207031663981,404.8326009058721,2.507679222397255,2.5182320877469615,False,False
0fe1e434-0c1f-42ce-9988-138133e0e702,201,63070,gpd,other,0,LRDA,0,False,18211.0,0,3,127.82963011039203,bipolar,100.0,0.5-70 Hz,60 Hz,10.0,0.1557947390853272,599.9999999999999,2.525358860768583,2.4989185716747593,True,False
0fe1e434-0c1f-42ce-9988-138133e0e702,202,59456,gpd,grda,0,GPD,1,False,15413.4,0,3,133.61863171029648,bipolar,100.0,0.5-70 Hz,60 Hz,10.0,0.15617027610618545,594.7260958325932,2.526023778553596,2.5139369749891323,False,False
0fe1e434-0c1f-42ce-9988-138133e0e702,203,35152,gpd,grda,0,GPD,1,False,23575.5,0,2,104.05849837155566,bipolar,100.0,0.5-70 Hz,60 Hz,10.0,0.15641419738704793,580.9093236571019,2.5278578015341377,2.5155752996851164,False,False
0fe1e434-0c1f-42ce-9988-138133e0e702,204,51960,gpd,lrda,0,GRDA,0,False,37984.5,0,0,106.14211008528537,bipolar,100.0,0.5-70 Hz,60 Hz,10.0,0.15719498673881577,561.5719976786129,2.5246056082980712,2.5175762933547765,False,False
0fe1e434-0c1f-42ce-9988-138133e0e702,205,32585,gpd,seizure,0,Other,0,False,3353.3,0,0,155.55543070717172,bipolar,100.0,0.5-70 Hz,60 Hz,10.0,0.15753691675835452,514.8152360861611,2.523664904517321,2.5140496006866386,False,False
0fe1e434-0c1f-42ce-9988-138133e0e702,206,65955,sz,gpd,0,Seizure,1,False,2424.7,0,3,11.05907262826797,bipolar,100.0,0.5-70 Hz,60 Hz,10.0,0.15609835686258738,446.2842325904284,2.493329292676089,2.513819122735244,False,False
0fe1e434-0c1f-42ce-9988-138133e0e702,207,28457,gpd,grda,0,GPD,1,False,5234.8,0,1,132.27632938281192,bipolar,100.0,0.5-70 Hz,60 Hz,10.0,0.15659925507318562,430.11068972471486,2.4910458062183105,2.483091698313282,False,False
0fe1e434-0c1f-42ce-9988-138133e0e702,208,60905,gpd,grda,0,GPD,1,False,1062.7,0,3,78.5231270220129,bipolar,100.0,0.5-70 Hz,60 Hz,10.0,0.1545746833911834,458.2796205057302,2.442493698490744,2.4805367871972646,False,False
0fe1e434-0c1f-42ce-9988-138133e0e702,209,38614,lrda,gpd,0,GPD,0,True,4185.4,0,1,9.91743870618195,bipolar,100.0,0.5-70 Hz,60 Hz,10.0,0.15465757739610309,444.11505082506835,2.4419387526137566,2.4325163222621247,False,False
0fe1e434-0c1f-42ce-9988-138133e0e702,210,50134,lrda,grda,0,LRDA,1,False,83784.5,0,1,116.47599770879201,bipolar,100.0,0.5-70 Hz,60 Hz,10.0,0.15558429540190888,435.867297852996,2.4192927216916216,2.4326752283981596,False,False
0fe1e434-0c1f-42ce-9988-138133e0e702,211,60073,grda,gpd,0,GPD,0,True,56097.4,0,3,163.6678241697128,bipolar,100.0,0.5-70 Hz,60 Hz,10.0,0.1556848342366307,427.0695352463643,2.3990204665759185,2.4099820808808414,False,False
0fe1e434-0c1f-42ce-9988-138133e0e702,212,65542,lrda,seizure,0,GPD,0,False,41371.1,0,1,68.34788880253407,bipolar,100.0,0.5-70 Hz,60 Hz,10.0,0.1555350759978677,439.34068093313266,2.396518961073866,2.3909673194265513,False,False
0fe1e434-0c1f-42ce-9988-138133e0e702,213,84820,sz,gpd,0,Seizure,1,False,38606.3,0,1,66.3417535852199,bipolar,100.0,0.5-70 Hz,60 Hz,10.0,0.15600395663749322,433.70144025389857,2.400834706799636,2.388544344102079,False,False
0fe1e434-0c1f-42ce-9988-138133e0e702,214,68755,grda,lpd,0,LPD,0,True,10329.5,0,1,105.38640568296337,bipolar,100.0,0.5-70 Hz,60 Hz,10.0,0.15608794134336462,408.71621078647513,2.380347382618866,2.3930146728579107,False,False
0fe1e434-0c1f-42ce-9988-138133e0e702,215,49579,lrda,other,0,Other,0,True,149799.9,0,2,10.870690226650446,bipolar,100.0,0.5-70 Hz,60 Hz,10.0,0.15582689290609752,407.4005076436364,2.3768680657935946,2.3728696683843005,False,False
0fe1e434-0c1f-42ce-9988-138133e0e702,216,67374,lpd,gpd,0,Other,0,False,36422.0,0,0,133.50348723809782,bipolar,100.0,0.5-70 Hz,60 Hz,10.0,0.15599799290861338,398.802931031738,2.38052637511277,2.3693489460987105,False,False
0fe1e434-0c1f-42ce-9988-138133e0e702,217,64650,grda,other,0,GRDA,1,False,17538.2,0,2,70.04285902045243,bipolar,100.0,0.5-70 Hz,60 Hz,10.0,0.155095480003408,392.50724755138293,2.3821689849413126,2.3731214406418237,False,False
0fe1e434-0c1f-42ce-9988-138133e0e702,218,63121,lpd,grda,0,Other,0,False,7620.0,0,6,65.08315116652909,bipolar,100.0,0.5-70 Hz,60 Hz,10.0,0.15499914838623502,370.322827456505,2.393998327618477,2.3746864700323904,False,False
0fe1e434-0c1f-42ce-9988-138133e0e702,219,86656,grda,gpd,0,GRDA,1,False,11605.5,0,1,107.35066446076047,bipolar,100.0,0.5-70 Hz,60 Hz,10.0,0.15263389468843674,351.49174434893115,2.3968839275951455,2.386380709583394,False,False
0fe1e434-0c1f-42ce-9988-138133e0e702,220,42952,grda,gpd,0,GRDA,1,False,983.1,0,3,96.38536724748099,bipolar,100.0,0.5-70 Hz,60 Hz,10.0,0.1517846030522867,327.12892505745515,2.3982905956861424,2.389373846061476,False,False
0fe1e434-0c1f-42ce-9988-138133e0e702,221,61766,sz,lrda,0,Other,0,False,2319.8,0,1,127.22240077160109,bipolar,100.0,0.5-70 Hz,60 Hz,10.0,0.14981271022620857,308.95830566159634,2.315204106952453,2.3905481992543582,False,False
0fe1e434-0c1f-42ce-9988-138133e0e702,222,63145,gpd,grda,0,GPD,1,False,2790.7,0,0,90.4861196141949,bipolar,100.0,0.5-70 Hz,60 Hz,10.0,0.15651090780469018,599.9999999999999,2.422696084577389,2.306776638831157,True,False
0fe1e434-0c1f-42ce-9988-138133e0e702,223,56180,sz,lrda,0,Seizure,1,False,39226.9,0,2,62.62693388506398,bipolar,100.0,0.5-70 Hz,60 Hz,10.0,0.15701977152205587,507.6456634044455,2.378548494428027,2.4140564631055126,False,False
0fe1e434-0c1f-42ce-9988-138133e0e702,224,89162,grda,lpd,0,GRDA,1,False,2098.0,0,3,83.94893330544178,bipolar,100.0,0.5-70 Hz,60 Hz,10.0,0.1561547575572756,504.92139990192885,2.376390519480534,2.370029907113694,False,False
0fe1e434-0c1f-42ce-9988-138133e0e702,225,22872,gpd,seizure,0,GPD,1,False,19704.9,0,3,111.60510222320265,bipolar,100.0,0.5-70 Hz,60 Hz,10.0,0.15706683605045718,501.6427466924436,2.374197242987598,2.368160772049622,False,False
0fe1e434-0c1f-42ce-9988-138133e0e702,226,85411,grda,lrda,0,GRDA,1,False,6781.4,0,0,149.79870695283225,bipolar,100.0,0.5-70 Hz,60 Hz,10.0,0.15625467061967652,488.7995338517973,2.372875755450979,2.36622675344563,False,False
0fe1e434-0c1f-42ce-9988-138133e0e702,227,61619,grda,lrda,0,GRDA,1,False,22032.1,0,2,67.20382055050672,bipolar,100.0,0.5-70 Hz,60 Hz,10.0,0.15652353715975825,422.52301377166384,2.3808405390007477,2.365132080056064,False,False
0fe1e434-0c1f-42ce-9988-138133e0e702,228,36407,gpd,lrda,0,Other,0,False,2929.9,0,3,117.32404518795082,bipolar,100.0,0.5-70 Hz,60 Hz,10.0,0.15683456679421065,413.0490320340334,2.3765617347470176,2.373012665059358,False,False
0fe1e434-0c1f-42ce-9988-138133e0e702,229,88629,grda,gpd,0,GRDA,1,False,7634.7,0,0,105.58046200002494,bipolar,100.0,0.5-70 Hz,60 Hz,10.0,0.15640464483787148,390.58372934677453,2.384267996736371,2.368936967751208,False,False
0fe1e434-0c1f-42ce-9988-138133e0e702,230,41440,gpd,lpd,0,LPD,0,True,31846.8,0,1,108.11463534519764,bipolar,100.0,0.5-70 Hz,60 Hz,10.0,0.15650049159635648,374.3032571480918,2.3805058252812263,2.376780401263884,False,False
0fe1e434-0c1f-42ce-9988-138133e0e702,231,51306,grda,lrda,0,GRDA,1,False,5375.4,0,4,101.55179261687357,bipolar,100.0,0.5-70 Hz,60 Hz,10.0,0.15635883378525955,344.84388368787944,2.3917383297408055,2.373004780483021,False,False
0fe1e434-0c1f-42ce-9988-138133e0e702,232,38566,lpd,gpd,0,LPD,1,False,12705.9,0,0,63.182810274206766,bipolar,100.0,0.5-70 Hz,60 Hz,10.0,0.15732945458801117,347.07553823739437,2.3865378071433367,2.3842995391070234,False,False
0fe1e434-0c1f-42ce-9988-138133e0e702,233,36463,grda,lpd,0,GRDA,1,False,11818.2,0,0,124.7865869809649,bipolar,100.0,0.5-70 Hz,60 Hz,10.0,0.15700898718213152,322.34035553913867,2.3956957636246963,2.3789865173048526,False,False
0fe1e434-0c1f-42ce-9988-138133e0e702,234,86095,gpd,other,0,GPD,1,False,4839.2,0,0,13.33351064788761,bipolar,100.0,0.5-70 Hz,60 Hz,10.0,0.15781189039094196,314.91441162216995,2.3960168051876733,2.3882478369323787,False,False
0fe1e434-0c1f-42ce-9988-138133e0e702,235,88892,grda,gpd,0,GRDA,1,False,2200.3,0,1,119.93012107257573,bipolar,100.0,0.5-70 Hz,60 Hz,10.0,0.15160983900046782,599.9999999999999,2.464424283215635,2.3886363827977375,True,False
0fe1e434-0c1f-42ce-9988-138133e0e702,236,27416,sz,grda,0,Other,0,False,5260.4,0,2,89.09918709500197,bipolar,100.0,0.5-70 Hz,60 Hz,10.0,0.15162591485489996,593.0341682687172,2.4617727267862004,2.4565799602567524,False,False
0fe1e434-0c1f-42ce-9988-138133e0e702,237,51824,lpd,lpd,1,LPD,1,True,2722.1,0,1,124.1493809017028,bipolar,100.0,0.5-70 Hz,60 Hz,10.0,0.1515168283140158,587.6231485984914,2.456029805216362,2.453913592178987,False,False
0fe1e434-0c1f-42ce-9988-138133e0e702,238,37451,sz,gpd,0,Other,0,False,9253.3,0,0,130.18150983871087,bipolar,100.0,0.5-70 Hz,60 Hz,10.0,0.1520672073119647,563.7055798573107,2.452467521456212,2.448661962753919,False,False
0fe1e434-0c1f-42ce-9988-138133e0e702,239,47150,lpd,other,0,LPD,1,False,2117.6,0,3,8.70563750443164,bipolar,100.0,0.5-70 Hz,60 Hz,10.0,0.151982921855922,547.6250945206666,2.447313972573859,2.4450265514362854,False,False
0fe1e434-0c1f-42ce-9988-138133e0e702,240,87570,lrda,gpd,0,LRDA,1,False,4691.6,0,2,139.0286623759575,bipolar,100.0,0.5-70 Hz,60 Hz,10.0,0.151864750029171,541.7200986798995,2.439249831580595,2.4400884032028602,False,False
0fe1e434-0c1f-42ce-9988-138133e0e702,241,60174,sz,lrda,0,LRDA,0,True,2277.2,0,0,12.935020996008257,bipolar,100.0,0.5-70 Hz,60 Hz,10.0,0.1519682925209065,512.0951585249811,2.4364180635738184,2.4322857995373584,False,False
0fe1e434-0c1f-42ce-9988-138133e0e702,242,69159,lpd,grda,0,Seizure,0,False,19057.2,0,2,110.2823543046208,bipolar,100.0,0.5-70 Hz,60 Hz,10.0,0.15604822368337962,495.3030798813952,2.436586090020363,2.4293934313843533,False,False
0fe1e434-0c1f-42ce-9988-138133e0e702,243,62952,lpd,gpd,0,LRDA,0,False,21036.0,0,1,15.705013634069951,bipolar,100.0,0.5-70 Hz,60 Hz,10.0,0.152354683629431,445.83825540286205,2.414271576031533,2.429393457182146,False,False
0fe1e434-0c1f-42ce-9988-138133e0e702,244,34869,iic,other,1,Other,1,True,4199.4,0,0,132.28870825686283,bipolar,100.0,0.5-70 Hz,60 Hz,10.0,0.15243476040975823,441.15988489511847,2.4039023363198435,2.4068855445271713,False,False
0fe1e434-0c1f-42ce-9988-138133e0e702,245,63283,iic,lpd,0,LPD,0,True,12164.6,0,2,148.85598430901686,bipolar,100.0,0.5-70 Hz,60 Hz,10.0,0.1526442490731334,434.0142657369986,2.3938457573982874,2.397075852963764,False,False
0fe1e434-0c1f-42ce-9988-138133e0e702,246,47935,lpd,gpd,0,LPD,1,False,10775.0,0,1,64.20428096460138,bipolar,100.0,0.5-70 Hz,60 Hz,10.0,0.15097473694976954,441.1011373336965,2.3914401889675405,2.3871078916509947,False,False
0fe1e434-0c1f-42ce-9988-138133e0e702,247,32388,iic,other,1,Other,1,True,3137.9,0,3,7.514542836080204,bipolar,100.0,0.5-70 Hz,60 Hz,10.0,0.15023144124794796,415.43915761042047,2.377456831422502,2.3847843759126457,False,False
0fe1e434-0c1f-42ce-9988-138133e0e702,248,22348,grda,gpd,0,GRDA,1,False,5196.2,0,1,11.670182945018594,bipolar,100.0,0.5-70 Hz,60 Hz,10.0,0.1498440551788257,406.23567010780687,2.369777298879262,2.3708605126307516,False,False
0fe1e434-0c1f-42ce-9988-138133e0e702,249,35634,gpd,grda,0,LRDA,0,False,3680.2,0,0,70.71010788129698,bipolar,100.0,0.5-70 Hz,60 Hz,10.0,0.14949945837780199,404.0958710263811,2.3577006887280256,2.3632545438643024,False,False
0fe1e434-0c1f-42ce-9988-138133e0e702,250,87104,grda,lrda,0,GRDA,1,False,11813.9,0,3,136.2483654042872,bipolar,100.0,0.5-70 Hz,60 Hz,10.0,0.14899030147497183,388.85424438433546,2.350000185198442,2.351306258494536,False,False
0fe1e434-0c1f-42ce-9988-138133e0e702,251,85581,grda,lrda,0,GRDA,1,False,4065.8,0,1,127.35918707698426,bipolar,100.0,0.5-70 Hz,60 Hz,10.0,0.14854926779197164,369.39600970331384,2.3425371465492053,2.343773502035498,False,False
0fe1e434-0c1f-42ce-9988-138133e0e702,252,44134,sz,other,0,LPD,0,False,12915.0,0,0,111.2705870185658,bipolar,100.0,0.5-70 Hz,60 Hz,10.0,0.14920762701459683,342.92689016671216,2.3400223667161018,2.336514690748783,False,False
0fe1e434-0c1f-42ce-9988-138133e0e702,253,37521,grda,gpd,0,GRDA,1,False,1176.0,0,2,8.820515664779983,bipolar,100.0,0.5-70 Hz,60 Hz,10.0,0.1485184371699334,312.6786162078753,2.33599654920693,2.3339281367168425,False,False
0fe1e434-0c1f-42ce-9988-138133e0e702,254,85268,grda,gpd,0,Other,0,False,19561.5,0,0,75.68280014352604,bipolar,100.0,0.5-70 Hz,60 Hz,10.0,0.15029612756953786,369.6226088584421,2.319977572956211,2.3295595395031325,False,False
0fe1e434-0c1f-42ce-9988-138133e0e702,255,85383,lrda,seizure,0,LRDA,1,False,48962.2,0,1,9.339882615466722,bipolar,100.0,0.5-70 Hz,60 Hz,10.0,0.1528113532503791,344.70735092456067,2.3395468617871162,2.3136717025048905,False,False
0fe1e434-0c1f-42ce-9988-138133e0e702,256,46043,lrda,other,0,LRDA,1,False,36866.8,0,0,13.197836271526445,bipolar,100.0,0.5-70 Hz,60 Hz,10.0,0.15222173169204822,341.4432445319704,2.3317187450674943,2.332928562132964,False,False
0fe1e434-0c1f-42ce-9988-138133e0e702,257,87085,lrda,seizure,0,GPD,0,False,16883.8,0,1,114.13882278608486,bipolar,100.0,0.5-70 Hz,60 Hz,10.0,0.15020960504061948,359.43502113387257,2.3172896874796844,2.3256471856627043,False,False
0fe1e434-0c1f-42ce-9988-138133e0e702,258,65399,iic,other,1,Other,1,True,6718.0,0,2,80.34894091264509,bipolar,100.0,0.5-70 Hz,60 Hz,10.0,0.1495820164269736,339.594463686795,2.304877485601268,2.311182954363346,False,False
0fe1e434-0c1f-42ce-9988-138133e0e702,259,64862,lpd,grda,0,LPD,1,False,9532.2,0,3,121.83966001373838,bipolar,100.0,0.5-70 Hz,60 Hz,10.0,0.1441686284330469,599.9999999999999,2.2209373037379323,2.2986262356885847,True,False
0fe1e434-0c1f-42ce-9988-138133e0e702,260,34228,gpd,grda,0,LPD,0,False,1653.7,0,3,146.24289066129344,bipolar,100.0,0.5-70 Hz,60 Hz,10.0,0.14499011017062102,591.1038557356648,2.216182969280359,2.213740574716395,False,False
0fe1e434-0c1f-42ce-9988-138133e0e702,261,56486,iic,grda,0,Other,1,False,14419.6,0,0,147.75330971439348,bipolar,100.0,0.5-70 Hz,60 Hz,10.0,0.14391662564345503,458.9627421215088,2.1997811015417774,2.2101527609874867,False,False
0fe1e434-0c1f-42ce-9988-138133e0e702,262,69219,iic,grda,0,Seizure,0,False,5750.9,0,0,147.39566142525274,bipolar,100.0,0.5-70 Hz,60 Hz,10.0,0.14363749307366536,492.330046659978,2.1961376887015227,2.1938839860224464,False,False
0fe1e434-0c1f-42ce-9988-138133e0e702,263,50319,lpd,lpd,1,LPD,1,True,921.7,0,1,131.43595531233035,bipolar,100.0,0.5-70 Hz,60 Hz,10.0,0.14358250069298778,490.7617907502321,2.188147098282397,2.190534863824315,False,False
0fe1e434-0c1f-42ce-9988-138133e0e702,264,86565,gpd,lrda,0,GPD,1,False,2402.1,0,2,9.33970326622234,bipolar,100.0,0.5-70 Hz,60 Hz,10.0,0.14229868218535047,455.528980511666,2.1674376499818333,2.182665832790705,False,False
0fe1e434-0c1f-42ce-9988-138133e0e702,265,31734,gpd,seizure,0,Seizure,0,True,9851.7,0,2,137.03593187816847,bipolar,100.0,0.5-70 Hz,60 Hz,10.0,0.14277291347579218,475.50630429276754,2.168678711525065,2.1616968215140857,False,False
0fe1e434-0c1f-42ce-9988-138133e0e702,266,88779,lrda,seizure,0,LRDA,1,False,7386.2,0,3,104.73134986264829,bipolar,100.0,0.5-70 Hz,60 Hz,10.0,0.142157164815304,470.6166481419453,2.152050788555528,2.1630384859041336,False,False
0fe1e434-0c1f-42ce-9988-138133e0e702,267,56841,iic,other,1,Other,1,True,25757.1,0,1,108.70981675791388,bipolar,100.0,0.5-70 Hz,60 Hz,10.0,0.14291094418554268,472.1719384299509,2.1423299557024347,2.1464531267477245,False,False
0fe1e434-0c1f-42ce-9988-138133e0e702,268,52207,sz,lrda,0,LRDA,0,True,4281.7,0,1,117.18286781901703,bipolar,100.0,0.5-70 Hz,60 Hz,10.0,0.14221066744154448,461.83018046519567,2.1356685427847717,2.1369080885569436,False,False
0fe1e434-0c1f-42ce-9988-138133e0e702,269,49891,lpd,grda,0,GRDA,0,True,31968.4,0,1,106.40958857543683,bipolar,100.0,0.5-70 Hz,60 Hz,10.0,0.1423355731434628,456.7228724961587,2.127427444042814,2.130441545271679,False,False
0fe1e434-0c1f-42ce-9988-138133e0e702,270,22795,grda,seizure,0,LRDA,0,False,6388.1,0,0,140.67902445716032,bipolar,100.0,0.5-70 Hz,60 Hz,10.0,0.14258730389967783,451.2944298045959,2.137824063335556,2.12217046689626,False,False
0fe1e434-0c1f-42ce-9988-138133e0e702,271,88121,lrda,lrda,1,LRDA,1,True,9846.9,0,2,111.30965985969901,bipolar,100.0,0.5-70 Hz,60 Hz,10.0,0.14211481949396415,439.1464429898862,2.125475830885575,2.1325644621742255,False,False
0fe1e434-0c1f-42ce-9988-138133e0e702,272,36902,gpd,lrda,0,LRDA,0,True,7185.0,0,3,75.90383991436252,bipolar,100.0,0.5-70 Hz,60 Hz,10.0,0.14321992141403062,449.93881795715265,2.1261163091313984,2.1202957166744847,False,False
0fe1e434-0c1f-42ce-9988-138133e0e702,273,69933,lrda,gpd,0,GPD,0,True,53343.9,0,2,119.39695276554897,bipolar,100.0,0.5-70 Hz,60 Hz,10.0,0.14283430613838194,442.377373998821,2.1057784074384363,2.121186405185801,False,False
0fe1e434-0c1f-42ce-9988-138133e0e702,274,63392,lpd,lpd,1,LPD,1,True,38503.3,0,0,103.09633038169052,bipolar,100.0,0.5-70 Hz,60 Hz,10.0,0.14284364521487775,433.9859655505781,2.101110867315607,2.1008229137605188,False,False
0fe1e434-0c1f-42ce-9988-138133e0e702,275,55237,grda,lpd,0,LPD,0,True,25650.4,0,1,99.54530600800925,bipolar,100.0,0.5-70 Hz,60 Hz,10.0,0.14301150604265406,419.7115072707475,2.113031155711995,2.096254925241971,False,False
0fe1e434-0c1f-42ce-9988-138133e0e702,276,60313,lrda,gpd,0,GPD,0,True,40074.3,0,0,85.64720978891641,bipolar,100.0,0.5-70 Hz,60 Hz,10.0,0.14346391452000518,396.01357751010136,2.093297264955223,2.108220098792791,False,False
0fe1e434-0c1f-42ce-9988-138133e0e702,277,86795,lrda,seizure,0,LRDA,1,False,21139.5,0,2,116.67397223250894,bipolar,100.0,0.5-70 Hz,60 Hz,10.0,0.14292828220016995,383.5476319334881,2.0852106233100867,2.088608884129497,False,False
0fe1e434-0c1f-42ce-9988-138133e0e702,278,53742,lrda,gpd,0,Other,0,False,21303.6,0,1,149.76440961243367,bipolar,100.0,0.5-70 Hz,60 Hz,10.0,0.1423096214434994,351.63632684459736,2.066323018686935,2.080609075590151,False,False
0fe1e434-0c1f-42ce-9988-138133e0e702,279,62833,grda,gpd,0,GRDA,1,False,15361.5,0,2,130.26466609436991,bipolar,100.0,0.5-70 Hz,60 Hz,10.0,0.14199441944606678,352.3235242299434,2.0171404243986406,2.061687010736018,False,False
0fe1e434-0c1f-42ce-9988-138133e0e702,280,41812,lpd,lpd,1,LPD,1,True,4289.2,0,1,109.13809209814116,bipolar,100.0,0.5-70 Hz,60 Hz,10.0,0.14237445524815384,342.7786190252828,2.013029638876116,2.0125873958937506,False,False
0fe1e434-0c1f-42ce-9988-138133e0e702,281,37805,sz,gpd,0,Seizure,1,False,7235.9,0,2,8.648669722463152,bipolar,100.0,0.5-70 Hz,60 Hz,10.0,0.14347935546442925,351.28890289496974,2.0343486113154334,2.0086612616460355,False,False
0fe1e434-0c1f-42ce-9988-138133e0e702,282,51200,gpd,lrda,0,LPD,0,False,3874.2,0,0,128.50757812246485,bipolar,100.0,0.5-70 Hz,60 Hz,10.0,0.143964002990685,349.8707494259945,2.0356995874349186,2.029746919191537,False,False
0fe1e434-0c1f-42ce-9988-138133e0e702,283,63732,iic,other,1,Other,1,True,4184.7,0,0,10.188345807484794,bipolar,100.0,0.5-70 Hz,60 Hz,10.0,0.14454555479861125,340.865519082876,2.026058209148483,2.0311735158434874,False,False
0fe1e434-0c1f-42ce-9988-138133e0e702,284,40992,lrda,gpd,0,Other,0,False,5797.3,0,1,110.79754972395976,bipolar,100.0,0.5-70 Hz,60 Hz,10.0,0.14298756769758658,304.1171837295869,2.0048878207658882,2.0215745699930547,False,False
0fe1e434-0c1f-42ce-9988-138133e0e702,285,37440,lrda,gpd,0,LPD,0,False,3907.7,0,3,11.512444774953172,bipolar,100.0,0.5-70 Hz,60 Hz,10.0,0.1507355571293696,599.9999999999999,2.1628515333488014,2.0003884284878453,True,False
0fe1e434-0c1f-42ce-9988-138133e0e702,286,53811,gpd,lpd,0,GPD,1,False,7118.1,0,0,138.71717007270456,bipolar,100.0,0.5-70 Hz,60 Hz,10.0,0.1507826614007628,598.1992989891016,2.159591432513934,2.156877262019044,False,False
0fe1e434-0c1f-42ce-9988-138133e0e702,287,60600,grda,seizure,0,LPD,0,False,14033.3,0,2,152.77148464077095,bipolar,100.0,0.5-70 Hz,60 Hz,10.0,0.15058125964534586,588.1545175530914,2.162157418450871,2.1541042332633347,False,False
0fe1e434-0c1f-42ce-9988-138133e0e702,288,56301,gpd,other,0,GPD,1,False,16857.5,0,1,119.60837500937933,bipolar,100.0,0.5-70 Hz,60 Hz,10.0,0.15035230863890026,582.698585414017,2.1594505709192195,2.156718053601332,False,False
0fe1e434-0c1f-42ce-9988-138133e0e702,289,87602,gpd,lpd,0,LRDA,0,False,24522.8,0,1,105.38419660235705,bipolar,100.0,0.5-70 Hz,60 Hz,10.0,0.15050816252222549,572.972498988901,2.1720937550553776,2.154048748139481,False,False
0fe1e434-0c1f-42ce-9988-138133e0e702,290,69793,iic,seizure,0,Other,1,False,16897.2,0,2,9.438462966459772,bipolar,100.0,0.5-70 Hz,60 Hz,10.0,0.15020266592924897,475.4909826966071,2.1584547356850696,2.1669486692738715,False,False
0fe1e434-0c1f-42ce-9988-138133e0e702,291,60416,gpd,lpd,0,GPD,1,False,20106.3,0,1,7.579001513147582,bipolar,100.0,0.5-70 Hz,60 Hz,10.0,0.14959371637588142,464.32523350201166,2.1614518001714855,2.153162643404041,False,False
0fe1e434-0c1f-42ce-9988-138133e0e702,292,51681,grda,lrda,0,LRDA,0,True,36183.5,0,1,79.99107917420574,bipolar,100.0,0.5-70 Hz,60 Hz,10.0,0.14808722905066135,437.7732390789405,2.1708032189644215,2.156272380985526,False,False
0fe1e434-0c1f-42ce-9988-138133e0e702,293,88909,gpd,lrda,0,GRDA,0,False,17916.8,0,1,120.14685438618,bipolar,100.0,0.5-70 Hz,60 Hz,10.0,0.1490134240009353,425.4066615178663,2.1851894561832887,2.165796464813623,False,False
0fe1e434-0c1f-42ce-9988-138133e0e702,294,65579,grda,gpd,0,GRDA,1,False,4731.3,0,4,102.91744510756187,bipolar,100.0,0.5-70 Hz,60 Hz,10.0,0.1505778750872644,461.38496906575506,2.1443604851125935,2.1801734296275734,False,False
0fe1e434-0c1f-42ce-9988-138133e0e702,295,62785,iic,grda,0,GRDA,0,True,9537.7,0,2,148.58217499725043,bipolar,100.0,0.5-70 Hz,60 Hz,10.0,0.15055773514560472,485.6166198685832,2.1416439021783344,2.1397287269906076,False,False
0fe1e434-0c1f-42ce-9988-138133e0e702,296,65672,gpd,grda,0,GRDA,0,True,8035.3,0,0,115.89797045717862,bipolar,100.0,0.5-70 Hz,60 Hz,10.0,0.15110849191902492,464.0655522431469,2.156471038986751,2.1370597858621805,False,False
0fe1e434-0c1f-42ce-9988-138133e0e702,297,59629,gpd,other,0,GPD,1,False,3968.7,0,1,70.28443344014933,bipolar,100.0,0.5-70 Hz,60 Hz,10.0,0.15034132485238988,452.1744295230856,2.1572890188615297,2.1519567987319257,False,False
0fe1e434-0c1f-42ce-9988-138133e0e702,298,87273,gpd,grda,0,LRDA,0,False,52395.4,0,1,127.84384267686002,bipolar,100.0,0.5-70 Hz,60 Hz,10.0,0.15077765018572314,429.83320659012236,2.1691327163564686,2.1529943398056193,False,False
0fe1e434-0c1f-42ce-9988-138133e0e702,299,45464,lpd,lpd,1,LPD,1,True,17606.9,0,1,102.56728655310138,bipolar,100.0,0.5-70 Hz,60 Hz,10.0,0.1508546423795501,427.552386594595,2.167089844135212,2.164921947610728,False,False
0fe1e434-0c1f-42ce-9988-138133e0e702,300,88980,lrda,grda,0,LRDA,1,False,4857.3,0,4,129.04113919029442,bipolar,100.0,0.5-70 Hz,60 Hz,10.0,0.1508022191958071,424.9536149636469,2.161704344880752,2.1628944719598167,False,False
0fe1e434-0c1f-42ce-9988-138133e0e702,301,46931,iic,gpd,0,GRDA,0,False,29175.0,0,2,108.4380818253481,bipolar,100.0,0.5-70 Hz,60 Hz,10.0,0.15061481905086643,436.10242730209256,2.1555316039887855,2.1575215648429342,False,False
0fe1e434-0c1f-42ce-9988-138133e0e702,302,54440,gpd,lrda,0,GPD,1,False,1883.2,0,3,13.891849023897368,bipolar,100.0,0.5-70 Hz,60 Hz,10.0,0.14875389230294295,492.57017512880196,2.090995423530954,2.1513538439930575,False,False
0fe1e434-0c1f-42ce-9988-138133e0e702,303,87283,gpd,lpd,0,Seizure,0,False,7978.3,0,3,109.21075404672138,bipolar,100.0,0.5-70 Hz,60 Hz,10.0,0.14934715526946957,484.7436724806423,2.098268769292525,2.0868284802839328,False,False
0fe1e434-0c1f-42ce-9988-138133e0e702,304,89163,gpd,seizure,0,Seizure,0,True,1232.5,0,1,8.42463971952118,bipolar,100.0,0.5-70 Hz,60 Hz,10.0,0.1522431653414852,491.7007125149086,2.07594619754875,2.094297587873285,False,False
0fe1e434-0c1f-42ce-9988-138133e0e702,305,63317,gpd,other,0,GPD,1,False,5257.2,0,0,110.24250655271766,bipolar,100.0,0.5-70 Hz,60 Hz,10.0,0.15222956589574466,490.24044975246034,2.0753166759706696,2.071355585243386,False,False
0fe1e434-0c1f-42ce-9988-138133e0e702,306,55557,iic,gpd,0,GPD,0,True,6351.9,0,1,80.32832588696779,bipolar,100.0,0.5-70 Hz,60 Hz,10.0,0.1521490105425251,501.6838234801557,2.073202535561514,2.0711684559180483,False,False
0fe1e434-0c1f-42ce-9988-138133e0e702,307,87764,sz,seizure,1,Seizure,1,True,4768.2,0,0,129.2014118605394,bipolar,100.0,0.5-70 Hz,60 Hz,10.0,0.15195818177503628,498.04371504018746,2.064226662293888,2.069208316207011,False,False
0fe1e434-0c1f-42ce-9988-138133e0e702,308,89158,gpd,seizure,0,Other,0,False,19677.6,0,0,93.57197664121607,bipolar,100.0,0.5-70 Hz,60 Hz,10.0,0.15239186703034702,481.11537237261757,2.073217947444468,2.060279613826721,False,False
0fe1e434-0c1f-42ce-9988-138133e0e702,309,88615,grda,seizure,0,GRDA,1,False,4540.3,0,0,147.881346528057,bipolar,100.0,0.5-70 Hz,60 Hz,10.0,0.15253166033116483,456.9536408214708,2.042694657279708,2.069282984770437,False,False
0fe1e434-0c1f-42ce-9988-138133e0e702,310,54303,iic,gpd,0,GPD,0,True,936.3,0,2,153.9222151312401,bipolar,100.0,0.5-70 Hz,60 Hz,10.0,0.15251150582666417,464.5824498748851,2.040406079432152,2.0388387028539556,False,False
0fe1e434-0c1f-42ce-9988-138133e0e702,311,88087,gpd,seizure,0,GPD,1,False,2546.4,0,0,155.46189426896336,bipolar,100.0,0.5-70 Hz,60 Hz,10.0,0.15250342562442493,461.8417223369311,2.0398697966574453,2.0365277146755263,False,False
0fe1e434-0c1f-42ce-9988-138133e0e702,312,35818,sz,lrda,0,GPD,0,False,2382.7,0,2,133.87660254565964,bipolar,100.0,0.5-70 Hz,60 Hz,10.0,0.15235008262486904,455.91921052298176,2.027352009843603,2.0361763191744124,False,False
0fe1e434-0c1f-42ce-9988-138133e0e702,313,27598,lpd,lpd,1,LPD,1,True,7084.3,0,0,126.89995331957284,bipolar,100.0,0.5-70 Hz,60 Hz,10.0,0.15234295340037723,448.26260920529904,2.02349070978989,2.0235605158198977,False,False
0fe1e434-0c1f-42ce-9988-138133e0e702,314,85214,grda,seizure,0,Seizure,0,True,4326.8,0,2,76.21817572594018,bipolar,100.0,0.5-70 Hz,60 Hz,10.0,0.15230618532483509,460.1258391642901,2.033073040056701,2.0198590533402205,False,False
0fe1e434-0c1f-42ce-9988-138133e0e702,315,49249,lrda,gpd,0,LRDA,1,False,6041.5,0,1,105.39815773061153,bipolar,100.0,0.5-70 Hz,60 Hz,10.0,0.1506535625036634,429.5827101055,2.0185719125312875,2.0293375677371763,False,False
0fe1e434-0c1f-42ce-9988-138133e0e702,316,88347,gpd,lrda,0,GRDA,0,False,2913.4,0,2,69.49015037211595,bipolar,100.0,0.5-70 Hz,60 Hz,10.0,0.1508537909189036,402.425354994991,2.028892623641224,2.0148370710856502,False,False
0fe1e434-0c1f-42ce-9988-138133e0e702,317,85931,lrda,seizure,0,LRDA,1,False,10110.1,0,0,105.22063536529176,bipolar,100.0,0.5-70 Hz,60 Hz,10.0,0.1507295862851139,393.48340862706397,2.023659225334853,2.0251857767380854,False,False
0fe1e434-0c1f-42ce-9988-138133e0e702,318,43225,gpd,other,0,GPD,1,False,45893.3,0,0,119.81086877438779,bipolar,100.0,0.5-70 Hz,60 Hz,10.0,0.15070586570068512,389.05221451744916,2.0229356821195066,2.0199290054695345,False,False
0fe1e434-0c1f-42ce-9988-138133e0e702,319,88131,gpd,grda,0,GRDA,0,True,23056.0,0,2,103.94052996815418,bipolar,100.0,0.5-70 Hz,60 Hz,10.0,0.1509501394086018,360.83956749750405,2.032592231925255,2.0192765780739825,False,False
0fe1e434-0c1f-42ce-9988-138133e0e702,320,46398,grda,gpd,0,LRDA,0,False,1915.0,0,1,115.38379663457893,bipolar,100.0,0.5-70 Hz,60 Hz,10.0,0.15080653607382571,354.11406436326644,2.044690067321115,2.0288593734137246,False,False
0fe1e434-0c1f-42ce-9988-138133e0e702,321,85180,lrda,lpd,0,LRDA,1,False,1018.6,0,3,74.04965256284856,bipolar,100.0,0.5-70 Hz,60 Hz,10.0,0.15108453796852156,341.6402119052267,2.04007373297122,2.04108732674331,False,False
0fe1e434-0c1f-42ce-9988-138133e0e702,322,63424,gpd,lrda,0,Seizure,0,False,18960.1,0,0,110.68585140615856,bipolar,100.0,0.5-70 Hz,60 Hz,10.0,0.15154575324274788,312.26484780726327,2.0518129516970096,2.036412487744328,False,False
0fe1e434-0c1f-42ce-9988-138133e0e702,323,87220,grda,lrda,0,LRDA,0,True,15925.8,0,1,118.16940492379901,bipolar,100.0,0.5-70 Hz,60 Hz,10.0,0.14743974600675952,599.9999999999999,2.0548592792480003,2.048155444530029,True,False
0fe1e434-0c1f-42ce-9988-138133e0e702,324,45494,lpd,seizure,0,LPD,1,False,7386.2,0,1,146.562937482352,bipolar,100.0,0.5-70 Hz,60 Hz,10.0,0.14550138038596766,522.3390192503613,2.007866482894222,2.050754782650506,False,False
0fe1e434-0c1f-42ce-9988-138133e0e702,325,65293,lpd,grda,0,GPD,0,False,5557.0,0,2,11.413918251506331,bipolar,100.0,0.5-70 Hz,60 Hz,10.0,0.14558026585157058,548.8524680569652,2.010469200727988,2.0031192020261703,False,False
0fe1e434-0c1f-42ce-9988-138133e0e702,326,63199,lpd,lpd,1,LPD,1,True,2650.3,0,2,106.83312912995221,bipolar,100.0,0.5-70 Hz,60 Hz,10.0,0.1455987568009932,550.2619451277798,2.009593940215832,2.006399789350833,False,False
0fe1e434-0c1f-42ce-9988-138133e0e702,327,27123,lpd,seizure,0,Seizure,0,True,1048.3,0,2,117.05894628758637,bipolar,100.0,0.5-70 Hz,60 Hz,10.0,0.14660649970724643,570.4285679731184,2.0141283719118155,2.005806235303878,False,False
0fe1e434-0c1f-42ce-9988-138133e0e702,328,22729,sz,grda,0,Seizure,1,False,1652.3,0,1,12.282101041205259,bipolar,100.0,0.5-70 Hz,60 Hz,10.0,0.14693332856726132,526.0619923260984,1.9952409349349098,2.010329188451666,False,False
0fe1e434-0c1f-42ce-9988-138133e0e702,329,84976,lrda,grda,0,LRDA,1,False,18620.8,0,0,11.557310857708229,bipolar,100.0,0.5-70 Hz,60 Hz,10.0,0.14694904999136454,524.6780060806303,1.988229177948659,1.9915241520238278,False,False
0fe1e434-0c1f-42ce-9988-138133e0e702,330,23901,lpd,lpd,1,LPD,1,True,11152.2,0,2,159.5434691219631,bipolar,100.0,0.5-70 Hz,60 Hz,10.0,0.14660752923933318,515.3584278706527,1.986905559407381,1.9845771892052972,False,False
0fe1e434-0c1f-42ce-9988-138133e0e702,331,35257,sz,grda,0,Seizure,1,False,144693.7,0,0,79.78331298264578,bipolar,100.0,0.5-70 Hz,60 Hz,10.0,0.14759997524900942,376.7024094229203,1.9751456396764688,1.9834020320020587,False,False
0fe1e434-0c1f-42ce-9988-138133e0e702,332,88232,lrda,lpd,0,LRDA,1,False,48302.2,0,2,78.57903004876168,bipolar,100.0,0.5-70 Hz,60 Hz,10.0,0.14807791126483139,375.6977450627824,1.9665946812112503,1.971301210496079,False,False
0fe1e434-0c1f-42ce-9988-138133e0e702,333,35481,sz,lrda,0,GRDA,0,False,22968.5,0,1,90.24826661429118,bipolar,100.0,0.5-70 Hz,60 Hz,10.0,0.148003235801122,406.4680750096986,1.959315468136384,1.9630035123739997,False,False
0fe1e434-0c1f-42ce-9988-138133e0e702,334,64414,lpd,lpd,1,LPD,1,True,74620.3,0,3,110.56661900036673,bipolar,100.0,0.5-70 Hz,60 Hz,10.0,0.14673186470652533,393.6912887311967,1.9561089418683018,1.955926605315539,False,False
0fe1e434-0c1f-42ce-9988-138133e0e702,335,85431,lrda,lpd,0,LRDA,1,False,18137.7,0,0,100.6700343341528,bipolar,100.0,0.5-70 Hz,60 Hz,10.0,0.14773677251116513,385.1247828812484,1.9502790669828753,1.952685781038752,False,False
0fe1e434-0c1f-42ce-9988-138133e0e702,336,85296,grda,gpd,0,GPD,0,True,29013.4,0,0,76.38252349347009,bipolar,100.0,0.5-70 Hz,60 Hz,10.0,0.1488394646046748,300.09663625544016,1.9153319949206022,1.9470090946037915,False,False
0fe1e434-0c1f-42ce-9988-138133e0e702,337,37894,lpd,gpd,0,Other,0,False,3652.7,0,1,82.62623540591102,bipolar,100.0,0.5-70 Hz,60 Hz,10.0,0.1489842454104744,308.81279385983754,1.926486101656075,1.9118976166750923,False,False
0fe1e434-0c1f-42ce-9988-138133e0e702,338,20885,sz,grda,0,GPD,0,False,6080.6,0,0,105.53799022959589,bipolar,100.0,0.5-70 Hz,60 Hz,10.0,0.1489171977292667,327.468401177338,1.9217027112375498,1.9230245130423165,False,False
0fe1e434-0c1f-42ce-9988-138133e0e702,339,88483,lrda,seizure,0,LRDA,1,False,7718.4,0,1,119.56702033697248,bipolar,100.0,0.5-70 Hz,60 Hz,10.0,0.14900312064020638,314.8106126723438,1.916240713506157,1.9184437052388028,False,False
0fe1e434-0c1f-42ce-9988-138133e0e702,340,88194,grda,lpd,0,Seizure,0,False,12993.5,0,0,12.208980168953051,bipolar,100.0,0.5-70 Hz,60 Hz,10.0,0.14916729529352324,308.248930426744,1.9322091453159804,1.9130776173508877,False,False
0fe1e434-0c1f-42ce-9988-138133e0e702,341,63112,lpd,grda,0,LPD,1,False,4257.4,0,3,96.52380337313194,bipolar,100.0,0.5-70 Hz,60 Hz,10.0,0.14665654126978256,599.9999999999999,1.9067938194835088,1.9289275667251085,True,False
0fe1e434-0c1f-42ce-9988-138133e0e702,342,50685,iic,other,1,Seizure,0,False,2735.2,0,0,6.557043878933454,bipolar,100.0,0.5-70 Hz,60 Hz,10.0,0.1540626589405567,527.0860856630113,1.9440040694537473,1.903740964251273,False,False
0fe1e434-0c1f-42ce-9988-138133e0e702,343,21118,iic,other,1,Other,1,True,1641.0,0,1,117.57900238330917,bipolar,100.0,0.5-70 Hz,60 Hz,10.0,0.15400756799681908,551.1313048134008,1.9270438288348022,1.9403948913833706,False,False
0fe1e434-0c1f-42ce-9988-138133e0e702,344,87604,lrda,lpd,0,LRDA,1,False,11857.1,0,1,139.570066739601,bipolar,100.0,0.5-70 Hz,60 Hz,10.0,0.15407025016056936,547.0904321617082,1.9269652175637195,1.923939425094248,False,False
0fe1e434-0c1f-42ce-9988-138133e0e702,345,56105,lrda,other,0,LRDA,1,False,7974.4,0,2,101.46404230915641,bipolar,100.0,0.5-70 Hz,60 Hz,10.0,0.15416041231295774,536.1597033226049,1.9281164902110013,1.9238653756299802,False,False
0fe1e434-0c1f-42ce-9988-138133e0e702,346,88376,lrda,lpd,0,LRDA,1,False,876.9,0,0,121.61598829541606,bipolar,100.0,0.5-70 Hz,60 Hz,10.0,0.1542708261482168,519.6975095160922,1.930174303895373,1.9250071887228268,False,False
0fe1e434-0c1f-42ce-9988-138133e0e702,347,87083,lrda,grda,0,LRDA,1,False,17717.2,0,0,105.95791213726046,bipolar,100.0,0.5-70 Hz,60 Hz,10.0,0.15438904533942688,498.0831074990563,1.9330330785859506,1.9270430718669735,False,False
0fe1e434-0c1f-42ce-9988-138133e0e702,348,86333,lrda,grda,0,LRDA,1,False,43351.0,0,1,6.858378067514897,bipolar,100.0,0.5-70 Hz,60 Hz,10.0,0.1544794557901591,474.83183539748364,1.9360041854939454,1.9299032220145937,False,False
0fe1e434-0c1f-42ce-9988-138133e0e702,349,20870,sz,grda,0,GRDA,0,True,47221.1,0,2,94.82912354664879,bipolar,100.0,0.5-70 Hz,60 Hz,10.0,0.1544960377005234,470.88501254075544,1.9284393474583186,1.9331356757475529,False,False
0fe1e434-0c1f-42ce-9988-138133e0e702,350,84661,lrda,grda,0,LRDA,1,False,46201.2,0,0,95.25546333743794,bipolar,100.0,0.5-70 Hz,60 Hz,10.0,0.154617693144881,439.7218913005249,1.9329969076979683,1.925277938037238,False,False
0fe1e434-0c1f-42ce-9988-138133e0e702,351,56574,lrda,grda,0,LRDA,1,False,19882.4,0,1,6.394191724050961,bipolar,100.0,0.5-70 Hz,60 Hz,10.0,0.1548240741006035,413.1475457556483,1.9364265511219303,1.929788471372291,False,False
0fe1e434-0c1f-42ce-9988-138133e0e702,352,88026,lrda,grda,0,GRDA,0,True,3398.3,0,0,123.21542940294131,bipolar,100.0,0.5-70 Hz,60 Hz,10.0,0.15378333765489177,529.9842916106941,1.8850281617434743,1.9333199465648805,False,False
0fe1e434-0c1f-42ce-9988-138133e0e702,353,85309,sz,seizure,1,Seizure,1,True,16954.9,0,3,144.264550987591,bipolar,100.0,0.5-70 Hz,60 Hz,10.0,0.15403443443619003,525.8524934090174,1.8818064786607631,1.8822472717882488,False,False
0fe1e434-0c1f-42ce-9988-138133e0e702,354,69036,lpd,seizure,0,LRDA,0,False,34929.4,0,0,144.72235795167427,bipolar,100.0,0.5-70 Hz,60 Hz,10.0,0.15427126275642528,521.4350920103604,1.885656824018909,1.8790685305037524,False,False
0fe1e434-0c1f-42ce-9988-138133e0e702,355,53095,iic,other,1,Other,1,True,4830.6,0,0,98.97017685905315,bipolar,100.0,0.5-70 Hz,60 Hz,10.0,0.1533371984665845,537.8800447581783,1.8741451096857458,1.8829405464586926,False,False
0fe1e434-0c1f-42ce-9988-138133e0e702,356,36724,sz,lrda,0,LPD,0,False,6222.5,0,1,121.12023502490406,bipolar,100.0,0.5-70 Hz,60 Hz,10.0,0.1532855915342491,520.5450125814453,1.8660611735750636,1.871538416468474,False,False
0fe1e434-0c1f-42ce-9988-138133e0e702,357,53983,lpd,other,0,GPD,0,False,2895.7,0,2,120.56010938220996,bipolar,100.0,0.5-70 Hz,60 Hz,10.0,0.15429378671853156,509.3811097904869,1.869156560689925,1.863493696427438,False,False
0fe1e434-0c1f-42ce-9988-138133e0e702,358,86830,lrda,gpd,0,LPD,0,False,6423.7,0,0,120.64428777215586,bipolar,100.0,0.5-70 Hz,60 Hz,10.0,0.1530243190006167,505.7795827024632,1.8733418541159321,1.8666329345154231,False,False
0fe1e434-0c1f-42ce-9988-138133e0e702,359,85408,sz,seizure,1,Seizure,1,True,44280.8,0,1,121.30875046360943,bipolar,100.0,0.5-70 Hz,60 Hz,10.0,0.1531212375452532,500.63913674239785,1.8703830909381203,1.8709205138313392,False,False
0fe1e434-0c1f-42ce-9988-138133e0e702,360,30132,sz,lpd,0,Seizure,1,False,10886.0,0,0,119.72973679385574,bipolar,100.0,0.5-70 Hz,60 Hz,10.0,0.15355931498372954,518.0536201936127,1.8767824609504988,1.8679912123621005,False,False
0fe1e434-0c1f-42ce-9988-138133e0e702,361,50548,iic,other,1,Other,1,True,4855.2,0,1,100.4431462783917,bipolar,100.0,0.5-70 Hz,60 Hz,10.0,0.1516460666349111,531.5361754958155,1.861963104894866,1.8743409946306073,False,False
0fe1e434-0c1f-42ce-9988-138133e0e702,362,53989,lpd,lpd,1,LPD,1,True,1928.7,0,2,94.31028301900436,bipolar,100.0,0.5-70 Hz,60 Hz,10.0,0.15161316596741087,529.007525946839,1.8565606805081005,1.8595666272620976,False,False
0fe1e434-0c1f-42ce-9988-138133e0e702,363,87290,sz,gpd,0,Seizure,1,False,15742.0,0,2,81.25506681073679,bipolar,100.0,0.5-70 Hz,60 Hz,10.0,0.1516082541346797,516.3074414555175,1.8531163510306112,1.8541542995127986,False,False
0fe1e434-0c1f-42ce-9988-138133e0e702,364,88542,lpd,gpd,0,Other,0,False,5069.2,0,0,73.78633762839384,bipolar,100.0,0.5-70 Hz,60 Hz,10.0,0.1518832043924792,498.5957458586887,1.8562441429359233,1.850815638069424,False,False
0fe1e434-0c1f-42ce-9988-138133e0e702,365,67545,lrda,gpd,0,GPD,0,True,2668.1,0,2,124.90199633960904,bipolar,100.0,0.5-70 Hz,60 Hz,10.0,0.15176936379423556,488.7008831913903,1.8614553649405297,1.8539585304879538,False,False
0fe1e434-0c1f-42ce-9988-138133e0e702,366,63406,grda,gpd,0,GPD,0,True,13748.8,0,2,13.10083418528918,bipolar,100.0,0.5-70 Hz,60 Hz,10.0,0.15192604292001372,480.73551980746043,1.8544536238525753,1.8591833265962656,False,False
0fe1e434-0c1f-42ce-9988-138133e0e702,367,86212,grda,lrda,0,GRDA,1,False,14283.5,0,2,68.63817781201483,bipolar,100.0,0.5-70 Hz,60 Hz,10.0,0.15207056564362142,477.38500429526084,1.857139587269273,1.8521355380396383,False,False
0fe1e434-0c1f-42ce-9988-138133e0e702,368,69231,lpd,lpd,1,LPD,1,True,13139.7,0,2,7.131698270375354,bipolar,100.0,0.5-70 Hz,60 Hz,10.0,0.15192070172348504,470.20793893293757,1.8542650348569167,1.8548714427906243,False,False
0fe1e434-0c1f-42ce-9988-138133e0e702,369,56609,iic,other,1,Other,1,True,18273.7,0,3,81.00360790452261,bipolar,100.0,0.5-70 Hz,60 Hz,10.0,0.1499941361046659,475.9043707610513,1.841684238947671,1.8520415813548143,False,False
0fe1e434-0c1f-42ce-9988-138133e0e702,370,84752,lpd,grda,0,LPD,1,False,1786.3,0,0,118.76093472344479,bipolar,100.0,0.5-70 Hz,60 Hz,10.0,0.1477424096979323,501.5232763319225,1.8230766530376465,1.8394725370128024,False,False
0fe1e434-0c1f-42ce-9988-138133e0e702,371,36177,lpd,seizure,0,Seizure,0,True,9078.8,0,3,142.54580569953347,bipolar,100.0,0.5-70 Hz,60 Hz,10.0,0.14950010104620576,498.46797405294666,1.828871615686013,1.8206805051446389,False,False
0fe1e434-0c1f-42ce-9988-138133e0e702,372,86946,grda,lrda,0,GRDA,1,False,9094.9,0,0,160.47241528754847,bipolar,100.0,0.5-70 Hz,60 Hz,10.0,0.14993967168999456,492.24530455410144,1.8310893040403933,1.826675473320211,False,False
0fe1e434-0c1f-42ce-9988-138133e0e702,373,88676,sz,grda,0,Seizure,1,False,705.0,0,0,150.60865629023323,bipolar,100.0,0.5-70 Hz,60 Hz,10.0,0.14943000599062856,475.4050338420665,1.8260434312540785,1.8288967876485178,False,False
0fe1e434-0c1f-42ce-9988-138133e0e702,374,35617,lpd,other,0,GPD,0,False,695.2,0,0,142.9736783799864,bipolar,100.0,0.5-70 Hz,60 Hz,10.0,0.1505817486861903,466.0955978330919,1.831017093353784,1.8238511923144642,False,False
0fe1e434-0c1f-42ce-9988-138133e0e702,375,86568,lrda,grda,0,Seizure,0,False,7238.4,0,0,109.5764404327629,bipolar,100.0,0.5-70 Hz,60 Hz,10.0,0.15094348575570588,447.16743750076085,1.8381156869374167,1.8288391456274002,False,False
0fe1e434-0c1f-42ce-9988-138133e0e702,376,86531,grda,gpd,0,Other,0,False,5086.3,0,2,135.41780312480148,bipolar,100.0,0.5-70 Hz,60 Hz,10.0,0.15110426349502354,426.8273340798964,1.832286736308236,1.835892419198087,False,False
0fe1e434-0c1f-42ce-9988-138133e0e702,377,85998,grda,lrda,0,GRDA,1,False,15987.2,0,1,90.37406756057098,bipolar,100.0,0.5-70 Hz,60 Hz,10.0,0.15118930504939476,416.59365532773927,1.8346018374529036,1.830136345634153,False,False
0fe1e434-0c1f-42ce-9988-138133e0e702,378,60784,sz,grda,0,Seizure,1,False,4939.2,0,2,146.57420380994844,bipolar,100.0,0.5-70 Hz,60 Hz,10.0,0.15101215965923692,393.800614020178,1.828419216465377,1.8324045095318178,False,False
0fe1e434-0c1f-42ce-9988-138133e0e702,379,38812,iic,other,1,Other,1,True,4709.4,0,1,11.60632935316583,bipolar,100.0,0.5-70 Hz,60 Hz,10.0,0.147574705294646,397.42816440495176,1.815082543141751,1.8262527908034667,False,False
0fe1e434-0c1f-42ce-9988-138133e0e702,380,87476,lpd,gpd,0,LPD,1,False,6615.7,0,2,126.89879213212852,bipolar,100.0,0.5-70 Hz,60 Hz,10.0,0.14795653261992775,387.7114270514074,1.8148627048902344,1.812962934147464,False,False
0fe1e434-0c1f-42ce-9988-138133e0e702,381,70788,sz,gpd,0,Other,0,False,2172.5,0,1,124.86846147777044,bipolar,100.0,0.5-70 Hz,60 Hz,10.0,0.15080878255843677,432.3371186712779,1.8346567234799913,1.8127245666269955,False,False
0fe1e434-0c1f-42ce-9988-138133e0e702,382,87383,lpd,grda,0,Seizure,0,False,30560.1,0,0,10.08392062052909,bipolar,100.0,0.5-70 Hz,60 Hz,10.0,0.15104637086747652,420.4101856450287,1.8389165796414346,1.8325723714854378,False,False
0fe1e434-0c1f-42ce-9988-138133e0e702,383,85839,lrda,seizure,0,LPD,0,False,5530.7,0,2,140.79226756411484,bipolar,100.0,0.5-70 Hz,60 Hz,10.0,0.1514863111573822,396.51238464166886,1.844468874937303,1.8368598874720687,False,False
0fe1e434-0c1f-42ce-9988-138133e0e702,384,88089,grda,lrda,0,GRDA,1,False,34804.5,0,2,12.82583115217021,bipolar,100.0,0.5-70 Hz,60 Hz,10.0,0.15168980019010464,386.59899474893507,1.8457105676527716,1.8423978540741934,False,False
0fe1e434-0c1f-42ce-9988-138133e0e702,385,86925,grda,seizure,0,Seizure,0,True,8901.7,0,3,119.46623198776534,bipolar,100.0,0.5-70 Hz,60 Hz,10.0,0.15191485370977098,361.93124034674184,1.8441808809312934,1.8436630047207108,False,False
0fe1e434-0c1f-42ce-9988-138133e0e702,386,87302,lrda,grda,0,LRDA,1,False,25665.2,0,4,148.20560740895564,bipolar,100.0,0.5-70 Hz,60 Hz,10.0,0.1518975464562255,355.4283866519114,1.842263733603434,1.842184598441859,False,False
0fe1e434-0c1f-42ce-9988-138133e0e702,387,86496,grda,lrda,0,GRDA,1,False,37295.3,0,2,119.52931268827734,bipolar,100.0,0.5-70 Hz,60 Hz,10.0,0.15208606007736641,343.5232651860106,1.843953587886089,1.8402408463286606,False,False
0fe1e434-0c1f-42ce-9988-138133e0e702,388,60047,iic,other,1,Other,1,True,7485.3,0,2,11.437466646362605,bipolar,100.0,0.5-70 Hz,60 Hz,10.0,0.1516080800455234,341.0119635301854,1.8346347647313173,1.8419584304987007,False,False
0fe1e434-0c1f-42ce-9988-138133e0e702,389,22728,iic,lrda,0,Other,1,False,6436.9,0,1,9.615797261717086,bipolar,100.0,0.5-70 Hz,60 Hz,10.0,0.15036530684245492,314.8033959071915,1.825092425768828,1.8326757502685243,False,False
0fe1e434-0c1f-42ce-9988-138133e0e702,390,69015,lpd,seizure,0,LRDA,0,False,4752.2,0,2,128.2692925041017,bipolar,100.0,0.5-70 Hz,60 Hz,10.0,0.1512128269947059,303.9091920809998,1.8271059825331202,1.8230787808537912,False,False
0fe1e434-0c1f-42ce-9988-138133e0e702,391,70433,lpd,lrda,0,LPD,1,False,4682.5,0,2,6.759656993913783,bipolar,100.0,0.5-70 Hz,60 Hz,10.0,0.142889358886987,599.9999999999999,1.7231678102475128,1.825153036437028,True,False
0fe1e434-0c1f-42ce-9988-138133e0e702,392,33532,iic,seizure,0,Seizure,0,True,1098.9,0,1,10.049224753771773,bipolar,100.0,0.5-70 Hz,60 Hz,10.0,0.1419035066300442,597.3165756791757,1.7214316641049685,1.7208928150164167,False,False
0fe1e434-0c1f-42ce-9988-138133e0e702,393,89005,lpd,lrda,0,Seizure,0,False,636.8,0,3,110.6872049803801,bipolar,100.0,0.5-70 Hz,60 Hz,10.0,0.1417019892791282,591.2722394907576,1.729565725435001,1.7192253404847324,False,False
0fe1e434-0c1f-42ce-9988-138133e0e702,394,62915,iic,other,1,Other,1,True,1214.3,0,3,100.09377368833213,bipolar,100.0,0.5-70 Hz,60 Hz,10.0,0.14403934552643327,584.5411570624716,1.7364171736147656,1.7273678746991572,False,False
0fe1e434-0c1f-42ce-9988-138133e0e702,395,70955,iic,lrda,0,LRDA,0,True,4725.8,0,2,141.36284690480534,bipolar,100.0,0.5-70 Hz,60 Hz,10.0,0.1429069488139223,577.0411435894717,1.734559722655228,1.7343054484332656,False,False
0fe1e434-0c1f-42ce-9988-138133e0e702,396,60105,iic,other,1,Other,1,True,7846.5,0,1,140.90582403855828,bipolar,100.0,0.5-70 Hz,60 Hz,10.0,0.14494015358530415,560.638526556342,1.7417689257457454,1.7324534894903503,False,False
0fe1e434-0c1f-42ce-9988-138133e0e702,397,84740,grda,seizure,0,GRDA,1,False,3126.1,0,0,142.48596092587488,bipolar,100.0,0.5-70 Hz,60 Hz,10.0,0.14285627873789486,524.5176191389727,1.7555224889523855,1.7396690971743638,False,False
0fe1e434-0c1f-42ce-9988-138133e0e702,398,84794,lpd,grda,0,GRDA,0,True,15797.0,0,3,64.88773591577441,bipolar,100.0,0.5-70 Hz,60 Hz,10.0,0.14211623091781966,509.75447550766864,1.7629656038139263,1.7534399421855045,False,False
0fe1e434-0c1f-42ce-9988-138133e0e702,399,22597,iic,gpd,0,Seizure,0,False,22995.2,0,2,10.286479248540855,bipolar,100.0,0.5-70 Hz,60 Hz,10.0,0.14094752049153525,499.2525853071395,1.760518673464678,1.760885375876069,False,False
0fe1e434-0c1f-42ce-9988-138133e0e702,400,87628,grda,seizure,0,GRDA,1,False,38401.1,0,3,11.252998931754039,bipolar,100.0,0.5-70 Hz,60 Hz,10.0,0.14001053845804545,423.75607418612935,1.772722860754988,1.7584156972203113,False,False
0fe1e434-0c1f-42ce-9988-138133e0e702,401,88264,grda,lrda,0,GRDA,1,False,12402.2,0,1,131.17065254481278,bipolar,100.0,0.5-70 Hz,60 Hz,10.0,0.14005907433500175,422.5602666311778,1.770583305980494,1.770582255784127,False,False
0fe1e434-0c1f-42ce-9988-138133e0e702,402,69755,sz,lrda,0,LPD,0,False,3173.9,0,0,129.7775066618646,bipolar,100.0,0.5-70 Hz,60 Hz,10.0,0.14036561426038968,422.70517509146754,1.7711425337405462,1.7685643791096866,False,False
0fe1e434-0c1f-42ce-9988-138133e0e702,403,39911,iic,lpd,0,Other,1,False,5538.5,0,1,13.736790886643803,bipolar,100.0,0.5-70 Hz,60 Hz,10.0,0.14138585126445524,426.0684464181041,1.7718395477628566,1.769118568781758,False,False
0fe1e434-0c1f-42ce-9988-138133e0e702,404,68335,iic,lpd,0,Other,1,False,4944.7,0,3,163.33412681608988,bipolar,100.0,0.5-70 Hz,60 Hz,10.0,0.14687832517270044,321.5733074480743,1.7922708165853498,1.7697785406972162,False,False
0fe1e434-0c1f-42ce-9988-138133e0e702,405,47882,iic,lpd,0,GRDA,0,False,10273.9,0,0,65.73075467862624,bipolar,100.0,0.5-70 Hz,60 Hz,10.0,0.14605357876631686,337.08329220346894,1.7864358460858583,1.7902443125033622,False,False
0fe1e434-0c1f-42ce-9988-138133e0e702,406,38648,sz,grda,0,LRDA,0,False,5691.8,0,2,16.101539241443454,bipolar,100.0,0.5-70 Hz,60 Hz,10.0,0.1465628365283116,333.0114486793977,1.7807366579412842,1.7844224940703202,False,False
0fe1e434-0c1f-42ce-9988-138133e0e702,407,87920,grda,seizure,0,GRDA,1,False,4312.0,0,0,113.39627630207143,bipolar,100.0,0.5-70 Hz,60 Hz,10.0,0.14553592346656358,328.12050041063225,1.779726169066313,1.7788500406795826,False,False
0fe1e434-0c1f-42ce-9988-138133e0e702,408,49803,iic,seizure,0,Seizure,0,True,4792.7,0,1,147.28477662360385,bipolar,100.0,0.5-70 Hz,60 Hz,10.0,0.14481436864521408,343.64872261392867,1.7736097124963575,1.777841583055025,False,False
0fe1e434-0c1f-42ce-9988-138133e0e702,409,63365,iic,lpd,0,GPD,0,False,4484.0,0,2,82.43762290985511,bipolar,100.0,0.5-70 Hz,60 Hz,10.0,0.1424702238665289,358.12153951678215,1.7674595739800363,1.77184235889549,False,False
0fe1e434-0c1f-42ce-9988-138133e0e702,410,53316,sz,seizure,1,Seizure,1,True,894.7,0,1,140.72572037913042,bipolar,100.0,0.5-70 Hz,60 Hz,10.0,0.14177391327556177,355.3012070355497,1.7676327350369732,1.7657085146140257,False,False
0fe1e434-0c1f-42ce-9988-138133e0e702,411,87437,grda,gpd,0,GRDA,1,False,6247.5,0,3,141.71192047164436,bipolar,100.0,0.5-70 Hz,60 Hz,10.0,0.14356261647331686,347.1216347897007,1.7674677030490402,1.765874706789413,False,False
0fe1e434-0c1f-42ce-9988-138133e0e702,412,46099,iic,other,1,Other,1,True,16985.9,0,1,142.6628983679323,bipolar,100.0,0.5-70 Hz,60 Hz,10.0,0.1435460300667375,339.88273633233155,1.7716263752504424,1.7657740022183577,False,False
0fe1e434-0c1f-42ce-9988-138133e0e702,413,51634,iic,lpd,0,GRDA,0,False,2226.1,0,2,14.612137584536535,bipolar,100.0,0.5-70 Hz,60 Hz,10.0,0.14176733207007441,352.9650653046435,1.7654440303454007,1.7699492828666892,False,False
0fe1e434-0c1f-42ce-9988-138133e0e702,414,55248,sz,other,0,LRDA,0,False,3027.4,0,1,15.252345948447523,bipolar,100.0,0.5-70 Hz,60 Hz,10.0,0.14355627483640404,344.24148737390595,1.762087028549613,1.763841881052946,False,False
0fe1e434-0c1f-42ce-9988-138133e0e702,415,27206,sz,lpd,0,Seizure,1,False,33970.0,0,2,9.744975095908092,bipolar,100.0,0.5-70 Hz,60 Hz,10.0,0.14172712875883736,355.5953423983963,1.7717561607441712,1.7606029112610377,False,False
0fe1e434-0c1f-42ce-9988-138133e0e702,416,49855,sz,lrda,0,Seizure,1,False,12639.4,0,1,154.0937251196552,bipolar,100.0,0.5-70 Hz,60 Hz,10.0,0.1434589199848581,338.64212925978774,1.7713001264349595,1.7702571022156708,False,False
0fe1e434-0c1f-42ce-9988-138133e0e702,417,85856,sz,seizure,1,Seizure,1,True,19864.0,0,0,102.90313478431379,bipolar,100.0,0.5-70 Hz,60 Hz,10.0,0.14205787196705877,337.33727820520676,1.7715166044748196,1.7695675510091642,False,False
0fe1e434-0c1f-42ce-9988-138133e0e702,418,42229,sz,other,0,Other,0,True,4667.9,0,2,64.45336115763484,bipolar,100.0,0.5-70 Hz,60 Hz,10.0,0.14186405525594226,344.4103317534709,1.772779498870408,1.7698629383883024,False,False
0fe1e434-0c1f-42ce-9988-138133e0e702,419,56466,gpd,lpd,0,GPD,1,False,16345.6,0,2,115.43054956022173,bipolar,100.0,0.5-70 Hz,60 Hz,10.0,0.14261079824771405,343.36553267482503,1.7690511169537948,1.769190473272639,False,False
0fe1e434-0c1f-42ce-9988-138133e0e702,420,34734,sz,grda,0,GRDA,0,True,4992.6,0,0,117.26867025600868,bipolar,100.0,0.5-70 Hz,60 Hz,10.0,0.14248822237369863,347.3739690097898,1.7696814190562222,1.7675688248008283,False,False
0fe1e434-0c1f-42ce-9988-138133e0e702,421,54086,sz,other,0,Seizure,1,False,20781.9,0,1,105.740903608561,bipolar,100.0,0.5-70 Hz,60 Hz,10.0,0.14367172772625902,320.0682616893287,1.7641692501890867,1.7683443156556227,False,False
0fe1e434-0c1f-42ce-9988-138133e0e702,422,88045,sz,seizure,1,Seizure,1,True,23961.0,0,2,151.14249204814132,bipolar,100.0,0.5-70 Hz,60 Hz,10.0,0.14247396748484764,318.3841264649881,1.7645138867154733,1.7625710741273006,False,False
0fe1e434-0c1f-42ce-9988-138133e0e702,423,46782,sz,gpd,0,GRDA,0,False,32831.6,0,2,140.37863562143434,bipolar,100.0,0.5-70 Hz,60 Hz,10.0,0.14283347040552913,328.3933541212757,1.767314805793101,1.763061890938412,False,False
0fe1e434-0c1f-42ce-9988-138133e0e702,424,70646,sz,seizure,1,Seizure,1,True,1203.7,0,1,66.35039347853689,bipolar,100.0,0.5-70 Hz,60 Hz,10.0,0.14120734185759615,324.0476132283857,1.7681550176187948,1.7659690098287435,False,False
0fe1e434-0c1f-42ce-9988-138133e0e702,425,87035,gpd,grda,0,GRDA,0,True,2228.2,0,1,129.13018694875674,bipolar,100.0,0.5-70 Hz,60 Hz,10.0,0.1411369859367635,316.00441606551755,1.7665803877402257,1.7649534150926875,False,False
0fe1e434-0c1f-42ce-9988-138133e0e702,426,66608,sz,lpd,0,Seizure,1,False,2623.8,0,1,134.4084340550846,bipolar,100.0,0.5-70 Hz,60 Hz,10.0,0.15128923557211327,599.9999999999999,1.8019268969608668,1.7653146926581815,True,False
0fe1e434-0c1f-42ce-9988-138133e0e702,427,12089,spike,spike,1,Yes (spike present),1,True,1001.3,0,1,116.925291398205,bipolar,100.0,0.5-70 Hz,60 Hz,10.0,0.1540229518489734,586.849887750243,1.7912771201499629,1.7815287676394482,False,True
0fe1e434-0c1f-42ce-9988-138133e0e702,428,14082,spike,spike,1,Yes (spike present),1,True,3621.3,0,0,74.11451368290487,bipolar,100.0,0.5-70 Hz,60 Hz,10.0,0.15551635536021952,551.5892390134812,1.7756000439576698,1.770781804719269,False,True
0fe1e434-0c1f-42ce-9988-138133e0e702,429,2230,spike,spike,0,Yes (spike present),1,False,16948.2,0,0,117.34901927013794,bipolar,100.0,0.5-70 Hz,60 Hz,10.0,0.14756617826491236,513.9926795336498,1.7789701655772077,1.7556829086308574,False,True
0fe1e434-0c1f-42ce-9988-138133e0e702,430,10551,spike,spike,1,No (no spike),0,False,9433.6,0,2,81.92633241090475,bipolar,100.0,0.5-70 Hz,60 Hz,10.0,0.13706083192701468,548.8596870360689,1.742345381003962,1.7590022801571212,False,True
0fe1e434-0c1f-42ce-9988-138133e0e702,431,11710,spike,spike,1,Yes (spike present),1,True,4853.7,0,3,60.80226546122465,bipolar,100.0,0.5-70 Hz,60 Hz,10.0,0.13826894282693114,543.2140395397743,1.7310211372911493,1.7281873533470073,False,True
0fe1e434-0c1f-42ce-9988-138133e0e702,432,85159,gpd,seizure,0,LPD,0,False,2609.1,0,1,129.53112253614282,bipolar,100.0,0.5-70 Hz,60 Hz,10.0,0.1381839452287817,535.5604170533435,1.7346257758259207,1.7272208932439035,False,True
0fe1e434-0c1f-42ce-9988-138133e0e702,433,12896,spike,spike,1,Yes (spike present),1,True,7416.4,0,1,154.0817779271849,bipolar,100.0,0.5-70 Hz,60 Hz,10.0,0.14043840953056647,516.4716714452117,1.7213967693284085,1.7206851867599684,False,True
0fe1e434-0c1f-42ce-9988-138133e0e702,434,16214,spike,spike,1,Yes (spike present),1,True,929.2,0,2,66.86032064528781,bipolar,100.0,0.5-70 Hz,60 Hz,10.0,0.14246341152581732,485.0274226420554,1.707204494648133,1.7080072647731988,False,True
0fe1e434-0c1f-42ce-9988-138133e0e702,435,15802,spike,spike,0,No (no spike),0,True,2572.0,0,2,114.93019749500189,bipolar,100.0,0.5-70 Hz,60 Hz,10.0,0.1431810080462908,512.327685267325,1.6829908888828382,1.6932804816600209,False,True
0fe1e434-0c1f-42ce-9988-138133e0e702,436,15428,spike,spike,0,No (no spike),0,True,29425.1,0,0,137.02019114140694,bipolar,100.0,0.5-70 Hz,60 Hz,10.0,0.14301667863991624,520.0311416513321,1.657249589418768,1.668879197443474,False,True
0fe1e434-0c1f-42ce-9988-138133e0e702,437,13506,spike,spike,0,Yes (spike present),1,False,35505.7,0,3,14.447204070735246,bipolar,100.0,0.5-70 Hz,60 Hz,10.0,0.13796471124680848,481.6808475721175,1.6676997318056352,1.643348369754288,False,True
0fe1e434-0c1f-42ce-9988-138133e0e702,438,84705,gpd,lrda,0,Seizure,0,False,14290.2,0,0,105.88700572778274,bipolar,100.0,0.5-70 Hz,60 Hz,10.0,0.13797637249921585,469.8561207275922,1.6701660885608762,1.6638396899693098,False,True
0fe1e434-0c1f-42ce-9988-138133e0e702,439,5962,spike,spike,1,Yes (spike present),1,True,8362.4,0,2,70.14931549654516,bipolar,100.0,0.5-70 Hz,60 Hz,10.0,0.1416863345425423,428.64057012892107,1.6588501819725538,1.65726989440153,False,True
0fe1e434-0c1f-42ce-9988-138133e0e702,440,12134,spike,spike,1,Yes (spike present),1,True,1342.7,0,1,105.12494405554958,bipolar,100.0,0.5-70 Hz,60 Hz,10.0,0.14038476023789287,383.5473674151638,1.644945412240948,1.6460496276957328,False,True
0fe1e434-0c1f-42ce-9988-138133e0e702,441,10305,spike,spike,1,Yes (spike present),1,True,6922.7,0,2,77.13702209669702,bipolar,100.0,0.5-70 Hz,60 Hz,10.0,0.1397831192409017,337.5368465309364,1.6304114203525173,1.632878373705589,False,True
0fe1e434-0c1f-42ce-9988-138133e0e702,442,16356,spike,spike,0,No (no spike),0,True,27485.4,0,3,77.01257087088591,bipolar,100.0,0.5-70 Hz,60 Hz,10.0,0.1441383832244894,356.4739548404262,1.6125729467268588,1.618040668682216,False,True
0fe1e434-0c1f-42ce-9988-138133e0e702,443,2733,spike,spike,0,No (no spike),0,True,32858.7,0,1,109.55923146980973,bipolar,100.0,0.5-70 Hz,60 Hz,10.0,0.1439971403968911,372.4038055574428,1.599512503688662,1.6008711421272663,False,True
0fe1e434-0c1f-42ce-9988-138133e0e702,444,87483,gpd,grda,0,GRDA,0,True,8941.5,0,4,131.10898518004728,bipolar,100.0,0.5-70 Hz,60 Hz,10.0,0.14394026275214628,362.814639700699,1.6036131682890336,1.595863339759886,False,True
0fe1e434-0c1f-42ce-9988-138133e0e702,445,2657,spike,spike,0,No (no spike),0,True,3942.0,0,1,97.05760234508057,bipolar,100.0,0.5-70 Hz,60 Hz,10.0,0.1468513257892567,363.0890244631228,1.5907429477858863,1.591866268221417,False,True
0fe1e434-0c1f-42ce-9988-138133e0e702,446,14059,spike,spike,0,No (no spike),0,True,19395.8,0,1,13.435883507956802,bipolar,100.0,0.5-70 Hz,60 Hz,10.0,0.14757802128693298,347.00259041519837,1.571406047112729,1.5791149668027127,False,True
0fe1e434-0c1f-42ce-9988-138133e0e702,447,15154,spike,spike,0,No (no spike),0,True,8670.8,0,0,55.29631707950263,bipolar,100.0,0.5-70 Hz,60 Hz,10.0,0.14562334104058133,325.2429872066539,1.5511259579126364,1.5603504336680918,False,True
0fe1e434-0c1f-42ce-9988-138133e0e702,448,13612,spike,spike,1,No (no spike),0,False,16988.4,0,0,156.30313879698724,bipolar,100.0,0.5-70 Hz,60 Hz,10.0,0.14121843006817225,395.00053215271066,1.5352492816304826,1.5404619498996395,False,True
0fe1e434-0c1f-42ce-9988-138133e0e702,449,173,spike,spike,0,No (no spike),0,True,25959.4,0,0,84.84077932061133,bipolar,100.0,0.5-70 Hz,60 Hz,10.0,0.14005925521593193,366.6615605659986,1.5137940893058381,1.5252193241009686,False,True
0fe1e434-0c1f-42ce-9988-138133e0e702,450,42119,gpd,other,0,LPD,0,False,80567.2,0,1,77.70527099716627,bipolar,100.0,0.5-70 Hz,60 Hz,10.0,0.14041630356081636,349.79129050439417,1.5209338371098178,1.510416646875118,False,True
0fe1e434-0c1f-42ce-9988-138133e0e702,451,14287,spike,spike,0,Yes (spike present),1,False,45508.4,0,1,141.03133371799186,bipolar,100.0,0.5-70 Hz,60 Hz,10.0,0.13690745371641244,386.78105868467725,1.5367386526471671,1.511895837406,False,True
0fe1e434-0c1f-42ce-9988-138133e0e702,452,14807,spike,spike,1,Yes (spike present),1,True,12842.0,0,0,9.04710954227255,bipolar,100.0,0.5-70 Hz,60 Hz,10.0,0.1392688451126322,354.39879801036216,1.522030771535169,1.5279341420173425,False,True
0fe1e434-0c1f-42ce-9988-138133e0e702,453,10876,spike,spike,1,Yes (spike present),1,True,47127.7,0,0,130.2486970448667,bipolar,100.0,0.5-70 Hz,60 Hz,10.0,0.13844799752598363,322.62548376120196,1.5075418795276265,1.5139082346221637,False,True
0fe1e434-0c1f-42ce-9988-138133e0e702,454,2824,spike,spike,0,No (no spike),0,True,24033.2,0,0,109.24803005762647,bipolar,100.0,0.5-70 Hz,60 Hz,10.0,0.13620688961900562,308.27414825084423,1.4951619528090228,1.499551010608982,False,True
0fe1e434-0c1f-42ce-9988-138133e0e702,455,4695,spike,spike,0,No (no spike),0,True,5026.1,0,2,108.3055310178581,bipolar,100.0,0.5-70 Hz,60 Hz,10.0,0.14044415971616514,599.9999999999999,1.4344209211066534,1.4875915756356797,True,True
0fe1e434-0c1f-42ce-9988-138133e0e702,456,84837,gpd,grda,0,LPD,0,False,45057.6,0,1,144.3644948497161,bipolar,100.0,0.5-70 Hz,60 Hz,10.0,0.1408573499626744,592.8424029330425,1.4474742688831463,1.4313230414229308,False,True
0fe1e434-0c1f-42ce-9988-138133e0e702,457,5496,spike,spike,1,No (no spike),0,False,4582.4,0,0,137.19270646919924,bipolar,100.0,0.5-70 Hz,60 Hz,10.0,0.1378492856288438,561.3938519280026,1.4403737621126722,1.4403079425295533,False,True
0fe1e434-0c1f-42ce-9988-138133e0e702,458,1918,spike,spike,0,No (no spike),0,True,3807.1,0,1,114.54252023176633,bipolar,100.0,0.5-70 Hz,60 Hz,10.0,0.1400194983948776,544.6495328774051,1.4290404380982364,1.4337029344756238,False,True
0fe1e434-0c1f-42ce-9988-138133e0e702,459,17208,spike,spike,0,No (no spike),0,True,8375.6,0,1,139.33159232042513,bipolar,100.0,0.5-70 Hz,60 Hz,10.0,0.13940404401881512,514.4682981872693,1.4157146124078477,1.4227093933143395,False,True
0fe1e434-0c1f-42ce-9988-138133e0e702,460,3565,spike,spike,0,No (no spike),0,True,13659.7,0,1,54.15035647100797,bipolar,100.0,0.5-70 Hz,60 Hz,10.0,0.13788029976852006,472.16747050505563,1.4039227346405128,1.4095849907678086,False,True
0fe1e434-0c1f-42ce-9988-138133e0e702,461,15897,spike,spike,1,Yes (spike present),1,True,25020.3,0,0,116.8308585492318,bipolar,100.0,0.5-70 Hz,60 Hz,10.0,0.1370477293293253,485.2500839421496,1.3920204790485637,1.3981278401980546,False,True
0fe1e434-0c1f-42ce-9988-138133e0e702,462,88923,gpd,grda,0,Other,0,False,77496.7,0,4,126.55323714479633,bipolar,100.0,0.5-70 Hz,60 Hz,10.0,0.1377582422670508,458.0178571154908,1.4076303300050406,1.3888256653652804,False,True
0fe1e434-0c1f-42ce-9988-138133e0e702,463,6130,spike,spike,0,Yes (spike present),1,False,17572.9,0,1,10.961308066442836,bipolar,100.0,0.5-70 Hz,60 Hz,10.0,0.13661288784292536,531.177070681235,1.4055776987125579,1.401967288932712,False,True
0fe1e434-0c1f-42ce-9988-138133e0e702,464,13226,spike,spike,1,Yes (spike present),1,True,19104.9,0,2,101.15139497250446,bipolar,100.0,0.5-70 Hz,60 Hz,10.0,0.13516800879402396,539.3460292098463,1.3972430398811364,1.4000057239694126,False,True
0fe1e434-0c1f-42ce-9988-138133e0e702,465,11159,spike,spike,1,Yes (spike present),1,True,58240.9,0,0,127.45268987750867,bipolar,100.0,0.5-70 Hz,60 Hz,10.0,0.1324476526496864,533.3616081825555,1.384837306474285,1.391958226445047,False,True
0fe1e434-0c1f-42ce-9988-138133e0e702,466,13197,spike,spike,1,Yes (spike present),1,True,59062.2,0,2,139.02154953393463,bipolar,100.0,0.5-70 Hz,60 Hz,10.0,0.13385598980005659,519.120536167481,1.3821173276234302,1.3798938881016518,False,True
0fe1e434-0c1f-42ce-9988-138133e0e702,467,9054,spike,spike,1,Yes (spike present),1,True,10930.2,0,2,140.5892365077486,bipolar,100.0,0.5-70 Hz,60 Hz,10.0,0.13273448534148624,490.4191013372342,1.3760189379393455,1.3771260197576463,False,True
0fe1e434-0c1f-42ce-9988-138133e0e702,468,86277,gpd,lpd,0,GPD,1,False,13028.0,0,1,69.29252404550162,bipolar,100.0,0.5-70 Hz,60 Hz,10.0,0.13173145631052396,526.5179364107003,1.3245672278070961,1.3725636432717712,False,True
0fe1e434-0c1f-42ce-9988-138133e0e702,469,15481,spike,spike,1,No (no spike),0,False,9298.5,0,2,76.03523885788482,bipolar,100.0,0.5-70 Hz,60 Hz,10.0,0.13073272312727113,560.0267789512484,1.32374418810097,1.3197829375923207,False,True
0fe1e434-0c1f-42ce-9988-138133e0e702,470,9649,spike,spike,1,Yes (spike present),1,True,2687.3,0,3,121.7344319924093,bipolar,100.0,0.5-70 Hz,60 Hz,10.0,0.13062992600516893,543.7582408493154,1.3136605840692575,1.3195941935328401,False,True
0fe1e434-0c1f-42ce-9988-138133e0e702,471,3688,spike,spike,0,Yes (spike present),1,False,9686.9,0,2,112.9842502354416,bipolar,100.0,0.5-70 Hz,60 Hz,10.0,0.12981752048317197,548.4760880303962,1.3232904951197733,1.3096780064677085,False,True
0fe1e434-0c1f-42ce-9988-138133e0e702,472,15491,spike,spike,1,No (no spike),0,False,7041.2,0,1,62.92319218133618,bipolar,100.0,0.5-70 Hz,60 Hz,10.0,0.1322958552859801,576.8791780390717,1.3414699399090688,1.3191282760758205,False,True
0fe1e434-0c1f-42ce-9988-138133e0e702,473,12664,spike,spike,1,Yes (spike present),1,True,2503.7,0,1,106.50665943390639,bipolar,100.0,0.5-70 Hz,60 Hz,10.0,0.1302089329231143,567.9015751133502,1.3284342524877777,1.3370146238335265,False,True
0fe1e434-0c1f-42ce-9988-138133e0e702,474,42557,gpd,lpd,0,Seizure,0,False,23804.6,0,0,171.68663407747218,bipolar,100.0,0.5-70 Hz,60 Hz,10.0,0.13105835371665975,566.1985940013401,1.3367568798789968,1.3258856014298088,False,True
0fe1e434-0c1f-42ce-9988-138133e0e702,475,2001,spike,spike,0,Yes (spike present),1,False,12220.1,0,2,80.77328448324513,bipolar,100.0,0.5-70 Hz,60 Hz,10.0,0.13461981690154667,542.2413616685626,1.358096473784071,1.3325755911747104,False,True
0fe1e434-0c1f-42ce-9988-138133e0e702,476,10301,spike,spike,1,No (no spike),0,False,7326.4,0,0,131.42661465288708,bipolar,100.0,0.5-70 Hz,60 Hz,10.0,0.1316868452708448,545.8391661136466,1.3587417370867239,1.3540119365740055,False,True
0fe1e434-0c1f-42ce-9988-138133e0e702,477,3029,spike,spike,0,Yes (spike present),1,False,11531.5,0,2,126.96404803191577,bipolar,100.0,0.5-70 Hz,60 Hz,10.0,0.1323037983975343,503.97498651422904,1.365213126354449,1.354951444291067,False,True
0fe1e434-0c1f-42ce-9988-138133e0e702,478,13630,spike,spike,1,Yes (spike present),1,True,45364.8,0,0,5.608119114400215,bipolar,100.0,0.5-70 Hz,60 Hz,10.0,0.13173051757960536,497.4146115649207,1.3605042481776635,1.3614126455376483,False,True
0fe1e434-0c1f-42ce-9988-138133e0e702,479,14156,spike,spike,1,Yes (spike present),1,True,29150.2,0,2,124.64511774172614,bipolar,100.0,0.5-70 Hz,60 Hz,10.0,0.1307010958663002,485.9441673903173,1.3533802621325683,1.3567992285463708,False,True
0fe1e434-0c1f-42ce-9988-138133e0e702,480,27853,gpd,lrda,0,GPD,1,False,15589.1,0,2,161.14251595052895,bipolar,100.0,0.5-70 Hz,60 Hz,10.0,0.12729773058164634,463.69964245034635,1.3040191579840203,1.350915658422904,False,True
0fe1e434-0c1f-42ce-9988-138133e0e702,481,15600,spike,spike,1,Yes (spike present),1,True,21459.5,0,2,149.02313740980568,bipolar,100.0,0.5-70 Hz,60 Hz,10.0,0.12603810278552846,446.90793901707247,1.295508081799431,1.3005844424579505,False,True
0fe1e434-0c1f-42ce-9988-138133e0e702,482,14539,spike,spike,1,No (no spike),0,False,5014.5,0,2,127.4876324999721,bipolar,100.0,0.5-70 Hz,60 Hz,10.0,0.1287877896800274,468.3011417963416,1.3009955972431784,1.2922474618978048,False,True
0fe1e434-0c1f-42ce-9988-138133e0e702,483,4664,spike,spike,0,Yes (spike present),1,False,4747.3,0,2,67.06557751683549,bipolar,100.0,0.5-70 Hz,60 Hz,10.0,0.12782944793016604,422.26089669427193,1.3062919578086536,1.297798982246766,False,True
0fe1e434-0c1f-42ce-9988-138133e0e702,484,5875,spike,spike,1,Yes (spike present),1,True,5556.8,0,0,104.1220981345744,bipolar,100.0,0.5-70 Hz,60 Hz,10.0,0.12736841800764348,406.9210198410153,1.3001315750603233,1.3031423249559206,False,True
0fe1e434-0c1f-42ce-9988-138133e0e702,485,14411,spike,spike,1,Yes (spike present),1,True,7033.6,0,2,139.63683788002655,bipolar,100.0,0.5-70 Hz,60 Hz,10.0,0.12442480588629123,389.6686424213453,1.2924299462776885,1.2970720356751877,False,True
0fe1e434-0c1f-42ce-9988-138133e0e702,486,45938,lpd,lpd,1,GPD,0,False,4154.6,0,1,8.864883311219259,bipolar,100.0,0.5-70 Hz,60 Hz,10.0,0.12402459413439099,302.87554284561537,1.3176485462411875,1.2897314419260972,False,True
0fe1e434-0c1f-42ce-9988-138133e0e702,487,14655,spike,spike,1,Yes (spike present),1,True,3208.1,0,2,110.04056633768774,bipolar,100.0,0.5-70 Hz,60 Hz,10.0,0.13100212941670003,599.9999999999999,1.2889529954018448,1.3147288635525922,True,True
0fe1e434-0c1f-42ce-9988-138133e0e702,488,15935,spike,spike,0,Yes (spike present),1,False,3035.8,0,1,90.88827442040214,bipolar,100.0,0.5-70 Hz,60 Hz,10.0,0.13041510165034143,588.2447647829263,1.2977259919828414,1.2859711138360779,False,True
0fe1e434-0c1f-42ce-9988-138133e0e702,489,15221,spike,spike,0,No (no spike),0,True,3457.3,0,1,17.044269338508485,bipolar,100.0,0.5-70 Hz,60 Hz,10.0,0.13071674692705992,599.282613318484,1.2855195836272122,1.294890835200855,False,True
0fe1e434-0c1f-42ce-9988-138133e0e702,490,4755,spike,spike,0,No (no spike),0,True,7212.9,0,2,122.21921435783281,bipolar,100.0,0.5-70 Hz,60 Hz,10.0,0.13098912128399276,593.2469041904316,1.2748062608981916,1.2828685710820804,False,True
0fe1e434-0c1f-42ce-9988-138133e0e702,491,86499,lrda,gpd,0,GRDA,0,False,4389.2,0,1,12.393510853805665,bipolar,100.0,0.5-70 Hz,60 Hz,10.0,0.13095798115881918,583.0146928715618,1.2724411146743706,1.2723881855849664,False,True
0fe1e434-0c1f-42ce-9988-138133e0e702,492,55766,lpd,lpd,1,LPD,1,True,50087.2,0,0,63.59217105618201,bipolar,100.0,0.5-70 Hz,60 Hz,10.0,0.13090139938882578,579.5972718048221,1.271545380373448,1.270096733120355,False,True
0fe1e434-0c1f-42ce-9988-138133e0e702,493,86445,lrda,grda,0,GRDA,0,True,45728.4,0,2,57.84514543683378,bipolar,100.0,0.5-70 Hz,60 Hz,10.0,0.1308836504018709,557.0441589170459,1.2686779008447058,1.2692150883865494,False,True
0fe1e434-0c1f-42ce-9988-138133e0e702,494,9748,spike,spike,0,Yes (spike present),1,False,7389.3,0,2,108.00599419624757,bipolar,100.0,0.5-70 Hz,60 Hz,10.0,0.1302966953498616,564.8755211960108,1.2731183988306904,1.2663846486542876,False,True
0fe1e434-0c1f-42ce-9988-138133e0e702,495,3952,spike,spike,1,No (no spike),0,False,8534.0,0,0,132.947616384089,bipolar,100.0,0.5-70 Hz,60 Hz,10.0,0.1284632931035687,551.2247842771791,1.2728376045245144,1.2708638189592651,False,True
0fe1e434-0c1f-42ce-9988-138133e0e702,496,40436,iic,other,1,Other,1,True,5887.8,0,1,90.68546433997228,bipolar,100.0,0.5-70 Hz,60 Hz,10.0,0.1287316871177917,547.5087501482553,1.2733171505706637,1.2706512490182122,False,True
0fe1e434-0c1f-42ce-9988-138133e0e702,497,16876,spike,spike,0,No (no spike),0,True,10930.5,0,1,14.70860226304118,bipolar,100.0,0.5-70 Hz,60 Hz,10.0,0.12882014722667534,528.7474834401547,1.26382664628794,1.2711297711456577,False,True
0fe1e434-0c1f-42ce-9988-138133e0e702,498,88156,lrda,gpd,0,Seizure,0,False,42232.4,0,3,154.22243783774775,bipolar,100.0,0.5-70 Hz,60 Hz,10.0,0.1287104458104919,496.79684658032494,1.2604321087175265,1.2616408368357201,False,True
0fe1e434-0c1f-42ce-9988-138133e0e702,499,68692,iic,other,1,Other,1,True,8529.2,0,1,50.90851504983147,bipolar,100.0,0.5-70 Hz,60 Hz,10.0,0.12897730167881633,486.28310595316276,1.2600193923052896,1.2583267849082476,False,True
