arm,level,concord,seed,n_ad6,stop_reason,n_joint_shadow,terminal_post_corr,t1_max_dev,verdicts,true_l
ON,-0.6,concordant,55000,207,all_resolved,,0.052142021341667864,0.0,FAIL|FAIL|FAIL|FAIL|FAIL|FAIL|FAIL,-0.600|-0.600|-0.600|-0.600|-0.600|-0.600|-0.600
OFF,-0.6,concordant,55000,184,all_resolved,,0.0020939485055177275,0.0,FAIL|FAIL|FAIL|FAIL|FAIL|FAIL|FAIL,-0.600|-0.600|-0.600|-0.600|-0.600|-0.600|-0.600
ON,-0.6,concordant,55001,197,all_resolved,,0.05361035201577041,0.0,FAIL|FAIL|FAIL|FAIL|FAIL|FAIL|FAIL,-0.600|-0.600|-0.600|-0.600|-0.600|-0.600|-0.600
OFF,-0.6,concordant,55001,209,all_resolved,,0.03902443863364362,0.0,FAIL|FAIL|FAIL|FAIL|FAIL|FAIL|FAIL,-0.600|-0.600|-0.600|-0.600|-0.600|-0.600|-0.600
ON,-0.6,concordant,55002,192,all_resolved,,0.00595312464315421,0.0,FAIL|FAIL|FAIL|FAIL|FAIL|FAIL|FAIL,-0.600|-0.600|-0.600|-0.600|-0.600|-0.600|-0.600
OFF,-0.6,concordant,55002,186,all_resolved,,-0.007300795732012114,0.0,FAIL|FAIL|FAIL|FAIL|FAIL|FAIL|FAIL,-0.600|-0.600|-0.600|-0.600|-0.600|-0.600|-0.600
ON,-0.6,concordant,55003,189,all_resolved,,0.027410362509137726,0.0,FAIL|FAIL|FAIL|FAIL|FAIL|FAIL|FAIL,-0.600|-0.600|-0.600|-0.600|-0.600|-0.600|-0.600
OFF,-0.6,concordant,55003,190,all_resolved,,-0.02789532042206028,0.0,FAIL|FAIL|FAIL|FAIL|FAIL|FAIL|FAIL,-0.600|-0.600|-0.600|-0.600|-0.600|-0.600|-0.600
ON,-0.6,concordant,55004,177,all_resolved,,0.02970590812620383,0.0,FAIL|FAIL|FAIL|FAIL|FAIL|FAIL|FAIL,-0.600|-0.600|-0.600|-0.600|-0.600|-0.600|-0.600
OFF,-0.6,concordant,55004,220,all_resolved,,-0.014407103707816444,0.0,FAIL|FAIL|FAIL|FAIL|FAIL|PASS|FAIL,-0.600|-0.600|-0.600|-0.600|-0.600|-0.600|-0.600
ON,-0.6,concordant,55005,187,all_resolved,,0.030810301337871875,0.0,FAIL|FAIL|FAIL|FAIL|FAIL|FAIL|FAIL,-0.600|-0.600|-0.600|-0.600|-0.600|-0.600|-0.600
OFF,-0.6,concordant,55005,196,all_resolved,,-0.015584757451970707,0.0,FAIL|FAIL|FAIL|FAIL|FAIL|FAIL|FAIL,-0.600|-0.600|-0.600|-0.600|-0.600|-0.600|-0.600
ON,-0.6,concordant,55006,185,all_resolved,,-0.0016242420721624784,0.0,FAIL|FAIL|FAIL|FAIL|FAIL|FAIL|FAIL,-0.600|-0.600|-0.600|-0.600|-0.600|-0.600|-0.600
OFF,-0.6,concordant,55006,192,all_resolved,,-0.014321256424526842,0.0,FAIL|FAIL|FAIL|FAIL|FAIL|FAIL|FAIL,-0.600|-0.600|-0.600|-0.600|-0.600|-0.600|-0.600
ON,-0.6,concordant,55007,212,all_resolved,,-0.010992891963916382,0.0,FAIL|FAIL|FAIL|FAIL|FAIL|FAIL|FAIL,-0.600|-0.600|-0.600|-0.600|-0.600|-0.600|-0.600
OFF,-0.6,concordant,55007,194,all_resolved,,-0.0040466983991829086,0.0,FAIL|FAIL|FAIL|FAIL|FAIL|FAIL|FAIL,-0.600|-0.600|-0.600|-0.600|-0.600|-0.600|-0.600
ON,-0.6,concordant,55008,204,all_resolved,,0.048637220366425225,0.0,FAIL|PASS|FAIL|FAIL|FAIL|FAIL|FAIL,-0.600|-0.600|-0.600|-0.600|-0.600|-0.600|-0.600
OFF,-0.6,concordant,55008,195,all_resolved,,-0.0003313097802991578,0.0,FAIL|FAIL|FAIL|FAIL|FAIL|FAIL|FAIL,-0.600|-0.600|-0.600|-0.600|-0.600|-0.600|-0.600
ON,-0.6,concordant,55009,191,all_resolved,,0.0023837297657557164,0.0,FAIL|FAIL|FAIL|FAIL|FAIL|FAIL|FAIL,-0.600|-0.600|-0.600|-0.600|-0.600|-0.600|-0.600
OFF,-0.6,concordant,55009,193,all_resolved,,-0.007260541031898818,0.0,FAIL|FAIL|FAIL|FAIL|FAIL|FAIL|FAIL,-0.600|-0.600|-0.600|-0.600|-0.600|-0.600|-0.600
ON,-0.6,concordant,55010,205,all_resolved,,0.022135219468498137,0.0,FAIL|FAIL|FAIL|FAIL|FAIL|FAIL|FAIL,-0.600|-0.600|-0.600|-0.600|-0.600|-0.600|-0.600
OFF,-0.6,concordant,55010,193,all_resolved,,0.005834140817327506,0.0,FAIL|FAIL|FAIL|FAIL|FAIL|FAIL|FAIL,-0.600|-0.600|-0.600|-0.600|-0.600|-0.600|-0.600
ON,-0.6,concordant,55011,186,all_resolved,,0.009262013388078796,0.0,FAIL|FAIL|FAIL|FAIL|FAIL|FAIL|FAIL,-0.600|-0.600|-0.600|-0.600|-0.600|-0.600|-0.600
OFF,-0.6,concordant,55011,192,all_resolved,,-0.016308298966252115,0.0,FAIL|FAIL|FAIL|FAIL|FAIL|FAIL|FAIL,-0.600|-0.600|-0.600|-0.600|-0.600|-0.600|-0.600
ON,-0.6,concordant,55012,203,all_resolved,203,0.03562884795005996,0.0,FAIL|FAIL|FAIL|FAIL|FAIL|FAIL|FAIL,-0.600|-0.600|-0.600|-0.600|-0.600|-0.600|-0.600
OFF,-0.6,concordant,55012,189,all_resolved,,0.021519225123672166,0.0,FAIL|FAIL|FAIL|FAIL|FAIL|FAIL|FAIL,-0.600|-0.600|-0.600|-0.600|-0.600|-0.600|-0.600
ON,-0.6,concordant,55013,205,all_resolved,,0.016802808591670798,0.0,FAIL|FAIL|FAIL|FAIL|FAIL|FAIL|FAIL,-0.600|-0.600|-0.600|-0.600|-0.600|-0.600|-0.600
OFF,-0.6,concordant,55013,256,all_resolved,,-0.028282304609784266,0.0,FAIL|FAIL|FAIL|FAIL|FAIL|FAIL|FAIL,-0.600|-0.600|-0.600|-0.600|-0.600|-0.600|-0.600
ON,-0.6,concordant,55014,184,all_resolved,,0.03266063019283666,0.0,FAIL|FAIL|FAIL|FAIL|FAIL|FAIL|FAIL,-0.600|-0.600|-0.600|-0.600|-0.600|-0.600|-0.600
OFF,-0.6,concordant,55014,192,all_resolved,,-0.01129317708987058,0.0,FAIL|FAIL|FAIL|FAIL|FAIL|FAIL|FAIL,-0.600|-0.600|-0.600|-0.600|-0.600|-0.600|-0.600
ON,-0.6,concordant,55015,196,all_resolved,,0.00293703376069585,0.0,FAIL|FAIL|FAIL|FAIL|FAIL|FAIL|FAIL,-0.600|-0.600|-0.600|-0.600|-0.600|-0.600|-0.600
OFF,-0.6,concordant,55015,238,all_resolved,,-0.016784517103309214,0.0,FAIL|FAIL|FAIL|FAIL|FAIL|FAIL|FAIL,-0.600|-0.600|-0.600|-0.600|-0.600|-0.600|-0.600
ON,-0.6,concordant,55016,198,all_resolved,,0.04448189218758275,0.0,FAIL|FAIL|FAIL|FAIL|FAIL|FAIL|FAIL,-0.600|-0.600|-0.600|-0.600|-0.600|-0.600|-0.600
OFF,-0.6,concordant,55016,181,all_resolved,,-0.0138291717200804,0.0,FAIL|FAIL|FAIL|FAIL|FAIL|FAIL|FAIL,-0.600|-0.600|-0.600|-0.600|-0.600|-0.600|-0.600
ON,-0.6,concordant,55017,186,all_resolved,,0.013977659012184921,0.0,FAIL|FAIL|FAIL|FAIL|FAIL|FAIL|FAIL,-0.600|-0.600|-0.600|-0.600|-0.600|-0.600|-0.600
OFF,-0.6,concordant,55017,203,all_resolved,,0.00837692551989542,0.0,FAIL|FAIL|FAIL|FAIL|FAIL|FAIL|FAIL,-0.600|-0.600|-0.600|-0.600|-0.600|-0.600|-0.600
ON,-0.6,concordant,55018,191,all_resolved,191,-0.0012516378494394176,0.0,FAIL|FAIL|FAIL|FAIL|FAIL|FAIL|FAIL,-0.600|-0.600|-0.600|-0.600|-0.600|-0.600|-0.600
OFF,-0.6,concordant,55018,213,all_resolved,,0.006902933815480297,0.0,FAIL|FAIL|FAIL|FAIL|FAIL|FAIL|FAIL,-0.600|-0.600|-0.600|-0.600|-0.600|-0.600|-0.600
ON,-0.6,concordant,55019,204,all_resolved,,0.03380068486618569,0.0,FAIL|FAIL|FAIL|FAIL|FAIL|FAIL|FAIL,-0.600|-0.600|-0.600|-0.600|-0.600|-0.600|-0.600
OFF,-0.6,concordant,55019,300,bank_exhausted,,0.03125929740569178,0.0,FAIL|FAIL|FAIL|FAIL|FAIL|REFER_BORDERLINE|FAIL,-0.600|-0.600|-0.600|-0.600|-0.600|-0.600|-0.600
ON,-0.6,concordant,55020,180,all_resolved,,0.04160587545928221,0.0,FAIL|FAIL|FAIL|FAIL|FAIL|FAIL|FAIL,-0.600|-0.600|-0.600|-0.600|-0.600|-0.600|-0.600
OFF,-0.6,concordant,55020,186,all_resolved,,-0.02164726138700211,0.0,FAIL|FAIL|FAIL|FAIL|FAIL|FAIL|FAIL,-0.600|-0.600|-0.600|-0.600|-0.600|-0.600|-0.600
ON,-0.6,concordant,55021,183,all_resolved,,0.03953399422098195,0.0,FAIL|FAIL|FAIL|FAIL|FAIL|FAIL|FAIL,-0.600|-0.600|-0.600|-0.600|-0.600|-0.600|-0.600
OFF,-0.6,concordant,55021,180,all_resolved,,0.016015897482837754,0.0,FAIL|FAIL|FAIL|FAIL|FAIL|FAIL|FAIL,-0.600|-0.600|-0.600|-0.600|-0.600|-0.600|-0.600
ON,-0.6,concordant,55022,181,all_resolved,,0.009852976469828623,0.0,FAIL|FAIL|FAIL|FAIL|FAIL|FAIL|FAIL,-0.600|-0.600|-0.600|-0.600|-0.600|-0.600|-0.600
OFF,-0.6,concordant,55022,300,bank_exhausted,,-0.011697557458376768,0.0,REFER_BORDERLINE|FAIL|FAIL|FAIL|FAIL|FAIL|FAIL,-0.600|-0.600|-0.600|-0.600|-0.600|-0.600|-0.600
ON,-0.6,concordant,55023,180,all_resolved,,-0.008720663788777035,0.0,FAIL|FAIL|FAIL|FAIL|FAIL|FAIL|FAIL,-0.600|-0.600|-0.600|-0.600|-0.600|-0.600|-0.600
OFF,-0.6,concordant,55023,185,all_resolved,,-0.004582643749717208,0.0,FAIL|FAIL|FAIL|FAIL|FAIL|FAIL|FAIL,-0.600|-0.600|-0.600|-0.600|-0.600|-0.600|-0.600
ON,-0.6,concordant,55024,278,all_resolved,,0.025006229216675835,0.0,FAIL|FAIL|FAIL|FAIL|FAIL|FAIL|FAIL,-0.600|-0.600|-0.600|-0.600|-0.600|-0.600|-0.600
OFF,-0.6,concordant,55024,295,all_resolved,,-0.007363351050110624,0.0,FAIL|FAIL|FAIL|FAIL|FAIL|FAIL|FAIL,-0.600|-0.600|-0.600|-0.600|-0.600|-0.600|-0.600
ON,-0.6,concordant,55025,188,all_resolved,,0.007475213291105345,0.0,FAIL|FAIL|FAIL|FAIL|FAIL|FAIL|FAIL,-0.600|-0.600|-0.600|-0.600|-0.600|-0.600|-0.600
OFF,-0.6,concordant,55025,194,all_resolved,,0.005069285095242153,0.0,FAIL|FAIL|FAIL|FAIL|FAIL|FAIL|FAIL,-0.600|-0.600|-0.600|-0.600|-0.600|-0.600|-0.600
ON,-0.6,concordant,55026,190,all_resolved,,0.04278854541101271,0.0,FAIL|FAIL|FAIL|FAIL|FAIL|FAIL|FAIL,-0.600|-0.600|-0.600|-0.600|-0.600|-0.600|-0.600
OFF,-0.6,concordant,55026,300,bank_exhausted,,0.01983583358422242,0.0,FAIL|FAIL|FAIL|FAIL|REFER_BORDERLINE|FAIL|FAIL,-0.600|-0.600|-0.600|-0.600|-0.600|-0.600|-0.600
ON,-0.6,concordant,55027,179,all_resolved,,0.014687444612045655,0.0,FAIL|FAIL|FAIL|FAIL|FAIL|FAIL|FAIL,-0.600|-0.600|-0.600|-0.600|-0.600|-0.600|-0.600
OFF,-0.6,concordant,55027,183,all_resolved,,-0.0076326428581399335,0.0,FAIL|FAIL|FAIL|FAIL|FAIL|FAIL|FAIL,-0.600|-0.600|-0.600|-0.600|-0.600|-0.600|-0.600
ON,-0.6,concordant,55028,214,all_resolved,,-0.004245069388632526,0.0,FAIL|FAIL|FAIL|FAIL|FAIL|FAIL|FAIL,-0.600|-0.600|-0.600|-0.600|-0.600|-0.600|-0.600
OFF,-0.6,concordant,55028,184,all_resolved,,0.013130912082842137,0.0,FAIL|FAIL|FAIL|FAIL|FAIL|FAIL|FAIL,-0.600|-0.600|-0.600|-0.600|-0.600|-0.600|-0.600
ON,-0.6,concordant,55029,300,bank_exhausted,,0.0230944222414668,0.0,FAIL|REFER_BORDERLINE|FAIL|FAIL|FAIL|FAIL|FAIL,-0.600|-0.600|-0.600|-0.600|-0.600|-0.600|-0.600
OFF,-0.6,concordant,55029,196,all_resolved,,-0.031324650096515846,0.0,FAIL|PASS|FAIL|FAIL|FAIL|FAIL|FAIL,-0.600|-0.600|-0.600|-0.600|-0.600|-0.600|-0.600
ON,-0.6,concordant,55030,230,all_resolved,230,0.016205131869844777,0.0,FAIL|FAIL|FAIL|FAIL|FAIL|FAIL|FAIL,-0.600|-0.600|-0.600|-0.600|-0.600|-0.600|-0.600
OFF,-0.6,concordant,55030,197,all_resolved,,-0.02837409823378522,0.0,FAIL|FAIL|FAIL|FAIL|FAIL|FAIL|FAIL,-0.600|-0.600|-0.600|-0.600|-0.600|-0.600|-0.600
ON,-0.6,concordant,55031,212,all_resolved,,0.000998732843698888,0.0,FAIL|FAIL|FAIL|FAIL|FAIL|FAIL|FAIL,-0.600|-0.600|-0.600|-0.600|-0.600|-0.600|-0.600
OFF,-0.6,concordant,55031,177,all_resolved,,-0.02152049682795481,0.0,FAIL|FAIL|FAIL|FAIL|FAIL|FAIL|FAIL,-0.600|-0.600|-0.600|-0.600|-0.600|-0.600|-0.600
ON,-0.6,concordant,55032,216,all_resolved,,0.022726359726847684,0.0,FAIL|FAIL|FAIL|FAIL|FAIL|FAIL|FAIL,-0.600|-0.600|-0.600|-0.600|-0.600|-0.600|-0.600
OFF,-0.6,concordant,55032,182,all_resolved,,-0.010146100336840956,0.0,FAIL|FAIL|FAIL|FAIL|FAIL|FAIL|FAIL,-0.600|-0.600|-0.600|-0.600|-0.600|-0.600|-0.600
ON,-0.6,concordant,55033,183,all_resolved,,0.04642664295506789,0.0,FAIL|FAIL|FAIL|FAIL|FAIL|FAIL|FAIL,-0.600|-0.600|-0.600|-0.600|-0.600|-0.600|-0.600
OFF,-0.6,concordant,55033,178,all_resolved,,-0.005635956732148242,0.0,FAIL|FAIL|FAIL|FAIL|FAIL|FAIL|FAIL,-0.600|-0.600|-0.600|-0.600|-0.600|-0.600|-0.600
ON,-0.6,concordant,55034,254,all_resolved,,-0.004814221221562652,0.0,FAIL|FAIL|FAIL|FAIL|FAIL|FAIL|FAIL,-0.600|-0.600|-0.600|-0.600|-0.600|-0.600|-0.600
OFF,-0.6,concordant,55034,212,all_resolved,,-0.005309603032083843,0.0,FAIL|FAIL|PASS|FAIL|FAIL|FAIL|FAIL,-0.600|-0.600|-0.600|-0.600|-0.600|-0.600|-0.600
ON,-0.6,concordant,55035,204,all_resolved,,0.03371968528806844,0.0,FAIL|FAIL|FAIL|FAIL|FAIL|FAIL|FAIL,-0.600|-0.600|-0.600|-0.600|-0.600|-0.600|-0.600
OFF,-0.6,concordant,55035,220,all_resolved,,0.01253142605691392,0.0,FAIL|FAIL|FAIL|FAIL|FAIL|FAIL|FAIL,-0.600|-0.600|-0.600|-0.600|-0.600|-0.600|-0.600
ON,-0.6,concordant,55036,229,all_resolved,,0.006791398800486624,0.0,FAIL|FAIL|FAIL|FAIL|FAIL|FAIL|FAIL,-0.600|-0.600|-0.600|-0.600|-0.600|-0.600|-0.600
OFF,-0.6,concordant,55036,182,all_resolved,,0.009869173794451493,0.0,FAIL|FAIL|FAIL|FAIL|FAIL|FAIL|PASS,-0.600|-0.600|-0.600|-0.600|-0.600|-0.600|-0.600
ON,-0.6,concordant,55037,194,all_resolved,,-0.008337685207546654,0.0,FAIL|FAIL|FAIL|FAIL|FAIL|FAIL|FAIL,-0.600|-0.600|-0.600|-0.600|-0.600|-0.600|-0.600
OFF,-0.6,concordant,55037,183,all_resolved,,-0.014561613893417844,0.0,FAIL|FAIL|FAIL|FAIL|FAIL|FAIL|FAIL,-0.600|-0.600|-0.600|-0.600|-0.600|-0.600|-0.600
ON,-0.6,concordant,55038,300,bank_exhausted,,0.03959839493317192,0.0,FAIL|REFER_BORDERLINE|FAIL|FAIL|FAIL|FAIL|FAIL,-0.600|-0.600|-0.600|-0.600|-0.600|-0.600|-0.600
OFF,-0.6,concordant,55038,233,all_resolved,,0.010989915380669483,0.0,FAIL|FAIL|FAIL|FAIL|FAIL|FAIL|FAIL,-0.600|-0.600|-0.600|-0.600|-0.600|-0.600|-0.600
ON,-0.6,concordant,55039,200,all_resolved,,0.019680831912007975,0.0,FAIL|FAIL|FAIL|FAIL|FAIL|FAIL|FAIL,-0.600|-0.600|-0.600|-0.600|-0.600|-0.600|-0.600
OFF,-0.6,concordant,55039,202,all_resolved,,0.012038744557986668,0.0,FAIL|FAIL|FAIL|FAIL|FAIL|FAIL|FAIL,-0.600|-0.600|-0.600|-0.600|-0.600|-0.600|-0.600
ON,-0.6,concordant,55040,227,all_resolved,,0.022758041188785227,0.0,FAIL|FAIL|FAIL|FAIL|FAIL|FAIL|FAIL,-0.600|-0.600|-0.600|-0.600|-0.600|-0.600|-0.600
OFF,-0.6,concordant,55040,190,all_resolved,,-0.003920291767813978,0.0,FAIL|FAIL|FAIL|FAIL|FAIL|FAIL|FAIL,-0.600|-0.600|-0.600|-0.600|-0.600|-0.600|-0.600
ON,-0.6,concordant,55041,193,all_resolved,,0.03203914410472762,0.0,FAIL|FAIL|FAIL|FAIL|FAIL|FAIL|FAIL,-0.600|-0.600|-0.600|-0.600|-0.600|-0.600|-0.600
OFF,-0.6,concordant,55041,188,all_resolved,,0.011334449468228152,0.0,FAIL|FAIL|FAIL|FAIL|FAIL|FAIL|FAIL,-0.600|-0.600|-0.600|-0.600|-0.600|-0.600|-0.600
ON,-0.6,concordant,55042,279,all_resolved,,-0.005080303146210078,0.0,FAIL|FAIL|FAIL|FAIL|FAIL|FAIL|FAIL,-0.600|-0.600|-0.600|-0.600|-0.600|-0.600|-0.600
OFF,-0.6,concordant,55042,193,all_resolved,,-0.011967858617929917,0.0,FAIL|FAIL|FAIL|FAIL|FAIL|FAIL|FAIL,-0.600|-0.600|-0.600|-0.600|-0.600|-0.600|-0.600
ON,-0.6,concordant,55043,213,all_resolved,,0.029965440554665202,0.0,FAIL|FAIL|FAIL|FAIL|FAIL|FAIL|FAIL,-0.600|-0.600|-0.600|-0.600|-0.600|-0.600|-0.600
OFF,-0.6,concordant,55043,183,all_resolved,,0.01851205807405562,0.0,FAIL|FAIL|FAIL|FAIL|FAIL|FAIL|FAIL,-0.600|-0.600|-0.600|-0.600|-0.600|-0.600|-0.600
ON,-0.6,concordant,55044,183,all_resolved,,0.0318463292361871,0.0,FAIL|FAIL|FAIL|FAIL|FAIL|FAIL|FAIL,-0.600|-0.600|-0.600|-0.600|-0.600|-0.600|-0.600
OFF,-0.6,concordant,55044,181,all_resolved,,-0.013049139520595507,0.0,FAIL|FAIL|FAIL|FAIL|FAIL|FAIL|FAIL,-0.600|-0.600|-0.600|-0.600|-0.600|-0.600|-0.600
ON,-0.6,concordant,55045,283,all_resolved,,0.005279273347201879,0.0,FAIL|FAIL|FAIL|FAIL|FAIL|FAIL|FAIL,-0.600|-0.600|-0.600|-0.600|-0.600|-0.600|-0.600
OFF,-0.6,concordant,55045,300,bank_exhausted,,5.9247906810281e-05,0.0,FAIL|FAIL|FAIL|REFER_BORDERLINE|FAIL|FAIL|FAIL,-0.600|-0.600|-0.600|-0.600|-0.600|-0.600|-0.600
ON,-0.6,concordant,55046,181,all_resolved,,0.04245746886459859,0.0,FAIL|FAIL|FAIL|FAIL|FAIL|FAIL|FAIL,-0.600|-0.600|-0.600|-0.600|-0.600|-0.600|-0.600
OFF,-0.6,concordant,55046,189,all_resolved,,-0.008018631457874107,0.0,FAIL|FAIL|FAIL|FAIL|FAIL|FAIL|FAIL,-0.600|-0.600|-0.600|-0.600|-0.600|-0.600|-0.600
ON,-0.6,concordant,55047,187,all_resolved,,0.021824647699066096,0.0,FAIL|FAIL|FAIL|FAIL|FAIL|FAIL|FAIL,-0.600|-0.600|-0.600|-0.600|-0.600|-0.600|-0.600
OFF,-0.6,concordant,55047,198,all_resolved,,0.005328213373331381,0.0,FAIL|FAIL|FAIL|FAIL|FAIL|FAIL|FAIL,-0.600|-0.600|-0.600|-0.600|-0.600|-0.600|-0.600
ON,-0.6,concordant,55048,300,bank_exhausted,,0.028262002256803895,0.0,REFER_BORDERLINE|FAIL|FAIL|FAIL|FAIL|FAIL|FAIL,-0.600|-0.600|-0.600|-0.600|-0.600|-0.600|-0.600
OFF,-0.6,concordant,55048,229,all_resolved,,0.0027513736126584735,0.0,FAIL|FAIL|FAIL|FAIL|FAIL|FAIL|FAIL,-0.600|-0.600|-0.600|-0.600|-0.600|-0.600|-0.600
ON,-0.6,concordant,55049,187,all_resolved,,0.0019105283105311168,0.0,FAIL|FAIL|FAIL|FAIL|FAIL|FAIL|FAIL,-0.600|-0.600|-0.600|-0.600|-0.600|-0.600|-0.600
OFF,-0.6,concordant,55049,248,all_resolved,,0.024660074494689793,0.0,FAIL|FAIL|FAIL|FAIL|FAIL|FAIL|FAIL,-0.600|-0.600|-0.600|-0.600|-0.600|-0.600|-0.600
ON,-0.6,concordant,55050,185,all_resolved,,0.06345836010125339,0.0,FAIL|FAIL|FAIL|FAIL|FAIL|FAIL|FAIL,-0.600|-0.600|-0.600|-0.600|-0.600|-0.600|-0.600
OFF,-0.6,concordant,55050,300,bank_exhausted,,0.03142196007854217,0.0,FAIL|REFER_BORDERLINE|FAIL|FAIL|FAIL|FAIL|FAIL,-0.600|-0.600|-0.600|-0.600|-0.600|-0.600|-0.600
ON,-0.6,concordant,55051,197,all_resolved,,0.026267501815986687,0.0,FAIL|FAIL|FAIL|FAIL|FAIL|FAIL|FAIL,-0.600|-0.600|-0.600|-0.600|-0.600|-0.600|-0.600
OFF,-0.6,concordant,55051,183,all_resolved,,-0.012723149656978303,0.0,FAIL|FAIL|FAIL|FAIL|FAIL|FAIL|FAIL,-0.600|-0.600|-0.600|-0.600|-0.600|-0.600|-0.600
ON,-0.6,concordant,55052,183,all_resolved,,0.03366505801889992,0.0,FAIL|FAIL|FAIL|FAIL|FAIL|FAIL|FAIL,-0.600|-0.600|-0.600|-0.600|-0.600|-0.600|-0.600
OFF,-0.6,concordant,55052,221,all_resolved,,-3.330321984638819e-05,0.0,FAIL|FAIL|FAIL|FAIL|FAIL|FAIL|FAIL,-0.600|-0.600|-0.600|-0.600|-0.600|-0.600|-0.600
ON,-0.6,concordant,55053,194,all_resolved,,0.0184184033364686,0.0,FAIL|FAIL|FAIL|FAIL|FAIL|FAIL|FAIL,-0.600|-0.600|-0.600|-0.600|-0.600|-0.600|-0.600
OFF,-0.6,concordant,55053,236,all_resolved,,0.009166519638187218,0.0,FAIL|FAIL|FAIL|FAIL|FAIL|FAIL|FAIL,-0.600|-0.600|-0.600|-0.600|-0.600|-0.600|-0.600
ON,-0.6,concordant,55054,186,all_resolved,,0.03769121713815761,0.0,FAIL|FAIL|FAIL|FAIL|FAIL|FAIL|FAIL,-0.600|-0.600|-0.600|-0.600|-0.600|-0.600|-0.600
OFF,-0.6,concordant,55054,179,all_resolved,,-0.004338971406342869,0.0,FAIL|FAIL|FAIL|FAIL|FAIL|FAIL|FAIL,-0.600|-0.600|-0.600|-0.600|-0.600|-0.600|-0.600
ON,-0.6,concordant,55055,249,all_resolved,,0.026575114987709734,0.0,FAIL|FAIL|FAIL|FAIL|FAIL|FAIL|FAIL,-0.600|-0.600|-0.600|-0.600|-0.600|-0.600|-0.600
OFF,-0.6,concordant,55055,185,all_resolved,,-0.011545674089635182,0.0,FAIL|FAIL|FAIL|FAIL|FAIL|FAIL|FAIL,-0.600|-0.600|-0.600|-0.600|-0.600|-0.600|-0.600
ON,-0.6,concordant,55056,191,all_resolved,,0.01351530127326551,0.0,FAIL|FAIL|FAIL|FAIL|FAIL|FAIL|FAIL,-0.600|-0.600|-0.600|-0.600|-0.600|-0.600|-0.600
OFF,-0.6,concordant,55056,205,all_resolved,,0.006356523553828017,0.0,FAIL|FAIL|FAIL|FAIL|FAIL|FAIL|FAIL,-0.600|-0.600|-0.600|-0.600|-0.600|-0.600|-0.600
ON,-0.6,concordant,55057,207,all_resolved,,-0.003556833133959286,0.0,FAIL|FAIL|FAIL|FAIL|FAIL|FAIL|FAIL,-0.600|-0.600|-0.600|-0.600|-0.600|-0.600|-0.600
OFF,-0.6,concordant,55057,300,bank_exhausted,,-0.02424140381473163,0.0,FAIL|FAIL|FAIL|REFER_BORDERLINE|FAIL|FAIL|FAIL,-0.600|-0.600|-0.600|-0.600|-0.600|-0.600|-0.600
ON,-0.6,concordant,55058,300,all_resolved,,0.003221383644710011,0.0,FAIL|FAIL|FAIL|FAIL|FAIL|FAIL|FAIL,-0.600|-0.600|-0.600|-0.600|-0.600|-0.600|-0.600
OFF,-0.6,concordant,55058,176,all_resolved,,-0.0003299137958951435,0.0,FAIL|FAIL|FAIL|FAIL|FAIL|FAIL|FAIL,-0.600|-0.600|-0.600|-0.600|-0.600|-0.600|-0.600
ON,-0.6,concordant,55059,180,all_resolved,,0.0003089117348249565,0.0,FAIL|FAIL|FAIL|FAIL|FAIL|FAIL|FAIL,-0.600|-0.600|-0.600|-0.600|-0.600|-0.600|-0.600
OFF,-0.6,concordant,55059,275,all_resolved,,0.015614309337771536,0.0,FAIL|FAIL|FAIL|FAIL|FAIL|FAIL|FAIL,-0.600|-0.600|-0.600|-0.600|-0.600|-0.600|-0.600
ON,-0.6,concordant,55060,247,all_resolved,,0.005782866498710947,0.0,FAIL|FAIL|FAIL|FAIL|FAIL|FAIL|FAIL,-0.600|-0.600|-0.600|-0.600|-0.600|-0.600|-0.600
OFF,-0.6,concordant,55060,219,all_resolved,,-0.007419883158986516,0.0,FAIL|FAIL|FAIL|FAIL|FAIL|FAIL|FAIL,-0.600|-0.600|-0.600|-0.600|-0.600|-0.600|-0.600
ON,-0.6,concordant,55061,191,all_resolved,,0.0004962880698192824,0.0,PASS|FAIL|FAIL|FAIL|FAIL|FAIL|FAIL,-0.600|-0.600|-0.600|-0.600|-0.600|-0.600|-0.600
OFF,-0.6,concordant,55061,174,all_resolved,,-0.008691071104915946,0.0,FAIL|FAIL|FAIL|FAIL|FAIL|FAIL|FAIL,-0.600|-0.600|-0.600|-0.600|-0.600|-0.600|-0.600
ON,-0.6,concordant,55062,223,all_resolved,,0.04329981009098453,0.0,FAIL|FAIL|FAIL|FAIL|FAIL|FAIL|FAIL,-0.600|-0.600|-0.600|-0.600|-0.600|-0.600|-0.600
OFF,-0.6,concordant,55062,226,all_resolved,,-0.006056528465166612,0.0,FAIL|FAIL|FAIL|FAIL|FAIL|FAIL|FAIL,-0.600|-0.600|-0.600|-0.600|-0.600|-0.600|-0.600
ON,-0.6,concordant,55063,176,all_resolved,,0.03321431052475449,0.0,FAIL|FAIL|FAIL|FAIL|FAIL|FAIL|FAIL,-0.600|-0.600|-0.600|-0.600|-0.600|-0.600|-0.600
OFF,-0.6,concordant,55063,187,all_resolved,,-0.012129042303491473,0.0,FAIL|FAIL|FAIL|FAIL|FAIL|FAIL|FAIL,-0.600|-0.600|-0.600|-0.600|-0.600|-0.600|-0.600
ON,-0.6,concordant,55064,183,all_resolved,,0.014350874792765625,0.0,FAIL|FAIL|FAIL|FAIL|FAIL|FAIL|FAIL,-0.600|-0.600|-0.600|-0.600|-0.600|-0.600|-0.600
OFF,-0.6,concordant,55064,255,all_resolved,,0.006032787736778708,0.0,FAIL|FAIL|FAIL|FAIL|FAIL|FAIL|FAIL,-0.600|-0.600|-0.600|-0.600|-0.600|-0.600|-0.600
ON,-0.6,concordant,55065,193,all_resolved,,0.036529308231908156,0.0,FAIL|FAIL|FAIL|FAIL|FAIL|FAIL|FAIL,-0.600|-0.600|-0.600|-0.600|-0.600|-0.600|-0.600
OFF,-0.6,concordant,55065,196,all_resolved,,0.038552737537349835,0.0,FAIL|FAIL|FAIL|FAIL|FAIL|FAIL|FAIL,-0.600|-0.600|-0.600|-0.600|-0.600|-0.600|-0.600
ON,-0.6,concordant,55066,182,all_resolved,,0.00659847696330702,0.0,FAIL|FAIL|FAIL|FAIL|FAIL|FAIL|FAIL,-0.600|-0.600|-0.600|-0.600|-0.600|-0.600|-0.600
OFF,-0.6,concordant,55066,206,all_resolved,,-0.0007541400502642224,0.0,FAIL|FAIL|FAIL|FAIL|FAIL|FAIL|FAIL,-0.600|-0.600|-0.600|-0.600|-0.600|-0.600|-0.600
ON,-0.6,concordant,55067,180,all_resolved,,0.025166657691196363,0.0,FAIL|FAIL|FAIL|FAIL|FAIL|FAIL|FAIL,-0.600|-0.600|-0.600|-0.600|-0.600|-0.600|-0.600
OFF,-0.6,concordant,55067,192,all_resolved,,-0.005162289707324155,0.0,FAIL|FAIL|FAIL|FAIL|FAIL|FAIL|FAIL,-0.600|-0.600|-0.600|-0.600|-0.600|-0.600|-0.600
ON,-0.6,concordant,55068,300,bank_exhausted,,0.004511339599045373,0.0,FAIL|FAIL|REFER_BORDERLINE|FAIL|FAIL|FAIL|FAIL,-0.600|-0.600|-0.600|-0.600|-0.600|-0.600|-0.600
OFF,-0.6,concordant,55068,178,all_resolved,,-0.005508274072401241,0.0,FAIL|FAIL|FAIL|FAIL|FAIL|FAIL|FAIL,-0.600|-0.600|-0.600|-0.600|-0.600|-0.600|-0.600
ON,-0.6,concordant,55069,300,bank_exhausted,,0.0256380233137108,0.0,FAIL|FAIL|FAIL|REFER_BORDERLINE|FAIL|FAIL|FAIL,-0.600|-0.600|-0.600|-0.600|-0.600|-0.600|-0.600
OFF,-0.6,concordant,55069,274,all_resolved,,-0.027529579006546474,0.0,FAIL|FAIL|FAIL|FAIL|FAIL|FAIL|FAIL,-0.600|-0.600|-0.600|-0.600|-0.600|-0.600|-0.600
ON,-0.6,concordant,55070,190,all_resolved,,0.04279201397472743,0.0,FAIL|FAIL|FAIL|FAIL|FAIL|FAIL|FAIL,-0.600|-0.600|-0.600|-0.600|-0.600|-0.600|-0.600
OFF,-0.6,concordant,55070,190,all_resolved,,-0.018954584305580394,0.0,FAIL|FAIL|FAIL|FAIL|FAIL|FAIL|FAIL,-0.600|-0.600|-0.600|-0.600|-0.600|-0.600|-0.600
ON,-0.6,concordant,55071,239,all_resolved,,0.03235490966842621,0.0,FAIL|FAIL|FAIL|FAIL|FAIL|FAIL|FAIL,-0.600|-0.600|-0.600|-0.600|-0.600|-0.600|-0.600
OFF,-0.6,concordant,55071,236,all_resolved,,-0.02509486432585168,0.0,FAIL|FAIL|FAIL|FAIL|FAIL|FAIL|FAIL,-0.600|-0.600|-0.600|-0.600|-0.600|-0.600|-0.600
ON,-0.6,concordant,55072,205,all_resolved,,0.0331545327238718,0.0,FAIL|FAIL|FAIL|FAIL|FAIL|FAIL|FAIL,-0.600|-0.600|-0.600|-0.600|-0.600|-0.600|-0.600
OFF,-0.6,concordant,55072,187,all_resolved,,0.00560730138220084,0.0,FAIL|FAIL|FAIL|FAIL|FAIL|FAIL|FAIL,-0.600|-0.600|-0.600|-0.600|-0.600|-0.600|-0.600
ON,-0.6,concordant,55073,201,all_resolved,,0.025970679272584635,0.0,FAIL|FAIL|FAIL|FAIL|FAIL|FAIL|FAIL,-0.600|-0.600|-0.600|-0.600|-0.600|-0.600|-0.600
OFF,-0.6,concordant,55073,185,all_resolved,,0.030017167092833315,0.0,FAIL|FAIL|FAIL|FAIL|FAIL|FAIL|FAIL,-0.600|-0.600|-0.600|-0.600|-0.600|-0.600|-0.600
ON,-0.6,concordant,55074,300,bank_exhausted,,0.026572397491683424,0.0,FAIL|REFER_BORDERLINE|FAIL|FAIL|FAIL|FAIL|FAIL,-0.600|-0.600|-0.600|-0.600|-0.600|-0.600|-0.600
OFF,-0.6,concordant,55074,193,all_resolved,,-0.02570924743075396,0.0,FAIL|FAIL|FAIL|FAIL|FAIL|FAIL|FAIL,-0.600|-0.600|-0.600|-0.600|-0.600|-0.600|-0.600
ON,-0.6,concordant,55075,207,all_resolved,,0.018922386230559318,0.0,FAIL|FAIL|FAIL|FAIL|FAIL|FAIL|FAIL,-0.600|-0.600|-0.600|-0.600|-0.600|-0.600|-0.600
OFF,-0.6,concordant,55075,292,all_resolved,,0.0355611149720436,0.0,FAIL|FAIL|FAIL|FAIL|FAIL|FAIL|FAIL,-0.600|-0.600|-0.600|-0.600|-0.600|-0.600|-0.600
ON,-0.6,concordant,55076,180,all_resolved,,-0.007896596106083112,0.0,FAIL|FAIL|FAIL|FAIL|FAIL|FAIL|FAIL,-0.600|-0.600|-0.600|-0.600|-0.600|-0.600|-0.600
OFF,-0.6,concordant,55076,184,all_resolved,,-0.02304885853919412,0.0,FAIL|FAIL|FAIL|FAIL|FAIL|FAIL|FAIL,-0.600|-0.600|-0.600|-0.600|-0.600|-0.600|-0.600
ON,-0.6,concordant,55077,224,all_resolved,,0.02753614167427015,0.0,FAIL|FAIL|FAIL|FAIL|FAIL|FAIL|FAIL,-0.600|-0.600|-0.600|-0.600|-0.600|-0.600|-0.600
OFF,-0.6,concordant,55077,182,all_resolved,,-0.005999745543716731,0.0,FAIL|FAIL|FAIL|FAIL|FAIL|FAIL|FAIL,-0.600|-0.600|-0.600|-0.600|-0.600|-0.600|-0.600
ON,-0.6,concordant,55078,237,all_resolved,,-0.0009706863535118888,0.0,FAIL|FAIL|FAIL|FAIL|FAIL|FAIL|FAIL,-0.600|-0.600|-0.600|-0.600|-0.600|-0.600|-0.600
OFF,-0.6,concordant,55078,180,all_resolved,,0.00935474275715247,0.0,FAIL|FAIL|FAIL|FAIL|FAIL|FAIL|FAIL,-0.600|-0.600|-0.600|-0.600|-0.600|-0.600|-0.600
ON,-0.6,concordant,55079,215,all_resolved,,-0.015911346362262102,0.0,FAIL|FAIL|FAIL|FAIL|FAIL|FAIL|FAIL,-0.600|-0.600|-0.600|-0.600|-0.600|-0.600|-0.600
OFF,-0.6,concordant,55079,209,all_resolved,,0.00022136223518110442,0.0,FAIL|FAIL|FAIL|FAIL|FAIL|FAIL|FAIL,-0.600|-0.600|-0.600|-0.600|-0.600|-0.600|-0.600
ON,-0.6,concordant,55080,195,all_resolved,,0.037847054939946945,0.0,FAIL|FAIL|FAIL|FAIL|FAIL|FAIL|FAIL,-0.600|-0.600|-0.600|-0.600|-0.600|-0.600|-0.600
OFF,-0.6,concordant,55080,194,all_resolved,,-0.013632899586944306,0.0,FAIL|FAIL|FAIL|FAIL|FAIL|FAIL|FAIL,-0.600|-0.600|-0.600|-0.600|-0.600|-0.600|-0.600
ON,-0.6,concordant,55081,184,all_resolved,,0.015483843472228552,0.0,FAIL|FAIL|FAIL|FAIL|FAIL|FAIL|FAIL,-0.600|-0.600|-0.600|-0.600|-0.600|-0.600|-0.600
OFF,-0.6,concordant,55081,192,all_resolved,,0.012579471715253763,0.0,FAIL|FAIL|FAIL|FAIL|FAIL|FAIL|FAIL,-0.600|-0.600|-0.600|-0.600|-0.600|-0.600|-0.600
ON,-0.6,concordant,55082,180,all_resolved,,0.020980465080880056,0.0,FAIL|FAIL|FAIL|FAIL|FAIL|FAIL|FAIL,-0.600|-0.600|-0.600|-0.600|-0.600|-0.600|-0.600
OFF,-0.6,concordant,55082,195,all_resolved,,0.01806155607561919,0.0,FAIL|FAIL|FAIL|FAIL|FAIL|FAIL|FAIL,-0.600|-0.600|-0.600|-0.600|-0.600|-0.600|-0.600
ON,-0.6,concordant,55083,186,all_resolved,,0.004020593878064867,0.0,FAIL|FAIL|FAIL|FAIL|FAIL|FAIL|FAIL,-0.600|-0.600|-0.600|-0.600|-0.600|-0.600|-0.600
OFF,-0.6,concordant,55083,183,all_resolved,,0.026142820009475633,0.0,FAIL|FAIL|FAIL|FAIL|FAIL|FAIL|FAIL,-0.600|-0.600|-0.600|-0.600|-0.600|-0.600|-0.600
ON,-0.6,concordant,55084,194,all_resolved,,-0.0037151337287275885,0.0,PASS|FAIL|FAIL|FAIL|FAIL|FAIL|FAIL,-0.600|-0.600|-0.600|-0.600|-0.600|-0.600|-0.600
OFF,-0.6,concordant,55084,186,all_resolved,,-0.017072845144685437,0.0,FAIL|FAIL|FAIL|FAIL|FAIL|FAIL|FAIL,-0.600|-0.600|-0.600|-0.600|-0.600|-0.600|-0.600
ON,-0.6,concordant,55085,201,all_resolved,,-0.003621691305012016,0.0,FAIL|FAIL|FAIL|FAIL|FAIL|FAIL|FAIL,-0.600|-0.600|-0.600|-0.600|-0.600|-0.600|-0.600
OFF,-0.6,concordant,55085,226,all_resolved,,-0.001986462229499544,0.0,FAIL|PASS|FAIL|FAIL|FAIL|FAIL|FAIL,-0.600|-0.600|-0.600|-0.600|-0.600|-0.600|-0.600
ON,-0.6,concordant,55086,180,all_resolved,,0.05384306758984074,0.0,FAIL|FAIL|FAIL|FAIL|FAIL|FAIL|FAIL,-0.600|-0.600|-0.600|-0.600|-0.600|-0.600|-0.600
OFF,-0.6,concordant,55086,215,all_resolved,,0.00995513535675028,0.0,FAIL|FAIL|FAIL|FAIL|FAIL|FAIL|FAIL,-0.600|-0.600|-0.600|-0.600|-0.600|-0.600|-0.600
ON,-0.6,concordant,55087,300,bank_exhausted,,0.012381202081871615,0.0,FAIL|REFER_BORDERLINE|FAIL|FAIL|FAIL|FAIL|FAIL,-0.600|-0.600|-0.600|-0.600|-0.600|-0.600|-0.600
OFF,-0.6,concordant,55087,199,all_resolved,,0.009722032974088728,0.0,FAIL|FAIL|FAIL|FAIL|FAIL|FAIL|FAIL,-0.600|-0.600|-0.600|-0.600|-0.600|-0.600|-0.600
ON,-0.6,concordant,55088,188,all_resolved,,0.055859530743065745,0.0,FAIL|FAIL|FAIL|FAIL|FAIL|FAIL|FAIL,-0.600|-0.600|-0.600|-0.600|-0.600|-0.600|-0.600
OFF,-0.6,concordant,55088,182,all_resolved,,0.007490460783152141,0.0,FAIL|FAIL|FAIL|FAIL|FAIL|FAIL|FAIL,-0.600|-0.600|-0.600|-0.600|-0.600|-0.600|-0.600
ON,-0.6,concordant,55089,195,all_resolved,,0.0141504984437369,0.0,FAIL|FAIL|FAIL|FAIL|FAIL|FAIL|FAIL,-0.600|-0.600|-0.600|-0.600|-0.600|-0.600|-0.600
OFF,-0.6,concordant,55089,209,all_resolved,,0.00766908676541766,0.0,FAIL|FAIL|FAIL|FAIL|FAIL|FAIL|FAIL,-0.600|-0.600|-0.600|-0.600|-0.600|-0.600|-0.600
ON,-0.6,concordant,55090,202,all_resolved,,0.04146448862993054,0.0,FAIL|FAIL|FAIL|FAIL|FAIL|FAIL|FAIL,-0.600|-0.600|-0.600|-0.600|-0.600|-0.600|-0.600
OFF,-0.6,concordant,55090,195,all_resolved,,0.045168890010790955,0.0,FAIL|FAIL|FAIL|FAIL|FAIL|FAIL|PASS,-0.600|-0.600|-0.600|-0.600|-0.600|-0.600|-0.600
ON,-0.6,concordant,55091,194,all_resolved,,0.02488324081485335,0.0,FAIL|FAIL|FAIL|FAIL|FAIL|FAIL|FAIL,-0.600|-0.600|-0.600|-0.600|-0.600|-0.600|-0.600
OFF,-0.6,concordant,55091,181,all_resolved,,-5.757424544782217e-05,0.0,FAIL|FAIL|FAIL|FAIL|FAIL|FAIL|FAIL,-0.600|-0.600|-0.600|-0.600|-0.600|-0.600|-0.600
ON,-0.6,concordant,55092,209,all_resolved,,0.0346513062722024,0.0,FAIL|FAIL|FAIL|FAIL|FAIL|FAIL|FAIL,-0.600|-0.600|-0.600|-0.600|-0.600|-0.600|-0.600
OFF,-0.6,concordant,55092,300,bank_exhausted,,-0.010775969645523603,0.0,REFER_BORDERLINE|FAIL|FAIL|FAIL|FAIL|FAIL|FAIL,-0.600|-0.600|-0.600|-0.600|-0.600|-0.600|-0.600
ON,-0.6,concordant,55093,192,all_resolved,,0.002075843141941816,0.0,FAIL|FAIL|FAIL|FAIL|FAIL|FAIL|FAIL,-0.600|-0.600|-0.600|-0.600|-0.600|-0.600|-0.600
OFF,-0.6,concordant,55093,182,all_resolved,,0.007276753144615894,0.0,FAIL|FAIL|FAIL|FAIL|FAIL|FAIL|FAIL,-0.600|-0.600|-0.600|-0.600|-0.600|-0.600|-0.600
ON,-0.6,concordant,55094,186,all_resolved,,0.01664898808507863,0.0,FAIL|FAIL|FAIL|FAIL|FAIL|FAIL|FAIL,-0.600|-0.600|-0.600|-0.600|-0.600|-0.600|-0.600
OFF,-0.6,concordant,55094,181,all_resolved,,0.0037242508311952716,0.0,FAIL|FAIL|FAIL|FAIL|FAIL|FAIL|FAIL,-0.600|-0.600|-0.600|-0.600|-0.600|-0.600|-0.600
ON,-0.6,concordant,55095,201,all_resolved,,0.021600260248078314,0.0,FAIL|FAIL|FAIL|FAIL|FAIL|FAIL|FAIL,-0.600|-0.600|-0.600|-0.600|-0.600|-0.600|-0.600
OFF,-0.6,concordant,55095,215,all_resolved,,0.001334741266237198,0.0,FAIL|FAIL|FAIL|FAIL|FAIL|FAIL|FAIL,-0.600|-0.600|-0.600|-0.600|-0.600|-0.600|-0.600
ON,-0.6,concordant,55096,188,all_resolved,,0.0435607340106365,0.0,FAIL|FAIL|FAIL|FAIL|FAIL|FAIL|FAIL,-0.600|-0.600|-0.600|-0.600|-0.600|-0.600|-0.600
OFF,-0.6,concordant,55096,179,all_resolved,,0.0090045606855737,0.0,FAIL|FAIL|FAIL|FAIL|FAIL|FAIL|FAIL,-0.600|-0.600|-0.600|-0.600|-0.600|-0.600|-0.600
ON,-0.6,concordant,55097,229,all_resolved,,0.024169189492614453,0.0,FAIL|FAIL|FAIL|FAIL|FAIL|FAIL|FAIL,-0.600|-0.600|-0.600|-0.600|-0.600|-0.600|-0.600
OFF,-0.6,concordant,55097,271,all_resolved,,0.019598897667654547,0.0,FAIL|FAIL|FAIL|FAIL|FAIL|FAIL|FAIL,-0.600|-0.600|-0.600|-0.600|-0.600|-0.600|-0.600
ON,-0.6,concordant,55098,188,all_resolved,,0.049472689477588906,0.0,FAIL|FAIL|FAIL|FAIL|FAIL|FAIL|FAIL,-0.600|-0.600|-0.600|-0.600|-0.600|-0.600|-0.600
OFF,-0.6,concordant,55098,211,all_resolved,,-0.03586534268503621,0.0,FAIL|FAIL|FAIL|FAIL|FAIL|FAIL|FAIL,-0.600|-0.600|-0.600|-0.600|-0.600|-0.600|-0.600
ON,-0.6,concordant,55099,300,bank_exhausted,,0.01424566571690905,0.0,FAIL|REFER_BORDERLINE|FAIL|FAIL|FAIL|FAIL|FAIL,-0.600|-0.600|-0.600|-0.600|-0.600|-0.600|-0.600
OFF,-0.6,concordant,55099,287,all_resolved,,0.013862860737892748,0.0,FAIL|FAIL|FAIL|FAIL|FAIL|FAIL|FAIL,-0.600|-0.600|-0.600|-0.600|-0.600|-0.600|-0.600
ON,-0.6,concordant,55100,202,all_resolved,,0.025425479368344203,0.0,FAIL|FAIL|FAIL|FAIL|FAIL|FAIL|FAIL,-0.600|-0.600|-0.600|-0.600|-0.600|-0.600|-0.600
OFF,-0.6,concordant,55100,189,all_resolved,,-0.012945565904035278,0.0,FAIL|FAIL|FAIL|FAIL|FAIL|FAIL|FAIL,-0.600|-0.600|-0.600|-0.600|-0.600|-0.600|-0.600
ON,-0.6,concordant,55101,214,all_resolved,,0.024424762968057127,0.0,FAIL|FAIL|FAIL|FAIL|FAIL|FAIL|FAIL,-0.600|-0.600|-0.600|-0.600|-0.600|-0.600|-0.600
OFF,-0.6,concordant,55101,300,bank_exhausted,,0.010525106917838777,0.0,FAIL|REFER_BORDERLINE|FAIL|FAIL|FAIL|FAIL|FAIL,-0.600|-0.600|-0.600|-0.600|-0.600|-0.600|-0.600
ON,-0.6,concordant,55102,256,all_resolved,,0.009801010927254113,0.0,FAIL|FAIL|FAIL|FAIL|FAIL|FAIL|FAIL,-0.600|-0.600|-0.600|-0.600|-0.600|-0.600|-0.600
OFF,-0.6,concordant,55102,212,all_resolved,,0.0008670285283553835,0.0,FAIL|FAIL|FAIL|FAIL|FAIL|FAIL|FAIL,-0.600|-0.600|-0.600|-0.600|-0.600|-0.600|-0.600
ON,-0.6,concordant,55103,178,all_resolved,,0.009231195904480719,0.0,FAIL|FAIL|FAIL|FAIL|FAIL|FAIL|FAIL,-0.600|-0.600|-0.600|-0.600|-0.600|-0.600|-0.600
OFF,-0.6,concordant,55103,300,bank_exhausted,,0.017825568229606542,0.0,FAIL|REFER_BORDERLINE|FAIL|FAIL|FAIL|FAIL|FAIL,-0.600|-0.600|-0.600|-0.600|-0.600|-0.600|-0.600
ON,-0.6,concordant,55104,202,all_resolved,,0.0265442312554507,0.0,FAIL|FAIL|FAIL|FAIL|FAIL|FAIL|FAIL,-0.600|-0.600|-0.600|-0.600|-0.600|-0.600|-0.600
OFF,-0.6,concordant,55104,188,all_resolved,,0.009661360918903874,0.0,FAIL|FAIL|FAIL|FAIL|FAIL|FAIL|FAIL,-0.600|-0.600|-0.600|-0.600|-0.600|-0.600|-0.600
ON,-0.6,concordant,55105,235,all_resolved,,0.020950298300998912,0.0,FAIL|FAIL|FAIL|FAIL|FAIL|FAIL|FAIL,-0.600|-0.600|-0.600|-0.600|-0.600|-0.600|-0.600
OFF,-0.6,concordant,55105,221,all_resolved,,-0.0007740656408891463,0.0,FAIL|FAIL|FAIL|FAIL|FAIL|FAIL|FAIL,-0.600|-0.600|-0.600|-0.600|-0.600|-0.600|-0.600
ON,-0.6,concordant,55106,243,all_resolved,,-0.0048733131627661476,0.0,FAIL|FAIL|FAIL|FAIL|FAIL|FAIL|FAIL,-0.600|-0.600|-0.600|-0.600|-0.600|-0.600|-0.600
OFF,-0.6,concordant,55106,194,all_resolved,,0.035266378314637935,0.0,FAIL|FAIL|FAIL|FAIL|FAIL|FAIL|FAIL,-0.600|-0.600|-0.600|-0.600|-0.600|-0.600|-0.600
ON,-0.6,concordant,55107,188,all_resolved,,0.0206869676028701,0.0,FAIL|FAIL|FAIL|FAIL|FAIL|FAIL|FAIL,-0.600|-0.600|-0.600|-0.600|-0.600|-0.600|-0.600
OFF,-0.6,concordant,55107,195,all_resolved,,-0.011582348537924055,0.0,FAIL|FAIL|FAIL|FAIL|FAIL|FAIL|FAIL,-0.600|-0.600|-0.600|-0.600|-0.600|-0.600|-0.600
ON,-0.6,concordant,55108,229,all_resolved,,-0.000507309805049775,0.0,FAIL|FAIL|FAIL|FAIL|FAIL|FAIL|FAIL,-0.600|-0.600|-0.600|-0.600|-0.600|-0.600|-0.600
OFF,-0.6,concordant,55108,195,all_resolved,,-0.029080910857445665,0.0,FAIL|FAIL|FAIL|FAIL|FAIL|FAIL|FAIL,-0.600|-0.600|-0.600|-0.600|-0.600|-0.600|-0.600
ON,-0.6,concordant,55109,190,all_resolved,,0.0048283072353837286,0.0,FAIL|FAIL|FAIL|FAIL|FAIL|FAIL|FAIL,-0.600|-0.600|-0.600|-0.600|-0.600|-0.600|-0.600
OFF,-0.6,concordant,55109,200,all_resolved,,0.0055145668809161216,0.0,FAIL|FAIL|FAIL|FAIL|FAIL|FAIL|FAIL,-0.600|-0.600|-0.600|-0.600|-0.600|-0.600|-0.600
ON,-0.6,concordant,55110,245,all_resolved,,-0.005421391721334171,0.0,FAIL|FAIL|FAIL|FAIL|FAIL|FAIL|FAIL,-0.600|-0.600|-0.600|-0.600|-0.600|-0.600|-0.600
OFF,-0.6,concordant,55110,183,all_resolved,,0.016176847016750522,0.0,FAIL|FAIL|FAIL|FAIL|FAIL|FAIL|FAIL,-0.600|-0.600|-0.600|-0.600|-0.600|-0.600|-0.600
ON,-0.6,concordant,55111,187,all_resolved,,0.001902741375105875,0.0,FAIL|FAIL|FAIL|FAIL|FAIL|FAIL|FAIL,-0.600|-0.600|-0.600|-0.600|-0.600|-0.600|-0.600
OFF,-0.6,concordant,55111,186,all_resolved,,-0.020110755445115553,0.0,FAIL|FAIL|FAIL|FAIL|FAIL|FAIL|FAIL,-0.600|-0.600|-0.600|-0.600|-0.600|-0.600|-0.600
ON,-0.6,concordant,55112,198,all_resolved,,0.010964384365653496,0.0,FAIL|FAIL|FAIL|FAIL|FAIL|FAIL|FAIL,-0.600|-0.600|-0.600|-0.600|-0.600|-0.600|-0.600
OFF,-0.6,concordant,55112,188,all_resolved,,0.010792483120395137,0.0,FAIL|FAIL|FAIL|FAIL|FAIL|FAIL|FAIL,-0.600|-0.600|-0.600|-0.600|-0.600|-0.600|-0.600
ON,-0.6,concordant,55113,191,all_resolved,,0.052151352895545386,0.0,FAIL|FAIL|FAIL|FAIL|FAIL|FAIL|FAIL,-0.600|-0.600|-0.600|-0.600|-0.600|-0.600|-0.600
OFF,-0.6,concordant,55113,186,all_resolved,,-0.014685096583538105,0.0,FAIL|FAIL|FAIL|FAIL|FAIL|FAIL|FAIL,-0.600|-0.600|-0.600|-0.600|-0.600|-0.600|-0.600
ON,-0.6,concordant,55114,189,all_resolved,,0.041709843854975615,0.0,FAIL|FAIL|FAIL|FAIL|FAIL|FAIL|FAIL,-0.600|-0.600|-0.600|-0.600|-0.600|-0.600|-0.600
OFF,-0.6,concordant,55114,193,all_resolved,,-0.0035902568759554284,0.0,FAIL|FAIL|FAIL|FAIL|FAIL|FAIL|FAIL,-0.600|-0.600|-0.600|-0.600|-0.600|-0.600|-0.600
ON,-0.6,concordant,55115,179,all_resolved,,0.020350498621881367,0.0,FAIL|FAIL|FAIL|PASS|FAIL|FAIL|FAIL,-0.600|-0.600|-0.600|-0.600|-0.600|-0.600|-0.600
OFF,-0.6,concordant,55115,183,all_resolved,,0.003530787559939809,0.0,FAIL|FAIL|FAIL|FAIL|FAIL|FAIL|FAIL,-0.600|-0.600|-0.600|-0.600|-0.600|-0.600|-0.600
ON,-0.6,concordant,55116,300,bank_exhausted,,-0.010348123403085926,0.0,FAIL|FAIL|FAIL|FAIL|REFER_BORDERLINE|FAIL|FAIL,-0.600|-0.600|-0.600|-0.600|-0.600|-0.600|-0.600
OFF,-0.6,concordant,55116,188,all_resolved,,-0.007733521593831165,0.0,FAIL|FAIL|FAIL|FAIL|FAIL|FAIL|FAIL,-0.600|-0.600|-0.600|-0.600|-0.600|-0.600|-0.600
ON,-0.6,concordant,55117,190,all_resolved,,0.06307724117706696,0.0,FAIL|FAIL|FAIL|FAIL|FAIL|FAIL|FAIL,-0.600|-0.600|-0.600|-0.600|-0.600|-0.600|-0.600
OFF,-0.6,concordant,55117,185,all_resolved,,-0.019052282498918438,0.0,FAIL|FAIL|FAIL|FAIL|FAIL|FAIL|FAIL,-0.600|-0.600|-0.600|-0.600|-0.600|-0.600|-0.600
ON,-0.6,concordant,55118,245,all_resolved,,0.05163820317007786,0.0,FAIL|FAIL|FAIL|FAIL|FAIL|FAIL|FAIL,-0.600|-0.600|-0.600|-0.600|-0.600|-0.600|-0.600
OFF,-0.6,concordant,55118,196,all_resolved,,-0.008804314749440949,0.0,FAIL|FAIL|FAIL|FAIL|FAIL|FAIL|FAIL,-0.600|-0.600|-0.600|-0.600|-0.600|-0.600|-0.600
ON,-0.6,concordant,55119,199,all_resolved,,0.020672967308646036,0.0,FAIL|FAIL|FAIL|FAIL|FAIL|FAIL|FAIL,-0.600|-0.600|-0.600|-0.600|-0.600|-0.600|-0.600
OFF,-0.6,concordant,55119,185,all_resolved,,0.02966940891329278,0.0,FAIL|FAIL|FAIL|FAIL|FAIL|FAIL|FAIL,-0.600|-0.600|-0.600|-0.600|-0.600|-0.600|-0.600
ON,-0.6,discordant,55120,189,all_resolved,,0.0031754738437304764,0.0,PASS|FAIL|FAIL|FAIL|FAIL|FAIL|FAIL,0.052|-0.782|-1.209|-1.113|-0.212|-0.290|-0.017
OFF,-0.6,discordant,55120,300,bank_exhausted,,-0.010284003376299795,0.0,PASS|FAIL|FAIL|FAIL|FAIL|REFER_BORDERLINE|FAIL,0.052|-0.782|-1.209|-1.113|-0.212|-0.290|-0.017
ON,-0.6,discordant,55121,187,all_resolved,,0.03360755813143388,0.0,FAIL|FAIL|FAIL|FAIL|FAIL|FAIL|FAIL,-1.301|-1.549|-0.782|-1.312|-0.279|-0.155|-1.227
OFF,-0.6,discordant,55121,211,all_resolved,,0.0055628960857867634,0.0,FAIL|FAIL|FAIL|FAIL|FAIL|FAIL|FAIL,-1.301|-1.549|-0.782|-1.312|-0.279|-0.155|-1.227
ON,-0.6,discordant,55122,263,all_resolved,,-0.00662424589802435,0.0,FAIL|FAIL|FAIL|PASS|FAIL|FAIL|FAIL,-1.124|-0.237|-0.453|-0.330|-1.058|-0.458|-0.611
OFF,-0.6,discordant,55122,300,bank_exhausted,,0.03102408722977317,0.0,FAIL|REFER_BORDERLINE|FAIL|FAIL|FAIL|FAIL|FAIL,-1.124|-0.237|-0.453|-0.330|-1.058|-0.458|-0.611
ON,-0.6,discordant,55123,218,all_resolved,,0.015500909893128544,0.0,FAIL|FAIL|FAIL|FAIL|FAIL|FAIL|FAIL,-1.861|-0.111|-0.673|-1.066|-0.152|-0.173|-0.586
OFF,-0.6,discordant,55123,300,bank_exhausted,,-0.010515321912297542,0.0,FAIL|FAIL|FAIL|FAIL|FAIL|REFER_BORDERLINE|FAIL,-1.861|-0.111|-0.673|-1.066|-0.152|-0.173|-0.586
ON,-0.6,discordant,55124,229,all_resolved,,0.028111689552847888,0.0,FAIL|FAIL|FAIL|FAIL|FAIL|FAIL|FAIL,-1.564|-0.086|-0.880|0.072|-0.571|-1.520|-0.921
OFF,-0.6,discordant,55124,212,all_resolved,,-0.0157383335249953,0.0,FAIL|PASS|FAIL|FAIL|FAIL|FAIL|FAIL,-1.564|-0.086|-0.880|0.072|-0.571|-1.520|-0.921
ON,-0.6,discordant,55125,200,all_resolved,,-0.0022190009951371732,0.0,FAIL|FAIL|FAIL|FAIL|FAIL|FAIL|FAIL,-1.636|-1.124|-0.408|-0.427|-0.560|-1.406|-1.500
OFF,-0.6,discordant,55125,222,all_resolved,,-0.006380467988716694,0.0,FAIL|FAIL|FAIL|FAIL|FAIL|FAIL|FAIL,-1.636|-1.124|-0.408|-0.427|-0.560|-1.406|-1.500
ON,-0.6,discordant,55126,300,bank_exhausted,,0.022113057866652058,0.0,REFER_BORDERLINE|FAIL|FAIL|FAIL|FAIL|FAIL|FAIL,-0.374|0.051|-0.303|-1.124|-0.961|-0.984|-0.802
OFF,-0.6,discordant,55126,244,all_resolved,,-0.0008170959274206838,0.0,FAIL|FAIL|FAIL|FAIL|FAIL|FAIL|FAIL,-0.374|0.051|-0.303|-1.124|-0.961|-0.984|-0.802
ON,-0.6,discordant,55127,188,all_resolved,,0.040596679506122946,0.0,FAIL|FAIL|FAIL|FAIL|FAIL|FAIL|FAIL,-0.407|0.334|-0.574|-0.645|-0.359|-0.198|-0.601
OFF,-0.6,discordant,55127,300,bank_exhausted,,0.025839283298216265,0.0,FAIL|REFER_BORDERLINE|FAIL|FAIL|PASS|FAIL|FAIL,-0.407|0.334|-0.574|-0.645|-0.359|-0.198|-0.601
ON,-0.6,discordant,55128,253,all_resolved,,0.01134659453056782,0.0,FAIL|FAIL|FAIL|PASS|FAIL|FAIL|FAIL,-0.857|-0.193|-0.421|0.624|-0.501|-1.209|-0.834
OFF,-0.6,discordant,55128,300,bank_exhausted,,0.008036675346642399,0.0,FAIL|REFER_BORDERLINE|FAIL|PASS|FAIL|FAIL|FAIL,-0.857|-0.193|-0.421|0.624|-0.501|-1.209|-0.834
ON,-0.6,discordant,55129,245,all_resolved,,0.024879247884784947,0.0,FAIL|FAIL|FAIL|FAIL|FAIL|FAIL|FAIL,-0.511|-0.197|-2.151|-1.075|-0.552|-0.215|-1.109
OFF,-0.6,discordant,55129,240,all_resolved,,0.016100199081741588,0.0,FAIL|FAIL|FAIL|FAIL|FAIL|FAIL|FAIL,-0.511|-0.197|-2.151|-1.075|-0.552|-0.215|-1.109
ON,-0.6,discordant,55130,300,bank_exhausted,,0.03353325515011649,0.0,FAIL|REFER_BORDERLINE|FAIL|FAIL|FAIL|REFER_BORDERLINE|FAIL,-0.707|-0.311|-0.644|-1.930|-0.455|-0.218|-0.750
OFF,-0.6,discordant,55130,186,all_resolved,,-0.010398014053765739,0.0,FAIL|FAIL|FAIL|FAIL|FAIL|FAIL|FAIL,-0.707|-0.311|-0.644|-1.930|-0.455|-0.218|-0.750
ON,-0.6,discordant,55131,181,all_resolved,,0.026731197564623006,0.0,FAIL|FAIL|FAIL|FAIL|FAIL|FAIL|FAIL,-0.827|-0.880|-0.097|-0.710|-0.510|0.071|-0.602
OFF,-0.6,discordant,55131,241,all_resolved,,0.013954586681440532,0.0,FAIL|FAIL|FAIL|FAIL|FAIL|FAIL|FAIL,-0.827|-0.880|-0.097|-0.710|-0.510|0.071|-0.602
ON,-0.6,discordant,55132,300,bank_exhausted,,0.06335044742113811,0.0,FAIL|FAIL|FAIL|FAIL|FAIL|FAIL|REFER_BORDERLINE,-1.275|-1.151|-1.385|-0.835|-0.697|-0.515|0.476
OFF,-0.6,discordant,55132,210,all_resolved,,-0.006453666383573779,0.0,FAIL|FAIL|FAIL|FAIL|FAIL|FAIL|FAIL,-1.275|-1.151|-1.385|-0.835|-0.697|-0.515|0.476
ON,-0.6,discordant,55133,300,bank_exhausted,,0.017581491200028155,0.0,REFER_BORDERLINE|FAIL|FAIL|FAIL|FAIL|FAIL|FAIL,0.041|-0.589|-0.309|-0.022|-0.756|0.423|-0.510
OFF,-0.6,discordant,55133,300,bank_exhausted,,-0.006891149419510241,0.0,REFER_BORDERLINE|FAIL|FAIL|REFER_BORDERLINE|FAIL|REFER_BORDERLINE|FAIL,0.041|-0.589|-0.309|-0.022|-0.756|0.423|-0.510
ON,-0.6,discordant,55134,300,bank_exhausted,,0.029688362443258835,0.0,FAIL|FAIL|FAIL|REFER_BORDERLINE|FAIL|FAIL|FAIL,-0.111|-0.085|-1.562|0.649|-0.916|-0.251|-1.581
OFF,-0.6,discordant,55134,218,all_resolved,,0.007420028272127878,0.0,FAIL|FAIL|FAIL|PASS|FAIL|FAIL|FAIL,-0.111|-0.085|-1.562|0.649|-0.916|-0.251|-1.581
ON,-0.6,discordant,55135,300,bank_exhausted,,-0.008549582902677304,0.0,REFER_BORDERLINE|FAIL|FAIL|FAIL|FAIL|FAIL|FAIL,-0.443|-1.095|-0.587|-1.000|-1.489|-0.256|-1.431
OFF,-0.6,discordant,55135,239,all_resolved,,0.025262179041474157,0.0,FAIL|FAIL|FAIL|FAIL|FAIL|PASS|FAIL,-0.443|-1.095|-0.587|-1.000|-1.489|-0.256|-1.431
ON,-0.6,discordant,55136,230,all_resolved,,0.032046638811540976,0.0,FAIL|FAIL|FAIL|FAIL|FAIL|FAIL|FAIL,-1.155|-1.196|-0.896|-0.332|-0.685|-0.531|0.133
OFF,-0.6,discordant,55136,181,all_resolved,,-0.01264385896699868,0.0,FAIL|FAIL|FAIL|FAIL|FAIL|FAIL|PASS,-1.155|-1.196|-0.896|-0.332|-0.685|-0.531|0.133
ON,-0.6,discordant,55137,196,all_resolved,,0.008089110218103494,0.0,PASS|FAIL|FAIL|FAIL|FAIL|FAIL|FAIL,1.075|-0.516|-2.130|-0.720|-0.080|0.461|-0.076
OFF,-0.6,discordant,55137,198,all_resolved,,-0.03275678761490037,0.0,PASS|FAIL|FAIL|FAIL|FAIL|FAIL|FAIL,1.075|-0.516|-2.130|-0.720|-0.080|0.461|-0.076
ON,-0.6,discordant,55138,212,all_resolved,,0.01756512523723371,0.0,FAIL|FAIL|FAIL|FAIL|FAIL|FAIL|FAIL,-0.402|-0.507|-0.888|-0.603|-0.689|-0.744|-0.941
OFF,-0.6,discordant,55138,205,all_resolved,,-0.002015932549807346,0.0,FAIL|FAIL|FAIL|FAIL|FAIL|FAIL|FAIL,-0.402|-0.507|-0.888|-0.603|-0.689|-0.744|-0.941
ON,-0.6,discordant,55139,300,bank_exhausted,,-0.003477708682780422,0.0,FAIL|FAIL|REFER_BORDERLINE|FAIL|FAIL|FAIL|FAIL,-0.849|-0.991|0.475|-0.208|-1.061|-1.265|-1.135
OFF,-0.6,discordant,55139,214,all_resolved,,-0.0005325469513528263,0.0,FAIL|FAIL|PASS|FAIL|FAIL|FAIL|FAIL,-0.849|-0.991|0.475|-0.208|-1.061|-1.265|-1.135
ON,-0.6,discordant,55140,215,all_resolved,215,0.005868916959296196,0.0,FAIL|FAIL|FAIL|FAIL|FAIL|FAIL|FAIL,-0.938|-1.596|-1.169|-1.083|-1.072|-1.029|-0.460
OFF,-0.6,discordant,55140,214,all_resolved,,-0.01804980730220334,0.0,FAIL|FAIL|FAIL|FAIL|FAIL|FAIL|FAIL,-0.938|-1.596|-1.169|-1.083|-1.072|-1.029|-0.460
ON,-0.6,discordant,55141,300,bank_exhausted,,0.023545659148353347,0.0,REFER_BORDERLINE|FAIL|FAIL|FAIL|FAIL|FAIL|FAIL,0.442|-1.228|0.066|0.444|-1.095|-0.463|-0.927
OFF,-0.6,discordant,55141,276,all_resolved,,0.012250870693012863,0.0,PASS|FAIL|FAIL|PASS|FAIL|FAIL|FAIL,0.442|-1.228|0.066|0.444|-1.095|-0.463|-0.927
ON,-0.6,discordant,55142,188,all_resolved,,0.007421250105917402,0.0,FAIL|FAIL|FAIL|FAIL|FAIL|FAIL|PASS,-1.165|-0.959|-0.940|-1.309|-0.728|-0.461|-0.194
OFF,-0.6,discordant,55142,194,all_resolved,,0.0023042355596802795,0.0,FAIL|FAIL|FAIL|FAIL|FAIL|FAIL|FAIL,-1.165|-0.959|-0.940|-1.309|-0.728|-0.461|-0.194
ON,-0.6,discordant,55143,256,all_resolved,,0.027553150348217797,0.0,FAIL|FAIL|FAIL|FAIL|FAIL|FAIL|FAIL,-0.738|-0.580|-1.075|-0.484|-0.539|-0.984|-1.904
OFF,-0.6,discordant,55143,177,all_resolved,,0.013084221247895468,0.0,FAIL|FAIL|FAIL|FAIL|FAIL|FAIL|FAIL,-0.738|-0.580|-1.075|-0.484|-0.539|-0.984|-1.904
ON,-0.6,discordant,55144,237,all_resolved,,0.004541010162530219,0.0,FAIL|PASS|FAIL|FAIL|FAIL|FAIL|FAIL,-1.466|-0.531|-0.263|-0.817|-0.180|-1.104|-1.054
OFF,-0.6,discordant,55144,200,all_resolved,,-0.028633274904573205,0.0,FAIL|FAIL|FAIL|FAIL|FAIL|FAIL|FAIL,-1.466|-0.531|-0.263|-0.817|-0.180|-1.104|-1.054
ON,-0.6,discordant,55145,182,all_resolved,,0.007136813218755092,0.0,FAIL|FAIL|FAIL|FAIL|FAIL|FAIL|FAIL,-1.513|-1.191|0.250|-0.106|-1.709|-0.997|-0.462
OFF,-0.6,discordant,55145,300,bank_exhausted,,0.009888248586255319,0.0,FAIL|FAIL|REFER_BORDERLINE|FAIL|FAIL|FAIL|FAIL,-1.513|-1.191|0.250|-0.106|-1.709|-0.997|-0.462
ON,-0.6,discordant,55146,209,all_resolved,209,-8.36882118894482e-05,0.0,FAIL|FAIL|FAIL|FAIL|FAIL|FAIL|FAIL,-0.368|-1.114|-0.900|-1.153|-0.154|-1.192|-0.943
OFF,-0.6,discordant,55146,202,all_resolved,,-0.020975571724957457,0.0,FAIL|PASS|FAIL|FAIL|FAIL|FAIL|FAIL,-0.368|-1.114|-0.900|-1.153|-0.154|-1.192|-0.943
ON,-0.6,discordant,55147,196,all_resolved,,0.019762926964454648,0.0,FAIL|PASS|FAIL|FAIL|FAIL|FAIL|FAIL,-0.324|0.439|-0.219|-1.748|-0.451|-0.601|-0.721
OFF,-0.6,discordant,55147,227,all_resolved,,-0.015656788686565344,0.0,FAIL|PASS|FAIL|FAIL|FAIL|FAIL|FAIL,-0.324|0.439|-0.219|-1.748|-0.451|-0.601|-0.721
ON,-0.6,discordant,55148,197,all_resolved,,0.005128723071453685,0.0,FAIL|FAIL|FAIL|FAIL|FAIL|FAIL|FAIL,-0.286|-1.153|-0.969|-1.213|-1.589|-0.608|-0.424
OFF,-0.6,discordant,55148,186,all_resolved,,-1.6421568034860252e-05,0.0,FAIL|FAIL|FAIL|FAIL|FAIL|FAIL|FAIL,-0.286|-1.153|-0.969|-1.213|-1.589|-0.608|-0.424
ON,-0.6,discordant,55149,300,bank_exhausted,,0.015194006198853142,0.0,PASS|FAIL|FAIL|REFER_BORDERLINE|FAIL|FAIL|PASS,-0.446|-1.043|-0.485|-0.083|-0.299|-1.761|0.412
OFF,-0.6,discordant,55149,197,all_resolved,,-0.00022853188006599395,0.0,PASS|FAIL|FAIL|PASS|FAIL|FAIL|PASS,-0.446|-1.043|-0.485|-0.083|-0.299|-1.761|0.412
ON,-0.6,discordant,55150,257,all_resolved,,-0.0008031968010291297,0.0,FAIL|FAIL|FAIL|FAIL|FAIL|FAIL|FAIL,-0.872|-0.602|-0.892|-1.649|-0.479|0.019|0.078
OFF,-0.6,discordant,55150,227,all_resolved,,0.0010999026916960603,0.0,FAIL|FAIL|FAIL|FAIL|FAIL|FAIL|PASS,-0.872|-0.602|-0.892|-1.649|-0.479|0.019|0.078
ON,-0.6,discordant,55151,193,all_resolved,,0.029226935357544653,0.0,FAIL|FAIL|FAIL|FAIL|FAIL|PASS|FAIL,-1.425|-0.566|-0.586|-1.343|0.026|-0.318|-0.782
OFF,-0.6,discordant,55151,238,all_resolved,,0.018826848475583094,0.0,FAIL|FAIL|FAIL|FAIL|FAIL|FAIL|FAIL,-1.425|-0.566|-0.586|-1.343|0.026|-0.318|-0.782
ON,-0.6,discordant,55152,185,all_resolved,,0.00016241989954942433,0.0,FAIL|PASS|FAIL|FAIL|FAIL|FAIL|FAIL,-0.768|-0.193|-0.934|-0.297|-1.289|-0.282|-0.942
OFF,-0.6,discordant,55152,300,bank_exhausted,,0.018950874781083715,0.0,FAIL|FAIL|FAIL|REFER_BORDERLINE|FAIL|REFER_BORDERLINE|FAIL,-0.768|-0.193|-0.934|-0.297|-1.289|-0.282|-0.942
ON,-0.6,discordant,55153,183,all_resolved,,0.029228061928156846,0.0,FAIL|FAIL|FAIL|FAIL|FAIL|FAIL|FAIL,-0.042|-0.156|-0.981|0.027|-0.591|-0.264|-0.414
OFF,-0.6,discordant,55153,196,all_resolved,,-0.013138473442363473,0.0,FAIL|FAIL|FAIL|FAIL|FAIL|FAIL|FAIL,-0.042|-0.156|-0.981|0.027|-0.591|-0.264|-0.414
ON,-0.6,discordant,55154,300,bank_exhausted,,0.003797724854072315,0.0,FAIL|REFER_BORDERLINE|FAIL|FAIL|FAIL|FAIL|FAIL,-1.059|-0.393|-0.586|-0.204|-1.220|-1.050|-1.276
OFF,-0.6,discordant,55154,300,bank_exhausted,,-0.03327755916663774,0.0,FAIL|FAIL|REFER_BORDERLINE|FAIL|FAIL|FAIL|FAIL,-1.059|-0.393|-0.586|-0.204|-1.220|-1.050|-1.276
ON,-0.6,discordant,55155,184,all_resolved,,0.04937286061864454,0.0,FAIL|FAIL|FAIL|FAIL|FAIL|FAIL|FAIL,-0.655|-0.305|-0.366|-0.332|-1.084|-0.493|-0.980
OFF,-0.6,discordant,55155,300,bank_exhausted,,-0.0017434138357966514,0.0,FAIL|REFER_BORDERLINE|FAIL|FAIL|FAIL|FAIL|FAIL,-0.655|-0.305|-0.366|-0.332|-1.084|-0.493|-0.980
ON,-0.6,discordant,55156,300,bank_exhausted,,0.006428615692858519,0.0,FAIL|REFER_BORDERLINE|FAIL|FAIL|REFER_BORDERLINE|FAIL|FAIL,-0.613|-0.943|1.070|-0.273|-0.197|-0.797|0.215
OFF,-0.6,discordant,55156,238,all_resolved,,0.022216683375574725,0.0,FAIL|FAIL|PASS|FAIL|FAIL|FAIL|PASS,-0.613|-0.943|1.070|-0.273|-0.197|-0.797|0.215
ON,-0.6,discordant,55157,191,all_resolved,,0.013014477231822868,0.0,FAIL|FAIL|FAIL|FAIL|FAIL|FAIL|FAIL,-1.673|-1.056|-0.530|0.389|-0.234|-1.826|-1.627
OFF,-0.6,discordant,55157,186,all_resolved,,-0.023404387627597955,0.0,FAIL|FAIL|FAIL|FAIL|FAIL|FAIL|FAIL,-1.673|-1.056|-0.530|0.389|-0.234|-1.826|-1.627
ON,-0.6,discordant,55158,244,all_resolved,,0.004209030357831124,0.0,FAIL|FAIL|FAIL|FAIL|FAIL|FAIL|FAIL,-1.795|-0.096|-0.396|-0.620|-0.235|-1.298|-0.768
OFF,-0.6,discordant,55158,300,bank_exhausted,,0.015056833613856554,0.0,FAIL|REFER_BORDERLINE|FAIL|FAIL|FAIL|FAIL|FAIL,-1.795|-0.096|-0.396|-0.620|-0.235|-1.298|-0.768
ON,-0.6,discordant,55159,300,bank_exhausted,,0.005225154895845808,0.0,FAIL|REFER_BORDERLINE|FAIL|FAIL|FAIL|FAIL|FAIL,-0.513|-0.100|-1.204|-0.845|-1.613|-0.192|-1.967
OFF,-0.6,discordant,55159,202,all_resolved,,0.0077650032053366395,0.0,FAIL|PASS|FAIL|FAIL|FAIL|FAIL|FAIL,-0.513|-0.100|-1.204|-0.845|-1.613|-0.192|-1.967
ON,-0.6,discordant,55160,300,bank_exhausted,,0.047518111940498986,0.0,FAIL|FAIL|FAIL|FAIL|FAIL|REFER_BORDERLINE|FAIL,0.428|-1.008|-1.066|-0.368|-1.181|0.390|-0.016
OFF,-0.6,discordant,55160,212,all_resolved,,0.026963139160165656,0.0,FAIL|FAIL|FAIL|FAIL|FAIL|FAIL|PASS,0.428|-1.008|-1.066|-0.368|-1.181|0.390|-0.016
ON,-0.6,discordant,55161,203,all_resolved,,-0.0035754297173131782,0.0,FAIL|FAIL|FAIL|FAIL|FAIL|FAIL|FAIL,-0.049|-0.485|-0.768|-0.377|-0.968|-0.287|-0.587
OFF,-0.6,discordant,55161,249,all_resolved,,0.006592538286651149,0.0,FAIL|FAIL|FAIL|FAIL|FAIL|FAIL|FAIL,-0.049|-0.485|-0.768|-0.377|-0.968|-0.287|-0.587
ON,-0.6,discordant,55162,300,bank_exhausted,,0.013001863847357248,0.0,PASS|REFER_BORDERLINE|FAIL|FAIL|FAIL|FAIL|FAIL,0.377|0.664|-0.062|-1.884|-1.760|-1.240|-0.730
OFF,-0.6,discordant,55162,300,bank_exhausted,,-0.0015722274299624357,0.0,REFER_BORDERLINE|PASS|FAIL|FAIL|FAIL|FAIL|FAIL,0.377|0.664|-0.062|-1.884|-1.760|-1.240|-0.730
ON,-0.6,discordant,55163,300,bank_exhausted,,0.048841063805500164,0.0,FAIL|FAIL|FAIL|FAIL|FAIL|FAIL|REFER_BORDERLINE,-0.929|-0.606|-0.459|-0.277|-1.305|-0.040|0.071
OFF,-0.6,discordant,55163,300,bank_exhausted,,0.0015548528594144138,0.0,REFER_BORDERLINE|FAIL|FAIL|FAIL|FAIL|FAIL|FAIL,-0.929|-0.606|-0.459|-0.277|-1.305|-0.040|0.071
ON,-0.6,discordant,55164,183,all_resolved,,0.018623199463059965,0.0,FAIL|FAIL|FAIL|FAIL|FAIL|FAIL|FAIL,-0.547|-0.431|-0.906|-1.344|-0.762|-0.589|-0.815
OFF,-0.6,discordant,55164,280,all_resolved,,0.012839691533659804,0.0,FAIL|FAIL|FAIL|FAIL|FAIL|FAIL|FAIL,-0.547|-0.431|-0.906|-1.344|-0.762|-0.589|-0.815
ON,-0.6,discordant,55165,300,bank_exhausted,,0.008330710340976372,0.0,FAIL|FAIL|FAIL|FAIL|REFER_BORDERLINE|REFER_BORDERLINE|FAIL,-0.825|-0.212|-1.120|-0.197|0.296|0.185|-0.626
OFF,-0.6,discordant,55165,300,bank_exhausted,,0.008603822612481216,0.0,FAIL|FAIL|FAIL|REFER_BORDERLINE|REFER_BORDERLINE|PASS|FAIL,-0.825|-0.212|-1.120|-0.197|0.296|0.185|-0.626
ON,-0.6,discordant,55166,300,bank_exhausted,,-0.029662750059649863,0.0,FAIL|REFER_BORDERLINE|FAIL|FAIL|REFER_BORDERLINE|FAIL|FAIL,-0.698|-0.341|-1.095|-1.188|0.236|0.648|-0.479
OFF,-0.6,discordant,55166,300,bank_exhausted,,-0.012528162394415378,0.0,FAIL|FAIL|FAIL|FAIL|PASS|REFER_BORDERLINE|FAIL,-0.698|-0.341|-1.095|-1.188|0.236|0.648|-0.479
ON,-0.6,discordant,55167,202,all_resolved,202,0.004501056150405645,0.0,FAIL|FAIL|FAIL|FAIL|FAIL|FAIL|FAIL,-1.626|-1.055|-1.549|-1.367|-0.547|-0.383|-1.531
OFF,-0.6,discordant,55167,257,all_resolved,,0.0038206150640159387,0.0,FAIL|FAIL|FAIL|FAIL|FAIL|FAIL|FAIL,-1.626|-1.055|-1.549|-1.367|-0.547|-0.383|-1.531
ON,-0.6,discordant,55168,193,all_resolved,193,0.03930982492285716,0.0,FAIL|FAIL|FAIL|FAIL|FAIL|FAIL|FAIL,-0.532|-1.643|-0.949|-1.072|-1.382|-0.142|-1.527
OFF,-0.6,discordant,55168,194,all_resolved,,0.011896454758644523,0.0,FAIL|FAIL|FAIL|FAIL|FAIL|FAIL|FAIL,-0.532|-1.643|-0.949|-1.072|-1.382|-0.142|-1.527
ON,-0.6,discordant,55169,184,all_resolved,,0.022368292243295985,0.0,FAIL|FAIL|FAIL|FAIL|FAIL|FAIL|FAIL,-1.241|-0.248|-0.444|-1.617|0.362|-0.179|-0.119
OFF,-0.6,discordant,55169,300,bank_exhausted,,0.019620969929821586,0.0,FAIL|PASS|FAIL|FAIL|REFER_BORDERLINE|FAIL|FAIL,-1.241|-0.248|-0.444|-1.617|0.362|-0.179|-0.119
ON,-0.6,discordant,55170,300,bank_exhausted,,0.004817728647821072,0.0,REFER_BORDERLINE|FAIL|FAIL|REFER_BORDERLINE|FAIL|FAIL|FAIL,0.036|-0.632|-0.556|0.062|-0.318|-0.984|-1.140
OFF,-0.6,discordant,55170,300,bank_exhausted,,0.004456026545083464,0.0,PASS|FAIL|FAIL|REFER_BORDERLINE|FAIL|FAIL|FAIL,0.036|-0.632|-0.556|0.062|-0.318|-0.984|-1.140
ON,-0.6,discordant,55171,300,bank_exhausted,,0.045901196772610314,0.0,FAIL|FAIL|FAIL|REFER_BORDERLINE|FAIL|FAIL|FAIL,-0.773|-1.894|-0.110|-0.347|-0.355|0.208|-1.459
OFF,-0.6,discordant,55171,206,all_resolved,,-0.0038517084383137014,0.0,FAIL|FAIL|FAIL|FAIL|FAIL|FAIL|FAIL,-0.773|-1.894|-0.110|-0.347|-0.355|0.208|-1.459
ON,-0.6,discordant,55172,195,all_resolved,,0.037464189564194,0.0,FAIL|FAIL|FAIL|FAIL|FAIL|FAIL|FAIL,-0.788|-0.515|-0.321|-0.464|-0.265|-0.886|-0.589
OFF,-0.6,discordant,55172,185,all_resolved,,0.016758835104500897,0.0,FAIL|FAIL|FAIL|FAIL|FAIL|FAIL|FAIL,-0.788|-0.515|-0.321|-0.464|-0.265|-0.886|-0.589
ON,-0.6,discordant,55173,208,all_resolved,,0.026625385577024745,0.0,FAIL|FAIL|FAIL|FAIL|FAIL|FAIL|FAIL,-0.985|-1.036|-1.192|0.322|-0.545|-0.993|-0.157
OFF,-0.6,discordant,55173,300,bank_exhausted,,-0.02607674913938823,0.0,FAIL|REFER_BORDERLINE|FAIL|FAIL|FAIL|FAIL|FAIL,-0.985|-1.036|-1.192|0.322|-0.545|-0.993|-0.157
ON,-0.6,discordant,55174,184,all_resolved,,0.01816544458891966,0.0,FAIL|FAIL|FAIL|FAIL|FAIL|FAIL|FAIL,-1.509|-0.782|-0.396|0.021|-0.825|-0.683|-1.224
OFF,-0.6,discordant,55174,255,all_resolved,,-0.004918373395220573,0.0,FAIL|FAIL|FAIL|FAIL|FAIL|FAIL|FAIL,-1.509|-0.782|-0.396|0.021|-0.825|-0.683|-1.224
ON,-0.6,discordant,55175,218,all_resolved,,0.027046936997167544,0.0,FAIL|FAIL|FAIL|FAIL|FAIL|FAIL|FAIL,-1.061|-0.280|0.230|-0.031|-1.378|-0.590|-1.915
OFF,-0.6,discordant,55175,202,all_resolved,,0.001717519202415168,0.0,FAIL|FAIL|FAIL|FAIL|FAIL|FAIL|FAIL,-1.061|-0.280|0.230|-0.031|-1.378|-0.590|-1.915
ON,-0.6,discordant,55176,228,all_resolved,,0.03143054850799297,0.0,FAIL|FAIL|FAIL|FAIL|FAIL|FAIL|FAIL,-0.290|-0.674|-1.824|-0.616|-1.028|-0.913|-0.048
OFF,-0.6,discordant,55176,300,bank_exhausted,,-0.0018309754113864855,0.0,FAIL|FAIL|FAIL|FAIL|FAIL|FAIL|REFER_BORDERLINE,-0.290|-0.674|-1.824|-0.616|-1.028|-0.913|-0.048
ON,-0.6,discordant,55177,300,bank_exhausted,,0.015020873283257116,0.0,FAIL|FAIL|FAIL|FAIL|FAIL|FAIL|REFER_BORDERLINE,-1.449|-0.318|0.113|0.164|0.229|-0.473|0.505
OFF,-0.6,discordant,55177,300,bank_exhausted,,0.01411670249917808,0.0,FAIL|FAIL|FAIL|REFER_BORDERLINE|FAIL|FAIL|PASS,-1.449|-0.318|0.113|0.164|0.229|-0.473|0.505
ON,-0.6,discordant,55178,300,bank_exhausted,,0.017454885516336786,0.0,FAIL|FAIL|FAIL|FAIL|FAIL|FAIL|REFER_BORDERLINE,-0.633|-0.404|-1.020|-0.560|-1.079|-1.259|-0.014
OFF,-0.6,discordant,55178,178,all_resolved,,-0.017801325200043884,0.0,FAIL|FAIL|FAIL|FAIL|FAIL|FAIL|FAIL,-0.633|-0.404|-1.020|-0.560|-1.079|-1.259|-0.014
ON,-0.6,discordant,55179,222,all_resolved,,0.01794155970839791,0.0,FAIL|FAIL|FAIL|FAIL|FAIL|FAIL|FAIL,-0.639|-0.499|-0.921|-0.296|-0.044|-0.388|-0.046
OFF,-0.6,discordant,55179,300,bank_exhausted,,0.012934245548899988,0.0,FAIL|FAIL|FAIL|FAIL|FAIL|FAIL|REFER_BORDERLINE,-0.639|-0.499|-0.921|-0.296|-0.044|-0.388|-0.046
ON,-0.6,discordant,55180,286,all_resolved,,0.004248270206834397,0.0,FAIL|FAIL|PASS|FAIL|FAIL|FAIL|FAIL,0.206|-1.145|0.347|-0.546|-0.749|-0.948|0.805
OFF,-0.6,discordant,55180,300,bank_exhausted,,-0.016623554285863124,0.0,FAIL|FAIL|REFER_BORDERLINE|FAIL|FAIL|FAIL|PASS,0.206|-1.145|0.347|-0.546|-0.749|-0.948|0.805
ON,-0.6,discordant,55181,199,all_resolved,199,0.04379202852657867,0.0,PASS|FAIL|FAIL|FAIL|FAIL|FAIL|FAIL,1.294|-0.433|-0.758|-0.367|-0.751|-1.096|-0.688
OFF,-0.6,discordant,55181,174,all_resolved,,-0.0018328004331419933,0.0,PASS|FAIL|FAIL|FAIL|FAIL|FAIL|FAIL,1.294|-0.433|-0.758|-0.367|-0.751|-1.096|-0.688
ON,-0.6,discordant,55182,260,all_resolved,,0.023193782358470187,0.0,FAIL|FAIL|FAIL|FAIL|FAIL|FAIL|FAIL,-1.125|-0.955|-1.140|-0.803|-0.150|-0.357|-1.689
OFF,-0.6,discordant,55182,230,all_resolved,,-0.031917669824959465,0.0,FAIL|FAIL|FAIL|FAIL|FAIL|FAIL|FAIL,-1.125|-0.955|-1.140|-0.803|-0.150|-0.357|-1.689
ON,-0.6,discordant,55183,300,bank_exhausted,,-0.01624730464198689,0.0,REFER_BORDERLINE|FAIL|FAIL|FAIL|FAIL|FAIL|FAIL,-0.342|-1.115|-0.038|-1.004|-0.663|-0.713|-0.583
OFF,-0.6,discordant,55183,300,bank_exhausted,,-0.007272592726350098,0.0,REFER_BORDERLINE|FAIL|FAIL|FAIL|FAIL|FAIL|FAIL,-0.342|-1.115|-0.038|-1.004|-0.663|-0.713|-0.583
ON,-0.6,discordant,55184,300,bank_exhausted,,-0.004920935213855365,0.0,FAIL|FAIL|REFER_BORDERLINE|FAIL|FAIL|FAIL|FAIL,-0.441|-0.661|0.351|-0.364|-0.392|-0.565|-0.199
OFF,-0.6,discordant,55184,300,bank_exhausted,,0.008234672811531927,0.0,FAIL|FAIL|REFER_BORDERLINE|FAIL|FAIL|REFER_BORDERLINE|FAIL,-0.441|-0.661|0.351|-0.364|-0.392|-0.565|-0.199
ON,-0.6,discordant,55185,300,bank_exhausted,,0.025698761754000453,0.0,REFER_BORDERLINE|FAIL|FAIL|FAIL|REFER_BORDERLINE|FAIL|FAIL,0.206|-0.082|-0.913|-1.579|-0.174|-0.731|-0.470
OFF,-0.6,discordant,55185,300,bank_exhausted,,0.014620257669732453,0.0,REFER_BORDERLINE|REFER_BORDERLINE|FAIL|FAIL|FAIL|FAIL|FAIL,0.206|-0.082|-0.913|-1.579|-0.174|-0.731|-0.470
ON,-0.6,discordant,55186,300,bank_exhausted,,0.018876754330075688,0.0,FAIL|FAIL|FAIL|FAIL|FAIL|REFER_BORDERLINE|FAIL,-0.805|-1.160|0.512|-1.495|-0.521|0.157|-0.659
OFF,-0.6,discordant,55186,300,bank_exhausted,,0.00256354751489788,0.0,FAIL|FAIL|PASS|FAIL|FAIL|REFER_BORDERLINE|FAIL,-0.805|-1.160|0.512|-1.495|-0.521|0.157|-0.659
ON,-0.6,discordant,55187,208,all_resolved,,0.03128490404934753,0.0,FAIL|FAIL|FAIL|FAIL|FAIL|FAIL|FAIL,0.006|-0.346|-1.086|-0.420|-0.839|-0.484|-1.474
OFF,-0.6,discordant,55187,192,all_resolved,,0.00119255584623971,0.0,FAIL|FAIL|FAIL|FAIL|FAIL|FAIL|FAIL,0.006|-0.346|-1.086|-0.420|-0.839|-0.484|-1.474
ON,-0.6,discordant,55188,300,bank_exhausted,,0.0062931197456062345,0.0,FAIL|FAIL|FAIL|REFER_BORDERLINE|FAIL|FAIL|FAIL,-1.071|-2.152|0.342|0.190|-1.120|0.148|-0.162
OFF,-0.6,discordant,55188,283,all_resolved,,-0.014118705084559216,0.0,FAIL|FAIL|PASS|FAIL|FAIL|FAIL|FAIL,-1.071|-2.152|0.342|0.190|-1.120|0.148|-0.162
ON,-0.6,discordant,55189,300,bank_exhausted,,0.012824231448330104,0.0,FAIL|FAIL|FAIL|FAIL|FAIL|FAIL|REFER_BORDERLINE,-1.134|-0.863|-0.952|0.034|0.543|-0.508|-0.181
OFF,-0.6,discordant,55189,300,bank_exhausted,,-0.01331111599539078,0.0,FAIL|FAIL|FAIL|FAIL|REFER_BORDERLINE|FAIL|FAIL,-1.134|-0.863|-0.952|0.034|0.543|-0.508|-0.181
ON,-0.6,discordant,55190,230,all_resolved,,0.011887118949824095,0.0,FAIL|PASS|FAIL|FAIL|FAIL|FAIL|FAIL,-0.037|0.463|-0.658|-0.328|-0.792|-0.719|-0.948
OFF,-0.6,discordant,55190,300,bank_exhausted,,-0.014867041814527653,0.0,REFER_BORDERLINE|PASS|FAIL|FAIL|FAIL|FAIL|FAIL,-0.037|0.463|-0.658|-0.328|-0.792|-0.719|-0.948
ON,-0.6,discordant,55191,206,all_resolved,,0.04449904141786171,0.0,FAIL|FAIL|FAIL|FAIL|FAIL|FAIL|FAIL,-0.357|-0.445|-1.331|-0.039|0.179|-0.270|-0.986
OFF,-0.6,discordant,55191,282,all_resolved,,0.008984737814172968,0.0,FAIL|FAIL|FAIL|FAIL|FAIL|FAIL|FAIL,-0.357|-0.445|-1.331|-0.039|0.179|-0.270|-0.986
ON,-0.6,discordant,55192,174,all_resolved,,0.06030027667642507,0.0,FAIL|FAIL|FAIL|FAIL|FAIL|FAIL|FAIL,-0.789|-0.796|-0.093|-1.428|-0.798|-0.554|-1.036
OFF,-0.6,discordant,55192,230,all_resolved,,0.005834279344485434,0.0,FAIL|FAIL|FAIL|FAIL|FAIL|FAIL|FAIL,-0.789|-0.796|-0.093|-1.428|-0.798|-0.554|-1.036
ON,-0.6,discordant,55193,194,all_resolved,,0.036067725138524444,0.0,FAIL|FAIL|FAIL|FAIL|FAIL|FAIL|FAIL,-0.544|-0.565|-0.855|-0.392|-0.406|-0.571|0.038
OFF,-0.6,discordant,55193,300,bank_exhausted,,0.03110017191516201,0.0,FAIL|FAIL|FAIL|FAIL|FAIL|FAIL|REFER_BORDERLINE,-0.544|-0.565|-0.855|-0.392|-0.406|-0.571|0.038
ON,-0.6,discordant,55194,300,bank_exhausted,,0.014718603497429757,0.0,FAIL|FAIL|FAIL|FAIL|FAIL|FAIL|REFER_BORDERLINE,-1.961|-0.359|-0.170|-0.588|-1.298|-0.439|0.436
OFF,-0.6,discordant,55194,300,bank_exhausted,,-0.003107964234640854,0.0,FAIL|FAIL|FAIL|FAIL|FAIL|FAIL|REFER_BORDERLINE,-1.961|-0.359|-0.170|-0.588|-1.298|-0.439|0.436
ON,-0.6,discordant,55195,195,all_resolved,,0.026784112516060225,0.0,FAIL|FAIL|FAIL|FAIL|FAIL|FAIL|FAIL,-0.896|-0.875|-0.613|-0.332|-1.327|-0.837|-0.972
OFF,-0.6,discordant,55195,196,all_resolved,,-0.035634555704839886,0.0,FAIL|FAIL|FAIL|FAIL|FAIL|FAIL|FAIL,-0.896|-0.875|-0.613|-0.332|-1.327|-0.837|-0.972
ON,-0.6,discordant,55196,185,all_resolved,,0.001419254117988534,0.0,FAIL|FAIL|FAIL|FAIL|FAIL|FAIL|FAIL,-0.823|-0.444|-0.588|-0.074|-0.456|-0.565|-0.714
OFF,-0.6,discordant,55196,205,all_resolved,,-0.002544486883113809,0.0,FAIL|FAIL|FAIL|PASS|FAIL|FAIL|FAIL,-0.823|-0.444|-0.588|-0.074|-0.456|-0.565|-0.714
ON,-0.6,discordant,55197,196,all_resolved,,0.006273729070615923,0.0,FAIL|FAIL|FAIL|FAIL|FAIL|FAIL|FAIL,-0.256|-1.908|-1.233|-0.062|-0.700|-0.826|-0.831
OFF,-0.6,discordant,55197,214,all_resolved,,-0.01662636012725868,0.0,FAIL|FAIL|FAIL|FAIL|FAIL|FAIL|FAIL,-0.256|-1.908|-1.233|-0.062|-0.700|-0.826|-0.831
ON,-0.6,discordant,55198,206,all_resolved,,0.05406154094388903,0.0,FAIL|FAIL|FAIL|FAIL|FAIL|FAIL|FAIL,-0.973|-0.631|-0.542|-0.075|-0.136|-2.013|-0.880
OFF,-0.6,discordant,55198,193,all_resolved,,-0.007345303882457307,0.0,FAIL|FAIL|FAIL|FAIL|PASS|FAIL|FAIL,-0.973|-0.631|-0.542|-0.075|-0.136|-2.013|-0.880
ON,-0.6,discordant,55199,202,all_resolved,,0.0036535866119385744,0.0,FAIL|FAIL|FAIL|FAIL|FAIL|FAIL|FAIL,-0.993|-0.715|-0.027|0.043|-0.223|-0.940|-0.927
OFF,-0.6,discordant,55199,182,all_resolved,,-0.0022530553639206197,0.0,FAIL|FAIL|FAIL|FAIL|FAIL|FAIL|FAIL,-0.993|-0.715|-0.027|0.043|-0.223|-0.940|-0.927
ON,-0.6,discordant,55200,216,all_resolved,,0.016941776154808453,0.0,FAIL|FAIL|FAIL|FAIL|FAIL|FAIL|FAIL,-0.888|-1.138|-0.595|-0.038|-0.267|-1.126|-0.928
OFF,-0.6,discordant,55200,235,all_resolved,,-0.0036457563722177943,0.0,FAIL|FAIL|FAIL|PASS|FAIL|FAIL|FAIL,-0.888|-1.138|-0.595|-0.038|-0.267|-1.126|-0.928
ON,-0.6,discordant,55201,231,all_resolved,,0.02370680458410726,0.0,FAIL|FAIL|FAIL|FAIL|FAIL|FAIL|FAIL,-0.328|0.009|-0.190|-0.526|-1.124|-0.476|-0.865
OFF,-0.6,discordant,55201,181,all_resolved,,-0.004106373039194562,0.0,FAIL|FAIL|FAIL|FAIL|FAIL|FAIL|FAIL,-0.328|0.009|-0.190|-0.526|-1.124|-0.476|-0.865
ON,-0.6,discordant,55202,261,all_resolved,,0.007204134352786794,0.0,FAIL|FAIL|FAIL|FAIL|FAIL|FAIL|FAIL,-0.068|-1.202|-0.960|-1.116|-0.821|-0.616|-0.711
OFF,-0.6,discordant,55202,185,all_resolved,,-0.005251017202203935,0.0,FAIL|FAIL|FAIL|FAIL|FAIL|FAIL|FAIL,-0.068|-1.202|-0.960|-1.116|-0.821|-0.616|-0.711
ON,-0.6,discordant,55203,295,all_resolved,,0.018973557185732497,0.0,PASS|FAIL|FAIL|FAIL|FAIL|FAIL|FAIL,0.785|-0.900|-0.124|-0.684|-0.832|0.072|-0.031
OFF,-0.6,discordant,55203,282,all_resolved,,-0.01202702526654434,0.0,PASS|FAIL|FAIL|FAIL|FAIL|FAIL|FAIL,0.785|-0.900|-0.124|-0.684|-0.832|0.072|-0.031
ON,-0.6,discordant,55204,197,all_resolved,,0.04297158527101145,0.0,FAIL|FAIL|FAIL|PASS|FAIL|FAIL|PASS,-1.455|-0.888|0.050|0.466|-0.327|-0.184|1.066
OFF,-0.6,discordant,55204,221,all_resolved,,-0.000391656521348111,0.0,FAIL|FAIL|FAIL|FAIL|FAIL|FAIL|PASS,-1.455|-0.888|0.050|0.466|-0.327|-0.184|1.066
ON,-0.6,discordant,55205,300,bank_exhausted,,-0.007995939046895086,0.0,FAIL|FAIL|FAIL|FAIL|FAIL|REFER_BORDERLINE|FAIL,-1.168|0.531|-1.291|-0.465|-0.748|0.155|-0.900
OFF,-0.6,discordant,55205,275,all_resolved,,0.02431196093089728,0.0,FAIL|PASS|FAIL|FAIL|FAIL|FAIL|FAIL,-1.168|0.531|-1.291|-0.465|-0.748|0.155|-0.900
ON,-0.6,discordant,55206,300,bank_exhausted,,0.026724354393447183,0.0,FAIL|REFER_BORDERLINE|FAIL|FAIL|FAIL|FAIL|FAIL,0.045|0.304|-0.790|0.006|-0.664|-1.287|-0.366
OFF,-0.6,discordant,55206,241,all_resolved,,-0.028831289634008404,0.0,FAIL|PASS|FAIL|FAIL|FAIL|FAIL|FAIL,0.045|0.304|-0.790|0.006|-0.664|-1.287|-0.366
ON,-0.6,discordant,55207,300,bank_exhausted,,0.0203107936585026,0.0,FAIL|FAIL|FAIL|FAIL|FAIL|REFER_BORDERLINE|FAIL,-0.751|-0.441|-1.797|-1.672|-1.733|-0.022|-0.785
OFF,-0.6,discordant,55207,300,bank_exhausted,,-0.01033104604115879,0.0,FAIL|FAIL|FAIL|FAIL|FAIL|REFER_BORDERLINE|FAIL,-0.751|-0.441|-1.797|-1.672|-1.733|-0.022|-0.785
ON,-0.6,discordant,55208,259,all_resolved,,0.004693396020264818,0.0,FAIL|FAIL|FAIL|FAIL|FAIL|FAIL|FAIL,-1.736|-0.839|-0.660|-0.481|-0.681|0.064|-0.055
OFF,-0.6,discordant,55208,205,all_resolved,,0.027341336465414617,0.0,FAIL|FAIL|FAIL|FAIL|FAIL|FAIL|FAIL,-1.736|-0.839|-0.660|-0.481|-0.681|0.064|-0.055
ON,-0.6,discordant,55209,300,bank_exhausted,,0.0456285200323122,0.0,FAIL|FAIL|FAIL|FAIL|FAIL|FAIL|REFER_BORDERLINE,-0.516|-0.139|-0.038|-0.897|-1.546|-0.300|-0.145
OFF,-0.6,discordant,55209,198,all_resolved,,-0.005536993644753739,0.0,FAIL|FAIL|FAIL|FAIL|FAIL|FAIL|FAIL,-0.516|-0.139|-0.038|-0.897|-1.546|-0.300|-0.145
ON,-0.6,discordant,55210,260,all_resolved,,0.0187905699784865,0.0,FAIL|FAIL|FAIL|FAIL|FAIL|FAIL|FAIL,0.493|-1.022|-0.331|-1.590|-1.031|-1.902|-1.247
OFF,-0.6,discordant,55210,203,all_resolved,,0.0052432066813645406,0.0,FAIL|FAIL|FAIL|FAIL|FAIL|FAIL|FAIL,0.493|-1.022|-0.331|-1.590|-1.031|-1.902|-1.247
ON,-0.6,discordant,55211,252,all_resolved,,0.007005974956207112,0.0,FAIL|FAIL|FAIL|FAIL|FAIL|FAIL|FAIL,-0.835|-1.252|-0.425|-0.520|-0.666|-0.101|-0.439
OFF,-0.6,discordant,55211,193,all_resolved,,0.013174413129284685,0.0,FAIL|FAIL|FAIL|FAIL|FAIL|FAIL|FAIL,-0.835|-1.252|-0.425|-0.520|-0.666|-0.101|-0.439
ON,-0.6,discordant,55212,232,all_resolved,,0.04627629082427794,0.0,FAIL|FAIL|FAIL|FAIL|FAIL|FAIL|FAIL,-0.652|-1.535|-1.014|-1.030|-1.444|-1.161|-0.321
OFF,-0.6,discordant,55212,245,all_resolved,,0.026290186878795987,0.0,FAIL|FAIL|FAIL|FAIL|FAIL|FAIL|FAIL,-0.652|-1.535|-1.014|-1.030|-1.444|-1.161|-0.321
ON,-0.6,discordant,55213,183,all_resolved,,0.04698072823002083,0.0,FAIL|FAIL|FAIL|FAIL|FAIL|FAIL|FAIL,-0.052|-0.638|0.063|0.052|-0.172|-0.947|-0.615
OFF,-0.6,discordant,55213,204,all_resolved,,-0.031631655255823454,0.0,FAIL|FAIL|FAIL|FAIL|FAIL|FAIL|FAIL,-0.052|-0.638|0.063|0.052|-0.172|-0.947|-0.615
ON,-0.6,discordant,55214,300,bank_exhausted,,-0.0049156302054852614,0.0,FAIL|FAIL|REFER_BORDERLINE|FAIL|FAIL|FAIL|FAIL,-0.495|-0.979|0.341|-1.247|-1.779|-2.076|-0.091
OFF,-0.6,discordant,55214,199,all_resolved,,0.02051677598270071,0.0,FAIL|FAIL|PASS|FAIL|FAIL|FAIL|FAIL,-0.495|-0.979|0.341|-1.247|-1.779|-2.076|-0.091
ON,-0.6,discordant,55215,300,bank_exhausted,,0.011009674243876883,0.0,FAIL|REFER_BORDERLINE|FAIL|FAIL|FAIL|FAIL|PASS,-0.628|-0.047|-0.349|-0.640|-0.564|-0.779|0.264
OFF,-0.6,discordant,55215,300,bank_exhausted,,-0.014051134022354052,0.0,FAIL|REFER_BORDERLINE|FAIL|FAIL|FAIL|FAIL|FAIL,-0.628|-0.047|-0.349|-0.640|-0.564|-0.779|0.264
ON,-0.6,discordant,55216,226,all_resolved,,-0.013554825579848162,0.0,FAIL|FAIL|FAIL|FAIL|FAIL|PASS|FAIL,-0.899|-0.579|-0.616|0.360|-1.053|0.957|-0.036
OFF,-0.6,discordant,55216,300,bank_exhausted,,0.023993630801507102,0.0,REFER_BORDERLINE|FAIL|FAIL|REFER_BORDERLINE|FAIL|PASS|FAIL,-0.899|-0.579|-0.616|0.360|-1.053|0.957|-0.036
ON,-0.6,discordant,55217,222,all_resolved,,0.013285554359016112,0.0,FAIL|FAIL|FAIL|FAIL|FAIL|PASS|FAIL,-1.383|-1.538|-0.548|-1.070|0.109|0.744|0.244
OFF,-0.6,discordant,55217,300,bank_exhausted,,0.007849068954449163,0.0,FAIL|FAIL|FAIL|FAIL|FAIL|REFER_BORDERLINE|FAIL,-1.383|-1.538|-0.548|-1.070|0.109|0.744|0.244
ON,-0.6,discordant,55218,247,all_resolved,,0.013145671126597421,0.0,FAIL|FAIL|FAIL|FAIL|FAIL|FAIL|FAIL,-0.931|-0.727|-0.288|-0.306|-1.020|-2.104|-0.139
OFF,-0.6,discordant,55218,174,all_resolved,,-0.002648940073376756,0.0,FAIL|FAIL|FAIL|FAIL|FAIL|FAIL|FAIL,-0.931|-0.727|-0.288|-0.306|-1.020|-2.104|-0.139
ON,-0.6,discordant,55219,248,all_resolved,,0.01137756220968632,0.0,PASS|FAIL|FAIL|FAIL|FAIL|FAIL|FAIL,0.750|-0.639|-0.422|-0.258|-0.972|-2.304|0.052
OFF,-0.6,discordant,55219,300,bank_exhausted,,0.024475779937958124,0.0,PASS|FAIL|FAIL|FAIL|FAIL|FAIL|REFER_BORDERLINE,0.750|-0.639|-0.422|-0.258|-0.972|-2.304|0.052
ON,-0.6,discordant,55220,221,all_resolved,,-0.0020347585716349657,0.0,FAIL|FAIL|FAIL|FAIL|FAIL|FAIL|FAIL,-0.646|-1.132|-0.123|-0.328|-1.229|-0.270|-1.160
OFF,-0.6,discordant,55220,300,bank_exhausted,,0.02770868002565529,0.0,FAIL|FAIL|FAIL|FAIL|FAIL|REFER_BORDERLINE|FAIL,-0.646|-1.132|-0.123|-0.328|-1.229|-0.270|-1.160
ON,-0.6,discordant,55221,300,bank_exhausted,,0.007924017151266548,0.0,FAIL|REFER_BORDERLINE|FAIL|FAIL|FAIL|FAIL|FAIL,-1.407|-0.288|-0.201|-1.045|-0.886|-0.782|-0.877
OFF,-0.6,discordant,55221,188,all_resolved,,-0.011587032606924964,0.0,FAIL|FAIL|FAIL|FAIL|FAIL|FAIL|FAIL,-1.407|-0.288|-0.201|-1.045|-0.886|-0.782|-0.877
ON,-0.6,discordant,55222,300,bank_exhausted,,0.010024549873112123,0.0,REFER_BORDERLINE|FAIL|FAIL|FAIL|FAIL|FAIL|FAIL,-0.105|-1.079|-0.196|0.365|-1.027|-1.039|-1.504
OFF,-0.6,discordant,55222,265,all_resolved,,-0.022876655519535643,0.0,FAIL|FAIL|FAIL|PASS|FAIL|FAIL|FAIL,-0.105|-1.079|-0.196|0.365|-1.027|-1.039|-1.504
ON,-0.6,discordant,55223,200,all_resolved,,0.024054813480868714,0.0,FAIL|FAIL|FAIL|FAIL|FAIL|FAIL|FAIL,-0.085|-0.173|-1.367|-1.052|-0.712|0.114|0.360
OFF,-0.6,discordant,55223,197,all_resolved,,0.006365256801329549,0.0,FAIL|FAIL|FAIL|FAIL|FAIL|FAIL|FAIL,-0.085|-0.173|-1.367|-1.052|-0.712|0.114|0.360
ON,-0.6,discordant,55224,260,all_resolved,,0.04588713621325634,0.0,FAIL|FAIL|FAIL|FAIL|FAIL|PASS|FAIL,-0.504|-1.658|-1.607|0.053|-0.731|0.538|-1.169
OFF,-0.6,discordant,55224,300,bank_exhausted,,-0.017541916761238268,0.0,FAIL|FAIL|FAIL|FAIL|FAIL|REFER_BORDERLINE|FAIL,-0.504|-1.658|-1.607|0.053|-0.731|0.538|-1.169
ON,-0.6,discordant,55225,212,all_resolved,,-0.005107302937093912,0.0,FAIL|FAIL|FAIL|FAIL|FAIL|FAIL|FAIL,-1.939|-0.973|-0.864|-0.583|-0.445|-0.643|-0.111
OFF,-0.6,discordant,55225,212,all_resolved,,-0.02424268903282249,0.0,FAIL|FAIL|FAIL|FAIL|FAIL|FAIL|FAIL,-1.939|-0.973|-0.864|-0.583|-0.445|-0.643|-0.111
ON,-0.6,discordant,55226,300,bank_exhausted,,0.01529430930807851,0.0,REFER_BORDERLINE|FAIL|FAIL|FAIL|FAIL|FAIL|FAIL,0.263|-1.302|-0.764|-0.334|-0.518|-1.220|-0.249
OFF,-0.6,discordant,55226,300,bank_exhausted,,-0.006455214553594838,0.0,REFER_BORDERLINE|FAIL|FAIL|FAIL|FAIL|FAIL|FAIL,0.263|-1.302|-0.764|-0.334|-0.518|-1.220|-0.249
ON,-0.6,discordant,55227,300,bank_exhausted,,0.022494493698902433,0.0,FAIL|FAIL|FAIL|FAIL|FAIL|REFER_BORDERLINE|FAIL,-0.612|-1.115|-0.532|-0.301|-1.140|0.722|-0.857
OFF,-0.6,discordant,55227,300,bank_exhausted,,0.027396128816241157,0.0,FAIL|FAIL|FAIL|FAIL|FAIL|REFER_BORDERLINE|FAIL,-0.612|-1.115|-0.532|-0.301|-1.140|0.722|-0.857
ON,-0.6,discordant,55228,300,bank_exhausted,,0.01034642800749201,0.0,REFER_BORDERLINE|FAIL|REFER_BORDERLINE|FAIL|FAIL|FAIL|FAIL,0.214|-0.782|1.005|-1.114|0.001|-0.166|-0.709
OFF,-0.6,discordant,55228,300,bank_exhausted,,-0.038315305405940456,0.0,REFER_BORDERLINE|FAIL|PASS|FAIL|FAIL|FAIL|FAIL,0.214|-0.782|1.005|-1.114|0.001|-0.166|-0.709
ON,-0.6,discordant,55229,300,bank_exhausted,,0.03660456150588927,0.0,FAIL|FAIL|FAIL|REFER_BORDERLINE|FAIL|FAIL|FAIL,-0.741|-1.259|-0.692|0.923|0.120|-0.458|-0.759
OFF,-0.6,discordant,55229,198,all_resolved,,-0.015783073805598284,0.0,FAIL|FAIL|FAIL|PASS|PASS|FAIL|FAIL,-0.741|-1.259|-0.692|0.923|0.120|-0.458|-0.759
ON,-0.6,discordant,55230,300,bank_exhausted,,0.007930954315771151,0.0,FAIL|FAIL|FAIL|REFER_BORDERLINE|REFER_BORDERLINE|FAIL|FAIL,-1.614|-1.204|-0.874|0.144|0.338|-1.288|-0.701
OFF,-0.6,discordant,55230,300,bank_exhausted,,0.0065450945595802845,0.0,FAIL|FAIL|FAIL|PASS|REFER_BORDERLINE|FAIL|FAIL,-1.614|-1.204|-0.874|0.144|0.338|-1.288|-0.701
ON,-0.6,discordant,55231,300,bank_exhausted,,-0.011345493321336062,0.0,REFER_BORDERLINE|FAIL|FAIL|FAIL|REFER_BORDERLINE|FAIL|FAIL,-0.982|-0.575|-1.386|-0.579|-0.146|-0.372|-0.631
OFF,-0.6,discordant,55231,300,bank_exhausted,,-0.0027790048556177414,0.0,FAIL|FAIL|FAIL|FAIL|REFER_BORDERLINE|FAIL|FAIL,-0.982|-0.575|-1.386|-0.579|-0.146|-0.372|-0.631
ON,-0.6,discordant,55232,216,all_resolved,,0.006967208646945645,0.0,FAIL|FAIL|FAIL|FAIL|FAIL|FAIL|FAIL,-0.269|-0.318|-0.020|-0.295|-1.532|-2.299|-0.839
OFF,-0.6,discordant,55232,300,bank_exhausted,,0.010217613465471129,0.0,REFER_BORDERLINE|FAIL|FAIL|FAIL|FAIL|FAIL|FAIL,-0.269|-0.318|-0.020|-0.295|-1.532|-2.299|-0.839
ON,-0.6,discordant,55233,260,all_resolved,,0.03742566488341424,0.0,FAIL|FAIL|FAIL|FAIL|FAIL|FAIL|FAIL,-0.676|-0.450|-0.857|0.188|-0.665|-0.490|-0.101
OFF,-0.6,discordant,55233,300,bank_exhausted,,-0.024067545034015453,0.0,FAIL|FAIL|FAIL|REFER_BORDERLINE|FAIL|FAIL|FAIL,-0.676|-0.450|-0.857|0.188|-0.665|-0.490|-0.101
ON,-0.6,discordant,55234,300,bank_exhausted,,-0.0013456573874187205,0.0,FAIL|FAIL|FAIL|FAIL|FAIL|FAIL|REFER_BORDERLINE,-0.880|-0.564|-1.561|-1.428|0.052|0.017|0.121
OFF,-0.6,discordant,55234,300,bank_exhausted,,-0.01572249900279022,0.0,FAIL|FAIL|FAIL|FAIL|REFER_BORDERLINE|PASS|FAIL,-0.880|-0.564|-1.561|-1.428|0.052|0.017|0.121
ON,-0.6,discordant,55235,178,all_resolved,,0.017491761314230234,0.0,FAIL|PASS|FAIL|FAIL|FAIL|FAIL|FAIL,-0.732|-0.515|-0.695|-0.575|0.567|-0.894|-0.177
OFF,-0.6,discordant,55235,300,bank_exhausted,,-0.0071048351989998135,0.0,FAIL|FAIL|FAIL|FAIL|PASS|FAIL|REFER_BORDERLINE,-0.732|-0.515|-0.695|-0.575|0.567|-0.894|-0.177
ON,-0.6,discordant,55236,265,all_resolved,,0.030110564340975105,0.0,FAIL|FAIL|FAIL|FAIL|FAIL|FAIL|FAIL,-0.919|-0.856|0.254|-0.088|-0.943|0.090|-0.356
OFF,-0.6,discordant,55236,246,all_resolved,,-0.011512459985491424,0.0,FAIL|FAIL|FAIL|PASS|FAIL|FAIL|FAIL,-0.919|-0.856|0.254|-0.088|-0.943|0.090|-0.356
ON,-0.6,discordant,55237,228,all_resolved,,0.013527430936609892,0.0,FAIL|FAIL|FAIL|PASS|FAIL|FAIL|FAIL,-2.469|-1.252|-0.408|0.219|-0.465|-0.761|-1.410
OFF,-0.6,discordant,55237,195,all_resolved,,-0.006642217518371175,0.0,FAIL|FAIL|FAIL|FAIL|FAIL|FAIL|FAIL,-2.469|-1.252|-0.408|0.219|-0.465|-0.761|-1.410
ON,-0.6,discordant,55238,197,all_resolved,,0.028276063395332403,0.0,FAIL|FAIL|FAIL|FAIL|FAIL|FAIL|FAIL,-0.519|-0.547|-0.097|-0.581|-0.813|-0.162|-0.767
OFF,-0.6,discordant,55238,194,all_resolved,,-0.008634349855045489,0.0,FAIL|FAIL|FAIL|FAIL|FAIL|FAIL|FAIL,-0.519|-0.547|-0.097|-0.581|-0.813|-0.162|-0.767
ON,-0.6,discordant,55239,282,all_resolved,,0.01136259630047851,0.0,FAIL|FAIL|FAIL|FAIL|FAIL|FAIL|FAIL,-1.468|0.077|-1.176|-0.710|-0.374|-1.051|-1.520
OFF,-0.6,discordant,55239,193,all_resolved,,-0.028597374246562963,0.0,FAIL|FAIL|FAIL|FAIL|FAIL|FAIL|FAIL,-1.468|0.077|-1.176|-0.710|-0.374|-1.051|-1.520
ON,0.0,concordant,55240,293,all_resolved,,0.03561227464744912,0.0,FAIL|FAIL|FAIL|PASS|FAIL|FAIL|FAIL,0.000|0.000|0.000|0.000|0.000|0.000|0.000
OFF,0.0,concordant,55240,300,bank_exhausted,,-0.0041711113211228565,0.0,FAIL|PASS|FAIL|REFER_BORDERLINE|FAIL|FAIL|FAIL,0.000|0.000|0.000|0.000|0.000|0.000|0.000
ON,0.0,concordant,55241,300,bank_exhausted,,0.005830892725595936,0.0,FAIL|REFER_BORDERLINE|PASS|FAIL|PASS|FAIL|FAIL,0.000|0.000|0.000|0.000|0.000|0.000|0.000
OFF,0.0,concordant,55241,206,all_resolved,,0.003825886902415254,0.0,FAIL|PASS|FAIL|FAIL|FAIL|FAIL|FAIL,0.000|0.000|0.000|0.000|0.000|0.000|0.000
ON,0.0,concordant,55242,194,all_resolved,,0.020748920261571168,0.0,PASS|FAIL|FAIL|FAIL|FAIL|FAIL|FAIL,0.000|0.000|0.000|0.000|0.000|0.000|0.000
OFF,0.0,concordant,55242,300,bank_exhausted,,-0.01166533226833465,0.0,FAIL|FAIL|FAIL|REFER_BORDERLINE|FAIL|FAIL|REFER_BORDERLINE,0.000|0.000|0.000|0.000|0.000|0.000|0.000
ON,0.0,concordant,55243,300,bank_exhausted,,0.008133776168024449,0.0,FAIL|FAIL|FAIL|REFER_BORDERLINE|FAIL|FAIL|REFER_BORDERLINE,0.000|0.000|0.000|0.000|0.000|0.000|0.000
OFF,0.0,concordant,55243,246,all_resolved,,-0.017293571408541496,0.0,PASS|PASS|FAIL|PASS|FAIL|FAIL|FAIL,0.000|0.000|0.000|0.000|0.000|0.000|0.000
ON,0.0,concordant,55244,300,bank_exhausted,,0.054143984680813204,0.0,FAIL|FAIL|FAIL|REFER_BORDERLINE|FAIL|FAIL|FAIL,0.000|0.000|0.000|0.000|0.000|0.000|0.000
OFF,0.0,concordant,55244,209,all_resolved,,0.029511785608660718,0.0,FAIL|PASS|FAIL|PASS|FAIL|FAIL|FAIL,0.000|0.000|0.000|0.000|0.000|0.000|0.000
ON,0.0,concordant,55245,203,all_resolved,,0.020287374616485228,0.0,FAIL|FAIL|FAIL|PASS|FAIL|FAIL|FAIL,0.000|0.000|0.000|0.000|0.000|0.000|0.000
OFF,0.0,concordant,55245,218,all_resolved,,-0.027039166775043134,0.0,FAIL|FAIL|FAIL|FAIL|FAIL|FAIL|FAIL,0.000|0.000|0.000|0.000|0.000|0.000|0.000
ON,0.0,concordant,55246,300,bank_exhausted,,0.028778072528559843,0.0,FAIL|REFER_BORDERLINE|FAIL|FAIL|FAIL|REFER_BORDERLINE|FAIL,0.000|0.000|0.000|0.000|0.000|0.000|0.000
OFF,0.0,concordant,55246,300,bank_exhausted,,-0.014761520418703447,0.0,PASS|REFER_BORDERLINE|FAIL|FAIL|PASS|FAIL|FAIL,0.000|0.000|0.000|0.000|0.000|0.000|0.000
ON,0.0,concordant,55247,300,bank_exhausted,,0.022202469732055467,0.0,REFER_BORDERLINE|FAIL|FAIL|FAIL|REFER_BORDERLINE|FAIL|FAIL,0.000|0.000|0.000|0.000|0.000|0.000|0.000
OFF,0.0,concordant,55247,234,all_resolved,,0.0005285690246551273,0.0,FAIL|FAIL|FAIL|FAIL|FAIL|FAIL|PASS,0.000|0.000|0.000|0.000|0.000|0.000|0.000
ON,0.0,concordant,55248,300,bank_exhausted,,-0.015505780584512201,0.0,FAIL|FAIL|REFER_BORDERLINE|REFER_BORDERLINE|FAIL|FAIL|REFER_BORDERLINE,0.000|0.000|0.000|0.000|0.000|0.000|0.000
OFF,0.0,concordant,55248,300,bank_exhausted,,0.006550648178885994,0.0,FAIL|FAIL|FAIL|REFER_BORDERLINE|FAIL|FAIL|FAIL,0.000|0.000|0.000|0.000|0.000|0.000|0.000
ON,0.0,concordant,55249,300,bank_exhausted,,0.01385917894722591,0.0,PASS|PASS|REFER_BORDERLINE|FAIL|REFER_BORDERLINE|FAIL|FAIL,0.000|0.000|0.000|0.000|0.000|0.000|0.000
OFF,0.0,concordant,55249,248,all_resolved,,-0.03187801200427729,0.0,FAIL|FAIL|FAIL|FAIL|FAIL|FAIL|FAIL,0.000|0.000|0.000|0.000|0.000|0.000|0.000
ON,0.0,concordant,55250,300,bank_exhausted,,0.05843782989825679,0.0,REFER_BORDERLINE|REFER_BORDERLINE|FAIL|FAIL|FAIL|FAIL|FAIL,0.000|0.000|0.000|0.000|0.000|0.000|0.000
OFF,0.0,concordant,55250,300,bank_exhausted,,-0.011431155415039689,0.0,REFER_BORDERLINE|REFER_BORDERLINE|REFER_BORDERLINE|PASS|FAIL|FAIL|FAIL,0.000|0.000|0.000|0.000|0.000|0.000|0.000
ON,0.0,concordant,55251,200,all_resolved,,0.027270337467641452,0.0,FAIL|FAIL|FAIL|FAIL|FAIL|FAIL|FAIL,0.000|0.000|0.000|0.000|0.000|0.000|0.000
OFF,0.0,concordant,55251,248,all_resolved,,-0.03795954989790299,0.0,FAIL|FAIL|FAIL|FAIL|FAIL|FAIL|FAIL,0.000|0.000|0.000|0.000|0.000|0.000|0.000
ON,0.0,concordant,55252,300,bank_exhausted,,-0.004485649109462776,0.0,FAIL|FAIL|REFER_BORDERLINE|FAIL|FAIL|FAIL|FAIL,0.000|0.000|0.000|0.000|0.000|0.000|0.000
OFF,0.0,concordant,55252,300,bank_exhausted,,0.014531859949605855,0.0,FAIL|REFER_BORDERLINE|REFER_BORDERLINE|REFER_BORDERLINE|FAIL|FAIL|FAIL,0.000|0.000|0.000|0.000|0.000|0.000|0.000
ON,0.0,concordant,55253,300,bank_exhausted,,-0.005379893406949707,0.0,FAIL|REFER_BORDERLINE|FAIL|FAIL|FAIL|FAIL|FAIL,0.000|0.000|0.000|0.000|0.000|0.000|0.000
OFF,0.0,concordant,55253,229,all_resolved,,0.006171067600272774,0.0,FAIL|FAIL|FAIL|FAIL|FAIL|FAIL|FAIL,0.000|0.000|0.000|0.000|0.000|0.000|0.000
ON,0.0,concordant,55254,202,all_resolved,,0.02488282309048801,0.0,FAIL|PASS|PASS|PASS|FAIL|FAIL|FAIL,0.000|0.000|0.000|0.000|0.000|0.000|0.000
OFF,0.0,concordant,55254,300,bank_exhausted,,-0.0011470585376840085,0.0,REFER_BORDERLINE|FAIL|FAIL|FAIL|FAIL|FAIL|PASS,0.000|0.000|0.000|0.000|0.000|0.000|0.000
ON,0.0,concordant,55255,180,all_resolved,,0.04079909897082096,0.0,PASS|PASS|FAIL|FAIL|FAIL|FAIL|FAIL,0.000|0.000|0.000|0.000|0.000|0.000|0.000
OFF,0.0,concordant,55255,300,bank_exhausted,,0.009923631669072654,0.0,FAIL|FAIL|FAIL|PASS|REFER_BORDERLINE|FAIL|FAIL,0.000|0.000|0.000|0.000|0.000|0.000|0.000
ON,0.0,concordant,55256,300,bank_exhausted,,0.03599379903097898,0.0,PASS|PASS|REFER_BORDERLINE|REFER_BORDERLINE|FAIL|FAIL|FAIL,0.000|0.000|0.000|0.000|0.000|0.000|0.000
OFF,0.0,concordant,55256,300,bank_exhausted,,0.007581795043964097,0.0,REFER_BORDERLINE|FAIL|FAIL|FAIL|FAIL|FAIL|FAIL,0.000|0.000|0.000|0.000|0.000|0.000|0.000
ON,0.0,concordant,55257,270,all_resolved,,0.019898072613144586,0.0,FAIL|FAIL|FAIL|FAIL|FAIL|FAIL|FAIL,0.000|0.000|0.000|0.000|0.000|0.000|0.000
OFF,0.0,concordant,55257,300,bank_exhausted,,0.010037586495309631,0.0,FAIL|PASS|PASS|FAIL|FAIL|REFER_BORDERLINE|FAIL,0.000|0.000|0.000|0.000|0.000|0.000|0.000
ON,0.0,concordant,55258,300,bank_exhausted,,0.01578895634855257,0.0,PASS|FAIL|FAIL|REFER_BORDERLINE|FAIL|FAIL|REFER_BORDERLINE,0.000|0.000|0.000|0.000|0.000|0.000|0.000
OFF,0.0,concordant,55258,300,bank_exhausted,,0.018310012119144976,0.0,FAIL|REFER_BORDERLINE|FAIL|FAIL|FAIL|REFER_BORDERLINE|FAIL,0.000|0.000|0.000|0.000|0.000|0.000|0.000
ON,0.0,concordant,55259,300,bank_exhausted,,-0.002690225233459562,0.0,FAIL|FAIL|PASS|PASS|FAIL|FAIL|REFER_BORDERLINE,0.000|0.000|0.000|0.000|0.000|0.000|0.000
OFF,0.0,concordant,55259,300,bank_exhausted,,0.013446655886350235,0.0,REFER_BORDERLINE|FAIL|FAIL|FAIL|FAIL|FAIL|FAIL,0.000|0.000|0.000|0.000|0.000|0.000|0.000
ON,0.0,concordant,55260,300,bank_exhausted,,0.013104816708493535,0.0,FAIL|FAIL|FAIL|FAIL|FAIL|FAIL|REFER_BORDERLINE,0.000|0.000|0.000|0.000|0.000|0.000|0.000
OFF,0.0,concordant,55260,300,bank_exhausted,,-0.010266191312390035,0.0,FAIL|FAIL|FAIL|FAIL|REFER_BORDERLINE|FAIL|FAIL,0.000|0.000|0.000|0.000|0.000|0.000|0.000
ON,0.0,concordant,55261,300,bank_exhausted,,0.013379279420125895,0.0,REFER_BORDERLINE|PASS|FAIL|FAIL|PASS|PASS|PASS,0.000|0.000|0.000|0.000|0.000|0.000|0.000
OFF,0.0,concordant,55261,300,bank_exhausted,,-0.003119992636046775,0.0,FAIL|PASS|FAIL|FAIL|FAIL|FAIL|REFER_BORDERLINE,0.000|0.000|0.000|0.000|0.000|0.000|0.000
ON,0.0,concordant,55262,184,all_resolved,,0.0012223908117852684,0.0,FAIL|PASS|FAIL|FAIL|FAIL|FAIL|FAIL,0.000|0.000|0.000|0.000|0.000|0.000|0.000
OFF,0.0,concordant,55262,300,bank_exhausted,,0.017853660153464096,0.0,FAIL|PASS|REFER_BORDERLINE|REFER_BORDERLINE|FAIL|FAIL|FAIL,0.000|0.000|0.000|0.000|0.000|0.000|0.000
ON,0.0,concordant,55263,300,bank_exhausted,,0.01319510003307377,0.0,REFER_BORDERLINE|FAIL|REFER_BORDERLINE|FAIL|FAIL|FAIL|FAIL,0.000|0.000|0.000|0.000|0.000|0.000|0.000
OFF,0.0,concordant,55263,300,bank_exhausted,,-0.02022759837843787,0.0,REFER_BORDERLINE|FAIL|REFER_BORDERLINE|FAIL|PASS|PASS|REFER_BORDERLINE,0.000|0.000|0.000|0.000|0.000|0.000|0.000
ON,0.0,concordant,55264,300,bank_exhausted,,0.009825991006049513,0.0,FAIL|FAIL|REFER_BORDERLINE|REFER_BORDERLINE|FAIL|FAIL|FAIL,0.000|0.000|0.000|0.000|0.000|0.000|0.000
OFF,0.0,concordant,55264,300,bank_exhausted,,0.016061038378451332,0.0,REFER_BORDERLINE|REFER_BORDERLINE|FAIL|FAIL|REFER_BORDERLINE|FAIL|FAIL,0.000|0.000|0.000|0.000|0.000|0.000|0.000
ON,0.0,concordant,55265,300,bank_exhausted,,0.011611825508657822,0.0,FAIL|REFER_BORDERLINE|FAIL|FAIL|FAIL|FAIL|REFER_BORDERLINE,0.000|0.000|0.000|0.000|0.000|0.000|0.000
OFF,0.0,concordant,55265,300,bank_exhausted,,0.01459277787695603,0.0,FAIL|FAIL|FAIL|FAIL|FAIL|REFER_BORDERLINE|FAIL,0.000|0.000|0.000|0.000|0.000|0.000|0.000
ON,0.0,concordant,55266,300,bank_exhausted,,0.020086878397738143,0.0,FAIL|REFER_BORDERLINE|FAIL|FAIL|FAIL|FAIL|FAIL,0.000|0.000|0.000|0.000|0.000|0.000|0.000
OFF,0.0,concordant,55266,300,bank_exhausted,,0.0033932147780570336,0.0,REFER_BORDERLINE|FAIL|FAIL|REFER_BORDERLINE|FAIL|FAIL|FAIL,0.000|0.000|0.000|0.000|0.000|0.000|0.000
ON,0.0,concordant,55267,300,bank_exhausted,,0.025793218787593785,0.0,PASS|REFER_BORDERLINE|FAIL|FAIL|PASS|FAIL|FAIL,0.000|0.000|0.000|0.000|0.000|0.000|0.000
OFF,0.0,concordant,55267,300,bank_exhausted,,-0.021100873192460852,0.0,FAIL|FAIL|FAIL|REFER_BORDERLINE|REFER_BORDERLINE|FAIL|FAIL,0.000|0.000|0.000|0.000|0.000|0.000|0.000
ON,0.0,concordant,55268,300,bank_exhausted,,-0.003097718741444279,0.0,FAIL|FAIL|FAIL|REFER_BORDERLINE|FAIL|FAIL|FAIL,0.000|0.000|0.000|0.000|0.000|0.000|0.000
OFF,0.0,concordant,55268,295,all_resolved,,-0.006775943214394723,0.0,FAIL|FAIL|FAIL|FAIL|FAIL|FAIL|FAIL,0.000|0.000|0.000|0.000|0.000|0.000|0.000
ON,0.0,concordant,55269,300,bank_exhausted,,-0.0051431174076445,0.0,REFER_BORDERLINE|FAIL|FAIL|FAIL|PASS|FAIL|FAIL,0.000|0.000|0.000|0.000|0.000|0.000|0.000
OFF,0.0,concordant,55269,300,bank_exhausted,,0.009657723306042379,0.0,FAIL|FAIL|REFER_BORDERLINE|REFER_BORDERLINE|FAIL|REFER_BORDERLINE|FAIL,0.000|0.000|0.000|0.000|0.000|0.000|0.000
ON,0.0,concordant,55270,189,all_resolved,,0.029586503228002513,0.0,FAIL|FAIL|FAIL|FAIL|FAIL|FAIL|FAIL,0.000|0.000|0.000|0.000|0.000|0.000|0.000
OFF,0.0,concordant,55270,300,bank_exhausted,,0.023993772909420993,0.0,FAIL|FAIL|REFER_BORDERLINE|FAIL|FAIL|FAIL|FAIL,0.000|0.000|0.000|0.000|0.000|0.000|0.000
ON,0.0,concordant,55271,233,all_resolved,,0.003760690621106354,0.0,FAIL|FAIL|FAIL|FAIL|FAIL|FAIL|FAIL,0.000|0.000|0.000|0.000|0.000|0.000|0.000
OFF,0.0,concordant,55271,300,bank_exhausted,,-0.01041576077191477,0.0,REFER_BORDERLINE|REFER_BORDERLINE|FAIL|FAIL|FAIL|PASS|FAIL,0.000|0.000|0.000|0.000|0.000|0.000|0.000
ON,0.0,concordant,55272,300,bank_exhausted,,-0.0020257946273506537,0.0,FAIL|PASS|FAIL|REFER_BORDERLINE|REFER_BORDERLINE|PASS|FAIL,0.000|0.000|0.000|0.000|0.000|0.000|0.000
OFF,0.0,concordant,55272,300,bank_exhausted,,-0.021877664691133825,0.0,FAIL|REFER_BORDERLINE|FAIL|FAIL|PASS|FAIL|FAIL,0.000|0.000|0.000|0.000|0.000|0.000|0.000
ON,0.0,concordant,55273,300,bank_exhausted,,0.004934173746046451,0.0,REFER_BORDERLINE|FAIL|REFER_BORDERLINE|FAIL|FAIL|FAIL|FAIL,0.000|0.000|0.000|0.000|0.000|0.000|0.000
OFF,0.0,concordant,55273,193,all_resolved,,0.00034382793585380824,0.0,PASS|FAIL|FAIL|FAIL|FAIL|FAIL|FAIL,0.000|0.000|0.000|0.000|0.000|0.000|0.000
ON,0.0,concordant,55274,300,bank_exhausted,,0.005782125777174213,0.0,REFER_BORDERLINE|FAIL|REFER_BORDERLINE|PASS|FAIL|REFER_BORDERLINE|FAIL,0.000|0.000|0.000|0.000|0.000|0.000|0.000
OFF,0.0,concordant,55274,300,bank_exhausted,,0.008431349664834093,0.0,REFER_BORDERLINE|PASS|FAIL|FAIL|FAIL|FAIL|FAIL,0.000|0.000|0.000|0.000|0.000|0.000|0.000
ON,0.0,concordant,55275,300,bank_exhausted,,0.017967625659118802,0.0,FAIL|REFER_BORDERLINE|FAIL|FAIL|FAIL|FAIL|FAIL,0.000|0.000|0.000|0.000|0.000|0.000|0.000
OFF,0.0,concordant,55275,300,bank_exhausted,,0.005200238056562437,0.0,REFER_BORDERLINE|FAIL|FAIL|PASS|FAIL|FAIL|REFER_BORDERLINE,0.000|0.000|0.000|0.000|0.000|0.000|0.000
ON,0.0,concordant,55276,300,bank_exhausted,,0.011344789650819195,0.0,FAIL|PASS|FAIL|FAIL|FAIL|FAIL|REFER_BORDERLINE,0.000|0.000|0.000|0.000|0.000|0.000|0.000
OFF,0.0,concordant,55276,300,all_resolved,,-0.008003993418370553,0.0,FAIL|FAIL|FAIL|FAIL|FAIL|FAIL|FAIL,0.000|0.000|0.000|0.000|0.000|0.000|0.000
ON,0.0,concordant,55277,300,bank_exhausted,,-0.00324701269783806,0.0,FAIL|FAIL|PASS|REFER_BORDERLINE|PASS|FAIL|FAIL,0.000|0.000|0.000|0.000|0.000|0.000|0.000
OFF,0.0,concordant,55277,201,all_resolved,,0.0056802111514368744,0.0,FAIL|PASS|FAIL|FAIL|FAIL|FAIL|FAIL,0.000|0.000|0.000|0.000|0.000|0.000|0.000
ON,0.0,concordant,55278,300,bank_exhausted,,0.017756428013925338,0.0,FAIL|PASS|REFER_BORDERLINE|FAIL|FAIL|FAIL|FAIL,0.000|0.000|0.000|0.000|0.000|0.000|0.000
OFF,0.0,concordant,55278,300,bank_exhausted,,0.02645744166674509,0.0,FAIL|REFER_BORDERLINE|FAIL|REFER_BORDERLINE|FAIL|FAIL|FAIL,0.000|0.000|0.000|0.000|0.000|0.000|0.000
ON,0.0,concordant,55279,189,all_resolved,,-0.006937189936146439,0.0,FAIL|FAIL|FAIL|FAIL|FAIL|FAIL|FAIL,0.000|0.000|0.000|0.000|0.000|0.000|0.000
OFF,0.0,concordant,55279,219,all_resolved,,-0.00723812946260079,0.0,PASS|FAIL|FAIL|FAIL|FAIL|FAIL|FAIL,0.000|0.000|0.000|0.000|0.000|0.000|0.000
ON,0.0,concordant,55280,300,bank_exhausted,,-0.0044219790156253755,0.0,FAIL|PASS|FAIL|FAIL|FAIL|FAIL|REFER_BORDERLINE,0.000|0.000|0.000|0.000|0.000|0.000|0.000
OFF,0.0,concordant,55280,300,bank_exhausted,,0.002965104001214635,0.0,FAIL|FAIL|FAIL|FAIL|FAIL|REFER_BORDERLINE|FAIL,0.000|0.000|0.000|0.000|0.000|0.000|0.000
ON,0.0,concordant,55281,300,bank_exhausted,,0.043971729331194455,0.0,REFER_BORDERLINE|PASS|FAIL|FAIL|REFER_BORDERLINE|FAIL|FAIL,0.000|0.000|0.000|0.000|0.000|0.000|0.000
OFF,0.0,concordant,55281,243,all_resolved,,-0.019230389984066405,0.0,FAIL|PASS|PASS|FAIL|FAIL|FAIL|FAIL,0.000|0.000|0.000|0.000|0.000|0.000|0.000
ON,0.0,concordant,55282,300,bank_exhausted,,0.018311536664840037,0.0,REFER_BORDERLINE|FAIL|FAIL|FAIL|FAIL|FAIL|FAIL,0.000|0.000|0.000|0.000|0.000|0.000|0.000
OFF,0.0,concordant,55282,300,bank_exhausted,,-0.00332539689930395,0.0,REFER_BORDERLINE|FAIL|FAIL|FAIL|FAIL|FAIL|FAIL,0.000|0.000|0.000|0.000|0.000|0.000|0.000
ON,0.0,concordant,55283,300,bank_exhausted,,0.006328133054362023,0.0,FAIL|REFER_BORDERLINE|FAIL|FAIL|FAIL|FAIL|FAIL,0.000|0.000|0.000|0.000|0.000|0.000|0.000
OFF,0.0,concordant,55283,213,all_resolved,,-0.0020591593379171705,0.0,FAIL|FAIL|FAIL|PASS|FAIL|FAIL|FAIL,0.000|0.000|0.000|0.000|0.000|0.000|0.000
ON,0.0,concordant,55284,300,bank_exhausted,,0.0019000295726355535,0.0,FAIL|PASS|FAIL|FAIL|FAIL|FAIL|REFER_BORDERLINE,0.000|0.000|0.000|0.000|0.000|0.000|0.000
OFF,0.0,concordant,55284,300,bank_exhausted,,-0.0029270909045075342,0.0,REFER_BORDERLINE|FAIL|FAIL|PASS|FAIL|REFER_BORDERLINE|FAIL,0.000|0.000|0.000|0.000|0.000|0.000|0.000
ON,0.0,concordant,55285,300,bank_exhausted,,0.019520796129408147,0.0,FAIL|REFER_BORDERLINE|FAIL|REFER_BORDERLINE|FAIL|FAIL|FAIL,0.000|0.000|0.000|0.000|0.000|0.000|0.000
OFF,0.0,concordant,55285,287,all_resolved,,-0.005608966758790576,0.0,FAIL|FAIL|FAIL|FAIL|FAIL|FAIL|FAIL,0.000|0.000|0.000|0.000|0.000|0.000|0.000
ON,0.0,concordant,55286,234,all_resolved,,-0.014751829989745703,0.0,FAIL|FAIL|FAIL|FAIL|FAIL|PASS|FAIL,0.000|0.000|0.000|0.000|0.000|0.000|0.000
OFF,0.0,concordant,55286,244,all_resolved,,-0.0021437548233212817,0.0,FAIL|PASS|FAIL|FAIL|FAIL|FAIL|FAIL,0.000|0.000|0.000|0.000|0.000|0.000|0.000
ON,0.0,concordant,55287,300,bank_exhausted,,0.00030382640422257315,0.0,FAIL|REFER_BORDERLINE|FAIL|PASS|PASS|FAIL|FAIL,0.000|0.000|0.000|0.000|0.000|0.000|0.000
OFF,0.0,concordant,55287,234,all_resolved,,-0.019434813881986035,0.0,FAIL|PASS|FAIL|FAIL|FAIL|FAIL|FAIL,0.000|0.000|0.000|0.000|0.000|0.000|0.000
ON,0.0,concordant,55288,187,all_resolved,,0.04384066958018248,0.0,PASS|FAIL|FAIL|FAIL|FAIL|FAIL|FAIL,0.000|0.000|0.000|0.000|0.000|0.000|0.000
OFF,0.0,concordant,55288,300,bank_exhausted,,0.0012177832223057919,0.0,REFER_BORDERLINE|FAIL|PASS|PASS|REFER_BORDERLINE|FAIL|FAIL,0.000|0.000|0.000|0.000|0.000|0.000|0.000
ON,0.0,concordant,55289,300,bank_exhausted,,-0.02254150875780699,0.0,REFER_BORDERLINE|FAIL|PASS|FAIL|PASS|FAIL|REFER_BORDERLINE,0.000|0.000|0.000|0.000|0.000|0.000|0.000
OFF,0.0,concordant,55289,300,bank_exhausted,,0.02720260279868208,0.0,REFER_BORDERLINE|FAIL|FAIL|FAIL|FAIL|FAIL|FAIL,0.000|0.000|0.000|0.000|0.000|0.000|0.000
ON,0.0,concordant,55290,300,bank_exhausted,,0.022849193289595143,0.0,PASS|REFER_BORDERLINE|REFER_BORDERLINE|PASS|PASS|FAIL|FAIL,0.000|0.000|0.000|0.000|0.000|0.000|0.000
OFF,0.0,concordant,55290,300,bank_exhausted,,0.007127689383773339,0.0,REFER_BORDERLINE|PASS|FAIL|PASS|FAIL|FAIL|FAIL,0.000|0.000|0.000|0.000|0.000|0.000|0.000
ON,0.0,concordant,55291,300,bank_exhausted,,0.008424376319237002,0.0,FAIL|FAIL|FAIL|FAIL|FAIL|FAIL|REFER_BORDERLINE,0.000|0.000|0.000|0.000|0.000|0.000|0.000
OFF,0.0,concordant,55291,300,bank_exhausted,,0.004361896296358007,0.0,FAIL|PASS|FAIL|PASS|REFER_BORDERLINE|FAIL|REFER_BORDERLINE,0.000|0.000|0.000|0.000|0.000|0.000|0.000
ON,0.0,concordant,55292,300,bank_exhausted,,0.013045128940365516,0.0,FAIL|REFER_BORDERLINE|PASS|FAIL|FAIL|FAIL|FAIL,0.000|0.000|0.000|0.000|0.000|0.000|0.000
OFF,0.0,concordant,55292,265,all_resolved,,0.0013494561631364414,0.0,FAIL|PASS|FAIL|FAIL|FAIL|FAIL|FAIL,0.000|0.000|0.000|0.000|0.000|0.000|0.000
ON,0.0,concordant,55293,300,bank_exhausted,,0.00012481010487500947,0.0,FAIL|FAIL|FAIL|REFER_BORDERLINE|FAIL|FAIL|FAIL,0.000|0.000|0.000|0.000|0.000|0.000|0.000
OFF,0.0,concordant,55293,300,bank_exhausted,,-0.026738019528225673,0.0,FAIL|FAIL|FAIL|FAIL|REFER_BORDERLINE|FAIL|PASS,0.000|0.000|0.000|0.000|0.000|0.000|0.000
ON,0.0,concordant,55294,189,all_resolved,,0.002805179616364568,0.0,FAIL|PASS|FAIL|FAIL|FAIL|PASS|FAIL,0.000|0.000|0.000|0.000|0.000|0.000|0.000
OFF,0.0,concordant,55294,300,bank_exhausted,,-0.015821003142335636,0.0,FAIL|REFER_BORDERLINE|REFER_BORDERLINE|FAIL|REFER_BORDERLINE|FAIL|FAIL,0.000|0.000|0.000|0.000|0.000|0.000|0.000
ON,0.0,concordant,55295,300,bank_exhausted,,0.02751765708348943,0.0,REFER_BORDERLINE|FAIL|REFER_BORDERLINE|FAIL|FAIL|FAIL|FAIL,0.000|0.000|0.000|0.000|0.000|0.000|0.000
OFF,0.0,concordant,55295,224,all_resolved,,0.02391794759746038,0.0,FAIL|FAIL|FAIL|FAIL|FAIL|FAIL|FAIL,0.000|0.000|0.000|0.000|0.000|0.000|0.000
ON,0.0,concordant,55296,300,bank_exhausted,,0.008158899190639654,0.0,FAIL|REFER_BORDERLINE|FAIL|FAIL|FAIL|FAIL|REFER_BORDERLINE,0.000|0.000|0.000|0.000|0.000|0.000|0.000
OFF,0.0,concordant,55296,300,bank_exhausted,,-0.005179072527758548,0.0,FAIL|REFER_BORDERLINE|FAIL|FAIL|FAIL|FAIL|FAIL,0.000|0.000|0.000|0.000|0.000|0.000|0.000
ON,0.0,concordant,55297,300,bank_exhausted,,0.006812085244855511,0.0,REFER_BORDERLINE|PASS|FAIL|FAIL|FAIL|FAIL|FAIL,0.000|0.000|0.000|0.000|0.000|0.000|0.000
OFF,0.0,concordant,55297,300,bank_exhausted,,-0.004743048009080244,0.0,FAIL|FAIL|FAIL|PASS|FAIL|FAIL|REFER_BORDERLINE,0.000|0.000|0.000|0.000|0.000|0.000|0.000
ON,0.0,concordant,55298,253,all_resolved,,0.01846975151446316,0.0,FAIL|FAIL|FAIL|FAIL|FAIL|FAIL|FAIL,0.000|0.000|0.000|0.000|0.000|0.000|0.000
OFF,0.0,concordant,55298,268,all_resolved,,-3.270852437411755e-05,0.0,FAIL|FAIL|FAIL|FAIL|FAIL|FAIL|FAIL,0.000|0.000|0.000|0.000|0.000|0.000|0.000
ON,0.0,concordant,55299,300,bank_exhausted,,0.04250145291241024,0.0,FAIL|REFER_BORDERLINE|FAIL|FAIL|FAIL|FAIL|PASS,0.000|0.000|0.000|0.000|0.000|0.000|0.000
OFF,0.0,concordant,55299,300,bank_exhausted,,-0.005779140458207669,0.0,FAIL|REFER_BORDERLINE|FAIL|FAIL|PASS|FAIL|FAIL,0.000|0.000|0.000|0.000|0.000|0.000|0.000
ON,0.0,concordant,55300,202,all_resolved,,0.009040617440338296,0.0,FAIL|FAIL|FAIL|FAIL|FAIL|FAIL|FAIL,0.000|0.000|0.000|0.000|0.000|0.000|0.000
OFF,0.0,concordant,55300,300,bank_exhausted,,0.012879215059978518,0.0,PASS|FAIL|FAIL|FAIL|REFER_BORDERLINE|FAIL|FAIL,0.000|0.000|0.000|0.000|0.000|0.000|0.000
ON,0.0,concordant,55301,300,bank_exhausted,,-0.0011100914815954399,0.0,FAIL|FAIL|FAIL|FAIL|FAIL|FAIL|REFER_BORDERLINE,0.000|0.000|0.000|0.000|0.000|0.000|0.000
OFF,0.0,concordant,55301,300,bank_exhausted,,0.0067387666273083235,0.0,FAIL|REFER_BORDERLINE|FAIL|PASS|FAIL|FAIL|FAIL,0.000|0.000|0.000|0.000|0.000|0.000|0.000
ON,0.0,concordant,55302,218,all_resolved,,0.005236126169788479,0.0,FAIL|PASS|FAIL|FAIL|FAIL|FAIL|FAIL,0.000|0.000|0.000|0.000|0.000|0.000|0.000
OFF,0.0,concordant,55302,295,all_resolved,,0.011927937769950799,0.0,FAIL|FAIL|FAIL|PASS|FAIL|FAIL|FAIL,0.000|0.000|0.000|0.000|0.000|0.000|0.000
ON,0.0,concordant,55303,300,bank_exhausted,,0.003250758871910358,0.0,FAIL|FAIL|FAIL|FAIL|FAIL|FAIL|REFER_BORDERLINE,0.000|0.000|0.000|0.000|0.000|0.000|0.000
OFF,0.0,concordant,55303,300,bank_exhausted,,-0.011943481083483965,0.0,PASS|REFER_BORDERLINE|FAIL|FAIL|FAIL|FAIL|FAIL,0.000|0.000|0.000|0.000|0.000|0.000|0.000
ON,0.0,concordant,55304,300,bank_exhausted,,0.0054909351118306755,0.0,FAIL|PASS|FAIL|FAIL|FAIL|REFER_BORDERLINE|FAIL,0.000|0.000|0.000|0.000|0.000|0.000|0.000
OFF,0.0,concordant,55304,300,bank_exhausted,,0.027407429651774545,0.0,REFER_BORDERLINE|FAIL|FAIL|FAIL|FAIL|PASS|FAIL,0.000|0.000|0.000|0.000|0.000|0.000|0.000
ON,0.0,concordant,55305,300,bank_exhausted,,0.031751288602524706,0.0,FAIL|FAIL|FAIL|FAIL|REFER_BORDERLINE|FAIL|FAIL,0.000|0.000|0.000|0.000|0.000|0.000|0.000
OFF,0.0,concordant,55305,226,all_resolved,,0.01880686294952841,0.0,FAIL|FAIL|FAIL|FAIL|PASS|FAIL|FAIL,0.000|0.000|0.000|0.000|0.000|0.000|0.000
ON,0.0,concordant,55306,291,all_resolved,,0.027829860730861192,0.0,FAIL|FAIL|FAIL|PASS|FAIL|FAIL|PASS,0.000|0.000|0.000|0.000|0.000|0.000|0.000
OFF,0.0,concordant,55306,249,all_resolved,,-0.022126421857125426,0.0,PASS|FAIL|FAIL|FAIL|FAIL|FAIL|FAIL,0.000|0.000|0.000|0.000|0.000|0.000|0.000
ON,0.0,concordant,55307,300,bank_exhausted,,0.0037767789413807092,0.0,FAIL|REFER_BORDERLINE|FAIL|REFER_BORDERLINE|FAIL|FAIL|FAIL,0.000|0.000|0.000|0.000|0.000|0.000|0.000
OFF,0.0,concordant,55307,300,bank_exhausted,,0.019945884261964645,0.0,FAIL|FAIL|FAIL|REFER_BORDERLINE|FAIL|FAIL|FAIL,0.000|0.000|0.000|0.000|0.000|0.000|0.000
ON,0.0,concordant,55308,300,bank_exhausted,,0.032395484083668914,0.0,FAIL|REFER_BORDERLINE|FAIL|PASS|FAIL|FAIL|FAIL,0.000|0.000|0.000|0.000|0.000|0.000|0.000
OFF,0.0,concordant,55308,300,bank_exhausted,,-0.010562723540871058,0.0,REFER_BORDERLINE|PASS|FAIL|FAIL|FAIL|FAIL|FAIL,0.000|0.000|0.000|0.000|0.000|0.000|0.000
ON,0.0,concordant,55309,300,bank_exhausted,,-0.008774779665431307,0.0,FAIL|FAIL|REFER_BORDERLINE|FAIL|FAIL|FAIL|FAIL,0.000|0.000|0.000|0.000|0.000|0.000|0.000
OFF,0.0,concordant,55309,300,bank_exhausted,,-0.01752473304348516,0.0,REFER_BORDERLINE|FAIL|FAIL|FAIL|FAIL|FAIL|FAIL,0.000|0.000|0.000|0.000|0.000|0.000|0.000
ON,0.0,concordant,55310,300,bank_exhausted,,0.03178241446662114,0.0,REFER_BORDERLINE|REFER_BORDERLINE|FAIL|FAIL|FAIL|FAIL|FAIL,0.000|0.000|0.000|0.000|0.000|0.000|0.000
OFF,0.0,concordant,55310,294,all_resolved,,0.014494136124565071,0.0,FAIL|FAIL|FAIL|FAIL|FAIL|FAIL|FAIL,0.000|0.000|0.000|0.000|0.000|0.000|0.000
ON,0.0,concordant,55311,300,bank_exhausted,,0.02588198184261859,0.0,FAIL|REFER_BORDERLINE|FAIL|PASS|REFER_BORDERLINE|FAIL|FAIL,0.000|0.000|0.000|0.000|0.000|0.000|0.000
OFF,0.0,concordant,55311,284,all_resolved,,-0.01208710980038422,0.0,FAIL|PASS|FAIL|FAIL|FAIL|FAIL|FAIL,0.000|0.000|0.000|0.000|0.000|0.000|0.000
ON,0.0,concordant,55312,300,bank_exhausted,,-0.016535161122920312,0.0,FAIL|REFER_BORDERLINE|FAIL|REFER_BORDERLINE|FAIL|FAIL|FAIL,0.000|0.000|0.000|0.000|0.000|0.000|0.000
OFF,0.0,concordant,55312,300,bank_exhausted,,-0.0017437767834983426,0.0,FAIL|REFER_BORDERLINE|FAIL|FAIL|PASS|FAIL|REFER_BORDERLINE,0.000|0.000|0.000|0.000|0.000|0.000|0.000
ON,0.0,concordant,55313,284,all_resolved,,0.016233988491668877,0.0,PASS|PASS|FAIL|FAIL|FAIL|FAIL|FAIL,0.000|0.000|0.000|0.000|0.000|0.000|0.000
OFF,0.0,concordant,55313,215,all_resolved,,0.033272807065241085,0.0,PASS|FAIL|FAIL|FAIL|PASS|FAIL|FAIL,0.000|0.000|0.000|0.000|0.000|0.000|0.000
ON,0.0,concordant,55314,300,bank_exhausted,,0.006976127192381455,0.0,FAIL|PASS|FAIL|PASS|PASS|REFER_BORDERLINE|FAIL,0.000|0.000|0.000|0.000|0.000|0.000|0.000
OFF,0.0,concordant,55314,300,bank_exhausted,,0.014361764219146108,0.0,FAIL|PASS|FAIL|FAIL|FAIL|REFER_BORDERLINE|FAIL,0.000|0.000|0.000|0.000|0.000|0.000|0.000
ON,0.0,concordant,55315,251,all_resolved,,0.004224328589194783,0.0,FAIL|PASS|FAIL|FAIL|FAIL|PASS|FAIL,0.000|0.000|0.000|0.000|0.000|0.000|0.000
OFF,0.0,concordant,55315,300,bank_exhausted,,-0.017453706899545486,0.0,FAIL|FAIL|PASS|FAIL|FAIL|REFER_BORDERLINE|FAIL,0.000|0.000|0.000|0.000|0.000|0.000|0.000
ON,0.0,concordant,55316,300,bank_exhausted,,0.001105107180329546,0.0,REFER_BORDERLINE|PASS|FAIL|REFER_BORDERLINE|FAIL|FAIL|FAIL,0.000|0.000|0.000|0.000|0.000|0.000|0.000
OFF,0.0,concordant,55316,209,all_resolved,,-0.0022311244777636695,0.0,PASS|PASS|FAIL|FAIL|FAIL|FAIL|FAIL,0.000|0.000|0.000|0.000|0.000|0.000|0.000
ON,0.0,concordant,55317,300,bank_exhausted,,0.04739145066606732,0.0,PASS|PASS|FAIL|FAIL|REFER_BORDERLINE|FAIL|FAIL,0.000|0.000|0.000|0.000|0.000|0.000|0.000
OFF,0.0,concordant,55317,297,all_resolved,,0.00986643310307648,0.0,FAIL|FAIL|FAIL|FAIL|FAIL|FAIL|FAIL,0.000|0.000|0.000|0.000|0.000|0.000|0.000
ON,0.0,concordant,55318,300,bank_exhausted,,0.018560685088169063,0.0,REFER_BORDERLINE|FAIL|FAIL|FAIL|FAIL|FAIL|FAIL,0.000|0.000|0.000|0.000|0.000|0.000|0.000
OFF,0.0,concordant,55318,191,all_resolved,,0.002384836586889906,0.0,FAIL|FAIL|FAIL|FAIL|FAIL|FAIL|FAIL,0.000|0.000|0.000|0.000|0.000|0.000|0.000
ON,0.0,concordant,55319,300,bank_exhausted,,0.022010114563568786,0.0,REFER_BORDERLINE|FAIL|FAIL|FAIL|FAIL|FAIL|FAIL,0.000|0.000|0.000|0.000|0.000|0.000|0.000
OFF,0.0,concordant,55319,300,bank_exhausted,,-0.021716263941412607,0.0,REFER_BORDERLINE|PASS|FAIL|REFER_BORDERLINE|FAIL|FAIL|REFER_BORDERLINE,0.000|0.000|0.000|0.000|0.000|0.000|0.000
ON,0.0,concordant,55320,290,all_resolved,,0.029155601006910697,0.0,FAIL|PASS|PASS|FAIL|FAIL|FAIL|FAIL,0.000|0.000|0.000|0.000|0.000|0.000|0.000
OFF,0.0,concordant,55320,300,bank_exhausted,,-0.009561546909531276,0.0,FAIL|PASS|FAIL|FAIL|FAIL|REFER_BORDERLINE|PASS,0.000|0.000|0.000|0.000|0.000|0.000|0.000
ON,0.0,concordant,55321,229,all_resolved,,-0.009711530017060816,0.0,FAIL|FAIL|FAIL|PASS|FAIL|FAIL|FAIL,0.000|0.000|0.000|0.000|0.000|0.000|0.000
OFF,0.0,concordant,55321,300,bank_exhausted,,-0.0014504241434515554,0.0,FAIL|REFER_BORDERLINE|REFER_BORDERLINE|FAIL|FAIL|REFER_BORDERLINE|FAIL,0.000|0.000|0.000|0.000|0.000|0.000|0.000
ON,0.0,concordant,55322,244,all_resolved,,0.04643453232846039,0.0,PASS|FAIL|FAIL|FAIL|FAIL|FAIL|FAIL,0.000|0.000|0.000|0.000|0.000|0.000|0.000
OFF,0.0,concordant,55322,300,bank_exhausted,,-0.02525576240480301,0.0,PASS|FAIL|FAIL|PASS|REFER_BORDERLINE|FAIL|FAIL,0.000|0.000|0.000|0.000|0.000|0.000|0.000
ON,0.0,concordant,55323,257,all_resolved,,0.0014426714539996313,0.0,FAIL|FAIL|FAIL|FAIL|FAIL|FAIL|FAIL,0.000|0.000|0.000|0.000|0.000|0.000|0.000
OFF,0.0,concordant,55323,300,bank_exhausted,,-0.015262378625001507,0.0,FAIL|REFER_BORDERLINE|FAIL|FAIL|REFER_BORDERLINE|FAIL|FAIL,0.000|0.000|0.000|0.000|0.000|0.000|0.000
ON,0.0,concordant,55324,300,bank_exhausted,,0.05636864023331713,0.0,FAIL|REFER_BORDERLINE|FAIL|FAIL|FAIL|FAIL|FAIL,0.000|0.000|0.000|0.000|0.000|0.000|0.000
OFF,0.0,concordant,55324,300,bank_exhausted,,-0.029531584997165208,0.0,FAIL|FAIL|FAIL|REFER_BORDERLINE|FAIL|FAIL|FAIL,0.000|0.000|0.000|0.000|0.000|0.000|0.000
ON,0.0,concordant,55325,226,all_resolved,,0.021957652064924046,0.0,FAIL|FAIL|FAIL|FAIL|PASS|FAIL|FAIL,0.000|0.000|0.000|0.000|0.000|0.000|0.000
OFF,0.0,concordant,55325,300,bank_exhausted,,-0.005277871914344066,0.0,REFER_BORDERLINE|FAIL|FAIL|FAIL|FAIL|REFER_BORDERLINE|FAIL,0.000|0.000|0.000|0.000|0.000|0.000|0.000
ON,0.0,concordant,55326,300,bank_exhausted,,0.011437222274988421,0.0,REFER_BORDERLINE|FAIL|FAIL|FAIL|FAIL|FAIL|FAIL,0.000|0.000|0.000|0.000|0.000|0.000|0.000
OFF,0.0,concordant,55326,300,bank_exhausted,,-0.015684291738815453,0.0,FAIL|PASS|FAIL|REFER_BORDERLINE|FAIL|FAIL|FAIL,0.000|0.000|0.000|0.000|0.000|0.000|0.000
ON,0.0,concordant,55327,196,all_resolved,,0.015175102995495146,0.0,PASS|PASS|FAIL|FAIL|FAIL|FAIL|FAIL,0.000|0.000|0.000|0.000|0.000|0.000|0.000
OFF,0.0,concordant,55327,300,bank_exhausted,,-0.009214684340114986,0.0,PASS|REFER_BORDERLINE|FAIL|FAIL|REFER_BORDERLINE|FAIL|FAIL,0.000|0.000|0.000|0.000|0.000|0.000|0.000
ON,0.0,concordant,55328,261,all_resolved,,0.023982606215887246,0.0,PASS|FAIL|FAIL|FAIL|FAIL|FAIL|FAIL,0.000|0.000|0.000|0.000|0.000|0.000|0.000
OFF,0.0,concordant,55328,300,bank_exhausted,,0.00033516949336288284,0.0,FAIL|FAIL|PASS|PASS|REFER_BORDERLINE|FAIL|FAIL,0.000|0.000|0.000|0.000|0.000|0.000|0.000
ON,0.0,concordant,55329,289,all_resolved,,0.050791917756661996,0.0,FAIL|FAIL|FAIL|FAIL|PASS|PASS|FAIL,0.000|0.000|0.000|0.000|0.000|0.000|0.000
OFF,0.0,concordant,55329,185,all_resolved,,-0.01271509075198203,0.0,FAIL|FAIL|FAIL|PASS|FAIL|FAIL|PASS,0.000|0.000|0.000|0.000|0.000|0.000|0.000
ON,0.0,concordant,55330,300,bank_exhausted,,0.011120452513117995,0.0,FAIL|FAIL|FAIL|FAIL|REFER_BORDERLINE|FAIL|FAIL,0.000|0.000|0.000|0.000|0.000|0.000|0.000
OFF,0.0,concordant,55330,300,bank_exhausted,,0.014987596118707555,0.0,FAIL|REFER_BORDERLINE|FAIL|REFER_BORDERLINE|REFER_BORDERLINE|FAIL|FAIL,0.000|0.000|0.000|0.000|0.000|0.000|0.000
ON,0.0,concordant,55331,211,all_resolved,,0.023818506083309265,0.0,FAIL|FAIL|FAIL|FAIL|FAIL|FAIL|FAIL,0.000|0.000|0.000|0.000|0.000|0.000|0.000
OFF,0.0,concordant,55331,300,bank_exhausted,,0.0004301130486411901,0.0,REFER_BORDERLINE|FAIL|FAIL|FAIL|FAIL|FAIL|PASS,0.000|0.000|0.000|0.000|0.000|0.000|0.000
ON,0.0,concordant,55332,300,bank_exhausted,,0.02824441320796693,0.0,REFER_BORDERLINE|PASS|REFER_BORDERLINE|FAIL|PASS|FAIL|REFER_BORDERLINE,0.000|0.000|0.000|0.000|0.000|0.000|0.000
OFF,0.0,concordant,55332,300,bank_exhausted,,-0.018325349397346258,0.0,REFER_BORDERLINE|FAIL|FAIL|FAIL|FAIL|FAIL|REFER_BORDERLINE,0.000|0.000|0.000|0.000|0.000|0.000|0.000
ON,0.0,concordant,55333,300,bank_exhausted,,0.0055832185021401585,0.0,FAIL|FAIL|FAIL|FAIL|REFER_BORDERLINE|FAIL|FAIL,0.000|0.000|0.000|0.000|0.000|0.000|0.000
OFF,0.0,concordant,55333,241,all_resolved,,0.013673709387811978,0.0,FAIL|FAIL|FAIL|PASS|FAIL|FAIL|FAIL,0.000|0.000|0.000|0.000|0.000|0.000|0.000
ON,0.0,concordant,55334,244,all_resolved,,0.007922171412522586,0.0,FAIL|FAIL|FAIL|FAIL|FAIL|FAIL|FAIL,0.000|0.000|0.000|0.000|0.000|0.000|0.000
OFF,0.0,concordant,55334,300,bank_exhausted,,0.02436620518425326,0.0,REFER_BORDERLINE|FAIL|FAIL|PASS|REFER_BORDERLINE|FAIL|PASS,0.000|0.000|0.000|0.000|0.000|0.000|0.000
ON,0.0,concordant,55335,243,all_resolved,,-0.01604520297947679,0.0,FAIL|PASS|FAIL|FAIL|FAIL|FAIL|FAIL,0.000|0.000|0.000|0.000|0.000|0.000|0.000
OFF,0.0,concordant,55335,255,all_resolved,,-0.003429920119720325,0.0,FAIL|FAIL|FAIL|FAIL|FAIL|FAIL|FAIL,0.000|0.000|0.000|0.000|0.000|0.000|0.000
ON,0.0,concordant,55336,300,bank_exhausted,,0.014555985057070231,0.0,FAIL|REFER_BORDERLINE|REFER_BORDERLINE|FAIL|FAIL|FAIL|FAIL,0.000|0.000|0.000|0.000|0.000|0.000|0.000
OFF,0.0,concordant,55336,205,all_resolved,,-0.020473168012719305,0.0,FAIL|PASS|FAIL|FAIL|FAIL|FAIL|FAIL,0.000|0.000|0.000|0.000|0.000|0.000|0.000
ON,0.0,concordant,55337,187,all_resolved,,0.025258015995968067,0.0,FAIL|FAIL|FAIL|FAIL|FAIL|FAIL|FAIL,0.000|0.000|0.000|0.000|0.000|0.000|0.000
OFF,0.0,concordant,55337,235,all_resolved,,-0.03347955818179017,0.0,FAIL|FAIL|FAIL|FAIL|FAIL|FAIL|FAIL,0.000|0.000|0.000|0.000|0.000|0.000|0.000
ON,0.0,concordant,55338,300,bank_exhausted,,0.04682228285204079,0.0,REFER_BORDERLINE|FAIL|FAIL|FAIL|REFER_BORDERLINE|FAIL|PASS,0.000|0.000|0.000|0.000|0.000|0.000|0.000
OFF,0.0,concordant,55338,300,bank_exhausted,,0.0043918790874415085,0.0,REFER_BORDERLINE|FAIL|FAIL|FAIL|FAIL|FAIL|REFER_BORDERLINE,0.000|0.000|0.000|0.000|0.000|0.000|0.000
ON,0.0,concordant,55339,226,all_resolved,,0.007275898295899049,0.0,PASS|FAIL|FAIL|FAIL|FAIL|FAIL|FAIL,0.000|0.000|0.000|0.000|0.000|0.000|0.000
OFF,0.0,concordant,55339,300,bank_exhausted,,0.001832650178921808,0.0,PASS|FAIL|FAIL|REFER_BORDERLINE|FAIL|FAIL|FAIL,0.000|0.000|0.000|0.000|0.000|0.000|0.000
ON,0.0,concordant,55340,300,bank_exhausted,,0.0029720950834540884,0.0,FAIL|PASS|FAIL|REFER_BORDERLINE|FAIL|PASS|FAIL,0.000|0.000|0.000|0.000|0.000|0.000|0.000
OFF,0.0,concordant,55340,300,bank_exhausted,,0.021702325588895746,0.0,REFER_BORDERLINE|FAIL|FAIL|REFER_BORDERLINE|FAIL|PASS|FAIL,0.000|0.000|0.000|0.000|0.000|0.000|0.000
ON,0.0,concordant,55341,300,bank_exhausted,,0.015525043814042551,0.0,REFER_BORDERLINE|FAIL|FAIL|FAIL|REFER_BORDERLINE|FAIL|FAIL,0.000|0.000|0.000|0.000|0.000|0.000|0.000
OFF,0.0,concordant,55341,300,bank_exhausted,,-0.005486721295613901,0.0,PASS|PASS|REFER_BORDERLINE|REFER_BORDERLINE|FAIL|PASS|REFER_BORDERLINE,0.000|0.000|0.000|0.000|0.000|0.000|0.000
ON,0.0,concordant,55342,235,all_resolved,,0.03821061035836101,0.0,FAIL|FAIL|FAIL|FAIL|FAIL|FAIL|PASS,0.000|0.000|0.000|0.000|0.000|0.000|0.000
OFF,0.0,concordant,55342,300,bank_exhausted,,0.04643785317121428,0.0,FAIL|FAIL|FAIL|FAIL|REFER_BORDERLINE|FAIL|FAIL,0.000|0.000|0.000|0.000|0.000|0.000|0.000
ON,0.0,concordant,55343,300,bank_exhausted,,-0.005350870606907583,0.0,FAIL|FAIL|FAIL|FAIL|PASS|REFER_BORDERLINE|FAIL,0.000|0.000|0.000|0.000|0.000|0.000|0.000
OFF,0.0,concordant,55343,267,all_resolved,,0.018041613029734734,0.0,FAIL|FAIL|PASS|FAIL|FAIL|FAIL|FAIL,0.000|0.000|0.000|0.000|0.000|0.000|0.000
ON,0.0,concordant,55344,300,bank_exhausted,,-0.0016088972876478896,0.0,FAIL|PASS|FAIL|REFER_BORDERLINE|FAIL|FAIL|REFER_BORDERLINE,0.000|0.000|0.000|0.000|0.000|0.000|0.000
OFF,0.0,concordant,55344,300,bank_exhausted,,0.005977945856293017,0.0,FAIL|REFER_BORDERLINE|FAIL|REFER_BORDERLINE|FAIL|FAIL|FAIL,0.000|0.000|0.000|0.000|0.000|0.000|0.000
ON,0.0,concordant,55345,300,bank_exhausted,,-0.0076939843248473045,0.0,FAIL|FAIL|FAIL|PASS|FAIL|FAIL|REFER_BORDERLINE,0.000|0.000|0.000|0.000|0.000|0.000|0.000
OFF,0.0,concordant,55345,300,bank_exhausted,,0.0010481830273648667,0.0,FAIL|REFER_BORDERLINE|FAIL|FAIL|FAIL|FAIL|PASS,0.000|0.000|0.000|0.000|0.000|0.000|0.000
ON,0.0,concordant,55346,300,bank_exhausted,,0.028365682233827405,0.0,PASS|FAIL|FAIL|REFER_BORDERLINE|PASS|FAIL|FAIL,0.000|0.000|0.000|0.000|0.000|0.000|0.000
OFF,0.0,concordant,55346,198,all_resolved,,0.0002921750412528242,0.0,FAIL|FAIL|FAIL|FAIL|FAIL|FAIL|FAIL,0.000|0.000|0.000|0.000|0.000|0.000|0.000
ON,0.0,concordant,55347,300,bank_exhausted,,-0.012950917697261624,0.0,FAIL|FAIL|REFER_BORDERLINE|FAIL|FAIL|FAIL|FAIL,0.000|0.000|0.000|0.000|0.000|0.000|0.000
OFF,0.0,concordant,55347,212,all_resolved,,0.0023481505948564816,0.0,FAIL|PASS|FAIL|FAIL|FAIL|FAIL|FAIL,0.000|0.000|0.000|0.000|0.000|0.000|0.000
ON,0.0,concordant,55348,176,all_resolved,,0.004028979134474069,0.0,FAIL|FAIL|FAIL|FAIL|FAIL|FAIL|FAIL,0.000|0.000|0.000|0.000|0.000|0.000|0.000
OFF,0.0,concordant,55348,300,bank_exhausted,,0.016633873348072592,0.0,REFER_BORDERLINE|FAIL|FAIL|FAIL|FAIL|FAIL|FAIL,0.000|0.000|0.000|0.000|0.000|0.000|0.000
ON,0.0,concordant,55349,203,all_resolved,,0.0012350662834785153,0.0,FAIL|FAIL|FAIL|PASS|FAIL|FAIL|FAIL,0.000|0.000|0.000|0.000|0.000|0.000|0.000
OFF,0.0,concordant,55349,300,bank_exhausted,,-0.0024089561803922713,0.0,REFER_BORDERLINE|PASS|PASS|FAIL|FAIL|FAIL|FAIL,0.000|0.000|0.000|0.000|0.000|0.000|0.000
ON,0.0,concordant,55350,300,bank_exhausted,,-0.0015667764746803304,0.0,FAIL|FAIL|FAIL|REFER_BORDERLINE|FAIL|FAIL|FAIL,0.000|0.000|0.000|0.000|0.000|0.000|0.000
OFF,0.0,concordant,55350,300,bank_exhausted,,0.010405377372905287,0.0,FAIL|FAIL|FAIL|FAIL|REFER_BORDERLINE|FAIL|FAIL,0.000|0.000|0.000|0.000|0.000|0.000|0.000
ON,0.0,concordant,55351,254,all_resolved,,0.022458435875422064,0.0,FAIL|FAIL|FAIL|FAIL|FAIL|FAIL|FAIL,0.000|0.000|0.000|0.000|0.000|0.000|0.000
OFF,0.0,concordant,55351,300,bank_exhausted,,-0.02076530969747505,0.0,FAIL|FAIL|FAIL|REFER_BORDERLINE|FAIL|FAIL|PASS,0.000|0.000|0.000|0.000|0.000|0.000|0.000
ON,0.0,concordant,55352,300,bank_exhausted,,-0.0083722253197057,0.0,FAIL|REFER_BORDERLINE|FAIL|FAIL|FAIL|FAIL|FAIL,0.000|0.000|0.000|0.000|0.000|0.000|0.000
OFF,0.0,concordant,55352,300,bank_exhausted,,0.005905948686344472,0.0,FAIL|PASS|REFER_BORDERLINE|REFER_BORDERLINE|FAIL|FAIL|PASS,0.000|0.000|0.000|0.000|0.000|0.000|0.000
ON,0.0,concordant,55353,300,bank_exhausted,,-0.011018585527150257,0.0,REFER_BORDERLINE|REFER_BORDERLINE|REFER_BORDERLINE|FAIL|FAIL|FAIL|FAIL,0.000|0.000|0.000|0.000|0.000|0.000|0.000
OFF,0.0,concordant,55353,300,bank_exhausted,,-0.0033710264022743888,0.0,REFER_BORDERLINE|FAIL|FAIL|FAIL|FAIL|FAIL|FAIL,0.000|0.000|0.000|0.000|0.000|0.000|0.000
ON,0.0,concordant,55354,295,all_resolved,,0.01528689652638551,0.0,FAIL|FAIL|FAIL|PASS|PASS|FAIL|FAIL,0.000|0.000|0.000|0.000|0.000|0.000|0.000
OFF,0.0,concordant,55354,300,bank_exhausted,,-0.00823104990949364,0.0,REFER_BORDERLINE|FAIL|FAIL|FAIL|FAIL|REFER_BORDERLINE|FAIL,0.000|0.000|0.000|0.000|0.000|0.000|0.000
ON,0.0,concordant,55355,300,bank_exhausted,,-0.001476177431462636,0.0,FAIL|REFER_BORDERLINE|FAIL|FAIL|FAIL|FAIL|FAIL,0.000|0.000|0.000|0.000|0.000|0.000|0.000
OFF,0.0,concordant,55355,234,all_resolved,,-0.023997378658825595,0.0,FAIL|PASS|FAIL|FAIL|FAIL|FAIL|FAIL,0.000|0.000|0.000|0.000|0.000|0.000|0.000
ON,0.0,concordant,55356,300,bank_exhausted,,0.021951729114832858,0.0,FAIL|REFER_BORDERLINE|FAIL|PASS|FAIL|FAIL|REFER_BORDERLINE,0.000|0.000|0.000|0.000|0.000|0.000|0.000
OFF,0.0,concordant,55356,221,all_resolved,,0.009931630680830736,0.0,FAIL|FAIL|FAIL|FAIL|FAIL|PASS|PASS,0.000|0.000|0.000|0.000|0.000|0.000|0.000
ON,0.0,concordant,55357,239,all_resolved,,0.006285445208208958,0.0,FAIL|FAIL|FAIL|FAIL|FAIL|FAIL|FAIL,0.000|0.000|0.000|0.000|0.000|0.000|0.000
OFF,0.0,concordant,55357,284,all_resolved,,0.01377713330544178,0.0,FAIL|FAIL|FAIL|FAIL|FAIL|FAIL|PASS,0.000|0.000|0.000|0.000|0.000|0.000|0.000
ON,0.0,concordant,55358,300,bank_exhausted,,0.0023293482499945287,0.0,FAIL|FAIL|FAIL|FAIL|REFER_BORDERLINE|REFER_BORDERLINE|REFER_BORDERLINE,0.000|0.000|0.000|0.000|0.000|0.000|0.000
OFF,0.0,concordant,55358,214,all_resolved,,-0.020670576429459214,0.0,FAIL|FAIL|FAIL|PASS|FAIL|FAIL|FAIL,0.000|0.000|0.000|0.000|0.000|0.000|0.000
ON,0.0,concordant,55359,197,all_resolved,,0.025267197379445244,0.0,FAIL|FAIL|FAIL|PASS|FAIL|FAIL|FAIL,0.000|0.000|0.000|0.000|0.000|0.000|0.000
OFF,0.0,concordant,55359,300,bank_exhausted,,0.0003600999642037666,0.0,FAIL|FAIL|FAIL|REFER_BORDERLINE|REFER_BORDERLINE|FAIL|FAIL,0.000|0.000|0.000|0.000|0.000|0.000|0.000
ON,0.0,discordant,55360,209,all_resolved,,0.005435282271732214,0.0,PASS|FAIL|FAIL|FAIL|PASS|PASS|FAIL,0.607|-1.034|-0.602|-0.755|0.657|0.993|0.288
OFF,0.0,discordant,55360,300,bank_exhausted,,-0.017918109534545416,0.0,PASS|FAIL|FAIL|FAIL|PASS|PASS|REFER_BORDERLINE,0.607|-1.034|-0.602|-0.755|0.657|0.993|0.288
ON,0.0,discordant,55361,194,all_resolved,,0.017568660921482855,0.0,PASS|FAIL|FAIL|FAIL|FAIL|FAIL|FAIL,0.651|-0.813|-0.210|0.056|-0.740|0.137|-0.080
OFF,0.0,discordant,55361,300,bank_exhausted,,-0.006846041143957379,0.0,REFER_BORDERLINE|FAIL|FAIL|PASS|FAIL|FAIL|FAIL,0.651|-0.813|-0.210|0.056|-0.740|0.137|-0.080
ON,0.0,discordant,55362,300,bank_exhausted,,0.03268099483482275,0.0,FAIL|REFER_BORDERLINE|FAIL|FAIL|FAIL|FAIL|REFER_BORDERLINE,-0.927|0.155|-0.045|-1.372|-0.421|0.192|0.405
OFF,0.0,discordant,55362,300,bank_exhausted,,0.0016520623701673806,0.0,FAIL|REFER_BORDERLINE|FAIL|FAIL|FAIL|FAIL|PASS,-0.927|0.155|-0.045|-1.372|-0.421|0.192|0.405
ON,0.0,discordant,55363,191,all_resolved,,0.040456881627989744,0.0,FAIL|FAIL|FAIL|FAIL|FAIL|FAIL|FAIL,-0.105|-0.173|0.102|-0.048|-0.483|-0.666|0.534
OFF,0.0,discordant,55363,300,bank_exhausted,,-0.005080469461069943,0.0,FAIL|REFER_BORDERLINE|FAIL|FAIL|FAIL|FAIL|REFER_BORDERLINE,-0.105|-0.173|0.102|-0.048|-0.483|-0.666|0.534
ON,0.0,discordant,55364,265,all_resolved,,-0.0012118452509418292,0.0,FAIL|FAIL|FAIL|PASS|FAIL|FAIL|PASS,0.024|-0.371|-0.513|0.559|0.187|0.119|0.039
OFF,0.0,discordant,55364,300,bank_exhausted,,0.006384693799414685,0.0,PASS|FAIL|FAIL|PASS|FAIL|PASS|REFER_BORDERLINE,0.024|-0.371|-0.513|0.559|0.187|0.119|0.039
ON,0.0,discordant,55365,210,all_resolved,,-0.005808420959972889,0.0,PASS|FAIL|FAIL|FAIL|FAIL|FAIL|PASS,0.341|-0.293|0.262|-0.427|-0.676|0.110|0.611
OFF,0.0,discordant,55365,300,bank_exhausted,,-0.028071704894869685,0.0,PASS|REFER_BORDERLINE|REFER_BORDERLINE|FAIL|FAIL|REFER_BORDERLINE|PASS,0.341|-0.293|0.262|-0.427|-0.676|0.110|0.611
ON,0.0,discordant,55366,300,bank_exhausted,,-0.0038796147786267976,0.0,FAIL|REFER_BORDERLINE|FAIL|FAIL|FAIL|FAIL|PASS,0.009|0.424|-0.412|-0.397|-0.159|0.264|1.149
OFF,0.0,discordant,55366,209,all_resolved,,0.005282467511027568,0.0,PASS|FAIL|FAIL|FAIL|FAIL|PASS|PASS,0.009|0.424|-0.412|-0.397|-0.159|0.264|1.149
ON,0.0,discordant,55367,300,bank_exhausted,,0.023402662114799137,0.0,FAIL|FAIL|REFER_BORDERLINE|PASS|FAIL|REFER_BORDERLINE|FAIL,0.142|-0.703|0.576|-0.883|-0.241|0.670|0.020
OFF,0.0,discordant,55367,206,all_resolved,,0.0024873479813605475,0.0,FAIL|FAIL|PASS|FAIL|FAIL|PASS|FAIL,0.142|-0.703|0.576|-0.883|-0.241|0.670|0.020
ON,0.0,discordant,55368,300,bank_exhausted,,0.029095662655661436,0.0,FAIL|PASS|FAIL|REFER_BORDERLINE|FAIL|PASS|FAIL,-0.724|0.474|-0.207|0.892|-0.331|0.493|-0.377
OFF,0.0,discordant,55368,208,all_resolved,,-0.0012023001686344834,0.0,FAIL|PASS|FAIL|PASS|FAIL|PASS|FAIL,-0.724|0.474|-0.207|0.892|-0.331|0.493|-0.377
ON,0.0,discordant,55369,180,all_resolved,,0.015845001198019522,0.0,PASS|FAIL|FAIL|PASS|FAIL|FAIL|FAIL,-0.042|-0.703|-0.383|0.917|-0.336|-0.466|-0.322
OFF,0.0,discordant,55369,188,all_resolved,,0.01004814289753694,0.0,FAIL|FAIL|FAIL|PASS|FAIL|FAIL|FAIL,-0.042|-0.703|-0.383|0.917|-0.336|-0.466|-0.322
ON,0.0,discordant,55370,300,bank_exhausted,,0.04794633149939549,0.0,FAIL|FAIL|REFER_BORDERLINE|FAIL|FAIL|FAIL|FAIL,0.041|-0.802|0.701|-0.147|-0.267|-0.200|-0.249
OFF,0.0,discordant,55370,300,bank_exhausted,,0.001269881362669791,0.0,FAIL|FAIL|REFER_BORDERLINE|FAIL|FAIL|FAIL|FAIL,0.041|-0.802|0.701|-0.147|-0.267|-0.200|-0.249
ON,0.0,discordant,55371,286,all_resolved,,0.01280203762261026,0.0,PASS|FAIL|FAIL|FAIL|PASS|FAIL|PASS,0.120|-1.151|0.127|-0.126|0.311|-0.552|-0.176
OFF,0.0,discordant,55371,300,bank_exhausted,,0.0302550746531504,0.0,PASS|FAIL|FAIL|PASS|REFER_BORDERLINE|FAIL|FAIL,0.120|-1.151|0.127|-0.126|0.311|-0.552|-0.176
ON,0.0,discordant,55372,300,bank_exhausted,,-0.0030229619032939767,0.0,REFER_BORDERLINE|PASS|PASS|PASS|PASS|PASS|REFER_BORDERLINE,0.448|1.051|1.301|0.450|1.378|0.444|0.508
OFF,0.0,discordant,55372,300,bank_exhausted,,0.02930078865163193,0.0,FAIL|PASS|PASS|PASS|PASS|FAIL|REFER_BORDERLINE,0.448|1.051|1.301|0.450|1.378|0.444|0.508
ON,0.0,discordant,55373,300,bank_exhausted,,-0.0018470855191592204,0.0,REFER_BORDERLINE|FAIL|FAIL|REFER_BORDERLINE|FAIL|FAIL|PASS,-0.184|-0.044|-0.304|0.355|-0.314|-0.389|0.824
OFF,0.0,discordant,55373,300,bank_exhausted,,-0.0198820313484056,0.0,PASS|FAIL|FAIL|PASS|REFER_BORDERLINE|FAIL|PASS,-0.184|-0.044|-0.304|0.355|-0.314|-0.389|0.824
ON,0.0,discordant,55374,300,bank_exhausted,,0.0007621707607799588,0.0,REFER_BORDERLINE|FAIL|FAIL|FAIL|FAIL|FAIL|FAIL,0.278|-0.165|-0.691|-0.676|-1.340|-0.149|-0.072
OFF,0.0,discordant,55374,300,bank_exhausted,,-0.010680088573123964,0.0,REFER_BORDERLINE|FAIL|FAIL|FAIL|FAIL|FAIL|FAIL,0.278|-0.165|-0.691|-0.676|-1.340|-0.149|-0.072
ON,0.0,discordant,55375,300,bank_exhausted,,0.019284245471035782,0.0,FAIL|FAIL|FAIL|PASS|FAIL|REFER_BORDERLINE|FAIL,-1.094|0.352|0.205|0.413|-0.016|0.170|0.012
OFF,0.0,discordant,55375,300,bank_exhausted,,-0.017119006372998295,0.0,FAIL|FAIL|FAIL|PASS|FAIL|FAIL|REFER_BORDERLINE,-1.094|0.352|0.205|0.413|-0.016|0.170|0.012
ON,0.0,discordant,55376,229,all_resolved,,0.0010502203012485042,0.0,FAIL|FAIL|FAIL|FAIL|FAIL|FAIL|FAIL,-0.296|-0.917|-0.622|-0.181|-1.089|-0.277|-0.150
OFF,0.0,discordant,55376,197,all_resolved,,0.0016933328782238724,0.0,FAIL|FAIL|FAIL|FAIL|FAIL|FAIL|FAIL,-0.296|-0.917|-0.622|-0.181|-1.089|-0.277|-0.150
ON,0.0,discordant,55377,300,bank_exhausted,,0.02199326734160561,0.0,FAIL|PASS|REFER_BORDERLINE|FAIL|REFER_BORDERLINE|FAIL|FAIL,-0.197|0.743|0.430|-0.915|0.364|-0.228|0.193
OFF,0.0,discordant,55377,300,bank_exhausted,,-0.010038667260074262,0.0,FAIL|PASS|FAIL|FAIL|FAIL|FAIL|REFER_BORDERLINE,-0.197|0.743|0.430|-0.915|0.364|-0.228|0.193
ON,0.0,discordant,55378,300,bank_exhausted,,0.013577916584609415,0.0,PASS|REFER_BORDERLINE|FAIL|FAIL|FAIL|REFER_BORDERLINE|PASS,-0.113|0.337|0.273|-0.458|-0.711|0.369|1.089
OFF,0.0,discordant,55378,300,bank_exhausted,,-0.009967384722969645,0.0,FAIL|PASS|FAIL|PASS|FAIL|REFER_BORDERLINE|PASS,-0.113|0.337|0.273|-0.458|-0.711|0.369|1.089
ON,0.0,discordant,55379,300,bank_exhausted,,0.002548393472275063,0.0,PASS|PASS|FAIL|PASS|FAIL|REFER_BORDERLINE|FAIL,0.600|0.038|0.321|0.759|-0.547|0.437|-0.889
OFF,0.0,discordant,55379,300,bank_exhausted,,-0.014071629772870712,0.0,PASS|REFER_BORDERLINE|FAIL|PASS|FAIL|PASS|FAIL,0.600|0.038|0.321|0.759|-0.547|0.437|-0.889
ON,0.0,discordant,55380,247,all_resolved,,0.0069208845119657185,0.0,FAIL|PASS|FAIL|FAIL|PASS|PASS|FAIL,-0.399|1.682|0.450|-0.451|0.746|0.926|-0.269
OFF,0.0,discordant,55380,216,all_resolved,,0.007338892583484631,0.0,FAIL|PASS|FAIL|FAIL|PASS|PASS|FAIL,-0.399|1.682|0.450|-0.451|0.746|0.926|-0.269
ON,0.0,discordant,55381,185,all_resolved,,0.010547940746125412,0.0,FAIL|PASS|FAIL|FAIL|PASS|FAIL|FAIL,0.317|0.249|-0.240|-0.501|0.935|-0.190|-0.251
OFF,0.0,discordant,55381,300,bank_exhausted,,0.012528461877974786,0.0,REFER_BORDERLINE|REFER_BORDERLINE|FAIL|FAIL|PASS|FAIL|FAIL,0.317|0.249|-0.240|-0.501|0.935|-0.190|-0.251
ON,0.0,discordant,55382,300,bank_exhausted,,0.013627164960906945,0.0,REFER_BORDERLINE|FAIL|FAIL|FAIL|FAIL|FAIL|FAIL,0.405|-0.082|0.008|-0.028|-0.459|-1.251|-0.240
OFF,0.0,discordant,55382,300,bank_exhausted,,-0.01408406368996932,0.0,REFER_BORDERLINE|FAIL|FAIL|REFER_BORDERLINE|FAIL|FAIL|FAIL,0.405|-0.082|0.008|-0.028|-0.459|-1.251|-0.240
ON,0.0,discordant,55383,300,bank_exhausted,,0.025029549259905214,0.0,FAIL|FAIL|FAIL|PASS|REFER_BORDERLINE|FAIL|PASS,-0.345|-0.285|-0.268|0.459|0.076|-0.345|0.923
OFF,0.0,discordant,55383,283,all_resolved,,-0.005462689285067402,0.0,FAIL|FAIL|FAIL|PASS|FAIL|FAIL|PASS,-0.345|-0.285|-0.268|0.459|0.076|-0.345|0.923
ON,0.0,discordant,55384,300,bank_exhausted,,0.007055034109903557,0.0,FAIL|REFER_BORDERLINE|FAIL|PASS|PASS|REFER_BORDERLINE|PASS,0.134|0.334|0.581|1.249|0.173|0.704|0.225
OFF,0.0,discordant,55384,300,bank_exhausted,,0.009793228649629986,0.0,REFER_BORDERLINE|PASS|PASS|PASS|FAIL|PASS|FAIL,0.134|0.334|0.581|1.249|0.173|0.704|0.225
ON,0.0,discordant,55385,300,bank_exhausted,,0.002427234575446064,0.0,FAIL|FAIL|FAIL|REFER_BORDERLINE|FAIL|PASS|FAIL,-0.368|-0.059|-0.603|-0.190|-0.387|0.929|-0.730
OFF,0.0,discordant,55385,266,all_resolved,,0.0003630787925196596,0.0,FAIL|FAIL|FAIL|FAIL|FAIL|PASS|FAIL,-0.368|-0.059|-0.603|-0.190|-0.387|0.929|-0.730
ON,0.0,discordant,55386,300,bank_exhausted,,0.026262828092341838,0.0,FAIL|FAIL|REFER_BORDERLINE|FAIL|PASS|FAIL|PASS,0.014|-0.450|-0.360|-0.612|0.664|0.355|0.544
OFF,0.0,discordant,55386,300,bank_exhausted,,-0.016349872536953223,0.0,FAIL|REFER_BORDERLINE|FAIL|FAIL|PASS|REFER_BORDERLINE|REFER_BORDERLINE,0.014|-0.450|-0.360|-0.612|0.664|0.355|0.544
ON,0.0,discordant,55387,200,all_resolved,,0.01692939887651156,0.0,FAIL|FAIL|PASS|PASS|FAIL|FAIL|FAIL,-0.340|-0.487|-0.117|1.562|-0.142|-0.508|-0.189
OFF,0.0,discordant,55387,230,all_resolved,,0.022811114363469404,0.0,FAIL|FAIL|PASS|PASS|FAIL|FAIL|FAIL,-0.340|-0.487|-0.117|1.562|-0.142|-0.508|-0.189
ON,0.0,discordant,55388,209,all_resolved,,0.030230793807469947,0.0,PASS|FAIL|FAIL|PASS|PASS|PASS|FAIL,0.895|0.488|-0.977|1.769|1.603|0.609|0.183
OFF,0.0,discordant,55388,300,bank_exhausted,,-0.012816443993940819,0.0,PASS|PASS|FAIL|PASS|PASS|REFER_BORDERLINE|FAIL,0.895|0.488|-0.977|1.769|1.603|0.609|0.183
ON,0.0,discordant,55389,300,bank_exhausted,,0.005838498921677866,0.0,FAIL|FAIL|REFER_BORDERLINE|FAIL|FAIL|PASS|PASS,-0.501|-0.286|0.726|0.118|0.105|0.505|2.062
OFF,0.0,discordant,55389,300,bank_exhausted,,0.012238936627207344,0.0,FAIL|FAIL|PASS|PASS|FAIL|REFER_BORDERLINE|PASS,-0.501|-0.286|0.726|0.118|0.105|0.505|2.062
ON,0.0,discordant,55390,192,all_resolved,,0.02681064370299725,0.0,PASS|PASS|PASS|PASS|FAIL|FAIL|PASS,1.295|-0.353|0.147|0.855|0.042|-0.418|0.732
OFF,0.0,discordant,55390,300,bank_exhausted,,0.02066287618449005,0.0,PASS|FAIL|REFER_BORDERLINE|PASS|REFER_BORDERLINE|PASS|PASS,1.295|-0.353|0.147|0.855|0.042|-0.418|0.732
ON,0.0,discordant,55391,300,bank_exhausted,,0.010107362610680157,0.0,FAIL|FAIL|PASS|FAIL|REFER_BORDERLINE|FAIL|FAIL,0.384|0.239|1.190|0.224|0.069|-0.563|0.192
OFF,0.0,discordant,55391,300,bank_exhausted,,0.0063400892319576616,0.0,PASS|REFER_BORDERLINE|PASS|FAIL|REFER_BORDERLINE|FAIL|FAIL,0.384|0.239|1.190|0.224|0.069|-0.563|0.192
ON,0.0,discordant,55392,271,all_resolved,,0.03416895863768218,0.0,FAIL|FAIL|FAIL|PASS|FAIL|PASS|FAIL,-0.135|-0.899|-0.288|0.563|-1.183|0.384|-0.741
OFF,0.0,discordant,55392,241,all_resolved,,-0.012522952008193472,0.0,FAIL|FAIL|FAIL|PASS|FAIL|PASS|FAIL,-0.135|-0.899|-0.288|0.563|-1.183|0.384|-0.741
ON,0.0,discordant,55393,300,bank_exhausted,,-0.011176883708275536,0.0,REFER_BORDERLINE|FAIL|FAIL|FAIL|FAIL|FAIL|FAIL,-0.749|0.360|-0.123|-0.430|0.078|-0.091|-0.401
OFF,0.0,discordant,55393,300,bank_exhausted,,-0.02097410292971113,0.0,FAIL|PASS|FAIL|REFER_BORDERLINE|FAIL|FAIL|FAIL,-0.749|0.360|-0.123|-0.430|0.078|-0.091|-0.401
ON,0.0,discordant,55394,300,bank_exhausted,,0.013969124874956966,0.0,PASS|FAIL|FAIL|REFER_BORDERLINE|FAIL|PASS|FAIL,1.088|-0.769|0.234|-0.186|-0.867|0.851|-0.316
OFF,0.0,discordant,55394,261,all_resolved,,0.005951118904646067,0.0,PASS|FAIL|FAIL|FAIL|FAIL|PASS|FAIL,1.088|-0.769|0.234|-0.186|-0.867|0.851|-0.316
ON,0.0,discordant,55395,300,bank_exhausted,,0.02070268166974078,0.0,FAIL|FAIL|REFER_BORDERLINE|FAIL|REFER_BORDERLINE|FAIL|FAIL,-0.187|-0.151|0.711|-0.715|0.318|-0.439|-0.367
OFF,0.0,discordant,55395,300,bank_exhausted,,0.008528704717518019,0.0,FAIL|REFER_BORDERLINE|PASS|FAIL|REFER_BORDERLINE|REFER_BORDERLINE|FAIL,-0.187|-0.151|0.711|-0.715|0.318|-0.439|-0.367
ON,0.0,discordant,55396,260,all_resolved,,-0.0062644614742585,0.0,PASS|PASS|FAIL|FAIL|FAIL|PASS|PASS,0.478|0.406|0.260|-0.294|-0.218|0.537|0.956
OFF,0.0,discordant,55396,300,bank_exhausted,,0.009369008625014861,0.0,PASS|REFER_BORDERLINE|REFER_BORDERLINE|FAIL|FAIL|REFER_BORDERLINE|PASS,0.478|0.406|0.260|-0.294|-0.218|0.537|0.956
ON,0.0,discordant,55397,300,bank_exhausted,,0.030826662371527654,0.0,FAIL|FAIL|REFER_BORDERLINE|FAIL|FAIL|FAIL|FAIL,-0.321|-0.484|-0.009|-0.202|0.150|-0.245|0.397
OFF,0.0,discordant,55397,300,bank_exhausted,,-0.008881525142369387,0.0,FAIL|FAIL|FAIL|FAIL|FAIL|FAIL|REFER_BORDERLINE,-0.321|-0.484|-0.009|-0.202|0.150|-0.245|0.397
ON,0.0,discordant,55398,193,all_resolved,,-0.00063320695033441,0.0,PASS|FAIL|FAIL|FAIL|FAIL|FAIL|FAIL,0.775|-0.341|-1.149|-0.160|0.255|-0.305|-0.191
OFF,0.0,discordant,55398,219,all_resolved,,-0.001603892603305062,0.0,PASS|FAIL|FAIL|FAIL|PASS|FAIL|FAIL,0.775|-0.341|-1.149|-0.160|0.255|-0.305|-0.191
ON,0.0,discordant,55399,300,bank_exhausted,,0.004142539003557051,0.0,PASS|PASS|FAIL|FAIL|FAIL|REFER_BORDERLINE|FAIL,0.656|0.371|0.186|-0.196|-0.902|0.536|-0.484
OFF,0.0,discordant,55399,300,bank_exhausted,,0.010582331657354378,0.0,REFER_BORDERLINE|REFER_BORDERLINE|FAIL|FAIL|FAIL|PASS|FAIL,0.656|0.371|0.186|-0.196|-0.902|0.536|-0.484
ON,0.0,discordant,55400,264,all_resolved,,0.012631760786693605,0.0,FAIL|FAIL|PASS|PASS|FAIL|FAIL|FAIL,-0.484|-0.574|0.373|1.475|0.282|0.323|-0.027
OFF,0.0,discordant,55400,220,all_resolved,,0.01790270858624002,0.0,FAIL|FAIL|PASS|PASS|PASS|FAIL|FAIL,-0.484|-0.574|0.373|1.475|0.282|0.323|-0.027
ON,0.0,discordant,55401,300,bank_exhausted,,0.04033464974766939,0.0,FAIL|PASS|REFER_BORDERLINE|FAIL|PASS|FAIL|FAIL,-0.258|0.375|0.415|-0.487|1.038|-0.234|-0.382
OFF,0.0,discordant,55401,300,bank_exhausted,,0.003147434365579883,0.0,FAIL|PASS|REFER_BORDERLINE|FAIL|PASS|FAIL|FAIL,-0.258|0.375|0.415|-0.487|1.038|-0.234|-0.382
ON,0.0,discordant,55402,300,bank_exhausted,,0.06055682413474079,0.0,PASS|REFER_BORDERLINE|FAIL|REFER_BORDERLINE|FAIL|FAIL|FAIL,0.365|0.104|0.106|-0.241|0.023|-0.401|-0.097
OFF,0.0,discordant,55402,300,bank_exhausted,,-0.004047140167657769,0.0,PASS|REFER_BORDERLINE|FAIL|PASS|FAIL|FAIL|PASS,0.365|0.104|0.106|-0.241|0.023|-0.401|-0.097
ON,0.0,discordant,55403,300,bank_exhausted,,0.006867331238285241,0.0,FAIL|REFER_BORDERLINE|PASS|FAIL|FAIL|FAIL|FAIL,0.029|0.197|0.332|-0.229|-0.430|-0.454|-0.672
OFF,0.0,discordant,55403,210,all_resolved,,-0.004992380880554873,0.0,FAIL|PASS|FAIL|FAIL|FAIL|FAIL|FAIL,0.029|0.197|0.332|-0.229|-0.430|-0.454|-0.672
ON,0.0,discordant,55404,265,all_resolved,,-0.008189614191190483,0.0,PASS|PASS|FAIL|PASS|PASS|PASS|PASS,0.391|0.694|-1.420|0.969|0.562|0.825|0.125
OFF,0.0,discordant,55404,300,bank_exhausted,,-0.012306171608244335,0.0,PASS|PASS|FAIL|REFER_BORDERLINE|PASS|PASS|REFER_BORDERLINE,0.391|0.694|-1.420|0.969|0.562|0.825|0.125
ON,0.0,discordant,55405,211,all_resolved,,0.008576738981164343,0.0,FAIL|PASS|PASS|PASS|FAIL|FAIL|FAIL,-1.148|0.817|0.392|0.559|-0.508|-0.592|-0.776
OFF,0.0,discordant,55405,300,bank_exhausted,,-0.006717761569591371,0.0,FAIL|PASS|FAIL|REFER_BORDERLINE|FAIL|FAIL|FAIL,-1.148|0.817|0.392|0.559|-0.508|-0.592|-0.776
ON,0.0,discordant,55406,212,all_resolved,,0.017289864448770596,0.0,FAIL|FAIL|FAIL|FAIL|FAIL|FAIL|FAIL,-0.164|0.359|-0.905|-0.498|-0.151|-0.383|-1.248
OFF,0.0,discordant,55406,300,bank_exhausted,,0.0013961141017838049,0.0,FAIL|REFER_BORDERLINE|FAIL|FAIL|FAIL|FAIL|FAIL,-0.164|0.359|-0.905|-0.498|-0.151|-0.383|-1.248
ON,0.0,discordant,55407,300,bank_exhausted,,0.029037645729758015,0.0,FAIL|FAIL|PASS|FAIL|FAIL|PASS|REFER_BORDERLINE,-0.768|0.272|1.071|-0.289|-0.131|0.616|1.135
OFF,0.0,discordant,55407,248,all_resolved,,0.00819480320022149,0.0,FAIL|PASS|PASS|FAIL|FAIL|PASS|PASS,-0.768|0.272|1.071|-0.289|-0.131|0.616|1.135
ON,0.0,discordant,55408,231,all_resolved,,-0.0027422813237552284,0.0,PASS|FAIL|FAIL|PASS|PASS|FAIL|FAIL,1.223|-0.227|-0.608|1.332|0.359|-0.711|0.346
OFF,0.0,discordant,55408,300,bank_exhausted,,0.03354359444499079,0.0,PASS|FAIL|FAIL|PASS|FAIL|FAIL|REFER_BORDERLINE,1.223|-0.227|-0.608|1.332|0.359|-0.711|0.346
ON,0.0,discordant,55409,215,all_resolved,,0.004335143071246334,0.0,FAIL|PASS|PASS|FAIL|FAIL|PASS|FAIL,-0.070|-0.045|-0.085|-0.210|-0.571|0.339|0.325
OFF,0.0,discordant,55409,300,bank_exhausted,,0.013285274652388726,0.0,FAIL|REFER_BORDERLINE|REFER_BORDERLINE|FAIL|FAIL|FAIL|FAIL,-0.070|-0.045|-0.085|-0.210|-0.571|0.339|0.325
ON,0.0,discordant,55410,300,bank_exhausted,,0.006798377117948463,0.0,FAIL|PASS|FAIL|PASS|FAIL|FAIL|REFER_BORDERLINE,-0.525|0.962|-0.091|-0.013|-0.282|-0.687|0.702
OFF,0.0,discordant,55410,300,bank_exhausted,,0.02848594445693413,0.0,FAIL|PASS|FAIL|REFER_BORDERLINE|FAIL|FAIL|REFER_BORDERLINE,-0.525|0.962|-0.091|-0.013|-0.282|-0.687|0.702
ON,0.0,discordant,55411,192,all_resolved,,-0.004617025621593566,0.0,FAIL|FAIL|FAIL|FAIL|FAIL|PASS|FAIL,-0.504|-0.013|0.465|-0.350|0.285|0.843|-0.023
OFF,0.0,discordant,55411,300,bank_exhausted,,-0.007447065290433183,0.0,FAIL|FAIL|REFER_BORDERLINE|FAIL|PASS|PASS|FAIL,-0.504|-0.013|0.465|-0.350|0.285|0.843|-0.023
ON,0.0,discordant,55412,300,bank_exhausted,,-0.010800737937774882,0.0,FAIL|PASS|FAIL|PASS|REFER_BORDERLINE|REFER_BORDERLINE|FAIL,0.004|0.545|-0.614|0.191|0.744|0.675|0.149
OFF,0.0,discordant,55412,300,bank_exhausted,,0.01827421170538832,0.0,FAIL|REFER_BORDERLINE|FAIL|FAIL|FAIL|FAIL|FAIL,0.004|0.545|-0.614|0.191|0.744|0.675|0.149
ON,0.0,discordant,55413,300,bank_exhausted,,0.01941049513970646,0.0,FAIL|REFER_BORDERLINE|FAIL|REFER_BORDERLINE|PASS|FAIL|REFER_BORDERLINE,0.091|0.115|-0.170|0.467|0.485|0.312|0.388
OFF,0.0,discordant,55413,300,bank_exhausted,,0.02007782830309453,0.0,FAIL|REFER_BORDERLINE|FAIL|PASS|PASS|FAIL|FAIL,0.091|0.115|-0.170|0.467|0.485|0.312|0.388
ON,0.0,discordant,55414,300,bank_exhausted,,0.007359635128781948,0.0,PASS|FAIL|REFER_BORDERLINE|REFER_BORDERLINE|PASS|FAIL|FAIL,0.129|0.039|0.499|0.744|0.537|-0.335|0.595
OFF,0.0,discordant,55414,217,all_resolved,,0.009310902142212934,0.0,FAIL|PASS|PASS|PASS|PASS|FAIL|FAIL,0.129|0.039|0.499|0.744|0.537|-0.335|0.595
ON,0.0,discordant,55415,300,bank_exhausted,,-0.0004600299898936479,0.0,FAIL|FAIL|FAIL|PASS|PASS|REFER_BORDERLINE|FAIL,-0.366|-0.095|-0.310|0.251|0.864|0.742|-0.003
OFF,0.0,discordant,55415,300,bank_exhausted,,-0.025647555050951683,0.0,FAIL|FAIL|FAIL|PASS|REFER_BORDERLINE|PASS|FAIL,-0.366|-0.095|-0.310|0.251|0.864|0.742|-0.003
ON,0.0,discordant,55416,209,all_resolved,,0.030324515753732212,0.0,FAIL|FAIL|FAIL|FAIL|PASS|PASS|FAIL,-0.782|-0.145|-0.863|0.322|0.566|0.761|-0.655
OFF,0.0,discordant,55416,300,bank_exhausted,,0.019914887741574194,0.0,FAIL|FAIL|FAIL|PASS|PASS|REFER_BORDERLINE|FAIL,-0.782|-0.145|-0.863|0.322|0.566|0.761|-0.655
ON,0.0,discordant,55417,278,all_resolved,,0.05446583169576483,0.0,FAIL|FAIL|FAIL|FAIL|FAIL|PASS|PASS,-0.042|0.245|0.449|-0.329|-1.198|0.759|0.462
OFF,0.0,discordant,55417,300,bank_exhausted,,-0.040049239382876536,0.0,FAIL|REFER_BORDERLINE|FAIL|FAIL|FAIL|REFER_BORDERLINE|PASS,-0.042|0.245|0.449|-0.329|-1.198|0.759|0.462
ON,0.0,discordant,55418,300,bank_exhausted,,0.00770288470751313,0.0,FAIL|PASS|FAIL|REFER_BORDERLINE|FAIL|FAIL|FAIL,-0.119|0.877|-0.140|0.164|-0.028|-0.281|0.539
OFF,0.0,discordant,55418,291,all_resolved,,0.003770397727593623,0.0,FAIL|PASS|FAIL|PASS|FAIL|FAIL|FAIL,-0.119|0.877|-0.140|0.164|-0.028|-0.281|0.539
ON,0.0,discordant,55419,300,bank_exhausted,,-0.0010520103950514305,0.0,FAIL|FAIL|REFER_BORDERLINE|FAIL|FAIL|REFER_BORDERLINE|REFER_BORDERLINE,-0.740|0.244|0.930|-0.685|0.529|0.369|0.326
OFF,0.0,discordant,55419,289,all_resolved,,0.017231053466452383,0.0,FAIL|PASS|PASS|FAIL|FAIL|FAIL|FAIL,-0.740|0.244|0.930|-0.685|0.529|0.369|0.326
ON,0.0,discordant,55420,300,bank_exhausted,,0.006418067186816793,0.0,FAIL|REFER_BORDERLINE|FAIL|FAIL|FAIL|PASS|FAIL,-0.416|0.148|0.197|-0.853|-0.842|0.840|-0.164
OFF,0.0,discordant,55420,181,all_resolved,,-0.022377664410690563,0.0,FAIL|FAIL|FAIL|FAIL|FAIL|PASS|FAIL,-0.416|0.148|0.197|-0.853|-0.842|0.840|-0.164
ON,0.0,discordant,55421,300,bank_exhausted,,0.005880513942139642,0.0,FAIL|PASS|FAIL|FAIL|FAIL|REFER_BORDERLINE|FAIL,-0.610|0.427|-0.168|-0.520|-0.101|0.114|-0.052
OFF,0.0,discordant,55421,224,all_resolved,,0.009456260521133322,0.0,FAIL|PASS|FAIL|FAIL|FAIL|FAIL|FAIL,-0.610|0.427|-0.168|-0.520|-0.101|0.114|-0.052
ON,0.0,discordant,55422,261,all_resolved,,0.02924913374867824,0.0,PASS|FAIL|PASS|PASS|FAIL|PASS|PASS,0.739|0.240|0.881|0.565|-0.469|1.000|0.887
OFF,0.0,discordant,55422,300,bank_exhausted,,0.005426199162535524,0.0,PASS|PASS|REFER_BORDERLINE|PASS|FAIL|PASS|PASS,0.739|0.240|0.881|0.565|-0.469|1.000|0.887
ON,0.0,discordant,55423,300,bank_exhausted,,0.02081308836292792,0.0,FAIL|REFER_BORDERLINE|FAIL|FAIL|PASS|FAIL|REFER_BORDERLINE,-0.465|0.266|-0.171|-0.211|1.040|0.105|0.354
OFF,0.0,discordant,55423,236,all_resolved,,0.0073001366484380225,0.0,FAIL|PASS|FAIL|FAIL|PASS|FAIL|FAIL,-0.465|0.266|-0.171|-0.211|1.040|0.105|0.354
ON,0.0,discordant,55424,300,bank_exhausted,,-0.008222556050484772,0.0,PASS|FAIL|REFER_BORDERLINE|FAIL|FAIL|FAIL|FAIL,-0.336|-0.149|0.754|-0.659|0.049|0.423|-1.337
OFF,0.0,discordant,55424,252,all_resolved,,0.012686553070770993,0.0,FAIL|FAIL|PASS|FAIL|FAIL|PASS|FAIL,-0.336|-0.149|0.754|-0.659|0.049|0.423|-1.337
ON,0.0,discordant,55425,180,all_resolved,,0.006209067404094145,0.0,FAIL|FAIL|FAIL|FAIL|FAIL|FAIL|FAIL,-0.445|0.314|0.157|0.232|-0.435|-0.139|-0.201
OFF,0.0,discordant,55425,209,all_resolved,,0.006938877173103995,0.0,FAIL|PASS|FAIL|FAIL|FAIL|FAIL|FAIL,-0.445|0.314|0.157|0.232|-0.435|-0.139|-0.201
ON,0.0,discordant,55426,204,all_resolved,,0.02843945268276235,0.0,PASS|FAIL|FAIL|FAIL|PASS|FAIL|PASS,1.213|-1.209|0.134|0.025|0.362|-0.508|-0.413
OFF,0.0,discordant,55426,258,all_resolved,,-0.014300731982095426,0.0,PASS|FAIL|FAIL|FAIL|PASS|FAIL|FAIL,1.213|-1.209|0.134|0.025|0.362|-0.508|-0.413
ON,0.0,discordant,55427,300,bank_exhausted,,0.021224376324085636,0.0,REFER_BORDERLINE|FAIL|FAIL|REFER_BORDERLINE|PASS|FAIL|FAIL,0.396|0.050|-0.115|0.116|0.855|-0.234|0.144
OFF,0.0,discordant,55427,300,bank_exhausted,,0.013278532867362327,0.0,REFER_BORDERLINE|REFER_BORDERLINE|FAIL|FAIL|REFER_BORDERLINE|FAIL|FAIL,0.396|0.050|-0.115|0.116|0.855|-0.234|0.144
ON,0.0,discordant,55428,300,bank_exhausted,,0.003852205602592213,0.0,PASS|FAIL|FAIL|REFER_BORDERLINE|FAIL|FAIL|FAIL,0.438|-0.798|-0.359|0.293|-0.235|-1.103|-0.146
OFF,0.0,discordant,55428,300,bank_exhausted,,-0.0205612094746785,0.0,PASS|FAIL|FAIL|REFER_BORDERLINE|FAIL|FAIL|FAIL,0.438|-0.798|-0.359|0.293|-0.235|-1.103|-0.146
ON,0.0,discordant,55429,300,bank_exhausted,,0.03933094915830086,0.0,REFER_BORDERLINE|FAIL|FAIL|PASS|FAIL|FAIL|FAIL,0.703|0.209|-0.067|0.452|-0.114|0.452|0.124
OFF,0.0,discordant,55429,300,bank_exhausted,,-0.009290292998448932,0.0,PASS|FAIL|FAIL|REFER_BORDERLINE|REFER_BORDERLINE|FAIL|PASS,0.703|0.209|-0.067|0.452|-0.114|0.452|0.124
ON,0.0,discordant,55430,272,all_resolved,,-0.009891379409906536,0.0,PASS|FAIL|PASS|PASS|FAIL|PASS|FAIL,0.649|-0.349|0.327|0.559|0.215|0.411|-0.291
OFF,0.0,discordant,55430,194,all_resolved,,0.007808302503116185,0.0,PASS|FAIL|FAIL|PASS|FAIL|FAIL|FAIL,0.649|-0.349|0.327|0.559|0.215|0.411|-0.291
ON,0.0,discordant,55431,211,all_resolved,,0.0078042522301137755,0.0,FAIL|FAIL|PASS|FAIL|PASS|FAIL|FAIL,-0.691|-0.613|-0.436|-0.464|0.681|-0.135|0.250
OFF,0.0,discordant,55431,186,all_resolved,,0.010383225566125805,0.0,FAIL|FAIL|FAIL|FAIL|PASS|FAIL|FAIL,-0.691|-0.613|-0.436|-0.464|0.681|-0.135|0.250
ON,0.0,discordant,55432,237,all_resolved,,0.0014229361281673056,0.0,PASS|FAIL|PASS|FAIL|FAIL|FAIL|PASS,0.720|-0.038|1.083|0.509|0.086|-0.589|0.283
OFF,0.0,discordant,55432,267,all_resolved,,-0.025701945514498416,0.0,PASS|FAIL|PASS|FAIL|FAIL|FAIL|FAIL,0.720|-0.038|1.083|0.509|0.086|-0.589|0.283
ON,0.0,discordant,55433,300,bank_exhausted,,0.012252639080622348,0.0,REFER_BORDERLINE|FAIL|FAIL|FAIL|FAIL|FAIL|PASS,0.321|-0.302|-0.124|-0.170|-0.312|-0.928|0.879
OFF,0.0,discordant,55433,300,bank_exhausted,,-0.031119425685749408,0.0,REFER_BORDERLINE|FAIL|FAIL|FAIL|FAIL|FAIL|PASS,0.321|-0.302|-0.124|-0.170|-0.312|-0.928|0.879
ON,0.0,discordant,55434,255,all_resolved,,0.041953708201157944,0.0,FAIL|PASS|FAIL|PASS|FAIL|FAIL|PASS,0.126|0.598|-0.511|0.814|0.401|-1.282|0.287
OFF,0.0,discordant,55434,247,all_resolved,,-0.006710640124318985,0.0,FAIL|PASS|FAIL|PASS|FAIL|FAIL|PASS,0.126|0.598|-0.511|0.814|0.401|-1.282|0.287
ON,0.0,discordant,55435,300,bank_exhausted,,0.02862366367440802,0.0,FAIL|REFER_BORDERLINE|FAIL|PASS|FAIL|FAIL|FAIL,-0.884|0.141|0.529|1.093|1.456|-1.265|-0.504
OFF,0.0,discordant,55435,256,all_resolved,,-0.017855072914423068,0.0,FAIL|PASS|PASS|PASS|PASS|FAIL|FAIL,-0.884|0.141|0.529|1.093|1.456|-1.265|-0.504
ON,0.0,discordant,55436,199,all_resolved,,0.05200828526345608,0.0,PASS|FAIL|FAIL|PASS|FAIL|FAIL|FAIL,0.576|-0.540|-1.036|1.188|-0.428|-0.224|0.551
OFF,0.0,discordant,55436,214,all_resolved,,-0.008255190141711208,0.0,PASS|FAIL|FAIL|PASS|FAIL|FAIL|PASS,0.576|-0.540|-1.036|1.188|-0.428|-0.224|0.551
ON,0.0,discordant,55437,206,all_resolved,,0.052837373434437826,0.0,FAIL|FAIL|FAIL|FAIL|FAIL|FAIL|PASS,-0.610|-0.822|-0.238|-0.561|-0.114|-0.945|0.844
OFF,0.0,discordant,55437,199,all_resolved,,0.003121345288652105,0.0,FAIL|FAIL|FAIL|PASS|FAIL|FAIL|PASS,-0.610|-0.822|-0.238|-0.561|-0.114|-0.945|0.844
ON,0.0,discordant,55438,215,all_resolved,,-0.023198901908139894,0.0,PASS|PASS|FAIL|FAIL|FAIL|FAIL|FAIL,0.167|-0.374|-0.649|-1.139|-0.375|0.136|-0.480
OFF,0.0,discordant,55438,221,all_resolved,,0.006954576238064483,0.0,PASS|FAIL|FAIL|FAIL|FAIL|FAIL|FAIL,0.167|-0.374|-0.649|-1.139|-0.375|0.136|-0.480
ON,0.0,discordant,55439,300,bank_exhausted,,-0.004234824875458688,0.0,REFER_BORDERLINE|REFER_BORDERLINE|FAIL|FAIL|FAIL|FAIL|FAIL,0.723|0.302|-0.366|-0.037|-0.751|-0.026|-0.123
OFF,0.0,discordant,55439,300,bank_exhausted,,-0.013164262179686208,0.0,REFER_BORDERLINE|FAIL|FAIL|FAIL|FAIL|FAIL|FAIL,0.723|0.302|-0.366|-0.037|-0.751|-0.026|-0.123
ON,0.0,discordant,55440,300,bank_exhausted,,0.0005585214689254015,0.0,REFER_BORDERLINE|PASS|REFER_BORDERLINE|REFER_BORDERLINE|FAIL|FAIL|FAIL,0.610|0.568|0.440|0.133|-0.780|0.314|-0.083
OFF,0.0,discordant,55440,300,bank_exhausted,,-0.01532162583399339,0.0,FAIL|PASS|REFER_BORDERLINE|FAIL|FAIL|FAIL|FAIL,0.610|0.568|0.440|0.133|-0.780|0.314|-0.083
ON,0.0,discordant,55441,206,all_resolved,,0.015357261983259339,0.0,FAIL|FAIL|PASS|PASS|FAIL|FAIL|PASS,-0.089|-0.784|1.232|1.137|-0.160|0.107|-0.011
OFF,0.0,discordant,55441,208,all_resolved,,-0.028667450537724338,0.0,FAIL|FAIL|PASS|PASS|FAIL|FAIL|FAIL,-0.089|-0.784|1.232|1.137|-0.160|0.107|-0.011
ON,0.0,discordant,55442,300,bank_exhausted,,0.03277605062415629,0.0,FAIL|PASS|PASS|FAIL|FAIL|FAIL|REFER_BORDERLINE,-0.161|1.039|1.478|-1.157|-0.955|0.261|0.276
OFF,0.0,discordant,55442,300,bank_exhausted,,-0.0006138886966090693,0.0,FAIL|PASS|PASS|FAIL|FAIL|REFER_BORDERLINE|FAIL,-0.161|1.039|1.478|-1.157|-0.955|0.261|0.276
ON,0.0,discordant,55443,300,bank_exhausted,,0.0511078654069812,0.0,PASS|REFER_BORDERLINE|FAIL|PASS|FAIL|FAIL|PASS,-0.076|0.223|-0.305|0.559|0.170|-1.463|0.877
OFF,0.0,discordant,55443,300,bank_exhausted,,0.008877819432405327,0.0,REFER_BORDERLINE|PASS|FAIL|PASS|FAIL|FAIL|PASS,-0.076|0.223|-0.305|0.559|0.170|-1.463|0.877
ON,0.0,discordant,55444,300,bank_exhausted,,-0.02144360756881329,0.0,REFER_BORDERLINE|PASS|FAIL|PASS|PASS|FAIL|PASS,-0.029|1.072|0.444|0.812|0.145|-0.239|0.369
OFF,0.0,discordant,55444,300,bank_exhausted,,-0.0005549261471649464,0.0,REFER_BORDERLINE|PASS|PASS|PASS|PASS|FAIL|FAIL,-0.029|1.072|0.444|0.812|0.145|-0.239|0.369
ON,0.0,discordant,55445,300,bank_exhausted,,0.007478922496060121,0.0,PASS|REFER_BORDERLINE|FAIL|FAIL|FAIL|REFER_BORDERLINE|FAIL,-0.023|-0.204|-0.640|-0.493|-1.100|0.514|-0.667
OFF,0.0,discordant,55445,300,bank_exhausted,,0.02669105885877251,0.0,PASS|REFER_BORDERLINE|FAIL|FAIL|FAIL|REFER_BORDERLINE|FAIL,-0.023|-0.204|-0.640|-0.493|-1.100|0.514|-0.667
ON,0.0,discordant,55446,300,bank_exhausted,,0.009701572822024678,0.0,FAIL|FAIL|FAIL|FAIL|FAIL|FAIL|REFER_BORDERLINE,-0.256|0.096|0.012|-0.177|0.129|0.325|0.601
OFF,0.0,discordant,55446,300,bank_exhausted,,-0.02452542299972807,0.0,FAIL|FAIL|FAIL|REFER_BORDERLINE|FAIL|FAIL|PASS,-0.256|0.096|0.012|-0.177|0.129|0.325|0.601
ON,0.0,discordant,55447,300,bank_exhausted,,0.04887941739090622,0.0,REFER_BORDERLINE|PASS|PASS|PASS|FAIL|FAIL|PASS,-0.071|0.747|0.271|0.351|-0.072|0.449|-0.329
OFF,0.0,discordant,55447,278,all_resolved,,-0.0048306571663673,0.0,FAIL|PASS|FAIL|PASS|FAIL|FAIL|FAIL,-0.071|0.747|0.271|0.351|-0.072|0.449|-0.329
ON,0.0,discordant,55448,300,bank_exhausted,,0.035984803164971046,0.0,PASS|REFER_BORDERLINE|PASS|FAIL|FAIL|FAIL|FAIL,0.734|-0.457|0.807|-0.209|0.067|-0.170|0.469
OFF,0.0,discordant,55448,283,all_resolved,,-0.0075708403553469035,0.0,PASS|FAIL|PASS|FAIL|FAIL|FAIL|PASS,0.734|-0.457|0.807|-0.209|0.067|-0.170|0.469
ON,0.0,discordant,55449,219,all_resolved,,0.00822624549305122,0.0,FAIL|PASS|FAIL|PASS|PASS|PASS|PASS,-0.321|-0.210|-0.059|0.258|-0.005|0.481|0.828
OFF,0.0,discordant,55449,200,all_resolved,,-0.01988428219386776,0.0,FAIL|PASS|FAIL|PASS|FAIL|PASS|PASS,-0.321|-0.210|-0.059|0.258|-0.005|0.481|0.828
ON,0.0,discordant,55450,221,all_resolved,,0.03422424032870899,0.0,FAIL|PASS|FAIL|PASS|FAIL|FAIL|FAIL,-0.672|0.088|0.103|0.701|-0.630|-0.808|-0.123
OFF,0.0,discordant,55450,212,all_resolved,,-0.00961916829762144,0.0,FAIL|FAIL|FAIL|PASS|FAIL|FAIL|FAIL,-0.672|0.088|0.103|0.701|-0.630|-0.808|-0.123
ON,0.0,discordant,55451,300,bank_exhausted,,0.019677829925718524,0.0,REFER_BORDERLINE|REFER_BORDERLINE|FAIL|FAIL|PASS|FAIL|FAIL,0.355|-0.473|-0.061|-0.326|0.063|0.012|0.304
OFF,0.0,discordant,55451,300,bank_exhausted,,0.005316637066475098,0.0,REFER_BORDERLINE|FAIL|FAIL|FAIL|FAIL|FAIL|REFER_BORDERLINE,0.355|-0.473|-0.061|-0.326|0.063|0.012|0.304
ON,0.0,discordant,55452,272,all_resolved,,-0.0008670536018818324,0.0,FAIL|FAIL|FAIL|PASS|FAIL|FAIL|FAIL,-0.465|-0.184|-0.125|0.801|-0.393|-0.046|-0.039
OFF,0.0,discordant,55452,300,bank_exhausted,,-0.011854007286799997,0.0,FAIL|FAIL|FAIL|PASS|FAIL|REFER_BORDERLINE|FAIL,-0.465|-0.184|-0.125|0.801|-0.393|-0.046|-0.039
ON,0.0,discordant,55453,300,bank_exhausted,,-0.000851244269319549,0.0,FAIL|REFER_BORDERLINE|FAIL|REFER_BORDERLINE|REFER_BORDERLINE|FAIL|PASS,0.081|-0.217|-0.547|0.415|0.416|0.291|0.597
OFF,0.0,discordant,55453,300,bank_exhausted,,-0.006863938008596669,0.0,FAIL|FAIL|FAIL|PASS|FAIL|REFER_BORDERLINE|PASS,0.081|-0.217|-0.547|0.415|0.416|0.291|0.597
ON,0.0,discordant,55454,300,bank_exhausted,,0.04702922233298576,0.0,FAIL|FAIL|FAIL|REFER_BORDERLINE|FAIL|FAIL|FAIL,-1.224|-0.262|-1.005|0.094|-0.774|-0.766|-0.328
OFF,0.0,discordant,55454,300,bank_exhausted,,-0.028439229971251114,0.0,FAIL|FAIL|FAIL|REFER_BORDERLINE|FAIL|FAIL|FAIL,-1.224|-0.262|-1.005|0.094|-0.774|-0.766|-0.328
ON,0.0,discordant,55455,300,bank_exhausted,,0.00949401262942343,0.0,FAIL|FAIL|FAIL|FAIL|PASS|REFER_BORDERLINE|REFER_BORDERLINE,-0.888|-0.597|-0.372|-0.572|0.323|0.480|-0.102
OFF,0.0,discordant,55455,300,bank_exhausted,,0.018904499929860007,0.0,PASS|FAIL|FAIL|FAIL|REFER_BORDERLINE|REFER_BORDERLINE|FAIL,-0.888|-0.597|-0.372|-0.572|0.323|0.480|-0.102
ON,0.0,discordant,55456,202,all_resolved,,0.04030150853895185,0.0,FAIL|PASS|FAIL|FAIL|PASS|FAIL|FAIL,0.483|0.786|-0.243|0.134|1.015|-1.248|-0.511
OFF,0.0,discordant,55456,211,all_resolved,,-0.01536701471669701,0.0,FAIL|PASS|FAIL|PASS|PASS|FAIL|FAIL,0.483|0.786|-0.243|0.134|1.015|-1.248|-0.511
ON,0.0,discordant,55457,192,all_resolved,,-0.009041664022756786,0.0,FAIL|FAIL|FAIL|FAIL|FAIL|FAIL|FAIL,-0.640|-1.007|0.194|-0.368|-0.064|-0.605|-0.298
OFF,0.0,discordant,55457,228,all_resolved,,0.014876884729617465,0.0,FAIL|FAIL|PASS|FAIL|FAIL|FAIL|FAIL,-0.640|-1.007|0.194|-0.368|-0.064|-0.605|-0.298
ON,0.0,discordant,55458,300,bank_exhausted,,0.012475874268100231,0.0,FAIL|PASS|FAIL|REFER_BORDERLINE|FAIL|PASS|FAIL,-0.880|0.667|0.178|0.019|-1.195|1.032|-0.043
OFF,0.0,discordant,55458,245,all_resolved,,-0.008004656765718496,0.0,FAIL|PASS|FAIL|PASS|FAIL|PASS|FAIL,-0.880|0.667|0.178|0.019|-1.195|1.032|-0.043
ON,0.0,discordant,55459,300,bank_exhausted,,-0.014025096089714742,0.0,PASS|REFER_BORDERLINE|FAIL|FAIL|FAIL|FAIL|FAIL,1.118|-0.025|0.612|-0.324|-0.908|0.090|-0.270
OFF,0.0,discordant,55459,300,bank_exhausted,,0.0158050905848854,0.0,PASS|FAIL|REFER_BORDERLINE|FAIL|FAIL|FAIL|FAIL,1.118|-0.025|0.612|-0.324|-0.908|0.090|-0.270
ON,0.0,discordant,55460,300,bank_exhausted,,0.052976425565218546,0.0,REFER_BORDERLINE|FAIL|PASS|FAIL|FAIL|FAIL|FAIL,-0.040|0.371|0.447|-0.850|-0.971|-1.067|0.126
OFF,0.0,discordant,55460,300,bank_exhausted,,0.014281781620746553,0.0,FAIL|REFER_BORDERLINE|FAIL|FAIL|FAIL|FAIL|FAIL,-0.040|0.371|0.447|-0.850|-0.971|-1.067|0.126
ON,0.0,discordant,55461,196,all_resolved,,0.004032350250641425,0.0,FAIL|FAIL|PASS|FAIL|FAIL|FAIL|PASS,-1.362|-0.487|0.720|0.029|0.032|0.720|0.025
OFF,0.0,discordant,55461,221,all_resolved,,-0.01311725807974893,0.0,FAIL|FAIL|PASS|FAIL|FAIL|FAIL|FAIL,-1.362|-0.487|0.720|0.029|0.032|0.720|0.025
ON,0.0,discordant,55462,300,bank_exhausted,,0.013897390547402376,0.0,REFER_BORDERLINE|FAIL|FAIL|FAIL|FAIL|FAIL|FAIL,-0.124|-0.001|0.804|0.214|-0.138|-0.598|-0.738
OFF,0.0,discordant,55462,300,bank_exhausted,,-0.01679048636459885,0.0,FAIL|FAIL|REFER_BORDERLINE|FAIL|FAIL|FAIL|FAIL,-0.124|-0.001|0.804|0.214|-0.138|-0.598|-0.738
ON,0.0,discordant,55463,300,bank_exhausted,,0.03789014680598976,0.0,FAIL|PASS|REFER_BORDERLINE|PASS|FAIL|FAIL|FAIL,-0.086|1.342|-0.013|0.489|-0.281|0.722|-0.093
OFF,0.0,discordant,55463,300,bank_exhausted,,-0.010078909126275766,0.0,REFER_BORDERLINE|PASS|FAIL|PASS|FAIL|PASS|PASS,-0.086|1.342|-0.013|0.489|-0.281|0.722|-0.093
ON,0.0,discordant,55464,207,all_resolved,,0.01858256677635073,0.0,FAIL|FAIL|FAIL|FAIL|FAIL|FAIL|FAIL,-0.369|-1.229|0.299|-0.189|0.703|0.262|-0.978
OFF,0.0,discordant,55464,300,bank_exhausted,,-0.015425290735248311,0.0,FAIL|FAIL|PASS|PASS|REFER_BORDERLINE|FAIL|FAIL,-0.369|-1.229|0.299|-0.189|0.703|0.262|-0.978
ON,0.0,discordant,55465,200,all_resolved,,0.015333195552388577,0.0,FAIL|PASS|PASS|PASS|FAIL|FAIL|FAIL,0.596|0.598|0.427|0.361|-0.490|-0.295|-0.746
OFF,0.0,discordant,55465,300,bank_exhausted,,0.018115564150770726,0.0,PASS|PASS|FAIL|REFER_BORDERLINE|FAIL|REFER_BORDERLINE|FAIL,0.596|0.598|0.427|0.361|-0.490|-0.295|-0.746
ON,0.0,discordant,55466,300,bank_exhausted,,0.02606100679726779,0.0,FAIL|PASS|FAIL|PASS|PASS|FAIL|REFER_BORDERLINE,-0.359|0.406|-0.086|0.991|0.738|0.687|0.509
OFF,0.0,discordant,55466,300,bank_exhausted,,-0.013820957193178671,0.0,FAIL|REFER_BORDERLINE|FAIL|PASS|PASS|PASS|REFER_BORDERLINE,-0.359|0.406|-0.086|0.991|0.738|0.687|0.509
ON,0.0,discordant,55467,300,bank_exhausted,,0.05680898082199597,0.0,FAIL|FAIL|REFER_BORDERLINE|FAIL|FAIL|FAIL|REFER_BORDERLINE,-0.774|-0.750|0.508|0.713|0.140|-0.145|0.176
OFF,0.0,discordant,55467,300,bank_exhausted,,0.003616865678764839,0.0,FAIL|FAIL|REFER_BORDERLINE|PASS|FAIL|FAIL|REFER_BORDERLINE,-0.774|-0.750|0.508|0.713|0.140|-0.145|0.176
ON,0.0,discordant,55468,300,bank_exhausted,,0.03800262081325197,0.0,FAIL|REFER_BORDERLINE|PASS|FAIL|FAIL|FAIL|FAIL,-0.502|-0.149|0.459|-0.736|-0.514|0.676|0.027
OFF,0.0,discordant,55468,300,bank_exhausted,,0.008260809067367411,0.0,FAIL|FAIL|FAIL|FAIL|FAIL|PASS|REFER_BORDERLINE,-0.502|-0.149|0.459|-0.736|-0.514|0.676|0.027
ON,0.0,discordant,55469,300,bank_exhausted,,0.022779879152155173,0.0,REFER_BORDERLINE|FAIL|PASS|PASS|REFER_BORDERLINE|FAIL|PASS,0.027|0.308|0.490|1.036|0.053|0.069|0.140
OFF,0.0,discordant,55469,300,bank_exhausted,,-0.01196394688833866,0.0,FAIL|PASS|PASS|PASS|FAIL|PASS|REFER_BORDERLINE,0.027|0.308|0.490|1.036|0.053|0.069|0.140
ON,0.0,discordant,55470,300,bank_exhausted,,0.02158442766124679,0.0,REFER_BORDERLINE|FAIL|FAIL|FAIL|FAIL|REFER_BORDERLINE|FAIL,1.064|0.236|-0.189|-1.113|-0.242|0.018|0.637
OFF,0.0,discordant,55470,300,bank_exhausted,,0.013464181746557967,0.0,PASS|REFER_BORDERLINE|FAIL|FAIL|FAIL|REFER_BORDERLINE|REFER_BORDERLINE,1.064|0.236|-0.189|-1.113|-0.242|0.018|0.637
ON,0.0,discordant,55471,300,bank_exhausted,,0.006503256721843446,0.0,PASS|PASS|REFER_BORDERLINE|PASS|FAIL|FAIL|PASS,0.424|0.846|0.188|0.248|-0.074|-0.705|1.838
OFF,0.0,discordant,55471,236,all_resolved,,-0.02162716674548234,0.0,FAIL|PASS|FAIL|PASS|FAIL|FAIL|PASS,0.424|0.846|0.188|0.248|-0.074|-0.705|1.838
ON,0.0,discordant,55472,230,all_resolved,,0.009175550613560407,0.0,FAIL|FAIL|PASS|FAIL|FAIL|FAIL|PASS,-0.872|-0.806|1.563|0.416|-0.006|-0.130|0.361
OFF,0.0,discordant,55472,300,bank_exhausted,,-0.005900529286603229,0.0,FAIL|FAIL|PASS|REFER_BORDERLINE|FAIL|FAIL|FAIL,-0.872|-0.806|1.563|0.416|-0.006|-0.130|0.361
ON,0.0,discordant,55473,300,bank_exhausted,,-0.0007789265045316599,0.0,FAIL|REFER_BORDERLINE|FAIL|PASS|REFER_BORDERLINE|FAIL|FAIL,-0.262|0.662|0.670|1.565|0.088|0.042|-0.017
OFF,0.0,discordant,55473,300,bank_exhausted,,-0.018188093845737528,0.0,REFER_BORDERLINE|PASS|PASS|PASS|REFER_BORDERLINE|REFER_BORDERLINE|FAIL,-0.262|0.662|0.670|1.565|0.088|0.042|-0.017
ON,0.0,discordant,55474,300,bank_exhausted,,0.02788814328135833,0.0,FAIL|PASS|FAIL|REFER_BORDERLINE|PASS|FAIL|FAIL,-0.847|0.719|-0.363|0.317|1.314|0.184|0.334
OFF,0.0,discordant,55474,264,all_resolved,,-0.020382641527476156,0.0,FAIL|PASS|FAIL|PASS|PASS|FAIL|FAIL,-0.847|0.719|-0.363|0.317|1.314|0.184|0.334
ON,0.0,discordant,55475,300,bank_exhausted,,0.01161605488645613,0.0,REFER_BORDERLINE|FAIL|FAIL|FAIL|FAIL|FAIL|FAIL,0.402|-0.414|0.092|0.056|-0.388|-0.283|-0.756
OFF,0.0,discordant,55475,300,bank_exhausted,,0.005645960905762363,0.0,REFER_BORDERLINE|FAIL|REFER_BORDERLINE|FAIL|FAIL|FAIL|FAIL,0.402|-0.414|0.092|0.056|-0.388|-0.283|-0.756
ON,0.0,discordant,55476,300,bank_exhausted,,0.013526949332776301,0.0,FAIL|PASS|FAIL|REFER_BORDERLINE|PASS|PASS|FAIL,-0.039|1.089|0.489|0.346|0.958|1.374|-0.352
OFF,0.0,discordant,55476,300,bank_exhausted,,0.0052386800647491166,0.0,REFER_BORDERLINE|PASS|PASS|PASS|PASS|PASS|FAIL,-0.039|1.089|0.489|0.346|0.958|1.374|-0.352
ON,0.0,discordant,55477,195,all_resolved,,0.0310641922091988,0.0,PASS|PASS|FAIL|FAIL|FAIL|PASS|FAIL,1.425|0.733|-0.688|-0.248|-0.082|0.757|0.111
OFF,0.0,discordant,55477,300,bank_exhausted,,7.576880506732798e-06,0.0,PASS|PASS|FAIL|REFER_BORDERLINE|FAIL|PASS|FAIL,1.425|0.733|-0.688|-0.248|-0.082|0.757|0.111
ON,0.0,discordant,55478,300,bank_exhausted,,0.04489005408311645,0.0,FAIL|PASS|REFER_BORDERLINE|FAIL|FAIL|REFER_BORDERLINE|FAIL,-0.398|0.649|0.509|-0.351|-0.075|0.425|-0.370
OFF,0.0,discordant,55478,272,all_resolved,,0.010055027623821452,0.0,FAIL|PASS|PASS|FAIL|PASS|PASS|FAIL,-0.398|0.649|0.509|-0.351|-0.075|0.425|-0.370
ON,0.0,discordant,55479,202,all_resolved,,0.00516764110750737,0.0,FAIL|FAIL|FAIL|FAIL|PASS|FAIL|FAIL,-0.176|-0.205|-0.626|-0.865|0.363|-0.831|-0.090
OFF,0.0,discordant,55479,244,all_resolved,,-0.03551997768073222,0.0,FAIL|FAIL|FAIL|FAIL|FAIL|FAIL|FAIL,-0.176|-0.205|-0.626|-0.865|0.363|-0.831|-0.090
ON,0.6,concordant,55480,300,bank_exhausted,,0.030354348123833804,0.0,PASS|PASS|PASS|PASS|REFER_BORDERLINE|PASS|PASS,0.600|0.600|0.600|0.600|0.600|0.600|0.600
OFF,0.6,concordant,55480,300,bank_exhausted,,-0.039569468197867434,0.0,REFER_BORDERLINE|PASS|FAIL|PASS|FAIL|PASS|PASS,0.600|0.600|0.600|0.600|0.600|0.600|0.600
ON,0.6,concordant,55481,300,bank_exhausted,,0.021893804237158997,0.0,PASS|PASS|REFER_BORDERLINE|PASS|PASS|FAIL|PASS,0.600|0.600|0.600|0.600|0.600|0.600|0.600
OFF,0.6,concordant,55481,300,bank_exhausted,,-0.016022573435391735,0.0,PASS|PASS|PASS|PASS|PASS|REFER_BORDERLINE|PASS,0.600|0.600|0.600|0.600|0.600|0.600|0.600
ON,0.6,concordant,55482,300,bank_exhausted,,0.05400718502076646,0.0,FAIL|PASS|PASS|REFER_BORDERLINE|REFER_BORDERLINE|FAIL|PASS,0.600|0.600|0.600|0.600|0.600|0.600|0.600
OFF,0.6,concordant,55482,258,all_resolved,,0.023979964769998075,0.0,FAIL|PASS|FAIL|PASS|FAIL|FAIL|PASS,0.600|0.600|0.600|0.600|0.600|0.600|0.600
ON,0.6,concordant,55483,216,all_resolved,,0.034542571244318816,0.0,FAIL|PASS|PASS|PASS|PASS|FAIL|FAIL,0.600|0.600|0.600|0.600|0.600|0.600|0.600
OFF,0.6,concordant,55483,300,bank_exhausted,,-0.0145808641209577,0.0,REFER_BORDERLINE|PASS|REFER_BORDERLINE|PASS|REFER_BORDERLINE|PASS|PASS,0.600|0.600|0.600|0.600|0.600|0.600|0.600
ON,0.6,concordant,55484,300,bank_exhausted,,-0.003711416209851583,0.0,PASS|FAIL|PASS|REFER_BORDERLINE|PASS|PASS|FAIL,0.600|0.600|0.600|0.600|0.600|0.600|0.600
OFF,0.6,concordant,55484,300,bank_exhausted,,0.01127047907255985,0.0,PASS|PASS|PASS|FAIL|PASS|REFER_BORDERLINE|PASS,0.600|0.600|0.600|0.600|0.600|0.600|0.600
ON,0.6,concordant,55485,300,bank_exhausted,,0.007901650924125423,0.0,FAIL|REFER_BORDERLINE|FAIL|PASS|REFER_BORDERLINE|PASS|REFER_BORDERLINE,0.600|0.600|0.600|0.600|0.600|0.600|0.600
OFF,0.6,concordant,55485,227,all_resolved,,-0.009743503270472196,0.0,PASS|PASS|FAIL|PASS|PASS|FAIL|PASS,0.600|0.600|0.600|0.600|0.600|0.600|0.600
ON,0.6,concordant,55486,300,bank_exhausted,,-0.007732254798451836,0.0,REFER_BORDERLINE|PASS|PASS|PASS|PASS|PASS|REFER_BORDERLINE,0.600|0.600|0.600|0.600|0.600|0.600|0.600
OFF,0.6,concordant,55486,300,bank_exhausted,,0.018605238765992405,0.0,REFER_BORDERLINE|PASS|PASS|PASS|PASS|FAIL|PASS,0.600|0.600|0.600|0.600|0.600|0.600|0.600
ON,0.6,concordant,55487,300,bank_exhausted,,0.008326144336842409,0.0,PASS|PASS|PASS|PASS|PASS|PASS|REFER_BORDERLINE,0.600|0.600|0.600|0.600|0.600|0.600|0.600
OFF,0.6,concordant,55487,273,all_resolved,,-0.002700128696134614,0.0,PASS|PASS|FAIL|PASS|PASS|FAIL|PASS,0.600|0.600|0.600|0.600|0.600|0.600|0.600
ON,0.6,concordant,55488,203,all_resolved,,0.02248883694133866,0.0,PASS|PASS|FAIL|PASS|PASS|PASS|PASS,0.600|0.600|0.600|0.600|0.600|0.600|0.600
OFF,0.6,concordant,55488,300,bank_exhausted,,0.005245743901958299,0.0,REFER_BORDERLINE|PASS|FAIL|PASS|PASS|PASS|PASS,0.600|0.600|0.600|0.600|0.600|0.600|0.600
ON,0.6,concordant,55489,300,bank_exhausted,,0.017738054872193692,0.0,PASS|PASS|REFER_BORDERLINE|PASS|PASS|PASS|PASS,0.600|0.600|0.600|0.600|0.600|0.600|0.600
OFF,0.6,concordant,55489,300,bank_exhausted,,-0.01302685817274395,0.0,PASS|PASS|PASS|PASS|PASS|REFER_BORDERLINE|FAIL,0.600|0.600|0.600|0.600|0.600|0.600|0.600
ON,0.6,concordant,55490,300,bank_exhausted,,0.0266606309195702,0.0,PASS|PASS|PASS|PASS|REFER_BORDERLINE|FAIL|PASS,0.600|0.600|0.600|0.600|0.600|0.600|0.600
OFF,0.6,concordant,55490,212,all_resolved,,0.020472469142734675,0.0,PASS|PASS|FAIL|PASS|PASS|PASS|FAIL,0.600|0.600|0.600|0.600|0.600|0.600|0.600
ON,0.6,concordant,55491,300,bank_exhausted,,0.02616904293216938,0.0,PASS|PASS|PASS|PASS|PASS|REFER_BORDERLINE|PASS,0.600|0.600|0.600|0.600|0.600|0.600|0.600
OFF,0.6,concordant,55491,197,all_resolved,,0.020422937250896032,0.0,PASS|PASS|PASS|PASS|PASS|PASS|PASS,0.600|0.600|0.600|0.600|0.600|0.600|0.600
ON,0.6,concordant,55492,300,bank_exhausted,,0.034416660724565125,0.0,PASS|REFER_BORDERLINE|PASS|REFER_BORDERLINE|PASS|REFER_BORDERLINE|PASS,0.600|0.600|0.600|0.600|0.600|0.600|0.600
OFF,0.6,concordant,55492,300,bank_exhausted,,-0.008975931437979293,0.0,PASS|REFER_BORDERLINE|REFER_BORDERLINE|PASS|PASS|REFER_BORDERLINE|REFER_BORDERLINE,0.600|0.600|0.600|0.600|0.600|0.600|0.600
ON,0.6,concordant,55493,300,bank_exhausted,,-0.0008234530910789741,0.0,PASS|PASS|PASS|PASS|REFER_BORDERLINE|PASS|PASS,0.600|0.600|0.600|0.600|0.600|0.600|0.600
OFF,0.6,concordant,55493,300,bank_exhausted,,-0.0033551856823582243,0.0,PASS|FAIL|REFER_BORDERLINE|REFER_BORDERLINE|PASS|PASS|REFER_BORDERLINE,0.600|0.600|0.600|0.600|0.600|0.600|0.600
ON,0.6,concordant,55494,300,bank_exhausted,,0.03952855129052524,0.0,PASS|PASS|PASS|PASS|PASS|PASS|REFER_BORDERLINE,0.600|0.600|0.600|0.600|0.600|0.600|0.600
OFF,0.6,concordant,55494,240,all_resolved,,-0.01544474600751956,0.0,PASS|PASS|PASS|PASS|PASS|PASS|PASS,0.600|0.600|0.600|0.600|0.600|0.600|0.600
ON,0.6,concordant,55495,300,bank_exhausted,,0.013751116158446562,0.0,FAIL|PASS|PASS|FAIL|PASS|FAIL|REFER_BORDERLINE,0.600|0.600|0.600|0.600|0.600|0.600|0.600
OFF,0.6,concordant,55495,272,all_resolved,,-0.01434994752371999,0.0,FAIL|PASS|FAIL|PASS|PASS|PASS|PASS,0.600|0.600|0.600|0.600|0.600|0.600|0.600
ON,0.6,concordant,55496,300,bank_exhausted,,0.05121933843643092,0.0,PASS|PASS|FAIL|REFER_BORDERLINE|PASS|PASS|REFER_BORDERLINE,0.600|0.600|0.600|0.600|0.600|0.600|0.600
OFF,0.6,concordant,55496,253,all_resolved,,-0.0008367886444181744,0.0,PASS|PASS|PASS|FAIL|PASS|FAIL|FAIL,0.600|0.600|0.600|0.600|0.600|0.600|0.600
ON,0.6,concordant,55497,300,bank_exhausted,,0.005910677646716454,0.0,PASS|PASS|REFER_BORDERLINE|PASS|FAIL|REFER_BORDERLINE|PASS,0.600|0.600|0.600|0.600|0.600|0.600|0.600
OFF,0.6,concordant,55497,300,bank_exhausted,,0.01912080457957664,0.0,PASS|PASS|REFER_BORDERLINE|PASS|PASS|PASS|REFER_BORDERLINE,0.600|0.600|0.600|0.600|0.600|0.600|0.600
ON,0.6,concordant,55498,300,bank_exhausted,,0.015224665917465416,0.0,PASS|PASS|PASS|PASS|REFER_BORDERLINE|PASS|FAIL,0.600|0.600|0.600|0.600|0.600|0.600|0.600
OFF,0.6,concordant,55498,300,bank_exhausted,,0.023937477635426013,0.0,FAIL|PASS|PASS|PASS|FAIL|PASS|REFER_BORDERLINE,0.600|0.600|0.600|0.600|0.600|0.600|0.600
ON,0.6,concordant,55499,300,bank_exhausted,,0.013092854488455303,0.0,PASS|PASS|PASS|PASS|PASS|REFER_BORDERLINE|PASS,0.600|0.600|0.600|0.600|0.600|0.600|0.600
OFF,0.6,concordant,55499,300,bank_exhausted,,0.0010080279576088571,0.0,FAIL|PASS|FAIL|PASS|REFER_BORDERLINE|PASS|PASS,0.600|0.600|0.600|0.600|0.600|0.600|0.600
ON,0.6,concordant,55500,300,bank_exhausted,,0.0322703170933382,0.0,PASS|PASS|PASS|PASS|PASS|PASS|REFER_BORDERLINE,0.600|0.600|0.600|0.600|0.600|0.600|0.600
OFF,0.6,concordant,55500,300,bank_exhausted,,-0.008594294382613006,0.0,PASS|PASS|REFER_BORDERLINE|PASS|REFER_BORDERLINE|FAIL|REFER_BORDERLINE,0.600|0.600|0.600|0.600|0.600|0.600|0.600
ON,0.6,concordant,55501,300,bank_exhausted,,0.018424624234692055,0.0,REFER_BORDERLINE|REFER_BORDERLINE|PASS|PASS|PASS|REFER_BORDERLINE|REFER_BORDERLINE,0.600|0.600|0.600|0.600|0.600|0.600|0.600
OFF,0.6,concordant,55501,278,all_resolved,,0.028781703248496524,0.0,FAIL|PASS|FAIL|FAIL|PASS|PASS|PASS,0.600|0.600|0.600|0.600|0.600|0.600|0.600
ON,0.6,concordant,55502,300,bank_exhausted,,0.027260106617827608,0.0,PASS|REFER_BORDERLINE|FAIL|REFER_BORDERLINE|PASS|PASS|FAIL,0.600|0.600|0.600|0.600|0.600|0.600|0.600
OFF,0.6,concordant,55502,300,bank_exhausted,,0.029430662976070394,0.0,PASS|PASS|FAIL|PASS|REFER_BORDERLINE|FAIL|PASS,0.600|0.600|0.600|0.600|0.600|0.600|0.600
ON,0.6,concordant,55503,300,bank_exhausted,,0.030551491323165078,0.0,PASS|PASS|PASS|PASS|REFER_BORDERLINE|FAIL|PASS,0.600|0.600|0.600|0.600|0.600|0.600|0.600
OFF,0.6,concordant,55503,300,bank_exhausted,,0.017290859227334712,0.0,PASS|PASS|FAIL|FAIL|REFER_BORDERLINE|PASS|PASS,0.600|0.600|0.600|0.600|0.600|0.600|0.600
ON,0.6,concordant,55504,300,bank_exhausted,,0.022872910316577004,0.0,PASS|PASS|FAIL|PASS|PASS|REFER_BORDERLINE|PASS,0.600|0.600|0.600|0.600|0.600|0.600|0.600
OFF,0.6,concordant,55504,248,all_resolved,,-0.0039834246178044,0.0,PASS|PASS|FAIL|PASS|PASS|PASS|FAIL,0.600|0.600|0.600|0.600|0.600|0.600|0.600
ON,0.6,concordant,55505,300,bank_exhausted,,0.05637796993741713,0.0,REFER_BORDERLINE|PASS|PASS|REFER_BORDERLINE|PASS|PASS|REFER_BORDERLINE,0.600|0.600|0.600|0.600|0.600|0.600|0.600
OFF,0.6,concordant,55505,300,bank_exhausted,,0.022847152679547185,0.0,PASS|FAIL|PASS|PASS|REFER_BORDERLINE|FAIL|PASS,0.600|0.600|0.600|0.600|0.600|0.600|0.600
ON,0.6,concordant,55506,300,bank_exhausted,,0.009339045206731456,0.0,PASS|PASS|PASS|PASS|REFER_BORDERLINE|PASS|PASS,0.600|0.600|0.600|0.600|0.600|0.600|0.600
OFF,0.6,concordant,55506,300,bank_exhausted,,0.014621256992870939,0.0,PASS|PASS|PASS|REFER_BORDERLINE|REFER_BORDERLINE|FAIL|REFER_BORDERLINE,0.600|0.600|0.600|0.600|0.600|0.600|0.600
ON,0.6,concordant,55507,300,bank_exhausted,,0.0487321845557573,0.0,PASS|PASS|REFER_BORDERLINE|PASS|PASS|PASS|REFER_BORDERLINE,0.600|0.600|0.600|0.600|0.600|0.600|0.600
OFF,0.6,concordant,55507,300,bank_exhausted,,0.00683898997816239,0.0,PASS|PASS|PASS|REFER_BORDERLINE|PASS|PASS|PASS,0.600|0.600|0.600|0.600|0.600|0.600|0.600
ON,0.6,concordant,55508,300,bank_exhausted,,-0.00356318373777865,0.0,REFER_BORDERLINE|FAIL|REFER_BORDERLINE|PASS|FAIL|PASS|PASS,0.600|0.600|0.600|0.600|0.600|0.600|0.600
OFF,0.6,concordant,55508,300,bank_exhausted,,0.007673367180101317,0.0,PASS|PASS|PASS|PASS|PASS|PASS|REFER_BORDERLINE,0.600|0.600|0.600|0.600|0.600|0.600|0.600
ON,0.6,concordant,55509,300,bank_exhausted,,0.013876104162195249,0.0,PASS|PASS|PASS|REFER_BORDERLINE|REFER_BORDERLINE|REFER_BORDERLINE|FAIL,0.600|0.600|0.600|0.600|0.600|0.600|0.600
OFF,0.6,concordant,55509,300,bank_exhausted,,-0.008997023677546212,0.0,PASS|PASS|PASS|PASS|PASS|REFER_BORDERLINE|PASS,0.600|0.600|0.600|0.600|0.600|0.600|0.600
ON,0.6,concordant,55510,300,bank_exhausted,,0.018579733063510323,0.0,PASS|PASS|REFER_BORDERLINE|PASS|PASS|REFER_BORDERLINE|PASS,0.600|0.600|0.600|0.600|0.600|0.600|0.600
OFF,0.6,concordant,55510,300,bank_exhausted,,0.026934277069512992,0.0,PASS|PASS|PASS|PASS|REFER_BORDERLINE|PASS|REFER_BORDERLINE,0.600|0.600|0.600|0.600|0.600|0.600|0.600
ON,0.6,concordant,55511,300,bank_exhausted,,0.05179138636801633,0.0,PASS|PASS|PASS|PASS|REFER_BORDERLINE|PASS|FAIL,0.600|0.600|0.600|0.600|0.600|0.600|0.600
OFF,0.6,concordant,55511,300,bank_exhausted,,0.02042282350168129,0.0,PASS|PASS|PASS|PASS|REFER_BORDERLINE|PASS|PASS,0.600|0.600|0.600|0.600|0.600|0.600|0.600
ON,0.6,concordant,55512,268,all_resolved,,0.005083371013210551,0.0,PASS|PASS|PASS|PASS|FAIL|PASS|PASS,0.600|0.600|0.600|0.600|0.600|0.600|0.600
OFF,0.6,concordant,55512,300,bank_exhausted,,-0.0016670022974425442,0.0,REFER_BORDERLINE|PASS|FAIL|REFER_BORDERLINE|PASS|FAIL|PASS,0.600|0.600|0.600|0.600|0.600|0.600|0.600
ON,0.6,concordant,55513,300,bank_exhausted,,0.03347952114649264,0.0,PASS|PASS|PASS|REFER_BORDERLINE|REFER_BORDERLINE|PASS|PASS,0.600|0.600|0.600|0.600|0.600|0.600|0.600
OFF,0.6,concordant,55513,285,all_resolved,,-0.012781104041587346,0.0,PASS|PASS|PASS|FAIL|FAIL|PASS|PASS,0.600|0.600|0.600|0.600|0.600|0.600|0.600
ON,0.6,concordant,55514,249,all_resolved,,-0.00622645833618179,0.0,PASS|FAIL|FAIL|PASS|PASS|PASS|PASS,0.600|0.600|0.600|0.600|0.600|0.600|0.600
OFF,0.6,concordant,55514,300,bank_exhausted,,-0.004898582159527581,0.0,PASS|PASS|REFER_BORDERLINE|FAIL|PASS|PASS|PASS,0.600|0.600|0.600|0.600|0.600|0.600|0.600
ON,0.6,concordant,55515,278,all_resolved,,0.021641690961284384,0.0,PASS|PASS|PASS|PASS|PASS|PASS|PASS,0.600|0.600|0.600|0.600|0.600|0.600|0.600
OFF,0.6,concordant,55515,300,bank_exhausted,,-0.00034026982281311645,0.0,PASS|PASS|PASS|REFER_BORDERLINE|FAIL|PASS|PASS,0.600|0.600|0.600|0.600|0.600|0.600|0.600
ON,0.6,concordant,55516,300,bank_exhausted,,0.02266368559146866,0.0,REFER_BORDERLINE|PASS|FAIL|REFER_BORDERLINE|REFER_BORDERLINE|PASS|FAIL,0.600|0.600|0.600|0.600|0.600|0.600|0.600
OFF,0.6,concordant,55516,300,bank_exhausted,,-0.013020544011701699,0.0,PASS|PASS|FAIL|PASS|REFER_BORDERLINE|PASS|PASS,0.600|0.600|0.600|0.600|0.600|0.600|0.600
ON,0.6,concordant,55517,300,bank_exhausted,,0.015640302870022597,0.0,REFER_BORDERLINE|PASS|PASS|PASS|PASS|PASS|REFER_BORDERLINE,0.600|0.600|0.600|0.600|0.600|0.600|0.600
OFF,0.6,concordant,55517,300,bank_exhausted,,0.023346317532592094,0.0,PASS|REFER_BORDERLINE|PASS|REFER_BORDERLINE|PASS|REFER_BORDERLINE|PASS,0.600|0.600|0.600|0.600|0.600|0.600|0.600
ON,0.6,concordant,55518,193,all_resolved,,0.06219198145810306,0.0,PASS|PASS|PASS|PASS|PASS|FAIL|PASS,0.600|0.600|0.600|0.600|0.600|0.600|0.600
OFF,0.6,concordant,55518,245,all_resolved,,0.015183529942529831,0.0,PASS|FAIL|PASS|PASS|PASS|PASS|PASS,0.600|0.600|0.600|0.600|0.600|0.600|0.600
ON,0.6,concordant,55519,270,all_resolved,,-0.002392846846167992,0.0,FAIL|PASS|PASS|PASS|PASS|FAIL|PASS,0.600|0.600|0.600|0.600|0.600|0.600|0.600
OFF,0.6,concordant,55519,300,bank_exhausted,,0.012382644195226597,0.0,FAIL|PASS|PASS|PASS|PASS|FAIL|REFER_BORDERLINE,0.600|0.600|0.600|0.600|0.600|0.600|0.600
ON,0.6,concordant,55520,300,bank_exhausted,,0.054951222927552,0.0,PASS|REFER_BORDERLINE|PASS|FAIL|FAIL|FAIL|PASS,0.600|0.600|0.600|0.600|0.600|0.600|0.600
OFF,0.6,concordant,55520,295,all_resolved,,0.027996638223592347,0.0,PASS|PASS|PASS|PASS|PASS|FAIL|PASS,0.600|0.600|0.600|0.600|0.600|0.600|0.600
ON,0.6,concordant,55521,300,bank_exhausted,,0.014137174928033468,0.0,PASS|PASS|PASS|REFER_BORDERLINE|PASS|REFER_BORDERLINE|PASS,0.600|0.600|0.600|0.600|0.600|0.600|0.600
OFF,0.6,concordant,55521,300,bank_exhausted,,-0.003527686071224489,0.0,PASS|PASS|PASS|PASS|REFER_BORDERLINE|FAIL|REFER_BORDERLINE,0.600|0.600|0.600|0.600|0.600|0.600|0.600
ON,0.6,concordant,55522,276,all_resolved,,0.025139486510422644,0.0,PASS|PASS|FAIL|PASS|PASS|PASS|PASS,0.600|0.600|0.600|0.600|0.600|0.600|0.600
OFF,0.6,concordant,55522,300,bank_exhausted,,0.006911970781111496,0.0,PASS|PASS|FAIL|PASS|FAIL|REFER_BORDERLINE|PASS,0.600|0.600|0.600|0.600|0.600|0.600|0.600
ON,0.6,concordant,55523,300,bank_exhausted,,0.04061103265696831,0.0,PASS|PASS|PASS|REFER_BORDERLINE|PASS|FAIL|REFER_BORDERLINE,0.600|0.600|0.600|0.600|0.600|0.600|0.600
OFF,0.6,concordant,55523,289,all_resolved,,0.005580630140530835,0.0,PASS|PASS|PASS|PASS|PASS|PASS|PASS,0.600|0.600|0.600|0.600|0.600|0.600|0.600
ON,0.6,concordant,55524,300,bank_exhausted,,0.014885397132924688,0.0,PASS|PASS|REFER_BORDERLINE|REFER_BORDERLINE|PASS|PASS|PASS,0.600|0.600|0.600|0.600|0.600|0.600|0.600
OFF,0.6,concordant,55524,214,all_resolved,,-0.018778716029421254,0.0,PASS|PASS|PASS|FAIL|PASS|FAIL|FAIL,0.600|0.600|0.600|0.600|0.600|0.600|0.600
ON,0.6,concordant,55525,300,bank_exhausted,,0.017323258928733116,0.0,PASS|REFER_BORDERLINE|PASS|PASS|PASS|REFER_BORDERLINE|PASS,0.600|0.600|0.600|0.600|0.600|0.600|0.600
OFF,0.6,concordant,55525,300,bank_exhausted,,0.011109640343316322,0.0,PASS|PASS|REFER_BORDERLINE|PASS|PASS|PASS|FAIL,0.600|0.600|0.600|0.600|0.600|0.600|0.600
ON,0.6,concordant,55526,280,all_resolved,,0.004772608453257572,0.0,PASS|PASS|PASS|PASS|PASS|FAIL|FAIL,0.600|0.600|0.600|0.600|0.600|0.600|0.600
OFF,0.6,concordant,55526,297,all_resolved,,-0.009927062281561622,0.0,PASS|PASS|FAIL|PASS|FAIL|PASS|PASS,0.600|0.600|0.600|0.600|0.600|0.600|0.600
ON,0.6,concordant,55527,300,bank_exhausted,,0.017284982182645243,0.0,REFER_BORDERLINE|PASS|PASS|PASS|PASS|PASS|PASS,0.600|0.600|0.600|0.600|0.600|0.600|0.600
OFF,0.6,concordant,55527,300,bank_exhausted,,0.03003563790342253,0.0,REFER_BORDERLINE|PASS|PASS|PASS|FAIL|REFER_BORDERLINE|PASS,0.600|0.600|0.600|0.600|0.600|0.600|0.600
ON,0.6,concordant,55528,300,bank_exhausted,,0.05607870651449861,0.0,PASS|FAIL|PASS|PASS|PASS|PASS|REFER_BORDERLINE,0.600|0.600|0.600|0.600|0.600|0.600|0.600
OFF,0.6,concordant,55528,300,bank_exhausted,,-0.00356017046133007,0.0,PASS|PASS|REFER_BORDERLINE|FAIL|PASS|PASS|PASS,0.600|0.600|0.600|0.600|0.600|0.600|0.600
ON,0.6,concordant,55529,300,bank_exhausted,,0.009881644867809184,0.0,REFER_BORDERLINE|PASS|PASS|PASS|PASS|FAIL|PASS,0.600|0.600|0.600|0.600|0.600|0.600|0.600
OFF,0.6,concordant,55529,300,bank_exhausted,,-0.010499661271876655,0.0,FAIL|PASS|PASS|PASS|REFER_BORDERLINE|PASS|PASS,0.600|0.600|0.600|0.600|0.600|0.600|0.600
ON,0.6,concordant,55530,300,bank_exhausted,,0.04970174044343137,0.0,PASS|REFER_BORDERLINE|PASS|PASS|PASS|PASS|PASS,0.600|0.600|0.600|0.600|0.600|0.600|0.600
OFF,0.6,concordant,55530,300,bank_exhausted,,0.013111509021260771,0.0,PASS|REFER_BORDERLINE|REFER_BORDERLINE|FAIL|REFER_BORDERLINE|PASS|PASS,0.600|0.600|0.600|0.600|0.600|0.600|0.600
ON,0.6,concordant,55531,199,all_resolved,,0.024828764648191386,0.0,PASS|PASS|PASS|PASS|PASS|PASS|PASS,0.600|0.600|0.600|0.600|0.600|0.600|0.600
OFF,0.6,concordant,55531,300,bank_exhausted,,0.003438618208201999,0.0,PASS|FAIL|PASS|REFER_BORDERLINE|FAIL|PASS|PASS,0.600|0.600|0.600|0.600|0.600|0.600|0.600
ON,0.6,concordant,55532,300,bank_exhausted,,0.051166518762782054,0.0,REFER_BORDERLINE|PASS|PASS|PASS|PASS|FAIL|PASS,0.600|0.600|0.600|0.600|0.600|0.600|0.600
OFF,0.6,concordant,55532,300,bank_exhausted,,-0.007827246714108754,0.0,REFER_BORDERLINE|PASS|REFER_BORDERLINE|PASS|PASS|REFER_BORDERLINE|REFER_BORDERLINE,0.600|0.600|0.600|0.600|0.600|0.600|0.600
ON,0.6,concordant,55533,203,all_resolved,,0.011132074388148987,0.0,PASS|PASS|PASS|PASS|PASS|PASS|PASS,0.600|0.600|0.600|0.600|0.600|0.600|0.600
OFF,0.6,concordant,55533,300,bank_exhausted,,-0.0036139142314147673,0.0,PASS|PASS|PASS|REFER_BORDERLINE|PASS|PASS|FAIL,0.600|0.600|0.600|0.600|0.600|0.600|0.600
ON,0.6,concordant,55534,300,bank_exhausted,,0.024673102337246393,0.0,PASS|PASS|REFER_BORDERLINE|PASS|FAIL|PASS|PASS,0.600|0.600|0.600|0.600|0.600|0.600|0.600
OFF,0.6,concordant,55534,278,all_resolved,,-0.022537543512809507,0.0,PASS|PASS|FAIL|PASS|PASS|PASS|PASS,0.600|0.600|0.600|0.600|0.600|0.600|0.600
ON,0.6,concordant,55535,300,bank_exhausted,,0.023728284575206565,0.0,PASS|REFER_BORDERLINE|FAIL|PASS|PASS|REFER_BORDERLINE|PASS,0.600|0.600|0.600|0.600|0.600|0.600|0.600
OFF,0.6,concordant,55535,300,bank_exhausted,,-0.009016236092734739,0.0,PASS|REFER_BORDERLINE|PASS|PASS|PASS|REFER_BORDERLINE|PASS,0.600|0.600|0.600|0.600|0.600|0.600|0.600
ON,0.6,concordant,55536,300,bank_exhausted,,0.025210341673301002,0.0,PASS|PASS|PASS|REFER_BORDERLINE|PASS|REFER_BORDERLINE|PASS,0.600|0.600|0.600|0.600|0.600|0.600|0.600
OFF,0.6,concordant,55536,297,all_resolved,,0.016014981137744872,0.0,PASS|PASS|FAIL|PASS|PASS|PASS|PASS,0.600|0.600|0.600|0.600|0.600|0.600|0.600
ON,0.6,concordant,55537,300,bank_exhausted,,0.0008795664474077143,0.0,PASS|PASS|FAIL|REFER_BORDERLINE|REFER_BORDERLINE|PASS|REFER_BORDERLINE,0.600|0.600|0.600|0.600|0.600|0.600|0.600
OFF,0.6,concordant,55537,275,all_resolved,,-0.003918086202069089,0.0,PASS|PASS|PASS|PASS|FAIL|PASS|PASS,0.600|0.600|0.600|0.600|0.600|0.600|0.600
ON,0.6,concordant,55538,300,bank_exhausted,,0.021962967181842392,0.0,PASS|PASS|FAIL|REFER_BORDERLINE|PASS|PASS|PASS,0.600|0.600|0.600|0.600|0.600|0.600|0.600
OFF,0.6,concordant,55538,300,bank_exhausted,,0.0021508181697602606,0.0,PASS|REFER_BORDERLINE|PASS|PASS|PASS|PASS|FAIL,0.600|0.600|0.600|0.600|0.600|0.600|0.600
ON,0.6,concordant,55539,300,bank_exhausted,,0.047390844312663015,0.0,PASS|PASS|PASS|PASS|PASS|PASS|REFER_BORDERLINE,0.600|0.600|0.600|0.600|0.600|0.600|0.600
OFF,0.6,concordant,55539,298,all_resolved,,-0.007375906440445411,0.0,PASS|PASS|FAIL|PASS|FAIL|PASS|FAIL,0.600|0.600|0.600|0.600|0.600|0.600|0.600
ON,0.6,concordant,55540,277,all_resolved,,0.03519062254311499,0.0,PASS|PASS|PASS|PASS|PASS|FAIL|FAIL,0.600|0.600|0.600|0.600|0.600|0.600|0.600
OFF,0.6,concordant,55540,300,bank_exhausted,,-0.00874843238275808,0.0,PASS|PASS|FAIL|PASS|PASS|REFER_BORDERLINE|REFER_BORDERLINE,0.600|0.600|0.600|0.600|0.600|0.600|0.600
ON,0.6,concordant,55541,300,bank_exhausted,,0.06059439909604068,0.0,PASS|REFER_BORDERLINE|PASS|PASS|REFER_BORDERLINE|PASS|PASS,0.600|0.600|0.600|0.600|0.600|0.600|0.600
OFF,0.6,concordant,55541,194,all_resolved,,-0.023509781999720696,0.0,PASS|PASS|FAIL|PASS|FAIL|PASS|FAIL,0.600|0.600|0.600|0.600|0.600|0.600|0.600
ON,0.6,concordant,55542,300,bank_exhausted,,0.036296040781317464,0.0,REFER_BORDERLINE|REFER_BORDERLINE|PASS|PASS|PASS|REFER_BORDERLINE|PASS,0.600|0.600|0.600|0.600|0.600|0.600|0.600
OFF,0.6,concordant,55542,300,bank_exhausted,,-0.014696937145328078,0.0,FAIL|PASS|FAIL|PASS|PASS|FAIL|REFER_BORDERLINE,0.600|0.600|0.600|0.600|0.600|0.600|0.600
ON,0.6,concordant,55543,300,bank_exhausted,,0.04226623343964911,0.0,PASS|PASS|PASS|REFER_BORDERLINE|PASS|PASS|PASS,0.600|0.600|0.600|0.600|0.600|0.600|0.600
OFF,0.6,concordant,55543,263,all_resolved,,-0.007294844702051704,0.0,PASS|PASS|PASS|PASS|PASS|PASS|FAIL,0.600|0.600|0.600|0.600|0.600|0.600|0.600
ON,0.6,concordant,55544,300,bank_exhausted,,0.001786537527995828,0.0,PASS|PASS|PASS|REFER_BORDERLINE|PASS|FAIL|PASS,0.600|0.600|0.600|0.600|0.600|0.600|0.600
OFF,0.6,concordant,55544,300,bank_exhausted,,-0.00016028106017981704,0.0,PASS|PASS|PASS|REFER_BORDERLINE|PASS|FAIL|PASS,0.600|0.600|0.600|0.600|0.600|0.600|0.600
ON,0.6,concordant,55545,300,bank_exhausted,,-0.0024754194620401774,0.0,REFER_BORDERLINE|PASS|REFER_BORDERLINE|PASS|REFER_BORDERLINE|PASS|REFER_BORDERLINE,0.600|0.600|0.600|0.600|0.600|0.600|0.600
OFF,0.6,concordant,55545,267,all_resolved,,-0.022131305967842033,0.0,PASS|PASS|FAIL|PASS|PASS|FAIL|FAIL,0.600|0.600|0.600|0.600|0.600|0.600|0.600
ON,0.6,concordant,55546,300,bank_exhausted,,0.029521599989449192,0.0,REFER_BORDERLINE|PASS|REFER_BORDERLINE|PASS|FAIL|PASS|REFER_BORDERLINE,0.600|0.600|0.600|0.600|0.600|0.600|0.600
OFF,0.6,concordant,55546,300,bank_exhausted,,0.025340355022706453,0.0,PASS|PASS|PASS|PASS|PASS|PASS|REFER_BORDERLINE,0.600|0.600|0.600|0.600|0.600|0.600|0.600
ON,0.6,concordant,55547,227,all_resolved,,-0.004570304871874212,0.0,PASS|PASS|PASS|PASS|PASS|PASS|PASS,0.600|0.600|0.600|0.600|0.600|0.600|0.600
OFF,0.6,concordant,55547,247,all_resolved,,-0.014201056680461335,0.0,PASS|PASS|PASS|PASS|PASS|FAIL|PASS,0.600|0.600|0.600|0.600|0.600|0.600|0.600
ON,0.6,concordant,55548,300,bank_exhausted,,0.05208490809166064,0.0,PASS|PASS|PASS|PASS|FAIL|PASS|REFER_BORDERLINE,0.600|0.600|0.600|0.600|0.600|0.600|0.600
OFF,0.6,concordant,55548,300,bank_exhausted,,-0.0016739553142434737,0.0,FAIL|PASS|FAIL|PASS|REFER_BORDERLINE|FAIL|PASS,0.600|0.600|0.600|0.600|0.600|0.600|0.600
ON,0.6,concordant,55549,300,bank_exhausted,,0.01903931815580796,0.0,PASS|REFER_BORDERLINE|PASS|PASS|FAIL|PASS|PASS,0.600|0.600|0.600|0.600|0.600|0.600|0.600
OFF,0.6,concordant,55549,300,bank_exhausted,,0.03364417889897937,0.0,PASS|REFER_BORDERLINE|PASS|FAIL|PASS|REFER_BORDERLINE|PASS,0.600|0.600|0.600|0.600|0.600|0.600|0.600
ON,0.6,concordant,55550,300,bank_exhausted,,0.020049787945574354,0.0,PASS|PASS|PASS|PASS|PASS|REFER_BORDERLINE|PASS,0.600|0.600|0.600|0.600|0.600|0.600|0.600
OFF,0.6,concordant,55550,300,bank_exhausted,,0.0006022181283708519,0.0,PASS|PASS|REFER_BORDERLINE|PASS|REFER_BORDERLINE|PASS|PASS,0.600|0.600|0.600|0.600|0.600|0.600|0.600
ON,0.6,concordant,55551,300,bank_exhausted,,0.03408611660847159,0.0,PASS|PASS|REFER_BORDERLINE|PASS|PASS|REFER_BORDERLINE|PASS,0.600|0.600|0.600|0.600|0.600|0.600|0.600
OFF,0.6,concordant,55551,300,bank_exhausted,,-0.004694406908578972,0.0,PASS|FAIL|FAIL|REFER_BORDERLINE|PASS|PASS|PASS,0.600|0.600|0.600|0.600|0.600|0.600|0.600
ON,0.6,concordant,55552,300,bank_exhausted,,0.03217339439950296,0.0,REFER_BORDERLINE|PASS|REFER_BORDERLINE|PASS|PASS|PASS|REFER_BORDERLINE,0.600|0.600|0.600|0.600|0.600|0.600|0.600
OFF,0.6,concordant,55552,300,bank_exhausted,,-0.0008624125344505419,0.0,PASS|PASS|REFER_BORDERLINE|FAIL|PASS|PASS|REFER_BORDERLINE,0.600|0.600|0.600|0.600|0.600|0.600|0.600
ON,0.6,concordant,55553,216,all_resolved,,0.030197579991342823,0.0,PASS|PASS|PASS|PASS|PASS|PASS|PASS,0.600|0.600|0.600|0.600|0.600|0.600|0.600
OFF,0.6,concordant,55553,300,bank_exhausted,,0.02032399461442945,0.0,PASS|PASS|PASS|PASS|REFER_BORDERLINE|PASS|PASS,0.600|0.600|0.600|0.600|0.600|0.600|0.600
ON,0.6,concordant,55554,300,bank_exhausted,,0.018555743676130214,0.0,PASS|REFER_BORDERLINE|REFER_BORDERLINE|PASS|FAIL|REFER_BORDERLINE|PASS,0.600|0.600|0.600|0.600|0.600|0.600|0.600
OFF,0.6,concordant,55554,295,all_resolved,,-0.03135258715444046,0.0,FAIL|FAIL|PASS|PASS|PASS|PASS|FAIL,0.600|0.600|0.600|0.600|0.600|0.600|0.600
ON,0.6,concordant,55555,300,bank_exhausted,,0.02997037822364469,0.0,REFER_BORDERLINE|PASS|PASS|PASS|FAIL|FAIL|PASS,0.600|0.600|0.600|0.600|0.600|0.600|0.600
OFF,0.6,concordant,55555,252,all_resolved,,0.01801869260658375,0.0,PASS|PASS|PASS|PASS|PASS|FAIL|PASS,0.600|0.600|0.600|0.600|0.600|0.600|0.600
ON,0.6,concordant,55556,209,all_resolved,,-0.0017834441043042845,0.0,PASS|PASS|PASS|FAIL|PASS|PASS|FAIL,0.600|0.600|0.600|0.600|0.600|0.600|0.600
OFF,0.6,concordant,55556,300,bank_exhausted,,0.0076359554789042295,0.0,PASS|PASS|REFER_BORDERLINE|FAIL|REFER_BORDERLINE|REFER_BORDERLINE|PASS,0.600|0.600|0.600|0.600|0.600|0.600|0.600
ON,0.6,concordant,55557,300,bank_exhausted,,0.0271986298663136,0.0,REFER_BORDERLINE|PASS|FAIL|PASS|PASS|PASS|PASS,0.600|0.600|0.600|0.600|0.600|0.600|0.600
OFF,0.6,concordant,55557,300,bank_exhausted,,-0.015503566686456104,0.0,PASS|PASS|PASS|PASS|REFER_BORDERLINE|PASS|REFER_BORDERLINE,0.600|0.600|0.600|0.600|0.600|0.600|0.600
ON,0.6,concordant,55558,300,bank_exhausted,,0.017184797915527475,0.0,REFER_BORDERLINE|PASS|REFER_BORDERLINE|PASS|PASS|REFER_BORDERLINE|PASS,0.600|0.600|0.600|0.600|0.600|0.600|0.600
OFF,0.6,concordant,55558,300,bank_exhausted,,-0.006906605394505933,0.0,PASS|PASS|REFER_BORDERLINE|REFER_BORDERLINE|PASS|FAIL|FAIL,0.600|0.600|0.600|0.600|0.600|0.600|0.600
ON,0.6,concordant,55559,300,bank_exhausted,,0.002054571576110248,0.0,FAIL|PASS|PASS|PASS|PASS|REFER_BORDERLINE|PASS,0.600|0.600|0.600|0.600|0.600|0.600|0.600
OFF,0.6,concordant,55559,300,bank_exhausted,,-0.007560022615753352,0.0,FAIL|REFER_BORDERLINE|REFER_BORDERLINE|REFER_BORDERLINE|REFER_BORDERLINE|FAIL|FAIL,0.600|0.600|0.600|0.600|0.600|0.600|0.600
ON,0.6,concordant,55560,300,bank_exhausted,,0.007910460962039944,0.0,PASS|REFER_BORDERLINE|REFER_BORDERLINE|PASS|FAIL|PASS|PASS,0.600|0.600|0.600|0.600|0.600|0.600|0.600
OFF,0.6,concordant,55560,300,bank_exhausted,,-0.0019819233709593735,0.0,PASS|PASS|REFER_BORDERLINE|PASS|PASS|FAIL|REFER_BORDERLINE,0.600|0.600|0.600|0.600|0.600|0.600|0.600
ON,0.6,concordant,55561,229,all_resolved,,0.03369507839547842,0.0,PASS|FAIL|PASS|PASS|PASS|PASS|PASS,0.600|0.600|0.600|0.600|0.600|0.600|0.600
OFF,0.6,concordant,55561,256,all_resolved,,-0.019784648744190225,0.0,PASS|PASS|PASS|PASS|FAIL|PASS|PASS,0.600|0.600|0.600|0.600|0.600|0.600|0.600
ON,0.6,concordant,55562,300,bank_exhausted,,0.02565390567480752,0.0,PASS|PASS|FAIL|FAIL|PASS|REFER_BORDERLINE|FAIL,0.600|0.600|0.600|0.600|0.600|0.600|0.600
OFF,0.6,concordant,55562,300,bank_exhausted,,0.019176436820208025,0.0,PASS|PASS|FAIL|PASS|REFER_BORDERLINE|REFER_BORDERLINE|FAIL,0.600|0.600|0.600|0.600|0.600|0.600|0.600
ON,0.6,concordant,55563,300,bank_exhausted,,0.019983303792364487,0.0,FAIL|PASS|PASS|PASS|FAIL|REFER_BORDERLINE|PASS,0.600|0.600|0.600|0.600|0.600|0.600|0.600
OFF,0.6,concordant,55563,267,all_resolved,,-0.014004257833936403,0.0,PASS|PASS|PASS|PASS|FAIL|PASS|FAIL,0.600|0.600|0.600|0.600|0.600|0.600|0.600
ON,0.6,concordant,55564,214,all_resolved,,0.01637003944738255,0.0,PASS|PASS|PASS|PASS|PASS|FAIL|PASS,0.600|0.600|0.600|0.600|0.600|0.600|0.600
OFF,0.6,concordant,55564,300,bank_exhausted,,0.03572622180247487,0.0,PASS|REFER_BORDERLINE|PASS|FAIL|PASS|PASS|REFER_BORDERLINE,0.600|0.600|0.600|0.600|0.600|0.600|0.600
ON,0.6,concordant,55565,300,bank_exhausted,,0.050012590037557245,0.0,REFER_BORDERLINE|PASS|PASS|PASS|PASS|PASS|PASS,0.600|0.600|0.600|0.600|0.600|0.600|0.600
OFF,0.6,concordant,55565,300,bank_exhausted,,0.009660533149226727,0.0,REFER_BORDERLINE|PASS|FAIL|PASS|FAIL|REFER_BORDERLINE|PASS,0.600|0.600|0.600|0.600|0.600|0.600|0.600
ON,0.6,concordant,55566,300,bank_exhausted,,0.04705444236997604,0.0,PASS|PASS|FAIL|PASS|FAIL|REFER_BORDERLINE|PASS,0.600|0.600|0.600|0.600|0.600|0.600|0.600
OFF,0.6,concordant,55566,300,bank_exhausted,,-0.0007028654389750048,0.0,REFER_BORDERLINE|REFER_BORDERLINE|REFER_BORDERLINE|PASS|FAIL|PASS|PASS,0.600|0.600|0.600|0.600|0.600|0.600|0.600
ON,0.6,concordant,55567,271,all_resolved,,0.0217402856345636,0.0,PASS|PASS|PASS|FAIL|PASS|PASS|PASS,0.600|0.600|0.600|0.600|0.600|0.600|0.600
OFF,0.6,concordant,55567,300,bank_exhausted,,-0.018929042554656533,0.0,REFER_BORDERLINE|PASS|PASS|PASS|PASS|PASS|PASS,0.600|0.600|0.600|0.600|0.600|0.600|0.600
ON,0.6,concordant,55568,300,bank_exhausted,,-0.0015117944259866486,0.0,PASS|PASS|PASS|FAIL|PASS|FAIL|REFER_BORDERLINE,0.600|0.600|0.600|0.600|0.600|0.600|0.600
OFF,0.6,concordant,55568,300,bank_exhausted,,-0.014643960991404354,0.0,PASS|PASS|PASS|PASS|FAIL|REFER_BORDERLINE|REFER_BORDERLINE,0.600|0.600|0.600|0.600|0.600|0.600|0.600
ON,0.6,concordant,55569,300,bank_exhausted,,0.0009111380727424987,0.0,PASS|FAIL|REFER_BORDERLINE|PASS|REFER_BORDERLINE|REFER_BORDERLINE|PASS,0.600|0.600|0.600|0.600|0.600|0.600|0.600
OFF,0.6,concordant,55569,300,bank_exhausted,,-0.025400916830631916,0.0,PASS|PASS|REFER_BORDERLINE|PASS|PASS|PASS|PASS,0.600|0.600|0.600|0.600|0.600|0.600|0.600
ON,0.6,concordant,55570,300,bank_exhausted,,0.019176895181550087,0.0,PASS|PASS|REFER_BORDERLINE|PASS|PASS|PASS|PASS,0.600|0.600|0.600|0.600|0.600|0.600|0.600
OFF,0.6,concordant,55570,300,bank_exhausted,,-0.005849938364594248,0.0,PASS|PASS|REFER_BORDERLINE|PASS|PASS|PASS|PASS,0.600|0.600|0.600|0.600|0.600|0.600|0.600
ON,0.6,concordant,55571,300,bank_exhausted,,0.016233948086423592,0.0,FAIL|PASS|PASS|REFER_BORDERLINE|PASS|PASS|REFER_BORDERLINE,0.600|0.600|0.600|0.600|0.600|0.600|0.600
OFF,0.6,concordant,55571,300,bank_exhausted,,0.017648271207402273,0.0,REFER_BORDERLINE|PASS|FAIL|FAIL|PASS|PASS|REFER_BORDERLINE,0.600|0.600|0.600|0.600|0.600|0.600|0.600
ON,0.6,concordant,55572,300,bank_exhausted,,0.022267602566682188,0.0,PASS|PASS|FAIL|PASS|PASS|REFER_BORDERLINE|PASS,0.600|0.600|0.600|0.600|0.600|0.600|0.600
OFF,0.6,concordant,55572,300,bank_exhausted,,0.0010689057610637094,0.0,PASS|PASS|REFER_BORDERLINE|FAIL|REFER_BORDERLINE|PASS|FAIL,0.600|0.600|0.600|0.600|0.600|0.600|0.600
ON,0.6,concordant,55573,300,bank_exhausted,,0.01829800467569618,0.0,PASS|REFER_BORDERLINE|FAIL|PASS|FAIL|PASS|REFER_BORDERLINE,0.600|0.600|0.600|0.600|0.600|0.600|0.600
OFF,0.6,concordant,55573,300,bank_exhausted,,0.0003444626658754567,0.0,PASS|REFER_BORDERLINE|FAIL|FAIL|REFER_BORDERLINE|REFER_BORDERLINE|REFER_BORDERLINE,0.600|0.600|0.600|0.600|0.600|0.600|0.600
ON,0.6,concordant,55574,300,bank_exhausted,,0.012337422614932895,0.0,REFER_BORDERLINE|PASS|PASS|PASS|PASS|PASS|PASS,0.600|0.600|0.600|0.600|0.600|0.600|0.600
OFF,0.6,concordant,55574,300,bank_exhausted,,0.0008499759770697758,0.0,REFER_BORDERLINE|PASS|FAIL|PASS|FAIL|REFER_BORDERLINE|FAIL,0.600|0.600|0.600|0.600|0.600|0.600|0.600
ON,0.6,concordant,55575,256,all_resolved,,0.0327701723525511,0.0,PASS|PASS|PASS|PASS|PASS|PASS|PASS,0.600|0.600|0.600|0.600|0.600|0.600|0.600
OFF,0.6,concordant,55575,300,bank_exhausted,,-0.003467751210782754,0.0,REFER_BORDERLINE|REFER_BORDERLINE|FAIL|PASS|FAIL|REFER_BORDERLINE|FAIL,0.600|0.600|0.600|0.600|0.600|0.600|0.600
ON,0.6,concordant,55576,300,bank_exhausted,,0.05511643757460677,0.0,REFER_BORDERLINE|PASS|PASS|REFER_BORDERLINE|PASS|REFER_BORDERLINE|REFER_BORDERLINE,0.600|0.600|0.600|0.600|0.600|0.600|0.600
OFF,0.6,concordant,55576,300,bank_exhausted,,0.014286731173759863,0.0,PASS|PASS|PASS|PASS|REFER_BORDERLINE|FAIL|PASS,0.600|0.600|0.600|0.600|0.600|0.600|0.600
ON,0.6,concordant,55577,300,bank_exhausted,,-0.005493178762607435,0.0,PASS|PASS|FAIL|FAIL|FAIL|PASS|REFER_BORDERLINE,0.600|0.600|0.600|0.600|0.600|0.600|0.600
OFF,0.6,concordant,55577,300,bank_exhausted,,-0.01653770123426839,0.0,PASS|PASS|PASS|REFER_BORDERLINE|FAIL|PASS|PASS,0.600|0.600|0.600|0.600|0.600|0.600|0.600
ON,0.6,concordant,55578,300,bank_exhausted,,0.028514319797243018,0.0,PASS|REFER_BORDERLINE|FAIL|PASS|PASS|PASS|PASS,0.600|0.600|0.600|0.600|0.600|0.600|0.600
OFF,0.6,concordant,55578,255,all_resolved,,0.007945139456737608,0.0,PASS|PASS|PASS|PASS|PASS|PASS|PASS,0.600|0.600|0.600|0.600|0.600|0.600|0.600
ON,0.6,concordant,55579,300,bank_exhausted,,0.009119106461512708,0.0,PASS|PASS|PASS|PASS|PASS|REFER_BORDERLINE|REFER_BORDERLINE,0.600|0.600|0.600|0.600|0.600|0.600|0.600
OFF,0.6,concordant,55579,300,bank_exhausted,,-0.029676100844152925,0.0,PASS|PASS|FAIL|PASS|REFER_BORDERLINE|PASS|PASS,0.600|0.600|0.600|0.600|0.600|0.600|0.600
ON,0.6,concordant,55580,300,bank_exhausted,,-0.014075723515559852,0.0,FAIL|PASS|PASS|PASS|REFER_BORDERLINE|REFER_BORDERLINE|PASS,0.600|0.600|0.600|0.600|0.600|0.600|0.600
OFF,0.6,concordant,55580,300,bank_exhausted,,0.010242484076734967,0.0,PASS|PASS|FAIL|PASS|REFER_BORDERLINE|REFER_BORDERLINE|FAIL,0.600|0.600|0.600|0.600|0.600|0.600|0.600
ON,0.6,concordant,55581,300,bank_exhausted,,0.004768253795634306,0.0,REFER_BORDERLINE|PASS|PASS|FAIL|REFER_BORDERLINE|REFER_BORDERLINE|REFER_BORDERLINE,0.600|0.600|0.600|0.600|0.600|0.600|0.600
OFF,0.6,concordant,55581,300,bank_exhausted,,-0.013793146871856827,0.0,REFER_BORDERLINE|FAIL|FAIL|PASS|REFER_BORDERLINE|PASS|FAIL,0.600|0.600|0.600|0.600|0.600|0.600|0.600
ON,0.6,concordant,55582,257,all_resolved,,0.043016184776751766,0.0,PASS|FAIL|FAIL|FAIL|PASS|FAIL|PASS,0.600|0.600|0.600|0.600|0.600|0.600|0.600
OFF,0.6,concordant,55582,272,all_resolved,,-0.016649825158525783,0.0,PASS|PASS|PASS|PASS|FAIL|PASS|PASS,0.600|0.600|0.600|0.600|0.600|0.600|0.600
ON,0.6,concordant,55583,217,all_resolved,,0.01177947842094398,0.0,PASS|FAIL|PASS|PASS|FAIL|PASS|PASS,0.600|0.600|0.600|0.600|0.600|0.600|0.600
OFF,0.6,concordant,55583,235,all_resolved,,-0.012934345407182305,0.0,PASS|PASS|FAIL|PASS|FAIL|PASS|PASS,0.600|0.600|0.600|0.600|0.600|0.600|0.600
ON,0.6,concordant,55584,300,bank_exhausted,,0.012548891861793934,0.0,PASS|PASS|PASS|PASS|REFER_BORDERLINE|FAIL|PASS,0.600|0.600|0.600|0.600|0.600|0.600|0.600
OFF,0.6,concordant,55584,300,bank_exhausted,,-0.0011335497019907656,0.0,PASS|REFER_BORDERLINE|PASS|PASS|REFER_BORDERLINE|PASS|PASS,0.600|0.600|0.600|0.600|0.600|0.600|0.600
ON,0.6,concordant,55585,205,all_resolved,,0.029000704244269798,0.0,PASS|PASS|FAIL|PASS|PASS|FAIL|PASS,0.600|0.600|0.600|0.600|0.600|0.600|0.600
OFF,0.6,concordant,55585,300,bank_exhausted,,-0.0021356631024575185,0.0,PASS|PASS|PASS|PASS|PASS|REFER_BORDERLINE|PASS,0.600|0.600|0.600|0.600|0.600|0.600|0.600
ON,0.6,concordant,55586,245,all_resolved,,0.0009636480890527163,0.0,PASS|PASS|PASS|PASS|PASS|PASS|FAIL,0.600|0.600|0.600|0.600|0.600|0.600|0.600
OFF,0.6,concordant,55586,300,bank_exhausted,,0.0009646095355390417,0.0,PASS|REFER_BORDERLINE|REFER_BORDERLINE|PASS|REFER_BORDERLINE|FAIL|PASS,0.600|0.600|0.600|0.600|0.600|0.600|0.600
ON,0.6,concordant,55587,271,all_resolved,,0.027362332384239876,0.0,PASS|PASS|PASS|PASS|PASS|PASS|FAIL,0.600|0.600|0.600|0.600|0.600|0.600|0.600
OFF,0.6,concordant,55587,300,bank_exhausted,,-0.010336143473158851,0.0,PASS|PASS|PASS|PASS|PASS|REFER_BORDERLINE|PASS,0.600|0.600|0.600|0.600|0.600|0.600|0.600
ON,0.6,concordant,55588,300,bank_exhausted,,0.03282109148312874,0.0,REFER_BORDERLINE|REFER_BORDERLINE|REFER_BORDERLINE|PASS|REFER_BORDERLINE|FAIL|REFER_BORDERLINE,0.600|0.600|0.600|0.600|0.600|0.600|0.600
OFF,0.6,concordant,55588,300,bank_exhausted,,-0.027918081999848403,0.0,PASS|PASS|FAIL|REFER_BORDERLINE|PASS|FAIL|REFER_BORDERLINE,0.600|0.600|0.600|0.600|0.600|0.600|0.600
ON,0.6,concordant,55589,244,all_resolved,,0.004198918995093211,0.0,PASS|PASS|PASS|PASS|FAIL|PASS|PASS,0.600|0.600|0.600|0.600|0.600|0.600|0.600
OFF,0.6,concordant,55589,300,bank_exhausted,,0.017414619922758678,0.0,PASS|REFER_BORDERLINE|FAIL|PASS|PASS|FAIL|FAIL,0.600|0.600|0.600|0.600|0.600|0.600|0.600
ON,0.6,concordant,55590,282,all_resolved,,0.02012233203509302,0.0,PASS|PASS|PASS|PASS|PASS|PASS|PASS,0.600|0.600|0.600|0.600|0.600|0.600|0.600
OFF,0.6,concordant,55590,242,all_resolved,,0.016200238697117404,0.0,PASS|PASS|PASS|PASS|PASS|FAIL|PASS,0.600|0.600|0.600|0.600|0.600|0.600|0.600
ON,0.6,concordant,55591,300,bank_exhausted,,0.034865196393795254,0.0,PASS|PASS|PASS|PASS|REFER_BORDERLINE|FAIL|PASS,0.600|0.600|0.600|0.600|0.600|0.600|0.600
OFF,0.6,concordant,55591,300,bank_exhausted,,0.0200513546710107,0.0,PASS|REFER_BORDERLINE|REFER_BORDERLINE|REFER_BORDERLINE|PASS|PASS|PASS,0.600|0.600|0.600|0.600|0.600|0.600|0.600
ON,0.6,concordant,55592,300,bank_exhausted,,0.038051417410304246,0.0,REFER_BORDERLINE|PASS|PASS|PASS|PASS|FAIL|REFER_BORDERLINE,0.600|0.600|0.600|0.600|0.600|0.600|0.600
OFF,0.6,concordant,55592,300,bank_exhausted,,-0.00861381809619046,0.0,PASS|FAIL|FAIL|FAIL|PASS|PASS|REFER_BORDERLINE,0.600|0.600|0.600|0.600|0.600|0.600|0.600
ON,0.6,concordant,55593,300,bank_exhausted,,0.04004827505837538,0.0,FAIL|PASS|PASS|PASS|PASS|REFER_BORDERLINE|PASS,0.600|0.600|0.600|0.600|0.600|0.600|0.600
OFF,0.6,concordant,55593,290,all_resolved,,0.007768237710147205,0.0,FAIL|PASS|PASS|PASS|PASS|PASS|PASS,0.600|0.600|0.600|0.600|0.600|0.600|0.600
ON,0.6,concordant,55594,276,all_resolved,,0.02482989532928149,0.0,PASS|PASS|PASS|PASS|PASS|PASS|PASS,0.600|0.600|0.600|0.600|0.600|0.600|0.600
OFF,0.6,concordant,55594,300,bank_exhausted,,-0.011247117216056687,0.0,PASS|PASS|REFER_BORDERLINE|PASS|PASS|REFER_BORDERLINE|PASS,0.600|0.600|0.600|0.600|0.600|0.600|0.600
ON,0.6,concordant,55595,206,all_resolved,,0.033107084461163325,0.0,PASS|PASS|PASS|PASS|PASS|PASS|PASS,0.600|0.600|0.600|0.600|0.600|0.600|0.600
OFF,0.6,concordant,55595,228,all_resolved,,0.006132469315768953,0.0,PASS|PASS|PASS|PASS|PASS|PASS|PASS,0.600|0.600|0.600|0.600|0.600|0.600|0.600
ON,0.6,concordant,55596,300,bank_exhausted,,0.033108253633300645,0.0,FAIL|PASS|REFER_BORDERLINE|PASS|PASS|PASS|FAIL,0.600|0.600|0.600|0.600|0.600|0.600|0.600
OFF,0.6,concordant,55596,300,bank_exhausted,,0.013849135392851533,0.0,FAIL|PASS|PASS|PASS|PASS|REFER_BORDERLINE|PASS,0.600|0.600|0.600|0.600|0.600|0.600|0.600
ON,0.6,concordant,55597,300,bank_exhausted,,0.025205521172792438,0.0,PASS|PASS|PASS|PASS|PASS|REFER_BORDERLINE|PASS,0.600|0.600|0.600|0.600|0.600|0.600|0.600
OFF,0.6,concordant,55597,300,bank_exhausted,,6.0364589514189614e-05,0.0,PASS|PASS|REFER_BORDERLINE|PASS|FAIL|REFER_BORDERLINE|PASS,0.600|0.600|0.600|0.600|0.600|0.600|0.600
ON,0.6,concordant,55598,240,all_resolved,,-0.0003362316681473665,0.0,PASS|PASS|FAIL|PASS|PASS|PASS|FAIL,0.600|0.600|0.600|0.600|0.600|0.600|0.600
OFF,0.6,concordant,55598,300,bank_exhausted,,-0.01340589770059983,0.0,PASS|PASS|REFER_BORDERLINE|PASS|FAIL|PASS|PASS,0.600|0.600|0.600|0.600|0.600|0.600|0.600
ON,0.6,concordant,55599,300,bank_exhausted,,0.014385844531525572,0.0,PASS|PASS|REFER_BORDERLINE|PASS|PASS|PASS|REFER_BORDERLINE,0.600|0.600|0.600|0.600|0.600|0.600|0.600
OFF,0.6,concordant,55599,300,bank_exhausted,,-0.012360248699214184,0.0,PASS|PASS|FAIL|REFER_BORDERLINE|PASS|PASS|PASS,0.600|0.600|0.600|0.600|0.600|0.600|0.600
ON,0.6,discordant,55600,299,all_resolved,,0.014955725426537825,0.0,PASS|PASS|PASS|PASS|PASS|PASS|PASS,1.207|0.654|0.535|0.621|0.499|0.912|0.498
OFF,0.6,discordant,55600,300,bank_exhausted,,-0.0043998742511692146,0.0,PASS|PASS|REFER_BORDERLINE|PASS|REFER_BORDERLINE|PASS|FAIL,1.207|0.654|0.535|0.621|0.499|0.912|0.498
ON,0.6,discordant,55601,300,bank_exhausted,,-0.009807971284851178,0.0,PASS|PASS|PASS|FAIL|REFER_BORDERLINE|FAIL|PASS,0.671|1.463|1.640|-0.889|0.429|-0.176|0.932
OFF,0.6,discordant,55601,193,all_resolved,,-0.011980501501196774,0.0,PASS|PASS|PASS|FAIL|FAIL|FAIL|PASS,0.671|1.463|1.640|-0.889|0.429|-0.176|0.932
ON,0.6,discordant,55602,300,bank_exhausted,,0.022778138936006453,0.0,REFER_BORDERLINE|PASS|PASS|FAIL|FAIL|FAIL|PASS,0.438|0.469|1.169|0.356|0.062|0.054|0.850
OFF,0.6,discordant,55602,300,bank_exhausted,,-0.001990402129793113,0.0,FAIL|PASS|FAIL|PASS|REFER_BORDERLINE|FAIL|PASS,0.438|0.469|1.169|0.356|0.062|0.054|0.850
ON,0.6,discordant,55603,231,all_resolved,,-0.004061825502620255,0.0,FAIL|PASS|FAIL|PASS|PASS|PASS|FAIL,0.089|1.568|0.009|1.548|0.663|0.444|0.226
OFF,0.6,discordant,55603,300,bank_exhausted,,-0.007811590410052334,0.0,FAIL|PASS|FAIL|PASS|REFER_BORDERLINE|FAIL|FAIL,0.089|1.568|0.009|1.548|0.663|0.444|0.226
ON,0.6,discordant,55604,194,all_resolved,,0.04038592850281171,0.0,PASS|PASS|FAIL|PASS|PASS|PASS|PASS,1.032|1.393|-0.678|0.223|1.144|0.692|0.814
OFF,0.6,discordant,55604,300,bank_exhausted,,0.01852333744125801,0.0,PASS|PASS|FAIL|REFER_BORDERLINE|PASS|FAIL|PASS,1.032|1.393|-0.678|0.223|1.144|0.692|0.814
ON,0.6,discordant,55605,212,all_resolved,,0.01431251553137009,0.0,PASS|PASS|PASS|PASS|PASS|PASS|PASS,1.255|0.747|0.615|0.403|1.169|0.220|1.146
OFF,0.6,discordant,55605,277,all_resolved,,-0.025638672036987727,0.0,PASS|PASS|FAIL|PASS|PASS|FAIL|PASS,1.255|0.747|0.615|0.403|1.169|0.220|1.146
ON,0.6,discordant,55606,300,bank_exhausted,,0.002971858602305024,0.0,PASS|PASS|FAIL|REFER_BORDERLINE|PASS|PASS|FAIL,1.534|1.037|0.022|0.633|1.002|0.858|-0.405
OFF,0.6,discordant,55606,207,all_resolved,,0.0063381574808174775,0.0,PASS|PASS|FAIL|PASS|PASS|PASS|PASS,1.534|1.037|0.022|0.633|1.002|0.858|-0.405
ON,0.6,discordant,55607,205,all_resolved,,0.004584980769399708,0.0,PASS|FAIL|PASS|PASS|PASS|PASS|PASS,1.475|-0.154|1.595|0.714|1.068|0.986|1.230
OFF,0.6,discordant,55607,244,all_resolved,,-0.01792204692913509,0.0,PASS|FAIL|PASS|PASS|PASS|PASS|PASS,1.475|-0.154|1.595|0.714|1.068|0.986|1.230
ON,0.6,discordant,55608,203,all_resolved,,0.00844641686918017,0.0,PASS|PASS|PASS|PASS|FAIL|FAIL|PASS,1.023|1.151|0.814|1.153|0.494|0.294|0.471
OFF,0.6,discordant,55608,300,bank_exhausted,,0.011700303868785338,0.0,PASS|PASS|FAIL|PASS|REFER_BORDERLINE|PASS|PASS,1.023|1.151|0.814|1.153|0.494|0.294|0.471
ON,0.6,discordant,55609,300,bank_exhausted,,-0.004166884797035984,0.0,REFER_BORDERLINE|REFER_BORDERLINE|PASS|PASS|PASS|PASS|FAIL,-0.166|0.334|1.008|0.218|0.992|0.320|-0.001
OFF,0.6,discordant,55609,209,all_resolved,,-0.012051090911081652,0.0,FAIL|PASS|PASS|FAIL|PASS|PASS|FAIL,-0.166|0.334|1.008|0.218|0.992|0.320|-0.001
ON,0.6,discordant,55610,300,bank_exhausted,,0.028625613985398736,0.0,FAIL|PASS|REFER_BORDERLINE|PASS|FAIL|PASS|FAIL,-0.341|2.126|0.421|0.109|0.415|0.758|-0.571
OFF,0.6,discordant,55610,300,bank_exhausted,,-0.019663078988161442,0.0,FAIL|PASS|FAIL|FAIL|REFER_BORDERLINE|PASS|FAIL,-0.341|2.126|0.421|0.109|0.415|0.758|-0.571
ON,0.6,discordant,55611,232,all_resolved,,0.015974286708904235,0.0,FAIL|PASS|FAIL|PASS|FAIL|PASS|PASS,0.097|1.134|-0.519|1.197|0.090|1.449|0.633
OFF,0.6,discordant,55611,241,all_resolved,,0.016973217274887924,0.0,FAIL|PASS|FAIL|PASS|FAIL|PASS|PASS,0.097|1.134|-0.519|1.197|0.090|1.449|0.633
ON,0.6,discordant,55612,191,all_resolved,,0.03672977641878824,0.0,PASS|PASS|FAIL|PASS|FAIL|FAIL|PASS,0.765|1.610|1.098|0.407|-0.358|0.335|0.300
OFF,0.6,discordant,55612,268,all_resolved,,0.02014481233083374,0.0,PASS|PASS|PASS|FAIL|FAIL|FAIL|FAIL,0.765|1.610|1.098|0.407|-0.358|0.335|0.300
ON,0.6,discordant,55613,300,bank_exhausted,,0.02562819548118139,0.0,REFER_BORDERLINE|PASS|FAIL|FAIL|PASS|PASS|PASS,-0.081|0.865|-0.052|-0.999|1.117|0.964|0.319
OFF,0.6,discordant,55613,300,bank_exhausted,,-0.008105629864980545,0.0,FAIL|PASS|FAIL|FAIL|PASS|PASS|REFER_BORDERLINE,-0.081|0.865|-0.052|-0.999|1.117|0.964|0.319
ON,0.6,discordant,55614,300,bank_exhausted,,-0.02182244195350508,0.0,PASS|REFER_BORDERLINE|FAIL|FAIL|PASS|PASS|PASS,0.596|0.504|0.211|0.246|1.177|0.752|0.864
OFF,0.6,discordant,55614,283,all_resolved,,-0.016095585642785376,0.0,PASS|PASS|FAIL|FAIL|FAIL|PASS|PASS,0.596|0.504|0.211|0.246|1.177|0.752|0.864
ON,0.6,discordant,55615,203,all_resolved,,0.03709084511876329,0.0,FAIL|PASS|PASS|PASS|PASS|FAIL|PASS,0.170|0.661|0.740|0.953|0.734|-0.455|1.318
OFF,0.6,discordant,55615,300,bank_exhausted,,-0.01422975901313315,0.0,REFER_BORDERLINE|PASS|REFER_BORDERLINE|PASS|PASS|FAIL|PASS,0.170|0.661|0.740|0.953|0.734|-0.455|1.318
ON,0.6,discordant,55616,300,bank_exhausted,,0.026421636803625505,0.0,REFER_BORDERLINE|FAIL|PASS|FAIL|REFER_BORDERLINE|FAIL|PASS,0.494|0.059|1.564|0.077|0.345|0.065|1.013
OFF,0.6,discordant,55616,300,bank_exhausted,,0.020261488873021292,0.0,REFER_BORDERLINE|FAIL|PASS|FAIL|FAIL|FAIL|PASS,0.494|0.059|1.564|0.077|0.345|0.065|1.013
ON,0.6,discordant,55617,245,all_resolved,,0.036080017106497046,0.0,FAIL|PASS|PASS|PASS|PASS|PASS|PASS,-0.485|0.720|0.692|0.642|0.596|1.845|2.188
OFF,0.6,discordant,55617,300,bank_exhausted,,0.0005730341974225197,0.0,FAIL|FAIL|PASS|REFER_BORDERLINE|PASS|PASS|PASS,-0.485|0.720|0.692|0.642|0.596|1.845|2.188
ON,0.6,discordant,55618,300,bank_exhausted,,0.027724637733355702,0.0,PASS|PASS|REFER_BORDERLINE|FAIL|FAIL|PASS|PASS,1.340|0.810|0.521|-1.043|-0.373|1.194|1.029
OFF,0.6,discordant,55618,300,bank_exhausted,,-0.005642782812286691,0.0,PASS|PASS|REFER_BORDERLINE|FAIL|FAIL|PASS|PASS,1.340|0.810|0.521|-1.043|-0.373|1.194|1.029
ON,0.6,discordant,55619,300,bank_exhausted,,0.01210988795483705,0.0,PASS|REFER_BORDERLINE|PASS|PASS|REFER_BORDERLINE|PASS|FAIL,0.748|0.286|0.767|0.652|0.768|0.755|0.486
OFF,0.6,discordant,55619,262,all_resolved,,0.005573097980828229,0.0,PASS|PASS|PASS|PASS|PASS|PASS|PASS,0.748|0.286|0.767|0.652|0.768|0.755|0.486
ON,0.6,discordant,55620,300,bank_exhausted,,0.0017833984811700305,0.0,FAIL|FAIL|REFER_BORDERLINE|PASS|FAIL|PASS|PASS,-0.028|-0.253|0.904|0.423|-0.343|1.420|0.868
OFF,0.6,discordant,55620,203,all_resolved,,0.007841666394115,0.0,FAIL|FAIL|PASS|FAIL|FAIL|PASS|PASS,-0.028|-0.253|0.904|0.423|-0.343|1.420|0.868
ON,0.6,discordant,55621,300,bank_exhausted,,0.025772574765048722,0.0,PASS|PASS|PASS|REFER_BORDERLINE|PASS|PASS|PASS,0.830|0.534|0.849|0.089|1.425|1.132|0.567
OFF,0.6,discordant,55621,300,bank_exhausted,,-0.0155730365242552,0.0,REFER_BORDERLINE|PASS|PASS|REFER_BORDERLINE|PASS|PASS|REFER_BORDERLINE,0.830|0.534|0.849|0.089|1.425|1.132|0.567
ON,0.6,discordant,55622,300,bank_exhausted,,0.01816250062670305,0.0,PASS|REFER_BORDERLINE|FAIL|FAIL|PASS|REFER_BORDERLINE|PASS,1.075|0.244|-0.190|-0.148|0.237|0.701|1.507
OFF,0.6,discordant,55622,300,bank_exhausted,,0.005681010373305567,0.0,PASS|REFER_BORDERLINE|FAIL|REFER_BORDERLINE|REFER_BORDERLINE|PASS|PASS,1.075|0.244|-0.190|-0.148|0.237|0.701|1.507
ON,0.6,discordant,55623,183,all_resolved,,0.028738237561815694,0.0,PASS|PASS|PASS|PASS|PASS|FAIL|FAIL,1.114|1.252|0.819|0.733|0.850|0.384|0.432
OFF,0.6,discordant,55623,300,bank_exhausted,,-0.012959642018753381,0.0,REFER_BORDERLINE|PASS|REFER_BORDERLINE|REFER_BORDERLINE|PASS|PASS|REFER_BORDERLINE,1.114|1.252|0.819|0.733|0.850|0.384|0.432
ON,0.6,discordant,55624,212,all_resolved,,0.04929758846009165,0.0,PASS|FAIL|PASS|FAIL|PASS|PASS|PASS,1.208|-0.052|0.750|-0.662|0.850|2.334|0.835
OFF,0.6,discordant,55624,300,bank_exhausted,,-0.012558828866606633,0.0,PASS|FAIL|PASS|FAIL|REFER_BORDERLINE|PASS|PASS,1.208|-0.052|0.750|-0.662|0.850|2.334|0.835
ON,0.6,discordant,55625,211,all_resolved,,0.025155798659576352,0.0,PASS|PASS|PASS|PASS|FAIL|PASS|FAIL,0.869|0.584|0.041|0.666|0.450|0.828|-0.156
OFF,0.6,discordant,55625,270,all_resolved,,0.006253189879376226,0.0,PASS|PASS|FAIL|PASS|FAIL|PASS|FAIL,0.869|0.584|0.041|0.666|0.450|0.828|-0.156
ON,0.6,discordant,55626,300,bank_exhausted,,0.006881854160826648,0.0,PASS|FAIL|PASS|FAIL|REFER_BORDERLINE|FAIL|PASS,0.927|-0.262|0.360|0.249|0.410|0.214|0.813
OFF,0.6,discordant,55626,300,bank_exhausted,,-0.0046407689156856054,0.0,PASS|FAIL|REFER_BORDERLINE|PASS|FAIL|REFER_BORDERLINE|PASS,0.927|-0.262|0.360|0.249|0.410|0.214|0.813
ON,0.6,discordant,55627,300,bank_exhausted,,0.03705070595592556,0.0,PASS|FAIL|REFER_BORDERLINE|FAIL|FAIL|FAIL|FAIL,0.811|-0.205|0.355|0.196|0.244|-0.155|0.372
OFF,0.6,discordant,55627,300,bank_exhausted,,-0.020184123216119614,0.0,PASS|FAIL|PASS|REFER_BORDERLINE|FAIL|FAIL|PASS,0.811|-0.205|0.355|0.196|0.244|-0.155|0.372
ON,0.6,discordant,55628,300,bank_exhausted,,0.0552331359137888,0.0,PASS|PASS|PASS|FAIL|REFER_BORDERLINE|PASS|PASS,1.181|0.635|1.287|0.423|0.443|0.450|0.593
OFF,0.6,discordant,55628,300,bank_exhausted,,0.02323591423147122,0.0,PASS|PASS|PASS|REFER_BORDERLINE|FAIL|REFER_BORDERLINE|PASS,1.181|0.635|1.287|0.423|0.443|0.450|0.593
ON,0.6,discordant,55629,200,all_resolved,,0.013072059128307193,0.0,PASS|PASS|PASS|PASS|PASS|PASS|PASS,0.890|0.090|0.705|0.564|1.522|0.059|1.827
OFF,0.6,discordant,55629,300,bank_exhausted,,-0.0037287959777941443,0.0,PASS|REFER_BORDERLINE|PASS|PASS|PASS|FAIL|PASS,0.890|0.090|0.705|0.564|1.522|0.059|1.827
ON,0.6,discordant,55630,209,all_resolved,,0.022977894058087683,0.0,PASS|PASS|FAIL|FAIL|FAIL|PASS|FAIL,0.577|0.394|-0.578|-0.350|0.421|0.658|0.289
OFF,0.6,discordant,55630,300,bank_exhausted,,0.028442872210908736,0.0,PASS|PASS|FAIL|FAIL|PASS|REFER_BORDERLINE|FAIL,0.577|0.394|-0.578|-0.350|0.421|0.658|0.289
ON,0.6,discordant,55631,202,all_resolved,,0.024221558225292202,0.0,PASS|FAIL|PASS|FAIL|PASS|FAIL|FAIL,0.800|0.260|1.157|-0.026|0.652|-0.501|-1.226
OFF,0.6,discordant,55631,300,bank_exhausted,,-0.02549449611410228,0.0,PASS|REFER_BORDERLINE|FAIL|REFER_BORDERLINE|REFER_BORDERLINE|FAIL|FAIL,0.800|0.260|1.157|-0.026|0.652|-0.501|-1.226
ON,0.6,discordant,55632,233,all_resolved,,0.03659870802156797,0.0,FAIL|PASS|FAIL|FAIL|PASS|PASS|PASS,0.204|0.818|-0.493|-0.023|0.645|1.043|1.304
OFF,0.6,discordant,55632,218,all_resolved,,0.023772460812829604,0.0,FAIL|PASS|FAIL|FAIL|PASS|PASS|PASS,0.204|0.818|-0.493|-0.023|0.645|1.043|1.304
ON,0.6,discordant,55633,300,bank_exhausted,,0.014575046333179995,0.0,PASS|PASS|REFER_BORDERLINE|PASS|PASS|REFER_BORDERLINE|FAIL,0.844|1.107|0.177|1.012|0.545|0.252|-0.447
OFF,0.6,discordant,55633,300,bank_exhausted,,-0.005661625675227609,0.0,PASS|PASS|REFER_BORDERLINE|PASS|FAIL|FAIL|FAIL,0.844|1.107|0.177|1.012|0.545|0.252|-0.447
ON,0.6,discordant,55634,220,all_resolved,,0.029412750737542185,0.0,PASS|PASS|FAIL|PASS|FAIL|PASS|PASS,1.703|0.715|0.019|0.808|0.002|1.430|0.089
OFF,0.6,discordant,55634,300,bank_exhausted,,-0.014201132195765413,0.0,PASS|PASS|FAIL|PASS|FAIL|PASS|REFER_BORDERLINE,1.703|0.715|0.019|0.808|0.002|1.430|0.089
ON,0.6,discordant,55635,300,bank_exhausted,,0.04189010705593507,0.0,PASS|PASS|PASS|REFER_BORDERLINE|PASS|PASS|PASS,0.915|0.366|0.611|0.869|1.488|1.342|0.876
OFF,0.6,discordant,55635,300,bank_exhausted,,0.018739367282646375,0.0,PASS|REFER_BORDERLINE|PASS|PASS|PASS|PASS|FAIL,0.915|0.366|0.611|0.869|1.488|1.342|0.876
ON,0.6,discordant,55636,300,bank_exhausted,,0.00970398005682903,0.0,PASS|REFER_BORDERLINE|PASS|PASS|PASS|REFER_BORDERLINE|PASS,1.023|-0.167|1.830|0.437|0.692|0.921|0.090
OFF,0.6,discordant,55636,287,all_resolved,,0.023610806525897823,0.0,PASS|FAIL|PASS|FAIL|PASS|PASS|FAIL,1.023|-0.167|1.830|0.437|0.692|0.921|0.090
ON,0.6,discordant,55637,300,bank_exhausted,,0.03778001070471843,0.0,REFER_BORDERLINE|PASS|PASS|PASS|FAIL|FAIL|PASS,0.708|1.106|1.273|-0.241|-0.269|0.029|0.128
OFF,0.6,discordant,55637,300,bank_exhausted,,-0.006479797864378989,0.0,REFER_BORDERLINE|PASS|PASS|FAIL|FAIL|FAIL|FAIL,0.708|1.106|1.273|-0.241|-0.269|0.029|0.128
ON,0.6,discordant,55638,300,bank_exhausted,,0.032502683740140516,0.0,REFER_BORDERLINE|PASS|PASS|PASS|PASS|PASS|FAIL,0.858|1.008|0.571|0.683|0.783|1.754|-0.361
OFF,0.6,discordant,55638,300,bank_exhausted,,-0.0204330978363746,0.0,REFER_BORDERLINE|PASS|REFER_BORDERLINE|PASS|PASS|PASS|FAIL,0.858|1.008|0.571|0.683|0.783|1.754|-0.361
ON,0.6,discordant,55639,300,bank_exhausted,,0.027815084403285978,0.0,PASS|PASS|PASS|PASS|PASS|PASS|REFER_BORDERLINE,1.195|0.684|0.139|0.408|1.008|1.284|0.301
OFF,0.6,discordant,55639,300,bank_exhausted,,0.015290064786141604,0.0,PASS|PASS|PASS|REFER_BORDERLINE|PASS|PASS|REFER_BORDERLINE,1.195|0.684|0.139|0.408|1.008|1.284|0.301
ON,0.6,discordant,55640,193,all_resolved,,0.030386957268340377,0.0,PASS|FAIL|PASS|FAIL|PASS|PASS|FAIL,1.052|0.214|1.356|0.240|1.282|0.931|0.496
OFF,0.6,discordant,55640,211,all_resolved,,-0.0011232336892452663,0.0,PASS|FAIL|PASS|PASS|PASS|PASS|FAIL,1.052|0.214|1.356|0.240|1.282|0.931|0.496
ON,0.6,discordant,55641,300,bank_exhausted,,0.04039723243808841,0.0,PASS|PASS|PASS|PASS|PASS|PASS|REFER_BORDERLINE,0.067|0.369|0.867|0.874|1.624|0.731|0.401
OFF,0.6,discordant,55641,300,bank_exhausted,,0.009682263225764062,0.0,PASS|REFER_BORDERLINE|REFER_BORDERLINE|PASS|PASS|FAIL|FAIL,0.067|0.369|0.867|0.874|1.624|0.731|0.401
ON,0.6,discordant,55642,300,bank_exhausted,,-0.007416753183329481,0.0,PASS|PASS|REFER_BORDERLINE|PASS|FAIL|PASS|FAIL,0.641|1.004|0.745|0.927|-1.025|1.470|-0.723
OFF,0.6,discordant,55642,300,bank_exhausted,,0.0058253295009856555,0.0,PASS|PASS|REFER_BORDERLINE|PASS|FAIL|PASS|FAIL,0.641|1.004|0.745|0.927|-1.025|1.470|-0.723
ON,0.6,discordant,55643,300,bank_exhausted,,0.006448164736024478,0.0,FAIL|PASS|FAIL|REFER_BORDERLINE|FAIL|PASS|PASS,-0.586|1.003|-0.033|0.321|-0.526|1.161|0.399
OFF,0.6,discordant,55643,300,bank_exhausted,,0.012602570528008908,0.0,FAIL|PASS|FAIL|REFER_BORDERLINE|FAIL|PASS|FAIL,-0.586|1.003|-0.033|0.321|-0.526|1.161|0.399
ON,0.6,discordant,55644,300,bank_exhausted,,0.008729715722095703,0.0,REFER_BORDERLINE|PASS|FAIL|PASS|PASS|REFER_BORDERLINE|PASS,-0.179|1.767|0.139|1.179|0.643|0.509|0.736
OFF,0.6,discordant,55644,300,bank_exhausted,,-0.014089513992838679,0.0,FAIL|PASS|REFER_BORDERLINE|PASS|PASS|PASS|PASS,-0.179|1.767|0.139|1.179|0.643|0.509|0.736
ON,0.6,discordant,55645,194,all_resolved,,-0.013402311472817433,0.0,PASS|PASS|PASS|FAIL|PASS|PASS|FAIL,1.488|1.289|1.694|-0.283|1.208|2.047|0.640
OFF,0.6,discordant,55645,300,bank_exhausted,,0.0056288077291655565,0.0,PASS|PASS|PASS|FAIL|PASS|PASS|REFER_BORDERLINE,1.488|1.289|1.694|-0.283|1.208|2.047|0.640
ON,0.6,discordant,55646,300,bank_exhausted,,0.025607462218853842,0.0,PASS|PASS|PASS|PASS|PASS|REFER_BORDERLINE|PASS,1.333|1.315|0.626|1.109|1.240|0.350|1.144
OFF,0.6,discordant,55646,300,bank_exhausted,,-0.008018458671250612,0.0,PASS|PASS|REFER_BORDERLINE|PASS|PASS|FAIL|PASS,1.333|1.315|0.626|1.109|1.240|0.350|1.144
ON,0.6,discordant,55647,239,all_resolved,,0.015801748006107796,0.0,PASS|PASS|FAIL|PASS|FAIL|FAIL|FAIL,0.959|1.224|0.099|2.015|-0.692|0.166|-0.042
OFF,0.6,discordant,55647,300,bank_exhausted,,0.0278996492593322,0.0,PASS|PASS|REFER_BORDERLINE|PASS|FAIL|FAIL|FAIL,0.959|1.224|0.099|2.015|-0.692|0.166|-0.042
ON,0.6,discordant,55648,300,bank_exhausted,,0.01191409322063715,0.0,PASS|PASS|PASS|PASS|REFER_BORDERLINE|FAIL|PASS,0.617|0.600|1.263|0.437|0.504|-0.478|1.047
OFF,0.6,discordant,55648,300,bank_exhausted,,-0.003187244644405111,0.0,PASS|PASS|PASS|REFER_BORDERLINE|PASS|FAIL|PASS,0.617|0.600|1.263|0.437|0.504|-0.478|1.047
ON,0.6,discordant,55649,254,all_resolved,,0.029515453138986254,0.0,PASS|PASS|FAIL|PASS|PASS|PASS|PASS,0.906|0.677|-0.111|2.232|0.596|1.159|0.555
OFF,0.6,discordant,55649,221,all_resolved,,-0.028578395811109325,0.0,PASS|PASS|PASS|PASS|PASS|PASS|PASS,0.906|0.677|-0.111|2.232|0.596|1.159|0.555
ON,0.6,discordant,55650,187,all_resolved,,0.0123922856326402,0.0,FAIL|PASS|FAIL|FAIL|PASS|PASS|PASS,-0.322|0.079|0.187|0.476|0.411|0.898|1.038
OFF,0.6,discordant,55650,300,bank_exhausted,,-0.004910899149376537,0.0,FAIL|REFER_BORDERLINE|PASS|PASS|PASS|REFER_BORDERLINE|PASS,-0.322|0.079|0.187|0.476|0.411|0.898|1.038
ON,0.6,discordant,55651,300,bank_exhausted,,0.03850229589398608,0.0,PASS|REFER_BORDERLINE|PASS|PASS|PASS|PASS|FAIL,1.195|0.467|0.842|1.739|1.173|1.227|-0.311
OFF,0.6,discordant,55651,300,bank_exhausted,,0.022438436496015797,0.0,PASS|FAIL|REFER_BORDERLINE|PASS|PASS|PASS|FAIL,1.195|0.467|0.842|1.739|1.173|1.227|-0.311
ON,0.6,discordant,55652,175,all_resolved,,0.04124067725256544,0.0,PASS|PASS|FAIL|PASS|FAIL|PASS|PASS,1.535|0.648|-0.111|0.458|0.364|0.928|1.311
OFF,0.6,discordant,55652,300,bank_exhausted,,0.004554186573257656,0.0,PASS|FAIL|FAIL|PASS|REFER_BORDERLINE|FAIL|PASS,1.535|0.648|-0.111|0.458|0.364|0.928|1.311
ON,0.6,discordant,55653,300,bank_exhausted,,0.014688238666357925,0.0,PASS|FAIL|FAIL|FAIL|REFER_BORDERLINE|PASS|PASS,0.324|-0.403|-0.339|0.032|0.488|0.964|1.230
OFF,0.6,discordant,55653,300,bank_exhausted,,-0.0012803513094403567,0.0,REFER_BORDERLINE|FAIL|FAIL|FAIL|PASS|PASS|PASS,0.324|-0.403|-0.339|0.032|0.488|0.964|1.230
ON,0.6,discordant,55654,300,bank_exhausted,,0.022904716373532103,0.0,FAIL|PASS|REFER_BORDERLINE|PASS|PASS|PASS|PASS,-0.450|0.168|0.924|0.192|1.370|1.162|0.883
OFF,0.6,discordant,55654,300,bank_exhausted,,-0.0076124979266752645,0.0,FAIL|REFER_BORDERLINE|PASS|FAIL|PASS|PASS|PASS,-0.450|0.168|0.924|0.192|1.370|1.162|0.883
ON,0.6,discordant,55655,300,bank_exhausted,,0.021699337096493836,0.0,REFER_BORDERLINE|PASS|FAIL|FAIL|FAIL|PASS|PASS,0.314|1.094|0.598|0.025|0.198|1.171|0.575
OFF,0.6,discordant,55655,214,all_resolved,,0.015106697207100303,0.0,FAIL|PASS|PASS|PASS|FAIL|PASS|FAIL,0.314|1.094|0.598|0.025|0.198|1.171|0.575
ON,0.6,discordant,55656,197,all_resolved,,0.04220891985966616,0.0,PASS|PASS|PASS|PASS|PASS|PASS|PASS,0.692|1.338|1.585|0.695|1.001|1.581|0.001
OFF,0.6,discordant,55656,220,all_resolved,,0.027124068664231105,0.0,PASS|PASS|PASS|PASS|PASS|PASS|FAIL,0.692|1.338|1.585|0.695|1.001|1.581|0.001
ON,0.6,discordant,55657,300,bank_exhausted,,0.014799498059424734,0.0,REFER_BORDERLINE|PASS|PASS|PASS|FAIL|FAIL|PASS,0.523|0.411|0.910|-0.050|0.395|0.594|1.069
OFF,0.6,discordant,55657,300,bank_exhausted,,-0.004734688779595957,0.0,REFER_BORDERLINE|PASS|REFER_BORDERLINE|FAIL|REFER_BORDERLINE|REFER_BORDERLINE|PASS,0.523|0.411|0.910|-0.050|0.395|0.594|1.069
ON,0.6,discordant,55658,300,bank_exhausted,,0.010338740314865948,0.0,PASS|PASS|REFER_BORDERLINE|PASS|FAIL|REFER_BORDERLINE|FAIL,0.970|1.289|0.179|1.566|0.334|0.683|0.351
OFF,0.6,discordant,55658,237,all_resolved,,-0.031456264340723954,0.0,PASS|PASS|FAIL|PASS|PASS|PASS|FAIL,0.970|1.289|0.179|1.566|0.334|0.683|0.351
ON,0.6,discordant,55659,203,all_resolved,,0.020593216365106096,0.0,FAIL|FAIL|PASS|PASS|PASS|FAIL|PASS,-0.450|0.060|0.869|0.868|0.887|0.233|1.701
OFF,0.6,discordant,55659,300,bank_exhausted,,-0.02089458015109556,0.0,FAIL|FAIL|PASS|PASS|PASS|REFER_BORDERLINE|PASS,-0.450|0.060|0.869|0.868|0.887|0.233|1.701
ON,0.6,discordant,55660,300,bank_exhausted,,0.015308750106535469,0.0,REFER_BORDERLINE|PASS|FAIL|PASS|FAIL|FAIL|REFER_BORDERLINE,1.154|1.045|0.646|1.139|0.761|-0.370|0.332
OFF,0.6,discordant,55660,300,bank_exhausted,,-0.021191543174954197,0.0,PASS|PASS|REFER_BORDERLINE|PASS|PASS|FAIL|PASS,1.154|1.045|0.646|1.139|0.761|-0.370|0.332
ON,0.6,discordant,55661,251,all_resolved,,0.020996659956208277,0.0,PASS|PASS|PASS|FAIL|FAIL|PASS|PASS,0.915|1.597|0.798|-0.445|0.567|1.423|0.896
OFF,0.6,discordant,55661,236,all_resolved,,-0.0012077085198475637,0.0,PASS|PASS|FAIL|FAIL|PASS|PASS|FAIL,0.915|1.597|0.798|-0.445|0.567|1.423|0.896
ON,0.6,discordant,55662,286,all_resolved,,0.02999624447386803,0.0,PASS|PASS|FAIL|FAIL|FAIL|PASS|FAIL,0.662|1.133|-0.400|-0.380|0.047|0.897|0.044
OFF,0.6,discordant,55662,232,all_resolved,,-0.002213555142571651,0.0,PASS|PASS|FAIL|FAIL|FAIL|PASS|PASS,0.662|1.133|-0.400|-0.380|0.047|0.897|0.044
ON,0.6,discordant,55663,292,all_resolved,,-9.180427701336823e-05,0.0,PASS|PASS|PASS|PASS|FAIL|FAIL|PASS,1.060|0.402|0.601|0.453|0.228|0.037|1.892
OFF,0.6,discordant,55663,218,all_resolved,,-0.00805123090299524,0.0,PASS|PASS|PASS|PASS|FAIL|FAIL|PASS,1.060|0.402|0.601|0.453|0.228|0.037|1.892
ON,0.6,discordant,55664,219,all_resolved,,0.01956030579597043,0.0,FAIL|PASS|PASS|PASS|FAIL|FAIL|PASS,0.055|1.108|1.612|1.388|0.109|0.193|1.642
OFF,0.6,discordant,55664,300,bank_exhausted,,0.0012625499885003332,0.0,REFER_BORDERLINE|PASS|PASS|PASS|FAIL|FAIL|PASS,0.055|1.108|1.612|1.388|0.109|0.193|1.642
ON,0.6,discordant,55665,235,all_resolved,,0.0563015412293933,0.0,PASS|PASS|FAIL|PASS|PASS|PASS|PASS,0.847|0.779|0.242|1.208|0.888|0.327|1.373
OFF,0.6,discordant,55665,300,bank_exhausted,,-0.0037405598439627335,0.0,PASS|PASS|REFER_BORDERLINE|PASS|PASS|FAIL|PASS,0.847|0.779|0.242|1.208|0.888|0.327|1.373
ON,0.6,discordant,55666,206,all_resolved,,0.045874830898437385,0.0,PASS|PASS|FAIL|PASS|PASS|PASS|PASS,1.239|1.134|-0.256|0.932|1.532|1.407|0.207
OFF,0.6,discordant,55666,244,all_resolved,,0.00151516697869395,0.0,PASS|PASS|FAIL|PASS|PASS|FAIL|PASS,1.239|1.134|-0.256|0.932|1.532|1.407|0.207
ON,0.6,discordant,55667,300,bank_exhausted,,-0.00839662212337707,0.0,REFER_BORDERLINE|PASS|PASS|PASS|PASS|PASS|REFER_BORDERLINE,0.533|0.541|0.409|0.919|0.505|1.273|0.301
OFF,0.6,discordant,55667,300,bank_exhausted,,-0.04122916955072967,0.0,PASS|PASS|FAIL|PASS|REFER_BORDERLINE|PASS|FAIL,0.533|0.541|0.409|0.919|0.505|1.273|0.301
ON,0.6,discordant,55668,283,all_resolved,,0.034631677949583495,0.0,FAIL|PASS|FAIL|FAIL|FAIL|PASS|PASS,0.077|0.548|-0.324|-0.101|0.388|0.290|0.807
OFF,0.6,discordant,55668,300,bank_exhausted,,0.0029438447767686443,0.0,REFER_BORDERLINE|PASS|FAIL|FAIL|FAIL|REFER_BORDERLINE|FAIL,0.077|0.548|-0.324|-0.101|0.388|0.290|0.807
ON,0.6,discordant,55669,300,bank_exhausted,,0.0526651171793717,0.0,PASS|PASS|FAIL|FAIL|FAIL|REFER_BORDERLINE|PASS,0.968|0.453|-1.180|-0.389|0.376|0.655|1.132
OFF,0.6,discordant,55669,217,all_resolved,,0.026599378752215238,0.0,PASS|FAIL|FAIL|FAIL|PASS|PASS|PASS,0.968|0.453|-1.180|-0.389|0.376|0.655|1.132
ON,0.6,discordant,55670,300,bank_exhausted,,0.02444624495935949,0.0,FAIL|PASS|FAIL|FAIL|PASS|REFER_BORDERLINE|REFER_BORDERLINE,-0.725|1.810|-0.459|0.185|0.603|-0.197|0.481
OFF,0.6,discordant,55670,240,all_resolved,,-0.030826541497356773,0.0,FAIL|PASS|FAIL|FAIL|PASS|FAIL|FAIL,-0.725|1.810|-0.459|0.185|0.603|-0.197|0.481
ON,0.6,discordant,55671,181,all_resolved,,0.01800922361444617,0.0,PASS|PASS|FAIL|PASS|FAIL|FAIL|PASS,0.698|1.543|0.044|0.893|0.188|0.282|0.479
OFF,0.6,discordant,55671,300,bank_exhausted,,0.019109996765282924,0.0,PASS|PASS|FAIL|PASS|PASS|FAIL|REFER_BORDERLINE,0.698|1.543|0.044|0.893|0.188|0.282|0.479
ON,0.6,discordant,55672,300,bank_exhausted,,0.009948069659075479,0.0,FAIL|PASS|PASS|PASS|REFER_BORDERLINE|FAIL|FAIL,0.390|0.629|0.704|0.386|0.184|0.128|-0.008
OFF,0.6,discordant,55672,267,all_resolved,,0.006231342542392206,0.0,FAIL|PASS|PASS|PASS|FAIL|FAIL|FAIL,0.390|0.629|0.704|0.386|0.184|0.128|-0.008
ON,0.6,discordant,55673,300,bank_exhausted,,-0.005258664076972854,0.0,PASS|REFER_BORDERLINE|FAIL|PASS|PASS|REFER_BORDERLINE|PASS,1.248|0.288|0.037|1.220|0.453|0.488|1.231
OFF,0.6,discordant,55673,300,bank_exhausted,,0.010602745998897458,0.0,PASS|PASS|REFER_BORDERLINE|PASS|FAIL|FAIL|PASS,1.248|0.288|0.037|1.220|0.453|0.488|1.231
ON,0.6,discordant,55674,300,bank_exhausted,,0.03821867389543251,0.0,FAIL|REFER_BORDERLINE|FAIL|PASS|PASS|PASS|PASS,-0.199|0.144|-0.374|0.830|0.477|1.648|1.085
OFF,0.6,discordant,55674,206,all_resolved,,-0.029949144546089566,0.0,FAIL|FAIL|FAIL|PASS|FAIL|PASS|PASS,-0.199|0.144|-0.374|0.830|0.477|1.648|1.085
ON,0.6,discordant,55675,300,bank_exhausted,,0.007887647651194988,0.0,PASS|REFER_BORDERLINE|PASS|PASS|PASS|FAIL|PASS,1.004|0.333|0.955|1.010|0.267|0.035|0.323
OFF,0.6,discordant,55675,190,all_resolved,,-0.020494272218756836,0.0,PASS|FAIL|PASS|PASS|FAIL|FAIL|FAIL,1.004|0.333|0.955|1.010|0.267|0.035|0.323
ON,0.6,discordant,55676,300,bank_exhausted,,0.030820450726955575,0.0,PASS|PASS|REFER_BORDERLINE|PASS|PASS|PASS|PASS,1.617|1.052|0.588|1.932|1.123|0.606|1.086
OFF,0.6,discordant,55676,238,all_resolved,,-0.0060570118270698355,0.0,PASS|PASS|FAIL|PASS|PASS|PASS|PASS,1.617|1.052|0.588|1.932|1.123|0.606|1.086
ON,0.6,discordant,55677,300,bank_exhausted,,0.027140062602813236,0.0,REFER_BORDERLINE|PASS|PASS|PASS|PASS|PASS|REFER_BORDERLINE,0.150|1.258|1.592|0.659|1.127|0.771|0.448
OFF,0.6,discordant,55677,300,bank_exhausted,,0.013237344592834757,0.0,FAIL|PASS|PASS|PASS|PASS|PASS|REFER_BORDERLINE,0.150|1.258|1.592|0.659|1.127|0.771|0.448
ON,0.6,discordant,55678,300,bank_exhausted,,-0.001631689085109186,0.0,PASS|REFER_BORDERLINE|PASS|PASS|FAIL|FAIL|FAIL,0.939|0.870|1.710|0.842|0.400|-0.229|-0.123
OFF,0.6,discordant,55678,275,all_resolved,,0.0019294349392658175,0.0,PASS|PASS|PASS|PASS|FAIL|FAIL|FAIL,0.939|0.870|1.710|0.842|0.400|-0.229|-0.123
ON,0.6,discordant,55679,300,bank_exhausted,,-0.02035393631113774,0.0,PASS|REFER_BORDERLINE|FAIL|REFER_BORDERLINE|FAIL|FAIL|PASS,0.321|0.742|0.101|0.124|-0.900|0.370|0.708
OFF,0.6,discordant,55679,300,bank_exhausted,,0.013712637220933905,0.0,REFER_BORDERLINE|PASS|FAIL|FAIL|FAIL|FAIL|PASS,0.321|0.742|0.101|0.124|-0.900|0.370|0.708
ON,0.6,discordant,55680,300,bank_exhausted,,0.03670177842025167,0.0,PASS|PASS|FAIL|PASS|FAIL|PASS|REFER_BORDERLINE,2.083|0.818|-0.034|0.072|-0.226|1.080|0.113
OFF,0.6,discordant,55680,236,all_resolved,,-0.014263804306134754,0.0,PASS|PASS|FAIL|PASS|FAIL|PASS|FAIL,2.083|0.818|-0.034|0.072|-0.226|1.080|0.113
ON,0.6,discordant,55681,300,bank_exhausted,,-0.017491089968016505,0.0,PASS|REFER_BORDERLINE|FAIL|PASS|REFER_BORDERLINE|PASS|PASS,1.590|0.752|-0.367|0.763|0.345|1.603|0.473
OFF,0.6,discordant,55681,213,all_resolved,,0.017571358533181373,0.0,PASS|PASS|FAIL|PASS|FAIL|PASS|FAIL,1.590|0.752|-0.367|0.763|0.345|1.603|0.473
ON,0.6,discordant,55682,300,bank_exhausted,,0.03292698259947045,0.0,PASS|PASS|PASS|PASS|REFER_BORDERLINE|REFER_BORDERLINE|FAIL,1.306|1.098|0.971|1.847|0.660|0.519|0.228
OFF,0.6,discordant,55682,300,bank_exhausted,,0.0008526350688191775,0.0,PASS|PASS|REFER_BORDERLINE|PASS|REFER_BORDERLINE|PASS|PASS,1.306|1.098|0.971|1.847|0.660|0.519|0.228
ON,0.6,discordant,55683,300,bank_exhausted,,0.05087260674057744,0.0,PASS|PASS|REFER_BORDERLINE|FAIL|PASS|FAIL|FAIL,1.805|1.349|-0.110|0.790|0.999|-0.031|0.371
OFF,0.6,discordant,55683,300,bank_exhausted,,0.009871587165411203,0.0,PASS|PASS|FAIL|FAIL|REFER_BORDERLINE|FAIL|PASS,1.805|1.349|-0.110|0.790|0.999|-0.031|0.371
ON,0.6,discordant,55684,300,bank_exhausted,,0.025140217123634588,0.0,PASS|FAIL|REFER_BORDERLINE|PASS|PASS|FAIL|PASS,1.097|0.440|0.362|0.839|0.598|-1.078|0.929
OFF,0.6,discordant,55684,300,bank_exhausted,,-0.014078419260236286,0.0,PASS|FAIL|REFER_BORDERLINE|PASS|REFER_BORDERLINE|FAIL|REFER_BORDERLINE,1.097|0.440|0.362|0.839|0.598|-1.078|0.929
ON,0.6,discordant,55685,212,all_resolved,,0.04856420554563118,0.0,PASS|FAIL|PASS|PASS|FAIL|PASS|FAIL,0.679|-0.387|1.499|1.232|-0.568|0.719|-0.132
OFF,0.6,discordant,55685,218,all_resolved,,0.015904727642946665,0.0,PASS|FAIL|PASS|PASS|FAIL|PASS|FAIL,0.679|-0.387|1.499|1.232|-0.568|0.719|-0.132
ON,0.6,discordant,55686,233,all_resolved,,0.01288749964791512,0.0,FAIL|FAIL|FAIL|PASS|PASS|PASS|PASS,0.665|-0.538|0.149|0.612|0.897|1.005|1.352
OFF,0.6,discordant,55686,229,all_resolved,,0.034117118918973593,0.0,FAIL|FAIL|FAIL|PASS|PASS|PASS|PASS,0.665|-0.538|0.149|0.612|0.897|1.005|1.352
ON,0.6,discordant,55687,234,all_resolved,,0.04772188422535754,0.0,PASS|FAIL|PASS|PASS|PASS|PASS|PASS,1.154|-0.186|1.122|1.184|0.990|1.276|0.053
OFF,0.6,discordant,55687,237,all_resolved,,-0.008642661982048206,0.0,PASS|FAIL|PASS|PASS|PASS|PASS|FAIL,1.154|-0.186|1.122|1.184|0.990|1.276|0.053
ON,0.6,discordant,55688,216,all_resolved,,-0.010796143783719353,0.0,PASS|PASS|FAIL|PASS|PASS|PASS|PASS,1.625|0.940|0.040|0.235|0.398|1.161|0.337
OFF,0.6,discordant,55688,300,bank_exhausted,,-0.006716700705374977,0.0,PASS|PASS|FAIL|PASS|REFER_BORDERLINE|PASS|FAIL,1.625|0.940|0.040|0.235|0.398|1.161|0.337
ON,0.6,discordant,55689,300,bank_exhausted,,0.040437646084785665,0.0,REFER_BORDERLINE|PASS|FAIL|PASS|PASS|PASS|PASS,0.651|0.916|-0.271|1.450|0.903|1.295|0.955
OFF,0.6,discordant,55689,204,all_resolved,,0.028632296728757074,0.0,PASS|PASS|FAIL|PASS|PASS|PASS|PASS,0.651|0.916|-0.271|1.450|0.903|1.295|0.955
ON,0.6,discordant,55690,195,all_resolved,,0.012214269754302867,0.0,PASS|PASS|FAIL|PASS|FAIL|PASS|PASS,1.480|1.133|0.217|0.917|-0.217|0.520|0.927
OFF,0.6,discordant,55690,300,bank_exhausted,,0.02287750464653598,0.0,PASS|PASS|FAIL|PASS|FAIL|REFER_BORDERLINE|PASS,1.480|1.133|0.217|0.917|-0.217|0.520|0.927
ON,0.6,discordant,55691,254,all_resolved,,0.024652319793012616,0.0,FAIL|PASS|PASS|PASS|PASS|FAIL|PASS,0.399|0.392|0.736|0.910|1.449|-0.290|0.834
OFF,0.6,discordant,55691,300,bank_exhausted,,-0.0018607777515948958,0.0,FAIL|PASS|REFER_BORDERLINE|PASS|PASS|FAIL|FAIL,0.399|0.392|0.736|0.910|1.449|-0.290|0.834
ON,0.6,discordant,55692,300,bank_exhausted,,-0.0034128497113880374,0.0,PASS|PASS|PASS|PASS|PASS|FAIL|REFER_BORDERLINE,0.387|0.074|1.403|0.363|1.406|0.144|0.009
OFF,0.6,discordant,55692,267,all_resolved,,0.01929238840146623,0.0,FAIL|FAIL|PASS|PASS|PASS|FAIL|FAIL,0.387|0.074|1.403|0.363|1.406|0.144|0.009
ON,0.6,discordant,55693,198,all_resolved,,0.04944852748309755,0.0,PASS|PASS|PASS|PASS|PASS|PASS|PASS,1.146|0.572|0.346|0.733|1.308|0.671|0.684
OFF,0.6,discordant,55693,300,bank_exhausted,,-0.021565024417421055,0.0,PASS|PASS|PASS|PASS|PASS|PASS|REFER_BORDERLINE,1.146|0.572|0.346|0.733|1.308|0.671|0.684
ON,0.6,discordant,55694,300,bank_exhausted,,0.017856261086579374,0.0,PASS|PASS|PASS|PASS|REFER_BORDERLINE|PASS|FAIL,0.841|1.199|0.227|0.592|-0.441|1.051|-0.262
OFF,0.6,discordant,55694,292,all_resolved,,-0.011749583783753157,0.0,PASS|PASS|PASS|PASS|FAIL|PASS|FAIL,0.841|1.199|0.227|0.592|-0.441|1.051|-0.262
ON,0.6,discordant,55695,231,all_resolved,,0.006115004553746553,0.0,FAIL|PASS|PASS|PASS|PASS|PASS|PASS,-0.725|0.838|1.419|1.357|1.356|1.628|0.166
OFF,0.6,discordant,55695,259,all_resolved,,-0.02458644452098214,0.0,FAIL|PASS|PASS|PASS|PASS|PASS|FAIL,-0.725|0.838|1.419|1.357|1.356|1.628|0.166
ON,0.6,discordant,55696,300,bank_exhausted,,0.04106526727594953,0.0,FAIL|PASS|PASS|FAIL|PASS|REFER_BORDERLINE|PASS,-0.384|0.946|0.871|-0.442|1.123|-0.063|0.800
OFF,0.6,discordant,55696,300,bank_exhausted,,0.009361681651164142,0.0,FAIL|PASS|PASS|FAIL|PASS|REFER_BORDERLINE|PASS,-0.384|0.946|0.871|-0.442|1.123|-0.063|0.800
ON,0.6,discordant,55697,300,bank_exhausted,,0.02121288332890296,0.0,PASS|PASS|REFER_BORDERLINE|PASS|PASS|FAIL|PASS,0.523|0.849|0.862|1.776|1.681|-0.101|0.636
OFF,0.6,discordant,55697,199,all_resolved,,0.01233155126566475,0.0,PASS|PASS|PASS|PASS|PASS|FAIL|PASS,0.523|0.849|0.862|1.776|1.681|-0.101|0.636
ON,0.6,discordant,55698,300,bank_exhausted,,0.02579265565903589,0.0,PASS|REFER_BORDERLINE|PASS|FAIL|FAIL|REFER_BORDERLINE|PASS,0.422|-0.405|0.459|0.178|0.433|1.211|0.266
OFF,0.6,discordant,55698,300,bank_exhausted,,0.010565519895843808,0.0,PASS|FAIL|REFER_BORDERLINE|REFER_BORDERLINE|REFER_BORDERLINE|PASS|REFER_BORDERLINE,0.422|-0.405|0.459|0.178|0.433|1.211|0.266
ON,0.6,discordant,55699,300,bank_exhausted,,0.04078529022012415,0.0,PASS|PASS|PASS|PASS|REFER_BORDERLINE|PASS|REFER_BORDERLINE,1.018|1.182|0.762|0.346|-0.013|0.723|0.348
OFF,0.6,discordant,55699,281,all_resolved,,-0.0012128691511825817,0.0,PASS|PASS|FAIL|FAIL|PASS|PASS|FAIL,1.018|1.182|0.762|0.346|-0.013|0.723|0.348
ON,0.6,discordant,55700,300,bank_exhausted,,0.02707673948407205,0.0,FAIL|PASS|PASS|PASS|FAIL|PASS|REFER_BORDERLINE,-0.912|0.127|1.014|0.499|-0.174|0.685|0.466
OFF,0.6,discordant,55700,300,bank_exhausted,,0.000784345236493803,0.0,FAIL|REFER_BORDERLINE|PASS|PASS|FAIL|PASS|PASS,-0.912|0.127|1.014|0.499|-0.174|0.685|0.466
ON,0.6,discordant,55701,257,all_resolved,,0.013293899231332104,0.0,PASS|PASS|PASS|PASS|PASS|FAIL|PASS,1.072|0.690|0.660|0.838|1.155|0.332|1.107
OFF,0.6,discordant,55701,300,bank_exhausted,,0.0008904306759454135,0.0,PASS|PASS|REFER_BORDERLINE|PASS|PASS|PASS|PASS,1.072|0.690|0.660|0.838|1.155|0.332|1.107
ON,0.6,discordant,55702,300,bank_exhausted,,0.038198940356659654,0.0,PASS|FAIL|FAIL|REFER_BORDERLINE|FAIL|FAIL|FAIL,0.540|-0.325|0.302|-0.315|-0.177|-0.009|0.325
OFF,0.6,discordant,55702,300,bank_exhausted,,0.012771149760139358,0.0,REFER_BORDERLINE|FAIL|PASS|FAIL|FAIL|FAIL|PASS,0.540|-0.325|0.302|-0.315|-0.177|-0.009|0.325
ON,0.6,discordant,55703,196,all_resolved,,0.03060589178874785,0.0,PASS|PASS|PASS|FAIL|PASS|FAIL|PASS,1.105|0.545|0.724|-0.617|1.986|0.522|0.736
OFF,0.6,discordant,55703,300,bank_exhausted,,0.009534148478600544,0.0,PASS|PASS|REFER_BORDERLINE|FAIL|PASS|REFER_BORDERLINE|FAIL,1.105|0.545|0.724|-0.617|1.986|0.522|0.736
ON,0.6,discordant,55704,300,bank_exhausted,,0.012455048258446304,0.0,PASS|PASS|REFER_BORDERLINE|FAIL|REFER_BORDERLINE|PASS|PASS,1.938|0.355|-0.204|-0.012|0.288|1.237|1.635
OFF,0.6,discordant,55704,226,all_resolved,,-0.0044613019482677785,0.0,PASS|FAIL|FAIL|FAIL|PASS|PASS|PASS,1.938|0.355|-0.204|-0.012|0.288|1.237|1.635
ON,0.6,discordant,55705,208,all_resolved,,0.012482532112884581,0.0,PASS|PASS|PASS|FAIL|FAIL|FAIL|PASS,0.917|0.521|1.088|-1.139|-0.521|0.787|1.270
OFF,0.6,discordant,55705,280,all_resolved,,0.017663338049020153,0.0,PASS|PASS|PASS|FAIL|FAIL|PASS|PASS,0.917|0.521|1.088|-1.139|-0.521|0.787|1.270
ON,0.6,discordant,55706,300,bank_exhausted,,0.029069168076145752,0.0,PASS|REFER_BORDERLINE|FAIL|PASS|PASS|FAIL|PASS,1.716|0.201|0.044|0.757|1.414|-0.074|1.210
OFF,0.6,discordant,55706,300,bank_exhausted,,-0.005921976643408461,0.0,PASS|REFER_BORDERLINE|FAIL|PASS|PASS|FAIL|PASS,1.716|0.201|0.044|0.757|1.414|-0.074|1.210
ON,0.6,discordant,55707,300,bank_exhausted,,0.0018750291793380189,0.0,PASS|PASS|FAIL|REFER_BORDERLINE|PASS|PASS|PASS,0.898|0.642|0.350|0.139|1.582|1.059|0.557
OFF,0.6,discordant,55707,300,bank_exhausted,,0.01098632000478092,0.0,PASS|PASS|PASS|REFER_BORDERLINE|PASS|PASS|FAIL,0.898|0.642|0.350|0.139|1.582|1.059|0.557
ON,0.6,discordant,55708,300,bank_exhausted,,0.018226364583757138,0.0,FAIL|REFER_BORDERLINE|PASS|PASS|FAIL|PASS|PASS,0.276|0.206|1.140|1.440|0.088|1.594|0.405
OFF,0.6,discordant,55708,300,bank_exhausted,,-0.017861998551348075,0.0,REFER_BORDERLINE|REFER_BORDERLINE|PASS|PASS|FAIL|PASS|FAIL,0.276|0.206|1.140|1.440|0.088|1.594|0.405
ON,0.6,discordant,55709,300,bank_exhausted,,-0.022359224251331904,0.0,FAIL|FAIL|REFER_BORDERLINE|REFER_BORDERLINE|PASS|FAIL|PASS,-0.248|0.123|0.797|0.538|0.802|-0.076|0.810
OFF,0.6,discordant,55709,234,all_resolved,,0.018848920879057585,0.0,FAIL|FAIL|PASS|PASS|PASS|FAIL|PASS,-0.248|0.123|0.797|0.538|0.802|-0.076|0.810
ON,0.6,discordant,55710,210,all_resolved,,0.018402602156321064,0.0,PASS|PASS|PASS|PASS|PASS|PASS|FAIL,0.299|1.340|0.179|0.781|1.176|0.711|0.915
OFF,0.6,discordant,55710,199,all_resolved,,0.01798577769653989,0.0,PASS|PASS|FAIL|PASS|PASS|FAIL|PASS,0.299|1.340|0.179|0.781|1.176|0.711|0.915
ON,0.6,discordant,55711,247,all_resolved,,0.02550975794320571,0.0,PASS|FAIL|FAIL|FAIL|PASS|PASS|PASS,0.661|0.195|-0.368|0.126|1.114|0.895|1.192
OFF,0.6,discordant,55711,205,all_resolved,,-0.00087203356035465,0.0,PASS|FAIL|FAIL|PASS|PASS|PASS|PASS,0.661|0.195|-0.368|0.126|1.114|0.895|1.192
ON,0.6,discordant,55712,300,bank_exhausted,,0.028005784213538137,0.0,REFER_BORDERLINE|FAIL|FAIL|FAIL|FAIL|PASS|FAIL,0.863|-0.584|-0.107|0.134|0.103|0.977|-0.607
OFF,0.6,discordant,55712,209,all_resolved,,0.00030839087171021147,0.0,PASS|FAIL|FAIL|FAIL|FAIL|PASS|FAIL,0.863|-0.584|-0.107|0.134|0.103|0.977|-0.607
ON,0.6,discordant,55713,250,all_resolved,,0.05276776140430963,0.0,PASS|PASS|PASS|PASS|PASS|PASS|PASS,0.406|0.077|0.215|0.952|0.508|1.301|0.631
OFF,0.6,discordant,55713,227,all_resolved,,0.013198830650783604,0.0,FAIL|PASS|FAIL|PASS|PASS|PASS|PASS,0.406|0.077|0.215|0.952|0.508|1.301|0.631
ON,0.6,discordant,55714,217,all_resolved,,0.029323250816354462,0.0,FAIL|PASS|FAIL|PASS|FAIL|FAIL|PASS,0.072|0.836|0.294|0.834|0.251|-0.078|1.203
OFF,0.6,discordant,55714,197,all_resolved,,-0.022828083276337136,0.0,FAIL|PASS|FAIL|PASS|FAIL|FAIL|PASS,0.072|0.836|0.294|0.834|0.251|-0.078|1.203
ON,0.6,discordant,55715,300,bank_exhausted,,0.05024802932909248,0.0,PASS|PASS|PASS|PASS|REFER_BORDERLINE|PASS|REFER_BORDERLINE,1.096|0.535|1.379|0.757|0.236|1.146|0.632
OFF,0.6,discordant,55715,230,all_resolved,,-0.011949033430627955,0.0,PASS|PASS|PASS|PASS|PASS|PASS|PASS,1.096|0.535|1.379|0.757|0.236|1.146|0.632
ON,0.6,discordant,55716,189,all_resolved,,0.06242953115201962,0.0,PASS|FAIL|PASS|PASS|PASS|PASS|PASS,0.415|-0.139|1.383|0.909|1.016|1.143|0.778
OFF,0.6,discordant,55716,203,all_resolved,,0.012694285696389246,0.0,FAIL|FAIL|PASS|PASS|PASS|PASS|PASS,0.415|-0.139|1.383|0.909|1.016|1.143|0.778
ON,0.6,discordant,55717,231,all_resolved,,0.021569589632367662,0.0,PASS|FAIL|PASS|FAIL|PASS|PASS|FAIL,1.416|-0.765|0.596|-0.209|1.434|1.082|-0.281
OFF,0.6,discordant,55717,300,bank_exhausted,,-0.006092964600212401,0.0,PASS|FAIL|REFER_BORDERLINE|FAIL|PASS|PASS|REFER_BORDERLINE,1.416|-0.765|0.596|-0.209|1.434|1.082|-0.281
ON,0.6,discordant,55718,300,bank_exhausted,,0.037620850503219186,0.0,PASS|PASS|PASS|PASS|PASS|PASS|REFER_BORDERLINE,0.459|1.393|0.223|1.160|0.591|1.376|0.792
OFF,0.6,discordant,55718,208,all_resolved,,0.00042769273011217707,0.0,PASS|PASS|FAIL|PASS|FAIL|PASS|PASS,0.459|1.393|0.223|1.160|0.591|1.376|0.792
ON,0.6,discordant,55719,235,all_resolved,,0.01491426252560985,0.0,FAIL|PASS|PASS|PASS|PASS|PASS|FAIL,0.776|1.449|1.272|0.399|1.716|0.499|-0.298
OFF,0.6,discordant,55719,272,all_resolved,,-0.021428203127406828,0.0,FAIL|PASS|PASS|PASS|PASS|PASS|FAIL,0.776|1.449|1.272|0.399|1.716|0.499|-0.298
