seg_id,s_mean,n_raters,pos_rate
0,-1.2214735472815943,24,0.0
1,-0.5387023904785548,13,0.07692307692307693
2,-0.44031413251999696,164,0.07926829268292683
3,-0.49108932639569,58,0.034482758620689655
4,0.1702386086266453,150,0.6
5,-0.29497810186687967,158,0.13924050632911392
6,-0.8415279502369591,8,0.0
7,-0.14108946721245408,157,0.2802547770700637
8,-0.6433550051505061,142,0.06338028169014084
9,-0.8539873188149778,19,0.0
10,-0.3879505843288588,159,0.1069182389937107
11,0.08613765576310486,177,0.4406779661016949
12,0.34020874614774327,148,0.7635135135135135
13,-0.05472021474295658,21,0.23809523809523808
14,-0.8450098496976904,13,0.0
15,-0.5869392618613143,161,0.055900621118012424
16,-0.22116026428095797,148,0.21621621621621623
17,-0.32862983799242046,175,0.17142857142857143
18,0.22577232182252285,54,0.5740740740740741
19,-1.1587829364600553,19,0.0
20,-0.6058535539306972,140,0.07142857142857142
21,0.07767126206738798,139,0.4172661870503597
22,0.18397412457625195,180,0.6388888888888888
23,-0.1837591481849478,19,0.15789473684210525
24,-0.5531521718597536,178,0.06741573033707865
25,-0.7326070650424282,163,0.06134969325153374
26,0.28464762788751946,41,0.6585365853658537
27,-0.31842654775156937,21,0.09523809523809523
28,-0.2941359131149197,21,0.09523809523809523
29,-0.5467932521344163,5,0.2
30,-1.0381320441821538,21,0.0
31,-0.9467744925012767,19,0.0
32,-0.178534512988787,177,0.20903954802259886
33,-0.5705595695082801,168,0.08928571428571429
34,-0.1521562388240012,164,0.27439024390243905
35,-0.15177998596389614,15,0.13333333333333333
36,-0.44476284492663787,151,0.13245033112582782
37,-0.9775060894035004,20,0.0
38,-0.8415343832693529,14,0.0
39,-0.5415682833115181,187,0.09090909090909091
40,-0.24001453312596482,163,0.1901840490797546
41,-0.16518278924534055,163,0.2331288343558282
42,-1.1599915600077222,25,0.0
43,-0.11981111069115809,189,0.2222222222222222
44,-0.11914821377986082,186,0.2903225806451613
45,-0.40427018750410165,163,0.09815950920245399
46,-0.9387967284858273,21,0.0
47,-0.512152416738372,162,0.10493827160493827
48,-0.3667470071445365,154,0.14285714285714285
49,-0.009444157837795024,150,0.38
50,-1.3040197159502105,12,0.0
51,-0.9292930435625065,14,0.0
52,-0.48894448980106653,152,0.09868421052631579
53,-0.6165134332177352,185,0.06486486486486487
54,-1.2486858184131278,17,0.0
55,-0.45428158679093705,176,0.10227272727272728
56,-0.49517482250943073,176,0.11363636363636363
57,-0.7997627203593826,179,0.05027932960893855
58,-1.3072894073139705,16,0.0
59,-0.9220283895123045,15,0.0
60,-0.7214207512339408,169,0.05325443786982249
61,-0.35710114904489676,179,0.16201117318435754
62,-0.22194363369469414,180,0.2388888888888889
63,-0.21406362440036483,172,0.23255813953488372
64,-0.56278795596881,19,0.10526315789473684
65,-0.01859308945442378,44,0.2727272727272727
66,-0.9783884209056011,14,0.0
67,-0.9237952278154486,158,0.0379746835443038
68,0.334563226525985,168,0.7380952380952381
69,-1.3903004230566907,15,0.0
70,-0.3404811255790443,183,0.17486338797814208
71,-0.8449027165386285,12,0.0
72,-1.3701980682787722,22,0.0
73,-0.34267175378787507,169,0.1301775147928994
74,-0.8756001542938988,17,0.0
75,-0.32058278023959735,156,0.17307692307692307
76,-0.6334906207437517,11,0.09090909090909091
77,-0.6414738455790334,156,0.05128205128205128
78,-0.2190258960243267,162,0.16666666666666666
79,-1.1313492544688675,21,0.0
80,0.06131668216657778,175,0.49142857142857144
81,-0.5654995469695507,175,0.08
82,-0.9119923853640232,18,0.0
83,-0.1869406370363573,18,0.1111111111111111
84,-1.391880714228027,22,0.0
85,0.04230875621217099,148,0.42567567567567566
86,-0.8415344447581825,12,0.0
87,0.05483409124233387,175,0.4057142857142857
88,-0.6751941298967443,160,0.075
89,-0.8600116443660283,15,0.0
90,-0.2155129182839512,53,0.11320754716981132
91,-0.46781548728435285,191,0.1099476439790576
92,0.2920595867731661,67,0.6716417910447762
93,-1.0789534061080404,18,0.0
94,-0.3612741883955274,157,0.10828025477707007
95,-1.2340562486310882,19,0.0
96,-1.3493690337892836,17,0.0
97,-0.04041739199831832,20,0.1
98,-0.480317921933604,135,0.08888888888888889
99,0.17359938659412297,49,0.5102040816326531
100,-0.06821722560724149,180,0.36666666666666664
101,-0.38212414121759186,159,0.1069182389937107
102,0.10671036307528721,180,0.4222222222222222
103,-0.26850737512530154,15,0.13333333333333333
104,-0.8416567820756073,11,0.0
105,-0.5894990222050106,172,0.046511627906976744
106,-0.4174905038603191,173,0.09826589595375723
107,-0.4095504035723587,150,0.13333333333333333
108,-0.17626833891216195,65,0.13846153846153847
109,-0.39244158958594977,169,0.08875739644970414
110,-1.0177530961673673,23,0.0
111,-0.3509379566733759,153,0.13071895424836602
112,-0.5772546623416089,23,0.08695652173913043
113,-0.9082697660329078,10,0.0
114,-1.2253592593171916,14,0.0
115,-0.9672732998432367,15,0.0
116,-0.7399788670178233,177,0.05649717514124294
117,-1.3699258651959383,15,0.0
118,-0.29005151358225756,153,0.1568627450980392
119,-0.3729528252840078,16,0.0625
120,-0.2304827592810283,17,0.11764705882352941
121,-0.35490667028210676,169,0.1301775147928994
122,0.11998293568360738,156,0.5
123,-0.5936284210901897,186,0.0967741935483871
124,0.15514755168228947,177,0.5932203389830508
125,-1.07327400624174,17,0.0
126,0.04688971320603731,7,0.14285714285714285
127,-0.16668511608454273,23,0.13043478260869565
128,-0.291290257132381,19,0.05263157894736842
129,-0.8476780728241129,14,0.0
130,-0.8854880071580739,14,0.0
131,-0.46895345602878236,162,0.10493827160493827
133,-0.45141105990167407,14,0.14285714285714285
134,-0.9725086962783487,17,0.0
135,-0.630051918355356,18,0.05555555555555555
136,-0.12637768171315134,172,0.2558139534883721
137,-0.9944567552391245,21,0.0
138,0.21154377614006434,60,0.55
139,-0.878543538536765,13,0.0
140,-0.4669620695730207,16,0.125
141,-0.4213070688096508,163,0.09815950920245399
142,-0.2299413803921581,168,0.18452380952380953
143,-0.3582012087362968,190,0.10526315789473684
144,-0.07991328979450597,172,0.29069767441860467
145,-1.0586106069321473,19,0.0
146,-0.9533734502083411,17,0.0
147,-1.3129848516265474,16,0.0
148,-0.5284573293904284,162,0.07407407407407407
149,-0.19768540142366484,150,0.20666666666666667
150,-0.9527856757501026,18,0.0
151,-0.4486105971712593,19,0.05263157894736842
152,-0.23418977102585525,68,0.11764705882352941
153,0.13794354385875635,77,0.5454545454545454
154,-0.8436731046181419,14,0.0
155,-0.4274430464911946,157,0.12101910828025478
156,-0.3194378834457269,53,0.07547169811320754
157,0.12356766980263949,46,0.43478260869565216
158,0.21813250120175384,162,0.6604938271604939
159,-0.23167002701403275,15,0.2
160,0.24711861673470623,153,0.6862745098039216
161,-0.3877451703376822,173,0.09248554913294797
162,0.22484959209054872,155,0.6387096774193548
163,-0.7281351825668305,149,0.04697986577181208
164,-0.15246717939687637,172,0.20930232558139536
165,-0.042097596199619454,63,0.23809523809523808
166,-0.4083596637334007,174,0.13218390804597702
167,-0.8584476399227527,18,0.0
168,-0.6644543901560005,167,0.0658682634730539
169,0.31665400455416837,146,0.773972602739726
170,-0.9947050187085663,20,0.0
171,-1.079559565325853,21,0.0
172,-0.07608996736277042,169,0.28994082840236685
173,-0.07340964400617966,17,0.17647058823529413
174,-0.9660963468397821,17,0.058823529411764705
175,-0.7139936578333682,57,0.017543859649122806
176,-1.0650414663645462,18,0.0
177,-0.9390652269348242,13,0.0
178,-0.2448804452881701,156,0.1794871794871795
179,-0.33724133318338406,173,0.15028901734104047
180,-0.8439775394406231,15,0.0
181,-0.45326309640216805,182,0.1043956043956044
182,-0.7263161888872278,161,0.055900621118012424
183,-0.959519383319121,15,0.0
184,0.19305650860766596,120,0.6333333333333333
185,-1.0438821778997143,22,0.0
186,-1.1214298457712615,19,0.0
187,0.09277313566648789,167,0.4431137724550898
188,0.10443364106466597,168,0.5238095238095238
189,-0.19980571055011592,162,0.19753086419753085
190,-0.888988539123142,12,0.0
191,-0.9787606083880586,10,0.0
192,-0.8541060980836748,13,0.0
193,-1.3283497430454134,18,0.0
194,-0.8518735025797705,12,0.0
195,0.1700957578994752,149,0.6174496644295302
196,-1.0650781437543715,14,0.0
197,-0.6325826998008569,15,0.06666666666666667
198,-0.23670732898715735,175,0.22285714285714286
199,-0.8481081269051731,19,0.0
200,-0.3786393684714313,21,0.09523809523809523
201,-0.2725367301137348,17,0.11764705882352941
202,-0.930152858600384,14,0.0
203,-1.0749379435669588,20,0.0
204,0.2835917492668519,91,0.7032967032967034
205,-0.32087434426296724,162,0.17901234567901234
206,-0.42039077842031325,17,0.11764705882352941
207,-0.26491064803310255,19,0.21052631578947367
208,-0.39371534034894645,189,0.15343915343915343
209,-0.5228727195387906,160,0.10625
210,-0.4625286056160199,171,0.11695906432748537
211,-0.4744187227972787,172,0.11627906976744186
212,0.13859645506582408,163,0.5521472392638037
213,-0.4997414892286607,159,0.0880503144654088
214,-0.450126617762588,180,0.09444444444444444
215,0.2775348623090642,53,0.5849056603773585
216,0.11259998941254909,157,0.535031847133758
217,-0.26341577341798855,163,0.22085889570552147
218,-0.5693955090633196,153,0.0784313725490196
219,-0.525118567506827,185,0.0972972972972973
220,0.06508349263095813,152,0.47368421052631576
221,-0.17863251016706277,154,0.22727272727272727
222,-0.11682830699362191,10,0.2
223,-0.36428167359501634,175,0.13714285714285715
224,-0.935298653631146,14,0.0
225,-0.030790728381085198,52,0.28846153846153844
226,-0.6332381072625474,162,0.06172839506172839
227,-0.09668515689462394,157,0.2802547770700637
228,-0.32361193170708585,23,0.08695652173913043
229,-0.36348447113133037,159,0.12578616352201258
230,0.08993665760046238,23,0.21739130434782608
231,-0.6767607362891973,160,0.05
232,-0.8426628534494986,12,0.0
233,-0.8429308305655027,15,0.0
234,-0.4922761714567259,176,0.10795454545454546
235,-0.867128641048269,19,0.0
236,-0.5235892160610912,163,0.10429447852760736
237,-0.06111706306055406,16,0.25
238,0.07996897828044541,27,0.25925925925925924
239,-0.5151506288191227,161,0.08695652173913043
240,-0.5061880552190439,161,0.07453416149068323
241,-0.47849485486509186,181,0.08839779005524862
242,-0.8419372780256573,13,0.0
243,0.10786457499450769,174,0.4827586206896552
244,-0.4919424462643474,175,0.09714285714285714
245,-1.0508179963903426,14,0.0
246,-0.5696353837680034,183,0.07650273224043716
247,-0.4201443115749028,161,0.08695652173913043
248,-0.12613411359780657,157,0.29936305732484075
249,-1.451380520912406,50,0.0
250,-0.3012272995516631,14,0.07142857142857142
251,-0.41899422984552126,171,0.08187134502923976
252,-0.6275924771187705,143,0.07692307692307693
253,-0.578025935945379,15,0.06666666666666667
254,-0.8480220368349002,12,0.0
255,-0.848897169207135,21,0.0
256,-1.3788010267074309,19,0.0
257,0.02172096747766788,171,0.43859649122807015
259,-1.4795124291902786,17,0.0
260,0.01760884176174033,195,0.4
261,-0.4057197225571597,156,0.10256410256410256
263,-0.015059316484428788,95,0.4421052631578947
264,-1.2832703847204434,18,0.0
265,-0.20720071573588117,18,0.1111111111111111
266,-0.4082699813161247,163,0.1165644171779141
267,-0.4226067132371385,148,0.12162162162162163
268,-1.2799778983243915,16,0.0
269,-0.6281512481247591,152,0.08552631578947369
270,-0.526589024782871,180,0.09444444444444444
271,-0.5293486985253064,162,0.04938271604938271
272,-0.23881278680692708,22,0.09090909090909091
273,-1.0567117223775981,25,0.0
274,0.1462851967202001,147,0.5306122448979592
275,-0.4414318949556258,17,0.11764705882352941
276,-0.908270202689162,11,0.0
277,-0.37377720496916006,166,0.10240963855421686
278,-0.3802425428002062,159,0.11320754716981132
279,-0.11377892463647768,159,0.2578616352201258
280,0.19976941772691986,184,0.592391304347826
281,0.0019119295025886338,155,0.432258064516129
282,-0.9613578680986815,20,0.0
283,-0.6086848241242412,160,0.0875
284,-0.570616528623265,180,0.07222222222222222
285,-0.21754696739114227,149,0.2348993288590604
286,-0.896297658690392,16,0.0
287,-0.363756908015396,164,0.12195121951219512
288,-0.3868542597197924,180,0.11666666666666667
289,-0.6039855039078721,170,0.07058823529411765
290,-0.9711356303397285,19,0.0
291,-0.9327422598453545,13,0.0
292,-0.5866297543176422,157,0.08280254777070063
293,0.2578324671629465,154,0.6558441558441559
294,-0.8439566071522374,10,0.0
295,-0.11471728530045504,171,0.30409356725146197
296,-0.943870063275493,13,0.0
297,-0.8944333870824015,13,0.0
298,-0.628900450977543,190,0.06315789473684211
299,-0.9767711427728912,12,0.0
300,-0.8511817114115451,16,0.0
301,-0.331424318148146,167,0.1437125748502994
302,-0.23992757450833263,15,0.13333333333333333
303,-0.14397038995757377,16,0.0625
304,-0.852658039003807,17,0.0
305,-0.5611030170689629,171,0.05847953216374269
306,-0.2609848408974969,146,0.1917808219178082
307,-0.06589133851281925,16,0.1875
308,-0.7855368895190666,165,0.04242424242424243
309,-0.21873127049669852,14,0.14285714285714285
311,-1.1003186858630143,14,0.0
312,-0.6868401951830021,160,0.05625
313,-0.5348030950416749,14,0.07142857142857142
314,-0.22329160954143748,169,0.1893491124260355
315,-0.003098889757239951,140,0.4
316,-0.33901898119701956,17,0.17647058823529413
317,-0.5957905757608002,163,0.07975460122699386
318,-0.24901897750435595,143,0.16783216783216784
319,-0.8495385232135936,14,0.0
320,-0.033157299288862796,180,0.37777777777777777
321,-0.18255535459587735,52,0.21153846153846154
322,-0.05093987064863063,155,0.36774193548387096
323,-0.26252616724799493,142,0.18309859154929578
324,-0.9100391699301079,17,0.0
325,-0.09105366390640442,19,0.10526315789473684
326,-0.11720110322041873,171,0.28654970760233917
327,-0.5847983978512237,169,0.08284023668639054
328,-0.4815558451551056,182,0.09340659340659341
329,-0.4481843547603028,65,0.06153846153846154
330,-0.5164697760217623,23,0.043478260869565216
331,-0.03016407161283787,55,0.2545454545454545
332,-0.41403166345720177,158,0.10126582278481013
333,-0.4816337154325742,175,0.08571428571428572
334,-0.22809738557088302,170,0.21764705882352942
335,0.2314873934112478,65,0.6307692307692307
336,-0.5659166111256362,184,0.08695652173913043
337,-0.6742543946706612,168,0.041666666666666664
338,-0.9212827119834974,17,0.0
339,0.03125243659611111,22,0.36363636363636365
340,0.30257544581975,46,0.6956521739130435
341,-0.3326841768010461,175,0.14857142857142858
342,-0.03246298064412711,13,0.15384615384615385
343,-0.1462112371855355,19,0.15789473684210525
344,-0.7263869151077544,55,0.03636363636363636
345,-1.0414683784893932,21,0.0
346,-1.0541887840964534,18,0.0
347,-0.8870896521077334,12,0.0
348,0.02350895065733039,163,0.44785276073619634
349,-0.7455840586103808,171,0.05847953216374269
350,-0.852556537203278,15,0.0
351,-0.8641356706456603,17,0.0
352,-0.2733851851434856,15,0.13333333333333333
353,-1.039830994015523,17,0.0
354,-0.37390718086761243,159,0.13836477987421383
355,-0.205850005238856,163,0.2085889570552147
356,-0.894908075948708,15,0.0
357,-0.12018334862583505,14,0.21428571428571427
358,-0.8439901807346316,12,0.0
359,-0.2363050982539377,168,0.19642857142857142
360,-1.3139686108546922,13,0.0
361,-1.0150967972408835,18,0.0
362,-0.3755108738283531,175,0.14857142857142858
363,-0.48739815667309766,151,0.07947019867549669
364,-0.8488088162478395,13,0.0
365,-0.563810303108357,170,0.07647058823529412
366,-1.2233848522806723,18,0.0
367,-0.11663196847194533,171,0.2573099415204678
368,0.07532893981218813,46,0.391304347826087
369,0.2498457590816348,50,0.56
370,-0.29024973325465103,16,0.125
371,0.22832034890101624,165,0.6242424242424243
372,-0.5683048336267652,54,0.05555555555555555
373,-0.9766942117632826,21,0.0
374,-1.0064900467804128,13,0.0
375,-0.9510167781532144,11,0.0
376,-0.48915790251724356,171,0.08771929824561403
377,-0.03721717090930018,17,0.35294117647058826
378,-0.4680399841262411,166,0.06626506024096386
379,-0.443447815921125,16,0.0625
380,-0.8943330592180812,13,0.0
381,0.006029878829476559,155,0.3935483870967742
382,-0.40826677568221076,147,0.07482993197278912
383,0.049667068276517116,47,0.3617021276595745
384,-0.2704998672685946,16,0.125
385,-0.20636025755337825,14,0.14285714285714285
386,-0.6915209860348853,3,0.0
387,-0.5642353629929941,168,0.06547619047619048
388,-0.3580928252218339,164,0.14634146341463414
389,-0.6297873592745563,174,0.08045977011494253
390,-1.164381128325413,23,0.0
391,0.025674836092104483,43,0.27906976744186046
392,-0.26252777212175094,21,0.14285714285714285
393,-0.2687850561443719,56,0.125
394,0.028340171529907806,57,0.3157894736842105
395,-0.6373484084401039,161,0.062111801242236024
396,-0.5127292139668651,174,0.09195402298850575
397,-0.4458579947017912,156,0.12179487179487179
398,-0.25488457592800395,161,0.18012422360248448
399,-0.6598979474113936,187,0.058823529411764705
400,-0.8681946715817667,13,0.0
401,-0.8203073492184229,152,0.06578947368421052
402,-0.6421480738560333,183,0.07103825136612021
403,-0.4678359070126748,155,0.08387096774193549
404,-0.35512706490418183,174,0.15517241379310345
405,-0.45947176301254405,158,0.13291139240506328
406,-0.8478396840161025,12,0.0
407,-0.5152502239812189,141,0.05673758865248227
408,-0.049934221027432064,16,0.1875
409,-1.0585455737678033,15,0.0
410,-0.17382597483648085,14,0.21428571428571427
411,0.22348952376410014,147,0.6530612244897959
412,-1.3347845979863777,21,0.0
413,0.27273319905199556,55,0.6363636363636364
414,-0.10926789828825548,166,0.3192771084337349
415,-0.7636320612425853,22,0.045454545454545456
416,-0.9000964899869864,17,0.0
417,-0.37123999717400624,173,0.07514450867052024
418,-0.32233839227535827,155,0.16129032258064516
419,-0.9695040066988079,21,0.0
420,-0.9402144105054903,15,0.0
421,0.10162978820362917,159,0.5094339622641509
422,0.036773882035248,154,0.42207792207792205
423,-0.5441927921186587,167,0.08982035928143713
424,-0.13172511142040855,59,0.2033898305084746
425,-0.45256988614374466,171,0.12280701754385964
426,-0.6637211945859317,63,0.031746031746031744
427,-0.7275616037041955,161,0.043478260869565216
428,0.25111576134918095,156,0.6666666666666666
429,-0.5814039283866363,182,0.08791208791208792
430,-1.180389738520947,23,0.043478260869565216
431,-0.5782246539257211,187,0.0748663101604278
432,-0.15534123149758156,150,0.24
433,-0.9409531005104794,22,0.0
434,-0.053937399941513246,11,0.18181818181818182
435,-0.6836068977029977,154,0.06493506493506493
436,-0.8665572240629765,20,0.0
437,-0.7163435578822234,160,0.05
438,0.13361646854524659,57,0.49122807017543857
439,-0.6248702230311454,177,0.0847457627118644
440,0.3282484622176799,42,0.6666666666666666
441,-0.19187358198769852,58,0.1724137931034483
442,-0.32167815462404875,58,0.034482758620689655
443,-0.9199428730291263,12,0.0
444,-0.8824777526675325,18,0.0
445,0.08053496315503894,63,0.3968253968253968
446,-0.17597431081084505,18,0.2222222222222222
447,0.05007765143203007,16,0.125
448,-0.5668759767831133,163,0.06748466257668712
449,-0.28786734305346595,18,0.1111111111111111
450,-0.015334683206644143,80,0.3625
451,-0.49308561964353803,164,0.07926829268292683
452,-0.8488613527904709,13,0.0
453,-0.72223508669208,162,0.04938271604938271
454,-0.4603684018886702,179,0.08379888268156424
455,-0.6416985587209935,13,0.07692307692307693
456,0.00770267279467311,76,0.3815789473684211
457,-0.15189014111887492,152,0.23026315789473684
458,-0.38787525427684705,168,0.14285714285714285
459,-0.5763823857805236,160,0.0625
460,-0.4024946135890499,22,0.09090909090909091
461,-0.40492626504525714,165,0.10303030303030303
462,-1.3578964735022214,14,0.0
463,0.35960189243896795,168,0.7619047619047619
464,-0.6563766946347259,178,0.0449438202247191
465,-0.3062851391186111,190,0.15263157894736842
466,-0.39005973717863973,157,0.12738853503184713
467,-1.2785993355126815,4,0.0
468,-0.42566969704307583,177,0.12429378531073447
469,0.14146670350116308,69,0.5072463768115942
470,0.07515680071393291,167,0.47904191616766467
471,0.10295967349965215,143,0.5174825174825175
472,0.1845711988548054,177,0.632768361581921
473,-0.18029304573394747,166,0.19879518072289157
474,-0.8540195665043909,16,0.0
475,-0.38911685078099634,162,0.09876543209876543
476,-0.5317755588330895,154,0.11688311688311688
477,0.16093491656814563,163,0.588957055214724
478,-0.23991218440621884,158,0.20253164556962025
479,-0.23477949183297905,11,0.09090909090909091
480,-0.5798568110901919,179,0.0782122905027933
481,-0.09493818285846005,154,0.3116883116883117
482,-0.25784543996406256,164,0.18902439024390244
483,-0.22777946731751406,163,0.2147239263803681
484,-0.6925557370769828,167,0.04790419161676647
485,-0.07363488650391851,161,0.3105590062111801
486,-1.304599424551326,18,0.0
487,-0.43978298679659633,16,0.0625
488,-0.4558413451117649,158,0.0759493670886076
489,-0.0258920404718757,62,0.20967741935483872
490,-0.8415734600029312,10,0.0
491,-0.283419574983549,20,0.1
492,-0.0814823508673765,186,0.34408602150537637
493,-0.8938303890242552,15,0.0
494,-0.9931614754588606,16,0.0
495,-0.9488161432480255,21,0.0
496,-0.898845218069862,12,0.0
497,-0.8687025357995952,21,0.0
498,-0.25281215129552226,156,0.1987179487179487
499,-0.9126449546757631,20,0.05
500,-1.234148979563955,23,0.0
501,0.045000417905631036,177,0.4689265536723164
502,-0.5004715257344722,153,0.0915032679738562
503,-0.40787362645840064,169,0.11834319526627218
504,-1.07344296975582,13,0.0
505,-0.31710182762345285,160,0.125
506,-0.5393454949143407,177,0.096045197740113
507,-0.5067994714720244,17,0.11764705882352941
508,-0.4423243620074142,64,0.046875
509,-1.0393349816268245,15,0.0
510,-0.5746406669258949,155,0.04516129032258064
511,-0.9133614861026257,17,0.0
512,-0.5037165754050256,181,0.08839779005524862
513,-0.9490387893154745,18,0.0
514,-0.5204624094512446,165,0.09696969696969697
515,-1.073937049072735,19,0.0
516,0.046127870736869095,148,0.4189189189189189
517,-0.5319872763346923,146,0.0958904109589041
518,0.11184333830152593,20,0.25
519,-0.20116720101157143,145,0.21379310344827587
520,-0.9596290764458316,17,0.0
521,-0.3959508683991033,154,0.12337662337662338
522,-0.2813231521894689,161,0.19875776397515527
523,-0.43431357584889474,174,0.13793103448275862
524,-0.21959645471891165,18,0.16666666666666666
525,-0.8169268737155015,162,0.04938271604938271
526,-0.8956585555029911,14,0.0
527,-0.2583912680697355,19,0.10526315789473684
528,-0.15902317543533356,166,0.21084337349397592
529,-0.4140519363383629,163,0.1165644171779141
530,-1.1291145266942093,19,0.0
531,-0.9161903605356236,15,0.0
532,-0.26953157802129146,67,0.1044776119402985
533,-0.8442875828407044,13,0.0
534,-0.4675224798171629,177,0.11864406779661017
535,-0.4887158951114113,51,0.0196078431372549
536,-0.22436905017801057,172,0.22674418604651161
537,-0.39356984781773624,150,0.10666666666666667
538,-0.9872013808969866,17,0.0
539,-0.37311423607349614,156,0.15384615384615385
540,-0.03174332926869066,151,0.3576158940397351
541,-0.8716464519025561,16,0.0
542,-0.44378965135155807,5,0.0
543,-0.9464758786197578,21,0.0
544,-0.01435462976743607,65,0.2923076923076923
545,-0.5255678203442454,141,0.0851063829787234
546,-0.2952690965457543,156,0.16666666666666666
547,-0.4271258572471247,170,0.11764705882352941
548,-0.40193168771128845,151,0.1390728476821192
549,0.20164959440635022,124,0.6935483870967742
550,0.07941609742722136,73,0.5342465753424658
551,-0.2786802757276304,20,0.15
552,-0.505512234742211,170,0.08235294117647059
553,-1.1499598245826603,12,0.0
554,-0.43923289107732105,169,0.08875739644970414
555,-0.09462177419499068,166,0.22289156626506024
556,-0.7080102312300188,173,0.057803468208092484
557,-0.2058657022494715,12,0.16666666666666666
558,-0.850759333719068,17,0.0
559,-0.30708438329907994,173,0.10982658959537572
560,-0.14565883223898166,20,0.1
561,-0.44037004929494855,19,0.10526315789473684
562,-0.981921138938471,21,0.0
563,0.19642713442522833,156,0.6025641025641025
564,-0.4603589161297499,178,0.11235955056179775
565,-0.21243133334457398,167,0.2275449101796407
566,-0.6952821033814195,155,0.05806451612903226
567,-0.17010775567062442,153,0.23529411764705882
568,-0.21270892681389475,167,0.23952095808383234
569,-0.08214451162203021,159,0.31446540880503143
570,-0.5330572473794405,170,0.07647058823529412
571,-0.09979922666101744,148,0.31756756756756754
572,-0.5569035677473255,158,0.10126582278481013
573,-0.06730839283398052,53,0.22641509433962265
574,-1.0706403854336783,18,0.0
575,0.21473529474665662,153,0.6535947712418301
576,-1.086760024801273,12,0.0
577,-0.5123304344135555,179,0.08379888268156424
578,-0.4972700559178821,161,0.09316770186335403
579,-0.5370753900689686,164,0.054878048780487805
580,-0.9263104113315629,16,0.0
581,-0.4416833006624667,157,0.10828025477707007
582,0.1033154343164351,155,0.49032258064516127
583,-0.47356430635918295,177,0.0847457627118644
584,-0.8559443029472221,18,0.0
585,-0.659245776877277,187,0.08021390374331551
586,-0.16522800095322515,53,0.11320754716981132
587,-1.0961839918872107,23,0.0
588,0.17151149398828555,175,0.5714285714285714
589,0.21818909704776118,156,0.6217948717948718
590,-1.3041716078904062,16,0.0
591,-0.58033867921433,62,0.03225806451612903
592,-0.9440549182197359,16,0.0
593,0.18000261654203706,150,0.6066666666666667
594,0.24228074179727654,166,0.6566265060240963
595,-0.847220392379986,15,0.0
596,-0.3564924641574198,19,0.10526315789473684
597,-0.3434003097905812,163,0.1411042944785276
598,-0.9225523655959067,16,0.0
599,-0.3677440042511756,165,0.16363636363636364
600,-0.2067672134348457,162,0.21604938271604937
601,-0.2439050977152131,17,0.17647058823529413
602,-0.5141378069785358,171,0.08771929824561403
603,-0.25657725049499763,143,0.20279720279720279
604,-0.9494386418294584,14,0.0
605,-0.28852582284850764,4,0.25
606,0.01627178869498253,172,0.4011627906976744
607,-0.33443331275458943,150,0.12
608,-0.41762529609228716,178,0.11797752808988764
609,-0.484910467531262,17,0.11764705882352941
610,-0.9244872363096496,18,0.0
611,-0.9836991528602945,19,0.0
612,-0.37277988843854987,179,0.1340782122905028
613,0.1708891794066148,169,0.5502958579881657
614,0.345452769058744,156,0.7692307692307693
615,-0.4868895188586641,175,0.08571428571428572
616,-0.09386450432270844,55,0.18181818181818182
617,-0.9350784473197292,19,0.0
618,-0.48036959857726114,168,0.08928571428571429
619,-0.3478718167247141,156,0.08333333333333333
620,-0.45549411954811575,160,0.10625
621,-0.08100663681115271,182,0.32967032967032966
622,-0.003580576573474781,179,0.3463687150837989
623,-0.5629131860688669,159,0.05660377358490566
624,-0.6726721475673108,163,0.06134969325153374
625,0.1856379309678727,158,0.5632911392405063
626,-0.8720989870066808,16,0.0
628,-0.9663189302951574,16,0.0
629,-0.523764275372066,170,0.07058823529411765
630,-0.9416095967606356,15,0.0
631,-0.3358694659151667,16,0.125
632,-0.560338157510708,168,0.05952380952380952
633,-0.8492298225666358,11,0.0
634,-0.5813947618865862,173,0.08092485549132948
635,-0.6292607395616951,144,0.0625
636,-1.078100232817962,14,0.0
637,-0.3570560302866196,27,0.14814814814814814
638,-0.3989922571196301,158,0.12658227848101267
639,0.28672215117495325,161,0.6708074534161491
640,-0.5494240832398863,143,0.06293706293706294
641,-1.1601230734572763,16,0.0
642,-0.8421036073018962,154,0.06493506493506493
643,-0.7415672381907044,160,0.04375
644,-1.0037257550373717,20,0.0
645,-0.9915861643345616,18,0.0
646,-0.6743829564989507,159,0.03773584905660377
647,-0.5595718745504228,164,0.06707317073170732
648,-1.0900236804494068,20,0.0
649,-0.12613636431000058,165,0.2909090909090909
650,-1.252330689051593,15,0.0
651,0.22641782061067628,153,0.6666666666666666
652,-0.2530544425625354,17,0.11764705882352941
653,-0.9614508898634759,20,0.0
654,-1.0255998461532971,22,0.0
655,-0.24813564102314076,22,0.18181818181818182
656,-0.019810329629216757,60,0.25
657,-0.45597269310348587,173,0.10404624277456648
658,-0.24421124750497114,142,0.19718309859154928
659,0.05886250518146257,157,0.4840764331210191
660,-0.5462644698462783,151,0.0728476821192053
661,-0.14209576136603075,142,0.2605633802816901
662,-1.2361819364167463,26,0.0
663,-0.7811096030608911,162,0.06172839506172839
664,0.23790072652886413,160,0.6
665,-1.008432663041839,17,0.0
666,0.14804187040261943,83,0.5542168674698795
667,0.18464431934154105,164,0.6402439024390244
668,-0.8416717499294148,12,0.0
669,-0.5002227347838885,163,0.09815950920245399
670,-1.3044202472073807,14,0.0
671,-0.3919576907817163,165,0.12727272727272726
672,-0.4824603033438315,178,0.08426966292134831
673,-0.02816215854741742,12,0.25
674,0.1781228291933047,168,0.6130952380952381
675,0.2553169618328976,39,0.6410256410256411
676,-0.3497202134020357,182,0.14835164835164835
677,-0.8477943789678003,18,0.0
678,-0.2564238450617822,165,0.16363636363636364
679,-0.9280368212537657,170,0.047058823529411764
680,-0.6431961464288819,172,0.08139534883720931
681,-0.5158744537657323,62,0.06451612903225806
682,-0.4545873623973469,14,0.14285714285714285
683,-0.11137452847677885,177,0.22598870056497175
684,0.16150267578020777,169,0.5857988165680473
685,-0.3974921649493848,150,0.15333333333333332
686,0.25988601049517857,69,0.6666666666666666
687,-0.07458101364974756,160,0.30625
688,-0.45824552553201,169,0.11834319526627218
689,0.15997545685102735,145,0.6206896551724138
690,-0.7868327805859275,165,0.048484848484848485
691,-0.1970006981664127,163,0.18404907975460122
692,-0.6320421596781419,168,0.05357142857142857
693,-0.9730219882521048,13,0.0
694,0.20520507365007254,151,0.6225165562913907
695,-0.7642323274793581,177,0.062146892655367235
696,-0.12006822701267278,161,0.2670807453416149
697,-0.4584135028811854,162,0.09259259259259259
698,0.02403918893219858,149,0.44966442953020136
699,-0.8846284902193242,10,0.0
700,-0.5487948274949853,176,0.06818181818181818
701,0.058929285116222065,53,0.3584905660377358
702,-1.1420547878119662,19,0.0
703,-0.9127973707996645,16,0.0
704,-0.2661338765128785,170,0.17058823529411765
705,-0.37441463756007504,171,0.14035087719298245
706,-0.6245464712752135,176,0.06818181818181818
707,-0.45531198937702,178,0.10674157303370786
708,-0.6611784027758095,167,0.03592814371257485
709,-0.6905883992641902,179,0.05027932960893855
710,-0.4052843619390434,150,0.11333333333333333
711,-0.4231395252302841,178,0.12359550561797752
712,-0.2538983560668573,176,0.1875
713,0.11097427789338643,148,0.4527027027027027
714,-0.9532967581591232,12,0.0
715,-0.34100902884848716,154,0.16883116883116883
716,0.0834041532834785,175,0.4742857142857143
717,0.04180478886716311,8,0.125
718,-0.5052350561104698,176,0.07386363636363637
719,-0.3640669896927612,161,0.11801242236024845
720,-0.8426614559428506,18,0.0
721,0.2627464804445246,160,0.675
722,-0.18024628182026184,165,0.23636363636363636
723,-0.6418716139500897,169,0.07100591715976332
724,-0.0848484460870354,30,0.13333333333333333
725,-1.2267406532219431,20,0.0
726,-0.9443687364999797,13,0.0
727,-0.5107860657436057,165,0.08484848484848485
728,-0.3637167158758487,164,0.12804878048780488
729,-0.2689630636715714,171,0.21052631578947367
730,-0.5987203307503544,160,0.05625
731,-1.0181176993684946,11,0.0
732,-0.945781574051794,14,0.0
733,-0.05309398221443424,170,0.35294117647058826
734,-0.24973136129206164,16,0.125
735,-0.5957868719184569,167,0.0718562874251497
736,-0.5400769617008547,168,0.10714285714285714
737,-0.7445162540357433,156,0.07051282051282051
738,-0.295346640184247,163,0.15337423312883436
739,-0.5635198750817925,160,0.075
740,-1.1049228177524417,21,0.0
741,-0.22055104719612925,147,0.1836734693877551
742,-1.0007089514115972,14,0.0
743,-0.5162138132929062,146,0.0821917808219178
744,-0.2460943163676886,14,0.14285714285714285
745,-1.1416720468009023,19,0.0
746,-1.1777964434568116,21,0.0
747,-0.3495600272062074,15,0.13333333333333333
748,-0.9137393339747859,18,0.0
749,-0.30594070501206155,17,0.23529411764705882
750,-0.2412228255370705,20,0.1
751,0.03650171281015022,142,0.4507042253521127
752,-0.33522609430461536,3,0.0
753,-0.5666011203084085,183,0.07103825136612021
754,-0.5607699702080301,166,0.06626506024096386
755,-0.12984580277057106,72,0.1388888888888889
756,-0.3483721513657554,162,0.12962962962962962
757,-1.0359108684864682,13,0.0
758,0.0390942221643162,53,0.33962264150943394
759,-1.2233189762648131,13,0.0
760,0.09309204362558571,169,0.5266272189349113
761,0.13480572865492693,153,0.5620915032679739
762,-0.329245800854151,152,0.1513157894736842
763,-0.3864107554362246,155,0.1032258064516129
764,-0.9568326819159625,18,0.0
765,-0.631785392092269,190,0.06315789473684211
766,0.02605796181376061,140,0.42857142857142855
767,-1.063293382522512,17,0.0
768,-0.6782160518269066,155,0.06451612903225806
769,-0.7408005074314945,171,0.04678362573099415
770,-0.5931688936890304,177,0.07909604519774012
771,-0.5516588512719441,163,0.07975460122699386
772,-0.847228880370123,17,0.0
773,-0.5088438847146618,167,0.10179640718562874
774,-0.6060050781944747,160,0.05625
775,-0.4542240267176764,155,0.11612903225806452
776,0.1473121277737849,143,0.5104895104895105
777,-0.4049955795208014,152,0.10526315789473684
779,-0.5439761026802301,191,0.07329842931937172
780,-0.8418332951201921,16,0.0
781,-0.5739892498133272,165,0.09696969696969697
782,0.010417918415989321,41,0.3170731707317073
783,-0.056977385159569585,158,0.2721518987341772
784,0.15570742446369934,80,0.575
785,0.13547837298031665,75,0.6133333333333333
787,0.1990026713771261,155,0.6
788,-1.0753189621664343,25,0.0
789,-0.4223071727382164,161,0.13664596273291926
790,-0.39474554078748786,158,0.13291139240506328
791,-0.4572260453070181,165,0.08484848484848485
792,-0.2910920349576673,12,0.08333333333333333
793,-0.7584627548294255,175,0.05142857142857143
794,-0.2289151129385775,168,0.21428571428571427
795,-0.5685702973592396,167,0.059880239520958084
796,-0.575344134153715,168,0.07738095238095238
797,0.18220603148426692,19,0.3157894736842105
798,0.08978846926511021,175,0.4114285714285714
799,-1.2007004527286598,6,0.0
800,-0.9186789572175791,14,0.0
801,-0.06692009515481946,53,0.20754716981132076
802,-0.39118409547050004,149,0.1342281879194631
803,0.06522153361788517,17,0.29411764705882354
804,-0.5302252426289124,17,0.058823529411764705
805,-0.056581241702451886,152,0.3092105263157895
806,-0.32049685813012396,156,0.15384615384615385
807,-0.2064959480026766,175,0.26857142857142857
808,-0.15175856835092866,14,0.14285714285714285
809,-0.28516945853029413,150,0.14666666666666667
810,-0.31800623926580224,150,0.13333333333333333
811,-0.6893586291874603,164,0.042682926829268296
812,-0.39007640169217705,154,0.11688311688311688
813,-0.5233511509079515,165,0.09696969696969697
814,-0.507672875525488,176,0.07386363636363637
815,-0.1870939481886463,56,0.125
816,-0.1379772512562546,155,0.2838709677419355
817,-0.6672867396844592,180,0.06111111111111111
818,0.20090306318596104,168,0.6190476190476191
819,-1.0888192382887827,11,0.0
820,-0.6329462536321232,170,0.07058823529411765
821,-1.2390496263798225,19,0.0
822,0.09427651691204225,176,0.5113636363636364
823,0.17439990620819318,168,0.5773809523809523
824,-0.2881304955424291,169,0.15976331360946747
825,-0.35661240680382683,173,0.15028901734104047
826,-1.0183708156392604,13,0.0
827,-0.8629615420763149,20,0.0
828,-0.44365320870745695,12,0.08333333333333333
829,-0.902441753330047,20,0.0
830,-0.9121819238721786,15,0.0
831,-0.24678328610822592,17,0.11764705882352941
832,-0.0016860693567157879,177,0.3728813559322034
833,-0.8519571126957673,12,0.0
834,-0.5342255617768342,157,0.07643312101910828
835,-0.1149501824121415,174,0.29310344827586204
836,-0.8998388099530406,17,0.0
837,-0.8416568988622397,12,0.0
838,-0.15908561820605918,15,0.13333333333333333
839,-0.8050355559369352,15,0.06666666666666667
840,-0.552882833081374,159,0.06918238993710692
841,-0.1121425764094694,192,0.2864583333333333
842,-0.6951839282498182,19,0.05263157894736842
843,-1.466403271601363,55,0.0
844,-0.08824965143583681,19,0.3157894736842105
845,0.32166480094724514,169,0.727810650887574
846,-0.20555325970732413,12,0.16666666666666666
847,-0.5894131311213205,184,0.07065217391304347
848,0.18980806515961401,97,0.6804123711340206
849,0.17211585669414026,139,0.5827338129496403
850,0.2914835207364459,53,0.6415094339622641
851,-0.5596683730576509,25,0.04
852,-0.22844081930182703,156,0.1987179487179487
853,-0.201117335306351,152,0.23026315789473684
854,-0.4691308348793049,166,0.0783132530120482
855,-0.709290708229761,148,0.033783783783783786
856,-0.5983504748911876,179,0.061452513966480445
857,0.2102462752233114,163,0.6134969325153374
858,-0.2300411150299283,19,0.10526315789473684
859,0.17414432187358903,180,0.5944444444444444
860,-0.618433730489004,172,0.08139534883720931
861,-0.023100035434219037,184,0.3695652173913043
862,-0.4844658824250115,143,0.09090909090909091
863,0.23805475763904135,174,0.7011494252873564
864,-0.42328987154384135,25,0.08
865,-0.8477083170880666,14,0.0
866,-0.08270244950852147,164,0.2865853658536585
867,0.24818241943305383,162,0.7160493827160493
868,-0.13042664017264993,20,0.2
869,0.08395488672698624,171,0.391812865497076
870,-0.55265067175372,174,0.06321839080459771
871,-0.5183718891042246,179,0.0893854748603352
872,-1.2614040652585419,19,0.0
873,-0.0006110866152679332,150,0.38666666666666666
874,-0.9194144829224222,17,0.0
875,-0.3466558445731728,17,0.11764705882352941
876,-0.8410446188898972,15,0.06666666666666667
877,-0.31860322349118275,59,0.06779661016949153
878,0.12836026925733743,152,0.5526315789473685
879,-0.9470574318598224,23,0.0
880,-0.952500950875198,14,0.0
881,-1.0654626927138806,16,0.0
882,-1.3246440382740863,10,0.0
883,-0.14819405155966042,160,0.25
884,-0.23217463950508957,186,0.16666666666666666
885,-0.546751832169503,177,0.096045197740113
886,-0.9992335080261565,19,0.0
887,-0.4598395344014558,174,0.11494252873563218
888,-1.1513425653239426,17,0.0
889,0.0018862447057482285,16,0.3125
890,0.1325003616978415,23,0.391304347826087
891,-0.4061655024238088,178,0.10674157303370786
892,-1.3583685788106836,24,0.0
893,0.06021663652230337,185,0.4810810810810811
894,0.3102894165320798,37,0.7297297297297297
895,-0.13256140924351512,167,0.2994011976047904
896,-1.0400324054169565,16,0.0
897,-0.3487679241340849,160,0.16875
898,-0.952635195333851,16,0.0
899,0.022541499355350457,140,0.36428571428571427
900,-0.0032455003559997584,51,0.27450980392156865
901,-0.6418768031757047,160,0.075
902,-0.2824406500673386,150,0.2
903,-0.5179664087307398,162,0.08024691358024691
904,-0.46688754219662587,159,0.09433962264150944
905,-0.21332661513717932,168,0.2261904761904762
906,0.11032354308712837,166,0.463855421686747
907,-1.3043846865388433,18,0.0
908,0.18082627659993356,179,0.6201117318435754
909,-0.7367006679773045,168,0.05952380952380952
910,-0.5513003062869113,183,0.08743169398907104
911,-0.44789509191738397,167,0.10778443113772455
912,-0.8911443470762171,14,0.0
913,-0.018532740974748454,171,0.32748538011695905
914,-0.6216512108351466,148,0.06756756756756757
915,-0.6098192368887817,165,0.06060606060606061
916,-0.9295301499147628,10,0.0
917,-0.34417904825830403,158,0.16455696202531644
918,-0.7680310880176656,5,0.2
919,-0.8480212769093811,12,0.0
920,-0.8575993431439719,14,0.0
921,-0.8420093816361197,12,0.0
922,-0.24821804852514326,166,0.21686746987951808
923,-0.06267721141251803,154,0.33116883116883117
924,0.16678398846004028,54,0.5185185185185185
925,-0.6899250809258133,172,0.046511627906976744
926,-0.6792125044625354,5,0.2
927,-0.5258350738153053,156,0.08974358974358974
928,-0.7362080304211114,187,0.0481283422459893
929,-0.47424365083636627,161,0.08695652173913043
930,-0.5833534776063298,167,0.07784431137724551
931,-0.1922319600144888,165,0.2
932,-0.3809438328735935,160,0.125
933,-0.8331072131377946,150,0.06
934,-0.7488179736645763,169,0.0650887573964497
935,0.09791621182038789,174,0.5402298850574713
936,-0.38353737108660013,174,0.10919540229885058
937,-0.8719118533580912,15,0.0
938,-0.18813733135239816,180,0.21666666666666667
939,-0.41902183910117435,184,0.10326086956521739
940,-0.10185652734484045,185,0.32972972972972975
941,-0.41279265771191315,165,0.09090909090909091
942,-0.8810238482173146,11,0.0
943,-0.47750115233494134,162,0.09876543209876543
944,-0.42964956406921206,183,0.12021857923497267
945,0.4349184917975498,170,0.8470588235294118
946,-0.15304317696879646,16,0.1875
947,-0.8452404264006458,16,0.0
948,-0.047093939548742914,179,0.35195530726256985
949,-1.0172950353379409,20,0.0
950,-1.0099922306427904,17,0.0
951,-0.4970694511202537,183,0.12021857923497267
952,-0.5975839956484685,173,0.06936416184971098
953,-0.5942579772204907,157,0.07006369426751592
954,-0.37736872280474676,171,0.12280701754385964
955,-0.8459586091745648,15,0.0
956,-0.8453197799800548,12,0.0
957,-0.4733520713548008,176,0.11363636363636363
958,-1.370490698992056,23,0.0
959,-0.25587562074111414,147,0.16326530612244897
960,-0.8499964521449629,11,0.0
961,-0.9686338595105918,17,0.0
962,-0.4340951628488445,162,0.12345679012345678
963,-0.0569065428664637,144,0.3125
964,-0.5522969908099484,182,0.09340659340659341
965,-0.4100772160400489,163,0.09202453987730061
966,0.06955907525688884,158,0.4873417721518987
967,-0.541542035775646,154,0.07142857142857142
968,-1.2487937154673623,17,0.0
969,-1.3661130525210083,17,0.0
970,-1.1154145927412493,17,0.0
971,-0.45855454745430013,180,0.10555555555555556
972,-1.0398810285732092,14,0.0
973,-0.25853503626889157,12,0.08333333333333333
974,-1.073191535020352,12,0.0
975,-0.30015476719532275,168,0.16666666666666666
976,-0.14709544801155197,19,0.15789473684210525
977,-0.859307065677354,16,0.0
978,-0.09567145334269972,159,0.2893081761006289
979,-0.27723531464291096,119,0.1092436974789916
980,0.033579474240789234,175,0.3657142857142857
981,0.00832278731334921,169,0.3905325443786982
982,-1.0216991062690435,23,0.0
983,0.010446612758317509,158,0.43037974683544306
984,-0.25847606246387517,14,0.14285714285714285
985,0.014906940434424332,175,0.37714285714285717
986,0.11841963076340475,161,0.4906832298136646
987,-0.9478129043818935,16,0.0
988,-0.8415279382263753,10,0.0
989,-0.38515195642311917,162,0.14814814814814814
990,0.08328189225996424,178,0.5112359550561798
991,-0.5598558145890555,177,0.10734463276836158
992,-0.21783400170255243,148,0.20270270270270271
993,-0.5163087707571801,17,0.058823529411764705
994,-0.15580565664549823,169,0.24260355029585798
995,-0.7917309877973532,154,0.05194805194805195
996,-0.45356865783236744,152,0.09868421052631579
997,-0.13736388233848854,20,0.05
998,0.06311231570571722,186,0.44623655913978494
999,-1.16167665209308,16,0.0
1000,-1.4877941072673269,18,0.0
1001,-0.9650434010136354,17,0.0
1002,-0.84154681654833,13,0.0
1003,-0.4784366077876105,172,0.09883720930232558
1004,-0.30549022563865186,17,0.17647058823529413
1005,-0.6295553010484359,156,0.04487179487179487
1006,-0.5973501047443971,170,0.07058823529411765
1007,0.18008106924504141,154,0.5714285714285714
1008,-0.13538885652488952,52,0.17307692307692307
1009,-0.2817476377560309,170,0.17058823529411765
1010,-0.07436402151533746,43,0.23255813953488372
1011,-0.7513590895275156,61,0.01639344262295082
1012,-0.3732677017811453,172,0.13953488372093023
1013,-0.17538871171129602,152,0.21710526315789475
1014,-0.9591775130798056,16,0.0
1015,-0.45113900202929974,180,0.1388888888888889
1016,-0.24041441669265518,14,0.21428571428571427
1017,-0.35309397475882776,18,0.1111111111111111
1018,-0.6269404795376582,151,0.06622516556291391
1019,-0.5349280483646236,168,0.06547619047619048
1020,-0.9121144426901301,14,0.0
1021,-0.8488512341504958,14,0.0
1022,-0.1844588991540005,172,0.23837209302325582
1023,-0.45877355823281263,175,0.09142857142857143
1024,-0.5366024502364006,167,0.10778443113772455
1025,-0.40204936423268733,17,0.11764705882352941
1026,-0.8419784735181923,10,0.0
1027,-0.5392675621030526,168,0.09523809523809523
1028,-0.6782883356419976,171,0.06432748538011696
1029,-0.17228910337160777,162,0.24691358024691357
1030,-0.4127618694999102,183,0.1366120218579235
1031,-0.5630785774719405,159,0.08176100628930817
1032,-0.8909043278600406,20,0.0
1033,-1.2332241448944476,15,0.0
1034,-0.45573181001872465,172,0.09302325581395349
1035,-0.8521406341216959,16,0.0
1036,-0.36887978552812406,159,0.0880503144654088
1037,-0.9151853025549112,21,0.0
1038,-0.15708277989861527,170,0.23529411764705882
1039,-0.3183872923286917,186,0.17204301075268819
1040,-0.3409720945309664,162,0.16666666666666666
1041,-0.5568972061368249,157,0.09554140127388536
1042,-1.007625552829737,15,0.0
1043,-1.1047312941998868,13,0.0
1044,-0.8769111368703093,12,0.0
1045,-0.34216062857761803,164,0.14634146341463414
1046,0.06023920136969397,22,0.09090909090909091
1047,-0.9104652560104158,18,0.0
1048,-0.025191713448681954,165,0.3575757575757576
1049,-0.3529386520777173,159,0.1320754716981132
1050,-0.21310338290338088,155,0.23870967741935484
1051,0.1997643874580916,157,0.6496815286624203
1052,-0.21856716083465957,167,0.19760479041916168
1053,-0.8732490455139924,19,0.0
1054,-0.6801790004327594,164,0.06707317073170732
1055,-0.49569121822287066,162,0.06172839506172839
1056,-0.051884697745163334,143,0.34965034965034963
1057,0.20046317124002946,149,0.610738255033557
1058,-0.9379144982256026,25,0.0
1059,-0.8570283096138002,19,0.0
1060,-0.026136788029263027,61,0.3114754098360656
1061,-0.4112132320776678,58,0.05172413793103448
1062,-0.2046282343002887,184,0.20108695652173914
1063,-0.9931694014494458,17,0.0
1064,-0.40078794230572007,147,0.08163265306122448
1065,-0.0392051840147066,180,0.37222222222222223
1066,-0.40260147878441016,154,0.11038961038961038
1067,-0.9059491950794994,23,0.0
1068,-0.04707614707736004,155,0.3096774193548387
1069,0.2853935958083472,54,0.7222222222222222
1070,-0.9227883363118836,22,0.0
1071,-0.3622425111069361,166,0.12650602409638553
1072,-0.3576505996133282,18,0.16666666666666666
1073,-0.09444124744549749,164,0.29878048780487804
1074,-1.2521265479557386,12,0.0
1075,-0.5991934847370929,16,0.0625
1076,-1.0399207152149414,17,0.0
1077,-0.35407548790680066,159,0.11320754716981132
1078,-0.6762807483222946,147,0.05442176870748299
1079,-0.05304965268436815,185,0.4
1080,0.3663265467192918,132,0.8257575757575758
1081,0.011626651882445164,21,0.23809523809523808
1082,-0.9080581542147642,13,0.0
1083,-0.9772268672336306,12,0.0
1084,0.18024321510024796,40,0.55
1085,0.10582231958660032,153,0.48366013071895425
1086,-0.61678228167024,166,0.06626506024096386
1087,-0.3912862956986347,63,0.06349206349206349
1088,-0.396580143207026,170,0.12352941176470589
1089,0.09435556738039774,167,0.5149700598802395
1090,-0.26922391094347864,45,0.08888888888888889
1091,-1.444380527662964,15,0.0
1092,-0.5645230091761554,165,0.07272727272727272
1093,-0.6195982061418753,150,0.06666666666666667
1094,-0.8623141975115128,15,0.0
1095,0.06103328063351765,59,0.3559322033898305
1096,-0.1315065906260299,142,0.23943661971830985
1097,-0.920718178324392,15,0.0
1098,-0.6693060026505098,169,0.05917159763313609
1099,-0.19035869630521846,189,0.19576719576719576
1100,-0.5437468839728371,155,0.06451612903225806
1101,-0.4853897102120153,18,0.1111111111111111
1102,-0.40514094170764886,15,0.13333333333333333
1103,-0.35146246116891383,15,0.13333333333333333
1104,-0.41865843938821573,171,0.0935672514619883
1105,0.28316265905226623,150,0.7133333333333334
1106,-0.35969217290491984,163,0.147239263803681
1107,-0.11296443369361607,19,0.21052631578947367
1108,-0.1222057223878708,133,0.2631578947368421
1109,-0.8548958421485591,17,0.0
1110,-0.7745062519794342,181,0.049723756906077346
1111,-1.077082436729371,19,0.0
1112,-0.9059142389512923,15,0.0
1113,-0.2268760625974782,23,0.17391304347826086
1114,-0.2545367790016049,19,0.10526315789473684
1115,-0.3489015622034676,15,0.13333333333333333
1116,-0.5667456442925043,13,0.07692307692307693
1117,-0.5091712967945442,173,0.07514450867052024
1118,-0.44196475778134703,160,0.0875
1119,-0.5464954666607711,165,0.07878787878787878
1120,-0.46944793725427636,152,0.09210526315789473
1121,-0.9568887240256742,12,0.0
1122,-1.0932732071288014,17,0.058823529411764705
1123,-0.14443495923585792,14,0.14285714285714285
1124,-0.44988168475732615,178,0.10674157303370786
1125,-0.1425342104959241,16,0.1875
1126,-0.5233928840185577,158,0.06962025316455696
1127,-0.6430006512268217,167,0.07784431137724551
1128,-0.6648126235682106,177,0.07909604519774012
1129,-0.8533456558358302,16,0.0
1130,-0.9101605380184314,17,0.0
1131,-0.5981487267319936,185,0.07027027027027027
1132,-0.11295925006300805,14,0.14285714285714285
1133,-0.39656526974271167,168,0.13095238095238096
1134,-0.8598851270828439,12,0.0
1135,0.09382221208231332,151,0.4503311258278146
1136,-1.2506157247052332,18,0.0
1137,-0.8985540237839733,12,0.0
1138,-0.4872966506381743,166,0.08433734939759036
1139,-0.8488511428868614,10,0.0
1140,0.22092734789975596,161,0.6521739130434783
1141,0.1705532825098872,163,0.6073619631901841
1142,-0.0008790464116667725,156,0.3141025641025641
1143,-1.0947232914214937,17,0.0
1144,-0.7004053060818044,178,0.06179775280898876
1145,-0.8583438378398911,182,0.038461538461538464
1146,-0.4626978527487763,159,0.11320754716981132
1147,-0.5545559741322771,150,0.08
1148,-0.014426472874419987,174,0.39080459770114945
1149,-0.7235631359310821,177,0.05084745762711865
1150,-1.0399363733880347,15,0.0
1151,-0.9097834626943198,17,0.0
1152,-0.026763651574767244,17,0.23529411764705882
1153,-0.8420150869932208,13,0.0
1154,-0.16356506095367346,13,0.15384615384615385
1155,-1.072356405624515,17,0.0
1156,0.16051170538067203,163,0.588957055214724
1157,0.1351661879316587,170,0.5705882352941176
1158,-0.117173942515269,13,0.15384615384615385
1159,-0.8857268819664426,19,0.0
1160,-0.6875227651086416,6,0.0
1161,0.031672224564556296,152,0.40789473684210525
1162,-1.331781907504925,20,0.0
1163,-1.235972470176971,22,0.0
1164,-1.4135576257521432,62,0.0
1165,0.059796625292382076,53,0.2830188679245283
1166,-0.9109110091389916,13,0.0
1167,-0.580919409971785,18,0.1111111111111111
1168,-0.031157117318319556,177,0.384180790960452
1169,-0.24711527609494152,169,0.17751479289940827
1170,-0.4117031556590068,57,0.07017543859649122
1171,-0.9344305241670141,15,0.0
1172,-0.3751988754778348,191,0.1518324607329843
1173,-1.1343874284714153,20,0.0
1174,-1.0502333568466835,13,0.0
1175,-1.0006112745653397,15,0.0
1176,-0.530563295514806,59,0.03389830508474576
1177,-0.7635359526762033,166,0.024096385542168676
1178,-0.40851715753018825,156,0.08333333333333333
1179,-0.6826768210825359,187,0.0427807486631016
1180,0.2836636278894583,151,0.7284768211920529
1181,-0.23479454361486124,20,0.1
1182,-0.910594872701125,13,0.0
1183,-0.8865663738421117,19,0.0
1184,-0.03861762219340079,52,0.23076923076923078
1185,-0.7308694139385049,147,0.08163265306122448
1186,-0.26516147528205647,173,0.19653179190751446
1187,-0.45993332492311306,155,0.06451612903225806
1188,0.3467990805727956,34,0.7058823529411765
1189,0.004733159501371518,69,0.36231884057971014
1190,0.07312947661693081,185,0.4864864864864865
1191,-0.4222703411738018,19,0.10526315789473684
1192,-0.44893780280303247,59,0.03389830508474576
1193,-0.8989536676890642,17,0.0
1194,-0.359487725489074,180,0.1388888888888889
1195,-0.2534537098465519,52,0.07692307692307693
1196,-0.22310149443751082,168,0.19047619047619047
1197,-0.3832152765237641,158,0.0949367088607595
1198,-0.9301789246860518,15,0.0
1199,0.1362049521409902,172,0.5348837209302325
1200,-0.9049163442680318,14,0.0
1201,0.15785563479525264,138,0.6304347826086957
1202,-0.5682520814381073,168,0.05952380952380952
1203,0.04840659087146412,61,0.36065573770491804
1204,-0.18511291952227676,144,0.2361111111111111
1205,-0.09850826250136777,52,0.21153846153846154
1206,-0.3050095374568351,162,0.15432098765432098
1207,0.004897101938824556,158,0.3860759493670886
1208,-0.25404470684890323,155,0.2064516129032258
1209,-0.8801748137371475,21,0.0
1210,-0.5097720073732431,16,0.125
1211,-1.0461858819929477,20,0.05
1212,-0.8417894401502448,12,0.0
1213,-0.27701085633302386,152,0.15789473684210525
1214,-0.9852517269160336,20,0.0
1215,-0.09366805984358148,17,0.17647058823529413
1216,-0.9493098908487619,14,0.0
1217,-1.156748410982834,20,0.0
1218,-0.04710627286963921,162,0.3333333333333333
1219,-0.40392295271547785,16,0.125
1220,-0.6420747571661277,171,0.04678362573099415
1221,0.17158397180109547,106,0.6415094339622641
1222,-0.5220339277659539,173,0.10404624277456648
1223,0.26735817163227893,141,0.723404255319149
1224,-1.3268996043471453,16,0.0
1225,-1.2564910625498011,14,0.0
1226,-0.8416567820756073,11,0.0
1227,-0.4018439206651527,16,0.125
1228,-0.48157039362594173,21,0.09523809523809523
1229,-0.9159421485936443,13,0.0
1230,-0.45271264649171306,166,0.12650602409638553
1231,-0.5965391815465798,161,0.08695652173913043
1232,-0.9568653881353669,15,0.0
1233,-0.20060486938146868,182,0.23626373626373626
1234,-0.8521015062692866,17,0.0
1235,-1.376768668861172,19,0.0
1236,-0.5085084605285941,18,0.1111111111111111
1237,-0.11387335048799949,173,0.2658959537572254
1238,-0.5683657552970968,192,0.08333333333333333
1239,-0.19992131823758205,173,0.2658959537572254
1240,-0.5405850823729138,174,0.06321839080459771
1241,-0.29222866716189283,9,0.1111111111111111
1242,0.09397030484311791,47,0.44680851063829785
1243,-0.36566719187695473,165,0.1393939393939394
1244,-0.0669021223495105,13,0.15384615384615385
1245,-0.9401487453826615,17,0.0
1246,-0.02777617158161679,184,0.3858695652173913
1247,-0.954901383887201,24,0.0
1248,-0.9334909105497919,16,0.0
1249,0.42221396383770726,67,0.8805970149253731
1250,-0.04335036879186061,148,0.3310810810810811
1251,0.13735265062308097,49,0.4897959183673469
1252,-0.9395069424802088,23,0.0
1253,-0.40658985191784675,154,0.15584415584415584
1254,-0.6171231344987538,164,0.07317073170731707
1255,-0.23608550926425165,16,0.125
1256,-0.4934148371198474,165,0.13333333333333333
1257,-0.848851167776083,11,0.0
1258,-0.46397036013045495,173,0.09826589595375723
1259,0.17662100168763367,68,0.6176470588235294
1260,-0.5232837902006859,147,0.08163265306122448
1261,0.1793985030073226,106,0.660377358490566
1262,0.1735022252934427,160,0.55625
1263,0.1056222232185946,159,0.5220125786163522
1264,-0.9726025006499488,22,0.0
1265,0.23322204724236312,76,0.6710526315789473
1266,-1.0033994512963957,20,0.0
1267,-0.8436684819852928,14,0.0
1268,-0.9078466087632031,169,0.047337278106508875
1269,-0.6914769245902594,161,0.06832298136645963
1270,-0.4910535583525468,154,0.11688311688311688
1271,-0.32170110622928644,15,0.13333333333333333
1272,0.1482886934415413,156,0.5641025641025641
1273,-0.4608306252411677,17,0.11764705882352941
1274,-0.5744127845689451,169,0.08875739644970414
1275,-0.2228141843172852,163,0.2147239263803681
1276,-0.4537010203060533,181,0.09392265193370165
1277,-0.5704773152777364,190,0.08421052631578947
1278,-0.5538428155821389,64,0.03125
1279,-0.34589873243703634,195,0.1282051282051282
1280,0.14087515574930418,167,0.5149700598802395
1281,-0.5661891371361015,8,0.0
1282,-0.25319021589670626,153,0.17647058823529413
1283,0.1634450299563089,174,0.5517241379310345
1284,-0.6239178958716759,168,0.09523809523809523
1285,-0.42958590933320484,152,0.07894736842105263
1286,-0.5720269413889607,181,0.0718232044198895
1287,-0.910663221486612,12,0.0
1288,-0.500942067917628,146,0.0821917808219178
1289,-0.20521879339367685,178,0.23595505617977527
1290,-0.20377418997643798,158,0.1518987341772152
1291,-0.24207159068467718,16,0.125
1292,-0.8304184991043044,22,0.045454545454545456
1293,-0.700882639623737,173,0.057803468208092484
1294,-0.43877838256189583,190,0.09473684210526316
1295,-1.3384329270531474,14,0.0
1296,-0.6220900708693451,181,0.06629834254143646
1297,-0.43938754788646756,145,0.1103448275862069
1298,-1.4591715096052726,56,0.0
1299,-1.0640739078273127,14,0.0
1300,-0.44688030193065115,159,0.0880503144654088
1301,-0.7538993533825943,180,0.07222222222222222
1302,-0.503165772019213,144,0.1111111111111111
1303,-0.16960931749308417,62,0.14516129032258066
1304,-0.5533410564284668,158,0.08227848101265822
1305,-0.4790024902761776,162,0.09876543209876543
1306,-1.3045238761077194,19,0.0
1307,-0.9482464695409769,11,0.0
1308,-0.1954023217304224,58,0.13793103448275862
1309,-0.06252938483737534,160,0.2875
1310,-0.5728966348013873,163,0.0736196319018405
1311,-0.04506783628519438,182,0.34065934065934067
1312,-0.40386509002703463,14,0.14285714285714285
1313,-0.4702964011420903,165,0.09090909090909091
1314,-0.709498369944949,21,0.047619047619047616
1315,-0.37689833700112113,165,0.1393939393939394
1316,0.4799666751612407,145,0.8689655172413793
1317,-0.6158512836691206,168,0.05357142857142857
1318,-0.11146735565360583,52,0.21153846153846154
1319,-1.1045067321261954,22,0.0
1320,-0.48272428914134624,160,0.125
1321,0.22372701684703256,170,0.6588235294117647
1322,-0.1561886684418822,17,0.17647058823529413
1323,0.10823479527637109,12,0.4166666666666667
1324,-0.1161056871483617,21,0.14285714285714285
1325,-0.0800998490610256,22,0.22727272727272727
1326,-0.021381827682010378,165,0.34545454545454546
1327,-0.2986255566294607,19,0.05263157894736842
1328,0.006558138212643054,20,0.15
1329,-0.13882130283257,17,0.17647058823529413
1330,-0.40996303314278154,20,0.05
1331,-0.2569878445230894,172,0.14534883720930233
1332,0.3406216533164014,153,0.7712418300653595
1333,0.40036269628821736,162,0.8024691358024691
1334,-0.12021308090121975,169,0.27218934911242604
1335,-0.3426793704906456,152,0.13815789473684212
1336,-0.014176969521798323,20,0.15
1337,-0.37255108282501115,152,0.13157894736842105
1338,0.2346959022193829,118,0.6779661016949152
1339,-0.037168406714386065,180,0.26666666666666666
1340,0.2933184323694922,161,0.7204968944099379
1341,0.24800883993084977,83,0.6626506024096386
1342,-0.3360439619308611,17,0.058823529411764705
1343,-0.3874829036786527,61,0.08196721311475409
1344,-0.2146889071546826,52,0.09615384615384616
1345,-0.20217952061013747,16,0.1875
1346,-0.12754356263452146,14,0.14285714285714285
1347,0.025187023279586565,41,0.2682926829268293
1348,0.08207676020235469,22,0.3181818181818182
1349,-0.49878975927207014,54,0.05555555555555555
1350,0.12068860902621946,53,0.4528301886792453
1351,0.31152466816157726,147,0.7142857142857143
1352,0.3331439639459806,154,0.6883116883116883
1353,0.3779152946828488,161,0.8074534161490683
1354,-0.15036654986054127,19,0.10526315789473684
1355,-0.08121723649502247,164,0.3353658536585366
1356,-0.19087895176618125,152,0.2236842105263158
1357,-0.3146778452386488,30,0.06666666666666667
1358,-0.45697630371466,172,0.09883720930232558
1359,-0.09452421752817992,172,0.3081395348837209
1360,-0.25753223485425314,19,0.05263157894736842
1361,-0.10408791762899017,14,0.14285714285714285
1362,-0.14026712080501824,21,0.19047619047619047
1363,0.1906511876545988,24,0.375
1364,-0.22968804952951802,13,0.07692307692307693
1365,-6.300413190599461e-05,26,0.3076923076923077
1366,-0.0317660407524145,16,0.3125
1367,-0.2826501037987131,145,0.1724137931034483
1368,-0.0022092747836624173,176,0.36363636363636365
1369,-0.040776481488743306,168,0.36904761904761907
1370,-0.0879390612195749,24,0.16666666666666666
1371,-0.12851130798881524,145,0.25517241379310346
1372,0.11906527169828851,165,0.43636363636363634
1373,-0.4158819403205872,177,0.11864406779661017
1374,0.1321677837159677,160,0.55
1375,-0.1539126688045051,20,0.15
1376,0.12161517296851511,147,0.47619047619047616
1377,-0.20859229093097398,21,0.19047619047619047
1378,-0.3130452965159577,13,0.07692307692307693
1379,-0.2982589257201263,169,0.13609467455621302
1380,-0.24301044780420777,22,0.09090909090909091
1381,-0.32754610530304323,151,0.1390728476821192
1382,-0.2291297925709584,66,0.07575757575757576
1383,-0.1729468238454672,156,0.27564102564102566
1384,0.33758837100440314,150,0.76
1385,-0.6763441724585579,190,0.04736842105263158
1386,0.189404002744199,77,0.5194805194805194
1387,-0.34009764865609765,17,0.058823529411764705
1388,-0.1365257653558334,150,0.26666666666666666
1389,-0.35449533016295975,21,0.047619047619047616
1390,0.2344449582303185,158,0.6708860759493671
1391,0.2548660240898707,24,0.4583333333333333
1392,-0.2466051776648973,151,0.15894039735099338
1393,0.17395032753847126,17,0.5294117647058824
1394,0.2518861671728539,174,0.6724137931034483
1395,-0.31169064620668235,22,0.045454545454545456
1396,-0.4149707463355333,60,0.06666666666666667
1397,0.33599050136969016,153,0.7320261437908496
1398,-0.16518874094105251,159,0.2138364779874214
1399,-0.05252596743764254,14,0.21428571428571427
1400,-0.3182051171369218,56,0.08928571428571429
1401,-0.3855615442491808,19,0.05263157894736842
1402,-0.16319333472026168,21,0.14285714285714285
1403,-0.05157889838636379,22,0.2727272727272727
1404,-0.3122106065687178,17,0.058823529411764705
1405,-0.03318311608559872,17,0.17647058823529413
1406,-0.006231613280184428,153,0.38562091503267976
1407,0.1920569027025361,164,0.5670731707317073
1408,-0.3916412526174334,24,0.041666666666666664
1409,-0.10585702635625613,18,0.16666666666666666
1410,-0.041964016718932365,22,0.2727272727272727
1411,-0.07491791557479512,19,0.2631578947368421
1412,-0.43123789563954557,23,0.043478260869565216
1413,-0.15593989690453064,22,0.18181818181818182
1414,0.03713768705274011,159,0.4528301886792453
1415,0.1267082637628949,171,0.543859649122807
1416,-0.6329507378171495,161,0.043478260869565216
1417,-0.3394538591906944,158,0.16455696202531644
1418,-0.40102746954798263,177,0.1016949152542373
1419,-0.1483776038572039,24,0.125
1420,-0.18278187946533495,16,0.1875
1421,-0.014218448055846168,20,0.35
1422,-0.34638176500527734,17,0.058823529411764705
1423,-0.3880251204656791,24,0.041666666666666664
1424,-0.23244042114973393,19,0.05263157894736842
1425,-0.07894040894614185,16,0.1875
1426,0.2674191388224548,171,0.7309941520467836
1427,0.14875354386232872,153,0.5294117647058824
1428,-0.3979344912994361,22,0.045454545454545456
1429,-0.38469626769005605,158,0.0759493670886076
1430,-0.05447044132773346,31,0.22580645161290322
1431,-0.040460255650667756,159,0.3333333333333333
1432,0.2069610319792458,52,0.6153846153846154
1433,0.05598911775490604,17,0.35294117647058826
1434,0.06646021162790479,22,0.2727272727272727
1435,0.1027096195048877,19,0.15789473684210525
1436,0.023110205612035133,148,0.30405405405405406
1437,-0.30805137883991635,18,0.05555555555555555
1438,0.3464738743735817,55,0.6727272727272727
1439,0.026869148694903238,63,0.31746031746031744
1440,-0.25065276923578783,167,0.19161676646706588
1441,-0.3464368468868397,15,0.06666666666666667
1442,0.20228758296857582,158,0.6392405063291139
1443,0.07277156404292066,71,0.4225352112676056
1444,0.20911468820218806,60,0.5833333333333334
1445,0.4038172199115422,174,0.7988505747126436
1446,0.19815586311042535,152,0.6118421052631579
1447,-0.31210712419990894,178,0.14606741573033707
1448,0.1856653429791198,161,0.5838509316770186
1449,0.07984941766332955,164,0.43902439024390244
1450,0.02888740929985631,150,0.38
1451,0.2070931231797348,152,0.6578947368421053
1452,-0.09042589642968625,161,0.3105590062111801
1453,-0.022845705680544216,16,0.3125
1454,0.021226439510247004,14,0.35714285714285715
1455,-0.385899273757107,20,0.05
1456,0.2810375304304735,153,0.6601307189542484
1457,-0.42037448202946215,22,0.045454545454545456
1458,-0.1235273351044261,157,0.2611464968152866
1459,-0.1696644267221532,26,0.15384615384615385
1460,-0.29474385511844575,15,0.06666666666666667
1461,0.18767943868722492,70,0.6428571428571429
1462,0.043477170505761394,158,0.4177215189873418
1463,0.07793320119263221,170,0.4176470588235294
1464,-0.45141124865006943,20,0.05
1465,-0.19203416019979852,21,0.09523809523809523
1466,-0.6084044747871274,145,0.07586206896551724
1467,0.05126870966607452,158,0.4177215189873418
1468,-0.10884532557463812,169,0.30177514792899407
1469,-0.2590963031318999,13,0.07692307692307693
1470,0.30826984003570407,79,0.6835443037974683
1471,-0.026808168400929155,21,0.23809523809523808
1472,-0.11747613776466265,168,0.24404761904761904
1473,-0.04820453423056385,18,0.2777777777777778
1474,0.10198135428741376,169,0.47928994082840237
1475,0.16170281242221538,172,0.563953488372093
1476,-0.3543044140449324,24,0.041666666666666664
1477,-0.18280104392629976,30,0.16666666666666666
1478,0.0003308435255558306,24,0.25
1479,-0.10776097210949155,193,0.29533678756476683
1480,0.03491951870221105,16,0.3125
1481,-0.26943579044205745,15,0.06666666666666667
1482,-0.4985726827613839,169,0.09467455621301775
1483,-0.39043764383747204,17,0.058823529411764705
1484,0.38873209012791116,59,0.7457627118644068
1485,0.0283592847147685,147,0.38095238095238093
1486,0.3160283680779608,56,0.6785714285714286
1487,0.3444123346180195,55,0.7090909090909091
1488,-0.060751117237363435,149,0.31543624161073824
1489,0.05074856646408235,24,0.375
1490,0.06553388195950334,20,0.3
1491,-0.03013145156664898,154,0.2987012987012987
1492,-0.48016789090040074,54,0.018518518518518517
1493,0.15546645592884406,159,0.4968553459119497
1494,-0.11317163873744579,152,0.29605263157894735
1495,0.03444583153203107,159,0.4025157232704403
1496,-0.2943823954664187,173,0.14450867052023122
1497,-0.5551753911719034,159,0.07547169811320754
1498,-0.2469869471386107,153,0.1830065359477124
1499,0.1665898063610924,46,0.45652173913043476
1500,0.28560103801579195,81,0.691358024691358
1501,0.02702653399643314,24,0.2916666666666667
1502,-0.45505961826894364,22,0.045454545454545456
1503,-0.22814845753840604,30,0.1
1504,0.3445754953358672,157,0.7261146496815286
1505,-0.1457396970005515,164,0.23780487804878048
1506,-0.16836722956026723,17,0.29411764705882354
1507,0.1459750055860337,151,0.5033112582781457
1508,0.22909358980317118,75,0.64
1509,-0.43102568115844625,167,0.09580838323353294
1510,-0.22472254902058275,166,0.1927710843373494
1511,0.23646605639004356,58,0.6379310344827587
1512,-0.01934802322353605,24,0.20833333333333334
1513,0.19090127654651043,149,0.610738255033557
1514,-0.17670850366110827,26,0.11538461538461539
1515,-0.0637984098105337,159,0.29559748427672955
1516,-0.1164060322636834,24,0.125
1517,-0.3113167433667163,197,0.16243654822335024
1518,-0.6006278035471351,157,0.08917197452229299
1519,0.1480406690693906,48,0.4375
1520,-0.1456681769481475,165,0.22424242424242424
1521,0.17454840221121126,153,0.5424836601307189
1522,-0.10185520496437185,177,0.2711864406779661
1523,-0.09722853324642644,165,0.30303030303030304
1524,0.1196603547821806,76,0.5526315789473685
1525,-0.11048454533616472,26,0.11538461538461539
1526,0.31927146261495015,152,0.7171052631578947
1527,0.0275048194058459,166,0.3795180722891566
1528,-0.0721739166623367,22,0.18181818181818182
1529,0.02970734393902927,61,0.32786885245901637
1530,-0.2577152832506767,18,0.05555555555555555
1531,0.21025905595625038,158,0.6139240506329114
1532,0.3354308655746012,168,0.7321428571428571
1533,-0.1671327877863061,19,0.15789473684210525
1534,-0.2931970476965922,19,0.05263157894736842
1536,-0.073577642345314,15,0.2
1537,0.5063118082714297,108,0.8796296296296297
1538,-0.4524533677293027,186,0.10215053763440861
1539,-0.365808520562202,25,0.04
1540,0.2976314362819753,159,0.7169811320754716
1541,0.3322138728857995,50,0.66
1542,0.019246755350150045,150,0.38
1543,-0.02959425856352269,181,0.3701657458563536
1544,-0.32267793539203193,19,0.05263157894736842
1545,-0.2946682041906264,172,0.16279069767441862
1546,-0.11061453510591819,19,0.21052631578947367
1547,0.3893144101758467,180,0.7777777777777778
1548,-0.16584164038589905,25,0.2
1549,-0.5419403792611901,163,0.08588957055214724
1550,-0.09091308756998831,19,0.15789473684210525
1551,0.0033236736837366746,22,0.2727272727272727
1552,0.4108414513184342,65,0.8153846153846154
1553,-0.14950082477729507,19,0.15789473684210525
1554,-0.005104940852149532,154,0.38311688311688313
1555,0.19617718616979535,151,0.609271523178808
1556,-0.17289529159065825,15,0.13333333333333333
1557,-0.37058719641866583,18,0.05555555555555555
1558,-0.8352487027078971,6,0.0
1559,0.013615010040008932,61,0.3114754098360656
1560,0.05098296073403704,25,0.2
1561,0.1290753747521073,69,0.5072463768115942
1562,0.3590619594641868,64,0.765625
1563,-0.404709085841551,171,0.10526315789473684
1564,0.24772849306603806,162,0.6604938271604939
1565,-0.0009730156024585597,23,0.30434782608695654
1566,-0.15650018012277056,176,0.26704545454545453
1567,0.05138054228415978,158,0.4050632911392405
1568,-0.09347406967243863,155,0.23870967741935484
1569,0.0035488073843634757,22,0.22727272727272727
1570,0.35890380017778095,149,0.7785234899328859
1571,-0.20519227396549047,52,0.11538461538461539
1572,-0.14227543144130983,26,0.23076923076923078
1573,0.1732087237342499,153,0.5882352941176471
1574,-0.3004026833064605,16,0.0625
1575,-0.21885574113842543,148,0.1891891891891892
1576,0.03132428367712192,54,0.35185185185185186
1577,0.0352872490893428,174,0.43103448275862066
1578,-0.29055528568606154,152,0.17105263157894737
1579,-0.13726791292391358,16,0.1875
1580,-0.1176297675638876,155,0.2838709677419355
1581,-0.24789389070195916,159,0.1761006289308176
1582,0.008940121117721977,153,0.3660130718954248
1583,-0.2561169973941154,25,0.12
1584,-0.34939698172561817,19,0.05263157894736842
1585,-0.35248347037683747,149,0.12751677852348994
1586,-0.297920773616374,15,0.06666666666666667
1587,0.274873800312742,162,0.6419753086419753
1588,0.24927168313169176,85,0.6
1589,-0.33754727436556675,21,0.047619047619047616
1590,0.14240409463629072,162,0.47530864197530864
1591,-0.5189332060385036,162,0.08641975308641975
1592,-0.138888066231588,18,0.2777777777777778
1593,0.028828991689214618,21,0.23809523809523808
1594,-0.3073429147804951,17,0.058823529411764705
1595,-0.07076484397748248,15,0.26666666666666666
1596,-0.11931840555977946,158,0.22784810126582278
1597,-0.33677102585405977,26,0.038461538461538464
1598,0.061130990416689436,159,0.4339622641509434
1599,0.0681907664962085,168,0.4107142857142857
1600,-0.36218284839547144,169,0.14201183431952663
1601,-0.04345539957599574,55,0.23636363636363636
1602,0.28053916208556384,170,0.6705882352941176
1603,0.14535698370668393,162,0.5493827160493827
1604,-0.526670180770018,155,0.07096774193548387
1605,-0.03674317788308981,18,0.2777777777777778
1606,0.0832479509281585,160,0.4125
1607,-0.13804825600456913,153,0.2549019607843137
1608,-0.007053851554216585,17,0.23529411764705882
1609,-0.06920077795612281,26,0.15384615384615385
1610,0.027121381000463542,3,0.3333333333333333
1611,0.3584913603209024,170,0.7588235294117647
1612,0.14746607064083547,174,0.5114942528735632
1613,-0.041411281684240846,161,0.2981366459627329
1614,0.27714471426694226,50,0.6
1615,-0.028771791650805602,43,0.23255813953488372
1616,-1.0050205679597533,3,0.0
1617,0.2209535636419478,165,0.6
1618,-0.18860614188643166,23,0.043478260869565216
1619,-0.22308289978305101,18,0.2222222222222222
1620,-0.14009872716672156,19,0.2631578947368421
1621,-0.3162789189952096,15,0.06666666666666667
1622,-0.018480440143155058,161,0.34782608695652173
1623,0.02489918098230143,176,0.4034090909090909
1624,0.11687043734386433,162,0.4691358024691358
1625,0.14977066546515028,147,0.5306122448979592
1626,0.28300461609301075,80,0.65
1627,-0.012981986730919765,58,0.22413793103448276
1628,-0.12869199060902914,63,0.1111111111111111
1629,0.2760652074345277,151,0.6026490066225165
1630,-0.1583153220726135,140,0.22142857142857142
1631,0.18061763393288469,52,0.4807692307692308
1632,-0.048522301018203706,22,0.22727272727272727
1633,-0.060974015851011094,18,0.16666666666666666
1634,-0.42497646909217723,167,0.11976047904191617
1635,0.005199066819275839,17,0.29411764705882354
1636,-0.053923989110139264,163,0.2822085889570552
1637,0.2868963246766814,143,0.6783216783216783
1638,-0.03194589173848481,153,0.26143790849673204
1639,-0.5537288490474025,172,0.09302325581395349
1640,-0.2574824037558219,56,0.125
1641,0.11548390689898644,169,0.47928994082840237
1642,-0.17706926460644137,161,0.19254658385093168
1643,-0.19945281903196588,184,0.18478260869565216
1644,-0.28478959030681084,28,0.03571428571428571
1645,0.06527145058057937,156,0.3333333333333333
1646,-0.039583791267185885,163,0.3619631901840491
1647,-0.36020062229741684,19,0.05263157894736842
1648,0.34431619320305606,53,0.7547169811320755
1649,0.05126265694025657,22,0.22727272727272727
1650,-0.20511898020480032,18,0.16666666666666666
1651,0.3628353002644323,148,0.777027027027027
1652,-0.31227582560793965,164,0.1402439024390244
1653,0.27984604539908015,168,0.7440476190476191
1654,-0.3006349278211552,43,0.046511627906976744
1655,0.11415237434422948,69,0.4782608695652174
1656,-0.16589519543601622,62,0.14516129032258066
1657,0.3265943117298414,62,0.6612903225806451
1658,-0.0031763397367466748,24,0.25
1659,0.1666037669425174,156,0.5961538461538461
1660,-0.20175090563334835,147,0.19727891156462585
1661,-0.04490470705098723,157,0.3184713375796178
1662,-0.1659053034974213,14,0.21428571428571427
1663,-0.13285347514292936,168,0.25
1664,-0.3257014312406327,156,0.1282051282051282
1665,-0.037127687872622994,157,0.3503184713375796
1666,-0.1964650636482434,167,0.18562874251497005
1667,-0.3810383688112303,27,0.037037037037037035
1668,-0.10582586265021338,165,0.24242424242424243
1669,-0.026547191666254664,24,0.20833333333333334
1670,0.49056410473913936,174,0.8793103448275862
1671,0.022608027225769073,157,0.42038216560509556
1672,0.27298088307023444,166,0.6325301204819277
1673,-0.12311050088558591,28,0.17857142857142858
1674,-0.16683621993709116,165,0.21818181818181817
1675,-0.20305749243636634,162,0.20987654320987653
1676,0.2924146719963724,145,0.7310344827586207
1677,-0.10770741807346018,138,0.2318840579710145
1678,0.39712452860960606,55,0.7818181818181819
1679,0.22095583249345854,38,0.47368421052631576
1680,0.49518924866714215,171,0.8538011695906432
1681,0.1907678291264126,22,0.36363636363636365
1682,-0.2987663953120055,60,0.1
1683,-0.6635979841129132,174,0.05747126436781609
1684,-0.5254954212023522,162,0.09259259259259259
1685,-0.24787357953065062,183,0.18579234972677597
1686,0.09452332218034067,65,0.46153846153846156
1687,-0.16837327725106263,26,0.19230769230769232
1688,-0.24670760527845226,166,0.16265060240963855
1689,0.19028480112967586,173,0.5549132947976878
1690,-0.05471847145112986,157,0.3503184713375796
1691,0.34631655951955087,14,0.42857142857142855
1692,0.3347236339357559,48,0.6666666666666666
1693,-0.005659721832526563,176,0.39204545454545453
1694,0.23756409002954534,62,0.6129032258064516
1695,0.21698355082702456,165,0.6303030303030303
1696,-0.02592553057571149,19,0.21052631578947367
1697,-0.08216543208753493,156,0.28846153846153844
1698,0.12415649532755459,152,0.4605263157894737
1699,-0.1341915491549576,166,0.2469879518072289
1700,0.1226499598514331,155,0.535483870967742
1701,0.18657861944368695,62,0.4838709677419355
1702,-0.07295925520983607,26,0.23076923076923078
1703,-0.16991997476039675,176,0.18181818181818182
1704,-0.2738017459369541,19,0.05263157894736842
1705,-0.30885230795165897,22,0.13636363636363635
1706,-0.35654867600874013,155,0.14838709677419354
1707,0.17115447673698442,160,0.55625
1708,-0.2198157415367205,171,0.19883040935672514
1709,-0.13072652445069827,165,0.2727272727272727
1710,-0.010626535752167867,24,0.25
1711,0.007945284911965637,19,0.3157894736842105
1712,-0.1349804823919687,21,0.14285714285714285
1713,-0.29901687841729635,21,0.09523809523809523
1714,0.2614545773469284,43,0.6046511627906976
1715,-0.2606627921334737,152,0.19078947368421054
1716,0.017750753372569508,18,0.3333333333333333
1717,-0.29411451078833123,18,0.05555555555555555
1718,-0.0383616660040587,156,0.36538461538461536
1719,-0.3266197738705853,15,0.06666666666666667
1720,-0.006336291452934147,158,0.35443037974683544
1721,-0.061116724066147494,15,0.26666666666666666
1722,0.01706514329155097,21,0.23809523809523808
1723,0.3191454624929712,68,0.6176470588235294
1724,-0.054145442104408525,170,0.36470588235294116
1725,-0.015338210688823978,28,0.2857142857142857
1726,-0.31886967751436324,16,0.0625
1727,-0.22400409121551532,166,0.1686746987951807
1728,-0.49311308836384216,57,0.05263157894736842
1729,0.17810074908281612,20,0.55
1730,-0.2606297972975367,170,0.16470588235294117
1731,0.033702856940338075,30,0.2
1732,-0.3659887445642243,158,0.12025316455696203
1733,0.3230314349373683,44,0.6590909090909091
1734,-0.23650125166046793,18,0.1111111111111111
1735,0.4165178364034535,146,0.8013698630136986
1736,0.2690909186557408,150,0.68
1737,-0.2207236037742269,151,0.2052980132450331
1738,-0.23877190931055656,20,0.15
1739,0.2296408818575616,159,0.6352201257861635
1740,0.08648391288538344,20,0.3
1741,-0.02574566939851069,61,0.29508196721311475
1742,0.10959593011122419,24,0.2916666666666667
1743,0.06802531573410861,14,0.5
1744,-0.43865029039293224,174,0.10919540229885058
1745,-0.10162367720181184,17,0.35294117647058826
1746,0.05596694067242178,18,0.4444444444444444
1747,-0.1514165534872091,18,0.2222222222222222
1748,0.21560860818971067,164,0.5426829268292683
1749,-0.056002018320587994,24,0.20833333333333334
1750,0.1640699529555734,165,0.593939393939394
1751,0.1649200375118078,26,0.46153846153846156
1752,-0.2370290279759364,24,0.16666666666666666
1753,0.35236275127532085,171,0.7660818713450293
1754,-0.28016795328666527,151,0.15894039735099338
1755,-0.3282967120869908,15,0.06666666666666667
1756,-0.2215790476731408,20,0.1
1757,0.19198768503412275,15,0.4
1758,-0.08320769770430414,154,0.22727272727272727
1759,0.013394056071713706,169,0.3905325443786982
1760,0.1390988382423569,158,0.5
1761,-0.03484096452122518,19,0.2631578947368421
1762,-0.3934673165046232,154,0.11038961038961038
1763,0.401026806808628,159,0.7672955974842768
1764,-0.35288876386350515,181,0.13259668508287292
1765,-0.05095155474380383,16,0.1875
1766,0.1429564102650361,162,0.5370370370370371
1767,-0.4102176761343023,21,0.047619047619047616
1768,-0.0130115503152096,18,0.2222222222222222
1769,0.28792145162270194,156,0.717948717948718
1771,0.13159944068838442,22,0.3181818181818182
1772,0.2933375650847625,177,0.672316384180791
1773,0.27692225822040506,80,0.675
1774,0.26767837550435436,174,0.6609195402298851
1775,0.3008933122228753,6,0.16666666666666666
1776,-0.42229702904116984,156,0.10256410256410256
1777,-0.29022401975572876,161,0.16149068322981366
1778,0.2420045430543043,164,0.6585365853658537
1779,0.018864614505076014,21,0.23809523809523808
1780,-0.10659866500707468,20,0.25
1781,-0.42063787276391273,166,0.12048192771084337
1782,-0.2503798092040058,18,0.05555555555555555
1783,0.21913882838378201,158,0.6139240506329114
1784,-0.11669579429975435,157,0.20382165605095542
1785,0.2125052921286452,83,0.6265060240963856
1786,0.15939045360290688,172,0.6162790697674418
1787,0.2813793828958548,21,0.42857142857142855
1788,0.18902103104155316,157,0.535031847133758
1789,0.09123075646477388,21,0.2857142857142857
1790,0.3245615687858261,52,0.6346153846153846
1791,-0.08848436481717685,175,0.32
1792,0.12142889960840815,18,0.3888888888888889
1793,0.5251143455034483,151,0.8807947019867549
1794,-0.5830071083718598,148,0.08783783783783784
1795,0.06903027444881296,160,0.43125
1796,0.20268492166570523,162,0.5
1797,0.11457026355030117,24,0.3333333333333333
1798,0.30247252240601097,173,0.6647398843930635
1799,0.07457962577567293,23,0.34782608695652173
1800,-0.1154561265848618,19,0.15789473684210525
1801,0.040743648619893845,17,0.29411764705882354
1802,-0.048342348428032596,170,0.24705882352941178
1803,0.14591195072714228,24,0.4166666666666667
1804,0.019988714379596356,160,0.3625
1805,0.20717909672324858,167,0.49101796407185627
1806,-0.19763350296511129,167,0.2215568862275449
1807,0.32377802060553706,152,0.7763157894736842
1808,0.16684870715610797,20,0.4
1809,-0.07984540273440968,13,0.23076923076923078
1810,-0.2397443615410952,155,0.17419354838709677
1811,-0.3890427965657268,151,0.08609271523178808
1812,-0.09275383391755554,20,0.2
1813,0.15303558273619108,24,0.4583333333333333
1814,-0.2553890871240015,165,0.21212121212121213
1815,0.2456733085882134,67,0.6865671641791045
1816,-0.1928505434350745,167,0.18562874251497005
1817,0.08572314223588831,21,0.3333333333333333
1818,-0.4105688576246536,155,0.0967741935483871
1819,-0.1884565940047219,150,0.22666666666666666
1820,-0.27929023693011523,19,0.05263157894736842
1821,-0.1709094624117287,179,0.24581005586592178
1822,0.24580577057758324,166,0.6445783132530121
1823,0.16579626467187383,19,0.3684210526315789
1824,-0.3399965249800044,24,0.041666666666666664
1825,-0.34837706936601315,17,0.058823529411764705
1826,0.02788362793425889,23,0.30434782608695654
1827,-0.030625719765849775,170,0.3411764705882353
1828,-0.21345775585394552,172,0.18604651162790697
1829,-0.4038790381444153,23,0.043478260869565216
1830,-0.10511058782154156,149,0.24161073825503357
1831,-0.2653206921621987,155,0.14838709677419354
1832,-0.28317720994402934,177,0.15819209039548024
1833,0.07410655906252495,86,0.5116279069767442
1834,-0.3484661605572286,166,0.13855421686746988
1835,0.15647330938687246,164,0.5060975609756098
1836,-0.18688743565684934,18,0.16666666666666666
1837,-0.3017765696617375,189,0.14285714285714285
1838,-0.2644604954301333,11,0.09090909090909091
1839,-0.45472639542977983,152,0.09210526315789473
1840,0.11883108742960531,172,0.5232558139534884
1841,0.041788132622292314,25,0.28
1842,-0.34048077482690137,15,0.13333333333333333
1843,-0.11208134084597689,32,0.15625
1844,0.19528769992340883,149,0.6241610738255033
1845,-0.5513655246094927,156,0.10897435897435898
1846,-0.2401898566689261,19,0.10526315789473684
1847,0.08929227334294719,147,0.4489795918367347
1848,0.2647517538037325,64,0.671875
1849,-0.005202252605926985,20,0.15
1850,-0.38246397494649514,18,0.05555555555555555
1851,-0.2546641995661086,160,0.15
1852,-0.352405143653994,18,0.05555555555555555
1853,0.3363545579051803,151,0.7682119205298014
1854,-0.12289494122178625,161,0.2360248447204969
1855,-0.22371044198626447,148,0.21621621621621623
1856,0.13679190225590482,22,0.22727272727272727
1857,-0.2892750389887429,16,0.0625
1858,0.05959607885901458,164,0.3902439024390244
1859,-0.07665715765613278,13,0.23076923076923078
1860,-0.3861888474380816,167,0.0718562874251497
1861,-0.35334442951091966,176,0.17045454545454544
1862,-0.22378838523572278,50,0.16
1863,-0.4221789849828973,171,0.1111111111111111
1864,-0.15954006626581654,159,0.20754716981132076
1865,-0.015999626524811527,20,0.35
1866,-0.37225640661296444,31,0.03225806451612903
1867,0.13183390630927952,27,0.37037037037037035
1868,-0.37910400314840803,25,0.04
1869,0.031122656111248762,15,0.3333333333333333
1870,-0.304338819895763,18,0.05555555555555555
1871,0.290257439032031,78,0.6666666666666666
1872,-0.10686506912219547,161,0.30434782608695654
1873,-0.016521469664495046,61,0.2786885245901639
1874,0.2344284973834108,153,0.6274509803921569
1875,-0.24601985011250413,172,0.19767441860465115
1876,0.21325264539511846,137,0.583941605839416
1877,0.04349188430426194,21,0.42857142857142855
1878,-0.3104665115265704,66,0.09090909090909091
1879,-0.18373171252062093,17,0.11764705882352941
1880,0.10334210588228081,158,0.5253164556962026
1881,-0.40074219450344223,179,0.07262569832402235
1882,-0.31703861614396783,154,0.16883116883116883
1883,0.39972548152074944,54,0.7592592592592593
1884,-0.136166896545581,182,0.24725274725274726
1885,-0.14505640391463023,23,0.17391304347826086
1886,0.02059573121292746,82,0.34146341463414637
1887,0.007200318166108051,173,0.31213872832369943
1888,-0.2751101834119642,21,0.047619047619047616
1889,-0.0976140330744559,158,0.27848101265822783
1890,-0.2978560430354195,168,0.1488095238095238
1891,-0.15183992826780637,161,0.2111801242236025
1892,-0.46080049540440404,173,0.08670520231213873
1893,-0.4264624021879297,170,0.1
1894,-0.15515573528700186,149,0.19463087248322147
1895,-0.2714409749995125,163,0.15337423312883436
1896,0.1008339863421281,173,0.49710982658959535
1897,-0.2334722560068263,155,0.18064516129032257
1898,0.23030360902296002,54,0.5185185185185185
1899,-0.07645820500312392,167,0.2934131736526946
1900,-0.10579852188687525,156,0.2692307692307692
1901,-0.3935059828975171,22,0.045454545454545456
1902,0.48196185729569946,178,0.8426966292134831
1903,-0.2979715412997478,177,0.12994350282485875
1904,-0.25911507427983266,170,0.1588235294117647
1905,0.03835641693855416,172,0.3953488372093023
1906,0.33740962278448683,55,0.6909090909090909
1907,0.13775874640323044,19,0.47368421052631576
1908,0.09363438447353996,14,0.35714285714285715
1909,0.0967183392935325,17,0.35294117647058826
1910,-0.07643425212741696,64,0.265625
1911,0.09897541392182624,16,0.375
1912,-0.36745311239510126,174,0.14942528735632185
1913,-0.17610193998840054,17,0.11764705882352941
1914,-0.08773049775136338,23,0.21739130434782608
1915,-0.1956310815363716,27,0.1111111111111111
1916,0.2605477582879489,64,0.59375
1917,-0.2881072851030955,153,0.1503267973856209
1918,0.0862624812817168,145,0.45517241379310347
1919,-0.29257049631910576,15,0.06666666666666667
1920,-0.21007029218809345,166,0.14457831325301204
1921,-0.06248165337731846,24,0.20833333333333334
1922,-0.1510504471071882,156,0.23717948717948717
1923,-0.018526848039281698,42,0.2619047619047619
1924,-0.08944112941963436,71,0.2676056338028169
1925,-0.17000181606256104,160,0.26875
1926,-0.24446594211446854,28,0.10714285714285714
1927,0.23666814770489203,54,0.5185185185185185
1928,-0.2689876196927863,10,0.1
1929,-0.45167533038234836,161,0.07453416149068323
1930,-0.32785833739622494,180,0.17777777777777778
1931,-0.227084194504117,20,0.15
1932,-0.06646073861146305,27,0.18518518518518517
1933,0.18009801312107532,65,0.5538461538461539
1934,-0.2189448800163652,15,0.06666666666666667
1935,-0.38937835684071215,18,0.05555555555555555
1936,-0.23518117044730658,58,0.10344827586206896
1937,-0.07637933786485246,20,0.15
1938,-0.3053513545335125,20,0.1
1939,0.15488518189247572,53,0.49056603773584906
1940,-0.3163379303274395,148,0.12162162162162163
1941,-0.2714061963227721,140,0.15
1942,-0.012442318854011144,174,0.39080459770114945
1943,-0.18575883746468594,27,0.1111111111111111
1944,-0.06539002627139492,19,0.2631578947368421
1945,-0.3025768485024253,24,0.08333333333333333
1946,0.14872050548079643,54,0.3888888888888889
1947,-0.1880417648418082,56,0.17857142857142858
1948,-0.13590961586347464,19,0.21052631578947367
1949,0.09384821454236589,25,0.28
1950,-0.28789127412682347,135,0.14814814814814814
1951,0.09908606241354644,62,0.5806451612903226
1952,0.16573572111962936,156,0.5384615384615384
1953,-0.204364641925956,19,0.15789473684210525
1954,0.31621238534053997,156,0.6987179487179487
1955,0.08013377889731911,24,0.3333333333333333
1956,-0.14324785061606138,166,0.25301204819277107
1957,0.28429488725487284,56,0.6071428571428571
1958,-0.08872556127213593,164,0.3048780487804878
1959,-0.4411016230264486,19,0.05263157894736842
1960,0.09721540774557069,168,0.4583333333333333
1961,0.03681757152461853,18,0.2777777777777778
1962,-0.1331220540769913,161,0.2236024844720497
1963,-0.3834927310546228,153,0.13725490196078433
1964,-0.3137194002898981,16,0.0625
1965,0.058802580562010896,32,0.28125
1966,-0.2822141386462219,20,0.1
1967,-0.2582043162146785,169,0.1893491124260355
1968,0.11298714513527561,93,0.46236559139784944
1969,-0.02379709841835034,180,0.3611111111111111
1970,-0.31703315980908103,166,0.15060240963855423
1971,-0.19390803750599184,169,0.22485207100591717
1972,-0.12197115866902178,15,0.2
1973,-0.3926107405895608,146,0.1506849315068493
1974,-0.23925072822969193,13,0.15384615384615385
1975,-0.2423116137078467,27,0.1111111111111111
1976,0.2011238902984501,147,0.5986394557823129
1977,-0.10552470527450669,161,0.2670807453416149
1978,-0.41798940582231103,22,0.045454545454545456
1979,0.09617059861131332,18,0.2222222222222222
1980,-0.016850189534519503,65,0.2923076923076923
1981,0.0643610820926697,170,0.3941176470588235
1982,-0.05184817118018272,72,0.2361111111111111
1983,0.11287405466473183,170,0.5470588235294118
1984,-0.08279644979398897,11,0.18181818181818182
1985,0.032400722387472755,23,0.2608695652173913
1986,-0.1970960200504871,149,0.20134228187919462
1987,-0.32051615177260984,16,0.0625
1988,-0.17756577091336162,165,0.2
1989,-0.031144958384431664,156,0.32051282051282054
1990,0.14441770210748756,139,0.5251798561151079
1991,-0.19431279365908832,19,0.15789473684210525
1992,-0.1666308483994643,28,0.10714285714285714
1993,0.36264737209681114,60,0.6833333333333333
1994,-0.3713997812927609,17,0.058823529411764705
1995,-0.027259692416047195,174,0.3793103448275862
1996,-0.07149779721924979,166,0.29518072289156627
1997,0.09190345667008025,162,0.4444444444444444
1998,-0.4228758486197312,175,0.10857142857142857
1999,-0.3083696005867171,17,0.11764705882352941
2000,-0.2709938794858267,13,0.07692307692307693
2001,-0.6091252122051157,8,0.0
2002,0.11625018859192074,171,0.5321637426900585
2003,0.009680646276323842,20,0.2
2004,-0.4108889980526313,17,0.058823529411764705
2005,-0.48542649489332795,172,0.06395348837209303
2006,0.18598914153034077,156,0.6025641025641025
2007,-0.5639958174240559,162,0.05555555555555555
2008,0.08085392808105493,159,0.46540880503144655
2009,-0.3112021104878598,25,0.04
2010,0.0987441735854555,162,0.5185185185185185
2011,-0.1165058634966551,174,0.27011494252873564
2012,0.2054221467633701,3,0.3333333333333333
2013,-0.28894309200272844,15,0.06666666666666667
2014,-0.24478200154932606,163,0.17791411042944785
2015,0.28685326654041327,168,0.6785714285714286
2016,0.3632092347067292,169,0.7514792899408284
2017,-0.3199122576753594,15,0.06666666666666667
2018,-0.3693346575818171,22,0.045454545454545456
2019,-0.3969955362323284,161,0.11801242236024845
2020,-0.37228521794225006,18,0.05555555555555555
2021,0.019346356423936402,155,0.33548387096774196
2022,0.24221499354896642,155,0.6129032258064516
2023,0.07843564375381827,164,0.4573170731707317
2024,0.1914678409973461,151,0.5827814569536424
2025,0.05885612530190585,47,0.3829787234042553
2026,-0.13633025737055124,160,0.2875
2027,0.07247936388752346,19,0.2631578947368421
2028,-0.14785080672354833,18,0.16666666666666666
2029,0.09389090963734319,26,0.2692307692307692
2030,-0.19700120694031792,22,0.13636363636363635
2031,-0.20021806909465203,19,0.15789473684210525
2032,-0.006485701403274696,174,0.3333333333333333
2033,-0.0531278899641683,151,0.33112582781456956
2034,0.07498829105814135,21,0.19047619047619047
2035,-0.5238406533142189,153,0.08496732026143791
2036,-0.1304018876163264,147,0.2653061224489796
2037,0.36924947795891894,162,0.7592592592592593
2038,-0.08274304911756995,180,0.28888888888888886
2039,0.2937315127708108,70,0.6714285714285714
2040,0.026589572050148218,14,0.21428571428571427
2041,-0.1687290395715928,21,0.14285714285714285
2042,-0.2509387008467412,10,0.1
2043,-0.2866428085163681,168,0.125
2044,0.09624206626702823,153,0.43790849673202614
2045,-0.2921619821415252,13,0.07692307692307693
2046,-0.17582858872342355,23,0.21739130434782608
2047,0.16958902039894294,176,0.5568181818181818
2048,-0.2717729439597346,19,0.10526315789473684
2049,0.16184300291347276,40,0.4
2050,0.1251192677018643,172,0.5
2051,0.004516730707926047,163,0.3619631901840491
2052,0.3310286119646226,36,0.6666666666666666
2053,0.3173087914106083,157,0.7070063694267515
2054,0.0018562242797816005,173,0.35260115606936415
2055,0.30566455509516316,160,0.74375
2056,-0.0915149649444008,20,0.25
2057,-0.40803612300768977,159,0.11949685534591195
2058,-0.07728514656914913,16,0.1875
2059,-0.32442284553098194,26,0.038461538461538464
2060,0.038531190168934776,155,0.45161290322580644
2061,-0.20121688329835105,166,0.1927710843373494
2062,-0.14324964483656705,22,0.18181818181818182
2063,-0.36835017463135805,156,0.09615384615384616
2064,-0.2876709682937211,20,0.1
2065,0.17600007742951376,60,0.5
2066,0.10309233108782392,20,0.35
2067,0.18350594114993393,156,0.5961538461538461
2068,-0.16350212185048674,20,0.1
2069,-0.2693509456501898,18,0.05555555555555555
2070,0.08537194102714518,67,0.3880597014925373
2071,-0.1659793369023015,54,0.14814814814814814
2072,-0.05602940740066474,13,0.23076923076923078
2073,0.06867706383745233,164,0.4878048780487805
2074,-0.14261481278270094,17,0.17647058823529413
2075,0.021170932569024418,25,0.32
2076,0.22462682627937713,150,0.6333333333333333
2077,-0.0640904015613883,161,0.33540372670807456
2078,-0.16980726177942143,175,0.21714285714285714
2079,-0.009577657669878427,177,0.3559322033898305
2080,0.028083060190371392,62,0.3387096774193548
2081,-0.3434381755742155,17,0.058823529411764705
2082,0.09971403231398553,149,0.48322147651006714
2083,-0.08229284010878635,163,0.31901840490797545
2084,-0.2663973740689297,12,0.08333333333333333
2085,-0.12148681568504781,24,0.125
2086,-0.13033177768223062,19,0.15789473684210525
2087,0.2674918231430581,152,0.6513157894736842
2088,-0.07766186349321566,165,0.2787878787878788
2089,-0.18893599980146486,168,0.23214285714285715
2090,-0.13371707084720244,19,0.15789473684210525
2091,0.04899202516734724,160,0.325
2092,0.07564789483709343,159,0.4591194968553459
2093,-0.12076536874109704,150,0.26
2094,0.27646696167809226,83,0.6385542168674698
2095,0.15624558501150712,152,0.5394736842105263
2096,0.281059758950202,161,0.5962732919254659
2097,-0.1022783368852793,162,0.22839506172839505
2098,-0.5840576800382778,159,0.06289308176100629
2099,0.03891514849449709,25,0.24
2100,0.19893230639895926,17,0.4117647058823529
2101,-0.320277597697855,23,0.13043478260869565
2102,0.15003513778103617,143,0.5104895104895105
2103,-0.2747340858542918,13,0.07692307692307693
2104,-0.3536006982760586,19,0.05263157894736842
2105,0.09468464542481862,151,0.5099337748344371
2106,0.44266136439932124,56,0.8214285714285714
2107,-0.008805884443160515,174,0.3735632183908046
2108,0.1605676791536856,25,0.32
2109,0.2739606149319167,52,0.6153846153846154
2110,0.060449112846772665,17,0.35294117647058826
2111,0.26428799616937854,148,0.6148648648648649
2112,-0.3867642716153894,184,0.14673913043478262
2113,-0.2804986946394042,16,0.0625
2114,-0.4357229663516621,159,0.0880503144654088
2115,0.25340048600528503,142,0.647887323943662
2116,0.2957953390227858,21,0.47619047619047616
2117,-0.018463605711518824,20,0.2
2118,0.16279735093176642,17,0.47058823529411764
2119,-0.22230365411573513,19,0.05263157894736842
2120,0.2909863594177644,56,0.5714285714285714
2121,-0.29626957171639534,162,0.13580246913580246
2122,-0.39255405438057667,152,0.1118421052631579
2123,0.28830367609872726,146,0.726027397260274
2124,-0.41129497899736567,18,0.05555555555555555
2125,-0.11270223512212058,169,0.21893491124260356
2126,-0.1621231091947498,23,0.08695652173913043
2127,0.02718430709846548,20,0.35
2128,-0.08312496525694528,165,0.24848484848484848
2129,-0.2959249088760865,19,0.05263157894736842
2130,-0.3216165954072755,29,0.034482758620689655
2131,0.12081475756427618,49,0.4489795918367347
2132,0.053148506929300135,50,0.4
2133,-0.014946516687019606,169,0.33136094674556216
2134,0.3333680158852028,56,0.6607142857142857
2135,0.04017505846408097,59,0.3220338983050847
2136,-0.16081630962333096,21,0.14285714285714285
2137,-0.06535174557413428,22,0.18181818181818182
2138,-0.2728440170433911,22,0.09090909090909091
2139,0.23934625638543278,180,0.6722222222222223
2140,-0.1395588191406121,168,0.26785714285714285
2141,0.0027470697808764776,23,0.30434782608695654
2142,-0.08172482871284299,21,0.14285714285714285
2143,-0.25827290299913724,19,0.10526315789473684
2144,-0.15400933647389062,59,0.1016949152542373
2145,0.156682877086747,18,0.4444444444444444
2146,-0.2656404807116841,20,0.1
2147,-0.2213267652537085,164,0.22560975609756098
2148,-0.11529720637062277,20,0.25
2149,-0.1472381040738469,33,0.18181818181818182
2150,-0.36960610429080276,157,0.10828025477707007
2151,-0.5553389583479884,150,0.06666666666666667
2152,0.27872787002622545,164,0.6890243902439024
2153,0.05737111425277138,162,0.3950617283950617
2154,0.11772453938399584,60,0.36666666666666664
2155,0.025888529330267335,165,0.3878787878787879
2156,0.010592397073286552,55,0.34545454545454546
2157,-0.39286800926199456,22,0.045454545454545456
2158,0.023446295697905295,154,0.3961038961038961
2159,-0.13489396594630987,171,0.2222222222222222
2160,-0.335404444640598,59,0.13559322033898305
2161,-0.3753428134486653,21,0.09523809523809523
2162,-0.08622060405962066,160,0.3125
2163,-0.1555342564204711,17,0.17647058823529413
2164,0.1125843331755059,17,0.17647058823529413
2165,0.13693398516852168,24,0.4583333333333333
2166,0.05575730186181741,63,0.31746031746031744
2167,0.06462239794544494,150,0.4666666666666667
2168,0.0767233190274234,176,0.4318181818181818
2169,-0.3298942762590123,15,0.06666666666666667
2170,0.19428102599976715,169,0.5443786982248521
2171,-0.14181942381870627,19,0.15789473684210525
2172,0.17231153136238006,30,0.43333333333333335
2173,0.32337124059191524,57,0.7017543859649122
2174,0.03460000082239208,56,0.30357142857142855
2175,-0.3992337968728292,22,0.045454545454545456
2176,0.2431340199859085,180,0.6666666666666666
2177,0.20659288796362615,19,0.3684210526315789
2178,0.3067542466922686,160,0.66875
2179,-0.1404397468188177,18,0.1111111111111111
2180,-0.12474510851496111,15,0.26666666666666666
2181,0.2716846839888209,165,0.7212121212121212
2182,0.2577906787985357,122,0.680327868852459
2183,-0.4305022776851334,169,0.13609467455621302
2184,0.07665054309965484,174,0.4367816091954023
2185,0.47010016833506363,96,0.8333333333333334
2186,0.19942925997166686,175,0.5828571428571429
2187,-0.09996388558595924,14,0.2857142857142857
2188,0.08320411715949613,157,0.4267515923566879
2189,0.04639279381781908,18,0.3333333333333333
2190,-0.06498070348349026,66,0.21212121212121213
2191,-0.3487356429053332,169,0.13609467455621302
2192,-0.12029168223727878,18,0.2222222222222222
2193,-0.06734157694384217,56,0.26785714285714285
2194,-0.10905985506687416,23,0.17391304347826086
2195,-0.12413857084030724,151,0.2251655629139073
2196,0.3213522024723764,56,0.6964285714285714
2197,0.13691832904864468,142,0.5
2198,-0.38372670075061016,19,0.05263157894736842
2199,0.011745697672391685,144,0.3680555555555556
2200,-0.30468796529836845,47,0.10638297872340426
2201,0.018225757565904225,159,0.2893081761006289
2202,-0.2536621307315797,27,0.07407407407407407
2203,-0.29634885122592847,23,0.13043478260869565
2204,-0.3203288791765835,17,0.058823529411764705
2205,-0.2374813955064371,169,0.20710059171597633
2206,-0.08549554617497386,65,0.18461538461538463
2207,0.4536908316032139,63,0.8095238095238095
2208,0.2319154290267871,22,0.5454545454545454
2209,-0.03165110559188224,156,0.3076923076923077
2210,-0.048471025265477544,162,0.3395061728395062
2211,0.03928849374314956,155,0.33548387096774196
2212,0.1266109670216929,153,0.5098039215686274
2213,-0.14241361984875162,23,0.30434782608695654
2214,-0.14355803168353243,152,0.27631578947368424
2215,-0.5396773381276686,168,0.08333333333333333
2216,0.3629410925323181,182,0.7582417582417582
2217,0.29162284133075583,156,0.6730769230769231
2218,-0.12146856798607931,22,0.09090909090909091
2219,-0.038555173101805784,28,0.2857142857142857
2220,-0.5554641191538725,152,0.07236842105263158
2221,-0.11102401806703682,13,0.15384615384615385
2222,-0.47316525854168723,171,0.07602339181286549
2223,0.028353900890854013,27,0.14814814814814814
2224,-0.0994334820457377,59,0.2033898305084746
2225,-0.13502586244296472,22,0.09090909090909091
2226,0.4542980756852095,163,0.852760736196319
2227,-0.07481280502411226,13,0.3076923076923077
2228,0.09697475173093592,158,0.4936708860759494
2229,0.0674525137092826,152,0.39473684210526316
2230,-0.3466019005126273,24,0.041666666666666664
2231,0.5116512139651357,163,0.8466257668711656
2232,0.2031645955737498,83,0.5180722891566265
2233,-0.11833302885833438,19,0.15789473684210525
2234,0.01123968437507783,156,0.3333333333333333
2235,-0.08892875141607404,170,0.3411764705882353
2236,0.3319091071207353,159,0.6918238993710691
2237,0.10504520185370245,54,0.4444444444444444
2238,0.20668636700076173,13,0.38461538461538464
2239,-0.06568257871764965,163,0.25766871165644173
2240,0.06559752122023227,23,0.30434782608695654
2241,0.28283127681966924,61,0.639344262295082
2242,-0.09179201085987428,27,0.18518518518518517
2243,-0.5343185744808291,168,0.06547619047619048
2244,-0.03701521012537634,20,0.2
2245,-0.031466419507991776,26,0.15384615384615385
2246,-0.34968329977563717,158,0.08860759493670886
2247,0.12947824574811242,22,0.36363636363636365
2248,-0.1974849286507778,151,0.1986754966887417
2249,-0.16725859100372334,19,0.10526315789473684
2250,-0.157700815964231,158,0.21518987341772153
2251,-0.07727370062379538,151,0.31125827814569534
2252,0.06687935307431235,162,0.42592592592592593
2253,-0.10217334435367331,192,0.296875
2254,-0.2066550204214175,21,0.09523809523809523
2255,-0.04265824000209756,25,0.24
2256,0.04951484774646826,153,0.38562091503267976
2257,0.2553809447468589,67,0.5671641791044776
2258,0.341783540978898,62,0.6935483870967742
2259,-0.004468283406127432,18,0.2222222222222222
2260,-0.23847629604787302,166,0.1746987951807229
2261,-0.2715422238382473,165,0.18787878787878787
2262,-0.13462617501158294,22,0.18181818181818182
2263,-0.18212661403297117,22,0.13636363636363635
2264,-0.07814175829845886,153,0.27450980392156865
2265,-0.15321185734797355,177,0.24293785310734464
2266,-0.12147016181522978,22,0.13636363636363635
2267,-0.00398864878613299,162,0.36419753086419754
2268,-0.12267830061623491,15,0.2
2269,0.35092168667377394,159,0.7547169811320755
2270,-0.05275939160900663,22,0.13636363636363635
2271,0.10281961289807975,147,0.4897959183673469
2272,0.015780204449391638,155,0.36129032258064514
2273,0.17848840938017943,29,0.4482758620689655
2274,0.44671130713150564,163,0.852760736196319
2275,0.0902916625210983,155,0.432258064516129
2276,0.04619967462860304,21,0.19047619047619047
2277,-0.12227577748983996,177,0.24293785310734464
2278,0.3008975293754798,49,0.6122448979591837
2279,-0.10834171875724737,155,0.2645161290322581
2280,-0.26414177257354476,151,0.17218543046357615
2281,0.21164070251301656,101,0.5841584158415841
2282,0.12125935069371475,31,0.3225806451612903
2283,-0.12573428034161083,167,0.23353293413173654
2284,0.1583278638315906,167,0.5568862275449101
2285,0.2946594716132636,62,0.6451612903225806
2286,-0.051176064264443134,21,0.23809523809523808
2287,-0.12015013888159772,172,0.2558139534883721
2288,0.19922045064901694,162,0.6172839506172839
2289,-0.09672616771195595,165,0.3212121212121212
2290,0.12742544857372612,60,0.4
2291,0.08290440418314496,52,0.40384615384615385
2292,0.11413924531597322,167,0.49700598802395207
2293,0.02227703060935679,15,0.3333333333333333
2294,0.3880623363688186,61,0.7377049180327869
2295,-0.0988606776409806,20,0.2
2296,0.08838765757086682,19,0.3684210526315789
2297,-0.04933119638425806,168,0.2916666666666667
2298,0.09101184493566508,160,0.5
2299,-0.5402408679783018,165,0.08484848484848485
2300,0.03866255600947211,146,0.3424657534246575
2301,0.08159820114731942,31,0.3548387096774194
2302,0.12636102026313664,62,0.43548387096774194
2303,-0.32227293844051047,171,0.13450292397660818
2304,-0.21272598028449213,167,0.20958083832335328
2305,-0.1428726577366406,156,0.23076923076923078
2306,0.09586819579713345,175,0.48
2307,-0.33658871497410764,153,0.12418300653594772
2308,-0.08931337925353816,164,0.2865853658536585
2309,-0.09697665736814262,160,0.25625
2310,-0.5767394395633664,160,0.06875
2311,-0.11425095423348453,23,0.21739130434782608
2312,-0.06956736901963072,25,0.12
2313,0.15096537028683155,24,0.3333333333333333
2314,-0.17169537473283483,147,0.17687074829931973
2315,-0.19347250235136748,167,0.20958083832335328
2316,-0.044451160384188726,20,0.25
2317,-0.49153518044864225,158,0.0949367088607595
2318,0.25457897351964215,149,0.6711409395973155
2319,0.12908423311717607,94,0.48936170212765956
2320,-0.1195899900079417,22,0.09090909090909091
2321,0.14660573864953128,23,0.34782608695652173
2322,-0.10135967648538574,13,0.15384615384615385
2323,0.30345411661129856,56,0.6785714285714286
2324,0.055525345082539944,18,0.2777777777777778
2325,0.3035251098081605,64,0.71875
2326,-0.10560074456760722,22,0.18181818181818182
2327,0.19830897270086778,49,0.5510204081632653
2328,-0.13599604882965574,28,0.14285714285714285
2329,-0.024956937451070572,22,0.22727272727272727
2330,0.0123029908485693,23,0.2608695652173913
2331,0.26951204271341034,25,0.56
2332,-0.007494413520361755,178,0.34831460674157305
2333,-0.02309592893275798,21,0.23809523809523808
2334,-0.07378920883461852,159,0.3018867924528302
2335,-0.17027184427316172,21,0.14285714285714285
2336,-0.28719429767186205,159,0.12578616352201258
2337,0.08742653767568054,22,0.2727272727272727
2338,0.06440034020206978,22,0.22727272727272727
2339,-0.27990091819438967,179,0.1340782122905028
2340,-0.1264432124419996,26,0.15384615384615385
2341,-0.12185770437710919,156,0.2564102564102564
2342,-0.08045728756948259,14,0.14285714285714285
2343,0.029265770295417777,21,0.2857142857142857
2344,0.16966622606840687,25,0.48
2345,-0.002390296772090262,22,0.22727272727272727
2346,-0.3382006861832674,145,0.1310344827586207
2347,-0.3745549958056773,162,0.1111111111111111
2348,0.07666201473039613,17,0.4117647058823529
2349,0.057153118901037796,56,0.30357142857142855
2350,0.35065803594489,41,0.6829268292682927
2351,-0.08523343416243341,166,0.28313253012048195
2352,0.42172204999450025,54,0.7407407407407407
2353,0.15872165743182054,176,0.48863636363636365
2354,0.12956705672713514,18,0.3888888888888889
2355,0.021484153347322763,20,0.25
2356,-0.03768261789965828,171,0.3391812865497076
2357,0.04106286851723874,22,0.18181818181818182
2358,-0.2637698832950373,166,0.1686746987951807
2359,-0.006425716277781303,159,0.3270440251572327
2360,0.12274770881257235,175,0.49142857142857144
2361,0.20373082162329326,165,0.6242424242424243
2362,0.05582408364025498,157,0.4267515923566879
2363,0.06937840237458089,55,0.2909090909090909
2364,0.29349726927788383,163,0.7116564417177914
2365,-0.21368625150351644,146,0.1917808219178082
2366,-0.05175656908120994,172,0.3430232558139535
2367,-0.07087284917801027,172,0.29069767441860467
2368,0.2523535502077346,25,0.48
2369,0.3688454050818068,166,0.7650602409638554
2370,-0.02383342515897335,26,0.19230769230769232
2371,-0.36042642643134565,168,0.13095238095238096
2372,-0.1551363195912459,17,0.11764705882352941
2373,0.06019470077853179,22,0.3181818181818182
2374,-0.39934429186114945,148,0.12837837837837837
2375,0.13148690932981605,16,0.3125
2376,0.2140580658005802,50,0.56
2377,0.0726451835063912,59,0.3898305084745763
2378,-0.4502869133413778,177,0.10734463276836158
2379,-0.12351246347783487,172,0.27906976744186046
2380,-0.14538347442523986,24,0.125
2381,0.05724849765652254,28,0.25
2382,0.10197339713171312,32,0.34375
2383,0.3322008989540624,137,0.6788321167883211
2384,-0.02557856701247689,144,0.3472222222222222
2385,-0.10043168512890596,148,0.25
2386,-0.02835081915591699,157,0.3248407643312102
2387,0.0437638870168244,159,0.41509433962264153
2388,0.018036197104531013,16,0.25
2389,0.002240388898399098,163,0.3312883435582822
2390,-0.01197268811076344,24,0.16666666666666666
2391,-0.14051884956574492,29,0.10344827586206896
2392,0.4151085485108289,156,0.75
2393,-0.47400691057095895,142,0.07746478873239436
2394,0.19133665766262958,161,0.5590062111801242
2395,0.09093440061448982,25,0.36
2396,0.11901796613434323,75,0.38666666666666666
2397,0.06382486044478318,18,0.3333333333333333
2398,-0.299883586257971,155,0.14193548387096774
2399,-0.16424680146715342,165,0.21212121212121213
2400,0.22593877620432234,151,0.6158940397350994
2401,0.4398286845179834,63,0.8412698412698413
2402,0.04528901186097783,26,0.34615384615384615
2403,0.41843585214626106,61,0.8032786885245902
2404,0.39923916934087084,59,0.8135593220338984
2405,-0.21248620363446077,30,0.13333333333333333
2406,0.36177495012038274,38,0.7105263157894737
2407,-0.11544593158925757,17,0.11764705882352941
2408,0.18586727125546113,160,0.59375
2409,-0.019628274105686308,17,0.23529411764705882
2410,0.2286458037080586,32,0.5
2411,0.010944171219958538,162,0.35802469135802467
2412,0.12351379204388127,16,0.5
2413,0.4854777069133966,169,0.834319526627219
2414,-0.11261901688735028,156,0.27564102564102566
2415,-0.23056807410763497,26,0.07692307692307693
2416,0.1721254289465226,164,0.5487804878048781
2417,0.2986063982235445,148,0.7364864864864865
2418,0.15317085585754125,28,0.4642857142857143
2419,0.18227378375474915,18,0.3333333333333333
2420,-0.0649654394412312,155,0.33548387096774196
2421,-0.146121681841123,161,0.21739130434782608
2422,0.4746403231084212,50,0.82
2423,-0.19114883987623307,19,0.15789473684210525
2424,0.35414150420522034,24,0.5833333333333334
2425,-0.0011051961672033594,168,0.35119047619047616
2426,-0.37004996923726313,153,0.10457516339869281
2427,0.4216997096617501,61,0.7049180327868853
2428,0.15220844816095094,145,0.47586206896551725
2429,0.21817672310120803,62,0.5645161290322581
2430,-0.00032060262827918624,159,0.34591194968553457
2431,0.3686100026813762,45,0.7333333333333333
2432,-0.058840325501912975,24,0.20833333333333334
2433,0.041372807296174485,18,0.2222222222222222
2434,-0.06458137244206269,180,0.35555555555555557
2435,-0.17559128252773684,160,0.175
2436,-0.040655673962460934,142,0.23943661971830985
2437,0.10891072174539623,18,0.2777777777777778
2438,-0.1133369746937111,165,0.23636363636363636
2439,-0.42046514910482047,172,0.13953488372093023
2440,0.1106035672464866,25,0.36
2441,0.2617319214860762,64,0.53125
2442,-0.3405826861200043,52,0.07692307692307693
2443,-0.051066731940640035,24,0.16666666666666666
2444,-0.26094861126239727,159,0.18238993710691823
2445,0.24905667669570145,77,0.6623376623376623
2446,-0.08196323068874276,17,0.23529411764705882
2447,-0.03681080925243451,155,0.33548387096774196
2448,-0.21210943801686635,24,0.08333333333333333
2449,0.33846223331107167,67,0.7313432835820896
2450,-0.04701283528032352,22,0.18181818181818182
2451,0.12145651569533183,17,0.35294117647058826
2452,0.16792271182543805,25,0.4
2453,0.1025084870950266,61,0.4426229508196721
2454,0.21661107883496858,156,0.6410256410256411
2455,0.005028451383769079,17,0.29411764705882354
2456,0.36360888257881074,46,0.6956521739130435
2457,0.012382032304584848,24,0.25
2458,-0.036133400406568664,23,0.2608695652173913
2459,0.04455527088754827,158,0.37341772151898733
2460,0.2822041266060158,67,0.6268656716417911
2461,0.06956741987668368,27,0.2222222222222222
2462,0.07167434427162403,29,0.3448275862068966
2463,-0.39945908971880484,160,0.11875
2464,-0.2876753787359991,167,0.11377245508982035
2465,0.112956790073984,18,0.2777777777777778
2466,0.019060036329849945,24,0.3333333333333333
2467,-0.2774284344184345,165,0.17575757575757575
2468,-0.1348134519497869,154,0.2662337662337662
2469,0.37188973635421313,145,0.7655172413793103
2470,-0.03043893380761422,156,0.32051282051282054
2471,0.14186428722285932,164,0.5
2472,0.06754588741099969,24,0.25
2473,0.31483772047932096,160,0.6625
2474,-0.12064839330254036,158,0.25949367088607594
2475,0.3144907381653444,50,0.7
2476,-0.18511217432444899,15,0.13333333333333333
2477,0.007098404979121021,16,0.25
2478,0.06550692740529511,166,0.45180722891566266
2479,-0.0012878320296168995,25,0.24
2480,-0.0588079009617488,171,0.2982456140350877
2481,0.0490043303292198,28,0.35714285714285715
2482,0.029500874709277838,157,0.3821656050955414
2483,-0.09586449158763842,172,0.23255813953488372
2484,-0.27844423752945,149,0.16778523489932887
2485,-0.5194150565328549,167,0.08383233532934131
2486,-0.06570512952118701,18,0.2222222222222222
2487,0.07520301868557794,21,0.2857142857142857
2488,-0.022458564141427276,159,0.3081761006289308
2489,-0.15828857592020845,16,0.125
2490,0.3899602928114526,166,0.7650602409638554
2491,0.2899931634183033,52,0.6153846153846154
2492,0.26298406154231707,63,0.5873015873015873
2493,-0.003972651513158945,171,0.36257309941520466
2494,-0.09573485425130618,170,0.2529411764705882
2495,0.2524716745213843,170,0.6764705882352942
2496,0.22281519819595447,20,0.45
2497,0.4843204032607593,59,0.8305084745762712
2498,-0.20557817354112037,20,0.1
2499,-0.14262823098321498,22,0.18181818181818182
2500,0.18821461598873884,165,0.5333333333333333
2501,0.2432921449593127,56,0.5357142857142857
2502,0.08328962265470168,15,0.26666666666666666
2503,0.461918825528553,57,0.8421052631578947
2504,0.34233834770959465,46,0.6739130434782609
2505,0.2130983385225948,60,0.5833333333333334
2506,0.003687659401534045,23,0.34782608695652173
2507,0.10926696501635062,15,0.4
2508,0.11134277408843403,13,0.3076923076923077
2509,-0.271238963432035,169,0.20118343195266272
2510,0.09317945844971227,169,0.4319526627218935
2511,0.009102756235112633,18,0.2777777777777778
2512,-0.000944906106917664,162,0.35802469135802467
2513,0.1438565359327704,68,0.45588235294117646
2514,0.38725833231183204,40,0.75
2515,0.3099937161743458,26,0.5769230769230769
2516,-0.2893556397301405,172,0.13372093023255813
2517,0.2525347068081568,20,0.4
2518,0.021780379348061287,26,0.23076923076923078
2519,0.17962241389105654,44,0.5
2520,0.27024644825606015,54,0.5740740740740741
2521,0.10414643767793334,55,0.36363636363636365
2522,-0.3724910294488535,160,0.09375
2523,-0.17625474652858636,20,0.1
2524,0.3079906080618875,150,0.7133333333333334
2525,0.3488358790285791,56,0.6607142857142857
2526,-0.10657667628296792,167,0.2215568862275449
2527,0.35495631703598507,47,0.723404255319149
2528,0.268726052766957,58,0.5862068965517241
2529,0.07682799865339843,149,0.4161073825503356
2530,0.015089795273508452,20,0.25
2531,0.21657182551998042,21,0.42857142857142855
2532,0.09383176526295102,21,0.38095238095238093
2533,0.06584056525640537,23,0.30434782608695654
2534,0.20785631424901932,162,0.5617283950617284
2535,0.00624413032573366,20,0.3
2536,-0.02500793915984852,34,0.17647058823529413
2537,-0.06325749522851118,166,0.30120481927710846
2538,0.2077480856237505,174,0.603448275862069
2539,0.3161981541872699,70,0.7
2540,0.012815470374660885,160,0.375
2541,0.31310259566269816,29,0.5172413793103449
2542,0.0011010250303943943,16,0.375
2543,0.20118292734637003,48,0.5416666666666666
2544,-0.43915598143351287,162,0.09876543209876543
2545,0.09724066905277291,141,0.48936170212765956
2546,0.3059918932078508,62,0.6290322580645161
2547,-0.3482926743930178,160,0.14375
2548,-0.12761914919920414,28,0.14285714285714285
2549,0.17845842000287587,145,0.5655172413793104
2550,0.1428560858889961,148,0.47297297297297297
2551,-0.023958380458011762,29,0.13793103448275862
2552,-0.03729945081483732,166,0.2469879518072289
2553,0.13546805744911897,19,0.3684210526315789
2554,0.07437331248828949,151,0.423841059602649
2555,-0.03180055228171215,167,0.2215568862275449
2556,0.1210446231224984,184,0.5380434782608695
2557,0.1832917492714527,181,0.5248618784530387
2558,0.17836878139203396,168,0.5833333333333334
2559,0.3406905499683302,157,0.7388535031847133
2560,-0.12572126629650324,153,0.28104575163398693
2561,0.07374483611563243,158,0.4620253164556962
2562,0.07926889683503409,22,0.36363636363636365
2563,0.20483437895669324,121,0.5454545454545454
2564,0.29768555534045543,168,0.6845238095238095
2565,0.10620021940615626,17,0.35294117647058826
2566,0.031277304360738466,171,0.4327485380116959
2567,-0.0552987886705658,17,0.17647058823529413
2568,-0.06514952900267974,64,0.1875
2569,0.059924353990291175,157,0.49044585987261147
2570,-0.3517084085776089,178,0.11797752808988764
2571,0.1045098025522617,17,0.29411764705882354
2572,0.2645687510159864,161,0.6770186335403726
2573,0.030395940962450352,136,0.40441176470588236
2574,0.42953136610070514,21,0.7142857142857143
2575,-0.016368041744198317,162,0.37037037037037035
2576,0.1829528994877552,18,0.3333333333333333
2577,0.07558714727735048,18,0.2222222222222222
2578,0.27024320622634185,54,0.5925925925925926
2579,0.4351769238621647,19,0.6842105263157895
2580,0.16251172029292138,23,0.30434782608695654
2581,0.12601089420034456,22,0.2727272727272727
2582,0.1391867116062999,19,0.47368421052631576
2583,0.056170357333475314,18,0.2222222222222222
2584,-0.24750486615574976,131,0.15267175572519084
2585,0.23709584277509244,162,0.6358024691358025
2586,0.23007941016466696,18,0.5555555555555556
2587,0.10574888359078063,145,0.4827586206896552
2588,0.33395626025201297,37,0.6486486486486487
2589,-0.4674157865925368,156,0.08333333333333333
2590,0.2942374563291347,70,0.7428571428571429
2591,0.35314328589782346,39,0.6923076923076923
2592,-0.2269848838397156,24,0.08333333333333333
2593,0.43476116379224944,178,0.7921348314606742
2594,0.17342116974221972,165,0.509090909090909
2595,-0.17113380098696318,20,0.1
2596,-0.14289236784329384,24,0.16666666666666666
2597,0.21152406656924255,18,0.5555555555555556
2598,-0.5125535387456187,170,0.07647058823529412
2599,-0.07083893954894768,158,0.33544303797468356
2600,0.38090976762193846,38,0.7368421052631579
2601,0.28652882927486073,29,0.5172413793103449
2602,0.012428067843120562,147,0.35374149659863946
2603,0.3271190518789389,21,0.47619047619047616
2604,0.3548161115789611,60,0.7333333333333333
2605,-0.04103351214384502,149,0.2550335570469799
2606,0.26596201479966414,28,0.5
2607,-0.11437410796768047,23,0.17391304347826086
2608,0.26978943384844684,22,0.5454545454545454
2609,0.04624552336086149,149,0.3825503355704698
2610,0.3652346388108188,48,0.7083333333333334
2611,-0.13901081791234043,23,0.17391304347826086
2612,0.10979626928888017,55,0.45454545454545453
2613,-0.05194869307121566,168,0.26785714285714285
2614,-0.04888983989107503,18,0.2777777777777778
2615,0.2658849081891779,152,0.6447368421052632
2616,0.16793465594676946,183,0.5081967213114754
2617,0.17587837315732777,18,0.2222222222222222
2618,0.16232392672033943,19,0.2631578947368421
2619,0.23583122544137602,25,0.52
2620,0.2986187148064249,151,0.7019867549668874
2621,-0.07499418955617818,22,0.18181818181818182
2622,0.6599320045071803,151,0.9006622516556292
2623,0.26875157180855014,75,0.7333333333333333
2624,0.2892277927592208,155,0.6580645161290323
2625,0.033009488673182465,149,0.3825503355704698
2626,0.05704025192043801,25,0.24
2627,0.1954347081866355,165,0.5515151515151515
2628,0.20779527286001273,151,0.6026490066225165
2629,0.24339156158528122,23,0.43478260869565216
2630,-0.12833405684967258,58,0.1724137931034483
2631,-0.1790475401603859,66,0.18181818181818182
2632,-0.08921020343257761,169,0.22485207100591717
2633,0.042344322701633054,22,0.2727272727272727
2634,0.11508175197908654,27,0.37037037037037035
2635,0.19777563841463228,24,0.375
2636,-0.3889458403726344,144,0.11805555555555555
2637,-0.3777044689794535,170,0.10588235294117647
2638,-0.07217068285763838,15,0.2
2639,-0.1080046121422229,17,0.23529411764705882
2640,0.22538723724082282,26,0.3076923076923077
2641,0.47952170479347933,57,0.7543859649122807
2642,-0.035043658116291225,23,0.21739130434782608
2643,-0.18868171747066237,159,0.18867924528301888
2644,-0.054974119106158535,159,0.27044025157232704
2645,-0.06120153127740914,155,0.27741935483870966
2646,0.0693023685614073,162,0.4074074074074074
2647,-0.1874439891389654,180,0.17222222222222222
2648,-0.017497384420905142,152,0.2565789473684211
2649,0.04369446943988665,169,0.31952662721893493
2650,-0.14352488236010433,18,0.1111111111111111
2651,0.3163736219311646,169,0.6923076923076923
2652,0.4467051834912152,43,0.813953488372093
2653,-0.06696338092578234,173,0.2947976878612717
2654,0.3402252388815103,173,0.7398843930635838
2655,-0.017077504656878132,174,0.3333333333333333
2656,-0.09803934475499373,21,0.19047619047619047
2657,-0.05720955005464902,21,0.23809523809523808
2658,0.17416949554985967,19,0.47368421052631576
2659,0.18265160346845402,146,0.6027397260273972
2660,-0.46201326208440324,164,0.09146341463414634
2661,-0.18027801847702127,17,0.11764705882352941
2662,-0.1467295238094836,12,0.16666666666666666
2663,0.048748772810363855,146,0.4315068493150685
2664,0.015485064702456613,145,0.35172413793103446
2665,-0.05939855440476616,153,0.3333333333333333
2666,0.2876689987522206,153,0.6405228758169934
2667,0.05935408454612565,163,0.4539877300613497
2668,0.2310091165225778,92,0.6413043478260869
2669,0.0918784547341067,31,0.25806451612903225
2670,0.2315386619922946,142,0.6408450704225352
2671,-0.17801946871888782,164,0.14634146341463414
2672,0.2836013506701323,167,0.7245508982035929
2673,0.2430398308484711,69,0.6376811594202898
2674,-0.0876968128178738,18,0.16666666666666666
2675,-0.11480700873718663,17,0.17647058823529413
2676,-0.18831410526191147,25,0.08
2677,0.3374020401942804,164,0.7317073170731707
2678,0.02939881269338385,154,0.4025974025974026
2679,0.31958987303876113,136,0.7132352941176471
2680,-0.023884492270480683,25,0.24
2681,-0.12510957083561747,16,0.125
2682,-0.039417169728473575,16,0.25
2683,-0.08709961438117378,22,0.2727272727272727
2684,-0.1042068598017363,164,0.23780487804878048
2685,0.13557650896200385,171,0.5555555555555556
2686,0.15809509083525167,142,0.5352112676056338
2687,0.16114393691603132,144,0.5694444444444444
2688,0.13440519975207432,163,0.5337423312883436
2689,-0.2355861423017577,170,0.19411764705882353
2690,-0.054778041975331745,15,0.26666666666666666
2691,-0.005461867532491978,23,0.17391304347826086
2692,-0.21414309231616643,150,0.18
2693,0.3293192411600139,58,0.7068965517241379
2694,-0.1746385386639359,158,0.18354430379746836
2695,0.25656009402294916,153,0.6274509803921569
2696,-0.23352627787326363,155,0.18064516129032257
2697,0.5142331774831592,53,0.8301886792452831
2698,-0.09834453645233332,181,0.281767955801105
2699,0.25145947992352985,189,0.6772486772486772
2700,-0.42796956480006065,67,0.05970149253731343
2701,-0.03156298878894241,139,0.3597122302158273
2702,0.1610523662796525,17,0.47058823529411764
2703,-0.07419306296082016,147,0.3129251700680272
2704,0.2458317375960646,165,0.6242424242424243
2705,-0.1731114102444554,169,0.20710059171597633
2706,-0.21257055706090605,19,0.10526315789473684
2707,0.29331346693040294,19,0.5789473684210527
2708,-0.16903068195336066,165,0.23636363636363636
2709,-0.008594124361837248,20,0.25
2710,-0.2044062944008518,23,0.13043478260869565
2711,0.23342322348457134,79,0.6329113924050633
2712,-0.4068691339646375,176,0.13068181818181818
2713,-0.0012014408478888538,20,0.3
2714,0.0022120621653513926,27,0.2962962962962963
2715,-0.003020926922563142,25,0.24
2716,-0.31735087741989504,165,0.13333333333333333
2717,0.015085727262747359,156,0.2692307692307692
2718,0.050502123814501046,172,0.42441860465116277
2719,0.12609992971370562,136,0.40441176470588236
2720,0.016520497875822722,162,0.4382716049382716
2721,-0.06815197273238155,15,0.26666666666666666
2722,0.07413972522962707,23,0.2608695652173913
2723,0.3633270855818782,62,0.7580645161290323
2724,0.2874337862131995,76,0.6710526315789473
2725,-0.5046150782331836,171,0.08771929824561403
2726,0.43164329271463237,156,0.8205128205128205
2727,0.3489100979605776,68,0.6764705882352942
2728,-0.10641952854645384,20,0.15
2729,0.19541920398579984,53,0.5094339622641509
2730,-0.019883964769075158,164,0.3719512195121951
2731,-0.02719215385953545,17,0.23529411764705882
2732,0.3366953257398292,35,0.6285714285714286
2733,-0.1436695983592918,21,0.19047619047619047
2734,0.15974940908322807,162,0.5370370370370371
2735,-0.44165116374873276,164,0.09146341463414634
2736,0.19605720235335689,68,0.5
2737,0.36808651087094024,158,0.7911392405063291
2738,-0.395995089664251,172,0.11627906976744186
2739,0.23187375461831666,17,0.47058823529411764
2740,-0.18526876816485902,24,0.08333333333333333
2741,0.15995743259722586,153,0.5098039215686274
2742,0.22091630532733741,52,0.5192307692307693
2743,-0.08813091387654078,23,0.17391304347826086
2744,0.028409543309095613,147,0.3469387755102041
2745,0.4594199734769744,152,0.8552631578947368
2746,0.21439779895178615,69,0.5652173913043478
2747,0.295927392937054,62,0.7096774193548387
2748,0.29262218516632205,150,0.6266666666666667
2749,0.36217426358005805,65,0.7692307692307693
2750,0.016337728035980544,28,0.2857142857142857
2751,-0.24062387254333906,160,0.15
2752,-0.022936153182363674,148,0.20270270270270271
2753,0.4286723516540313,54,0.7777777777777778
2754,0.12931287864150898,169,0.4556213017751479
2755,0.10528980639135536,156,0.47435897435897434
2756,-0.16517425682653547,24,0.125
2757,-0.31070923253422894,165,0.12121212121212122
2758,0.21791454845556707,154,0.6233766233766234
2759,0.06784604730919076,31,0.2903225806451613
2760,0.15504074962689646,53,0.4716981132075472
2761,0.1218646841174201,22,0.36363636363636365
2762,0.3779976449818981,54,0.7592592592592593
2763,-0.15676649213308155,16,0.125
2764,0.4252603258336152,63,0.7619047619047619
2765,-0.05131495976197368,167,0.32335329341317365
2766,0.2832442389958989,54,0.5925925925925926
2767,0.08745892219787504,186,0.4838709677419355
2768,0.28756779200817595,45,0.6444444444444445
2769,0.39258099960137366,55,0.7272727272727273
2770,-0.23147526644881003,165,0.2
2771,-0.046618767414901764,153,0.35294117647058826
2772,-0.05356035500771338,154,0.2987012987012987
2773,0.03421789761065372,23,0.2608695652173913
2774,0.16952687707417508,53,0.5283018867924528
2775,0.3135584747865589,47,0.6170212765957447
2776,0.26619614502085864,50,0.56
2777,0.43634700800616955,63,0.7777777777777778
2778,-0.1461927796435042,175,0.24
2779,0.08765451796516444,22,0.22727272727272727
2780,-0.20594689203183555,20,0.1
2781,0.24140814604589292,24,0.25
2782,0.2728186325445284,159,0.6415094339622641
2783,0.3745914462242941,166,0.7409638554216867
2784,0.16745792426393288,150,0.54
2785,-0.057469275602654954,182,0.34615384615384615
2786,0.04637960220912418,28,0.25
2787,0.10924052323833307,16,0.375
2788,0.18380741174131993,151,0.5562913907284768
2789,-0.33251877883147823,153,0.11764705882352941
2790,-0.04387988586148059,16,0.25
2791,-0.30537975795327676,166,0.13253012048192772
2792,0.3620016575149612,59,0.6779661016949152
2793,0.4108090187833084,63,0.7777777777777778
2794,0.12879745016787125,55,0.38181818181818183
2795,0.33037190360125707,56,0.6607142857142857
2796,0.35842358779436656,157,0.7006369426751592
2797,0.014592551793302492,28,0.17857142857142858
2798,0.0016973618829614254,163,0.37423312883435583
2799,0.24571185854024616,61,0.6065573770491803
2800,0.4472693770598394,38,0.7894736842105263
2801,0.5455395376652324,154,0.8766233766233766
2802,0.3743682344491826,57,0.6842105263157895
2803,0.18006779762064992,32,0.375
2804,0.42949699818569603,45,0.7777777777777778
2805,-0.2847163344109303,166,0.16265060240963855
2806,-0.13066084357981436,184,0.22282608695652173
2807,0.04508095485118729,171,0.3684210526315789
2808,-0.0311669673548796,13,0.23076923076923078
2809,0.3417004337814775,69,0.7246376811594203
2810,0.35754019964061073,167,0.7245508982035929
2811,0.16231499284235612,90,0.5444444444444444
2812,-0.01345564037234706,12,0.25
2813,-0.2050027170396319,160,0.1875
2814,0.2265413856626818,150,0.5333333333333333
2815,-0.07488369368868965,155,0.25161290322580643
2816,-0.02019676460858744,154,0.38311688311688313
2817,0.43877404465354913,54,0.8148148148148148
2818,-0.12713523787730371,27,0.2222222222222222
2819,0.001350081922862904,17,0.23529411764705882
2820,-0.3470508622824018,169,0.10059171597633136
2821,0.07089850958650952,160,0.4875
2822,0.13579883137003151,160,0.48125
2823,0.12003405354576918,177,0.4858757062146893
2824,-0.052621865259195134,12,0.25
2825,0.20509944202199337,38,0.631578947368421
2826,0.15306724337408775,150,0.5666666666666667
2827,0.14771767271106492,68,0.4411764705882353
2828,-0.021554938669037273,15,0.26666666666666666
2829,0.03438774993010532,16,0.375
2830,-0.07924550636186693,26,0.23076923076923078
2831,-0.11422159980635778,31,0.0967741935483871
2832,0.013314553236805953,156,0.38461538461538464
2833,-0.18043880005287954,16,0.125
2834,0.1932854321412622,175,0.5771428571428572
2835,-0.038468540316967906,157,0.3375796178343949
2836,0.20462096260230386,157,0.6305732484076433
2837,0.19101364682388808,182,0.6263736263736264
2838,0.12069413252718901,173,0.48554913294797686
2839,0.2672589895249335,169,0.6331360946745562
2840,-0.09031741678499144,16,0.25
2841,0.033785435344458804,22,0.22727272727272727
2842,0.32982507352494556,47,0.723404255319149
2843,-0.18813563693479263,145,0.1724137931034483
2844,-0.1724201674096075,18,0.1111111111111111
2845,0.17152084557677452,169,0.5325443786982249
2846,0.10511176084174259,130,0.47692307692307695
2847,-0.46137140252767267,167,0.09580838323353294
2848,0.06581856101353593,140,0.42142857142857143
2849,-0.06851874317600694,165,0.2727272727272727
2850,-0.2058033713548797,26,0.07692307692307693
2851,0.04230297290827803,56,0.3392857142857143
2852,-0.09355230837768962,13,0.15384615384615385
2853,0.11665722427110646,25,0.44
2854,0.1721774970330569,25,0.44
2855,-0.08270971185381376,13,0.15384615384615385
2856,0.27359950270946665,24,0.5
2857,0.1335175430318937,19,0.2631578947368421
2858,-0.3779072767122237,160,0.13125
2859,-0.18876093668804886,18,0.1111111111111111
2860,0.3098941349666415,45,0.7111111111111111
2861,-0.2277664068141636,20,0.1
2862,0.19046498446281648,162,0.5925925925925926
2863,0.10658566628359732,47,0.44680851063829785
2864,0.11134589147696851,157,0.40764331210191085
2865,-0.11473096029882443,14,0.14285714285714285
2866,0.1725593993386346,139,0.5539568345323741
2867,-0.11453775399193786,159,0.24528301886792453
2868,-0.22450603361559973,23,0.08695652173913043
2869,0.17960525948988879,172,0.5523255813953488
2870,0.15495384233853382,23,0.30434782608695654
2871,-0.23355190534696954,28,0.07142857142857142
2872,-0.09505660435360734,14,0.14285714285714285
2873,-0.20832105137318851,165,0.20606060606060606
2874,0.22092817278196053,76,0.6447368421052632
2875,0.025722388852140895,153,0.28104575163398693
2876,-0.09207432978036308,149,0.2684563758389262
2877,-0.1149158006058425,89,0.23595505617977527
2878,0.03265037429436991,144,0.3472222222222222
2879,0.3957251115552646,56,0.75
2880,0.07585652930589845,16,0.25
2881,-0.0481270665384726,157,0.3503184713375796
2882,0.20824926991499448,71,0.5492957746478874
2883,0.3396279038998761,50,0.7
2884,0.2731676562227994,26,0.46153846153846156
2885,-0.20113782356831736,24,0.08333333333333333
2886,-0.011588056479115757,158,0.3987341772151899
2887,-0.16278525009975692,50,0.12
2888,-0.05314422681603482,20,0.2
2889,-0.1401883769463669,16,0.125
2890,0.4688020105481365,48,0.8125
2891,-0.07116339993656311,173,0.28901734104046245
2892,0.0746922729375146,17,0.23529411764705882
2893,0.3404651418605055,50,0.68
2894,0.363221955843525,165,0.7090909090909091
2895,-0.09577523040586751,28,0.21428571428571427
2896,-0.31764171043464184,172,0.11627906976744186
2897,-0.06312279094077526,22,0.18181818181818182
2898,-0.14281218850521094,25,0.12
2899,0.07345229677585152,179,0.329608938547486
2900,0.0021132614062284965,51,0.29411764705882354
2901,0.16100992779016562,22,0.2727272727272727
2902,0.15460986530448756,155,0.5741935483870968
2903,-0.0010680537872860842,72,0.25
2904,-0.4749581613081894,169,0.08284023668639054
2905,-0.1403867545915766,17,0.11764705882352941
2906,-0.32005902797188757,160,0.14375
2907,0.3025287474104244,168,0.7380952380952381
2908,0.0943954220839657,24,0.20833333333333334
2909,0.3799806967031591,144,0.7777777777777778
2910,-0.12974999966863768,158,0.2468354430379747
2911,0.14826000788498736,19,0.42105263157894735
2912,0.14189565038177263,170,0.5176470588235295
2913,-0.17800057551786044,166,0.21084337349397592
2914,0.5378875308550466,147,0.8503401360544217
2915,0.09185626449188283,150,0.44
2916,0.18300586727964377,34,0.4411764705882353
2917,-0.010325349227602754,23,0.30434782608695654
2918,0.4774831201814184,44,0.8181818181818182
2919,0.3396382627690506,76,0.7105263157894737
2920,0.4360226006840392,160,0.81875
2921,-0.20073388103580755,26,0.07692307692307693
2922,0.2540050524199223,35,0.5714285714285714
2923,-0.029238263859878405,23,0.17391304347826086
2924,0.26493115541944867,156,0.7051282051282052
2925,0.2659519438056376,52,0.5961538461538461
2926,0.39724914410088163,48,0.75
2927,0.05776283503886543,21,0.38095238095238093
2928,0.25654084362337437,50,0.54
2929,0.3286650017360943,46,0.5869565217391305
2930,-0.14211550289016656,17,0.11764705882352941
2931,0.41822456024688714,174,0.7931034482758621
2932,0.10883923213822182,18,0.3333333333333333
2933,0.16344620588506575,160,0.51875
2934,0.42091936724050133,176,0.7784090909090909
2935,0.23063125433426004,62,0.5806451612903226
2936,0.32595262496890576,63,0.6984126984126984
2937,0.11660835369178908,162,0.5185185185185185
2938,-0.21930730389876812,174,0.16666666666666666
2939,-0.2878967387891072,167,0.17964071856287425
2940,0.1677588597681341,160,0.56875
2941,-0.04357997249979847,21,0.19047619047619047
2942,0.0031817094775658293,147,0.3673469387755102
2943,0.5063898135933363,63,0.873015873015873
2944,-0.21952569025839525,22,0.09090909090909091
2945,-0.17792379455520074,25,0.16
2946,-0.15736404404853693,69,0.14492753623188406
2947,-0.21074533529601408,20,0.1
2948,-0.17325856161055686,156,0.1987179487179487
2949,-0.24460837767246427,160,0.16875
2950,-0.015865779527215917,156,0.26282051282051283
2951,-0.20246175444701425,181,0.23204419889502761
2952,-0.024750445023373778,168,0.3333333333333333
2953,0.026177956439156262,18,0.16666666666666666
2954,0.1399532827639495,63,0.4126984126984127
2955,0.014412577483466856,156,0.36538461538461536
2956,-0.0018102438794032922,13,0.3076923076923077
2957,0.15820662429670806,71,0.5492957746478874
2958,-0.27220115804096384,155,0.17419354838709677
2959,0.050096290209163036,152,0.4276315789473684
2960,0.44775977141781104,66,0.7575757575757576
2961,0.008376079525374091,21,0.19047619047619047
2962,-0.06496325242897756,19,0.21052631578947367
2963,0.3969778265710912,59,0.7627118644067796
2964,-0.12147919744789029,17,0.11764705882352941
2965,-0.1835808454364853,22,0.09090909090909091
2966,0.17660020841770963,165,0.5333333333333333
2967,0.42237714311238106,54,0.7962962962962963
2968,-0.11987246367767207,145,0.2620689655172414
2969,0.17372523490162056,55,0.45454545454545453
2970,-0.13957034419309602,55,0.14545454545454545
2971,0.08522017525764163,165,0.4303030303030303
2972,0.04975898676290776,11,0.2727272727272727
2973,0.12308177021416966,19,0.2631578947368421
2974,0.2075933084234475,175,0.5085714285714286
2975,0.011552518592839248,11,0.2727272727272727
2976,0.24306588439469126,68,0.6470588235294118
2977,-0.3283643086650021,163,0.13496932515337423
2978,-0.07029971511087406,12,0.16666666666666666
2979,0.21841118408427185,179,0.6145251396648045
2980,0.3235756158602409,53,0.6415094339622641
2981,0.08217416253156597,10,0.4
2982,-0.20356822393824842,21,0.09523809523809523
2983,0.1578185362815104,25,0.44
2984,0.035064566501948086,165,0.4303030303030303
2985,-0.07205904167873675,21,0.19047619047619047
2986,0.38754219690798325,52,0.7884615384615384
2987,-0.06906470198408772,155,0.3032258064516129
2988,-0.4602117150549026,152,0.09868421052631579
2989,0.00838667049384197,171,0.3742690058479532
2990,-0.3156999297488601,170,0.12352941176470589
2991,0.07563874355657768,163,0.43558282208588955
2992,0.20005128565059216,142,0.6267605633802817
2993,0.15203429544801095,151,0.543046357615894
2994,-0.11413901794606793,18,0.1111111111111111
2995,0.4788690386012651,156,0.8461538461538461
2996,-0.1545221258206145,172,0.22093023255813954
2997,0.32700397821494265,64,0.71875
2998,0.09749648877644386,58,0.3620689655172414
2999,0.25123133246626667,48,0.5833333333333334
3000,-0.17764816887428586,156,0.23076923076923078
3001,-0.38558852542511196,165,0.10303030303030303
3002,0.027938404382086522,22,0.22727272727272727
3003,-0.018151351335431155,57,0.2631578947368421
3004,0.3322452768811453,40,0.675
3005,0.3705498134578443,17,0.5294117647058824
3006,-0.1653452692503765,172,0.23255813953488372
3007,0.2959396380503109,157,0.6624203821656051
3008,0.547684168503803,64,0.828125
3009,0.06119996893019972,15,0.26666666666666666
3010,-0.030021864381872796,156,0.28846153846153844
3011,0.042103781093437084,158,0.3227848101265823
3012,0.11469314349142957,18,0.2777777777777778
3013,-0.1827704482611783,20,0.1
3014,-0.13170833494677997,18,0.16666666666666666
3015,-0.06788449718465277,27,0.18518518518518517
3016,-0.30224736595214324,161,0.13043478260869565
3017,0.1078996865817567,165,0.49696969696969695
3018,-0.025867550363138734,168,0.35714285714285715
3019,-0.17511885349206696,20,0.15
3020,-0.011712150425088335,20,0.2
3021,-0.062382273457337586,17,0.23529411764705882
3022,-0.0792572527404376,13,0.15384615384615385
3023,0.16586767010317208,26,0.34615384615384615
3024,0.013391335862840926,18,0.3333333333333333
3025,-0.33524389362303825,174,0.13793103448275862
3026,-0.06626844037994652,49,0.20408163265306123
3027,-0.04662117762036033,159,0.34591194968553457
3028,0.45759221070513106,21,0.6666666666666666
3029,0.10079204227155181,23,0.30434782608695654
3030,-0.1024818107421154,177,0.3163841807909605
3031,0.3641618441820556,22,0.5454545454545454
3032,-0.0987422517436443,62,0.16129032258064516
3033,0.07052264475189673,161,0.4161490683229814
3034,-0.17369644589377697,57,0.10526315789473684
3035,-0.2871734093595231,173,0.15606936416184972
3036,0.09373915813029375,182,0.3956043956043956
3037,-0.1745055190733505,19,0.10526315789473684
3038,0.045342200401581004,144,0.375
3039,-0.1647259285606368,153,0.23529411764705882
3040,0.20292352003323727,57,0.5789473684210527
3041,-0.10955938529979495,176,0.24431818181818182
3042,-0.14609559180049353,173,0.20809248554913296
3043,0.27296963416805603,173,0.7052023121387283
3044,0.18095035550523275,21,0.42857142857142855
3045,-0.13790756558114992,24,0.20833333333333334
3046,0.3337702784499305,61,0.6885245901639344
3047,0.10999645985645096,26,0.38461538461538464
3048,0.23613219598867605,50,0.54
3049,-0.015254336104914551,155,0.3419354838709677
3050,-0.02512341394316826,16,0.25
3051,0.1269430031588275,152,0.4934210526315789
3052,-0.15509663847345803,53,0.18867924528301888
3053,-0.16076205333825327,150,0.19333333333333333
3054,0.0722824233143786,115,0.45217391304347826
3055,-0.020367640108231846,178,0.34831460674157305
3056,0.3671726233484755,40,0.725
3057,0.0999926015576489,29,0.27586206896551724
3058,-0.1629956175968456,151,0.23841059602649006
3059,-0.2144709516890145,157,0.16560509554140126
3060,0.007714341845465687,27,0.25925925925925924
3061,0.3430662908209053,166,0.7349397590361446
3062,-0.010826502049049943,26,0.19230769230769232
3063,-0.2035856260302524,28,0.07142857142857142
3064,0.25625426992794625,56,0.5178571428571429
3065,-0.1532643897361213,20,0.1
3066,0.23269564439013002,18,0.3333333333333333
3067,-0.11818577163433656,21,0.19047619047619047
3068,-0.2350870814807743,183,0.18032786885245902
3069,0.2232311030828843,147,0.6258503401360545
3070,0.06379537083253027,28,0.32142857142857145
3071,0.19426987090678702,25,0.36
3072,0.12459894993183324,178,0.47752808988764045
3073,0.10487401362281268,27,0.4074074074074074
3074,-0.364146983185185,156,0.10897435897435898
3075,0.275072957417784,158,0.6962025316455697
3076,0.15351714020422647,179,0.46368715083798884
3077,-0.08107669040815597,152,0.32894736842105265
3078,-0.1488365753425546,162,0.2222222222222222
3079,0.23710403057814758,20,0.4
3080,-0.15319864975713915,68,0.16176470588235295
3081,0.29233669523623446,64,0.609375
3082,-0.023910221910025734,17,0.29411764705882354
3083,0.024848029016112595,77,0.3116883116883117
3084,0.1570143560017177,26,0.38461538461538464
3085,0.05527418012917261,26,0.23076923076923078
3086,0.1455734745555216,56,0.44642857142857145
3087,0.020936012117765607,22,0.2727272727272727
3088,0.19098522831279938,21,0.23809523809523808
3089,-0.09466576332783494,29,0.10344827586206896
3090,0.12219579654040161,26,0.38461538461538464
3091,0.20138399090178452,67,0.47761194029850745
3092,-0.009270911353329575,22,0.22727272727272727
3093,0.22600071869380886,14,0.5
3094,-0.0901477081080678,29,0.1724137931034483
3095,0.17217328285763078,26,0.3076923076923077
3096,0.33246413097545846,23,0.6086956521739131
3097,0.04527558616809837,16,0.25
3098,0.3786836451288005,24,0.625
3099,0.38210163980596934,19,0.5263157894736842
3100,0.13895980696966678,62,0.43548387096774194
3101,0.11311916235766646,19,0.3157894736842105
3102,-0.023880993623196605,24,0.20833333333333334
3103,0.061054639425439615,20,0.3
3104,0.27238308261181465,17,0.5294117647058824
3105,-0.08701178162793806,27,0.14814814814814814
3106,0.08225149887627894,20,0.35
3107,-0.03852521419271067,15,0.2
3108,-0.05526132285860786,20,0.15
3109,0.1500462692532718,25,0.4
3110,0.17756772695517636,18,0.5
3111,0.009454720233459578,26,0.23076923076923078
3112,0.11595638334641038,25,0.32
3113,-0.047886000965352886,23,0.17391304347826086
3114,-0.02188434752592551,21,0.14285714285714285
3115,0.2836519946458683,25,0.36
3116,-0.045212195322763875,17,0.17647058823529413
3117,-0.04454549222428797,31,0.22580645161290322
3118,0.2195104712618524,18,0.3888888888888889
3119,0.2756006035994088,16,0.5
3120,-0.06800023077976776,26,0.15384615384615385
3121,0.08964499874326783,23,0.34782608695652173
3122,0.20262106036931923,65,0.5538461538461539
3123,0.09465155322519783,16,0.25
3124,0.012121453798374298,59,0.3050847457627119
3125,0.23166745831806737,35,0.37142857142857144
3126,0.42616230081938583,25,0.64
3127,0.0407748091422575,21,0.23809523809523808
3128,0.05076747869236976,70,0.35714285714285715
3129,0.26927886999486494,18,0.3333333333333333
3130,0.4198721192557498,61,0.7213114754098361
3131,0.2874825093884862,35,0.5714285714285714
3132,0.08131116200388591,19,0.2631578947368421
3133,0.006258794272596453,24,0.20833333333333334
3134,0.004339019724847471,21,0.23809523809523808
3135,-0.0641559377228639,21,0.14285714285714285
3136,0.1442215993811175,25,0.44
3137,0.009344978692552929,16,0.1875
3138,0.15414487688622822,29,0.3793103448275862
3139,0.09510053866383474,23,0.30434782608695654
3140,-0.007744487345971704,23,0.21739130434782608
3141,0.35138060206436006,30,0.6333333333333333
3142,0.1527014343219809,64,0.5
3143,0.1978947926410799,20,0.4
3144,-0.22789270080937404,63,0.09523809523809523
3145,0.06554687587832199,23,0.21739130434782608
3146,0.08408247289872672,28,0.25
3147,0.22002836923946958,19,0.3684210526315789
3148,0.1476937366565242,23,0.391304347826087
3149,0.35674171789371667,22,0.45454545454545453
3150,-0.10572457616862369,30,0.13333333333333333
3151,-0.03853903257239833,24,0.20833333333333334
3152,0.21194750404819218,19,0.3684210526315789
3153,0.018959584418606307,23,0.2608695652173913
3154,0.2144890682170044,17,0.4117647058823529
3155,0.11181763531089792,27,0.3333333333333333
3156,0.11991015369086833,25,0.28
3157,0.29830024070174577,56,0.625
3158,0.13251663921179116,21,0.2857142857142857
3159,0.11578561438151563,18,0.3333333333333333
3160,0.26531433428675216,16,0.5625
3161,-0.030099591934563828,24,0.16666666666666666
3162,0.27779184111077704,21,0.5238095238095238
3163,-0.058319725605985084,18,0.16666666666666666
3164,-0.06781556654251884,51,0.23529411764705882
3165,0.22348770331151624,16,0.4375
3166,0.4335496307716836,65,0.8153846153846154
3167,0.21447596674305275,21,0.38095238095238093
3168,-0.007267406293318349,18,0.16666666666666666
3169,0.18765185368464277,28,0.39285714285714285
3170,0.004650653427254229,71,0.28169014084507044
3171,0.14605416023180984,15,0.4
3172,0.2574620055432221,24,0.4166666666666667
3173,0.27052018290351104,26,0.46153846153846156
3174,-0.04800076930567011,60,0.25
3175,0.24472756574789645,23,0.4782608695652174
3176,0.18221782444742007,29,0.3448275862068966
3177,0.05066796029079064,29,0.20689655172413793
3178,0.10669508180386696,15,0.3333333333333333
3179,0.21992382081261,19,0.47368421052631576
3180,0.0554000840443563,17,0.23529411764705882
3181,0.030263674380678805,22,0.22727272727272727
3182,-0.2612797515288821,65,0.12307692307692308
3183,-0.18045616284037405,33,0.09090909090909091
3184,0.012122087575974144,24,0.25
3185,0.33519192001871223,20,0.55
3186,0.24217033337973573,22,0.36363636363636365
3187,0.30061236761273347,23,0.43478260869565216
3188,0.33671729221341573,65,0.7384615384615385
3189,0.3215403430253137,20,0.55
3190,0.3001984130053688,17,0.47058823529411764
3191,0.21115966394859864,30,0.5333333333333333
3192,0.1434241156888024,20,0.3
3193,-0.010516789653314741,29,0.2413793103448276
3194,-0.2614979752303283,86,0.06976744186046512
3195,0.08956440017271383,19,0.3684210526315789
3196,0.1819132630727814,66,0.5151515151515151
3197,0.07949510452044713,20,0.3
3198,0.4026079883303424,23,0.6521739130434783
3199,0.3102002991202859,16,0.625
3200,0.1923421143372078,15,0.4
3201,-0.10315352226107871,45,0.17777777777777778
3202,0.14521998682223977,23,0.391304347826087
3203,0.30023255471969534,23,0.391304347826087
3204,-0.06536517576048682,31,0.16129032258064516
3205,0.261914078177538,25,0.44
3206,0.08026145051041067,32,0.28125
3207,0.37552682502482254,27,0.5555555555555556
3208,0.15763016420588574,18,0.3888888888888889
3209,0.19970878048461588,26,0.4230769230769231
3210,-0.009301826352446913,23,0.21739130434782608
3211,-0.06457662294935948,27,0.18518518518518517
3212,0.16884266097754275,23,0.34782608695652173
3213,0.1138664546987018,18,0.2777777777777778
3214,-0.021004194299280455,21,0.23809523809523808
3215,-0.08821114981962538,20,0.2
3216,0.09216751784723873,29,0.2413793103448276
3217,0.15139122036590977,28,0.39285714285714285
3218,0.42302806573055435,25,0.68
3219,0.250906554221684,69,0.5942028985507246
3220,0.10812077289848589,28,0.39285714285714285
3221,0.17330579289789974,25,0.36
3222,0.12541829750253694,21,0.42857142857142855
3223,0.05976773900412351,22,0.3181818181818182
3224,0.23025805734111957,22,0.45454545454545453
3225,-0.04267660043516961,16,0.1875
3226,0.29051905445729714,23,0.5652173913043478
3227,-0.038659121945080754,16,0.1875
3228,0.12791245396076556,24,0.3333333333333333
3229,0.37185370121515354,19,0.5789473684210527
3230,0.2696614115753607,23,0.4782608695652174
3231,0.11367818342524584,17,0.35294117647058826
3232,0.21886883467033405,21,0.3333333333333333
3233,0.3222080758850324,23,0.5217391304347826
3234,0.10499535300992974,23,0.34782608695652173
3235,0.20631362636546613,22,0.45454545454545453
3236,0.1846781625105662,31,0.3548387096774194
3237,0.28540674485834516,20,0.6
3238,0.13109769326921838,24,0.375
3239,-0.10991241565596291,27,0.14814814814814814
3240,0.06121111631180513,71,0.36619718309859156
3241,0.17246793222988505,20,0.45
3242,0.29629492809329866,21,0.42857142857142855
3243,0.4454687274823352,65,0.8
3244,0.09503154453737074,26,0.3076923076923077
3245,0.25328856769044,20,0.6
3246,-0.08773933150494294,28,0.2857142857142857
3247,0.16021420956737512,21,0.3333333333333333
3248,0.012435724756344819,22,0.2727272727272727
3249,-0.04856611943150518,23,0.21739130434782608
3250,0.09776967794581076,24,0.3333333333333333
3251,0.11879400238746617,31,0.2903225806451613
3252,-0.08752185520178411,20,0.15
3253,0.26406814952166463,26,0.46153846153846156
3254,0.2468140354091796,34,0.4411764705882353
3255,0.29009643590735923,27,0.5185185185185185
3256,0.24510536738348707,20,0.55
3257,0.301973506217382,23,0.4782608695652174
3258,0.056046582683456685,61,0.32786885245901637
3259,0.08291801574571998,62,0.2903225806451613
3260,0.06482405376045043,22,0.22727272727272727
3261,0.3598806242882246,30,0.5333333333333333
3262,0.1607321846530871,17,0.29411764705882354
3263,0.020622949298105757,21,0.23809523809523808
3264,0.16048488986327017,72,0.4861111111111111
3265,0.260405983332888,32,0.5
3266,0.45384486974591853,21,0.6666666666666666
3267,-0.015460207047436692,59,0.3050847457627119
3268,-0.11564170130616046,27,0.1111111111111111
3269,0.1538914471769678,26,0.34615384615384615
3270,0.012447352783421134,25,0.24
3271,-0.074061600369797,24,0.20833333333333334
3272,0.338261011024656,57,0.7017543859649122
3273,0.3892504923639037,15,0.6666666666666666
3274,0.09261348038289227,21,0.2857142857142857
3275,0.3278318428311953,53,0.7169811320754716
3276,-0.24681584719022887,59,0.1016949152542373
3277,0.11893117921710056,21,0.3333333333333333
3278,0.03604182719572608,22,0.22727272727272727
3279,0.02882027718443196,23,0.21739130434782608
3280,-0.011739033295955206,23,0.2608695652173913
3281,0.022197398197288838,23,0.21739130434782608
3282,-0.02032920247838048,28,0.21428571428571427
3283,0.05123102707508592,18,0.2777777777777778
3284,0.13293950271347982,24,0.3333333333333333
3285,0.33187760187834914,27,0.5555555555555556
3286,0.07677333003125755,13,0.3076923076923077
3287,-0.0001023040023429223,22,0.3181818181818182
3288,0.16933793730441157,26,0.38461538461538464
3289,0.438284601288961,26,0.6923076923076923
3290,0.13739112031559764,19,0.3684210526315789
3291,-0.029456058466652578,24,0.20833333333333334
3292,-0.022355182304953175,21,0.23809523809523808
3293,0.17994258125166557,17,0.4117647058823529
3294,0.09028952189449574,18,0.2777777777777778
3295,0.07126357189927841,14,0.2857142857142857
3296,0.23819871613898005,22,0.45454545454545453
3297,-0.10143229302997092,30,0.16666666666666666
3298,0.11581034748779664,16,0.375
3299,0.10620899701449758,17,0.35294117647058826
3300,0.4425079293173985,24,0.6666666666666666
3301,0.029129263516013523,24,0.25
3302,0.19029163320399103,19,0.47368421052631576
3303,-0.1110149134089218,21,0.14285714285714285
3304,-0.16136581404104264,65,0.16923076923076924
3305,-0.09738181993592879,27,0.18518518518518517
3306,0.057367549586095246,25,0.28
3307,0.38232273163501673,23,0.6086956521739131
3308,0.1920359125793058,27,0.25925925925925924
3309,0.15419291026343804,23,0.4782608695652174
3310,-0.013335647495981172,19,0.2631578947368421
3311,-0.029531594372556175,23,0.21739130434782608
3312,0.04633999602442895,17,0.29411764705882354
3313,-0.030750511146036066,23,0.21739130434782608
3314,-0.08021885223524035,21,0.14285714285714285
3315,0.31757829316845443,20,0.65
3316,0.47191155628729986,56,0.8214285714285714
3317,0.06956239532061113,27,0.25925925925925924
3318,0.32706865473088953,19,0.47368421052631576
3319,0.1408822167523979,17,0.35294117647058826
3320,0.06808984279560111,22,0.2727272727272727
3321,-0.059992194492751075,28,0.14285714285714285
3322,0.11255705147662039,14,0.35714285714285715
3323,-0.09245930958389337,21,0.14285714285714285
3324,0.152942630293789,21,0.3333333333333333
3325,0.41098869547327155,23,0.6521739130434783
3326,0.23934982003239413,58,0.5862068965517241
3327,-0.007210843760090063,20,0.25
3328,-0.02048621928843336,23,0.21739130434782608
3329,0.1996763437580005,25,0.56
3330,0.04180286632112518,26,0.2692307692307692
3331,0.19760985112363688,21,0.38095238095238093
3332,0.32744673881645664,26,0.38461538461538464
3333,0.07797400729683891,27,0.18518518518518517
3334,0.48195208409148976,19,0.6842105263157895
3335,0.25089187234328975,27,0.4074074074074074
3336,0.24208181099972323,28,0.42857142857142855
3337,0.05926056762205101,20,0.35
3338,0.0031031444873829608,25,0.2
3339,0.46298104212138,73,0.7945205479452054
3340,-0.0632648508803708,19,0.15789473684210525
3341,0.30288890542557306,20,0.55
3342,0.07713893062020832,23,0.30434782608695654
3343,0.05736148282940939,19,0.3157894736842105
3344,0.44380778610491617,20,0.65
3345,-0.28497461586480116,55,0.05454545454545454
3346,0.044332334556554394,12,0.25
3347,0.10436632617498907,23,0.391304347826087
3348,0.41060686224336834,25,0.6
3349,-0.21755220395316405,73,0.0958904109589041
3350,0.2843443787681967,28,0.4642857142857143
3351,0.03448664259892011,21,0.2857142857142857
3352,-0.06516619174710829,20,0.15
3353,0.0021805644045775566,19,0.21052631578947367
3354,0.011779425991711575,61,0.32786885245901637
3355,0.38032630263823963,18,0.6111111111111112
3356,0.2876009432820385,35,0.5142857142857142
3357,0.12379843188101691,20,0.3
3358,0.21599005933031154,15,0.4
3359,0.34393728067085083,18,0.5555555555555556
3360,0.21629989124632643,25,0.48
3361,0.155002429486603,22,0.36363636363636365
3362,0.16887668946745468,15,0.4
3363,0.26277952948722816,19,0.47368421052631576
3364,-0.06922457485744038,22,0.18181818181818182
3365,0.2113114459674263,28,0.32142857142857145
3366,0.10378169829715865,15,0.26666666666666666
3367,0.012771930693389664,26,0.19230769230769232
3368,0.15843474466793978,24,0.3333333333333333
3369,0.16661805583968564,19,0.3684210526315789
3370,0.366628876130356,23,0.5217391304347826
3371,0.10377444420628522,29,0.3793103448275862
3372,0.16306259944987175,22,0.45454545454545453
3373,0.2810051293996183,58,0.6379310344827587
3374,0.13312665546435287,32,0.375
3375,0.2862807947203745,57,0.631578947368421
3376,0.03194470307719229,16,0.25
3377,0.42946257345756195,68,0.7941176470588235
3378,-0.04461144909290496,21,0.14285714285714285
3379,0.01754057473553207,25,0.24
3380,0.538548138538734,65,0.8923076923076924
3381,0.4891503034706333,25,0.76
3382,0.04590618912175805,27,0.2222222222222222
3383,0.052369186485915396,25,0.24
3384,0.031352666439461815,19,0.21052631578947367
3385,0.4704065955280104,23,0.6956521739130435
3386,0.4837064322536569,20,0.7
3387,0.3623078359829772,36,0.5833333333333334
3388,0.10906113759670429,24,0.3333333333333333
3389,0.21413231110718922,24,0.4166666666666667
3390,0.0019348572516836343,38,0.18421052631578946
3391,0.06816012580564133,23,0.30434782608695654
3392,0.24710505064123817,25,0.4
3393,0.14394114164829178,21,0.3333333333333333
3394,0.2524187544784021,28,0.4642857142857143
3395,0.38996606983313997,34,0.5882352941176471
3396,0.23533183418501694,25,0.4
3397,0.4759498347925109,21,0.7142857142857143
3398,0.09970469517078001,24,0.3333333333333333
3399,-0.8915405169299134,7,0.0
3400,0.24631889562217457,20,0.45
3401,0.08319191734083521,18,0.2777777777777778
3402,0.12024076280680313,19,0.42105263157894735
3403,0.33438623361597786,30,0.5333333333333333
3404,0.10082597797308936,28,0.2857142857142857
3405,0.07273383477689778,22,0.22727272727272727
3406,-0.02601314422877491,22,0.18181818181818182
3407,0.0737461836962266,19,0.2631578947368421
3408,0.12356093020999348,29,0.2413793103448276
3409,0.0379514687819055,14,0.21428571428571427
3410,-0.12061022312383067,54,0.2037037037037037
3411,0.15308401240872033,23,0.34782608695652173
3412,-0.021947484173676927,27,0.2222222222222222
3413,0.05414193689071185,23,0.21739130434782608
3414,-0.08429227455135586,68,0.23529411764705882
3415,0.3523078313978368,29,0.4827586206896552
3416,-0.001271775814644957,16,0.1875
3417,0.45551967905071733,64,0.8125
3418,0.1933582587809573,22,0.5
3419,0.035942663078525706,20,0.2
3420,-0.03361023047381394,20,0.2
3421,0.18964310596293868,18,0.4444444444444444
3422,-0.06748669403278384,23,0.13043478260869565
3423,0.20251857566692086,21,0.42857142857142855
3424,0.12111378896499034,20,0.35
3425,0.13455162178293822,22,0.3181818181818182
3426,0.11255597317364756,18,0.3333333333333333
3427,0.47901476350358774,59,0.847457627118644
3428,-0.1505330942394305,75,0.22666666666666666
3429,0.37482109500957306,16,0.6875
3430,0.07394039868409956,24,0.25
3431,0.25827523247311873,35,0.42857142857142855
3432,0.2236283166199978,23,0.5217391304347826
3433,0.16494466121512777,19,0.42105263157894735
3434,0.09714215116202939,19,0.3157894736842105
3435,0.07438446737632004,20,0.25
3436,0.06455275935638222,56,0.35714285714285715
3437,0.004875468282233644,27,0.18518518518518517
3438,0.29592594060105576,23,0.5217391304347826
3439,0.029348554838269605,28,0.25
3440,0.34920010911062016,31,0.6129032258064516
3441,0.09104623120756862,27,0.3333333333333333
3442,0.14733391660238104,26,0.38461538461538464
3443,0.15014877333982463,21,0.3333333333333333
3444,0.20303222440346017,27,0.2962962962962963
3445,0.10850603823803957,25,0.32
3446,0.0604899552600701,17,0.35294117647058826
3447,0.1447379514586235,55,0.4
3448,0.3175521841896223,21,0.5714285714285714
3449,0.27406349325458496,26,0.5
3450,0.1731292058140603,21,0.38095238095238093
3451,0.334013920296565,33,0.42424242424242425
3452,0.13001565052312286,50,0.48
3453,0.42679991086083896,20,0.7
3454,0.07760582290863124,17,0.29411764705882354
3455,0.21918898032218542,23,0.391304347826087
3456,-0.09314227044585831,22,0.13636363636363635
3457,0.39547403354948296,22,0.6818181818181818
3458,-0.17859437951900017,73,0.1232876712328767
3459,0.29331296196508405,74,0.6216216216216216
3460,0.2457738859501981,24,0.4166666666666667
3461,0.1637934821528089,24,0.2916666666666667
3462,0.5575799137672448,21,0.7142857142857143
3463,0.07652198121940676,20,0.3
3464,0.22409276294082392,19,0.47368421052631576
3465,-0.009520735594992783,20,0.25
3466,0.38577310733015346,33,0.6363636363636364
3467,0.17695201573469857,19,0.42105263157894735
3468,-0.00040965418949064753,16,0.3125
3469,0.48931097299878046,64,0.84375
3470,0.07814743430641302,19,0.2631578947368421
3471,0.08089679107417783,14,0.35714285714285715
3472,0.21836584268405196,31,0.3548387096774194
3473,0.3619285175559745,17,0.5882352941176471
3474,0.2685925755340451,24,0.375
3475,-0.011451219397971944,22,0.18181818181818182
3476,0.256786795064522,30,0.5333333333333333
3477,0.19705675149908874,23,0.43478260869565216
3478,0.1513171813161271,27,0.37037037037037035
3479,0.34096938822653117,23,0.6086956521739131
3480,0.2787182518334624,22,0.45454545454545453
3481,0.2247457624981778,24,0.4583333333333333
3482,0.06054855426190561,31,0.2903225806451613
3483,0.09253647546337876,23,0.2608695652173913
3484,0.11205718398706516,27,0.2962962962962963
3485,0.01796110071216764,26,0.2692307692307692
3486,0.4637049718763258,69,0.8405797101449275
3487,0.04022095199218076,19,0.2631578947368421
3488,0.33597661475295765,35,0.5714285714285714
3489,0.3805153885141434,29,0.5517241379310345
3490,0.20703870084219816,23,0.30434782608695654
3491,0.19659038341576543,23,0.34782608695652173
3492,0.2672508642903487,20,0.35
3493,0.03564699379742432,21,0.3333333333333333
3494,0.1692447490744532,12,0.4166666666666667
3495,0.20990060132941576,27,0.4074074074074074
3496,0.3802352200640076,54,0.7592592592592593
3497,-0.03998665686733319,54,0.2222222222222222
3498,0.11606832784572695,24,0.4166666666666667
3499,0.04595451121600522,25,0.24
3500,0.14637048782940743,31,0.3870967741935484
3501,0.21406478072831178,31,0.3870967741935484
3502,-0.05312065632533481,26,0.19230769230769232
3503,-0.16737191428947606,28,0.10714285714285714
3504,0.18593459700354356,62,0.43548387096774194
3505,0.32126779199756583,16,0.5
3506,-0.02104352566855056,26,0.19230769230769232
3507,0.16034681628221903,18,0.3888888888888889
3508,0.2928835288967204,21,0.5238095238095238
3509,0.1747658167072639,19,0.47368421052631576
3510,0.14143985021570718,24,0.5
3511,0.23831696180907186,23,0.391304347826087
3512,0.4252493116384374,19,0.6842105263157895
3513,-0.04155158718965662,69,0.2898550724637681
3514,0.18448115736226625,20,0.35
3515,-0.05219653680076415,15,0.2
3516,-0.2586779757188365,60,0.1
3517,0.12497846739636567,25,0.32
3518,-0.039716375177730745,21,0.23809523809523808
3519,-0.07458478500913455,22,0.13636363636363635
3520,0.21156083524861943,28,0.5357142857142857
3521,-0.31481283705617197,62,0.0967741935483871
3522,0.26428483687904714,25,0.48
3523,0.04023603854021785,25,0.28
3524,0.04494451735982109,19,0.2631578947368421
3525,-0.013618286401678358,72,0.25
3526,0.11582772565716229,15,0.3333333333333333
3527,0.04866678355337655,18,0.2777777777777778
3528,0.16891963391166012,22,0.3181818181818182
3529,0.3580230439203677,19,0.631578947368421
3530,-0.8487451916954135,4,0.0
3531,0.05062173177506322,11,0.36363636363636365
3532,0.2619881852128229,23,0.43478260869565216
3533,0.07946707674211782,21,0.38095238095238093
3534,0.20823576727689552,22,0.36363636363636365
3535,0.11174390533243529,31,0.22580645161290322
3536,0.09205113464355971,19,0.2631578947368421
3537,0.12694979174313314,18,0.3333333333333333
3538,0.18043855145183302,32,0.46875
3539,0.0290860465823457,16,0.25
3540,0.22284357592881224,15,0.4
3541,0.3206130660097885,22,0.5454545454545454
3542,0.13191233841638816,24,0.2916666666666667
3543,0.18691346000361198,17,0.5294117647058824
3544,0.060434194332343504,22,0.22727272727272727
3545,0.15583036971421857,25,0.24
3546,0.37732857600606196,18,0.5555555555555556
3547,0.3046578535446131,57,0.6491228070175439
3548,-0.08506835705618308,28,0.10714285714285714
3549,0.22346711513753206,23,0.5217391304347826
3550,0.5064295257876598,63,0.8412698412698413
3551,0.06818932723753936,21,0.2857142857142857
3552,0.07212265107450665,21,0.3333333333333333
3553,0.24086513689629757,19,0.47368421052631576
3554,-1.1861717587432927,12,0.0
3555,0.2694236494053984,26,0.46153846153846156
3556,0.23580156440128142,16,0.5625
3557,0.3206341876005061,19,0.5263157894736842
3558,0.42929579074306884,22,0.6818181818181818
3559,-0.11949459113886093,23,0.13043478260869565
3560,0.29907187759095244,25,0.52
3561,0.06769106291649916,20,0.3
3562,-0.07129092132706513,23,0.13043478260869565
3563,0.13825264892767486,25,0.44
3564,0.10052337307147337,18,0.2777777777777778
3565,0.028860760007376182,16,0.25
3566,0.14677563910389052,29,0.3793103448275862
3567,0.2664234684951454,25,0.44
3568,0.4118953770752257,78,0.7435897435897436
3569,0.3001524396258783,22,0.45454545454545453
3570,-0.06921349457645722,18,0.16666666666666666
3571,-0.01765683107114216,25,0.16
3572,0.38502402907057315,30,0.5333333333333333
3573,-0.05096039523587845,19,0.21052631578947367
3574,0.037093815950815096,18,0.2777777777777778
3575,-0.01439913860227478,26,0.23076923076923078
3576,0.11179819663992956,24,0.25
3577,0.12941815781204072,23,0.30434782608695654
3578,-0.04895831492581186,18,0.16666666666666666
3579,0.16480793652986253,19,0.42105263157894735
3580,0.29781660335259963,27,0.5555555555555556
3581,0.034817107850746876,18,0.2777777777777778
3582,0.16258021230003472,24,0.5
3583,0.22095853977625193,22,0.5
3584,0.30620391908757183,20,0.35
3585,-0.04447106153559582,20,0.15
3586,0.3758363357007784,20,0.55
3587,0.05803173749454667,24,0.20833333333333334
3588,0.1705731471509175,27,0.4074074074074074
3589,-0.06413526936322249,20,0.15
3590,0.237751952079213,27,0.4444444444444444
3591,0.21493342034049384,21,0.3333333333333333
3592,0.11918858966532178,21,0.3333333333333333
3593,0.3423180690696167,24,0.5
3594,0.023156630842114286,16,0.3125
3595,0.1822888991588581,19,0.47368421052631576
3596,0.24844646196906178,24,0.375
3597,0.1581592754265724,26,0.38461538461538464
3598,0.09664585886964845,17,0.35294117647058826
3599,0.40520083833094145,22,0.6818181818181818
3600,0.4705893698191815,69,0.8405797101449275
3601,0.09841602736283113,22,0.36363636363636365
3602,0.2075277843421965,17,0.4117647058823529
3603,0.08027514108623324,19,0.2631578947368421
3604,0.23331591925701484,25,0.48
3605,0.37051461770444105,18,0.6666666666666666
3606,0.535216351373304,25,0.72
3607,-0.03984346393111155,19,0.15789473684210525
3608,0.21868106336807794,26,0.4230769230769231
3609,0.30247766286622607,24,0.5416666666666666
3610,0.10702520216164879,14,0.35714285714285715
3611,0.14780165182223418,64,0.5
3612,-0.06093180975115014,22,0.13636363636363635
3613,-0.2318161190588177,54,0.14814814814814814
3614,0.19391931373685367,25,0.44
3615,0.3304103020871963,20,0.5
3616,0.17283635378270976,63,0.47619047619047616
3617,0.08850905922553448,27,0.3333333333333333
3618,-0.03668695090752861,21,0.19047619047619047
3619,0.14305413739001718,21,0.2857142857142857
3620,-0.1321976023517145,77,0.11688311688311688
3621,0.560431208898905,31,0.8064516129032258
3622,0.14159695808599118,17,0.4117647058823529
3623,0.15765931548394527,15,0.4
3624,0.21288829044149166,14,0.42857142857142855
3625,-0.025433708794849658,21,0.14285714285714285
3626,0.26871970510529114,26,0.5769230769230769
3627,0.1272741509683014,64,0.4375
3628,-0.043660539368185765,19,0.15789473684210525
3629,0.3418106360403566,18,0.5
3630,0.3253684171536655,22,0.5909090909090909
3631,-0.033644414536460415,32,0.28125
3632,0.28035647553794824,22,0.5
3633,0.22212260920288887,21,0.47619047619047616
3634,0.10838223206607149,33,0.2727272727272727
3635,0.275265341016365,17,0.4117647058823529
3636,0.31155311838471733,29,0.5172413793103449
3637,0.19182896367415855,28,0.39285714285714285
3638,0.14104799177663438,19,0.3684210526315789
3639,0.02884777304386246,26,0.19230769230769232
3640,0.12324010939008545,22,0.45454545454545453
3641,-0.12257891199288737,25,0.12
3642,-0.01858902346816198,21,0.23809523809523808
3643,0.020237499708864015,22,0.2727272727272727
3644,0.04963138030480782,12,0.25
3645,0.1125220095647804,25,0.4
3646,-0.042736030376112066,18,0.2222222222222222
3647,-0.12539615590079192,70,0.2
3648,-0.0024451928940868502,27,0.2222222222222222
3649,0.08666896946102712,69,0.391304347826087
3650,0.2721140219489869,15,0.5333333333333333
3651,-0.019125696579196733,24,0.25
3652,0.03769898524025867,23,0.2608695652173913
3653,0.41819443700163306,70,0.7571428571428571
3654,0.10943597198532624,28,0.39285714285714285
3655,0.1215072516445998,26,0.3076923076923077
3656,0.263788568251289,21,0.42857142857142855
3657,-0.06141750948590669,21,0.14285714285714285
3658,0.3692286208665623,72,0.6527777777777778
3659,0.17024674877112608,23,0.34782608695652173
3660,-0.12101266660272002,60,0.21666666666666667
3661,0.1666095480498294,24,0.4166666666666667
3662,0.17724189063259133,12,0.4166666666666667
3663,0.16980012825718024,23,0.43478260869565216
3664,0.17804164398540923,24,0.5
3665,-0.024748992561612282,66,0.2727272727272727
3666,-0.03664985337539716,16,0.1875
3667,0.09917214607584833,22,0.2727272727272727
3668,0.3116178995513044,21,0.5714285714285714
3669,0.2424742520098916,65,0.6153846153846154
3670,-0.025349515014212957,24,0.20833333333333334
3671,-0.20542321974211447,73,0.136986301369863
3672,-0.017014967637899725,60,0.26666666666666666
3673,0.2817677922837848,63,0.5714285714285714
3674,0.32839370211665375,29,0.4827586206896552
3675,0.18838908324190115,28,0.35714285714285715
3676,-0.02096306803596914,17,0.23529411764705882
3677,0.3221679232749441,28,0.5
3678,0.06139468627020058,23,0.21739130434782608
3679,-0.002538498275477215,31,0.22580645161290322
3680,0.0041731673947381235,29,0.20689655172413793
3681,0.11467690235750279,26,0.23076923076923078
3682,0.24065995755418873,22,0.4090909090909091
3683,0.2730895726704317,26,0.38461538461538464
3684,0.12803366318468593,24,0.2916666666666667
3685,0.39543290461748504,27,0.5555555555555556
3686,0.054399168296433036,25,0.24
3687,0.17270230854352414,18,0.3333333333333333
3688,0.1042654800317138,16,0.375
3689,0.20997986328543014,20,0.5
3690,0.35021311784563947,29,0.5172413793103449
3691,0.25487788976039893,24,0.5416666666666666
3692,-0.08719020665923578,24,0.125
3693,-0.019322283340797785,22,0.22727272727272727
3694,0.17090310510825116,27,0.3333333333333333
3695,0.012046570956997462,36,0.25
3696,0.25472064290938234,23,0.4782608695652174
3697,-0.013832739761758164,30,0.23333333333333334
3698,0.25262693645380446,26,0.5384615384615384
3699,0.3045769782253832,25,0.6
3700,0.1217810461491792,29,0.2413793103448276
3701,0.09259666246503787,17,0.29411764705882354
3702,0.1554398141456421,33,0.3939393939393939
3703,-0.06529259097488578,20,0.15
3704,0.3246916006137402,32,0.65625
3705,0.20992806726820867,18,0.5
3706,0.19718174389773266,24,0.4166666666666667
3707,0.24203132855935006,20,0.45
3708,0.2166074275311271,24,0.4583333333333333
3709,0.09521260577323362,13,0.3076923076923077
3710,0.35845166679373675,28,0.6071428571428571
3711,0.11673578157223638,58,0.39655172413793105
3712,0.14025207969007977,25,0.32
3713,0.1240534440466677,29,0.3103448275862069
3714,0.3211122904802222,23,0.6086956521739131
3715,-0.22789929698203407,61,0.09836065573770492
3716,0.007694500276959986,12,0.25
3717,-0.1510226582848089,77,0.18181818181818182
3718,0.08646507181369704,28,0.25
3719,0.27242668849055035,23,0.5217391304347826
3720,0.19218073811434483,13,0.38461538461538464
3721,0.03321648466957971,26,0.2692307692307692
3722,0.017561379970280386,14,0.21428571428571427
3723,0.2591449421550888,23,0.4782608695652174
3724,0.08598520085295498,27,0.3333333333333333
3725,0.053562239726090054,25,0.2
3726,-0.010130451311806213,22,0.22727272727272727
3727,0.4482068277537762,20,0.55
3728,0.16017006016954063,24,0.375
3729,0.02472149238117238,26,0.23076923076923078
3730,0.19838669234258913,28,0.42857142857142855
3731,-0.13579028276765567,27,0.1111111111111111
3732,0.08557364114138938,23,0.30434782608695654
3733,0.3151398737544806,28,0.6071428571428571
3734,0.5390824629607455,24,0.75
3735,0.19475209561673873,16,0.5625
3736,0.16362231551020093,26,0.2692307692307692
3737,0.06597121132717344,17,0.29411764705882354
3738,0.2660399675296355,58,0.6206896551724138
3739,0.20980104672713693,31,0.3548387096774194
3740,-0.1410653057885204,71,0.18309859154929578
3741,0.14148016610768516,15,0.4
3742,0.19454837272648476,15,0.4
3743,0.12236926676710662,22,0.36363636363636365
3744,0.06271983739815028,19,0.2631578947368421
3745,0.3051322843283441,21,0.42857142857142855
3746,0.4055413623046873,33,0.6060606060606061
3747,-0.10235422996097442,58,0.1896551724137931
3748,0.2639075564114961,25,0.56
3749,0.10978182190165216,23,0.30434782608695654
3750,0.32929666805357266,16,0.5
3751,-0.07281709908438513,58,0.20689655172413793
3752,0.17401923594270532,22,0.4090909090909091
3753,0.1616902746639141,21,0.42857142857142855
3754,0.07384453178507155,15,0.26666666666666666
3755,0.2442658378042104,25,0.56
3756,0.11498584013488837,26,0.3076923076923077
3757,0.0972740477526732,22,0.2727272727272727
3758,-0.047449648870922165,24,0.125
3759,0.19473470115750657,27,0.4074074074074074
3760,0.06388601691228823,22,0.22727272727272727
3761,0.2008123611712836,25,0.44
3762,0.09054845529616873,26,0.23076923076923078
3763,0.25040428263840253,21,0.42857142857142855
3764,0.08063810029678474,24,0.375
3765,0.08575386869503056,23,0.30434782608695654
3766,-0.2343963470829359,64,0.09375
3767,0.20209828779746508,20,0.5
3768,0.027818112413473196,21,0.23809523809523808
3769,0.10375173348068235,27,0.3333333333333333
3770,-0.016980820517324052,20,0.25
3771,0.23182796459968433,20,0.4
3772,-0.08192145010052954,20,0.15
3773,0.07221066695579195,17,0.29411764705882354
3774,0.2396548850879528,28,0.39285714285714285
3775,0.16354493372283402,16,0.3125
3776,-0.02282498190445305,31,0.1935483870967742
3777,0.052657582512198806,19,0.2631578947368421
3778,0.30081901240135733,22,0.5
3779,0.024941156457947658,23,0.17391304347826086
3780,0.45902137942792615,67,0.835820895522388
3781,0.06585301929775232,18,0.2777777777777778
3782,0.20209170935411622,22,0.36363636363636365
3783,0.08841927292924696,17,0.35294117647058826
3784,0.1686640677896674,24,0.375
3785,0.0553601859855906,27,0.25925925925925924
3786,0.07024563195176271,23,0.2608695652173913
3787,-0.053844752437879506,20,0.2
3788,0.2194443620457398,28,0.35714285714285715
3789,0.331319805806528,30,0.5333333333333333
3790,-0.26575830158976016,70,0.1
3791,0.09851464330050008,28,0.32142857142857145
3792,0.2534583554554211,23,0.4782608695652174
3793,0.23961592676873222,17,0.47058823529411764
3794,-0.007155823569219195,28,0.25
3795,0.23780241514697767,18,0.4444444444444444
3796,0.39683240297918315,28,0.4642857142857143
3797,0.40500310588644206,25,0.56
3798,0.2059876334786668,16,0.5
3799,0.24220719832823565,22,0.45454545454545453
3800,0.25288675755651063,65,0.5384615384615384
3801,0.24739586797681123,58,0.5862068965517241
3802,-0.009059082360904237,24,0.25
3803,0.126315191025023,20,0.35
3804,0.04554056633103082,27,0.3333333333333333
3805,0.12563813076833993,19,0.3157894736842105
3806,0.11161918718292477,13,0.38461538461538464
3807,0.08670160185485094,16,0.4375
3808,-0.08814097425950253,26,0.11538461538461539
3809,0.33877010818258485,22,0.36363636363636365
3810,0.188982666562997,25,0.32
3811,0.24080266798482958,22,0.36363636363636365
3812,0.13841687860751267,28,0.35714285714285715
3813,0.29152246020931677,29,0.4827586206896552
3814,-0.1400919236348931,24,0.125
3815,0.3577164771368143,22,0.5909090909090909
3816,0.18536372769694023,18,0.4444444444444444
3817,-0.020497303579428958,14,0.21428571428571427
3818,-0.01413149294007233,14,0.21428571428571427
3819,-0.03836210259610796,18,0.16666666666666666
3820,0.36416629385991167,68,0.7058823529411765
3821,0.4193161337185096,22,0.5909090909090909
3822,0.15555400683754989,21,0.3333333333333333
3823,-0.3219003319809792,65,0.046153846153846156
3824,0.24465266269401428,17,0.47058823529411764
3825,0.2626603997133276,27,0.48148148148148145
3826,0.3805027142646098,24,0.5833333333333334
3827,0.14511269923570638,23,0.34782608695652173
3828,-0.12260654700438897,21,0.14285714285714285
3829,0.04475600090772752,19,0.2631578947368421
3830,0.35096067072393394,18,0.6111111111111112
3831,0.16823510987736986,25,0.28
3832,0.1875493873252028,19,0.3684210526315789
3833,-0.11546603102380262,22,0.13636363636363635
3834,0.22315599783893428,17,0.35294117647058826
3835,0.2741283200009472,22,0.5454545454545454
3836,0.2645286025632592,20,0.45
3837,0.3008858421183145,18,0.6111111111111112
3838,0.22520311522745845,20,0.45
3839,0.12630589151957866,17,0.35294117647058826
3840,0.19347130496112266,13,0.38461538461538464
3841,0.38364162013433944,65,0.7692307692307693
3842,0.15266931614923424,20,0.35
3843,0.3020960236588128,17,0.6470588235294118
3844,0.17562350548587793,13,0.46153846153846156
3845,0.08927394709574561,15,0.3333333333333333
3846,0.2990008742905871,20,0.55
3847,0.06866577265992055,25,0.28
3848,0.20419472892283813,16,0.375
3849,0.07857886367780602,17,0.23529411764705882
3850,0.26957086453220197,12,0.5
3851,0.10444555232094663,15,0.26666666666666666
3852,0.1540415550735873,24,0.3333333333333333
3853,0.562029298694618,26,0.7692307692307693
3854,0.41633232366553796,22,0.6818181818181818
3855,0.3025176326726832,19,0.42105263157894735
3856,0.24753872876900734,70,0.6714285714285714
3857,-0.15743082936445862,59,0.15254237288135594
3858,0.3676405875502872,20,0.6
3859,0.16637746858818042,23,0.391304347826087
3860,0.35922001042972956,17,0.6470588235294118
3861,0.1434795760349068,21,0.3333333333333333
3862,0.19734672484960744,21,0.2857142857142857
3863,0.5356548702337414,21,0.7142857142857143
3864,0.2862678495342675,19,0.5789473684210527
3865,0.009643662925149078,18,0.2222222222222222
3866,0.23265801403447525,19,0.42105263157894735
3867,0.03660561180287152,18,0.2222222222222222
3868,0.518548798932693,19,0.7894736842105263
3869,0.26638343582974283,19,0.47368421052631576
3870,0.476345029503907,23,0.6521739130434783
3871,0.3518895168982103,21,0.6666666666666666
3872,0.3379496352754904,20,0.55
3873,0.10293764869432365,12,0.3333333333333333
3874,0.13512553177238545,58,0.46551724137931033
3875,0.3641976282259592,19,0.5789473684210527
3876,0.36668007449627116,25,0.6
3877,0.3471956779366779,23,0.6521739130434783
3878,-0.062453885385382504,29,0.13793103448275862
3879,0.12355178786637912,18,0.2777777777777778
3880,0.31331455662129476,17,0.5294117647058824
3881,0.21823570348632446,24,0.5416666666666666
3882,0.16129676020811154,21,0.38095238095238093
3883,0.33831532517404184,27,0.5185185185185185
3884,0.4797774970960992,20,0.7
3885,0.386807811214123,13,0.6923076923076923
3886,0.16064642484247602,18,0.3333333333333333
3887,0.4208891509107042,21,0.5238095238095238
3888,0.362011991040067,27,0.48148148148148145
3889,-0.879810318624022,8,0.0
3890,0.24905464265894495,19,0.42105263157894735
3891,0.21971817598461085,59,0.6101694915254238
3892,0.17863759622536865,16,0.375
3893,0.010420852695152076,23,0.17391304347826086
3894,0.17307738124669242,23,0.391304347826087
3895,0.2641296277773024,19,0.3684210526315789
3896,0.1461936518535371,22,0.3181818181818182
3897,0.30625003208872786,19,0.42105263157894735
3898,0.22501582265292697,22,0.36363636363636365
3899,0.1498121033786697,18,0.3333333333333333
3900,0.21018222963562794,9,0.4444444444444444
3901,0.26785109891634046,19,0.47368421052631576
3902,0.6475339446454373,62,0.9354838709677419
3903,0.22775818581919893,25,0.44
3904,0.17318771819035705,19,0.42105263157894735
3905,0.1810542354637059,6,0.5
3906,0.528259662532542,31,0.7741935483870968
3907,0.22773272356083948,27,0.5185185185185185
3908,-0.00379694751668144,53,0.2641509433962264
3909,0.32076203245676277,17,0.5882352941176471
3910,0.33059401357952145,20,0.55
3911,0.28518059277171554,23,0.43478260869565216
3912,0.05946539559280435,15,0.26666666666666666
3913,0.11265379594778097,17,0.29411764705882354
3914,0.16863342912353896,29,0.3448275862068966
3915,0.05215875996654084,14,0.2857142857142857
3916,0.22369491070684402,26,0.4230769230769231
3917,0.4033701481688804,22,0.5909090909090909
3918,0.11149277598726019,17,0.29411764705882354
3919,0.27315478828801654,23,0.43478260869565216
3920,0.2590518665148372,22,0.5
3921,0.06714438181523778,30,0.3
3922,0.13636468860268267,17,0.35294117647058826
3923,0.3148877605607639,69,0.6666666666666666
3924,0.02992882410348804,20,0.2
3925,0.37804256563802685,16,0.5625
3926,0.2938984543765996,6,0.3333333333333333
3927,0.2891411935525789,12,0.5
3928,0.11017692464879064,59,0.423728813559322
3929,0.30010602322904384,19,0.42105263157894735
3930,0.3054332926102651,21,0.5714285714285714
3931,0.3453880701236052,26,0.6153846153846154
3932,0.24875136727425268,24,0.4583333333333333
3933,0.29042586856094027,23,0.4782608695652174
3934,0.39740740151583587,16,0.6875
3935,0.3498588722164793,17,0.6470588235294118
3936,0.186288534233538,20,0.4
3937,-0.023197331057184932,61,0.2786885245901639
3938,0.3746338233803272,28,0.5714285714285714
3939,0.04337648749187157,24,0.20833333333333334
3940,0.040897392792906925,27,0.2222222222222222
3941,0.19142442165837392,16,0.5
3942,0.21735013291126404,25,0.48
3943,0.2640557847158573,20,0.5
3944,0.08534170178782946,51,0.43137254901960786
3945,0.33703143106337435,25,0.64
3946,0.42967558176434756,65,0.7846153846153846
3947,0.24226630824275253,23,0.4782608695652174
3948,0.043087366295587695,19,0.3157894736842105
3949,0.27399849333603754,17,0.47058823529411764
3950,0.12647879955515706,13,0.38461538461538464
3951,0.21512100816452104,18,0.4444444444444444
3952,0.4852336336509748,18,0.6666666666666666
3953,0.17658029986079313,18,0.3888888888888889
3954,0.5001344189623188,15,0.7333333333333333
3955,0.38753437893863424,22,0.5454545454545454
3956,0.17943882276029777,19,0.42105263157894735
3957,0.28390593211752196,22,0.45454545454545453
3958,-0.13867652455920745,52,0.21153846153846154
3959,0.5976437926651224,20,0.75
3960,0.31670622596313175,18,0.6111111111111112
3961,0.4660994742510842,63,0.8095238095238095
3962,0.20462265105290264,23,0.391304347826087
3963,0.058020760165528235,16,0.25
3964,0.5064357246650085,29,0.6896551724137931
3965,0.49625556375490126,24,0.7083333333333334
3966,0.3347731348459896,21,0.5714285714285714
3967,0.07941960865972253,13,0.3076923076923077
3968,0.24458801025903054,26,0.4230769230769231
3969,0.41258567024201276,14,0.6428571428571429
3970,0.23749286159739158,20,0.45
3971,0.2884318868138145,20,0.5
3972,0.16672563046574468,21,0.38095238095238093
3973,0.46961983896834564,17,0.7058823529411765
3974,0.2899335849716076,57,0.6666666666666666
3975,0.11635875705119933,19,0.3157894736842105
3976,0.10180605641492152,19,0.3157894736842105
3977,0.263172863561207,16,0.5
3978,0.3984209909285402,13,0.6923076923076923
3979,0.41847859455330116,15,0.7333333333333333
3980,0.5522248251709062,70,0.8571428571428571
3981,0.2648063928705662,34,0.35294117647058826
3982,0.4622737773234394,72,0.8194444444444444
3983,0.3797301101671965,28,0.5357142857142857
3984,0.27453238814181197,19,0.47368421052631576
3985,0.2601580730682729,21,0.38095238095238093
3986,0.4202134132112147,19,0.6842105263157895
3987,0.5072428306600538,22,0.7272727272727273
3988,0.3685101287827628,17,0.5882352941176471
3989,0.14078284063270388,59,0.4576271186440678
3990,0.1193066217925443,18,0.3333333333333333
3991,0.4613376765102598,25,0.68
3992,0.17577459833416212,18,0.4444444444444444
3993,0.2905626446353944,23,0.5217391304347826
3994,0.14198596318460108,17,0.4117647058823529
3995,-0.05657299976600358,67,0.22388059701492538
3996,0.20818476829636953,25,0.44
3997,0.19610102787978428,16,0.4375
3998,0.07179873201366231,19,0.2631578947368421
3999,0.3191860034880508,23,0.5217391304347826
4000,0.05367782639815298,18,0.2222222222222222
4001,0.031815251205002594,27,0.2222222222222222
4002,0.3204042260664208,14,0.5714285714285714
4003,0.2751428269613597,18,0.4444444444444444
4004,-0.022245642900135938,22,0.22727272727272727
4005,0.2907003260396592,23,0.5652173913043478
4006,0.24803288226996736,21,0.42857142857142855
4007,0.3397519877259894,18,0.6111111111111112
4008,0.13193271442879148,6,0.16666666666666666
4009,0.22749667027777368,23,0.43478260869565216
4010,0.21090327445170123,19,0.42105263157894735
4011,0.1424584423137286,21,0.38095238095238093
4012,0.31261757695506465,22,0.5454545454545454
4013,0.2682068564266822,18,0.3888888888888889
4014,0.296438636046276,20,0.55
4015,0.39116337029252435,65,0.7846153846153846
4016,0.1458987529030105,17,0.35294117647058826
4017,0.28449628795713433,21,0.47619047619047616
4018,0.3617293191871431,21,0.5714285714285714
4019,0.40612122067921863,51,0.7058823529411765
4020,0.3707636601931647,22,0.5909090909090909
4021,0.19798519543885562,21,0.2857142857142857
4022,0.3543929041079957,20,0.6
4023,0.5247244863732604,33,0.8181818181818182
4024,-0.40176392125064686,5,0.0
4025,0.012533513352416202,29,0.20689655172413793
4026,0.20521156197155951,19,0.47368421052631576
4027,0.1745612898560915,20,0.45
4028,0.060939293464554414,18,0.2222222222222222
4029,5.810481195889408e-05,56,0.26785714285714285
4030,0.3744391478936742,12,0.6666666666666666
4031,0.38681800094188284,29,0.6551724137931034
4032,0.11897498812147149,36,0.2777777777777778
4033,0.32061770188359007,15,0.6
4034,0.3210068674771264,22,0.5909090909090909
4035,0.046644465965700356,19,0.21052631578947367
4036,0.16141032670013528,65,0.47692307692307695
4037,0.12246347460926447,14,0.35714285714285715
4038,0.5636024407261202,65,0.8769230769230769
4039,0.04906439506631538,15,0.26666666666666666
4040,0.09559515185461456,19,0.3157894736842105
4041,0.4064748858586102,23,0.5217391304347826
4042,0.487603454781777,21,0.6666666666666666
4043,0.2877175226215038,19,0.47368421052631576
4044,0.1692998107713636,20,0.35
4045,0.4226765023241861,18,0.6111111111111112
4046,0.21741221014745765,24,0.4166666666666667
4047,0.20878924179408273,21,0.5238095238095238
4048,0.2395584135196974,26,0.46153846153846156
4049,0.47583901807645346,20,0.65
4050,0.08586540429018538,27,0.2222222222222222
4051,0.17838900613566178,22,0.36363636363636365
4052,0.41685787725714957,61,0.7540983606557377
4053,0.33633618972234197,15,0.5333333333333333
4054,0.2342283948860256,17,0.4117647058823529
4055,0.5450739282116408,68,0.8676470588235294
4056,0.3657651042174601,19,0.5789473684210527
4057,0.3794496181193008,13,0.6153846153846154
4058,0.34802576864632345,22,0.5909090909090909
4059,0.30723237647044876,18,0.6111111111111112
4060,0.10865042808696841,25,0.36
4061,0.342655401964001,18,0.5
4062,0.2199923344648636,25,0.52
4063,-0.013327821084237195,29,0.20689655172413793
4064,0.18761948662312772,17,0.47058823529411764
4065,0.1369778331131398,18,0.3333333333333333
4066,0.45005421802331597,18,0.6666666666666666
4067,0.04209277511630012,26,0.19230769230769232
4068,0.21702032836642768,25,0.4
4069,0.12921821642133624,20,0.3
4070,0.3493440176688872,19,0.5789473684210527
4071,0.2866103660744628,22,0.5
4072,0.1233663368115758,14,0.2857142857142857
4073,0.28806377370288083,24,0.375
4074,0.39303900832030225,25,0.64
4075,-0.043011372293414785,58,0.2413793103448276
4076,0.07876664963113048,14,0.2857142857142857
4077,0.18888302657995065,28,0.35714285714285715
4078,0.4940424271513966,21,0.7142857142857143
4079,0.15333974010778104,20,0.35
4080,0.12564721070396145,19,0.3157894736842105
4081,0.27848450387120893,18,0.4444444444444444
4082,0.03575595056810464,26,0.23076923076923078
4083,0.25592797917346055,17,0.5294117647058824
4084,0.2326873767591949,19,0.47368421052631576
4085,0.3856835577178143,18,0.6111111111111112
4086,0.5248489770827672,27,0.7037037037037037
4087,0.15030637156468565,18,0.3333333333333333
4088,0.3296433130662707,14,0.5
4089,0.3869582871520533,21,0.6666666666666666
4090,0.47063851270814305,54,0.8148148148148148
4091,0.22907621514078552,62,0.5806451612903226
4092,0.04136819618835913,23,0.17391304347826086
4093,0.5176655351237295,82,0.8292682926829268
4094,0.24548924138641087,23,0.391304347826087
4095,0.5498085059640201,59,0.8983050847457628
4096,0.3315257894313559,24,0.5833333333333334
4097,0.17492361924747146,18,0.3888888888888889
4098,0.31416711612565046,19,0.5263157894736842
4099,0.030425892883328167,19,0.2631578947368421
4100,0.29852444707597975,13,0.38461538461538464
4101,0.09838705349574323,23,0.30434782608695654
4102,0.015901800548577736,20,0.3
4103,0.17747035323471308,24,0.375
4104,0.13816499127741688,14,0.42857142857142855
4105,0.255066858546865,18,0.5555555555555556
4106,0.22974660934659996,19,0.3684210526315789
4107,0.31596694508954926,25,0.44
4108,0.1850349400844806,12,0.4166666666666667
4109,0.2904673709857746,24,0.4166666666666667
4110,0.15783556054820547,26,0.3076923076923077
4111,0.13735646566893214,22,0.4090909090909091
4112,0.16241052499829026,11,0.45454545454545453
4113,0.13944153167276388,18,0.3888888888888889
4114,0.49562357381472405,17,0.7058823529411765
4115,0.3362962861420251,19,0.42105263157894735
4116,0.5053287411188689,65,0.8769230769230769
4117,0.2689928998312589,22,0.4090909090909091
4118,0.24711025037664,16,0.5
4119,0.1008963134659346,23,0.34782608695652173
4120,0.28989060323219834,18,0.4444444444444444
4121,0.007179966737893436,19,0.21052631578947367
4122,0.38740328868496504,68,0.7058823529411765
4123,0.16408146138403615,15,0.4
4124,0.053459395587223006,18,0.2777777777777778
4125,-0.006816068635367909,21,0.19047619047619047
4126,0.25752584078504337,24,0.4166666666666667
4127,-0.007105511811710468,23,0.21739130434782608
4128,0.24553250640835542,21,0.42857142857142855
4129,0.43911596642646333,18,0.7222222222222222
4130,0.4009355370860582,17,0.7058823529411765
4131,0.08469666387145613,25,0.28
4132,0.1493261531314266,62,0.43548387096774194
4133,0.35705107050493723,23,0.6086956521739131
4134,0.46427047109467584,17,0.5882352941176471
4135,0.4304882716717081,19,0.631578947368421
4136,0.22238196172015456,21,0.47619047619047616
4137,0.3982150006241369,31,0.6774193548387096
4138,0.26092223612980747,65,0.5692307692307692
4139,0.31771784419184324,20,0.55
4140,0.06681719758450362,23,0.30434782608695654
4141,-0.20520629797118642,63,0.12698412698412698
4142,0.09212746533527483,19,0.2631578947368421
4143,0.2991013875470459,17,0.47058823529411764
4144,0.40717677702313737,13,0.6923076923076923
4145,0.08926105211401274,56,0.4107142857142857
4146,0.33408756223616,12,0.5833333333333334
4147,0.051193676208500294,17,0.23529411764705882
4148,0.1122973179605744,21,0.3333333333333333
4149,0.27717163302331954,18,0.5
4150,0.06545785233782805,22,0.2727272727272727
4151,0.051509063793232286,21,0.2857142857142857
4152,0.13901999005997465,13,0.3076923076923077
4153,0.3966661666563563,19,0.6842105263157895
4154,0.31322776269858355,18,0.5555555555555556
4155,-0.12425571190220207,66,0.12121212121212122
4156,0.04380003111318798,26,0.2692307692307692
4157,0.4124996008851292,66,0.7272727272727273
4158,0.3378751862306472,23,0.6521739130434783
4159,-0.04989617946651725,21,0.19047619047619047
4160,0.30841950249818395,63,0.6190476190476191
4161,0.2518487508045965,13,0.38461538461538464
4162,0.31948379911324126,17,0.6470588235294118
4163,0.4182622584672884,17,0.6470588235294118
4164,0.5372805061506729,19,0.7368421052631579
4165,0.31095504257258155,16,0.4375
4166,0.26008116447850366,29,0.41379310344827586
4167,0.3261709292532489,14,0.5714285714285714
4168,0.019166539393432033,19,0.21052631578947367
4169,0.181653925501021,22,0.4090909090909091
4170,0.48088518339795344,22,0.6818181818181818
4171,0.3000280359050586,17,0.47058823529411764
4172,0.2967613977315256,28,0.5357142857142857
4173,0.13893061224809528,22,0.3181818181818182
4174,0.286675168489399,16,0.5625
4175,0.25776386030393295,19,0.47368421052631576
4176,0.12484104126219947,17,0.29411764705882354
4177,0.18606794564665632,23,0.43478260869565216
4178,0.28824405435909206,15,0.6
4179,0.2203719920445225,16,0.5
4180,0.4004013252600394,18,0.6666666666666666
4181,0.4768952209700438,17,0.7058823529411765
4182,0.13616528454823,17,0.35294117647058826
4183,0.23167801858864218,16,0.4375
4184,0.18995335190970777,17,0.47058823529411764
4185,0.4236644226134822,21,0.6666666666666666
4186,0.4103726045855329,17,0.7058823529411765
4187,0.3378092389336683,19,0.6842105263157895
4188,0.37440579083103415,24,0.5833333333333334
4189,0.11324679368968223,57,0.40350877192982454
4190,0.2691147056881579,64,0.578125
4191,0.29071170285181624,29,0.4482758620689655
4192,0.23318228941183292,58,0.5689655172413793
4193,0.40207243799987535,62,0.7258064516129032
4194,0.19530493342832142,16,0.375
4195,0.1721125817705806,22,0.3181818181818182
4196,0.350776605686552,17,0.5294117647058824
4197,0.37870238827798586,19,0.6842105263157895
4198,0.16366535437080618,19,0.42105263157894735
4199,0.5155833716463075,66,0.8484848484848485
4200,0.09846430238853981,27,0.2222222222222222
4201,0.2797005371238002,21,0.38095238095238093
4202,0.109039627735922,21,0.2857142857142857
4203,0.11567933257605093,21,0.3333333333333333
4204,0.16873437089715607,21,0.38095238095238093
4205,0.5084622372657688,21,0.7619047619047619
4206,0.29984389802376044,19,0.5263157894736842
4207,0.5268087705709897,26,0.7692307692307693
4208,-0.026884372351274374,79,0.3037974683544304
4209,0.22466750171374952,15,0.5333333333333333
4210,0.3826793974619359,23,0.6086956521739131
4211,0.32482486469838495,16,0.5625
4212,0.2595546685360418,15,0.4666666666666667
4213,0.2707773817859925,16,0.4375
4214,0.30392633959762494,16,0.5
4215,0.2160485630130329,67,0.5223880597014925
4216,0.12940298120738294,15,0.4
4217,0.06862665023466685,22,0.2727272727272727
4218,0.10262522383562538,15,0.26666666666666666
4219,-0.5607244894458385,3,0.0
4220,0.45946507487408905,21,0.6190476190476191
4221,0.26506837446248166,26,0.4230769230769231
4222,0.5232255370236921,73,0.8356164383561644
4223,0.6320492819021759,58,0.9137931034482759
4224,0.5350110228459333,22,0.7727272727272727
4225,0.4079680998011998,18,0.7222222222222222
4226,0.19480088740818832,22,0.36363636363636365
4227,0.3323183615672467,15,0.6666666666666666
4228,0.26696391395597835,26,0.4230769230769231
4229,0.3656551490534795,16,0.625
4230,0.3303623266842142,27,0.48148148148148145
4231,0.4141675683483065,75,0.7866666666666666
4232,0.17412242236150943,22,0.45454545454545453
4233,0.1757797117399492,26,0.38461538461538464
4234,0.14681628233885022,23,0.30434782608695654
4235,-0.12926934294122308,63,0.1746031746031746
4236,0.12964130798753234,12,0.3333333333333333
4237,0.28911039595614557,21,0.38095238095238093
4238,0.3040912394172733,28,0.6071428571428571
4239,0.4072820659984708,24,0.7083333333333334
4240,0.5082084726643606,20,0.75
4241,0.1240810467641023,26,0.34615384615384615
4242,0.2260306928511657,21,0.42857142857142855
4243,0.1342366600049775,17,0.35294117647058826
4244,0.32385459358453,19,0.47368421052631576
4245,0.04293635947649455,16,0.25
4246,0.22765027132433469,17,0.47058823529411764
4247,0.04889109130318745,27,0.25925925925925924
4248,0.32259003870216957,19,0.5263157894736842
4249,0.059642172755995905,29,0.20689655172413793
4250,0.2297985410053426,16,0.5
4251,0.23001547535059147,18,0.3888888888888889
4252,0.41909595758059676,16,0.5625
4253,0.36259863964983224,21,0.47619047619047616
4254,-0.07885195763555858,58,0.2413793103448276
4255,0.20678600651678267,21,0.2857142857142857
4256,0.17340993702456386,24,0.3333333333333333
4257,0.5065340213305028,62,0.8548387096774194
4258,0.2352550144202584,19,0.42105263157894735
4259,0.29889941349461435,25,0.56
4260,0.3480949167151324,19,0.5263157894736842
4261,0.2530778392144786,25,0.44
4262,0.44628099206127675,21,0.6190476190476191
4263,0.133575550749036,27,0.37037037037037035
4264,0.3876793209090597,20,0.7
4265,0.2883118024729815,22,0.45454545454545453
4266,0.03243880448542107,64,0.34375
4267,0.5969788429108636,24,0.7083333333333334
4268,0.34441588978733645,17,0.5882352941176471
4269,0.4699398673221438,21,0.6666666666666666
4270,0.41186612404299383,29,0.5862068965517241
4271,0.076329792257612,23,0.2608695652173913
4272,0.022308600030656173,22,0.22727272727272727
4273,0.16881279877834737,20,0.3
4274,0.19230877584654918,14,0.42857142857142855
4275,0.11452732349599701,17,0.35294117647058826
4276,0.3616301926600447,19,0.631578947368421
4277,0.3145232912331321,14,0.5
4278,0.5934686376961836,26,0.7307692307692307
4279,0.013528682347276071,18,0.2222222222222222
4280,0.28156455820776255,21,0.47619047619047616
4281,0.5316370570517415,72,0.8611111111111112
4282,0.3072318586473216,18,0.4444444444444444
4283,0.35591471448431633,76,0.6973684210526315
4284,0.34361429177633385,58,0.7241379310344828
4285,0.14707949799115647,21,0.38095238095238093
4286,0.31081252968110945,18,0.5555555555555556
4287,0.07885972147269818,22,0.2727272727272727
4288,0.13428935044687998,11,0.36363636363636365
4289,0.46645474584663565,13,0.6923076923076923
4290,0.26406628100742985,28,0.4642857142857143
4291,0.22527684816065577,21,0.47619047619047616
4292,0.3152540976678751,14,0.5714285714285714
4293,0.23433207588460545,55,0.6181818181818182
4294,0.280968146776939,24,0.5
4295,0.09398054562369126,61,0.36065573770491804
4296,0.3490736730956316,22,0.6363636363636364
4297,0.09687619436157856,21,0.3333333333333333
4298,0.4329055525612827,22,0.5909090909090909
4299,0.23202134813034153,14,0.2857142857142857
4300,0.439377801495863,21,0.6666666666666666
4301,0.14702329727654914,16,0.375
4302,-0.018286843405636688,24,0.16666666666666666
4303,0.24608356285155233,28,0.5
4305,0.4374735290103592,19,0.6842105263157895
4306,0.31086040920656316,17,0.5882352941176471
4307,0.4160619484161752,58,0.7931034482758621
4308,0.18012265986078985,22,0.4090909090909091
4309,0.20712643686495968,26,0.5
4310,0.049426348398513446,20,0.3
4311,0.42365862756594636,22,0.6363636363636364
4312,0.13558811114911384,18,0.2777777777777778
4313,0.2583604648510296,18,0.5555555555555556
4314,-0.039162248460042515,29,0.1724137931034483
4315,0.21836490757717097,15,0.4666666666666667
4316,0.44576864014802564,18,0.7222222222222222
4317,0.48030757925406464,60,0.8333333333333334
4318,0.2563416175134131,24,0.4166666666666667
4319,0.2958316932671294,16,0.4375
4320,0.1027071256545285,18,0.3888888888888889
4321,0.26880015010843084,24,0.4583333333333333
4322,0.31941028254151504,16,0.5
4323,0.11148186082851276,23,0.30434782608695654
4324,0.08588078834142504,20,0.35
4325,0.157248033799047,20,0.35
4326,0.34461982710077277,27,0.5185185185185185
4327,0.28283424041463917,26,0.46153846153846156
4328,0.15983933570245665,19,0.47368421052631576
4329,0.17633010080714265,24,0.4583333333333333
4330,0.32241188554970523,4,0.25
4331,0.1858282218460747,18,0.3888888888888889
4332,0.16562930206975846,21,0.3333333333333333
4333,0.03529763811554421,28,0.2857142857142857
4334,0.19104386787691505,18,0.3888888888888889
4335,0.18032315625437362,16,0.5
4336,0.20897843738762695,24,0.4166666666666667
4337,0.20387830130888177,15,0.4666666666666667
4338,0.2589688314434074,52,0.5961538461538461
4339,0.20255459698930506,27,0.4074074074074074
4340,-0.008338794353723138,68,0.3088235294117647
4341,0.28625491979031764,19,0.47368421052631576
4342,0.0232926058012624,19,0.21052631578947367
4343,0.244378573649961,21,0.42857142857142855
4344,0.07786077469416883,26,0.23076923076923078
4345,0.17734347104499168,23,0.391304347826087
4346,0.2458950927275559,27,0.4074074074074074
4347,0.4713741973256583,77,0.8571428571428571
4348,0.2744012221485089,25,0.48
4349,0.22767143104674462,21,0.47619047619047616
4350,0.47348867943404227,24,0.625
4351,0.5495928876473285,18,0.7777777777777778
4352,0.5313439671060816,59,0.8983050847457628
4353,0.2910418588272777,19,0.42105263157894735
4354,0.22011371298086815,24,0.375
4355,0.19008962217414888,26,0.4230769230769231
4356,0.16181977404847972,30,0.36666666666666664
4357,0.20627096546719922,20,0.45
4358,0.2905632589142845,17,0.5882352941176471
4359,0.11965113218910975,23,0.2608695652173913
4360,0.25149931597592384,21,0.42857142857142855
4361,0.22300014739964052,23,0.391304347826087
4362,0.055819938644301986,16,0.25
4363,0.2772455297988071,56,0.6964285714285714
4364,0.332431026134442,15,0.5333333333333333
4365,0.08122576590735947,19,0.3157894736842105
4366,0.2628344563854154,16,0.5
4367,0.07231343707240423,16,0.25
4368,0.019703711444212926,21,0.19047619047619047
4369,0.18962943513404137,18,0.4444444444444444
4370,0.20106043214972602,24,0.3333333333333333
4371,0.23014129138861086,19,0.47368421052631576
4372,0.2490818847763278,16,0.375
4373,0.12932597213609548,21,0.2857142857142857
4374,0.26066914449064726,26,0.38461538461538464
4375,0.008327385337172241,23,0.21739130434782608
4376,0.27408883105564474,20,0.5
4377,-0.12246201416109115,55,0.18181818181818182
4378,0.5467654852547793,19,0.7894736842105263
4379,0.30329309404942817,23,0.5652173913043478
4380,0.02198428706747432,18,0.2222222222222222
4381,0.2849237996040005,19,0.5789473684210527
4382,0.13705571612923406,15,0.3333333333333333
4383,0.20491045979946315,16,0.375
4384,0.33860147458700995,25,0.48
4385,0.447138490795522,18,0.7222222222222222
4386,0.23484557059614483,22,0.4090909090909091
4387,0.39512567448527897,20,0.65
4388,0.29329646492972994,27,0.4444444444444444
4389,0.10178835213567965,21,0.23809523809523808
4390,0.1329510639278636,16,0.3125
4391,0.28862662129927674,18,0.5
4392,0.3885085933030621,24,0.6666666666666666
4393,0.26628821061052776,21,0.47619047619047616
4394,0.38615417370720967,21,0.5714285714285714
4395,0.549419467768576,25,0.8
4396,0.22446280906362107,13,0.38461538461538464
4397,0.03903800868183407,57,0.3157894736842105
4398,0.4168449778138929,16,0.75
4399,0.4367399488269207,25,0.6
4400,0.38214833294151446,20,0.55
4401,0.017719516788843422,22,0.22727272727272727
4402,0.1858265584434454,22,0.36363636363636365
4403,0.16450969888295075,18,0.3888888888888889
4404,0.05306138727535879,29,0.27586206896551724
4405,0.5450140881046148,56,0.8928571428571429
4406,0.2773920227230422,26,0.38461538461538464
4407,0.19831891324808815,16,0.375
4408,0.3317981065995015,21,0.47619047619047616
4409,0.17954577787268594,17,0.35294117647058826
4410,0.3229903300127777,25,0.56
4411,0.35046717042845404,17,0.5294117647058824
4412,0.11371546429734794,16,0.375
4413,-0.039327142561662504,26,0.15384615384615385
4414,0.22617052010419653,17,0.5294117647058824
4415,0.23207513724012468,67,0.582089552238806
4416,0.24614279288227392,15,0.5333333333333333
4417,0.2883237987505724,25,0.52
4418,0.30852584413089557,22,0.5454545454545454
4419,0.22343891796146095,24,0.4583333333333333
4420,0.2866824872741486,21,0.42857142857142855
4421,0.2498057243338184,23,0.5217391304347826
4422,0.21323068440548518,16,0.375
4423,0.2916033000129494,19,0.5263157894736842
4424,0.2103076507262736,20,0.3
4425,0.028799406338508842,23,0.21739130434782608
4426,0.06484627869883752,56,0.30357142857142855
4427,0.23325559485302524,14,0.5
4428,0.042625372838478184,54,0.4074074074074074
4429,0.5176895485094817,52,0.8846153846153846
4430,-0.047324120067723414,69,0.21739130434782608
4431,0.07431979827825688,22,0.2727272727272727
4432,0.06010104258371907,7,0.2857142857142857
4433,0.1362301557196899,18,0.3888888888888889
4434,0.2921636813366545,14,0.5714285714285714
4435,0.08911394951269895,13,0.3076923076923077
4436,0.09821840183454451,21,0.2857142857142857
4437,0.060326748641690325,15,0.26666666666666666
4438,0.24127315127880367,16,0.4375
4439,0.10210433023239096,12,0.3333333333333333
4440,0.303819299496387,23,0.5652173913043478
4441,0.22283365569271726,26,0.46153846153846156
4442,0.21967182205221122,27,0.4444444444444444
4443,0.19979186463669263,20,0.4
4444,0.25260842125954214,20,0.45
4445,0.4247634202239795,11,0.6363636363636364
4446,0.23838731422628928,16,0.5
4447,0.2495032810754864,18,0.3888888888888889
4448,0.4693215464370103,26,0.6923076923076923
4449,0.16434850381359042,24,0.3333333333333333
4450,0.19406035358926052,29,0.41379310344827586
4451,0.3671474702918219,25,0.48
4452,0.4275392181610747,22,0.6363636363636364
4453,0.1067259007303588,29,0.3103448275862069
4454,0.5501215793525113,54,0.9074074074074074
4455,0.14732509560233853,24,0.375
4456,0.20196086773620223,59,0.5084745762711864
4457,0.1840103765217866,46,0.5652173913043478
4458,0.49906407785676815,26,0.7692307692307693
4459,0.13391464409014583,16,0.375
4460,0.36025703366951983,17,0.5882352941176471
4461,0.07050804757204039,60,0.36666666666666664
4462,0.022159853087596947,22,0.18181818181818182
4463,0.46975899547029903,27,0.6296296296296297
4464,0.32874888086717724,12,0.5
4465,0.42127111697260927,15,0.6666666666666666
4466,0.26964175266735424,22,0.45454545454545453
4467,0.49857078245435354,16,0.75
4468,0.40961938369463313,25,0.64
4469,0.0805975988023246,20,0.3
4470,0.3746242836757817,60,0.6666666666666666
4471,0.32490338346925185,22,0.5454545454545454
4472,0.1831610942237731,21,0.38095238095238093
4473,0.21317152989075216,15,0.5333333333333333
4474,0.12319013763508531,22,0.4090909090909091
4475,0.14266087000136707,14,0.5
4476,0.06253776631194302,26,0.3076923076923077
4477,0.32179434223642206,16,0.625
4478,0.28370189999600476,21,0.47619047619047616
4479,0.05551567008606048,54,0.3888888888888889
4480,0.07190115719106784,21,0.2857142857142857
4481,0.3169364680941348,20,0.65
4482,0.09079061176049219,14,0.2857142857142857
4483,0.16236772665160476,15,0.4
4484,0.2297551251294216,11,0.45454545454545453
4485,0.3556601649746575,68,0.7352941176470589
4486,0.37647852633174156,27,0.6296296296296297
4487,0.21164495346022033,28,0.4642857142857143
4488,0.11219434848416286,25,0.24
4489,0.3663900007170269,20,0.6
4490,0.17954107346328446,18,0.4444444444444444
4491,0.018927362099803877,20,0.2
4492,0.21546156861616428,25,0.4
4493,0.46260505857985257,16,0.625
4494,0.2926978054190218,19,0.47368421052631576
4495,-0.02358375824605146,26,0.19230769230769232
4496,0.3834859357546421,18,0.5555555555555556
4497,0.20667978086149777,19,0.42105263157894735
4498,0.29520841288942457,66,0.6363636363636364
4499,0.11148006925336972,25,0.28
4500,0.006450045293469734,25,0.2
4501,0.46584044550728776,59,0.7966101694915254
4502,0.0966944000292933,15,0.4
4503,0.17133021962181103,17,0.35294117647058826
4504,0.3003456963266305,22,0.5
4505,0.08548380633648896,20,0.3
4506,0.09146197211336707,14,0.2857142857142857
4507,0.12028225095903966,21,0.38095238095238093
4508,0.2636925446910771,14,0.5
4509,0.15761469147506724,26,0.38461538461538464
4510,0.33009202175615826,20,0.55
4511,0.18074075346881416,23,0.34782608695652173
4512,0.3720307676687809,22,0.5
4513,0.4215277451513211,56,0.7678571428571429
4514,0.15792118961450913,24,0.375
4515,0.16495013745481227,14,0.35714285714285715
4516,0.1759261326248562,14,0.42857142857142855
4517,0.13576355331106743,16,0.3125
4518,0.16675611261462292,19,0.3157894736842105
4519,0.47555207877025063,66,0.8484848484848485
4520,0.27409974441528634,18,0.5
4521,0.16511963078592085,12,0.4166666666666667
4522,0.39208858790704665,23,0.5652173913043478
4523,0.18966127081160114,24,0.2916666666666667
4524,0.2337566973553535,25,0.36
4525,0.06573148985983725,19,0.21052631578947367
4526,0.28091004821435234,20,0.4
4527,0.5337899861702934,18,0.7222222222222222
4528,0.24294078619476628,25,0.4
4529,0.28678750839801986,19,0.47368421052631576
4530,0.021885287958664776,55,0.34545454545454546
4531,0.2943868410292363,13,0.46153846153846156
4532,0.012219699591588919,26,0.23076923076923078
4533,0.2976308893293383,17,0.47058823529411764
4534,0.3454427535596622,22,0.5
4535,0.0588531892130132,23,0.2608695652173913
4536,0.10158878992086558,29,0.27586206896551724
4537,0.23247988879785755,17,0.5294117647058824
4538,0.31558881907337766,18,0.4444444444444444
4539,0.12150826309407026,25,0.32
4540,0.40887518430120934,19,0.631578947368421
4541,0.2555826855349548,15,0.5333333333333333
4542,0.07366411596424753,65,0.38461538461538464
4543,0.45256698292827036,65,0.8
4544,0.16559706419932146,15,0.4
4545,0.31472047951646315,21,0.5714285714285714
4546,0.17977483479349105,22,0.5
4547,0.4082888431523605,18,0.6666666666666666
4548,0.16505708143196557,27,0.3333333333333333
4549,0.3083381699749058,51,0.7254901960784313
4550,0.4323362921181042,64,0.78125
4551,0.4122431931404957,18,0.6111111111111112
4552,0.4347294410693017,20,0.65
4553,0.2157532867098177,15,0.4666666666666667
4554,0.05068471893945168,16,0.25
4555,0.21702573840398717,13,0.38461538461538464
4556,0.2924820086923987,23,0.5652173913043478
4557,-0.03760116930435731,25,0.2
4558,0.45274377829332035,66,0.7878787878787878
4559,0.3670065071864497,18,0.6111111111111112
4560,0.3125043387157531,9,0.5555555555555556
4561,-0.1705530870839936,57,0.15789473684210525
4562,0.4181984552417402,13,0.6923076923076923
4563,0.08411042020949823,16,0.25
4564,0.22872144845111395,19,0.42105263157894735
4565,0.27500452000705333,24,0.5
4566,0.2406792035508811,20,0.4
4567,0.3940334485829382,25,0.6
4568,0.16768346593680405,19,0.47368421052631576
4569,0.027703017407391412,23,0.21739130434782608
4570,0.47057218288055686,18,0.6111111111111112
4571,0.13938185315945406,20,0.3
4572,0.004585604265653839,63,0.31746031746031744
4573,0.3586175263339062,22,0.5909090909090909
4574,0.20080246012718794,19,0.47368421052631576
4575,0.5233056269923055,22,0.7272727272727273
4576,0.15452596527615764,28,0.42857142857142855
4577,0.054167735706184016,20,0.25
4578,0.3484305752814896,20,0.6
4579,0.3393308424095596,20,0.6
4580,0.2706253052818888,22,0.4090909090909091
4581,0.19412241585312864,22,0.4090909090909091
4582,0.31097717376809486,63,0.6825396825396826
4583,0.2036179105693149,24,0.4166666666666667
4584,-0.07326400291859232,26,0.15384615384615385
4585,0.3676752397946186,26,0.5
4586,0.21160886289192704,15,0.5333333333333333
4587,0.07743638437667982,23,0.34782608695652173
4588,-0.14532484176613494,8,0.125
4589,0.30950587280337577,30,0.5666666666666667
4590,0.2131585105492982,26,0.46153846153846156
4591,0.1416417891758877,15,0.3333333333333333
4592,0.061752494717259666,19,0.3157894736842105
4593,0.19443803234884097,14,0.42857142857142855
4594,0.25800830978470063,17,0.47058823529411764
4595,0.3401949669239632,22,0.5
4596,0.32767875048475137,20,0.55
4597,0.2631352517955883,21,0.5238095238095238
4598,0.25984278929379423,16,0.5
4599,-0.07096664641578572,55,0.2
4600,0.2819284831516435,24,0.3333333333333333
4601,0.13474249117369966,14,0.42857142857142855
4602,0.22229191453639424,22,0.36363636363636365
4603,0.43011823021450757,15,0.6666666666666666
4604,0.22550845381417378,18,0.5
4605,0.5011356816434923,21,0.7619047619047619
4606,0.3423523671427165,19,0.5789473684210527
4607,0.13285142585681825,11,0.36363636363636365
4608,0.23668450520076267,21,0.42857142857142855
4609,-0.021472948818169007,51,0.21568627450980393
4610,0.2187057287779702,12,0.5
4611,0.3208440710177946,33,0.5454545454545454
4612,0.18456826017984562,52,0.4807692307692308
4613,0.34560676961922115,26,0.5769230769230769
4614,0.218755665647584,52,0.5
4615,0.10571835043259023,17,0.35294117647058826
4616,0.24649763456160148,20,0.5
4617,0.3882074081846959,21,0.6190476190476191
4618,0.22024916542932949,24,0.4583333333333333
4619,0.11745748980754434,13,0.3076923076923077
4620,0.3889081106410392,21,0.5714285714285714
4621,0.18899695492559937,18,0.4444444444444444
4622,0.12727700508707887,28,0.25
4623,0.06508540247634473,17,0.29411764705882354
4624,0.40949814857523237,16,0.625
4625,0.2816725619641477,70,0.6285714285714286
4626,0.3305790868253758,20,0.6
4627,0.27455430665433406,18,0.3333333333333333
4628,0.3948558390806728,26,0.5769230769230769
4629,0.13995498537230636,18,0.3333333333333333
4630,0.0006094813888289438,20,0.2
4631,0.22355975067320039,17,0.47058823529411764
4632,0.40243116570768356,14,0.5714285714285714
4633,0.27630110170600186,12,0.5
4634,0.09020469228719147,22,0.2727272727272727
4635,0.21803592348543993,19,0.42105263157894735
4636,0.14185907307759874,18,0.3888888888888889
4637,0.3225521625172105,24,0.625
4638,0.1794715266005111,20,0.4
4639,0.2093401442712527,24,0.375
4640,0.23080504361960916,14,0.42857142857142855
4641,0.06714586247283735,20,0.25
4642,0.2455855431632375,18,0.5
4643,0.3575277936703427,18,0.6111111111111112
4644,0.13801945216979594,16,0.3125
4645,0.20005717843868434,26,0.3076923076923077
4646,0.3582090888061133,17,0.6470588235294118
4647,0.29985204322667025,24,0.5416666666666666
4648,-0.15922225505045395,64,0.140625
4649,0.24034117538515906,17,0.47058823529411764
4650,0.19964586889406974,14,0.42857142857142855
4651,0.04266682743364888,16,0.25
4652,0.322725322217313,25,0.56
4653,0.43901665287828456,71,0.8309859154929577
4654,0.22166246509758536,22,0.4090909090909091
4655,0.3835537916437537,22,0.5454545454545454
4656,0.5010356465122252,27,0.7037037037037037
4657,0.31446807464983845,24,0.4583333333333333
4658,0.31927952185681985,20,0.5
4659,0.26314340697573635,25,0.48
4660,0.2826029602252721,18,0.4444444444444444
4661,0.29283495482786204,15,0.5333333333333333
4662,0.2658500664739236,17,0.47058823529411764
4663,0.2159460601232745,14,0.35714285714285715
4664,0.15751841818772425,21,0.42857142857142855
4665,0.14678517204625108,11,0.36363636363636365
4666,0.27662457840231747,19,0.47368421052631576
4667,0.29103343475135546,25,0.44
4668,0.11743763218610588,17,0.4117647058823529
4669,0.15340795312562652,21,0.38095238095238093
4670,0.4572739087327503,60,0.8
4671,0.2781754803766511,14,0.42857142857142855
4672,0.23337736595462413,19,0.47368421052631576
4673,0.46164629697112514,15,0.6
4674,0.3109424069070644,16,0.5625
4675,0.03602869617834454,19,0.21052631578947367
4676,0.3885668650367628,18,0.6111111111111112
4677,0.22894525338997804,13,0.38461538461538464
4678,0.15596971561170284,11,0.36363636363636365
4679,-0.012895196168594098,21,0.19047619047619047
4680,0.06531550277411022,14,0.2857142857142857
4681,0.4454844245143666,21,0.6666666666666666
4682,0.2757033099250173,23,0.391304347826087
4683,0.16665444372253238,14,0.35714285714285715
4684,0.4507035229144661,23,0.6086956521739131
4685,0.3731237295476853,24,0.5833333333333334
4686,0.022602829903715507,19,0.21052631578947367
4687,0.06108562922547169,22,0.3181818181818182
4688,0.032080870233809976,17,0.29411764705882354
4689,0.03639309354843921,21,0.19047619047619047
4690,0.30743063872413806,21,0.5714285714285714
4691,0.2476988552126408,14,0.5714285714285714
4692,0.26141663332957094,83,0.6024096385542169
4693,0.3487003004813574,26,0.46153846153846156
4694,0.06838827627779338,14,0.2857142857142857
4695,0.05188034831203715,20,0.3
4696,0.11643839769703769,18,0.2777777777777778
4697,0.16492122594684075,20,0.4
4698,0.17253982878095495,18,0.3888888888888889
4699,0.17120546342454482,18,0.3333333333333333
4700,0.22406525968474694,25,0.44
4701,0.18078153235331107,18,0.4444444444444444
4702,0.37266944400526997,26,0.5384615384615384
4703,0.289218106592196,17,0.5294117647058824
4704,0.2535498528037947,25,0.44
4705,0.3699639578184485,19,0.631578947368421
4706,0.31739109218991524,15,0.6
4707,0.009226487892332002,18,0.2222222222222222
4708,0.2525050554726708,20,0.5
4709,0.05603570461663362,23,0.30434782608695654
4710,0.1767353363375235,16,0.4375
4711,0.3149687730415936,18,0.5555555555555556
4712,0.5255743132605153,16,0.75
4713,0.32914181922314206,15,0.4666666666666667
4714,0.21670392660190038,26,0.4230769230769231
4715,0.2662258996412029,15,0.5333333333333333
4716,0.41732771899724114,66,0.7424242424242424
4717,0.056731685808113004,19,0.3157894736842105
4718,0.236544037192868,19,0.5263157894736842
4719,0.0642959620307299,21,0.2857142857142857
4720,0.3485156946518948,32,0.59375
4721,0.18924575081387518,20,0.35
4722,0.21076580905177797,54,0.5555555555555556
4723,0.2406949900338198,18,0.5
4724,0.19045628978666013,25,0.44
4725,0.2324500546654534,15,0.4
4726,0.31319993932761375,69,0.6666666666666666
4727,0.21061446288467636,21,0.3333333333333333
4728,0.08291258599938159,16,0.3125
4729,0.3334506598468709,28,0.5
4730,0.09765553874939076,55,0.45454545454545453
4731,0.2678248309645558,26,0.5
4732,0.07091660895133178,24,0.2916666666666667
4733,0.17334796746174697,18,0.3888888888888889
4734,-0.004071100212279962,28,0.21428571428571427
4735,0.3804407927071158,16,0.625
4736,0.11711584394276964,22,0.2727272727272727
4737,0.2460810567267168,28,0.4642857142857143
4738,0.12860553936047178,57,0.45614035087719296
4739,0.3293931146198561,68,0.6470588235294118
4740,0.3303836785720805,25,0.64
4741,0.3647085293920837,20,0.45
4742,0.5430151706802612,23,0.782608695652174
4743,0.26042692565766806,14,0.5
4744,0.44939172739124145,70,0.8285714285714286
4745,0.20985036052097153,16,0.375
4746,0.25395685960006315,17,0.4117647058823529
4747,0.08220909815246907,19,0.2631578947368421
4748,0.4718297416920213,23,0.6956521739130435
4749,0.39715548087076,17,0.5882352941176471
4750,0.18472459302709865,11,0.45454545454545453
4751,0.21301215347499464,61,0.5573770491803278
4752,0.20740622455965352,16,0.5
4753,0.5778620225419726,17,0.8235294117647058
4754,0.45470161459748093,17,0.7647058823529411
4755,0.22038427919690615,60,0.5833333333333334
4756,0.26611952675542727,30,0.5333333333333333
4757,0.31607336616012144,27,0.4444444444444444
4758,0.5560264774037353,16,0.75
4759,0.09586015774498043,61,0.3114754098360656
4760,0.2798099736399016,13,0.6153846153846154
4761,-0.46223659813197926,5,0.0
4762,0.4011323269209457,20,0.65
4763,0.19979940844108177,13,0.46153846153846156
4764,0.07348665370191854,21,0.3333333333333333
4765,0.5259702414971466,12,0.75
4766,0.0972615991861817,19,0.2631578947368421
4767,0.16968779494257302,15,0.4
4768,0.39169077596123086,17,0.5882352941176471
4769,0.24236059104224852,14,0.5714285714285714
4770,0.6476386098140219,58,0.9137931034482759
4771,0.5324550750017351,15,0.7333333333333333
4772,0.03768018550619797,23,0.30434782608695654
4773,0.15502068229768365,15,0.3333333333333333
4774,0.4260474837493339,11,0.6363636363636364
4775,0.2729258029737401,14,0.5
4776,0.4042717398849578,15,0.6666666666666666
4777,0.35406165529733186,15,0.5333333333333333
4778,0.1089083136917196,28,0.2857142857142857
4779,0.23469783165496547,21,0.42857142857142855
4780,0.2653047928867295,17,0.47058823529411764
4781,0.5390405138210408,62,0.8709677419354839
4782,0.24004199545949886,17,0.4117647058823529
4783,0.343375115434539,17,0.47058823529411764
4784,0.334951766320858,13,0.5384615384615384
4785,0.16108180462395266,15,0.3333333333333333
4786,0.5166292979370353,36,0.75
4787,-0.3302709614053362,3,0.0
4788,0.5240388467856525,12,0.75
4789,0.2883867410256828,15,0.4666666666666667
4790,0.2759094865743662,14,0.5
4791,0.22536045921679893,19,0.3684210526315789
4792,0.259128057637574,21,0.42857142857142855
4793,0.6348273635975795,21,0.8095238095238095
4794,0.4141733381615731,22,0.5909090909090909
4795,0.5730904965944289,22,0.7727272727272727
4796,0.32496919425645865,21,0.5238095238095238
4797,0.22196347303432948,19,0.42105263157894735
4798,0.5672920774144711,12,0.75
4799,0.32064238486605245,22,0.5454545454545454
4800,0.5525433908058452,18,0.6111111111111112
4801,0.16891879145616123,15,0.4
4802,0.38285646594528483,13,0.6153846153846154
4803,0.4500702916695526,21,0.7142857142857143
4804,0.4719111282371341,64,0.796875
4805,-0.0922939326076608,59,0.2033898305084746
4806,0.1865515618704905,21,0.3333333333333333
4807,0.22542314250702966,19,0.47368421052631576
4808,0.5686205207197781,24,0.7916666666666666
4809,0.25165118557944116,21,0.47619047619047616
4810,0.4999699420411556,14,0.6428571428571429
4811,0.4155712924774044,18,0.6111111111111112
4812,0.36448287886928543,11,0.6363636363636364
4813,0.6002754864502006,15,0.8
4814,0.26700318563620606,18,0.6111111111111112
4815,0.2764822398266845,73,0.6301369863013698
4816,0.6446610395114909,63,0.8888888888888888
4817,0.2538292272557667,19,0.42105263157894735
4818,0.3977112417472648,18,0.7222222222222222
4819,0.23742034842377963,17,0.4117647058823529
4820,0.37392116186356,21,0.5714285714285714
4821,0.4646498860473189,16,0.75
4822,0.37856488671769783,23,0.6956521739130435
4823,0.12060453939050066,17,0.29411764705882354
4824,0.3425619961976399,20,0.55
4825,0.3254195669064651,19,0.5263157894736842
4826,0.22964717383323516,16,0.5
4827,0.13214328176773693,15,0.3333333333333333
4828,0.34418717129925763,13,0.5384615384615384
4829,0.35991034467797717,24,0.7083333333333334
4830,0.38226707120570186,24,0.625
4831,0.34928840899675123,19,0.5789473684210527
4832,0.42576578607859933,18,0.6666666666666666
4833,0.3937235764569594,28,0.6071428571428571
4834,0.07351841403228408,58,0.41379310344827586
4835,0.7064281029156876,20,0.75
4836,0.40420760094580743,17,0.7058823529411765
4837,0.3032941908730114,23,0.4782608695652174
4838,0.7032595522664871,56,0.9464285714285714
4839,0.5311664824986331,20,0.75
4840,0.2701226873115513,14,0.5
4841,0.15849667291584776,57,0.49122807017543857
4842,0.5012331607618866,15,0.6666666666666666
4843,0.4440319079218125,15,0.6666666666666666
4844,0.2954229202448775,15,0.4666666666666667
4845,0.16922411157071968,16,0.3125
4846,0.38931102214643976,13,0.6153846153846154
4847,0.37094475706395574,18,0.6666666666666666
4848,0.31649923035941263,17,0.5294117647058824
4849,0.37523439952089643,22,0.5454545454545454
4850,0.3947043104290287,5,0.6
4851,0.5634951524300528,19,0.7894736842105263
4852,0.4436535330946526,21,0.6666666666666666
4853,0.22554263225925536,21,0.38095238095238093
4854,0.15100391482029907,16,0.375
4855,0.4195438733436251,16,0.6875
4856,0.3173051087592119,14,0.5
4857,0.6138200506878395,50,0.92
4858,0.11364644709415955,21,0.38095238095238093
4859,0.3084449682698001,21,0.47619047619047616
4860,0.4670537874733724,23,0.6956521739130435
4861,-0.12600052978216822,51,0.19607843137254902
4862,0.272145871286961,44,0.6590909090909091
4863,0.09016142998620112,15,0.3333333333333333
4864,0.35952034777753117,20,0.65
4865,0.22782768033255962,24,0.5
4866,0.2441648659902513,22,0.4090909090909091
4867,0.46982603264070394,14,0.7142857142857143
4868,0.39114707237242935,68,0.7941176470588235
4869,0.3650717288159486,13,0.6153846153846154
4870,0.3588732184967372,14,0.5714285714285714
4871,0.2222286090897297,23,0.5217391304347826
4872,0.2717622445267562,12,0.5833333333333334
4873,0.4492580827197297,15,0.6666666666666666
4874,0.3345567457208637,13,0.6153846153846154
4875,0.36800547325691063,17,0.6470588235294118
4876,0.18525903278229025,21,0.38095238095238093
4877,0.5265194583896972,16,0.75
4878,0.31266951611435195,17,0.5882352941176471
4879,0.1009045370170495,65,0.3384615384615385
4880,0.30355139994738306,24,0.5
4881,0.3973673925199136,20,0.65
4882,0.37015085599377373,12,0.6666666666666666
4883,0.16688162987259522,68,0.4264705882352941
4884,0.1978587613832297,23,0.43478260869565216
4885,0.16640607245788705,17,0.29411764705882354
4886,0.2503665413079803,19,0.47368421052631576
4887,0.5717205526728711,14,0.7857142857142857
4888,0.11312141490863417,15,0.3333333333333333
4889,0.45610421545771684,10,0.7
4890,0.5253683505899328,17,0.6470588235294118
4891,0.09598256062968913,16,0.3125
4892,0.20902358272154317,18,0.3888888888888889
4893,0.5149336405332556,17,0.7058823529411765
4894,0.13039108557468873,19,0.3684210526315789
4895,0.1678267574183636,17,0.4117647058823529
4896,0.6858072644890916,68,0.9411764705882353
4897,0.315928041919546,17,0.5882352941176471
4898,0.10230426620590302,25,0.28
4899,0.14367809701474987,15,0.3333333333333333
4900,0.3545419289166408,15,0.5333333333333333
4901,0.22878168377531188,13,0.38461538461538464
4902,0.21878270937006725,23,0.391304347826087
4903,0.1731960752723022,13,0.38461538461538464
4904,0.18584472231879232,19,0.42105263157894735
4905,0.23786409592209848,21,0.5714285714285714
4906,0.5549936270102165,20,0.75
4907,0.22844977870784902,19,0.5263157894736842
4908,0.3276592094398031,22,0.5
4909,0.4198654803705805,18,0.6666666666666666
4910,0.23770602444208616,15,0.4666666666666667
4911,0.40082722437285623,16,0.625
4912,0.6036907438634824,24,0.8333333333333334
4913,0.331171233404491,24,0.4583333333333333
4914,0.2899084474398991,16,0.5625
4915,0.5422754414080991,12,0.6666666666666666
4916,0.6802497132899283,22,0.8636363636363636
4917,0.3040409955564237,11,0.5454545454545454
4918,0.3730394938418741,13,0.5384615384615384
4919,0.24269454023537015,20,0.4
4920,0.4803106332980922,14,0.7142857142857143
4921,0.5887313708876002,18,0.8333333333333334
4922,0.5341075877499156,12,0.75
4923,0.4540856525450575,12,0.75
4924,0.038336328943521465,74,0.3108108108108108
4925,0.3524764016166534,16,0.5625
4926,0.182629311343682,11,0.45454545454545453
4927,0.24627178407537156,21,0.47619047619047616
4928,0.4306666960224464,13,0.6923076923076923
4929,0.32741641564182844,24,0.5416666666666666
4930,0.42282640996812304,22,0.6818181818181818
4931,0.32665458829478705,19,0.47368421052631576
4932,0.39344369188342176,21,0.6190476190476191
4933,0.502389337127852,23,0.6956521739130435
4934,0.5067391682285108,19,0.7368421052631579
4935,0.19645974282442208,14,0.42857142857142855
4936,0.18525054662187077,11,0.45454545454545453
4937,0.2051116760203912,13,0.38461538461538464
4938,0.5275717706731166,16,0.75
4939,0.37893401242223695,65,0.7384615384615385
4940,0.4146695409316025,21,0.6190476190476191
4941,0.5165997783459458,22,0.7727272727272727
4942,0.3164211382700951,19,0.5789473684210527
4943,-0.03859806711852838,66,0.25757575757575757
4944,0.4840919339579617,10,0.7
4945,0.5388695378864938,20,0.7
4946,0.49537670977097037,17,0.8235294117647058
4947,0.5301090460751028,46,0.8695652173913043
4948,0.3712908905539121,21,0.6666666666666666
4949,0.33658453086335166,51,0.7450980392156863
4950,0.49827323168214105,21,0.7619047619047619
4951,0.4722561078141855,17,0.7058823529411765
4952,0.43973202534919253,20,0.6
4953,0.32029868288050584,17,0.5882352941176471
4954,0.5545071658459397,16,0.8125
4955,0.3919150430254738,16,0.625
4956,0.33938873797663166,14,0.5
4957,0.5311345767981264,18,0.7222222222222222
4958,0.35171950929590445,15,0.6
4959,0.5034365647436604,22,0.7727272727272727
4960,0.29463344370176675,13,0.5384615384615384
4961,0.5375785670813835,21,0.7142857142857143
4962,0.44369715936649995,19,0.6842105263157895
4963,0.34923530531441277,15,0.6
4964,0.18004154096504305,14,0.35714285714285715
4965,0.2647486022984215,20,0.5
4966,0.24498021362454578,21,0.5714285714285714
4967,0.5839269047367622,20,0.75
4968,0.012895602312021083,57,0.2631578947368421
4969,0.6150522717636943,24,0.8333333333333334
4970,0.5092607767154379,14,0.7857142857142857
4971,0.01987584400331814,28,0.25
4972,0.4966537023167084,21,0.7619047619047619
4973,0.3247486154893108,20,0.55
4974,0.3677180255106359,21,0.6666666666666666
4975,0.31579247477223416,20,0.6
4976,0.313892733421078,14,0.5
4977,0.4256035356608186,25,0.52
4978,0.33440148009968784,16,0.5625
4979,0.3142615616781881,26,0.5384615384615384
4980,0.4051629571314388,16,0.4375
4981,0.31870398890461404,18,0.5555555555555556
4982,0.31957303596913045,20,0.55
4983,0.26822214182238785,17,0.47058823529411764
4984,0.18266136084172266,15,0.3333333333333333
4985,0.6561165173914175,19,0.7894736842105263
4986,0.29205479985617705,20,0.55
4987,0.643742039126556,60,0.9166666666666666
4988,0.1873600906877088,20,0.35
4989,0.6251146782742607,17,0.8235294117647058
4990,0.11218331837708304,17,0.29411764705882354
4991,0.35081638495204365,55,0.7454545454545455
4992,0.508805183312325,17,0.7058823529411765
4993,0.29675053827847714,22,0.5
4994,0.5447877656858336,15,0.8
4995,0.6604925450358936,65,0.9384615384615385
4996,0.3769357666420295,20,0.5
4997,0.42073962234865975,19,0.6842105263157895
4998,0.3441344783614602,18,0.5
4999,0.3366052506034655,26,0.5769230769230769
5000,0.5982112391843561,16,0.8125
5001,0.4174471064713138,14,0.5714285714285714
5002,0.3558670543547514,18,0.5555555555555556
5003,0.15308007264289936,20,0.35
5004,0.26301350377891797,16,0.5
5005,0.5444581545270734,17,0.7058823529411765
5006,0.40447904901067755,20,0.65
5007,0.19159803808984818,17,0.4117647058823529
5008,0.5036895303368089,14,0.7142857142857143
5009,0.5611959157517772,14,0.6428571428571429
5010,0.3195389943011505,18,0.5555555555555556
5011,0.4695198682587022,73,0.7945205479452054
5012,0.24996896158307333,19,0.631578947368421
5013,0.17453467807130552,12,0.4166666666666667
5014,0.30229749251556653,16,0.4375
5015,0.15349621779491723,58,0.4827586206896552
5016,0.34041684889558466,22,0.6363636363636364
5017,0.5649205605846445,18,0.8333333333333334
5018,0.09171828193253691,17,0.29411764705882354
5019,0.2675018806383716,23,0.43478260869565216
5020,0.23527105358039643,54,0.5740740740740741
5021,-0.08956631106279725,53,0.22641509433962265
5022,0.22092614153118656,23,0.391304347826087
5023,0.3951102522378346,19,0.631578947368421
5024,0.33039746781681595,11,0.5454545454545454
5025,0.27336568795156896,16,0.5
5026,0.26914381868868276,22,0.5
5027,0.3462275653007681,18,0.6111111111111112
5028,0.5785402715484832,21,0.7619047619047619
5029,0.3678802849843233,25,0.52
5030,0.5393625298635156,14,0.7857142857142857
5031,1.3161974964189276,3,1.0
5032,0.5354018203666224,60,0.9
5033,0.495511479742215,13,0.6923076923076923
5034,0.18416601015745485,16,0.375
5035,0.33933643550500464,29,0.4827586206896552
5036,0.45244145148377074,13,0.6923076923076923
5037,0.38285492091288004,73,0.7808219178082192
5038,0.6381959000706744,21,0.8571428571428571
5039,0.21629237699198106,65,0.5692307692307692
5040,0.2511572717914651,21,0.42857142857142855
5041,0.2192747685256786,17,0.47058823529411764
5042,0.15295847411059238,13,0.46153846153846156
5043,0.5525201073971118,13,0.7692307692307693
5044,0.4485524548993713,18,0.6111111111111112
5045,0.4059512756717674,18,0.6111111111111112
5046,0.24175534329504508,17,0.4117647058823529
5047,0.4459917248209055,17,0.7058823529411765
5048,0.3965004065428869,20,0.55
5049,0.5301112293211204,22,0.6363636363636364
5050,0.3133484679517003,14,0.6428571428571429
5051,0.45962688057618906,21,0.6666666666666666
5052,0.49712100684003135,14,0.7142857142857143
5053,0.34198364560188854,13,0.5384615384615384
5054,0.3805506117605119,25,0.52
5055,0.45290408472991134,12,0.6666666666666666
5056,0.5295542291260158,16,0.8125
5057,0.42913572434814795,13,0.6153846153846154
5058,0.1116280046792314,25,0.36
5059,0.5968977805221661,63,0.9206349206349206
5060,0.4769976911307428,21,0.6666666666666666
5061,0.21127521464719284,19,0.42105263157894735
5062,0.2508007522698069,22,0.5
5063,0.41154765565079043,19,0.5789473684210527
5064,0.5977426457235783,19,0.8421052631578947
5065,0.36186358239443983,58,0.7068965517241379
5066,0.2573653064302428,21,0.38095238095238093
5067,0.3997876807997387,16,0.5625
5068,0.35676357722432483,15,0.5333333333333333
5069,0.5409963628195988,16,0.6875
5070,0.4709870386281921,13,0.6923076923076923
5071,0.4901133509504339,51,0.8627450980392157
5072,0.36885754744857835,13,0.5384615384615384
5073,0.38639438116682334,18,0.6111111111111112
5074,0.3338894326841941,19,0.5789473684210527
5075,0.30370876243618805,18,0.5
5076,0.4618162302784863,13,0.6153846153846154
5078,0.365531944329608,13,0.6153846153846154
5079,0.2573552832921602,19,0.5789473684210527
5080,0.21941038806450439,14,0.42857142857142855
5081,0.6031673778597748,58,0.8793103448275862
5082,0.49528218885239467,20,0.7
5083,0.5425583184178636,66,0.8939393939393939
5084,0.42573530830825596,28,0.5714285714285714
5085,0.5918170623172944,21,0.8095238095238095
5086,0.4438420432477028,10,0.7
5087,0.438656425173452,25,0.68
5088,0.44555771537993527,24,0.6666666666666666
5089,0.1743092510239145,24,0.375
5090,0.3028206771936354,14,0.5
5091,0.3554180934205225,17,0.6470588235294118
5092,0.3388008854928858,27,0.5925925925925926
5093,0.5836156738769737,73,0.8904109589041096
5094,0.14163913663316444,15,0.4
5095,0.32038574994013974,21,0.47619047619047616
5096,0.210269627588325,60,0.5666666666666667
5097,0.20999943984352168,16,0.4375
5098,0.3420729329662852,22,0.5454545454545454
5099,0.4883735066364995,20,0.75
5100,0.35521787428800494,15,0.6
5101,0.30849716631707513,15,0.6
5102,0.22682279242754688,22,0.4090909090909091
5103,0.19328711759466333,13,0.38461538461538464
5104,0.26434688527401196,18,0.5
5105,0.1206761075815157,22,0.36363636363636365
5106,0.5406141719966533,18,0.7222222222222222
5107,0.09996220645489261,16,0.3125
5108,0.1610324737897475,52,0.4807692307692308
5109,0.39571026421541694,18,0.6111111111111112
5110,0.3327069720532677,23,0.391304347826087
5111,0.34988349007338077,15,0.6
5112,0.6331538546009595,19,0.8421052631578947
5113,0.3912487538430825,22,0.5909090909090909
5114,0.18516425962689195,13,0.38461538461538464
5115,0.3868062695274962,16,0.5625
5116,0.6085280672454545,17,0.7058823529411765
5117,0.6493934485953013,21,0.8095238095238095
5118,0.27348391909168657,17,0.5294117647058824
5119,0.023169871430723434,60,0.36666666666666664
5120,0.14404341919854982,19,0.3684210526315789
5121,0.517207301810323,13,0.6923076923076923
5122,0.4972840195808943,15,0.7333333333333333
5123,0.2741489977195695,18,0.4444444444444444
5124,0.22338102177032074,17,0.4117647058823529
5125,0.2659598211341232,14,0.5
5126,0.40030512032150195,53,0.7924528301886793
5127,0.33164692172302873,14,0.5
5128,0.4566952023481399,18,0.6666666666666666
5129,0.25768255599404644,14,0.5
5130,0.4944347357348616,19,0.6842105263157895
5131,0.3086394037393516,17,0.5882352941176471
5132,0.64178479412907,64,0.921875
5133,0.5569206635661804,18,0.7777777777777778
5134,0.3442467323024946,16,0.5
5135,0.1606741724162978,17,0.4117647058823529
5136,0.4795497301741984,16,0.6875
5137,0.5201451521030312,26,0.7307692307692307
5138,0.5291018991374329,24,0.625
5139,0.2338613262399847,22,0.45454545454545453
5140,0.6382212013238279,20,0.85
5141,0.435697633736372,12,0.5833333333333334
5142,0.5442849213852314,21,0.7619047619047619
5143,-0.0640983668154467,50,0.28
5144,0.25511135578183214,22,0.4090909090909091
5145,0.18778359225128255,12,0.4166666666666667
5146,0.17246419176683997,19,0.42105263157894735
5147,0.213632088258171,10,0.5
5148,0.14702399191368654,16,0.3125
5149,0.5947307331220789,56,0.8928571428571429
5150,0.30464024723240773,22,0.4090909090909091
5151,0.20360859101489953,18,0.4444444444444444
5152,0.46411587285363964,11,0.7272727272727273
5153,0.2856479326822145,16,0.4375
5154,0.37274780099261917,22,0.5454545454545454
5155,0.31895525958595106,20,0.5
5156,0.49733627924050194,29,0.6551724137931034
5157,0.42599025185397144,13,0.6923076923076923
5158,0.6671344091949423,71,0.9014084507042254
5159,0.4825439559705519,17,0.5882352941176471
5160,0.36763830435849815,21,0.5714285714285714
5161,0.5022396595485814,25,0.72
5162,0.475386853088213,16,0.75
5163,0.34212195948253676,25,0.48
5164,0.5694350983204644,19,0.7368421052631579
5165,0.4601750647101788,12,0.6666666666666666
5166,0.16586394684079,24,0.375
5167,0.5165762806301891,24,0.7083333333333334
5168,0.5022009755405609,17,0.7647058823529411
5169,0.6421045622372212,18,0.8333333333333334
5170,0.4984363010717278,18,0.6666666666666666
5171,0.39351084273157905,22,0.6363636363636364
5172,0.4924734475236896,19,0.7368421052631579
5173,0.7396434568114797,24,0.875
5174,0.6046116648923845,18,0.8333333333333334
5175,0.3632449044004468,17,0.5882352941176471
5176,0.43464607856673765,18,0.6111111111111112
5177,0.3011592568357179,16,0.5625
5178,0.43238947042788917,56,0.8392857142857143
5179,0.21894250890674002,18,0.3888888888888889
5180,0.4389223219475593,22,0.6818181818181818
5181,0.22307124453595034,12,0.4166666666666667
5182,0.47019482661075723,17,0.6470588235294118
5183,0.29491492566316424,14,0.5
5184,0.6363902454618581,25,0.84
5185,0.14516670385140254,53,0.4528301886792453
5186,0.5650018524765343,18,0.7222222222222222
5187,0.39923462234614304,13,0.6153846153846154
5188,0.22604508090202213,17,0.47058823529411764
5189,0.03965297009508545,20,0.25
5190,0.2937266068005336,16,0.5625
5191,0.20460818357753072,21,0.38095238095238093
5192,0.07706185775509956,48,0.3541666666666667
5193,0.4600233350958104,17,0.6470588235294118
5194,0.40956952864761587,27,0.6666666666666666
5195,0.6185862912401588,23,0.8260869565217391
5196,0.2097782897778297,58,0.5517241379310345
5197,0.2259964978003119,15,0.4
5198,0.2666563935420766,17,0.47058823529411764
5199,0.41173754744612967,10,0.7
5200,0.304219876643412,23,0.5217391304347826
5201,0.4938152051135225,16,0.625
5202,0.5866097605170421,23,0.7391304347826086
5203,-0.1008663303466692,59,0.2033898305084746
5204,0.5224802065025295,21,0.7619047619047619
5205,0.6325299442716289,20,0.85
5206,0.380908558382735,14,0.6428571428571429
5207,0.43825669959171976,62,0.8225806451612904
5208,0.24459847515396632,17,0.4117647058823529
5209,0.2747365465792929,14,0.5
5210,0.09990013877324212,18,0.2777777777777778
5211,0.4491637109871527,26,0.6538461538461539
5212,0.2651736317242251,20,0.4
5213,0.5164033830295087,64,0.859375
5214,0.18111998610886093,49,0.5102040816326531
5215,0.499311392778429,15,0.7333333333333333
5216,0.1921144080778398,21,0.42857142857142855
5217,0.5344276808471534,23,0.7391304347826086
5218,0.5931683416952226,20,0.75
5219,0.29396331617801785,18,0.5555555555555556
5220,0.42688898681413034,14,0.6428571428571429
5221,0.5840777406761529,17,0.7647058823529411
5222,0.42643366343366673,20,0.65
5223,0.5223840586272686,19,0.6842105263157895
5224,0.27603327661055516,24,0.4583333333333333
5225,0.3811408369842503,16,0.5625
5226,0.4517997333081236,18,0.7222222222222222
5227,0.43133249945871227,11,0.7272727272727273
5228,0.5517391025011893,17,0.7647058823529411
5229,0.15771482367953724,64,0.53125
5230,0.48650588681792606,28,0.7142857142857143
5231,0.523179417189191,18,0.7222222222222222
5232,0.0822827080351246,22,0.3181818181818182
5233,0.4636097213918568,52,0.8269230769230769
5234,0.11575429657387347,26,0.38461538461538464
5235,0.15318441632431393,17,0.35294117647058826
5236,0.5394345241789037,14,0.7857142857142857
5237,0.1635211978756276,16,0.4375
5238,0.6259296775514449,18,0.8333333333333334
5239,0.5798805540993245,59,0.8813559322033898
5240,0.5308984865206245,20,0.75
5241,0.2849881080325232,15,0.5333333333333333
5242,0.6288354825215144,19,0.8421052631578947
5243,0.27374601234075774,18,0.4444444444444444
5244,0.2536422516378493,26,0.46153846153846156
5245,0.4463418046128499,67,0.8059701492537313
5246,0.22030653771784972,14,0.42857142857142855
5247,0.31677755832254534,35,0.5428571428571428
5248,0.3636701031156889,14,0.6428571428571429
5249,0.37213006509465335,18,0.6111111111111112
5250,0.16116509889399472,16,0.3125
5251,0.5921891749117967,60,0.9166666666666666
5252,0.1534773556648296,17,0.29411764705882354
5253,0.396158822579126,15,0.6666666666666666
5254,0.396624794958132,19,0.631578947368421
5255,0.5174367890663429,16,0.625
5256,0.312300488577134,14,0.5714285714285714
5257,0.13618794297215545,60,0.43333333333333335
5258,0.45356226022998297,12,0.6666666666666666
5259,0.14613500889187853,17,0.35294117647058826
5260,0.41009997905448,21,0.42857142857142855
5261,0.4638251498585754,22,0.5909090909090909
5262,0.48303771805956447,18,0.6666666666666666
5263,0.29373068647257466,17,0.5882352941176471
5264,0.7379379795025055,64,0.921875
5265,0.3992051614636919,17,0.5882352941176471
5266,0.5762001902469535,18,0.7777777777777778
5267,0.3443588866418364,59,0.7288135593220338
5268,0.5485234256273843,14,0.7142857142857143
5269,0.09735129544781757,18,0.2777777777777778
5270,0.2716246193100791,26,0.4230769230769231
5271,0.11281697261137923,23,0.34782608695652173
5272,0.3790494271519539,21,0.7619047619047619
5273,0.5368273185405591,15,0.8
5274,0.43104594332632706,12,0.6666666666666666
5275,0.3825607356364453,16,0.6875
5276,0.19091935860202558,58,0.4827586206896552
5277,0.18896047272770683,26,0.4230769230769231
5278,0.39979589890518674,14,0.5714285714285714
5279,0.25652841325100595,11,0.45454545454545453
5280,0.3448736662033472,18,0.6111111111111112
5281,0.43334129879822747,21,0.6666666666666666
5282,0.44507249633103024,23,0.5652173913043478
5283,0.24235007184196736,17,0.5882352941176471
5284,0.5406808378952773,18,0.7222222222222222
5285,0.3439738722040274,15,0.4666666666666667
5286,0.2372384774522878,21,0.47619047619047616
5287,0.22400683913534664,15,0.4666666666666667
5288,0.566520782676988,65,0.8769230769230769
5289,0.17857135754790052,13,0.38461538461538464
5290,0.2393319653042411,15,0.4666666666666667
5291,0.4553240217974893,57,0.8070175438596491
5292,0.12268849389050286,19,0.3157894736842105
5293,0.0983651701405634,23,0.30434782608695654
5294,0.4113216964722686,19,0.631578947368421
5295,0.5779515684136305,62,0.9032258064516129
5296,0.38875887658805947,16,0.6875
5297,0.6210543198388986,20,0.85
5298,0.7018914082961941,24,0.875
5299,0.12029273785490262,19,0.2631578947368421
5300,0.24954279126780296,17,0.5294117647058824
5301,0.3036183393520817,17,0.5294117647058824
5302,0.46406257842938176,16,0.625
5303,0.4170067849935994,13,0.6153846153846154
5304,0.3409246638526113,61,0.7377049180327869
5305,0.3880253538817494,65,0.676923076923077
5306,0.524363327297335,41,0.9024390243902439
5307,0.425460178802797,24,0.5416666666666666
5308,0.2102420235334319,15,0.4666666666666667
5309,0.41761968536151894,20,0.6
5310,0.21692584533940115,18,0.4444444444444444
5311,-0.427169447232305,3,0.0
5312,0.35957498275568056,14,0.5714285714285714
5313,0.14595049075056607,18,0.3888888888888889
5314,0.5904744441023955,20,0.8
5315,0.27572555682127015,18,0.5555555555555556
5316,0.14261127395937323,72,0.4444444444444444
5317,0.15710707941003238,14,0.35714285714285715
5318,0.33898084381415394,19,0.5263157894736842
5319,0.5984934792867211,62,0.8709677419354839
5320,0.37167572042674907,16,0.625
5321,0.21583189722364096,13,0.46153846153846156
5322,0.2768697092743424,19,0.5263157894736842
5323,0.25081313133571626,16,0.5
5324,0.2662612840508303,16,0.4375
5325,0.3225615107341043,23,0.4782608695652174
5326,0.2433485253172012,16,0.5625
5327,0.2784760044089981,22,0.45454545454545453
5328,0.3158709916278722,12,0.5833333333333334
5329,0.3327701149087786,14,0.6428571428571429
5330,0.14146720103817925,17,0.35294117647058826
5331,0.26080008910525826,11,0.45454545454545453
5332,0.5470291692949235,18,0.7777777777777778
5333,0.22208233779148046,20,0.35
5334,0.5203330011743925,14,0.7857142857142857
5335,-0.1442313105854891,64,0.171875
5336,0.5904183131641794,16,0.8125
5337,0.186215643430668,12,0.4166666666666667
5338,0.689166271216821,25,0.88
5339,0.632698741461793,23,0.8260869565217391
5340,0.2696463926357579,22,0.5
5341,0.32781231766702007,18,0.5555555555555556
5342,0.27775759623384316,14,0.5
5343,0.3006385151478947,19,0.47368421052631576
5344,0.17756976824312912,13,0.38461538461538464
5345,0.5830024931363653,18,0.7777777777777778
5346,0.49758033074929037,18,0.6666666666666666
5347,0.36977891455588263,15,0.6
5348,0.4943881281921601,14,0.6428571428571429
5349,0.6359666279770267,20,0.8
5350,0.21345154039265396,18,0.4444444444444444
5351,0.32593540713358315,52,0.6346153846153846
5352,0.4950470560492454,21,0.6666666666666666
5353,0.17403175627547918,17,0.35294117647058826
5354,0.5304916340055703,17,0.7647058823529411
5355,0.46368644332827436,61,0.819672131147541
5356,0.13249491442220454,23,0.34782608695652173
5357,0.29711869375784716,21,0.5714285714285714
5358,0.2251023301502029,15,0.4666666666666667
5359,0.3084254449538944,18,0.5
5360,0.10271796994125672,20,0.25
5361,0.46194732001900124,14,0.6428571428571429
5362,0.28687589242482786,19,0.3684210526315789
5363,0.16643706146157916,52,0.5384615384615384
5364,0.11752798396109382,18,0.2777777777777778
5365,0.37823837733640386,16,0.5625
5366,0.2422203639670457,15,0.5333333333333333
5367,0.23558422049905628,14,0.42857142857142855
5368,0.5111010551334472,20,0.75
5369,0.6296841049859926,15,0.8
5370,0.3389523021899166,64,0.703125
5371,0.43109919112941875,14,0.6428571428571429
5372,0.2684938405113163,14,0.5
5373,0.3258453764470063,14,0.5
5374,0.18949551676244564,16,0.375
5375,0.15150267529174113,13,0.38461538461538464
5376,0.5542936971679785,21,0.7142857142857143
5377,0.3500748851992273,11,0.6363636363636364
5378,0.3768394734442787,19,0.5789473684210527
5379,0.4077603366494519,19,0.631578947368421
5380,0.5675922560465363,64,0.875
5381,0.21371797426732464,15,0.4
5382,0.3920157981413668,17,0.5294117647058824
5383,0.5121801553584311,19,0.6842105263157895
5384,0.5618522710674114,17,0.7058823529411765
5385,0.28318347163723956,13,0.46153846153846156
5386,0.37997099179265115,16,0.625
5387,0.5490882298236962,55,0.8727272727272727
5388,0.13211542219634773,17,0.29411764705882354
5389,0.660799269309163,19,0.8421052631578947
5390,0.4111694696699499,16,0.6875
5391,0.7163058031625666,25,0.88
5392,0.40143388507505656,17,0.5882352941176471
5393,0.2867461785454017,18,0.5555555555555556
5394,0.5902013990899783,59,0.9152542372881356
5395,0.2668604819140112,21,0.47619047619047616
5396,0.45666273767553933,53,0.8301886792452831
5397,0.18264071276445412,15,0.4
5398,0.19101698861582322,17,0.4117647058823529
5399,0.2746194307651822,15,0.5333333333333333
5400,0.2919493864579767,19,0.5263157894736842
5401,0.23856452859618643,14,0.42857142857142855
5402,0.2948208682876391,18,0.5555555555555556
5403,0.3212750812375407,45,0.7111111111111111
5404,0.6358870467075379,22,0.7727272727272727
5405,0.374495052257631,15,0.5333333333333333
5406,0.4920436239582484,18,0.6666666666666666
5407,0.2910704159047743,54,0.6296296296296297
5408,0.4870124193464238,15,0.6666666666666666
5409,0.45290411497961225,16,0.6875
5410,0.17405458555013728,25,0.32
5411,0.5876328652550011,63,0.873015873015873
5412,0.2965648405909258,21,0.5238095238095238
5413,0.5429674219067161,58,0.8793103448275862
5414,0.4639913951175311,14,0.6428571428571429
5415,0.36136453281871206,18,0.6666666666666666
5416,0.34355412151116826,16,0.5625
5417,0.28832922681214085,16,0.5
5418,0.03521068714538471,62,0.3548387096774194
5419,0.2095039381898146,14,0.5
5420,0.24458308604299284,15,0.5333333333333333
5421,0.30275799177774193,25,0.48
5422,0.2248338530083537,13,0.38461538461538464
5423,0.45862028944490685,22,0.5
5424,0.36738596421139535,21,0.5238095238095238
5425,0.44266829065019386,13,0.6923076923076923
5426,0.299758671810308,16,0.4375
5427,0.385212007016146,15,0.6
5428,0.5318878501569853,72,0.8611111111111112
5429,0.3660006265533954,20,0.5
5430,0.23915595148316734,21,0.42857142857142855
5431,0.2849805347174128,17,0.5294117647058824
5432,0.3844836695789122,21,0.5714285714285714
5433,0.21212630404062055,15,0.4
5434,0.6083456594178653,65,0.8923076923076924
5435,0.36195382678989185,12,0.5833333333333334
5436,0.3009687855679902,18,0.5
5437,0.2676256119165003,19,0.5789473684210527
5438,0.2696349766161791,14,0.5
5439,0.3922249372965792,12,0.5833333333333334
5440,0.4854015871581949,18,0.6666666666666666
5441,0.44672864528433337,15,0.6666666666666666
5442,0.357140682472477,22,0.5909090909090909
5443,0.15470069461401076,19,0.3684210526315789
5444,0.24832759852604355,20,0.5
5445,0.5374375509621223,21,0.7142857142857143
5446,0.42697076581530635,20,0.65
5447,0.4917181585083594,19,0.7894736842105263
5448,0.14029000592823015,21,0.3333333333333333
5449,0.5794720317994398,20,0.8
5450,0.28771989494404876,13,0.5384615384615384
5451,0.30119790094201804,20,0.55
5452,0.4111945544532918,14,0.6428571428571429
5453,0.5752367221977963,30,0.8
5454,0.5796620223086242,16,0.75
5455,0.40214542091602584,24,0.625
5456,0.4778727219636821,22,0.6818181818181818
5457,0.38567883625481114,14,0.6428571428571429
5458,0.31372441754685065,19,0.5789473684210527
5459,0.7362323972674915,59,0.9491525423728814
5460,0.5119621284546099,16,0.6875
5461,0.42763632639350546,16,0.625
5462,0.6009491581655213,13,0.7692307692307693
5463,0.4906839150672399,14,0.7142857142857143
5464,0.31890924036012014,26,0.4230769230769231
5465,0.4469603067667016,21,0.7142857142857143
5466,0.5541081357170031,28,0.7857142857142857
5467,0.18543212661010533,18,0.3888888888888889
5468,0.4925827013753042,16,0.6875
5469,0.5361279493361691,18,0.7222222222222222
5470,0.283121565205958,56,0.625
5471,0.5004143472765272,20,0.75
5472,0.09750666092436867,21,0.38095238095238093
5473,0.2391396291569515,24,0.4166666666666667
5474,0.3973267905049388,24,0.625
5475,0.3830335954427417,22,0.5909090909090909
5476,0.12194979200421209,16,0.3125
5477,0.37928119506548624,15,0.6
5478,0.37898564874720786,17,0.5294117647058824
5479,0.5415635434905774,13,0.7692307692307693
5480,0.2580259145665826,16,0.4375
5481,0.24761829955041495,19,0.47368421052631576
5482,0.45466651788095563,18,0.6666666666666666
5483,0.4495299053978037,16,0.6875
5484,0.06224226050665288,23,0.2608695652173913
5485,0.4556761917078314,19,0.6842105263157895
5486,0.4082583613313556,18,0.6666666666666666
5487,0.3080696058138515,19,0.47368421052631576
5488,0.2922376897787298,17,0.5294117647058824
5489,0.48232876021985205,22,0.6818181818181818
5490,0.30846982196345274,17,0.5294117647058824
5491,-0.035958894380490054,60,0.2
5492,0.4425162667677315,16,0.75
5493,0.2933618759526152,15,0.4666666666666667
5494,0.6123396389026942,17,0.8235294117647058
5495,0.1091229214982177,21,0.3333333333333333
5496,0.6883914243816177,29,0.896551724137931
5497,0.3401593989886503,17,0.6470588235294118
5498,0.3823218789274137,20,0.6
5499,0.41371400573095857,16,0.6875
5500,0.38669660320989435,11,0.5454545454545454
5501,0.42095140930262637,12,0.6666666666666666
5502,0.43337380966924993,16,0.625
5503,0.6205268297255873,17,0.8235294117647058
5504,0.5199759423835727,16,0.6875
5505,-0.8530738887206408,4,0.0
5506,0.362803839328698,14,0.6428571428571429
5507,0.44715263355836643,21,0.7619047619047619
5508,0.5816196158717123,19,0.7894736842105263
5509,0.2720092190369447,19,0.42105263157894735
5510,0.40069263018531254,15,0.4
5511,0.2910385415981296,25,0.4
5512,0.2505754477522581,16,0.5
5513,0.3303377380485402,16,0.5
5514,0.3826974713202229,17,0.5882352941176471
5515,0.28906911677017527,10,0.5
5516,0.374263669412493,17,0.5882352941176471
5517,0.2516386659595163,15,0.4666666666666667
5518,0.11060002111963796,19,0.2631578947368421
5519,0.3544762795875182,19,0.42105263157894735
5520,0.32046769149148935,19,0.5789473684210527
5521,0.101507284416526,56,0.4642857142857143
5522,0.4819716848552857,70,0.8571428571428571
5523,0.28967130144708814,17,0.47058823529411764
5524,0.3562679515576435,9,0.6666666666666666
5525,0.41621683770227097,17,0.6470588235294118
5526,0.31962707043616,15,0.5333333333333333
5527,0.2877022882487331,24,0.4583333333333333
5528,0.2783575390858265,19,0.47368421052631576
5529,0.38366655561426727,13,0.6153846153846154
5530,0.1947117511918487,17,0.35294117647058826
5531,0.372446008934613,17,0.5882352941176471
5532,0.5640668113151153,24,0.7916666666666666
5533,0.3664299656830956,18,0.5
5534,0.3108686409576194,18,0.5
5535,0.41746625362500717,11,0.7272727272727273
5536,0.24168738537688841,16,0.4375
5537,0.236333549038229,13,0.46153846153846156
5538,0.48832956213119827,13,0.7692307692307693
5539,0.05610316720507956,22,0.22727272727272727
5540,0.4145831656578311,58,0.7758620689655172
5541,0.4475362397188869,55,0.8545454545454545
5542,0.19309154658384511,14,0.35714285714285715
5543,0.14755202385775898,29,0.3103448275862069
5544,0.2978464907115534,17,0.5294117647058824
5545,0.38215268886714465,20,0.65
5546,0.4430447835448,16,0.6875
5547,0.5066487581041766,24,0.7083333333333334
5548,0.5814847630680791,16,0.8125
5549,0.5980958151737313,5,0.8
5550,0.6104571240804098,17,0.8235294117647058
5551,0.22722485010715437,11,0.45454545454545453
5552,0.1917091587655571,16,0.4375
5553,0.40133600726867447,23,0.5652173913043478
5554,0.5565091486848861,18,0.7222222222222222
5555,0.47116880735216043,23,0.6521739130434783
5556,0.42925535960475203,59,0.8135593220338984
5557,0.37544963230149236,21,0.5238095238095238
5558,0.24625944241811976,13,0.5384615384615384
5559,0.172603753938434,19,0.3684210526315789
5560,0.32577464332564005,17,0.5294117647058824
5561,0.35455845085508003,20,0.45
5562,0.4297408387343948,17,0.6470588235294118
5563,0.3151000733991794,12,0.5
5564,0.35402442579829363,21,0.5238095238095238
5565,0.37854402228130074,24,0.5833333333333334
5566,0.6213957550640139,32,0.84375
5567,0.49417826464028114,16,0.6875
5568,0.52920154998552,59,0.8813559322033898
5569,0.5117238255356487,18,0.6666666666666666
5570,0.48342500892161205,57,0.8421052631578947
5571,0.4568633772120121,17,0.6470588235294118
5572,0.2607870555468742,24,0.5416666666666666
5573,0.36534900362454703,23,0.6086956521739131
5574,0.34405290046584813,15,0.5333333333333333
5575,0.31436826979700266,21,0.5714285714285714
5576,0.1860668502356169,21,0.42857142857142855
5577,0.5144130288298476,18,0.6666666666666666
5578,0.40678199235781315,24,0.625
5579,0.3669171897538209,13,0.5384615384615384
5580,0.3335823753531144,22,0.45454545454545453
5581,0.4531381485251073,16,0.5625
5582,0.2784680874625845,18,0.5555555555555556
5583,0.46986286374830627,20,0.6
5584,0.38955855319946425,7,0.42857142857142855
5585,0.3642263579940955,12,0.5833333333333334
5586,0.17992580537284258,20,0.35
5587,0.6150731523046549,20,0.8
5588,0.20089616109783373,19,0.42105263157894735
5589,0.1010136028433203,26,0.3076923076923077
5590,0.36752006710213253,24,0.625
5591,0.37701385462264975,14,0.5714285714285714
5592,0.22610186054192094,19,0.47368421052631576
5593,0.4090389234875298,19,0.631578947368421
5594,0.17532314545296632,12,0.4166666666666667
5595,0.4208440063463154,20,0.65
5596,0.55293638996747,14,0.7857142857142857
5597,0.39671685234065895,21,0.6666666666666666
5598,0.3144065829554939,15,0.4666666666666667
5599,0.19961867443976675,17,0.35294117647058826
5600,0.24522937366842942,14,0.5
5601,0.3737610027611051,21,0.5238095238095238
5602,0.3563144054919097,21,0.5714285714285714
5603,0.5487903584049022,60,0.8833333333333333
5604,0.48224239821088233,20,0.65
5605,0.12548645081274978,21,0.2857142857142857
5606,0.2677127758711093,19,0.3684210526315789
5607,0.26418858974067094,21,0.5238095238095238
5608,0.1550195875646286,16,0.3125
5609,0.4443701289828417,14,0.6428571428571429
5610,0.32327632413916546,15,0.6
5611,0.5858202806300912,15,0.8
5612,0.4034692898187549,22,0.6363636363636364
5613,0.2638396563054763,14,0.42857142857142855
5614,0.1469481171111775,22,0.36363636363636365
5615,0.4035833421339916,24,0.7083333333333334
5616,0.32709017378506144,14,0.5714285714285714
5617,0.42387722794562327,18,0.6111111111111112
5618,0.2884325087398138,16,0.5
5619,-0.004813980185136282,67,0.22388059701492538
5620,0.30169123852514834,20,0.5
5621,0.4741759073837822,17,0.7058823529411765
5622,0.4416083973157857,57,0.8070175438596491
5623,0.09116061395580764,22,0.3181818181818182
5624,0.5635777249068266,19,0.7894736842105263
5625,0.3396410352632073,18,0.6111111111111112
5626,0.330350703221467,56,0.7321428571428571
5627,0.23610189534312673,16,0.4375
5628,0.46215275092252234,30,0.6666666666666666
5629,0.5113146774731935,54,0.8888888888888888
5630,0.63895332961155,18,0.8333333333333334
5631,0.38295938695927945,14,0.5714285714285714
5632,0.18529679713789818,14,0.35714285714285715
5633,0.5926443832933013,3,0.6666666666666666
5634,0.4666086590732392,19,0.6842105263157895
5635,0.4325377380825774,21,0.6666666666666666
5636,0.4660791806302072,11,0.7272727272727273
5637,0.3663615252795908,26,0.5769230769230769
5638,0.2898608219941244,16,0.5
5639,0.18291105430764631,4,0.25
5640,0.6027362339297855,21,0.8571428571428571
5641,0.3661092303959124,14,0.5714285714285714
5642,0.389904054596446,18,0.6666666666666666
5643,0.31186324265363086,13,0.5384615384615384
5644,0.4493799387389933,19,0.7368421052631579
5645,0.48778753925976925,19,0.6842105263157895
5646,0.6505775442229792,64,0.9375
5647,0.22859555779163362,10,0.5
5648,0.4058964777924137,19,0.631578947368421
5649,0.41777082034166785,15,0.6
5650,0.6199587090995526,17,0.7647058823529411
5651,0.6261726148762229,15,0.8
5652,0.563440352748045,21,0.7619047619047619
5653,0.2616193864629896,17,0.47058823529411764
5654,0.2928914974933904,17,0.47058823529411764
5655,0.4203880905935778,21,0.6190476190476191
5656,0.4438478275517611,23,0.6086956521739131
5657,0.30694610294195984,23,0.5652173913043478
5658,0.2672698336586182,13,0.5384615384615384
5659,0.35160731610113183,18,0.5
5660,0.5031514496826042,14,0.7857142857142857
5661,0.43465545304885483,19,0.7368421052631579
5662,0.5379976286729601,20,0.7
5663,0.24498827953484822,16,0.375
5664,0.38923773162031394,17,0.5294117647058824
5665,0.18151062741263155,12,0.4166666666666667
5666,0.5047919194296729,54,0.8518518518518519
5667,0.3577028590289435,19,0.5263157894736842
5668,0.3643533113254865,21,0.5238095238095238
5669,0.45232583783599856,29,0.6896551724137931
5670,0.3632375065510858,17,0.6470588235294118
5671,0.41828202496322614,22,0.6363636363636364
5672,0.1834112604274679,14,0.35714285714285715
5673,0.14760835185831342,18,0.3888888888888889
5674,0.3682167104662431,20,0.5
5675,0.04973114321124173,21,0.2857142857142857
5676,0.1637779305945485,21,0.38095238095238093
5677,0.4804626549228316,13,0.6923076923076923
5678,0.22940972297610096,20,0.45
5679,0.5065155006283049,24,0.6666666666666666
5680,0.48511200850410147,10,0.7
5681,0.2429432195378719,17,0.5294117647058824
5682,0.47898603297166004,24,0.7083333333333334
5683,0.24046865074402257,19,0.42105263157894735
5684,0.4320114258735445,12,0.6666666666666666
5685,0.21778054601795033,6,0.3333333333333333
5686,0.19313393700270465,16,0.4375
5687,0.2261155707075993,13,0.38461538461538464
5688,0.25161757257744916,22,0.5
5689,0.1724552737668474,23,0.30434782608695654
5690,0.38889700527183135,15,0.6
5691,0.36601277645515623,24,0.5416666666666666
5692,0.4224536761789424,24,0.5
5693,0.3050897880531781,27,0.5555555555555556
5694,0.4120097796768823,12,0.6666666666666666
5695,0.5129351796896554,21,0.7619047619047619
5696,0.46962278507000876,18,0.6666666666666666
5697,0.2031851770842549,24,0.375
5698,0.37527880251999585,15,0.7333333333333333
5699,-0.16791262836154938,57,0.15789473684210525
5700,0.2074152674758473,26,0.4230769230769231
5701,0.4505790880389774,11,0.7272727272727273
5702,0.6639349215933604,24,0.7916666666666666
5703,0.23435654494949448,16,0.4375
5704,0.385946120981067,23,0.6956521739130435
5705,0.30429195662131264,21,0.42857142857142855
5706,0.6174956008811296,65,0.8923076923076924
5707,0.34006690163396724,18,0.4444444444444444
5708,0.4326350380546308,21,0.5714285714285714
5709,0.34299514923737046,17,0.6470588235294118
5710,0.625390934211636,6,0.5
5711,0.38844379550968205,12,0.4166666666666667
5712,0.34994685698025824,21,0.5238095238095238
5713,0.29183957610525185,15,0.5333333333333333
5714,0.11957969842069312,20,0.35
5715,0.6228978685146488,60,0.9166666666666666
5716,0.30224835736406,15,0.6
5717,0.17335596640748568,22,0.4090909090909091
5718,0.5702192523764511,20,0.75
5719,0.6793953153515928,23,0.782608695652174
5720,0.3901583617419992,18,0.5555555555555556
5721,0.2459089597042489,16,0.5
5722,0.19954405912887477,17,0.4117647058823529
5723,0.3092556147461004,14,0.6428571428571429
5724,0.2574936834961413,19,0.42105263157894735
5725,0.33080264498119893,15,0.6
5726,0.5261762801128497,14,0.7857142857142857
5727,0.5732907269220002,16,0.75
5728,0.2855860424162806,18,0.5
5729,0.36545794370387774,14,0.5714285714285714
5730,0.28953011988504407,18,0.5
5731,0.27557176456841914,15,0.4666666666666667
5732,0.5165198862266476,15,0.7333333333333333
5733,0.3877128278885828,21,0.5238095238095238
5734,0.17036073578710184,24,0.375
5735,0.17536416633079085,22,0.3181818181818182
5736,0.4503232410382857,15,0.6666666666666666
5737,0.14131493281721033,18,0.3333333333333333
5738,0.4312309612140947,20,0.65
5739,0.22294641424562925,17,0.4117647058823529
5740,0.28638608284712797,18,0.3888888888888889
5741,0.39700243858161177,14,0.5
5742,0.5471343128156944,16,0.75
5743,0.37629966119535635,15,0.6
5744,0.37179419295013455,20,0.6
5745,0.5319278138446462,17,0.7058823529411765
5746,0.16192005339691543,21,0.3333333333333333
5747,0.267038330736507,18,0.5
5748,0.2979326638235732,18,0.5
5749,0.46084612497398686,18,0.6666666666666666
5750,0.09471012379590613,16,0.3125
5751,0.25720459292820297,13,0.5384615384615384
5752,0.5343314505277843,13,0.7692307692307693
5753,0.3439369667608071,20,0.6
5754,0.18010332795574027,21,0.38095238095238093
5755,0.1290277043022678,18,0.2777777777777778
5756,0.2665391414259708,20,0.45
5757,0.18023456122793843,11,0.45454545454545453
5758,0.26325536546341016,20,0.55
5759,0.22972179131515247,14,0.5
5760,0.4364393792802915,24,0.7083333333333334
5761,0.25801549896776904,15,0.4666666666666667
5763,0.3718681278109186,12,0.5833333333333334
5764,0.505449940824329,16,0.75
5765,0.1487713875321462,15,0.3333333333333333
5766,0.4622622889739572,14,0.6428571428571429
5767,0.37385459049137226,15,0.6
5768,0.32803331370035566,18,0.5555555555555556
5769,0.3341712478928515,17,0.47058823529411764
5770,0.2831800667912061,16,0.5
5771,0.46846869738973157,23,0.6956521739130435
5772,0.4260881395523881,28,0.5714285714285714
5773,0.48480211377832383,10,0.7
5774,0.6106889001372396,70,0.8857142857142857
5775,0.45268135146204597,18,0.6111111111111112
5776,0.18775041771965884,16,0.375
5777,0.5780414723732135,17,0.7058823529411765
5778,0.45799534862262553,12,0.6666666666666666
5779,0.11533542137350562,15,0.3333333333333333
5780,0.16033568110049304,20,0.4
5781,0.2787608859301841,18,0.5555555555555556
5782,0.38964073751692463,18,0.6111111111111112
5783,0.17407889557294373,15,0.3333333333333333
5784,0.18052366168037323,20,0.5
5785,0.401126745347765,21,0.5714285714285714
5786,0.20472726388723486,22,0.45454545454545453
5787,0.3083466191219708,27,0.4444444444444444
5788,0.3302302172511245,19,0.5789473684210527
5789,0.4531370980497996,60,0.85
5790,0.42583316978928104,14,0.7142857142857143
5791,0.2916672012499494,10,0.5
5792,0.33256582989119116,26,0.5
5793,0.1186735605640374,20,0.3
5794,0.4648850878626167,14,0.6428571428571429
5795,0.371242014684134,20,0.6
5796,0.6161671098949685,20,0.8
5797,0.3310218749329521,18,0.5
5798,0.5772253890741025,18,0.7777777777777778
5799,0.2818796536840154,21,0.47619047619047616
5800,0.312219374295376,16,0.5625
5801,0.5271571611589708,13,0.7692307692307693
5802,0.1807734819623217,19,0.3684210526315789
5803,0.26572977789492824,19,0.5789473684210527
5804,0.2824103420427775,17,0.47058823529411764
5805,0.34248676014282237,27,0.5555555555555556
5806,0.5665121508853794,17,0.8235294117647058
5807,0.4741454943138789,23,0.6086956521739131
5808,0.35860734999512256,17,0.47058823529411764
5809,0.19810801957708116,17,0.4117647058823529
5810,0.4019060912813643,23,0.6521739130434783
5811,0.23272462052559564,12,0.4166666666666667
5812,0.016309452975448325,63,0.3333333333333333
5813,0.7414875385511335,24,0.875
5814,0.210998509291344,21,0.3333333333333333
5815,0.5549196479142343,19,0.7368421052631579
5816,0.4049255725555555,12,0.6666666666666666
5817,0.2519436151879154,14,0.42857142857142855
5818,0.4834944585840444,21,0.7142857142857143
5819,0.26926484052336075,20,0.45
5820,0.48674437418579586,57,0.8245614035087719
5821,-0.19560608866611565,59,0.1016949152542373
5822,0.23224076695466894,16,0.5
5823,0.6453470627206364,21,0.8095238095238095
5824,0.44071850921541517,20,0.7
5825,0.1935501400337216,11,0.45454545454545453
5826,0.23399594804267165,16,0.4375
5827,0.2306167866493824,21,0.47619047619047616
5828,0.4038774970428614,26,0.5384615384615384
5829,0.41533628624598956,17,0.7058823529411765
5830,0.2904349008117613,19,0.47368421052631576
5831,0.2264343747418888,21,0.42857142857142855
5832,0.17744179151689735,11,0.45454545454545453
5833,0.09293528378896078,21,0.3333333333333333
5834,-0.019538067262283246,56,0.25
5835,0.47101678365631133,19,0.7368421052631579
5836,0.3497185621560457,19,0.6842105263157895
5837,0.20047715514423953,16,0.375
5838,0.393376343530697,16,0.6875
5839,0.25569675949567616,16,0.5
5840,0.3714648470629054,20,0.6
5841,0.395400304199415,17,0.5882352941176471
5842,0.4727574213965773,21,0.6666666666666666
5843,0.28035720173521905,21,0.5238095238095238
5844,0.22374318741479038,18,0.4444444444444444
5845,0.5443355035058575,55,0.8727272727272727
5846,0.12040655717062919,16,0.3125
5847,0.47155731919349836,16,0.6875
5848,0.35577039700472524,13,0.6923076923076923
5849,0.3886049213917381,16,0.625
5850,0.33023798117016245,13,0.6153846153846154
5851,0.863637670363738,136,0.9705882352941176
5852,0.5456065668396041,133,0.8646616541353384
5853,0.7189264694297005,110,0.9363636363636364
5854,0.6063971700424909,13,0.8461538461538461
5855,0.5466555483980441,16,0.6875
5856,0.40976212119683997,134,0.8059701492537313
5857,0.5110129068152559,12,0.6666666666666666
5858,0.710335335013022,13,0.8461538461538461
5859,0.9683592406129519,139,0.9784172661870504
5860,0.7750256419950364,112,0.9464285714285714
5861,0.7078435892456967,51,0.9411764705882353
5862,0.3835576408634773,13,0.6153846153846154
5863,0.2476649414695798,14,0.42857142857142855
5864,1.2574153983255107,4,1.0
5865,0.47286875329935674,137,0.8540145985401459
5866,0.7935267055741594,126,0.9523809523809523
5867,0.8226694215699855,129,0.9612403100775194
5868,0.608667139890166,136,0.9044117647058824
5869,0.3256195533657477,112,0.6875
5870,0.4547132722597216,56,0.8392857142857143
5871,0.7495337066287873,13,0.8461538461538461
5872,0.3122835112030162,13,0.46153846153846156
5873,0.32927145538514424,11,0.5454545454545454
5874,0.27585302665029904,10,0.6
5875,0.6595868002362653,12,0.8333333333333334
5876,-0.03192293155025221,49,0.24489795918367346
5877,0.35470604050360194,68,0.7352941176470589
5879,0.4030413903883947,3,0.3333333333333333
5880,0.6910700362744193,114,0.9385964912280702
5881,0.39045589873412523,9,0.6666666666666666
5882,1.0530445340700232,132,0.9848484848484849
5883,0.45001543539685357,134,0.8731343283582089
5884,0.712401135545709,138,0.927536231884058
5885,0.7159959137505899,12,0.8333333333333334
5886,0.7352308925724564,14,0.8571428571428571
5887,0.5692076223136947,51,0.8823529411764706
5888,0.27813395601192736,121,0.6611570247933884
5889,0.7559113076166841,130,0.9538461538461539
5890,0.1352381337655547,56,0.44642857142857145
5891,0.6245944794803057,14,0.8571428571428571
5892,0.7091054614028436,121,0.9504132231404959
5894,0.29369190937167966,114,0.6491228070175439
5895,0.3091473872362548,139,0.7194244604316546
5896,0.3868618036425301,54,0.7962962962962963
5897,0.44528858755186357,123,0.8048780487804879
5898,0.6772972174318445,16,0.75
5899,0.4593189105656131,17,0.7058823529411765
5900,0.4030728479921735,14,0.5714285714285714
5901,0.292155681214603,147,0.7142857142857143
5902,0.09633474804416838,137,0.45985401459854014
5903,0.2888508313705593,137,0.7299270072992701
5904,0.32509606915874584,11,0.5454545454545454
5905,0.9152224019217857,134,0.9626865671641791
5906,0.32653561246231044,11,0.5454545454545454
5907,0.37640680751241395,16,0.625
5908,0.6416539302063062,10,0.8
5909,0.7309452712468022,52,0.9615384615384616
5910,0.30521002306458295,126,0.6428571428571429
5911,0.620899188664762,139,0.9280575539568345
5912,0.39736068454409335,106,0.7641509433962265
5913,0.7267599237976112,3,0.6666666666666666
5914,0.7533339209167912,121,0.9421487603305785
5915,0.6180458996254447,62,0.8870967741935484
5916,0.6364230500014283,133,0.924812030075188
5917,0.023780196466990634,53,0.3584905660377358
5918,0.5091087107874128,19,0.6842105263157895
5919,0.6903106186545702,15,0.8
5920,0.3456344349774747,13,0.6153846153846154
5921,0.5154371924210822,4,0.75
5922,0.301335889588206,12,0.5833333333333334
5923,0.8640779262156971,118,0.9661016949152542
5924,0.6494262384755798,13,0.7692307692307693
5927,0.575712545607972,125,0.864
5928,0.31940811551018916,131,0.7251908396946565
5929,0.6740030637121336,140,0.9285714285714286
5930,0.37234215600234355,13,0.46153846153846156
5931,0.12272994169378171,46,0.45652173913043476
5932,0.33016682671494335,127,0.6535433070866141
5933,0.6779553286563841,12,0.8333333333333334
5934,0.4698340364104843,14,0.5714285714285714
5935,0.1676392806666305,48,0.4375
5936,0.6326897260185048,131,0.9312977099236641
5937,0.07740535248244743,59,0.3728813559322034
5938,0.7052025889449342,133,0.9323308270676691
5939,-0.009283014625179956,37,0.24324324324324326
5940,0.27897399324700173,15,0.4666666666666667
5941,0.6917924054935336,150,0.9466666666666667
5942,0.5411878604039094,147,0.8843537414965986
5943,0.6447443197776719,109,0.944954128440367
5944,0.43477812065043864,155,0.8129032258064516
5945,0.8242167455329492,146,0.952054794520548
5946,0.3489493725653334,136,0.7205882352941176
5947,0.534063055412528,133,0.8721804511278195
5948,0.6509886775366761,11,0.8181818181818182
5949,0.6025149488667619,19,0.7894736842105263
5950,0.5203027590469524,19,0.6842105263157895
5951,0.548866012919095,121,0.8925619834710744
5952,0.3440695627015719,14,0.5714285714285714
5953,0.774716641416158,14,0.8571428571428571
5954,0.07659211183743309,132,0.5303030303030303
5955,0.8525181709974917,13,0.8461538461538461
5957,0.7313755538224134,13,0.8461538461538461
5958,0.5712288245720556,11,0.7272727272727273
5959,0.524834213208912,11,0.6363636363636364
5960,0.7954102237859444,140,0.9642857142857143
5961,0.3855456746784014,126,0.7698412698412699
5962,0.6492071290446625,138,0.9492753623188406
5963,0.41885458447409224,11,0.5454545454545454
5964,0.6529743569309049,12,0.8333333333333334
5965,0.7118042986255192,12,0.8333333333333334
5966,0.6969469516266495,109,0.926605504587156
5967,0.6107115780890379,12,0.75
5968,0.1896277102861091,18,0.3888888888888889
5969,0.7668797598789547,17,0.8823529411764706
5970,0.7091626357929669,11,0.8181818181818182
5971,0.2993991544187727,133,0.6917293233082706
5972,0.23324509425646286,49,0.5918367346938775
5973,0.5914644671801957,126,0.9047619047619048
5974,0.31381594327349094,131,0.7099236641221374
5975,0.6903859493640423,14,0.7857142857142857
5976,0.8122040690168073,52,0.9615384615384616
5977,0.6503366118779039,131,0.9236641221374046
5978,0.398855827396518,15,0.6666666666666666
5979,0.6835798899601603,131,0.9312977099236641
5980,0.8511109202494996,130,0.9615384615384616
5981,0.8377452955694297,129,0.9689922480620154
5982,0.34105625578360604,12,0.6666666666666666
5983,0.5880992210372462,13,0.7692307692307693
5984,0.4488827170073631,118,0.8305084745762712
5985,0.6345959077815613,149,0.912751677852349
5987,0.27285887614663207,119,0.680672268907563
5988,0.7213375673440694,13,0.8461538461538461
5989,0.04012154485112748,48,0.3125
5990,0.4889914710917873,15,0.6666666666666666
5991,0.660348936116505,128,0.9296875
5992,0.6701834949887243,131,0.9312977099236641
5993,0.8246171099310043,123,0.967479674796748
5994,0.7866090883517103,15,0.8666666666666667
5995,-0.8747952009262314,33,0.0
5996,0.5575289949201983,14,0.7857142857142857
5997,0.7220263237972326,117,0.9743589743589743
5998,0.09346822333909198,48,0.4375
5999,0.11467161026583267,45,0.4666666666666667
6002,0.6434315766572707,122,0.9098360655737705
6003,0.49202408693383476,144,0.8263888888888888
6004,0.5722782411133804,12,0.75
6005,0.3272467545198156,15,0.6
6006,0.3797675383111485,136,0.8088235294117647
6007,0.9781780628361112,139,0.9784172661870504
6008,0.5614667551820437,19,0.7368421052631579
6009,1.7451737490042614,127,1.0
6010,0.6736363662774584,122,0.9262295081967213
6011,0.874584758997083,50,0.98
6012,0.23365364708443453,13,0.46153846153846156
6013,0.36033945584766386,11,0.6363636363636364
6014,0.5609180554679254,12,0.8333333333333334
6015,0.2889842137881824,13,0.5384615384615384
6016,0.6881237354361847,12,0.8333333333333334
6017,0.27030675675297466,14,0.5
6018,0.6262721783976578,10,0.8
6019,0.8307210121208533,125,0.944
6020,0.39181792617645317,18,0.6111111111111112
6021,0.6811761574274416,12,0.8333333333333334
6022,0.13707592402723257,49,0.40816326530612246
6023,0.9431189620128063,139,0.9712230215827338
6024,0.6521527348000892,13,0.7692307692307693
6025,0.21863253045806033,4,0.25
6026,0.5277623846574018,17,0.6470588235294118
6027,0.3454126105053121,18,0.5
6028,0.0471544129350409,32,0.4375
6030,0.6164822237966084,124,0.9193548387096774
6031,0.3440990561997388,14,0.5714285714285714
6032,0.44476745169497495,15,0.6
6033,0.6808249220317323,126,0.9444444444444444
6034,0.04363692694919095,56,0.32142857142857145
6035,0.2815655491526135,132,0.7121212121212122
6036,0.5553497424705961,10,0.7
6037,0.9946198282163904,151,0.9735099337748344
6038,0.09737348790687199,139,0.49640287769784175
6039,0.6372666499903338,13,0.7692307692307693
6041,0.7035650834857091,143,0.951048951048951
6042,0.8958070394948621,115,0.9739130434782609
6043,0.5695214197277957,65,0.8769230769230769
6044,-0.017530227947913743,57,0.2807017543859649
6045,0.8656504224123541,153,0.9673202614379085
6046,1.0640530479949855,146,0.9863013698630136
6047,0.8149050438852261,18,0.8888888888888888
6048,0.6709463529802753,13,0.8461538461538461
6049,0.4073536244307993,52,0.8076923076923077
6050,0.6549395358448241,11,0.7272727272727273
6051,0.60076557820389,15,0.8
6052,0.7034556970304148,12,0.8333333333333334
6053,0.41324477156111733,137,0.8394160583941606
6054,0.8159991592195135,17,0.8823529411764706
6055,0.8872646775467053,124,0.967741935483871
6056,0.26205396240722384,138,0.6521739130434783
6057,0.4058787268459725,16,0.625
6058,0.6166362906513883,10,0.8
6060,0.7287408289568013,132,0.9393939393939394
6061,0.6939498050814943,14,0.8571428571428571
6062,0.6784468437805061,13,0.8461538461538461
6063,0.5049860431691522,123,0.8617886178861789
6064,0.6934028608318826,124,0.9596774193548387
6065,0.5270586780685773,12,0.6666666666666666
6066,0.7446031514498171,132,0.9545454545454546
6067,0.7562201143420829,137,0.948905109489051
6068,0.6978562272730211,14,0.7142857142857143
6069,0.5936173049835858,12,0.8333333333333334
6070,0.6372432384063508,10,0.8
6071,0.6753407598454886,11,0.8181818181818182
6072,0.5425971394326853,64,0.875
6073,1.0794089815888892,126,0.9841269841269841
6074,0.5170168544271828,12,0.6666666666666666
6075,0.5517801206763233,114,0.9210526315789473
6077,0.8455479698669531,56,0.9642857142857143
6078,0.8980978880121033,125,0.96
6079,0.7286977066109487,14,0.8571428571428571
6080,0.7482651523549303,5,0.6
6081,0.6551036312730456,125,0.92
6082,0.36738207414612495,13,0.6153846153846154
6083,0.6127832581844964,13,0.6923076923076923
6084,0.7402725799363561,122,0.9344262295081968
6085,-0.9878234074238681,27,0.0
6086,0.9063505903361295,111,0.9819819819819819
6087,0.7631518494245195,49,0.9591836734693877
6088,1.042622137768908,113,0.9823008849557522
6089,0.8645958947406014,128,0.9609375
6090,0.22220686382131283,17,0.35294117647058826
6091,0.5332662922266826,135,0.8888888888888888
6092,0.6577384268495472,11,0.8181818181818182
6093,0.6698893722927418,134,0.9253731343283582
6094,1.0350649399216523,116,0.9741379310344828
6095,0.6250614336253755,10,0.8
6096,1.1980435437061068,119,0.9915966386554622
6097,0.12974717301685848,52,0.46153846153846156
6098,0.40913459288201187,133,0.7819548872180451
6099,0.48901955711627143,13,0.6923076923076923
6100,0.7444518988895746,130,0.9384615384615385
6101,0.7542082307765362,126,0.9523809523809523
6102,0.5966859892415669,133,0.9097744360902256
6103,0.3593576386674583,10,0.6
6104,0.7417161387004813,14,0.8571428571428571
6105,0.19395874999653398,126,0.5
6106,0.7927344155949593,57,0.9649122807017544
6107,0.546913635873523,132,0.8863636363636364
6108,0.3870877216174852,121,0.8181818181818182
6109,0.43124151954091555,14,0.6428571428571429
6110,0.5296125983929659,15,0.7333333333333333
6111,0.1357325228143209,116,0.5862068965517241
6112,0.8300322358118225,58,0.9655172413793104
6113,0.1152374795814146,65,0.46153846153846156
6114,0.7221292488173668,13,0.8461538461538461
6115,0.45751524159481066,132,0.8484848484848485
6116,0.34075761444627967,12,0.5833333333333334
6117,0.981069536899344,130,0.9769230769230769
6118,0.5498223055255114,125,0.888
6119,0.3107262980508215,11,0.6363636363636364
6120,0.4787411868817404,46,0.9130434782608695
6121,0.6851090372847739,12,0.8333333333333334
6123,0.48242823957821324,12,0.6666666666666666
6124,0.3964631814758549,10,0.7
6125,0.11602645225569602,78,0.44871794871794873
6126,0.37990576277799415,17,0.5882352941176471
6127,0.4006103347318483,127,0.7874015748031497
6128,0.6509525137090093,55,0.9272727272727272
6129,0.5388157871591099,130,0.8615384615384616
6130,0.1564772176617407,56,0.5178571428571429
6131,0.47451266766028954,131,0.8244274809160306
6132,0.6491596383877639,10,0.8
6133,1.0187594908145343,112,0.9821428571428571
6134,0.5315820009669839,12,0.6666666666666666
6135,0.24986595811703985,15,0.4666666666666667
6136,0.623006418547772,10,0.8
6137,-0.06181568918342148,46,0.1956521739130435
6138,0.7579465720893791,13,0.8461538461538461
6139,0.47486243700977804,121,0.8264462809917356
6140,0.7581042755649017,17,0.8823529411764706
6141,0.7070563846741509,13,0.8461538461538461
6142,0.6242851208889938,119,0.8991596638655462
6143,0.8690862786230372,126,0.9682539682539683
6144,0.6171385190447574,14,0.7857142857142857
6145,0.7016442016702821,110,0.9363636363636364
6146,0.6277964515248874,50,0.9
6147,0.6280677851694583,15,0.8
6148,0.9754548222250499,141,0.9645390070921985
6149,0.30748477537187113,19,0.5263157894736842
6150,0.771623985859172,10,0.8
6151,0.529983336559043,11,0.7272727272727273
6152,0.5960883776848286,119,0.8907563025210085
6154,0.4080750098240374,129,0.8062015503875969
6155,0.13136743700330594,61,0.4918032786885246
6156,0.6793134398297475,11,0.8181818181818182
6157,0.9275271112110393,113,0.9823008849557522
6158,0.48836955727733083,11,0.7272727272727273
6159,2.003475930588573,129,1.0
6160,0.7377796130107273,133,0.9548872180451128
6161,0.739476554043065,119,0.957983193277311
6162,0.5090187771510396,23,0.7391304347826086
6163,0.7259310672550384,115,0.9478260869565217
6164,0.7539950439898956,119,0.957983193277311
6165,0.5420479499531109,10,0.7
6166,0.5391884943252533,14,0.7142857142857143
6167,0.66629531735038,10,0.8
6168,0.5313433799461459,14,0.6428571428571429
6169,0.8126936695735498,116,0.9568965517241379
6170,0.29096093099077497,15,0.5333333333333333
6171,0.43206432906805275,10,0.6
6172,0.6224505289505559,62,0.9193548387096774
6173,0.5063186266004811,12,0.75
6175,0.9506095972884683,147,0.9727891156462585
6176,0.6629634925297205,16,0.75
6177,0.48873174234791317,14,0.5714285714285714
6178,0.9149634550056548,127,0.968503937007874
6179,0.6520260400238997,14,0.8571428571428571
6180,0.502331890287801,13,0.6153846153846154
6181,0.7988850651114375,14,0.8571428571428571
6183,0.42416985625838177,11,0.6363636363636364
6184,0.7267158031673003,13,0.8461538461538461
6185,1.0485457538841985,131,0.9847328244274809
6186,0.7821886634759455,110,0.9545454545454546
6187,0.5807665309499109,124,0.9032258064516129
6188,0.5128436006729405,10,0.8
6189,0.5370440661909041,14,0.7142857142857143
6190,0.5948775244453663,15,0.7333333333333333
6191,0.5938428211368675,14,0.8571428571428571
6192,0.4475157776996544,125,0.84
6193,0.615526632340949,13,0.7692307692307693
6194,0.709122586391711,121,0.9421487603305785
6195,0.7134495946511343,131,0.9541984732824428
6196,0.8020150079165095,138,0.9347826086956522
6197,-0.062109867106416465,31,0.22580645161290322
6198,-0.04464603857441387,30,0.23333333333333334
6199,0.3460168343777114,15,0.5333333333333333
6200,0.6072576289460003,122,0.9016393442622951
6201,0.6263955607078007,10,0.8
6202,0.3380230302219469,132,0.7196969696969697
6203,-0.08797703326720632,43,0.20930232558139536
6204,-0.004750672930009838,40,0.25
6205,0.8330486338558557,132,0.946969696969697
6206,0.8209568759498393,136,0.9485294117647058
6207,0.15752033736607726,69,0.4492753623188406
6208,0.6316101520597929,13,0.7692307692307693
6209,0.9180176750091993,115,0.9652173913043478
6210,0.21210113865086888,14,0.42857142857142855
6211,0.5888952493842633,12,0.75
6212,0.8698705075672354,131,0.9618320610687023
6213,0.5505900617949421,134,0.8955223880597015
6214,0.678751508396027,13,0.8461538461538461
6215,0.7674222519753913,16,0.875
6216,0.6881028176953407,125,0.96
6217,0.586993267096525,135,0.8740740740740741
6218,0.7286332358595597,12,0.8333333333333334
6219,0.5612423320257616,12,0.75
6220,0.741705473813867,137,0.9635036496350365
6221,-0.03528323355290811,52,0.25
6222,0.4651427133315384,114,0.8508771929824561
6223,0.6327940169229701,139,0.8992805755395683
6224,0.5645195950857949,15,0.8
6225,0.37708743820802776,104,0.8269230769230769
6226,0.36674229758159677,14,0.6428571428571429
6227,0.3323568773974576,12,0.6666666666666666
6228,0.17693173532185513,4,0.5
6229,0.35707338080433093,11,0.5454545454545454
6230,0.8313496119687056,121,0.9669421487603306
6231,0.8550209832623947,150,0.9333333333333333
6232,0.6687557757072865,117,0.9401709401709402
6233,0.8540015716450076,140,0.9785714285714285
6234,0.5507873088557431,14,0.7857142857142857
6235,0.31164863002222915,14,0.5714285714285714
6236,0.5021168311058971,139,0.8489208633093526
6237,0.05132927815064912,60,0.38333333333333336
6238,0.46894686320183704,10,0.7
6239,0.43052286229925524,14,0.7142857142857143
6240,0.5657421696155416,148,0.8851351351351351
6241,0.0734735516768134,58,0.3448275862068966
6242,0.7058260019141925,11,0.8181818181818182
6243,0.5758417927647985,8,0.75
6244,0.6394049363868969,59,0.9491525423728814
6245,0.8958323890482378,140,0.9571428571428572
6246,0.5398732257254576,12,0.6666666666666666
6247,0.5270256841347528,11,0.8181818181818182
6248,0.7322937283668342,12,0.8333333333333334
6249,0.31432032883023103,17,0.47058823529411764
6250,0.650797708327919,125,0.936
6251,0.016649890496604855,51,0.35294117647058826
6252,0.4967144333651203,16,0.6875
6253,0.15303468834575712,130,0.5307692307692308
6254,0.5206236315363973,14,0.7142857142857143
6255,0.503632691678725,130,0.8692307692307693
6257,1.036012465801345,3,1.0
6258,0.6557298672534283,134,0.9328358208955224
6259,0.6853925076866614,13,0.8461538461538461
6260,0.4671299364571022,132,0.8181818181818182
6261,0.6955803103780549,144,0.9236111111111112
6262,0.5300219257292583,11,0.8181818181818182
6263,0.34081865134394324,4,0.5
6264,0.5004009266141604,138,0.8695652173913043
6265,0.6266442914652416,124,0.9274193548387096
6266,0.31238990576067993,12,0.5
6267,0.6581379002337008,16,0.875
6268,0.7838515028984259,125,0.96
6269,0.5764983666673461,136,0.9191176470588235
6270,0.6330863425226866,10,0.8
6271,0.6885003639071224,148,0.9391891891891891
6272,0.5267142026525468,10,0.8
6273,0.5563720296363255,139,0.8920863309352518
6274,1.6130295782097281,129,0.9922480620155039
6275,0.7310439242473483,137,0.927007299270073
6276,0.48032518669327134,18,0.6666666666666666
6277,-0.017394238878446815,35,0.2571428571428571
6278,0.6528394254860378,17,0.8235294117647058
6279,0.5848074739412202,8,0.75
6280,0.6773171207553987,18,0.7222222222222222
6281,0.6892663080828353,143,0.9090909090909091
6282,0.35190267561207245,15,0.5333333333333333
6283,0.7916735614452888,12,0.8333333333333334
6284,0.3710256104601769,16,0.5625
6285,0.556388499901908,138,0.8695652173913043
6286,0.7581935718845336,125,0.952
6287,1.4884072529365278,126,0.9920634920634921
6288,0.7578723041800001,13,0.8461538461538461
6289,0.63415891350825,132,0.8939393939393939
6290,0.9960271740682457,119,0.9831932773109243
6291,0.17854065924965962,43,0.5813953488372093
6292,0.4619715185085109,131,0.816793893129771
6294,0.7651456205359528,17,0.8823529411764706
6295,0.5991178062245417,124,0.8709677419354839
6296,0.2130058195759956,15,0.4
6297,0.45849226201031124,14,0.6428571428571429
6298,0.4829092562807297,15,0.7333333333333333
6299,0.23751286147033607,110,0.5818181818181818
6300,0.4039950334182487,12,0.5
6301,0.5500994183797472,19,0.6842105263157895
6302,0.727237885683789,132,0.9393939393939394
6303,0.7752222896444676,144,0.9583333333333334
6304,0.8499590129942305,135,0.9555555555555556
6305,0.9010395143793528,149,0.9664429530201343
6306,0.7452485410845244,153,0.9411764705882353
6307,0.5126746385294282,15,0.8
6308,0.6577658662965818,127,0.9133858267716536
6309,0.6765528677654561,49,0.9183673469387755
6310,0.8841920632133894,145,0.9655172413793104
6311,0.8247873934902994,126,0.9682539682539683
6312,0.7371622282170678,14,0.8571428571428571
6313,0.7623517430918465,17,0.8823529411764706
6314,0.042412361436060295,36,0.2777777777777778
6315,0.7558891225943667,16,0.8125
6316,0.7062361064627135,15,0.8666666666666667
6317,0.30475819656219544,15,0.6
6318,0.0822409630069099,61,0.4262295081967213
6319,0.47347246282938665,16,0.6875
6320,0.5245900384512239,10,0.8
6321,0.6646503684363052,11,0.8181818181818182
6322,0.31669143347139295,14,0.5714285714285714
6323,0.7936845115523422,143,0.965034965034965
6324,0.7649479940280091,131,0.9389312977099237
6325,0.66629531735038,10,0.8
6326,0.579053357659596,12,0.75
6327,0.5718971554051062,134,0.8805970149253731
6328,0.35766701388496025,13,0.6153846153846154
6329,0.6928985245441511,130,0.9384615384615385
6330,0.6777677242875857,12,0.8333333333333334
6331,0.8776039081777063,136,0.9779411764705882
6332,0.4606248277074199,13,0.6923076923076923
6333,0.4993453192777966,121,0.8925619834710744
6334,0.7177084122127603,17,0.7647058823529411
6335,0.21546368865490745,16,0.4375
6336,0.7772185903033303,136,0.9705882352941176
6337,0.6928087376907245,15,0.8
6338,0.44366608515361733,19,0.6842105263157895
6339,0.6158337835463137,128,0.9140625
6340,0.5008539649306122,123,0.8699186991869918
6341,0.5679850688900209,13,0.6923076923076923
6342,0.5628645382018173,58,0.896551724137931
6343,0.6937951848729943,12,0.8333333333333334
6344,0.7558315624429853,133,0.9624060150375939
6346,0.6012334038984679,122,0.9098360655737705
6347,0.5811902282836463,19,0.631578947368421
6348,0.5737470950827448,119,0.8991596638655462
6350,0.30182075104492423,62,0.6935483870967742
6351,0.5713752718972985,14,0.6428571428571429
6352,0.04489121711938985,33,0.30303030303030304
6353,0.13158285900041491,125,0.496
6354,0.2581259660677744,15,0.4666666666666667
6355,0.6334338678819047,14,0.8571428571428571
6356,0.4805213073740233,133,0.8120300751879699
6357,0.4960303838805573,145,0.8344827586206897
6358,0.35699554904389025,11,0.5454545454545454
6359,0.13162111083624048,3,0.3333333333333333
6360,0.5338246447277931,13,0.7692307692307693
6361,0.5965919153952519,129,0.9069767441860465
6362,0.4497666748932197,120,0.8083333333333333
6363,0.8277425950462984,113,0.9646017699115044
6364,0.30629526138564606,16,0.5
6365,0.5735841890920909,12,0.75
6366,0.5506668553691332,10,0.8
6367,0.384731162460181,13,0.6153846153846154
6368,0.79738815175886,142,0.9577464788732394
6369,0.658935297673141,10,0.8
6370,0.6858432080960726,113,0.9292035398230089
6371,0.7018273381902739,11,0.8181818181818182
6372,0.15174576000616735,122,0.5081967213114754
6374,0.43485127151007547,12,0.6666666666666666
6375,0.7755333185547616,124,0.9516129032258065
6376,0.6897440770134544,12,0.8333333333333334
6377,0.6592722609903864,126,0.9285714285714286
6378,0.4649012412199382,17,0.6470588235294118
6379,0.6411149419607853,11,0.8181818181818182
6380,0.23714630357200178,53,0.6037735849056604
6381,0.2565097254105182,18,0.5555555555555556
6382,0.41402000202729394,134,0.7611940298507462
6384,0.3414229804363636,15,0.5333333333333333
6385,0.6062980338843735,4,0.5
6386,0.566612072573452,122,0.8934426229508197
6387,0.5268581551464883,16,0.75
6388,0.3941529978250095,116,0.7758620689655172
6389,0.941277322632345,131,0.9694656488549618
6390,0.7079276154634628,14,0.8571428571428571
6391,0.3410398772887616,138,0.7246376811594203
6392,0.5685546398199682,3,0.6666666666666666
6393,0.486033281887837,139,0.8992805755395683
6394,0.5770792376362409,130,0.8692307692307693
6395,0.19230775298071195,129,0.5968992248062015
6396,0.18702548927385798,124,0.5241935483870968
6397,0.350434269943486,119,0.7563025210084033
6398,0.661879752501204,12,0.8333333333333334
6399,0.2819927205185304,122,0.7295081967213115
6400,0.06452980988698744,130,0.38461538461538464
6401,0.4687695768663496,113,0.8495575221238938
6402,0.5859367594389996,12,0.8333333333333334
6403,0.7743768988922602,136,0.9632352941176471
6404,0.05314270836214195,142,0.38028169014084506
6405,0.7591822863194645,126,0.9523809523809523
6406,0.6568493468072968,130,0.9307692307692308
6407,0.5713754357964334,21,0.7619047619047619
6408,0.5223023033476804,12,0.6666666666666666
6409,0.6767076726099385,12,0.8333333333333334
6410,0.6983769264430856,126,0.9603174603174603
6411,0.46956003776169947,125,0.816
6412,1.0314426897537707,119,0.9831932773109243
6413,0.289864073228634,12,0.5
6414,0.546658934049611,11,0.7272727272727273
6415,0.7536315159676369,106,0.9622641509433962
6416,0.5240426349674431,16,0.75
6417,0.39964450545650887,15,0.7333333333333333
6418,0.6172081174148573,118,0.9322033898305084
6419,0.6627600277103141,16,0.875
6420,0.06905562683476123,48,0.3541666666666667
6421,0.22482282798257816,14,0.42857142857142855
6422,0.6979489658469389,138,0.9347826086956522
6423,0.7454893187218692,12,0.75
6424,0.7913080591385374,133,0.9548872180451128
6425,0.2641166714837382,122,0.6639344262295082
6426,0.37125768758400995,16,0.5625
6427,0.3804181085274474,115,0.7652173913043478
6428,0.6022309604113957,14,0.7142857142857143
6429,0.19709821686705017,125,0.64
6430,-0.13163065506163282,42,0.14285714285714285
6431,0.5778925650725699,15,0.6666666666666666
6432,0.08842743612073069,49,0.3469387755102041
6433,0.706960946585226,11,0.8181818181818182
6434,0.2138402929637366,21,0.42857142857142855
6435,0.8484626664772869,122,0.9672131147540983
6436,0.771623985859172,10,0.8
6437,1.115915501996394,137,0.9927007299270073
6438,0.692063351865566,14,0.8571428571428571
6439,1.0542087243794238,129,0.9767441860465116
6440,0.7547376316076804,15,0.8
6441,0.20889174438537156,107,0.5607476635514018
6442,0.26286794870751135,140,0.6357142857142857
6443,0.6810189280381582,131,0.9312977099236641
6444,0.9182011176813293,132,0.9772727272727273
6445,0.3526819025197259,125,0.728
6446,0.5232875724494481,134,0.8731343283582089
6447,0.47340984487768595,127,0.8661417322834646
6448,0.3070351314599874,123,0.6829268292682927
6449,0.3078994602840008,11,0.5454545454545454
6450,0.16443292644479274,54,0.46296296296296297
6451,0.7088207697932457,128,0.921875
6452,0.6526261065110719,134,0.9552238805970149
6453,1.4187673462059271,124,0.9919354838709677
6454,0.30156500981704304,144,0.7291666666666666
6456,0.7095386297816128,127,0.9448818897637795
6457,0.7468066616367094,143,0.9440559440559441
6458,0.35991929311205717,129,0.689922480620155
6459,0.6362443926791062,14,0.7142857142857143
6460,0.6642859250566485,144,0.9513888888888888
6461,0.1962467445712739,150,0.6
6462,0.22763231955392663,127,0.5590551181102362
6463,0.5366995023673744,11,0.8181818181818182
6464,0.6824699510968307,15,0.8
6465,0.2452518531420445,139,0.6474820143884892
6466,0.6101413217175549,130,0.9
6467,0.915784057291993,109,0.9724770642201835
6468,0.3500354089821208,56,0.7857142857142857
6469,0.37287487144002823,15,0.6
6470,0.33315934184144397,17,0.5882352941176471
6471,0.477236396164187,12,0.6666666666666666
6472,0.5834620070974158,13,0.6923076923076923
6473,0.7240614989049522,126,0.9444444444444444
6474,0.568234052851918,16,0.8125
6475,0.20724584106195051,14,0.42857142857142855
6476,0.5170913409223026,20,0.75
6477,0.836949595188514,133,0.9699248120300752
6478,0.579992564592451,145,0.9310344827586207
6479,0.5928346908861739,128,0.9296875
6480,0.5599933853010619,13,0.7692307692307693
6481,0.9316015682192768,133,0.9774436090225563
6482,0.12241194038846345,54,0.4444444444444444
6483,0.38606674446621836,48,0.8333333333333334
6484,0.753722762655784,14,0.8571428571428571
6485,0.726417565610678,122,0.9590163934426229
6486,0.6552008790509846,19,0.8421052631578947
6487,0.5147424520744808,123,0.8211382113821138
6488,0.40107357882482436,53,0.7924528301886793
6489,0.8500290997593178,142,0.971830985915493
6490,0.48679984814188415,14,0.6428571428571429
6491,0.5665164987603579,16,0.5625
6492,0.5386532098013166,134,0.9029850746268657
6493,0.4544320452254642,9,0.6666666666666666
6494,0.6182765503421133,13,0.7692307692307693
6495,0.560936956194952,13,0.7692307692307693
6496,0.6240003019045757,128,0.921875
6497,0.22808066472133254,135,0.6222222222222222
6498,0.8140892605301911,14,0.8571428571428571
6499,0.02580494591269577,19,0.2631578947368421
6500,0.7242638278990804,16,0.75
6501,0.4401947759212953,58,0.8448275862068966
6502,0.6546602660503027,59,0.9152542372881356
6503,0.7437467266151475,18,0.8888888888888888
6504,0.6806713404216078,127,0.937007874015748
6505,0.6859017957395498,12,0.8333333333333334
6506,0.8475689487779664,122,0.9672131147540983
6507,0.21645882957470158,14,0.42857142857142855
6508,0.28953592592436556,12,0.5
6509,0.6252318458857895,139,0.9064748201438849
6510,0.49833375934706853,125,0.832
6511,-0.065397201981831,120,0.275
6512,0.17315518508767,113,0.5752212389380531
6513,0.6701473391720829,60,0.9
6514,0.5758417927647985,8,0.75
6515,0.3667667844348023,128,0.6796875
6516,0.030002601071785005,48,0.3125
6517,0.6636227145353905,130,0.9307692307692308
6518,0.6854572306358381,12,0.8333333333333334
6519,0.1653226398756757,74,0.6351351351351351
6520,0.8531153812573935,135,0.9555555555555556
6521,0.30496940953639257,12,0.5
6522,0.389325133959391,11,0.6363636363636364
6523,0.513095424869408,43,0.9534883720930233
6524,0.6017970905236435,14,0.7142857142857143
6525,0.6007746595661609,13,0.8461538461538461
6526,0.44287458928178186,12,0.6666666666666666
6527,0.5758417927647985,8,0.75
6528,0.7570320416170814,127,0.9212598425196851
6529,0.2715223111090513,129,0.6201550387596899
6530,0.7131804958556747,125,0.928
6531,0.8293390643979395,65,0.9692307692307692
6532,0.6711897664801545,19,0.7894736842105263
6533,0.7724615297838066,15,0.8666666666666667
6534,0.8805852755272034,133,0.9699248120300752
6535,0.6421152793901934,17,0.7647058823529411
6536,0.5868732484996909,16,0.75
6537,0.795682761560809,145,0.9517241379310345
6538,0.7655419276142635,13,0.8461538461538461
6539,0.7163493974818246,16,0.8125
6540,0.02253238518617282,52,0.3076923076923077
6541,0.3250643155333507,11,0.5454545454545454
6542,0.6362182904350685,141,0.9148936170212766
6544,0.2683084282687442,51,0.6078431372549019
6545,0.6694723080966493,11,0.8181818181818182
6546,0.3073455927019492,13,0.5384615384615384
6547,0.9012743084608902,139,0.9784172661870504
6548,0.6972679911343296,141,0.9574468085106383
6549,0.6631197736247445,13,0.8461538461538461
6550,0.8430486346668329,127,0.9606299212598425
6551,0.3979961454210402,133,0.849624060150376
6552,0.5580627401315765,136,0.8970588235294118
6553,0.7671686176129251,136,0.9411764705882353
6554,0.5916339714118342,13,0.6923076923076923
6555,0.645436671347466,138,0.9202898550724637
6556,0.38048639656410443,13,0.6923076923076923
6557,0.2930347056635453,13,0.46153846153846156
6558,0.6017571395981418,9,0.7777777777777778
6559,0.5275287410569839,123,0.8699186991869918
6560,0.6956062073851114,12,0.8333333333333334
6561,0.6118981725880726,13,0.6923076923076923
6562,0.9282651702541042,110,0.9727272727272728
6563,-0.04153203123916489,54,0.24074074074074073
6564,0.5497621315084733,130,0.8769230769230769
6565,0.1819430083849134,65,0.5230769230769231
6566,0.35916963215652764,13,0.6923076923076923
6567,0.6121755331472336,149,0.9261744966442953
6568,0.4792710776540522,13,0.6923076923076923
6569,0.4225203995148929,14,0.5
6570,0.24898725317786174,130,0.6923076923076923
6571,0.835303923493229,15,0.8666666666666667
6572,0.8324101795114622,130,0.9615384615384616
6573,0.353006248147661,18,0.6666666666666666
6574,0.3708378710481883,14,0.6428571428571429
6575,0.34192256740853555,144,0.8263888888888888
6576,0.7494034054996042,18,0.8888888888888888
6577,0.7024862082429211,125,0.944
6578,0.3869030681639732,12,0.5
6579,0.2655843482033247,62,0.6451612903225806
6580,0.5583316456732855,13,0.7692307692307693
6581,0.3042422346308868,10,0.6
6582,0.6928285418242682,11,0.7272727272727273
6583,0.42701767880896246,12,0.6666666666666666
6584,0.4937632283231315,14,0.7857142857142857
6585,0.45432772776970554,15,0.6666666666666666
6586,0.12466043682131019,130,0.5076923076923077
6587,0.6238912962800566,13,0.7692307692307693
6588,0.44513515552513266,139,0.7913669064748201
6589,0.6743211951244168,12,0.8333333333333334
6590,0.4676471462970462,17,0.6470588235294118
6591,0.5447593458749627,125,0.888
6592,0.3287862736032272,45,0.7777777777777778
6593,0.6969624284729932,137,0.9416058394160584
6594,0.0992359244149811,39,0.38461538461538464
6595,0.08517777982314272,48,0.3958333333333333
6596,0.3534569985569011,132,0.7272727272727273
6597,0.7457534006182369,141,0.9361702127659575
6598,0.12865528690270875,128,0.4453125
6599,0.43682179169070434,18,0.6111111111111112
6600,1.0306368804020507,122,0.9754098360655737
6601,0.600654716089707,129,0.8992248062015504
6603,0.7897996066606437,131,0.9618320610687023
6604,0.7057085563545601,136,0.9411764705882353
6605,0.5595866035872977,131,0.8931297709923665
6606,0.7012050098597244,13,0.8461538461538461
6607,0.7610798008879365,15,0.8666666666666667
6608,0.6496545187342222,12,0.8333333333333334
6609,0.7196198388057876,14,0.7857142857142857
6610,-0.035318983188198545,4,0.25
6611,0.7620723638809137,125,0.944
6612,0.743654364393154,131,0.9312977099236641
6613,0.7432436187745473,145,0.9655172413793104
6614,0.7634756601214211,137,0.948905109489051
6615,0.4298864604840878,20,0.55
6616,0.8342758798384591,132,0.9545454545454546
6617,0.5968684416112917,15,0.6666666666666666
6618,0.2376964245577895,14,0.42857142857142855
6619,0.4138820855072758,115,0.8434782608695652
6620,0.5112759808925764,15,0.7333333333333333
6621,0.4159845190168413,11,0.6363636363636364
6622,0.4838070034488954,127,0.84251968503937
6623,0.7195913943077112,146,0.9452054794520548
6624,1.0585554196998328,147,0.9795918367346939
6625,0.616639368230814,12,0.75
6626,0.5410005607004661,65,0.8769230769230769
6627,0.42372172330660707,122,0.819672131147541
6628,0.8182790351638465,116,0.9568965517241379
6629,0.36327687390870117,15,0.5333333333333333
6630,0.5209153805861868,129,0.8992248062015504
6631,0.29799617712009707,14,0.42857142857142855
6632,0.549954552558822,11,0.7272727272727273
6633,0.6640468055107338,14,0.7857142857142857
6634,0.6290689183149895,10,0.8
6635,0.7202675979974065,13,0.7692307692307693
6636,0.5132446790147088,4,0.5
6637,0.7569415709297782,155,0.9483870967741935
6638,0.6882997767446973,14,0.7142857142857143
6639,0.44707254481363734,126,0.8095238095238095
6640,0.481415093407672,125,0.84
6641,0.12486679625750528,128,0.5703125
6642,0.5245192530651598,148,0.8783783783783784
6643,0.5414573890687959,56,0.8571428571428571
6644,0.5335224964120066,135,0.9037037037037037
6645,0.6013873849342914,14,0.7857142857142857
6646,0.5061773758149161,12,0.6666666666666666
6647,0.6269029349426138,14,0.7142857142857143
6648,1.1193248054134057,3,1.0
6649,0.445832972825083,19,0.5789473684210527
6651,0.3697958237809835,16,0.5
6652,0.710544315580677,112,0.9375
6653,0.36526165276784306,138,0.782608695652174
6654,0.42460828767824976,136,0.75
6655,0.5140156496352466,13,0.7692307692307693
6656,0.5350004130569384,136,0.8455882352941176
6658,0.407261822757556,10,0.6
6659,0.677746401152012,14,0.8571428571428571
6660,-0.08374098888687012,46,0.17391304347826086
6661,0.15140202892566623,116,0.5258620689655172
6662,0.5535419149184185,138,0.8985507246376812
6663,0.4024080912633073,131,0.7786259541984732
6664,1.0328052445455764,126,0.9761904761904762
6665,0.6942979907222087,4,0.5
6666,0.34317160360255733,16,0.625
6667,0.03990990465169885,58,0.3103448275862069
6668,0.7999816602560612,21,0.8095238095238095
6669,0.556890543636653,58,0.896551724137931
6670,0.462003273839635,119,0.8907563025210085
6671,0.34070674088823066,19,0.5263157894736842
6672,0.8785540814322169,64,0.96875
6673,0.493724791144522,18,0.6666666666666666
6674,0.5758417927647985,8,0.75
6675,0.9425256764836749,124,0.967741935483871
6676,0.5360265481788994,143,0.8671328671328671
6677,0.3615051439738656,131,0.8015267175572519
6678,0.5527565269677395,14,0.7857142857142857
6679,0.2506837839528457,132,0.6515151515151515
6680,0.03703616123898869,117,0.3247863247863248
6681,0.5539770906803799,9,0.6666666666666666
6682,0.2555972818244656,66,0.6818181818181818
6683,0.7649004271018831,137,0.948905109489051
6684,0.6764096459108019,127,0.937007874015748
6685,0.5557466443817247,136,0.8970588235294118
6686,0.3842450028816445,15,0.7333333333333333
6687,0.6364149701359318,10,0.8
6688,0.6264101249035557,66,0.9242424242424242
6689,0.690390644039462,12,0.8333333333333334
6690,0.3003051078313974,11,0.5454545454545454
6691,0.36707042915785176,117,0.7692307692307693
6692,0.6806833130354394,16,0.8125
6693,0.7862471820604835,141,0.9645390070921985
6694,0.7359841209726941,16,0.875
6695,-0.1109851321188003,128,0.34375
6696,0.33727584178562825,13,0.6153846153846154
6697,0.8036326711549101,133,0.9473684210526315
6698,0.7203713758082628,148,0.9459459459459459
6699,0.4578394915428667,121,0.859504132231405
6700,0.7154394233640988,12,0.8333333333333334
6701,0.6780030501353573,12,0.8333333333333334
6702,0.3926455570027148,9,0.6666666666666666
6703,0.21639880522522284,62,0.5483870967741935
6705,0.3704209628872433,52,0.75
6706,0.5407769079004187,12,0.75
6707,0.08592015720881784,6,0.3333333333333333
6708,0.7446935753488906,135,0.9555555555555556
6709,0.6600425892156703,11,0.8181818181818182
6710,0.4996948668439165,14,0.6428571428571429
6711,0.6726911763465344,15,0.8
6712,0.2804592059396774,12,0.5833333333333334
6713,0.646785080999018,126,0.9047619047619048
6714,0.6485770037308164,16,0.8125
6716,0.12016753287324589,20,0.3
6718,0.5134959129942346,58,0.8793103448275862
6719,0.14821127665744066,18,0.3333333333333333
6721,0.571752383770175,136,0.9191176470588235
6722,0.4179111986336158,140,0.7857142857142857
6723,0.1927624724947106,41,0.5365853658536586
6724,0.5123384185940639,18,0.6666666666666666
6725,0.502717733995186,136,0.8235294117647058
6726,0.5331805637908266,135,0.8888888888888888
6727,-0.09266078473103165,46,0.17391304347826086
6728,0.8591239345378621,130,0.9769230769230769
6729,0.41630458646918383,11,0.6363636363636364
6730,0.18902863917206048,52,0.5961538461538461
6731,0.35410714854181435,12,0.5
6732,0.16349753831589597,15,0.4
6733,0.38007868575912157,136,0.7573529411764706
6734,0.6962107256514646,14,0.8571428571428571
6735,0.8620794911373508,126,0.9603174603174603
6736,0.0147475667525113,124,0.3951612903225806
6737,0.4498186318327021,11,0.7272727272727273
6738,0.552872885765869,120,0.9
6739,0.6860852781255078,133,0.9398496240601504
6740,0.4946201211118716,13,0.7692307692307693
6741,0.5910725778057054,134,0.8955223880597015
6742,0.4878267659151502,14,0.6428571428571429
6743,0.4470400777341905,14,0.5714285714285714
6744,0.2527623385870334,12,0.5
6745,0.7372980228663991,134,0.9402985074626866
6746,0.6262721783976578,10,0.8
6747,0.29986768100887684,19,0.5789473684210527
6748,0.6639478700007106,128,0.921875
6749,-0.0323662400554577,98,0.29591836734693877
6750,0.8222652433818367,12,0.8333333333333334
6751,0.633446934357116,136,0.9338235294117647
6752,0.5217025417921354,10,0.8
6753,0.6446522943029995,11,0.8181818181818182
6754,0.6873000138009868,13,0.8461538461538461
6755,0.2032596155107111,147,0.5918367346938775
6756,0.5975215669057322,62,0.9032258064516129
6757,0.29033686341926135,15,0.4666666666666667
6758,0.07176256177998167,140,0.4785714285714286
6759,0.8839146647236092,111,0.9279279279279279
6760,0.5632101494329744,128,0.9375
6761,0.8109021048264622,136,0.9411764705882353
6763,0.5096986671747917,120,0.8916666666666667
6764,0.5877559377227318,14,0.8571428571428571
6765,0.6573440198530401,135,0.9259259259259259
6766,0.7240049862049424,17,0.7647058823529411
6767,0.05821316808714169,132,0.3939393939393939
6768,0.1867757969319558,56,0.5714285714285714
6769,0.7977931192290947,13,0.7692307692307693
6770,0.5250197724418754,128,0.8203125
6771,0.6166362906513883,10,0.8
6772,0.6075255942007597,140,0.9
6773,0.5291531833040876,10,0.8
6774,0.7021183232539702,12,0.8333333333333334
6775,0.3685834861817099,58,0.7586206896551724
6776,0.6002534058211383,129,0.8992248062015504
6777,0.9103418540883733,19,0.8947368421052632
6778,0.697916547635038,13,0.8461538461538461
6779,0.6242379460509205,6,0.6666666666666666
6780,0.3194346832221021,15,0.6
6781,0.3753309870232438,133,0.7669172932330827
6783,0.8068923117435208,109,0.9541284403669725
6784,0.6572755115460668,135,0.9037037037037037
6785,0.437469185390072,14,0.6428571428571429
6786,0.5194408440658196,132,0.8333333333333334
6787,0.7232598140839374,12,0.8333333333333334
6788,0.8169195457908706,129,0.9689922480620154
6789,0.6635012158426686,12,0.8333333333333334
6790,0.6995462121560361,14,0.8571428571428571
6791,0.5324743150386488,13,0.6153846153846154
6792,0.7961552853236021,140,0.9571428571428572
6793,0.41997190168603776,131,0.8015267175572519
6794,0.6029104983371787,12,0.8333333333333334
6795,-5.0,3,0.3333333333333333
6796,0.5838818074785534,13,0.7692307692307693
6797,0.16163153344843692,121,0.5619834710743802
6798,0.5418188839985014,15,0.7333333333333333
6799,0.9999788750745737,127,0.9921259842519685
6800,0.7336832644229547,14,0.8571428571428571
6801,0.7534095006331695,127,0.9448818897637795
6802,0.5180797095153313,18,0.7777777777777778
6803,0.6994354608981502,53,0.9245283018867925
6804,0.6539580606171951,10,0.8
6805,0.5898549889896628,13,0.6923076923076923
6806,0.6319263419348494,129,0.937984496124031
6807,0.6959613478086855,132,0.9015151515151515
6808,0.7478375850084948,16,0.875
6809,-0.06629536129809019,121,0.32231404958677684
6810,0.44011233490797214,117,0.8034188034188035
6811,0.7030480413478454,18,0.7777777777777778
6812,0.5872834237483715,125,0.88
6813,0.14545740107845778,123,0.5853658536585366
6814,0.29126878822554486,17,0.5882352941176471
6815,0.23452634130897,137,0.6058394160583942
6816,0.8109607724872614,15,0.8666666666666667
6817,0.68135522265428,14,0.8571428571428571
6819,0.40217038621512813,14,0.6428571428571429
6820,0.26857416688749375,15,0.4
6822,0.5443708744584773,18,0.6666666666666666
6823,0.499751156038956,12,0.75
6824,0.6942099707757592,133,0.9548872180451128
6825,0.3047666644265067,133,0.6917293233082706
6826,0.5748212515205808,13,0.7692307692307693
6827,0.6294019384770682,123,0.9186991869918699
6828,0.6701042966419156,127,0.952755905511811
6829,0.687972069407516,13,0.8461538461538461
6830,0.17996187125402782,129,0.5271317829457365
6831,0.6447075733569118,142,0.9295774647887324
6832,0.611153720487322,141,0.9290780141843972
6833,0.34840562073865416,120,0.6833333333333333
6834,0.33228188274099374,134,0.6940298507462687
6835,0.6149838961929018,13,0.8461538461538461
6836,0.7886553530415715,15,0.8666666666666667
6837,0.6407542156514107,12,0.8333333333333334
6838,0.5842217920121273,14,0.7857142857142857
6839,0.6265932826052085,134,0.9477611940298507
6840,0.6703624652793502,19,0.7894736842105263
6841,0.4089984532316928,125,0.776
6842,0.7462674737429129,125,0.936
6843,0.661620813785811,121,0.9256198347107438
6844,0.28394496434408056,155,0.6838709677419355
6845,0.4173137972160078,13,0.5384615384615384
6846,0.573810830470574,17,0.7647058823529411
6847,0.7912339549048806,123,0.9512195121951219
6848,0.4238904279740648,14,0.6428571428571429
6849,0.6931342223090379,55,0.9272727272727272
6850,0.4862761524852126,15,0.6666666666666666
6851,0.5286699826270871,12,0.6666666666666666
6852,0.41585672255024064,14,0.5714285714285714
6853,0.035408816626268685,38,0.34210526315789475
6854,0.3867222513906836,129,0.7286821705426356
6855,0.7711882634979355,14,0.8571428571428571
6856,0.6472418831588397,12,0.8333333333333334
6857,0.4900441201609955,129,0.8992248062015504
6858,0.38700015810326005,119,0.8067226890756303
6859,1.0339438116768707,130,0.9846153846153847
6860,0.5688709069774338,120,0.8916666666666667
6861,0.6832356628348344,150,0.9333333333333333
6862,0.6185774361279965,137,0.927007299270073
6863,0.6817432936499185,12,0.8333333333333334
6864,0.6876689233291033,138,0.927536231884058
6865,0.8790329122585087,130,0.9769230769230769
6866,0.6678033154305267,141,0.9290780141843972
6867,0.5103151148442698,11,0.6363636363636364
6868,0.7822204770031016,136,0.9558823529411765
6870,0.30341251078478526,130,0.7923076923076923
6871,0.3335687321195141,134,0.6865671641791045
6872,1.1510059800739252,42,1.0
6873,0.6804318414152097,15,0.8
6874,0.46899071431624256,8,0.75
6875,0.707703815360139,17,0.8235294117647058
6876,1.5571186983792085,3,1.0
6877,0.1111219673479738,62,0.43548387096774194
6878,0.22194005665933947,107,0.6261682242990654
6879,0.6603380050005264,11,0.8181818181818182
6880,0.60786536461477,13,0.7692307692307693
6881,0.633657478730136,140,0.9142857142857143
6882,0.31487092695395336,130,0.676923076923077
6884,0.4509804494922548,49,0.8367346938775511
6885,0.45362822152689336,10,0.7
6886,0.6390450444535105,10,0.8
6887,0.6921800575172432,14,0.8571428571428571
6888,0.8167125405736609,20,0.9
6889,0.03769674657761928,42,0.3333333333333333
6890,0.5482396031019573,112,0.8839285714285714
6891,0.5963998735628072,14,0.7142857142857143
6892,0.9001128711138123,125,0.96
6893,0.26831473538751544,12,0.5
6894,0.9358940791986297,135,0.9777777777777777
6895,0.7052392175051592,14,0.8571428571428571
6896,0.8016430412066584,125,0.96
6897,0.43175139544055957,143,0.7972027972027972
6898,1.065697438162976,3,1.0
6899,0.3327988426491377,12,0.5833333333333334
6900,0.2505496273758421,17,0.5294117647058824
6901,0.17318312641872713,29,0.5172413793103449
6902,0.5110930834617061,12,0.6666666666666666
6903,0.15479571344557927,127,0.5275590551181102
6904,0.6065006139377155,9,0.7777777777777778
6905,0.7334374141130702,13,0.8461538461538461
6906,0.5122582857991417,15,0.7333333333333333
6907,0.8433677376272324,134,0.9626865671641791
6908,0.9590874359915218,4,0.75
6909,0.6971911617550163,11,0.8181818181818182
6910,0.6281139015063824,11,0.8181818181818182
6911,0.2659003799673085,16,0.4375
6912,0.666602300612925,107,0.9439252336448598
6913,0.5062974047048928,12,0.75
6914,0.5870526018075938,16,0.75
6915,0.18331316670681247,48,0.5416666666666666
6916,0.6399563105014077,134,0.9328358208955224
6917,0.21391288647463874,134,0.6716417910447762
6918,0.9023242050012685,140,0.9571428571428572
6919,0.3381140553708174,13,0.6153846153846154
6920,0.511582708740756,136,0.8455882352941176
6921,0.24749520351275892,13,0.46153846153846156
6922,0.2642868348782825,125,0.688
6923,0.33908808858966866,119,0.7563025210084033
6924,0.2712080598632111,12,0.5
6925,0.5493598915445319,13,0.7692307692307693
6926,0.12666730255356928,50,0.5
6928,0.46415825606450084,17,0.7058823529411765
6929,0.4141959244024823,14,0.7142857142857143
6930,0.7122332235159251,13,0.8461538461538461
6931,0.3148584273290347,14,0.5
6932,0.02524002052528783,45,0.3111111111111111
6933,0.580228781215875,120,0.875
6934,0.6794968040236017,53,0.9622641509433962
6935,0.6950856319012608,13,0.8461538461538461
6936,0.6412728941445348,120,0.9166666666666666
6937,0.72407745353346,19,0.8421052631578947
6938,0.48597183971464103,12,0.6666666666666666
6939,0.10046766432441702,137,0.45985401459854014
6940,0.6542665426580655,141,0.9219858156028369
6941,0.7950445328874325,127,0.952755905511811
6942,1.0369361727467392,134,0.9776119402985075
6943,0.5356401385437453,57,0.8947368421052632
6944,0.26633110619611067,12,0.5
6945,0.10717918749534125,47,0.425531914893617
6946,0.5320119312446897,133,0.8796992481203008
6948,0.714891231848447,135,0.9407407407407408
6949,0.2601672324799024,125,0.672
6950,0.458162826742145,13,0.6923076923076923
6951,0.34535353064886787,15,0.5333333333333333
6952,0.24379880863094833,133,0.6240601503759399
6953,0.24467173021653668,124,0.6290322580645161
6954,0.9888522586411609,136,0.9705882352941176
6956,0.49296845694079594,153,0.8366013071895425
6957,0.5955958442539885,141,0.900709219858156
6958,0.5867894600363365,16,0.6875
6959,0.582293289953699,151,0.8940397350993378
6960,0.3158750167967701,11,0.5454545454545454
6961,0.6808860401357213,12,0.8333333333333334
6962,0.4546509081317337,10,0.7
6963,0.5081940232012523,10,0.6
6964,0.520797994920456,142,0.8732394366197183
6965,0.1709751359035381,124,0.6209677419354839
6966,0.6179573770402793,11,0.8181818181818182
6967,0.7091080285708672,11,0.8181818181818182
6968,0.5984141538502104,12,0.8333333333333334
6969,0.9129371382210169,122,0.9754098360655737
6970,0.3224939075340461,143,0.7902097902097902
6971,0.38524348630093497,16,0.625
6972,0.40141922827216486,135,0.7703703703703704
6973,0.3416048037119437,132,0.7727272727272727
6974,0.9820696361364145,133,0.9774436090225563
6975,0.6441687646657346,14,0.7857142857142857
6976,0.6890661068553949,17,0.8235294117647058
6977,0.7099251975319416,148,0.9391891891891891
6978,0.5828594303911028,132,0.8939393939393939
6979,0.7261584893084407,13,0.8461538461538461
6980,0.38011259408580195,6,0.3333333333333333
6981,0.37312052826432557,14,0.5714285714285714
6982,0.6502058899667829,134,0.9477611940298507
6983,0.6630116478473047,145,0.9172413793103448
6984,0.6729777357829178,13,0.8461538461538461
6985,0.22498410166585134,131,0.5877862595419847
6986,0.46794845546092284,12,0.6666666666666666
6987,0.5595122355210544,12,0.8333333333333334
6988,0.42628795324908764,11,0.7272727272727273
6989,0.8585966214400451,138,0.9710144927536232
6990,0.06517311267356463,45,0.37777777777777777
6991,0.5836907066186766,11,0.8181818181818182
6992,0.9099128807897424,128,0.9765625
6993,1.0998205934187406,3,1.0
6994,0.3331700946513286,12,0.5833333333333334
6995,0.5269136092699793,131,0.8778625954198473
6996,0.4226028974521701,135,0.8444444444444444
6997,0.7819176567881168,14,0.8571428571428571
6998,0.6848647992529623,13,0.8461538461538461
6999,0.6175217579432231,121,0.859504132231405
7000,0.5876966961409464,131,0.8854961832061069
7001,0.6841510092207258,119,0.9243697478991597
7002,0.8563249842626087,139,0.9640287769784173
7003,0.7780228242069713,137,0.9343065693430657
7004,0.709191514191758,145,0.9379310344827586
7005,0.15404194836634516,44,0.45454545454545453
7006,0.5969900482299041,146,0.9041095890410958
7007,0.2888274957337705,136,0.6617647058823529
7008,0.29516961422291416,129,0.6744186046511628
7009,0.362846486086472,12,0.5
7010,0.40616911292456054,15,0.6
7011,0.5746285308991643,6,0.5
7012,0.20537845673349275,140,0.6285714285714286
7013,0.5129775218593909,11,0.6363636363636364
7014,0.4047545653389674,14,0.7142857142857143
7015,1.016396118161602,122,0.9754098360655737
7016,0.04033427944099028,45,0.35555555555555557
7017,0.5799701069606896,54,0.9259259259259259
7018,0.7889797436191547,13,0.8461538461538461
7019,0.5325263865898973,128,0.890625
7020,0.04944347652821693,54,0.3148148148148148
7021,0.5103592538482192,135,0.8740740740740741
7022,0.8022046491757456,152,0.9671052631578947
7024,0.4350274578852792,137,0.8029197080291971
7025,0.6206142905060907,10,0.8
7026,0.7891449071343265,53,0.9622641509433962
7028,0.46260060816509474,148,0.8445945945945946
7029,0.47041379188963717,4,0.5
7030,0.5541228773414055,124,0.8790322580645161
7031,0.5491157940560405,46,0.9347826086956522
7032,0.583564853452553,12,0.75
7033,0.06928676757528962,128,0.4609375
7034,0.6957223921646013,16,0.8125
7035,0.472936444964584,47,0.8936170212765957
7036,0.039535538307212494,59,0.3898305084745763
7037,0.8016843436459665,143,0.951048951048951
7038,0.44190871408803,15,0.6666666666666666
7039,0.5698395203843352,111,0.8558558558558559
7040,0.7028761141187919,12,0.8333333333333334
7041,0.6770589243355586,20,0.8
7042,0.6853209167780897,13,0.8461538461538461
7043,0.3926455570027148,9,0.6666666666666666
7044,0.7035565461579948,16,0.875
7045,0.5833739895436368,117,0.8888888888888888
7046,0.9371256890209948,119,0.9747899159663865
7047,0.6170126934978049,12,0.6666666666666666
7048,0.6420034263357869,134,0.9552238805970149
7049,0.7642896621078885,133,0.9473684210526315
7050,0.6194962574478856,9,0.7777777777777778
7051,0.4173661726367989,139,0.762589928057554
7052,0.5124007814921206,11,0.8181818181818182
7053,0.7570442139591177,55,0.9818181818181818
7054,-0.01348641307204438,49,0.30612244897959184
7055,0.5807794565384466,135,0.9037037037037037
7056,0.6682940213656893,135,0.9481481481481482
7057,0.5527932982459185,150,0.8733333333333333
7058,0.36715111865218825,13,0.6153846153846154
7059,0.2723335048459631,128,0.6875
7060,0.7722487304508935,145,0.9655172413793104
7061,0.6079540490728148,143,0.9230769230769231
7062,0.5985652932216201,118,0.9322033898305084
7063,0.7853697205557864,16,0.875
7064,0.37838122814016295,131,0.8015267175572519
7065,0.7346831679534023,14,0.7857142857142857
7066,0.4826251258295573,14,0.6428571428571429
7067,0.08789560154763276,114,0.43859649122807015
7068,0.66629531735038,10,0.8
7069,0.5455213426542794,125,0.872
7070,0.5841672560148665,12,0.75
7071,0.9743018720119068,132,0.9696969696969697
7073,0.6793808884208808,12,0.8333333333333334
7074,0.5117009461796458,50,0.86
7075,0.7193954083904511,12,0.8333333333333334
7076,0.021568432613174066,93,0.40860215053763443
7077,0.667185492464385,14,0.8571428571428571
7078,-0.05989973709847091,35,0.2
7079,0.6326107764694812,17,0.8235294117647058
7080,0.20716541123661197,145,0.5517241379310345
7081,0.4352746797630033,17,0.6470588235294118
7082,0.6055403045758068,118,0.8983050847457628
7083,0.7207221942461801,12,0.8333333333333334
7084,0.3447279625142485,12,0.5833333333333334
7085,0.2511508864354559,16,0.5
7086,0.9439282594754855,121,0.9669421487603306
7087,0.2576455306366337,130,0.6384615384615384
7088,0.3683467832496348,132,0.7045454545454546
7089,0.9620867939788995,133,0.9699248120300752
7090,0.6836972168985781,16,0.8125
7091,0.4544320452254642,9,0.6666666666666666
7092,0.7129406228075791,13,0.8461538461538461
7093,0.72309171468105,12,0.8333333333333334
7095,0.5296440458029005,10,0.7
7096,0.6259933738811672,10,0.8
7097,0.6403546406225827,11,0.8181818181818182
7098,0.5075936437364075,11,0.7272727272727273
7099,0.39533630814732507,12,0.5833333333333334
7100,0.46563005751551634,11,0.6363636363636364
7101,0.4237864549630101,155,0.8064516129032258
7102,-0.11571246420916732,51,0.17647058823529413
7103,0.2519534162090684,122,0.6065573770491803
7104,0.7073726262504895,16,0.8125
7105,0.7277980686865962,141,0.9574468085106383
7106,0.6728672344983719,13,0.7692307692307693
7107,0.2021735456158158,130,0.5846153846153846
7108,0.5649645914832307,17,0.7647058823529411
7109,0.5357577433064034,128,0.9375
7112,0.25537897237426876,15,0.4666666666666667
7113,0.2778232296155089,141,0.6453900709219859
7114,0.8273319860539781,134,0.9626865671641791
7115,0.7438365388020771,118,0.940677966101695
7116,0.05775425706116525,37,0.3783783783783784
7117,0.3545994761796533,13,0.5384615384615384
7118,0.7548723691303787,137,0.927007299270073
7119,0.4188196400402867,12,0.5
7120,0.33629172753065806,11,0.5454545454545454
7121,0.49181760652343043,18,0.5555555555555556
7122,0.38083708065059046,119,0.7142857142857143
7123,0.6166362906513883,10,0.8
7124,-0.17541499332431396,25,0.16
7125,0.13054647677305753,67,0.5074626865671642
7126,0.3560983749376907,13,0.5384615384615384
7127,1.2043675350208127,127,0.9921259842519685
7128,0.5025312834429588,18,0.7222222222222222
7129,0.5258425687630698,105,0.8761904761904762
7130,-0.015674401872343695,43,0.27906976744186046
7131,0.6470592664150494,125,0.928
7132,0.6140266224743332,123,0.9105691056910569
7133,0.06396126148984956,48,0.3541666666666667
7134,0.7593102745363178,13,0.8461538461538461
7135,0.6494555152113431,10,0.8
7136,0.06985746000204433,51,0.37254901960784315
7137,0.702014496625088,12,0.8333333333333334
7138,0.7160628181810538,14,0.8571428571428571
7139,0.13070193424116305,3,0.3333333333333333
7140,1.007336881126851,147,0.9795918367346939
7141,0.7207097089036867,130,0.9307692307692308
7142,0.30522835622097316,141,0.7163120567375887
7143,0.2119706287463289,85,0.6470588235294118
7144,0.5758417927647985,8,0.75
7145,0.7198962047202349,138,0.9637681159420289
7146,0.6988907134278467,18,0.7777777777777778
7148,0.49566714393325795,152,0.8421052631578947
7149,0.4901669852852416,11,0.7272727272727273
7151,0.34175643669383493,12,0.6666666666666666
7152,0.5282226089446382,9,0.7777777777777778
7153,0.5839621306189338,12,0.8333333333333334
7154,0.7915627392026686,4,0.75
7155,0.7659559397445241,136,0.9485294117647058
7156,0.366823536223171,14,0.5
7157,0.4140204561600965,123,0.7804878048780488
7158,0.4411500911466783,124,0.8467741935483871
7160,0.7944454142595679,137,0.9343065693430657
7161,0.7084192201642996,122,0.9344262295081968
7162,0.16463495942900758,122,0.5245901639344263
7163,0.34927240331300374,138,0.782608695652174
7164,0.6620519341251447,11,0.8181818181818182
7165,0.3255396877677288,129,0.6976744186046512
7166,0.6686551065078001,108,0.9259259259259259
7167,0.3620822456816832,15,0.6666666666666666
7168,0.712211428576386,130,0.9307692307692308
7169,0.6088725486911652,120,0.9
7170,0.37473620451362594,10,0.6
7171,0.8368715504574963,129,0.9534883720930233
7172,0.7403162813446467,117,0.9401709401709402
7173,0.4591684732665379,136,0.8088235294117647
7174,0.5369166710549628,10,0.8
7175,0.9199037398759649,131,0.9618320610687023
7176,0.9209363779997967,122,0.9672131147540983
7177,0.5459618784954738,14,0.5714285714285714
7178,0.28573308295411437,138,0.7318840579710145
7179,0.5075026518437743,15,0.5333333333333333
7180,0.6339633846899095,135,0.9185185185185185
7181,0.22484725619352514,14,0.42857142857142855
7182,0.6708464366792569,12,0.8333333333333334
7183,0.13792726500941807,52,0.4807692307692308
7184,0.7220801848363673,118,0.940677966101695
7185,0.5107744091114101,13,0.6923076923076923
7186,0.663095848200331,133,0.9398496240601504
7188,0.7345549751373748,130,0.9538461538461539
7189,0.3165018654547858,136,0.6911764705882353
7190,0.33108294701723606,127,0.7322834645669292
7191,0.7471478791076056,115,0.9565217391304348
7192,1.063204548032732,144,0.9861111111111112
7193,0.5100995530506004,9,0.7777777777777778
7194,1.0123479283592531,132,0.9848484848484849
7195,0.5565024660574887,12,0.6666666666666666
7196,0.6416539302063062,10,0.8
7197,0.6082712489505252,129,0.8914728682170543
7198,0.1976566000106583,18,0.3888888888888889
7199,0.8684889181778982,133,0.9398496240601504
7200,0.18262216387789015,132,0.6439393939393939
7201,0.8766539669450503,118,0.9661016949152542
7203,0.739599040570823,15,0.8
7204,0.5829704252066977,18,0.7777777777777778
7205,0.7377696687437472,13,0.8461538461538461
7206,0.6201396148895384,15,0.8
7207,0.6636269520739015,49,0.9795918367346939
7209,0.6449335874181762,20,0.7
7210,0.7487171813226048,144,0.9444444444444444
7211,0.6740359748527257,11,0.8181818181818182
7212,0.5415812964549003,14,0.7142857142857143
7213,0.5001456430555984,143,0.8601398601398601
7214,0.4985412272980916,12,0.75
7215,0.05614242268236165,45,0.3333333333333333
7216,0.7664633123770737,52,0.9423076923076923
7217,0.615646767877498,133,0.8646616541353384
7218,0.7839277899316478,126,0.9603174603174603
7219,0.333814373114433,3,0.3333333333333333
7220,0.5563794316311687,120,0.8666666666666667
7221,0.45197985129939383,14,0.7142857142857143
7222,0.6468539053326272,130,0.9230769230769231
7223,0.6820345245084343,139,0.920863309352518
7224,0.7629069378272715,17,0.8235294117647058
7225,0.7221357973480641,135,0.9555555555555556
7226,0.5758417927647985,8,0.75
7227,0.4381671607349359,122,0.7950819672131147
7228,0.825110275345882,128,0.953125
7229,0.05823430134180367,58,0.3448275862068966
7230,0.154016384597579,57,0.47368421052631576
7231,0.26772046823644224,143,0.6713286713286714
7232,0.3407943546964976,121,0.6446280991735537
7234,0.7770107539787098,121,0.9421487603305785
7235,0.42272637643968414,12,0.6666666666666666
7236,0.5892639654172974,17,0.7058823529411765
7237,-0.013583945946249076,48,0.25
7238,0.40307278531965846,15,0.7333333333333333
7239,0.13851913659530446,126,0.5476190476190477
7240,0.6716636258573273,18,0.8888888888888888
7241,0.4099271405569961,12,0.5833333333333334
7242,0.6711518550230553,13,0.8461538461538461
7243,0.6378092649664632,12,0.75
7244,0.6877506157426667,13,0.8461538461538461
7245,0.819756963595877,141,0.9645390070921985
7247,-0.10659347911635494,71,0.23943661971830985
7249,0.4186942740726196,14,0.7142857142857143
7250,0.4704370732083671,15,0.7333333333333333
7251,0.6566707023489726,4,0.5
7252,0.6540159950345176,11,0.8181818181818182
7253,0.8083832504352276,19,0.8947368421052632
7254,0.5785583225090345,10,0.8
7255,0.7302451948082969,14,0.8571428571428571
7256,0.3353073774095813,121,0.7024793388429752
7258,0.6194962574478856,9,0.7777777777777778
7259,0.4767455066477011,16,0.625
7260,0.8490355554899229,144,0.9722222222222222
7261,0.6728592827867735,13,0.7692307692307693
7262,0.6448694752167254,121,0.9090909090909091
7263,0.6849154535173952,11,0.8181818181818182
7265,0.5452205370492396,11,0.7272727272727273
7266,0.6106709839539838,135,0.9111111111111111
7267,0.33734098078259117,17,0.5294117647058824
7269,0.3737668372119226,4,0.5
7270,0.6311069789882334,56,0.9285714285714286
7271,0.6924405295876056,11,0.8181818181818182
7272,0.5597319816663459,46,0.8913043478260869
7273,0.4192722268406233,18,0.6666666666666666
7274,0.6380883546987738,17,0.8235294117647058
7275,0.4333806398969872,14,0.6428571428571429
7276,0.6269520786583236,9,0.7777777777777778
7277,0.6870951773402737,139,0.8992805755395683
7278,0.7033959142217534,15,0.8
7279,0.6703811392739822,53,0.9433962264150944
7280,0.30795631870141466,13,0.6153846153846154
7281,0.8297718878774295,97,0.979381443298969
7282,0.4919715779413903,13,0.6923076923076923
7283,0.4361473599734434,14,0.6428571428571429
7284,0.6214067965085988,131,0.8778625954198473
7285,0.5074696595407849,12,0.6666666666666666
7286,0.6188830358498455,110,0.8909090909090909
7287,0.6915934132511228,13,0.8461538461538461
7288,0.5765346514230546,14,0.7142857142857143
7289,0.5590829255081408,138,0.8695652173913043
7290,0.7123872692720452,15,0.8666666666666667
7291,0.6858788323838488,12,0.8333333333333334
7292,0.8365253182789798,129,0.9612403100775194
7293,0.609103770650053,50,0.92
7294,0.9116487853820883,145,0.9724137931034482
7295,0.3236023487530984,124,0.6854838709677419
7296,0.5758417927647985,8,0.75
7297,0.527794373564529,148,0.8783783783783784
7298,0.29680693764763005,12,0.5833333333333334
7299,0.493537880093385,129,0.7984496124031008
7300,0.4829620745490065,123,0.8617886178861789
7301,0.48118316938243433,126,0.8412698412698413
7302,0.8704769387049591,130,0.9923076923076923
7303,0.3636047061612876,109,0.7431192660550459
7304,0.44008793384684264,131,0.8549618320610687
7305,0.38145138017801805,11,0.5454545454545454
7306,0.4467068155103782,14,0.5714285714285714
7307,0.9016373121458583,136,0.9705882352941176
7308,0.6297441851008143,58,0.9310344827586207
7309,0.051193377165801225,138,0.4420289855072464
7310,0.49012643224108193,54,0.8333333333333334
7311,0.648665811361452,18,0.8333333333333334
7312,0.29791764919142244,126,0.7619047619047619
7313,0.6231052263057165,125,0.904
7314,0.6831848556503095,124,0.9516129032258065
7316,0.24719754885095588,105,0.7047619047619048
7317,0.7452182868046114,15,0.8666666666666667
7318,0.4623273513968084,15,0.5333333333333333
7319,0.5758417927647985,8,0.75
7320,0.5470487606129224,124,0.8951612903225806
7321,0.7084155564145188,123,0.943089430894309
7322,0.5321435377011986,18,0.7777777777777778
7324,0.8109270701262785,142,0.971830985915493
7326,0.48922587937953455,12,0.75
7327,0.5523035100296858,132,0.8863636363636364
7328,0.3178372099449409,13,0.46153846153846156
7329,0.546053450012092,11,0.7272727272727273
7330,0.1891343215162009,17,0.35294117647058826
7331,0.6825240238923891,11,0.8181818181818182
7332,0.5798486420105329,114,0.8771929824561403
7333,0.38979015905677017,16,0.625
7334,0.5178178934360367,14,0.7142857142857143
7335,0.339299962927235,16,0.4375
7336,0.6073377555525898,19,0.6842105263157895
7337,0.5852738509826785,12,0.8333333333333334
7338,0.6052583825189868,147,0.8843537414965986
7339,0.6919333005932092,13,0.8461538461538461
7340,0.47967119623154086,18,0.7222222222222222
7341,0.3226662142812865,113,0.6902654867256637
7343,0.47122856035808003,9,0.6666666666666666
7345,0.5021665076260688,58,0.8448275862068966
7346,-0.12354346960304914,45,0.17777777777777778
7347,0.48383291350055313,13,0.6923076923076923
7348,0.47272101524898846,60,0.8166666666666667
7349,0.7331955094755884,128,0.9609375
7350,0.7293774576525668,13,0.8461538461538461
7351,0.5366385882735465,12,0.75
7352,0.7943681474749833,55,0.9636363636363636
7353,0.6934033223907522,118,0.923728813559322
7354,0.6235352140809918,137,0.9197080291970803
7355,0.5579677476659349,13,0.8461538461538461
7356,0.6403182948913796,124,0.9032258064516129
7357,0.5909882797215318,15,0.8
7358,0.19544247612841256,140,0.6
7359,0.622749076569861,133,0.8796992481203008
7360,0.5782223313992778,63,0.8888888888888888
7361,0.46622841430510314,15,0.6666666666666666
7362,0.6499167096718401,117,0.9145299145299145
7363,0.18160217192505068,117,0.5470085470085471
7364,-0.03896377810022672,138,0.3695652173913043
7365,0.581621070898061,143,0.8951048951048951
7366,0.7349294641186215,128,0.9375
7367,0.35461992812693793,17,0.5882352941176471
7369,0.5846476180837682,19,0.7894736842105263
7370,0.5916226371271301,17,0.7058823529411765
7372,0.38107186386956043,120,0.725
7373,0.5306198601553287,142,0.8661971830985915
7374,0.5944891544400821,133,0.8721804511278195
7375,0.8425073997538802,138,0.9492753623188406
7376,0.45763185224462455,14,0.7142857142857143
7378,0.8808552931913727,131,0.9541984732824428
7379,0.6587486895931443,12,0.8333333333333334
7380,0.39134371166912885,116,0.7758620689655172
7381,0.6976909991398429,52,0.9423076923076923
7382,0.34952068908163636,13,0.46153846153846156
7383,0.4764905812807973,49,0.8571428571428571
7384,0.570080885901887,12,0.8333333333333334
7385,1.1846230314292296,128,0.984375
7386,1.3262935877278645,3,1.0
7387,0.8346927965436395,149,0.9664429530201343
7388,0.3748102864615935,10,0.6
7389,0.48649148016873106,23,0.6086956521739131
7390,0.26182866447308834,3,0.3333333333333333
7391,0.6721111072691106,124,0.9354838709677419
7392,0.16860972143424083,119,0.5378151260504201
7393,0.7898699784290865,15,0.8666666666666667
7394,0.635215705700281,13,0.7692307692307693
7395,0.6452665433030592,108,0.9351851851851852
7397,0.901399162689793,131,0.9618320610687023
7398,0.6572922087469698,18,0.7222222222222222
7399,0.7413846392339245,122,0.9426229508196722
7400,0.6659412392965989,14,0.7857142857142857
7401,0.4622485178183672,8,0.75
7402,0.35709220871079245,19,0.5789473684210527
7403,0.5296044214350425,137,0.8540145985401459
7404,0.5437224399251077,132,0.8939393939393939
7405,0.5715091161996505,139,0.8705035971223022
7406,0.24261672020073896,14,0.42857142857142855
7408,0.5913814952329537,14,0.8571428571428571
7409,0.36378868685928367,5,0.6
7410,0.35068660422761627,134,0.746268656716418
7411,0.6429263043600982,136,0.9338235294117647
7412,0.6069527180084843,137,0.8759124087591241
7413,0.6760975359176704,19,0.7368421052631579
7415,0.5453994033765024,46,0.9565217391304348
7416,0.5292344375814672,135,0.8888888888888888
7417,0.31343060035293885,124,0.6854838709677419
7418,0.0929088675038944,50,0.4
7419,0.9470973634369254,126,0.9682539682539683
7420,0.6946909256617491,128,0.90625
7421,0.3740093304661993,10,0.6
7422,0.844647700221236,127,0.9606299212598425
7423,0.8517434171650485,146,0.958904109589041
7424,0.2534876716329329,135,0.6296296296296297
7425,0.45115980827336316,127,0.7874015748031497
7426,0.3102704172037057,10,0.6
7427,0.06419754265767809,49,0.3673469387755102
7428,0.6209602215178044,142,0.8943661971830986
7429,0.4005868018248471,3,0.6666666666666666
7430,0.5619632215980268,135,0.8666666666666667
7431,0.48845061260454997,127,0.8267716535433071
7432,0.6967763325499721,12,0.8333333333333334
7433,0.39558747045715587,52,0.7884615384615384
7434,0.703754630491533,16,0.8125
7435,1.0661348888596578,136,0.9852941176470589
7436,0.41256111550780356,139,0.7985611510791367
7437,0.26150840148916693,4,0.25
7438,0.5614533959023245,10,0.8
7440,0.7412325726057606,13,0.8461538461538461
7441,0.431594568146747,14,0.6428571428571429
7442,0.25471907232301716,112,0.625
7443,0.4958770544060499,12,0.6666666666666666
7444,0.12446556629538573,113,0.5221238938053098
7445,0.6252518800332308,107,0.9065420560747663
7446,0.8412581321494165,63,0.9523809523809523
7447,0.6811256714471273,135,0.9407407407407408
7448,0.8770698992369986,65,0.9692307692307692
7449,0.4014838044395072,67,0.7761194029850746
7450,0.39289579637369304,16,0.75
7451,0.5828202350105042,13,0.7692307692307693
7452,0.7779561488991403,62,0.9516129032258065
7453,0.5896198957388245,12,0.75
7454,0.6364149701359318,10,0.8
7455,0.6076002081112176,131,0.8854961832061069
7456,0.3706571787569,137,0.781021897810219
7457,0.5976111336398306,133,0.8947368421052632
7458,0.3989817148963772,53,0.7924528301886793
7459,0.5893721407106941,65,0.8923076923076924
7460,0.6468598048825209,129,0.9069767441860465
7461,0.8143452286729961,139,0.9640287769784173
7462,0.5447133226246826,112,0.8660714285714286
7463,0.5177600134744991,11,0.7272727272727273
7464,0.5287820227681352,10,0.7
7465,0.45147444545795795,13,0.6923076923076923
7466,0.7351247926238352,127,0.9291338582677166
7467,0.46534033241498884,64,0.796875
7468,0.6967535993687409,125,0.928
7469,1.0103730243512745,126,0.9841269841269841
7470,0.4636570621785292,11,0.6363636363636364
7471,0.6016886472274676,45,0.9777777777777777
7472,0.5325864650013671,17,0.7647058823529411
7473,0.7523257987426369,106,0.9433962264150944
7475,0.636305092747645,13,0.6923076923076923
7476,1.010068177554115,133,0.9774436090225563
7477,0.6806062977978068,11,0.8181818181818182
7478,0.5290650884946327,135,0.8518518518518519
7479,0.7228852403394738,13,0.8461538461538461
7480,0.6442264005355022,132,0.8863636363636364
7481,0.7326462017424105,14,0.8571428571428571
7482,-0.10703332073460069,59,0.1694915254237288
7483,0.6837636364030704,127,0.9291338582677166
7484,0.4380071330435077,131,0.8015267175572519
7485,0.8153965791042422,131,0.9541984732824428
7486,0.6169414586134077,9,0.7777777777777778
7488,-0.2422583494418901,3,0.0
7489,0.5890806504260174,130,0.8692307692307693
7490,0.7912038530578829,130,0.9538461538461539
7491,-0.09500362227368458,24,0.16666666666666666
7492,0.7353690905604923,127,0.9606299212598425
7493,0.35831316773639166,21,0.5238095238095238
7494,0.8808129045787767,126,0.9682539682539683
7495,0.3261462244530246,14,0.5714285714285714
7496,0.5760307607861587,11,0.8181818181818182
7497,0.432514646934719,11,0.6363636363636364
7498,0.9160104319416279,149,0.9731543624161074
7499,0.2806942851291416,127,0.6299212598425197
7500,0.30571944874380164,20,0.5
7501,0.7758814540803313,133,0.9323308270676691
7502,-0.09772779652761436,35,0.17142857142857143
7503,0.8356694626516896,134,0.9776119402985075
7504,0.7803051360835317,120,0.9416666666666667
7505,0.4991397786905242,14,0.6428571428571429
7506,0.7998559186234171,13,0.8461538461538461
7508,0.6364149701359318,10,0.8
7509,0.007571532601054914,58,0.3103448275862069
7510,-0.050712153121624956,57,0.22807017543859648
7511,0.4736678144304213,19,0.6842105263157895
7513,0.4737250874399288,4,0.25
7514,0.6649348379734141,11,0.8181818181818182
7515,0.7474418456337721,12,0.8333333333333334
7516,0.9581596950688562,137,0.9635036496350365
7517,0.4104776727591764,133,0.7744360902255639
7518,0.49257727632342396,15,0.5333333333333333
7519,0.8079229150482538,147,0.9659863945578231
7520,0.5017893540960353,12,0.6666666666666666
7521,0.705722022086028,12,0.8333333333333334
7522,0.5642745581727999,117,0.8888888888888888
7523,0.4697534246566121,18,0.6666666666666666
7524,0.7507518722353609,122,0.9426229508196722
7525,0.4499374989247869,14,0.6428571428571429
7526,0.3054933779458033,13,0.46153846153846156
7527,0.9219733069319158,135,0.9555555555555556
7528,0.6886059104365134,11,0.8181818181818182
7529,0.8118000455233169,50,0.96
7530,0.5215956830770091,13,0.6923076923076923
7531,0.5629911046311045,138,0.9130434782608695
7533,1.0728215022139316,132,0.9848484848484849
7534,0.4563144793334232,67,0.835820895522388
7535,0.15695149501475306,145,0.5586206896551724
7536,0.7544008431459535,122,0.9508196721311475
7537,0.02367474036958075,35,0.2857142857142857
7538,0.44912404482813606,66,0.8181818181818182
7539,0.6565619024015237,136,0.9264705882352942
7540,0.8282170080254739,58,0.9655172413793104
7541,0.4298562973567979,17,0.5882352941176471
7542,-0.15909763289050946,37,0.13513513513513514
7543,0.6743211951244168,12,0.8333333333333334
7544,0.7364456895527232,56,0.9464285714285714
7545,0.4458169404160382,10,0.6
7546,0.5637427347392797,144,0.8541666666666666
7547,0.8062923731645898,122,0.9590163934426229
7548,0.5636455793082051,60,0.9166666666666666
7549,0.45582174817144977,110,0.8272727272727273
7550,0.5696169367601934,16,0.625
7551,0.9673980920112338,121,0.9752066115702479
7552,0.24313191917436308,116,0.6206896551724138
7553,0.624328159288254,13,0.6923076923076923
7554,0.8260342741817074,128,0.96875
7555,0.7396110200782521,17,0.8823529411764706
7556,0.6409733483106178,10,0.8
7557,0.2682498373882681,129,0.6511627906976745
7558,0.7599303882401809,18,0.8888888888888888
7559,0.1221257648165703,56,0.5
7560,0.6289852306867524,148,0.8918918918918919
7561,0.27274462496811736,17,0.47058823529411764
7562,0.7053097284583963,14,0.8571428571428571
7563,0.6720372112408799,145,0.9448275862068966
7564,0.7164567452477612,151,0.9536423841059603
7565,0.8493804553639447,134,0.9477611940298507
7566,0.2656653670345209,133,0.6992481203007519
7567,0.7484088257485715,137,0.948905109489051
7568,0.43067701856136387,127,0.8031496062992126
7570,0.46384996601196615,14,0.5714285714285714
7571,0.6672110621864576,145,0.9379310344827586
7572,0.35895489487626164,56,0.7321428571428571
7573,0.6396139103754718,145,0.896551724137931
7574,0.6535502153489992,141,0.900709219858156
7575,0.7774402162261206,17,0.8823529411764706
7576,0.5848334290560789,12,0.8333333333333334
7577,0.44283784243520335,121,0.8347107438016529
7578,0.46041643176358765,18,0.6666666666666666
7579,1.0330085880111204,126,0.9841269841269841
7580,0.8488476169271439,58,0.9655172413793104
7581,-0.1263049101807695,41,0.17073170731707318
7582,0.8717400364327885,129,0.9689922480620154
7583,0.6953057736075636,142,0.9295774647887324
7584,0.7504312925801749,135,0.9555555555555556
7585,0.4687927064096512,135,0.8148148148148148
7586,0.4859206517303396,14,0.7142857142857143
7587,0.7224937143931177,133,0.9398496240601504
7588,0.6822683534970103,12,0.8333333333333334
7589,0.7335738547780122,12,0.8333333333333334
7590,0.5428249520084742,133,0.9022556390977443
7591,0.5886793685537904,130,0.9461538461538461
7592,0.6423871748745189,21,0.7619047619047619
7594,0.5089976094425104,57,0.8421052631578947
7595,0.4625498347427622,149,0.8590604026845637
7596,0.9417895535847698,121,0.9752066115702479
7597,0.7989918386636796,53,0.9433962264150944
7598,0.6496668430786502,10,0.8
7599,0.4922912420064967,136,0.8455882352941176
7600,0.789194979221507,20,0.9
7601,0.6258871386793174,10,0.8
7602,0.5477587767843513,59,0.8813559322033898
7603,0.5106969549806412,126,0.8412698412698413
7604,0.565566191711023,11,0.6363636363636364
7605,0.4052374882360002,56,0.8035714285714286
7606,0.7494304002061662,14,0.8571428571428571
7607,1.712801211094268,4,1.0
7608,0.7818325971447132,138,0.9637681159420289
7609,0.8595354517406155,18,0.8888888888888888
7611,0.6064673582429506,130,0.9076923076923077
7612,0.03434087174179902,50,0.3
7613,0.6450980438905443,11,0.7272727272727273
7614,0.7669125202747963,137,0.948905109489051
7615,0.8836823942335582,135,0.9555555555555556
7618,0.4237089368507874,3,0.3333333333333333
7619,0.5067130421339066,144,0.8194444444444444
7620,1.3965867672733216,3,1.0
7621,0.8456611757173963,137,0.9708029197080292
7623,0.24307441345080744,15,0.4666666666666667
7624,0.6442779300352507,15,0.8
7625,0.7781322551323151,18,0.8888888888888888
7626,0.6715872298641479,150,0.9333333333333333
7627,0.7909796411568141,127,0.952755905511811
7628,0.8341997668929786,131,0.9465648854961832
7629,0.37603164293546526,119,0.8067226890756303
7630,0.4703371198313314,43,0.8837209302325582
7632,0.5612703240266165,10,0.8
7633,0.4817035707860569,15,0.6666666666666666
7634,0.5494534897888321,12,0.6666666666666666
7635,0.47566919524671863,11,0.7272727272727273
7636,0.6230988365858264,14,0.7142857142857143
7637,0.6282550616533605,117,0.8974358974358975
7638,0.6707726601133558,11,0.8181818181818182
7639,0.6078918704873377,128,0.90625
7640,0.574440811706091,119,0.8739495798319328
7641,0.9212293068893808,141,0.9645390070921985
7642,0.3579868388061785,131,0.7404580152671756
7643,0.7595926349987179,146,0.952054794520548
7644,0.8740005722887897,140,0.9571428571428572
7645,0.865059638522162,140,0.9571428571428572
7646,0.5357121759164976,14,0.7857142857142857
7647,0.25077441182936727,16,0.5625
7648,0.4041695904405744,132,0.8181818181818182
7649,0.8357667634941137,111,0.963963963963964
7650,0.7969428310882901,50,0.96
7651,0.5741947790083972,15,0.6666666666666666
7652,0.5206460523702015,16,0.6875
7653,0.42250367847706705,129,0.813953488372093
7654,0.7419173561269878,16,0.75
7655,0.18078344876666508,143,0.6153846153846154
7656,0.6943714274340882,117,0.9572649572649573
7657,0.5820212782153892,11,0.7272727272727273
7658,0.5016573321738812,12,0.6666666666666666
7659,0.7599903356126476,44,0.9545454545454546
7660,0.5195504960712842,14,0.7142857142857143
7661,0.6471804048046276,17,0.7647058823529411
7662,0.5163907756660819,14,0.6428571428571429
7664,0.15337555291450292,60,0.48333333333333334
7665,0.3853966416851654,12,0.6666666666666666
7666,0.2563265259280227,122,0.639344262295082
7667,0.4764907235487107,16,0.75
7668,0.2684878023944315,12,0.5
7669,0.917270439755697,121,0.9669421487603306
7670,0.5970964744752569,13,0.7692307692307693
7671,0.6166362906513883,10,0.8
7672,0.030740286716693533,34,0.29411764705882354
7673,0.5523078649697098,129,0.8837209302325582
7674,0.14832329075119524,45,0.5111111111111111
7675,0.1930098355359692,40,0.5
7676,0.5925364314897854,123,0.8943089430894309
7677,0.5665248336575779,13,0.6923076923076923
7678,0.33194510430273233,12,0.5
7679,0.6107163382970732,47,0.9361702127659575
7680,0.5984080852032364,138,0.8768115942028986
7681,0.5652524285692149,17,0.7647058823529411
7682,0.4508809636207178,11,0.7272727272727273
7683,0.5107806094807396,108,0.8518518518518519
7684,0.05503829030114971,53,0.32075471698113206
7686,0.8448167608356536,117,0.9914529914529915
7687,0.6262721783976578,10,0.8
7688,0.6695998639081031,139,0.935251798561151
7689,0.6189621735831599,12,0.75
7690,0.7973888970049093,16,0.875
7691,0.6556149255146156,58,0.9310344827586207
7693,0.9071962095349723,133,0.9699248120300752
7694,0.2526470004910523,14,0.5
7695,0.11472402827452208,121,0.49586776859504134
7696,0.13157356202473555,125,0.576
7697,-1.1509930789459408,4,0.0
7698,0.47628240456825927,125,0.816
7699,-0.037124876474796766,40,0.325
7700,0.9213434998944274,127,0.952755905511811
7701,0.5709917557882264,15,0.7333333333333333
7702,0.3570718129969507,101,0.7425742574257426
7703,0.49695108740367544,128,0.8828125
7704,0.654521957462083,118,0.9152542372881356
7705,0.33374701859288003,45,0.7111111111111111
7706,0.13987524108478822,134,0.5223880597014925
7707,0.7112791649344847,13,0.8461538461538461
7708,0.7337574685206483,13,0.8461538461538461
7709,0.7511824918972376,13,0.8461538461538461
7710,0.5251666871322569,137,0.8540145985401459
7712,0.765479438111833,148,0.9459459459459459
7713,0.3560065054525839,117,0.7350427350427351
7714,0.6431306540317127,9,0.7777777777777778
7715,0.8260586047719366,126,0.9682539682539683
7716,0.84300856058495,139,0.9640287769784173
7717,0.6054261069589058,138,0.8913043478260869
7718,0.7053918021764923,13,0.8461538461538461
7719,0.8049806750488965,130,0.9692307692307692
7720,0.4724401360919836,19,0.6842105263157895
7721,0.5475449815133394,12,0.6666666666666666
7722,0.16910389355035724,63,0.4603174603174603
7723,0.2924345750274809,129,0.7364341085271318
7725,0.5812482755775044,129,0.9069767441860465
7726,0.5348958007192379,129,0.8682170542635659
7727,0.8616959781991531,125,0.976
7728,0.6367428792965104,143,0.9300699300699301
7730,0.7831451286108989,134,0.9626865671641791
7731,1.0953243460598419,8,0.875
7732,0.7078739591025274,12,0.8333333333333334
7733,0.4140954700385208,125,0.848
7734,0.6956363968307565,14,0.8571428571428571
7735,0.7755585153571551,122,0.9508196721311475
7736,0.66629531735038,10,0.8
7737,0.7586183798100671,17,0.8823529411764706
7738,-0.6819139190699757,3,0.0
7739,0.5011149446590244,129,0.875968992248062
7740,0.6515663953701861,127,0.905511811023622
7741,0.563621336456094,4,0.75
7742,0.45681041282230506,114,0.8596491228070176
7743,0.7814479027875559,14,0.8571428571428571
7744,0.3706434118073136,59,0.7796610169491526
7745,0.7097772437291023,132,0.946969696969697
7746,0.698030852717989,14,0.8571428571428571
7747,0.4936446863317323,12,0.6666666666666666
7748,0.5758417927647985,8,0.75
7749,0.6690141482092471,124,0.9354838709677419
7750,0.8244472238391691,59,0.9661016949152542
7751,0.10906508137874157,44,0.3409090909090909
7752,0.6243837997204817,130,0.9153846153846154
7753,0.57211468383825,13,0.7692307692307693
7754,0.5073569093216276,11,0.6363636363636364
7755,0.785230685724696,118,0.940677966101695
7756,0.43231627495524666,14,0.6428571428571429
7757,0.4418577076612559,12,0.5833333333333334
7758,0.07343486283148958,143,0.45454545454545453
7759,0.6541662577731541,140,0.95
7760,0.36372055550805205,13,0.6153846153846154
7761,0.26364329127682634,18,0.5
7762,0.7174919293609778,11,0.8181818181818182
7763,0.8706950156268876,133,0.9624060150375939
7764,1.0014381297901158,137,0.9708029197080292
7765,0.8087951612785987,15,0.8666666666666667
7766,0.5157795939420009,11,0.6363636363636364
7767,0.8863889878767376,137,0.9635036496350365
7768,0.5357068105621462,13,0.6153846153846154
7769,0.479933843045671,55,0.8727272727272727
7770,0.607811952340378,11,0.7272727272727273
7771,0.4184067379831103,56,0.8035714285714286
7772,0.7321493234886893,148,0.9459459459459459
7773,0.47896661275570357,150,0.8866666666666667
7774,0.5644286581423358,147,0.9319727891156463
7775,0.8065488460110395,135,0.9629629629629629
7776,0.4142298646741514,133,0.7443609022556391
7777,0.6231247978938173,146,0.8972602739726028
7778,0.5802739595526963,132,0.8712121212121212
7779,0.7058913431803018,14,0.7857142857142857
7780,0.7331750680538774,12,0.8333333333333334
7781,0.4985423846668629,126,0.8888888888888888
7782,0.4738852744367754,124,0.8064516129032258
7783,0.6946776558847809,56,0.9464285714285714
7784,0.5859427690564405,140,0.9142857142857143
7785,0.5300966295684347,16,0.6875
7786,0.9162849429084479,128,0.9609375
7787,0.6864052855474339,12,0.8333333333333334
7788,0.39173540306007865,129,0.7751937984496124
7789,0.4451904168203166,110,0.8818181818181818
7790,0.5705058019651988,12,0.75
7791,0.523536114820921,105,0.8857142857142857
7792,0.35057485293229856,110,0.7636363636363637
7793,0.38946939229085115,130,0.7846153846153846
7794,0.7880598244680722,138,0.9492753623188406
7795,0.5995028613692329,11,0.8181818181818182
7796,0.03129423417319594,133,0.44360902255639095
7797,0.5970050200391355,116,0.9051724137931034
7799,0.9170988265008879,130,0.9692307692307692
7800,0.6615429054747365,139,0.9280575539568345
7801,0.8192326604010514,17,0.8823529411764706
7802,0.6881237354361847,12,0.8333333333333334
7803,0.5188102717152866,16,0.8125
7804,0.4334171719251832,14,0.7142857142857143
7805,0.6684299133434223,45,0.9555555555555556
7806,-0.11728567366311887,6,0.16666666666666666
7807,0.8685764430001752,110,0.9727272727272728
7808,-0.07109697574741916,47,0.19148936170212766
7809,0.940183272561991,130,0.9692307692307692
7810,0.45194561459527394,13,0.6153846153846154
7811,0.6168947915264906,13,0.6923076923076923
7812,0.7237733862582051,11,0.8181818181818182
7813,0.28292487659038595,14,0.5714285714285714
7814,0.5910800147699328,130,0.8923076923076924
7815,0.0773194069781265,114,0.4649122807017544
7816,0.5307984909640515,11,0.7272727272727273
7817,0.7014978152579707,11,0.8181818181818182
7818,0.6875991763255169,12,0.8333333333333334
7820,0.6259933738811672,10,0.8
7821,0.6992143237630675,143,0.9230769230769231
7822,0.20724884659243975,126,0.5
7823,0.15180432036384617,5,0.2
7824,0.7518294442912002,114,0.9473684210526315
7825,0.7880181104782035,59,0.9491525423728814
7826,0.6263955607078007,10,0.8
7827,0.696173575590247,11,0.8181818181818182
7828,0.22313209336202555,141,0.6808510638297872
7829,0.5007482771257867,122,0.8934426229508197
7830,0.5903645697140408,13,0.6923076923076923
7831,0.6401420921707576,19,0.7894736842105263
7832,0.3017548679312448,110,0.7454545454545455
7833,0.687072163644594,144,0.9166666666666666
7834,0.6122369458312676,14,0.7142857142857143
7835,0.3776699743836556,42,0.7857142857142857
7836,0.3968908472359762,13,0.6153846153846154
7837,0.5676854436436533,14,0.7142857142857143
7838,0.6583634398057038,14,0.7857142857142857
7840,0.07334082050029916,50,0.38
7841,0.9235496614662261,126,0.9682539682539683
7842,0.5771013786017777,13,0.6923076923076923
7843,0.2672067831811594,118,0.5508474576271186
7844,0.6870781870398238,133,0.9398496240601504
7845,0.3462194411187301,112,0.7053571428571429
7847,0.2552077139669785,12,0.5
7848,0.6091023761789605,133,0.924812030075188
7849,0.6248621385870553,42,0.9761904761904762
7850,0.29334113057938827,129,0.6589147286821705
7851,0.46169660296595494,12,0.6666666666666666
7852,0.7159787729830361,57,0.9473684210526315
7853,0.2954667379904172,14,0.5714285714285714
7854,-0.07588112621775764,9,0.2222222222222222
7855,0.4424952007431017,13,0.6153846153846154
7856,0.19403638505437407,124,0.5967741935483871
7858,0.42715289784441657,10,0.6
7859,0.7303376720450875,15,0.8666666666666667
7860,-0.1558928714442083,112,0.29464285714285715
7861,0.747779546437407,14,0.8571428571428571
7862,0.41533609176297526,13,0.6923076923076923
7863,0.726621684903787,136,0.9558823529411765
7864,0.3910893990510895,134,0.7089552238805971
7865,0.0506008541313419,41,0.34146341463414637
7866,0.18446803916884444,69,0.5652173913043478
7867,0.7339894843109617,141,0.9290780141843972
7868,0.4104905796849907,16,0.625
7869,0.015210833192590525,44,0.3181818181818182
7870,0.66672321682594,112,0.9553571428571429
7871,0.7132565721615306,53,0.9433962264150944
7873,0.33737301037965933,51,0.7843137254901961
7874,0.6858330766533609,142,0.9014084507042254
7875,0.5626867297186369,126,0.873015873015873
7876,0.629722466892876,18,0.7222222222222222
7877,0.20665567273412003,135,0.5555555555555556
7878,0.6357890621655954,11,0.7272727272727273
7879,0.8513837491773742,16,0.875
7880,0.2685702153610296,14,0.5714285714285714
7881,0.6669089398149181,13,0.8461538461538461
7882,0.04207312855235976,123,0.4959349593495935
7883,0.36032271978441394,10,0.6
7884,0.8711465012293782,17,0.8823529411764706
7885,0.426147676151146,150,0.78
7886,0.30811850558882353,133,0.6766917293233082
7887,0.4764910633298754,120,0.8666666666666667
7888,0.506000857822603,125,0.848
7889,0.586389965130151,131,0.9236641221374046
7890,0.6067475756159706,16,0.75
7891,0.890495063217595,125,0.96
7892,0.47164728900723607,9,0.6666666666666666
7893,0.5096610228905878,11,0.6363636363636364
7894,0.5342949226385448,123,0.8699186991869918
7895,0.8167176498663477,129,0.9689922480620154
7896,-0.018912012947788947,32,0.28125
7897,0.6403803188977713,18,0.8333333333333334
7898,0.3497736204587266,119,0.7478991596638656
7899,0.33961754896183366,10,0.6
7900,0.2401482402721259,19,0.47368421052631576
7901,0.25882681747685865,77,0.6233766233766234
7902,0.1952807342039234,149,0.5906040268456376
7903,-0.014631116379225111,41,0.34146341463414637
7904,0.37991202945283,139,0.7338129496402878
7905,0.4266484447033819,63,0.8095238095238095
7906,0.9746080097194593,121,0.9752066115702479
7907,0.40754617345410343,10,0.6
7908,0.765396395335679,17,0.8823529411764706
7909,0.7043203774112188,17,0.8235294117647058
7910,0.3258414932634808,13,0.6153846153846154
7911,0.5493057748353158,12,0.6666666666666666
7913,0.6034710916618574,9,0.7777777777777778
7914,0.7147063623487347,109,0.926605504587156
7917,0.819320079818145,138,0.9710144927536232
7918,0.04633827236643244,125,0.424
7920,0.045012957225597144,44,0.3409090909090909
7921,0.27961803782997785,110,0.7272727272727273
7922,0.09160367273311724,3,0.3333333333333333
7923,0.859793947739266,133,0.9699248120300752
7924,0.5143716878700052,57,0.8596491228070176
7925,0.530534573346804,18,0.6666666666666666
7926,0.7953371228547755,134,0.9552238805970149
7927,0.6244261592901599,17,0.8235294117647058
7928,0.5106013042530684,124,0.8629032258064516
7929,0.6204391565485619,12,0.75
7930,0.4198810733979556,142,0.7816901408450704
7932,0.669740153259121,126,0.9206349206349206
7933,0.7440508846803262,145,0.9517241379310345
7934,0.45749155506264083,12,0.6666666666666666
7935,0.37070628587630594,13,0.6923076923076923
7936,0.2030428314441578,135,0.5407407407407407
7937,0.7198061199203186,136,0.9485294117647058
7938,0.7709633783968489,15,0.8666666666666667
7939,-0.00582970212516486,110,0.39090909090909093
7940,0.5650786338586202,144,0.8819444444444444
7941,0.49102428252600944,12,0.75
7942,0.8367678198243841,16,0.875
7943,0.6751476162068055,17,0.8823529411764706
7944,0.6390450444535105,10,0.8
7945,0.8003968297807059,125,0.968
7946,0.28199097236260645,17,0.47058823529411764
7947,0.4337905466396528,12,0.5833333333333334
7948,0.5554826112720446,127,0.8740157480314961
7949,0.3315566909121973,118,0.7288135593220338
7950,1.0179697157930032,134,0.9850746268656716
7951,0.142292954957309,127,0.44881889763779526
7952,0.7359811999087188,144,0.9375
7953,0.48877718248252344,13,0.6923076923076923
7954,0.5183270737478849,12,0.6666666666666666
7955,0.8493041849273125,68,0.9705882352941176
7956,0.6830082959877821,124,0.9435483870967742
7957,0.38074987262009014,17,0.5882352941176471
7958,0.5974028961951731,16,0.6875
7959,0.6845043387990108,13,0.8461538461538461
7960,0.7450398161342957,13,0.8461538461538461
7961,0.4262377848008949,129,0.8372093023255814
7962,0.7402381684800281,15,0.8666666666666667
7963,0.24853529936471472,14,0.5
7964,0.30289052602993066,14,0.5
7965,0.7471842697555885,14,0.8571428571428571
7966,0.6221258466091834,128,0.9140625
7967,0.8030551420032369,123,0.9512195121951219
7968,0.8042512738066712,61,0.9508196721311475
7969,0.4307916073516031,14,0.7142857142857143
7970,0.9005378630194847,126,0.9603174603174603
7971,0.7760994260008495,130,0.9384615384615385
7972,0.2510875855877495,14,0.5
7973,0.36791229792042396,11,0.6363636363636364
7974,0.745559725907733,20,0.85
7975,0.6409733483106178,10,0.8
7977,0.54885068883104,136,0.8529411764705882
7978,0.3375985651330382,147,0.7414965986394558
7979,0.025009418764664372,45,0.35555555555555557
7980,0.49668258528651044,13,0.6923076923076923
7981,0.2651082880222895,129,0.6434108527131783
7982,0.1261236508529984,125,0.544
7983,0.6015220927892576,137,0.9124087591240876
7984,0.5576718702550699,16,0.75
7985,0.6543996912515703,125,0.904
7986,0.6969464358350096,13,0.8461538461538461
7987,0.38877215273721905,11,0.5454545454545454
7988,0.5597256998683834,12,0.75
7989,0.1614089609565541,57,0.543859649122807
7990,0.6551952650408838,57,0.9122807017543859
7991,0.5006357755905492,12,0.6666666666666666
7992,-0.023302656981049594,123,0.3902439024390244
7993,0.29300093542991523,122,0.6311475409836066
7994,1.1522027456045796,3,1.0
7995,0.5019490844796124,19,0.6842105263157895
7996,0.5559308931233122,124,0.8629032258064516
7997,0.6414959782247338,120,0.925
7999,0.41601357356875196,11,0.5454545454545454
8000,0.6411609627093597,12,0.75
8001,0.6461675599419029,18,0.8333333333333334
8002,0.5194693886238914,15,0.6666666666666666
8003,0.5949563011680488,127,0.889763779527559
8004,0.5766279720251473,13,0.6923076923076923
8005,0.3152032273699923,116,0.6982758620689655
8006,0.4345193819272261,126,0.7777777777777778
8007,0.5369981175520939,137,0.8832116788321168
8008,0.3366940842952842,11,0.5454545454545454
8009,0.7569948519024282,118,0.9576271186440678
8010,0.6502287707940101,69,0.9565217391304348
8011,-0.005329964679695462,147,0.4013605442176871
8013,-0.034429049650097514,139,0.2949640287769784
8014,0.35441030769540455,15,0.5333333333333333
8015,0.39262619721866865,123,0.7886178861788617
8016,0.6421127638961174,15,0.8666666666666667
8017,0.5793498848022868,58,0.8793103448275862
8018,0.3798093920512501,151,0.7350993377483444
8019,0.40059061432092374,13,0.46153846153846156
8020,0.4369529710108645,17,0.6470588235294118
8021,0.25399729791367265,126,0.7063492063492064
8022,0.9548346776642355,142,0.9788732394366197
8023,0.7359616986865369,17,0.8823529411764706
8024,-0.04961443849276787,19,0.15789473684210525
8025,1.042138774086671,139,0.9928057553956835
8026,0.7198931460578049,12,0.75
8027,0.7959696349640083,16,0.8125
8028,0.8049124308809896,138,0.9565217391304348
8029,0.8535883427125578,13,0.9230769230769231
8030,0.667778646431309,17,0.8823529411764706
8031,0.822871503809865,120,0.9666666666666667
8032,0.7297098867977126,13,0.8461538461538461
8033,0.901838029712871,52,0.9615384615384616
8034,0.6509061274322688,11,0.8181818181818182
8035,0.9835348256340014,16,0.9375
8036,0.5571805672436446,16,0.8125
8037,0.39373448062138544,11,0.6363636363636364
8038,0.8305808775444247,12,0.9166666666666666
8039,0.8784070377182924,12,0.8333333333333334
8040,0.8675601865462659,124,0.9516129032258065
8041,0.9452941033293014,16,0.9375
8042,0.953542688161354,18,0.9444444444444444
8043,0.46175681227315324,132,0.8560606060606061
8044,0.8090806230989931,10,0.9
8045,0.6777687242095495,125,0.944
8046,0.14679105442619458,42,0.5238095238095238
8047,0.12393113836522157,101,0.44554455445544555
8048,0.7929310679468023,122,0.9672131147540983
8049,0.6998878608067549,12,0.8333333333333334
8050,0.14310143291971422,126,0.4603174603174603
8051,0.8744721352202055,12,0.9166666666666666
8052,0.11896091739227217,49,0.46938775510204084
8053,0.8513433004960836,13,0.8461538461538461
8054,0.6992229033652501,17,0.7647058823529411
8056,0.4562276228080701,14,0.6428571428571429
8057,0.27134181247147054,120,0.625
8058,0.9028027681745501,11,0.9090909090909091
8059,0.8819411331122463,146,0.9726027397260274
8060,0.8985571492162964,13,0.9230769230769231
8061,0.9625584181928574,136,0.9926470588235294
8062,0.548015309635595,109,0.8990825688073395
8063,0.49334305319218424,11,0.7272727272727273
8065,0.8845998608593287,12,0.9166666666666666
8066,0.4016352582162618,13,0.6923076923076923
8067,0.6323195916934401,13,0.8461538461538461
8068,0.9022623524779847,13,0.9230769230769231
8069,0.8984739481693096,13,0.9230769230769231
8070,0.8749024018413017,147,0.9659863945578231
8071,-0.10977405655127787,20,0.2
8072,0.48101267032576467,11,0.6363636363636364
8073,0.605259453287544,127,0.9291338582677166
8074,0.9416697125246495,17,0.9411764705882353
8075,0.7740215904067764,130,0.9692307692307692
8076,0.5900198671567299,133,0.9172932330827067
8077,0.9957331813200055,57,0.9824561403508771
8078,0.4848154658195015,15,0.8
8079,0.6722937267274212,115,0.9304347826086956
8080,0.8673794901938995,10,0.9
8081,0.507351628659122,20,0.75
8082,0.8907687207455326,12,0.9166666666666666
8083,0.3898790838750534,132,0.7803030303030303
8084,0.8938676390664466,135,0.9629629629629629
8086,0.6786948901707385,16,0.875
8087,0.7528880483143582,14,0.8571428571428571
8088,0.9000605790515364,14,0.9285714285714286
8089,0.15605653395149927,102,0.5
8090,0.9209490173223588,12,0.9166666666666666
8091,0.3224735238545937,3,0.3333333333333333
8092,0.9647316559566005,13,0.9230769230769231
8093,0.9679625922014059,138,0.9710144927536232
8094,0.09972323196838986,136,0.5294117647058824
8095,0.537568497551106,11,0.7272727272727273
8096,0.7142238267116574,15,0.8666666666666667
8097,0.6129310747162169,122,0.9426229508196722
8098,0.8569182065372294,124,0.9758064516129032
8099,0.925936926327504,12,0.9166666666666666
8100,0.6859730847181144,116,0.9224137931034483
8101,0.5819194145831261,14,0.7857142857142857
8103,0.4259275080598866,15,0.7333333333333333
8104,1.145541923554233,13,0.9230769230769231
8105,0.9385507897242059,16,0.9375
8106,0.537059215362856,13,0.7692307692307693
8107,0.16072325179197575,130,0.5846153846153846
8108,0.6609465625796075,17,0.8235294117647058
8109,0.403672698739788,12,0.75
8110,0.7156256095606081,13,0.8461538461538461
8111,0.5393245953551932,123,0.8780487804878049
8112,0.8363877833438239,11,0.9090909090909091
8113,1.1391327443977113,131,0.9847328244274809
8114,0.7829401599436129,12,0.8333333333333334
8115,0.6769583500448998,14,0.8571428571428571
8116,0.9275199483650455,13,0.9230769230769231
8117,0.7578105678558155,11,0.8181818181818182
8118,1.052136184888472,133,0.9849624060150376
8119,0.943459027308488,12,0.9166666666666666
8120,0.8032686697898876,11,0.8181818181818182
8121,1.1315167464304567,46,1.0
8122,0.9136166881182015,15,0.9333333333333333
8123,0.2991648724724131,56,0.7142857142857143
8124,1.030011547928972,121,0.9834710743801653
8125,0.8475381575572971,136,0.9632352941176471
8126,0.5912952013149623,52,0.9038461538461539
8127,0.9584456528373984,116,0.9827586206896551
8128,0.8958861700854829,12,0.9166666666666666
8130,-0.07388325277105892,66,0.19696969696969696
8131,0.4114913484439513,57,0.8421052631578947
8132,0.7364509064927085,12,0.75
8133,0.969206406835522,17,0.9411764705882353
8134,0.5574677323623485,148,0.8986486486486487
8135,0.07105741138639521,143,0.44755244755244755
8136,0.11305986169963045,132,0.4318181818181818
8138,0.9257229108413657,11,0.9090909090909091
8139,0.8954652899659873,10,0.9
8140,0.8653343198963669,15,0.9333333333333333
8141,0.8802884371199384,13,0.9230769230769231
8142,0.9113498574351356,12,0.9166666666666666
8143,1.0584472435778942,4,1.0
8144,0.8482937017835898,133,0.9699248120300752
8145,1.0247614414553352,129,0.9844961240310077
8146,0.7061271803582202,137,0.9343065693430657
8147,0.3792587751011188,47,0.8723404255319149
8148,0.8022345431900365,54,0.9629629629629629
8149,0.8675823013359742,135,0.9703703703703703
8150,1.1543709316153883,124,0.9838709677419355
8151,0.8291459886797531,8,0.875
8152,0.464431716930656,10,0.7
8153,0.9720715636421181,142,0.971830985915493
8154,0.49136070600785203,10,0.7
8155,0.6887763964194109,14,0.8571428571428571
8156,1.1682136019631675,110,0.9818181818181818
8157,0.2128746474794711,120,0.5833333333333334
8158,0.5703963055941346,141,0.9148936170212766
8159,0.48379441163997,58,0.8448275862068966
8160,1.118974222299256,3,1.0
8161,0.8965678796964461,12,0.9166666666666666
8162,0.8611245708078079,10,0.9
8163,-0.006039032079648738,41,0.21951219512195122
8164,1.8560389431748385,120,1.0
8165,0.8523729991059872,12,0.9166666666666666
8166,1.9760637313454217,7,1.0
8167,0.32375345528459676,12,0.5833333333333334
8168,0.37546725546311305,132,0.7727272727272727
8169,0.9857342667517359,141,0.9787234042553191
8170,0.5836097420557335,138,0.8985507246376812
8171,0.6436896790531991,126,0.9126984126984127
8172,1.0620349356227357,22,0.9545454545454546
8173,0.6886285669080596,125,0.952
8174,-0.02592574433903869,41,0.21951219512195122
8175,0.2725732928261474,53,0.5849056603773585
8178,0.5733648888686728,15,0.8
8179,0.6577429437609927,144,0.9305555555555556
8180,0.7074704379143428,135,0.9481481481481482
8181,0.6249243062117426,134,0.8805970149253731
8182,0.5384839851758896,16,0.8125
8183,0.8939872514806235,11,0.9090909090909091
8185,0.8642944998622186,115,0.9652173913043478
8186,0.956129355028605,51,0.9803921568627451
8187,0.8895562552836784,147,0.9591836734693877
8188,0.8821046443050468,10,0.9
8189,1.1120303348251819,125,0.984
8190,0.9476233333404923,50,0.98
8191,0.9317872078164288,16,0.9375
8192,0.304316697879604,14,0.5
8193,0.8284199736292182,10,0.9
8194,0.6358381181196785,46,0.9565217391304348
8195,0.4952137530485144,119,0.8151260504201681
8196,1.2615872911739692,130,0.9923076923076923
8197,0.809658496314789,126,0.9682539682539683
8198,0.8223020920616311,135,0.9629629629629629
8199,0.8872004353601411,12,0.9166666666666666
8200,0.46802002780052515,119,0.8235294117647058
8201,0.7056514372735043,133,0.9097744360902256
8202,0.929988876363444,14,0.9285714285714286
8203,0.3447561748962683,14,0.5
8204,0.5522740369847812,130,0.8615384615384616
8205,0.6742092718060936,135,0.9111111111111111
8206,0.8878406761156744,148,0.972972972972973
8207,0.9421300415957711,150,0.9733333333333334
8208,0.8621568357322418,11,0.9090909090909091
8209,0.8139388001177243,12,0.8333333333333334
8210,0.6813786328522959,11,0.8181818181818182
8211,0.8026906717366153,8,0.875
8212,0.548607299747539,15,0.6666666666666666
8213,0.8026906717366153,8,0.875
8214,0.8179843013909556,10,0.9
8215,0.6258104423783064,11,0.7272727272727273
8216,0.5803996483773046,14,0.7142857142857143
8217,0.6813574866034702,118,0.9576271186440678
8218,0.8039496509850513,50,0.96
8219,1.4803922215564185,3,1.0
8220,0.9474990104494919,15,0.9333333333333333
8221,0.6356972807647556,126,0.9126984126984127
8222,0.6968176306849698,145,0.9379310344827586
8223,0.9304536960902454,121,0.9834710743801653
8224,0.3741348939371036,128,0.78125
8225,0.5598975340566573,14,0.7857142857142857
8226,0.5601733424181755,138,0.8985507246376812
8228,0.5980351462949121,10,0.7
8229,0.3325287485749259,5,0.2
8230,0.7685796124562226,13,0.7692307692307693
8231,0.8852376983239811,17,0.8235294117647058
8232,0.8012423355244677,136,0.9632352941176471
8233,0.7015581454205108,14,0.7857142857142857
8234,0.9645169397386814,20,0.9
8235,0.9786214821141173,11,0.9090909090909091
8236,0.8878806642037794,12,0.9166666666666666
8237,0.3742338495755183,130,0.8076923076923077
8238,0.6853190958471089,59,0.9661016949152542
8239,0.6982801638495325,124,0.9193548387096774
8240,0.220665099438766,18,0.5
8241,0.9441536736510137,15,0.9333333333333333
8242,0.47403565514261775,123,0.8292682926829268
8243,0.5640095422882417,13,0.7692307692307693
8244,0.8859025371998754,13,0.8461538461538461
8245,0.5750749359641376,46,0.9130434782608695
8246,-0.10097518127700861,40,0.225
8247,0.7788653199867204,124,0.9435483870967742
8248,0.6190689893449276,12,0.75
8249,0.6809000815476808,146,0.9246575342465754
8251,0.33451892485186313,13,0.5384615384615384
8252,0.48738091996804583,11,0.6363636363636364
8253,1.0010548651708515,6,0.8333333333333334
8254,1.1807452284746875,102,0.9901960784313726
8255,0.7132392016353712,124,0.9274193548387096
8256,0.9094412828838471,125,0.968
8257,1.0418226639633354,131,0.9770992366412213
8258,0.685486749476948,144,0.9513888888888888
8259,0.35850136863630744,12,0.5833333333333334
8260,0.2775173353351322,42,0.6904761904761905
8261,1.1749725044657937,131,0.9923664122137404
8262,0.780507818210445,130,0.9538461538461539
8263,0.7261758817117326,13,0.7692307692307693
8264,1.1085786972282845,17,0.9411764705882353
8265,0.722722928300072,138,0.9492753623188406
8266,0.7528485126643126,18,0.8333333333333334
8267,0.3543579345353364,17,0.5294117647058824
8268,0.8552933964090028,17,0.8823529411764706
8269,0.847753205900356,10,0.9
8270,0.05263293792837684,57,0.3508771929824561
8271,0.7736312430985783,66,0.9545454545454546
8272,0.9100158053144584,124,0.9758064516129032
8273,0.6990010389383831,58,0.9482758620689655
8274,0.626078654822127,14,0.7857142857142857
8275,0.15813295149958317,113,0.5575221238938053
8276,0.8486132073195342,10,0.9
8277,0.7203813210271736,12,0.8333333333333334
8278,0.2577176968860426,146,0.726027397260274
8279,0.2936162988036069,48,0.75
8280,1.0286214288503461,59,0.9830508474576272
8281,0.41951425257009267,114,0.7982456140350878
8282,0.2850623804628191,18,0.5555555555555556
8283,0.8544510459494633,11,0.9090909090909091
8284,0.6140545329584476,15,0.8
8285,0.873776215344327,12,0.9166666666666666
8286,0.7668464557565147,132,0.9393939393939394
8287,0.7524333327551905,124,0.9516129032258065
8288,0.8417955506322254,130,0.9461538461538461
8289,0.9046523488720261,13,0.9230769230769231
8290,0.839178431603961,151,0.9668874172185431
8291,0.9016101802562033,13,0.9230769230769231
8292,0.4575018748181387,115,0.8173913043478261
8293,0.8480961686965341,11,0.9090909090909091
8294,0.5302825097151794,139,0.8633093525179856
8295,0.9181920312131009,14,0.9285714285714286
8297,0.9416424914676939,113,0.9823008849557522
8298,0.6051989682681941,14,0.7142857142857143
8299,0.9034551181343377,14,0.9285714285714286
8300,0.5544817607828996,53,0.9245283018867925
8301,0.44754140179519847,138,0.8333333333333334
8303,0.8804751880215439,111,0.990990990990991
8304,0.7980326606541004,138,0.9492753623188406
8305,1.7422707834980826,112,1.0
8306,0.8208417771321841,137,0.9635036496350365
8308,0.45472050893274446,12,0.75
8309,0.3284731679624932,117,0.717948717948718
8310,0.7757835446393799,135,0.9407407407407408
8311,1.0711943337193508,125,0.976
8312,0.6271417990216858,10,0.8
8313,0.9576005869910106,12,0.9166666666666666
8314,0.6605561879887338,12,0.6666666666666666
8315,0.3582015532906847,15,0.6
8316,0.8613989155678132,25,0.88
8317,0.6956936061678533,133,0.924812030075188
8318,0.8533628699497403,130,0.9692307692307692
8319,0.5380613138888249,131,0.8931297709923665
8320,0.9296394207251332,14,0.9285714285714286
8321,0.6793869713276098,11,0.9090909090909091
8322,0.48889088627223765,15,0.8
8323,0.6861264531816101,154,0.922077922077922
8324,0.850311485640951,141,0.9716312056737588
8325,0.8369478951084854,9,0.8888888888888888
8326,0.698598702556164,122,0.9508196721311475
8327,0.8020258481069298,150,0.9666666666666667
8328,0.648679466440685,122,0.9344262295081968
8329,0.8557241986809201,10,0.9
8330,1.0080468555999755,16,0.9375
8331,0.6655096553678339,14,0.7857142857142857
8332,1.227242309634611,3,1.0
8333,0.44451381894167774,139,0.8489208633093526
8334,0.9337308589852827,12,0.9166666666666666
8335,0.8627946413408787,161,0.9627329192546584
8336,0.9647491134919804,151,0.9668874172185431
8338,0.48296599282170355,124,0.8145161290322581
8339,0.8892538485702843,12,0.9166666666666666
8340,0.8966524347551089,12,0.9166666666666666
8341,0.357364981637011,14,0.5
8342,0.6274224307686769,5,0.8
8343,0.9381020804851581,15,0.9333333333333333
8345,0.49173285128721206,11,0.6363636363636364
8346,0.5374890427950745,13,0.7692307692307693
8347,0.6471995563967087,139,0.920863309352518
8348,1.151353985981974,138,0.9855072463768116
8349,1.0039002423068109,115,0.9826086956521739
8351,0.36693514230379687,112,0.7678571428571429
8352,0.4203913597099719,13,0.6923076923076923
8353,0.6345645580243972,15,0.7333333333333333
8354,0.8180443933217333,12,0.9166666666666666
8355,0.726703432134579,53,0.9622641509433962
8356,0.7374814135006348,144,0.9236111111111112
8358,0.982024704414598,131,0.9770992366412213
8359,1.018684564922252,63,0.9841269841269841
8360,1.0515599645889862,16,0.9375
8361,0.5256292896422688,123,0.8455284552845529
8362,0.9217248966604236,12,0.9166666666666666
8363,0.5557388254840193,147,0.8843537414965986
8365,0.7391184401927345,61,0.9508196721311475
8366,0.8231158523440746,133,0.9624060150375939
8367,0.6322719234176212,117,0.8974358974358975
8368,0.8239899006924282,10,0.9
8369,0.28290218225469127,134,0.6716417910447762
8371,0.8592487000764204,121,0.9586776859504132
8372,-0.0195403068456552,116,0.25862068965517243
8374,0.7779000343750199,137,0.9562043795620438
8375,0.5291182123210736,127,0.8346456692913385
8376,0.7440398479929106,4,0.5
8377,0.5462268022448528,11,0.7272727272727273
8378,0.8598166773395747,11,0.9090909090909091
8380,0.6534546340402468,16,0.8125
8381,0.9677811601451214,50,0.98
8382,0.8640409585381036,10,0.9
8383,0.5747639896812525,139,0.8992805755395683
8384,0.7105526528990563,11,0.8181818181818182
8385,0.5092235993716582,13,0.6923076923076923
8386,0.2179898705902668,4,0.25
8387,0.883538184321242,157,0.9745222929936306
8388,0.7096160966250581,17,0.8235294117647058
8390,0.8864076622943207,11,0.9090909090909091
8391,0.847753205900356,10,0.9
8392,0.8044336376057383,11,0.8181818181818182
8393,0.14429331811155804,130,0.49230769230769234
8394,0.7840891285334625,123,0.967479674796748
8395,0.9703491632809166,150,0.98
8396,0.4783449325027089,15,0.7333333333333333
8397,0.5993776808715185,39,0.9487179487179487
8398,0.6964045853725489,19,0.8421052631578947
8399,1.0990917600711243,5,1.0
8400,0.833749008920138,13,0.8461538461538461
8401,0.27781038654970797,104,0.7115384615384616
8402,0.7962139402752743,123,0.967479674796748
8403,0.6142440868057557,14,0.7142857142857143
8404,0.932492715589811,12,0.9166666666666666
8406,1.178621971552058,132,0.9924242424242424
8407,0.8242646469313034,10,0.9
8408,0.5862170881275421,12,0.75
8409,0.86629059583629,112,0.9642857142857143
8410,0.725667112359442,127,0.9291338582677166
8411,0.9123087271735678,3,1.0
8412,0.949951234431512,120,0.9666666666666667
8413,0.5023397692896137,12,0.5833333333333334
8414,0.12343245993158634,137,0.49635036496350365
8415,0.5785060293903536,13,0.7692307692307693
8416,0.4430411382012549,137,0.8613138686131386
8417,0.8026906717366153,8,0.875
8418,0.1242455199392884,131,0.5114503816793893
8419,0.9826075137376866,60,0.9833333333333333
8421,0.6508728441460364,109,0.926605504587156
8422,0.6226969460736784,8,0.875
8423,0.8179843013909556,10,0.9
8424,0.24599724328305805,81,0.654320987654321
8425,0.8749701741684862,141,0.9716312056737588
8426,0.4721349075269191,134,0.8507462686567164
8427,0.9008964822528582,112,0.9732142857142857
8428,0.8180795920408002,5,0.8
8429,0.928044101123261,11,0.9090909090909091
8430,1.0275137677471315,124,0.9838709677419355
8431,0.5703930003626014,133,0.8721804511278195
8432,0.9870317576705717,18,0.8888888888888888
8433,0.6653836385524263,11,0.8181818181818182
8434,0.6827372734634474,12,0.8333333333333334
8435,0.5600110911114846,129,0.8914728682170543
8436,0.6580691919086504,11,0.8181818181818182
8437,0.4720677941652014,140,0.8285714285714286
8438,0.5035998942938763,138,0.8840579710144928
8439,0.9232378875153279,15,0.9333333333333333
8440,0.6659351960283594,125,0.904
8441,0.8026906717366153,8,0.875
8442,0.7566433759125503,139,0.9640287769784173
8443,0.6390237133847931,141,0.9148936170212766
8444,0.9974993272468897,118,0.9915254237288136
8445,0.8060200994963063,127,0.937007874015748
8446,0.4711990302038828,14,0.7857142857142857
8447,1.1257567421483676,140,0.9785714285714285
8448,0.8874143490303943,12,0.9166666666666666
8450,0.8154699091320361,58,0.9655172413793104
8452,0.7046440999026711,122,0.9098360655737705
8453,0.9323605586119587,13,0.9230769230769231
8454,0.8090806230989931,10,0.9
8455,0.37336488543575536,131,0.7404580152671756
8456,0.8925664685622147,132,0.9696969696969697
8457,1.2931741134627368,5,1.0
8459,0.8940684809349604,11,0.9090909090909091
8460,0.5936198848475984,14,0.6428571428571429
8461,0.7727907956978465,14,0.7857142857142857
8462,-0.008080011809548268,113,0.2920353982300885
8463,0.8993439754533978,11,0.9090909090909091
8464,0.9831054320499051,53,0.9811320754716981
8466,0.9192368401006792,13,0.9230769230769231
8467,0.9994707308315778,13,0.9230769230769231
8468,0.5263034534247847,144,0.8402777777777778
8469,0.990718121755663,13,0.9230769230769231
8470,0.9306179924132065,123,0.975609756097561
8471,1.0539010278920915,137,0.9781021897810219
8473,0.5723085854363765,125,0.92
8474,0.944144011498477,13,0.9230769230769231
8475,0.5141431314680603,138,0.8695652173913043
8476,0.8673794901938995,10,0.9
8477,0.5689019021018386,12,0.75
8478,0.6991019002540214,151,0.9403973509933775
8479,0.6396690869127026,14,0.7142857142857143
8480,0.8580737847245342,10,0.9
8481,0.6347511918889293,137,0.9051094890510949
8482,0.7832117986694039,14,0.8571428571428571
8483,0.5726394819016992,134,0.9104477611940298
8484,0.5561243546641259,108,0.8796296296296297
8485,0.3352049116892643,130,0.7538461538461538
8486,0.7282574360449272,15,0.9333333333333333
8487,0.5704432441902596,142,0.8873239436619719
8488,0.7638698237752488,16,0.9375
8489,0.3844077512640902,13,0.5384615384615384
8490,0.34749256112623006,121,0.7107438016528925
8491,0.6821755310084745,135,0.9259259259259259
8492,0.7572448045786215,12,0.8333333333333334
8493,0.5149237235149975,44,0.9318181818181818
8494,0.6879184959349658,130,0.9384615384615385
8495,0.9757999417916753,120,0.9666666666666667
8496,0.7048447200326992,128,0.9609375
8497,0.9373313995755126,55,0.9636363636363636
8498,0.8663074363097782,114,0.9649122807017544
8499,0.4827441137414369,137,0.8467153284671532
8500,0.9016790398097569,13,0.9230769230769231
8501,0.5165835979180581,13,0.6923076923076923
8502,0.7019746231612171,113,0.9380530973451328
8503,0.5119012027653868,13,0.6923076923076923
8504,0.7524576029355207,12,0.75
8505,0.18662799871078412,133,0.5263157894736842
8506,1.9942141839346725,3,1.0
8507,0.955940782053447,52,0.9807692307692307
8508,0.4115766084190201,134,0.7761194029850746
8509,0.6532275466599348,130,0.9076923076923077
8510,0.8560307314924164,132,0.946969696969697
8511,0.7339090824766135,130,0.9538461538461539
8512,0.5993264623577621,126,0.9047619047619048
8513,0.6970398212618127,4,0.75
8514,0.9463761528720085,13,0.9230769230769231
8515,0.2425965052953777,69,0.6521739130434783
8516,1.2150159682659183,128,0.9921875
8517,0.8059162388621854,123,0.967479674796748
8518,1.3106658107290348,43,1.0
8519,0.9780230664181844,126,0.9682539682539683
8520,0.637907676580202,47,0.9361702127659575
8521,0.6678247959859306,14,0.7857142857142857
8522,0.8915435687833372,128,0.9765625
8523,0.7052023459884474,113,0.9380530973451328
8524,0.18153708714103436,117,0.5470085470085471
8525,0.863489466444931,11,0.9090909090909091
8526,0.27064308399206566,113,0.6283185840707964
8527,0.34375637998412367,10,0.7
8528,0.907090589354297,11,0.9090909090909091
8529,0.45619973776345907,13,0.6923076923076923
8530,0.2812636140680299,99,0.6262626262626263
8531,0.8242646469313034,10,0.9
8532,0.41840142110320033,134,0.7611940298507462
8533,0.8247653040019481,10,0.9
8534,0.6055373561753435,13,0.7692307692307693
8535,0.6567521647096372,100,0.93
8536,0.6180374824662757,7,0.7142857142857143
8537,0.5394637874541207,14,0.7857142857142857
8538,0.8026906717366153,8,0.875
8539,0.892472951390458,13,0.9230769230769231
8541,0.8132949221814476,9,0.8888888888888888
8543,0.7741226558822835,128,0.96875
8544,0.2291083540809621,114,0.6403508771929824
8545,0.6766844139860085,124,0.9274193548387096
8546,0.7177250157757543,14,0.8571428571428571
8547,1.0633502044497933,138,0.9855072463768116
8548,0.7003319648255082,131,0.9312977099236641
8549,0.8601849515816387,11,0.9090909090909091
8550,0.34026589623442105,135,0.7111111111111111
8551,0.22361205201540096,125,0.616
8552,0.802047463371903,15,0.8666666666666667
8553,0.9191858816707579,15,0.9333333333333333
8555,0.8585736874514526,12,0.9166666666666666
8557,0.14549284754250832,122,0.48360655737704916
8558,0.6739653883161747,13,0.6923076923076923
8559,0.5500027819109575,147,0.8503401360544217
8560,0.024793866271841134,4,0.25
8561,0.25001129562662766,137,0.6131386861313869
8562,0.8640409585381036,10,0.9
8563,0.7390396601193724,65,0.9384615384615385
8564,1.1984436825719058,130,0.9923076923076923
8566,0.7081886634970598,150,0.9333333333333333
8567,0.4357020876953606,122,0.8278688524590164
8568,0.6939158278602705,11,0.9090909090909091
8569,0.5072769200205188,13,0.7692307692307693
8571,0.7171828880683218,11,0.8181818181818182
8572,0.8330637958076542,134,0.9701492537313433
8573,0.6516019081425053,15,0.7333333333333333
8574,0.9074293468677933,135,0.9777777777777777
8575,0.18696130908243808,133,0.5263157894736842
8577,0.39400844171569455,120,0.7583333333333333
8578,0.9008323818860642,12,0.9166666666666666
8579,0.770789250986933,14,0.9285714285714286
8580,0.018609605103398395,43,0.27906976744186046
8581,0.5645167950861978,12,0.75
8584,0.6585261081150714,14,0.7142857142857143
8585,0.6669336469393168,12,0.75
8586,0.6962377270084177,136,0.9338235294117647
8587,1.105346132508017,128,0.9921875
8588,0.23612115829160438,128,0.578125
8589,0.6799120098427046,12,0.9166666666666666
8590,0.8316816208963022,141,0.9574468085106383
8591,0.43456571207148315,13,0.7692307692307693
8592,0.8447135433304267,149,0.9664429530201343
8593,0.8095593325268599,14,0.8571428571428571
8594,0.8658281040275505,15,0.8666666666666667
8595,0.7072193917157692,63,0.9523809523809523
8596,0.5554433770614313,15,0.7333333333333333
8597,0.08624090490657936,100,0.52
8598,0.7498046779706506,11,0.8181818181818182
8599,0.6239875075042997,14,0.8571428571428571
8600,0.8109389756975154,134,0.9552238805970149
8601,0.9000006965735704,12,0.9166666666666666
8602,1.1379803719113055,123,0.983739837398374
8603,0.728422055253031,14,0.9285714285714286
8604,0.6782117254403998,12,0.8333333333333334
8605,1.677108066929463,3,1.0
8606,0.5653463434679736,12,0.75
8607,0.9011565831340841,12,0.9166666666666666
8608,0.8661227942814788,132,0.9772727272727273
8609,0.7710736103864932,129,0.9612403100775194
8610,0.6993075777459816,15,0.8666666666666667
8611,0.9021286355446528,13,0.9230769230769231
8612,0.7179033053802875,39,0.9743589743589743
8613,0.9046409399322769,15,0.9333333333333333
8614,0.8437841679074898,14,0.9285714285714286
8615,0.952317882638952,17,0.9411764705882353
8616,0.5084808038292369,17,0.6470588235294118
8617,0.5993203696029071,16,0.8125
8618,0.956102033633416,13,0.9230769230769231
8619,0.3504262432432487,128,0.7890625
8620,0.8625468237768016,144,0.9791666666666666
8621,0.4206534160915756,140,0.7642857142857142
8622,0.49832271489171687,13,0.7692307692307693
8623,1.8310433131852923,4,1.0
8624,0.7325568460985532,11,0.9090909090909091
8625,-0.015005107042576852,50,0.26
8626,0.9159948974575123,110,0.9727272727272728
8627,0.7390872987345074,131,0.9541984732824428
8628,0.5149879112624581,13,0.7692307692307693
8629,0.9736279302860077,12,0.9166666666666666
8630,0.6803372343384051,3,0.6666666666666666
8631,0.6262377381785313,22,0.8636363636363636
8632,1.0252451053543044,112,0.9732142857142857
8633,0.5876900347683718,11,0.7272727272727273
8635,0.5834981347263705,17,0.7647058823529411
8636,0.8340504810908407,108,0.9537037037037037
8637,0.8034322102067717,12,0.8333333333333334
8638,1.0299409743880223,124,0.9919354838709677
8639,0.7168236027658482,133,0.9548872180451128
8640,0.6206347052886805,14,0.7857142857142857
8641,0.9787903334943121,61,0.9508196721311475
8642,0.6364467018311201,10,0.9
8643,0.9230930486185502,133,0.9699248120300752
8644,0.7194605916863368,3,0.6666666666666666
8645,0.7271063116373904,15,0.8666666666666667
8646,0.713459559179784,12,0.9166666666666666
8647,0.8963435681981312,13,0.9230769230769231
8648,0.877195815797172,127,0.9763779527559056
8650,1.0329714008235942,16,0.9375
8651,0.5038441603393,139,0.8776978417266187
8652,0.9313327222791626,15,0.9333333333333333
8653,0.7756008282659352,53,0.9622641509433962
8654,0.08717157834548013,141,0.46808510638297873
8655,0.5896071217356719,140,0.8857142857142857
8656,0.29524953564274337,14,0.5
8657,0.9829033303759643,145,0.9655172413793104
8658,0.5207197279370221,122,0.860655737704918
8659,0.4069202584882806,16,0.5625
8660,0.8390547930238718,10,0.9
8661,0.6745072451444223,138,0.9420289855072463
8662,0.8221560663495012,9,0.8888888888888888
8663,0.8390547930238718,10,0.9
8664,0.9020251188752231,130,0.9692307692307692
8665,0.6480496661113276,134,0.9104477611940298
8666,0.8389106319827669,10,0.9
8667,0.5641335800826556,136,0.875
8668,0.9764400179514678,13,0.9230769230769231
8669,0.6735359563506859,138,0.8985507246376812
8670,1.0539511797108947,57,0.9824561403508771
8671,0.8692625628951763,126,0.9682539682539683
8674,0.45573968054274444,13,0.7692307692307693
8675,0.39377824168851505,118,0.7288135593220338
8676,0.926150632026073,12,0.9166666666666666
8677,0.7010670536000427,47,0.9787234042553191
8678,0.8979437253546558,12,0.9166666666666666
8679,0.6540061486210835,14,0.7857142857142857
8680,0.8485413096369121,13,0.9230769230769231
8681,0.7877812186041291,18,0.8333333333333334
8682,0.5909964106663403,15,0.7333333333333333
8683,0.8051282320179999,127,0.952755905511811
8684,0.346052847578109,120,0.7333333333333333
8685,1.578164506924489,4,1.0
8686,0.7104427363170879,110,0.9363636363636364
8687,0.4695415422148135,10,0.7
8688,0.8559990296348933,138,0.9855072463768116
8689,0.9123614661776304,15,0.9333333333333333
8690,0.4995692213569474,18,0.8333333333333334
8691,0.9469220261363163,126,0.9761904761904762
8692,0.635799608127369,141,0.9290780141843972
8693,0.6715175667326799,120,0.9416666666666667
8694,0.413778541683357,137,0.8029197080291971
8697,0.415899046631324,13,0.6923076923076923
8698,0.9169886908230998,12,0.9166666666666666
8699,0.8424312629957363,3,0.6666666666666666
8700,0.6705749926275141,12,0.9166666666666666
8701,0.5287282857875002,125,0.888
8702,0.7137225968225828,63,0.9206349206349206
8703,0.9662312349657598,131,0.9847328244274809
8704,0.920851381597286,12,0.9166666666666666
8705,0.7072883193320552,11,0.8181818181818182
8706,0.589315047492517,11,0.8181818181818182
8707,0.6929282216755398,120,0.9416666666666667
8708,0.45337995136164444,11,0.6363636363636364
8709,0.6741530195608306,10,0.9
8710,0.7984000173669121,131,0.9618320610687023
8711,0.6202277927084282,123,0.9105691056910569
8712,0.855781003921924,10,0.9
8713,1.107470439532123,13,0.9230769230769231
8714,0.21814341634117695,127,0.5669291338582677
8715,1.1328786018248431,39,1.0
8716,0.6799229988913462,61,0.9344262295081968
8717,0.9879307427690586,128,0.9765625
8718,1.5438263148588343,123,0.991869918699187
8719,0.5842630859438979,54,0.9444444444444444
8720,0.4363462102057999,147,0.8435374149659864
8721,0.61275991560001,137,0.9124087591240876
8722,0.651289446791655,12,0.75
8723,0.39035895444552826,3,0.3333333333333333
8725,1.0251552043933267,124,0.9758064516129032
8726,1.0489000856703112,15,0.9333333333333333
8727,0.9233677217160292,3,0.6666666666666666
8728,0.9659749803953398,3,1.0
8729,0.8990708295764807,13,0.9230769230769231
8730,0.38341490997632927,123,0.8130081300813008
8732,0.6936687258255851,15,0.8
8733,-0.057900164807429544,50,0.22
8734,0.9179303686102958,14,0.9285714285714286
8735,0.8315232460402063,131,0.9618320610687023
8736,0.5588146753886374,112,0.8571428571428571
8737,0.5040218709382462,17,0.6470588235294118
8738,0.48423798463290907,124,0.8145161290322581
8739,0.23638229012765113,129,0.7054263565891473
8740,0.8625906893663216,11,0.9090909090909091
8741,0.8475368236254758,140,0.9714285714285714
8742,0.5481218021915766,10,0.7
8743,0.7952148807590399,139,0.9640287769784173
8744,0.761603010664003,66,0.9393939393939394
8745,1.1169305290127163,145,0.993103448275862
8746,0.8833298671620358,11,0.9090909090909091
8747,0.6125185885191164,104,0.9230769230769231
8748,0.8148187123066299,14,0.8571428571428571
8749,0.6765400517894778,115,0.9478260869565217
8750,0.5262173627538133,136,0.8455882352941176
8751,0.8595940031277836,11,0.9090909090909091
8752,0.605425099478488,13,0.7692307692307693
8754,0.6917647644511117,121,0.9256198347107438
8755,0.9187277830708155,11,0.9090909090909091
8756,0.21267186554153925,116,0.5517241379310345
8757,0.5070652085556053,14,0.7857142857142857
8758,0.6980475721749791,13,0.9230769230769231
8759,0.3091080238302393,44,0.6136363636363636
8760,1.0848649793960692,118,0.9830508474576272
8761,0.30396229465470387,15,0.6
8762,1.0867709862886314,135,0.9703703703703703
8764,0.28765842449768897,54,0.6851851851851852
8765,0.9115363777679432,56,0.9642857142857143
8766,0.12740901938381305,43,0.46511627906976744
8767,-0.4121533471417856,3,0.0
8768,0.9353620450872304,150,0.9533333333333334
8769,0.841875905176963,109,0.963302752293578
8772,-0.49709914773914493,3,0.0
8773,0.28748169906044513,119,0.7142857142857143
8774,0.11253764738035711,126,0.5
8775,0.5605211286944588,12,0.75
8776,0.9182322464102074,18,0.9444444444444444
8777,0.6230213762238853,145,0.9310344827586207
8778,0.3052014248835488,128,0.6640625
8779,0.8132949221814476,9,0.8888888888888888
8780,0.6582817293468056,130,0.9
8781,0.7509953953673801,13,0.7692307692307693
8782,-0.0223469033307548,70,0.2714285714285714
8783,0.7596460220289719,133,0.9548872180451128
8784,0.6065097681501415,15,0.7333333333333333
8785,0.9157307053086574,14,0.9285714285714286
8786,0.9265303428219687,15,0.9333333333333333
8787,0.8284199736292182,10,0.9
8788,0.886825342283563,14,0.9285714285714286
8790,0.26610512431341227,137,0.635036496350365
8791,1.0421083428920925,107,0.9906542056074766
8792,0.767826147650964,63,0.9682539682539683
8793,0.2490149315558981,119,0.7058823529411765
8794,0.46195938484606386,37,0.8918918918918919
8795,0.8026906717366153,8,0.875
8796,0.5078041696399637,17,0.7058823529411765
8797,0.6220249923968499,61,0.9344262295081968
8798,0.7856747837085545,124,0.9596774193548387
8799,0.4863071731732196,12,0.5833333333333334
8800,0.6789222715052446,56,0.9464285714285714
8801,1.0204831360777982,117,0.9829059829059829
8802,0.7288649047564529,144,0.9652777777777778
8803,0.842125814058092,9,0.8888888888888888
8804,0.5985451727747338,133,0.9398496240601504
8805,0.6027074044112053,13,0.6153846153846154
8806,0.7761693394335761,140,0.9428571428571428
8807,0.6404748248847095,130,0.9230769230769231
8808,0.8800721530772592,12,0.9166666666666666
8809,0.6228981867217249,107,0.9252336448598131
8812,0.9203992646120641,155,0.967741935483871
8813,0.9122457640863216,108,0.9722222222222222
8814,0.8296094114008412,116,0.9741379310344828
8815,0.9778294763900979,15,0.9333333333333333
8816,0.7964542727512635,134,0.9328358208955224
8817,0.9701811095503853,62,0.9838709677419355
8818,0.9042316574892965,15,0.9333333333333333
8819,0.707329755740099,148,0.9527027027027027
8820,0.9861625716636941,131,0.9694656488549618
8821,0.8269419982725797,10,0.9
8823,0.8345022667212727,11,0.9090909090909091
8824,0.6844840391071617,15,0.8
8825,0.6751465328873693,11,0.8181818181818182
8826,0.4537697425622939,12,0.75
8827,0.9288121572190227,17,0.9411764705882353
8828,1.0541161612685603,56,0.9821428571428571
8829,1.0931962262339057,14,0.9285714285714286
8830,0.8209563287117321,145,0.9724137931034482
8831,0.3682613913035532,11,0.6363636363636364
8832,0.5682626735239182,123,0.8780487804878049
8833,0.8599278449774256,122,0.9672131147540983
8834,0.8944166794584844,16,0.9375
8835,0.6964095602771081,11,0.8181818181818182
8836,0.6580691919086504,11,0.8181818181818182
8837,1.025265785673001,129,0.9844961240310077
8838,0.7217575442404638,140,0.9214285714285714
8839,0.8758895899938283,15,0.8666666666666667
8840,0.744215251154979,12,0.8333333333333334
8841,0.8753884606562398,12,0.9166666666666666
8842,1.190793254112631,119,0.9915966386554622
8843,0.8598918164828424,13,0.9230769230769231
8844,0.9251409522487211,128,0.9765625
8845,0.5788947669192526,21,0.8095238095238095
8846,0.4163421450000854,120,0.7916666666666666
8847,0.9582921290008246,139,0.9784172661870504
8848,0.8047462650630304,137,0.948905109489051
8849,1.2925785631557385,52,0.9807692307692307
8850,0.9333028071848111,17,0.9411764705882353
8851,0.8900827334145509,12,0.9166666666666666
8852,0.6209407676956837,14,0.6428571428571429
8853,1.113122700574841,139,0.9856115107913669
8854,1.4392870505064572,3,1.0
8855,0.21892081972601452,123,0.6504065040650406
8856,0.19531057502591362,6,0.3333333333333333
8857,0.9713124726281698,15,0.9333333333333333
8858,0.8412446961152064,10,0.9
8860,0.3622870805823361,13,0.6153846153846154
8861,0.8783266836122963,136,0.9558823529411765
8862,0.5074718087482495,128,0.8984375
8863,0.9491983814982351,126,0.9761904761904762
8864,0.513554180664597,139,0.8345323741007195
8865,0.8026906717366153,8,0.875
8866,1.042222046961185,151,0.9801324503311258
8867,0.570242942579745,50,0.92
8868,0.9593662901481039,13,0.9230769230769231
8869,1.185187856681231,121,0.9917355371900827
8870,0.7116556832816792,5,0.6
8871,0.7282377456368532,130,0.9153846153846154
8872,0.8947659322830834,5,0.8
8875,0.8915001744348993,118,0.9745762711864406
8876,0.6911545301739991,125,0.968
8878,1.017087712769334,59,0.9830508474576272
8879,0.3257071639935705,129,0.7364341085271318
8880,0.7791444735579789,14,0.8571428571428571
8881,0.6588311906828579,137,0.948905109489051
8882,0.6404055497920158,140,0.9357142857142857
8883,0.8239899006924282,10,0.9
8884,0.899313005380063,13,0.9230769230769231
8885,0.0024883658428493907,100,0.41
8886,1.0629126093155012,124,0.9838709677419355
8888,0.5961075106970926,126,0.9365079365079365
8889,0.8648250416663417,149,0.9664429530201343
8890,0.811671353471505,139,0.9568345323741008
8891,0.44795820094316113,16,0.6875
8892,0.39053175642560384,17,0.5882352941176471
8893,0.3291769291401113,117,0.7008547008547008
8894,0.9075566698259676,134,0.9701492537313433
8895,-1.0050472257331715,4,0.0
8896,0.8518640798190743,18,0.8888888888888888
8897,0.7045979511070077,131,0.9465648854961832
8899,0.7939121755913765,16,0.8125
8900,0.7637724829131682,15,0.9333333333333333
8901,0.9164825149465526,13,0.9230769230769231
8902,0.8923944560530194,130,0.9692307692307692
8903,0.5529450996937538,3,0.3333333333333333
8904,0.5096649174524054,13,0.6923076923076923
8905,0.17744937262769953,109,0.5229357798165137
8906,0.8201707872312866,13,0.8461538461538461
8908,0.9579694039903133,11,0.9090909090909091
8909,0.8877572217435862,11,0.9090909090909091
8910,0.8255940714653102,132,0.9545454545454546
8911,0.5073238068466589,124,0.8225806451612904
8912,2.245217889108789,43,1.0
8913,0.5929893162226764,121,0.9090909090909091
8914,0.7968492822498775,9,0.7777777777777778
8915,0.10958430280850469,144,0.4513888888888889
8916,0.28579985301437594,109,0.6422018348623854
8917,0.4758740716710316,118,0.8389830508474576
8918,0.5974365379157424,124,0.9112903225806451
8919,0.8098576899800984,16,0.875
8921,0.21964758240630974,39,0.5641025641025641
8922,0.6983134682579837,130,0.9307692307692308
8923,0.8776846531268808,11,0.9090909090909091
8924,0.6840591120096187,132,0.9545454545454546
8925,1.174949719195733,133,0.9924812030075187
8926,0.8776846531268808,11,0.9090909090909091
8927,0.6167966103517739,11,0.7272727272727273
8928,0.6297089367624107,132,0.9318181818181818
8929,1.6494218920635537,122,1.0
8930,0.8482813842602877,122,0.9672131147540983
8931,0.4763462083984817,11,0.7272727272727273
8932,0.787914527297393,138,0.9637681159420289
8934,0.7933597390063998,57,0.9649122807017544
8935,0.8632598331985103,13,0.9230769230769231
8936,0.6681746625715617,126,0.9285714285714286
8938,0.847291128416309,126,0.9603174603174603
8939,0.23887987918560424,124,0.717741935483871
8940,0.5289036779171707,14,0.7142857142857143
8941,0.9273300816593507,12,0.9166666666666666
8942,0.47715184311480824,129,0.875968992248062
8943,0.6118498121003825,127,0.905511811023622
8944,0.3260373842725315,53,0.7735849056603774
8945,0.8684390896944773,12,0.9166666666666666
8946,0.8288309690044409,121,0.9586776859504132
8947,0.547860639690783,14,0.7857142857142857
8948,1.1195120745092881,3,1.0
8949,1.1136984724988301,104,0.9903846153846154
8950,0.9242709587220764,122,0.9754098360655737
8951,0.3003273598353311,107,0.6822429906542056
8952,0.3620594841562874,137,0.7518248175182481
8954,0.6220002402157184,15,0.7333333333333333
8955,0.8904988578197505,13,0.9230769230769231
8956,0.43909201627223937,22,0.5454545454545454
8957,0.8742961328983163,12,0.9166666666666666
8958,1.1118309168497054,46,0.9782608695652174
8959,0.8821046443050468,10,0.9
8960,0.9276854526040471,10,0.9
8961,0.8549926307117315,10,0.9
8962,0.7693713298193972,131,0.9541984732824428
8963,0.7883926477258313,141,0.9716312056737588
8964,0.647252482061807,11,0.6363636363636364
8965,0.9163393852360096,12,0.9166666666666666
8966,0.8801352624295936,12,0.9166666666666666
8967,0.4122191231461009,57,0.8070175438596491
8968,0.9017807080163674,13,0.9230769230769231
8969,0.7547388068749695,139,0.9496402877697842
8970,0.4648461117143451,124,0.8306451612903226
8971,0.9901382819580357,13,0.9230769230769231
8972,0.031322844946432817,41,0.2926829268292683
8973,0.38123978430487027,135,0.7037037037037037
8974,1.0029057902834206,14,0.9285714285714286
8975,0.6643896349544691,10,0.8
8976,0.4733817023136227,135,0.8518518518518519
8977,0.9155541511752866,13,0.9230769230769231
8978,0.3664127519710473,3,0.3333333333333333
8979,0.7532808857205597,64,0.96875
8980,0.8617949848910981,12,0.9166666666666666
8981,0.4818707174353236,46,0.8695652173913043
8982,0.879662309854985,10,0.9
8983,0.7202298592560804,19,0.8421052631578947
8984,0.4860272843439735,15,0.7333333333333333
8985,0.49687772923120344,136,0.8308823529411765
8986,0.7637678599890566,124,0.9435483870967742
8987,1.4095093707052353,44,1.0
8988,1.001654433093451,13,0.9230769230769231
8989,0.5737554574497494,136,0.9044117647058824
8990,0.9341578842599519,12,0.9166666666666666
8991,0.20974497146431928,127,0.5748031496062992
8992,0.5176157349261464,12,0.75
8993,0.3379068336948408,141,0.7375886524822695
8994,0.8053817793484102,12,0.8333333333333334
8995,0.9030039189536325,116,0.9741379310344828
8996,0.4807812498712834,135,0.8296296296296296
8997,0.8026906717366153,8,0.875
8998,0.45404830748721753,16,0.6875
8999,1.0168619645635433,19,0.9473684210526315
9000,0.7599641859624864,141,0.9716312056737588
9002,0.8479910460174926,135,0.9629629629629629
9003,0.9663880598581973,128,0.9765625
9004,0.544329352658268,118,0.9067796610169492
9005,0.90839351398705,16,0.9375
9006,0.879662309854985,10,0.9
9007,0.8038782204973887,12,0.8333333333333334
9008,0.1765606393069889,128,0.546875
9010,0.3497079998552692,40,0.775
9011,0.7827261794549872,113,0.9646017699115044
9012,0.8026906717366153,8,0.875
9013,0.9003681284855103,13,0.9230769230769231
9014,0.5385222757608803,118,0.847457627118644
9015,0.6950803361546103,47,0.9361702127659575
9016,1.069177558312931,128,0.984375
9017,0.2669766514888191,114,0.631578947368421
9018,0.5815265539444581,6,0.8333333333333334
9019,0.8945288590062204,12,0.9166666666666666
9020,1.0668704458068756,141,0.9787234042553191
9021,-0.012092730804452277,49,0.30612244897959184
9023,0.9722267646931761,56,0.9821428571428571
9024,0.6106315905217632,9,0.7777777777777778
9025,0.6385208387013921,124,0.8951612903225806
9027,0.9622586210216112,15,0.8
9028,1.0274790590131373,115,0.9739130434782609
9029,0.23854120535912346,45,0.6222222222222222
9030,0.9247163590906855,13,0.9230769230769231
9031,0.840998648912944,11,0.9090909090909091
9032,0.8662833878135764,121,0.9752066115702479
9033,0.7257514149224997,115,0.9478260869565217
9034,0.7038222533586657,14,0.8571428571428571
9035,0.5913880267074595,58,0.9482758620689655
9036,0.6629074145050023,132,0.9242424242424242
9037,0.6113955654196258,12,0.8333333333333334
9038,0.9062802515302034,156,0.9807692307692307
9039,0.8126201667542547,131,0.9465648854961832
9041,0.8182190860606301,129,0.9612403100775194
9043,0.6502776044199656,13,0.7692307692307693
9044,0.7664832924681864,134,0.9552238805970149
9045,0.17944610576410006,122,0.5737704918032787
9046,0.8239899006924282,10,0.9
9047,0.7717952944532177,10,0.8
9048,0.814812983242578,11,0.8181818181818182
9049,0.8754065986891252,12,0.9166666666666666
9050,0.676706773063001,11,0.8181818181818182
9051,0.9646145590435059,128,0.96875
9052,0.9332114149242117,13,0.9230769230769231
9053,0.7261420338468938,120,0.9333333333333333
9054,0.7051091093829108,13,0.8461538461538461
9055,0.8607825807864301,19,0.8421052631578947
9056,0.7335917086766726,16,0.8125
9057,0.7533597425224867,14,0.7142857142857143
9058,0.5441336229187529,121,0.8760330578512396
9059,0.8119240436070909,152,0.9605263157894737
9060,0.5731427825628832,150,0.8866666666666667
9061,0.7856224944213712,11,0.8181818181818182
9062,0.8724563253946866,144,0.9722222222222222
9063,0.6887317759503947,143,0.9370629370629371
9064,0.45005201080385004,134,0.8432835820895522
9065,0.12522611168327358,114,0.5263157894736842
9066,0.7316729540160867,117,0.9401709401709402
9067,0.8486132073195342,10,0.9
9068,0.5796381397716571,122,0.8934426229508197
9069,0.8219462046625704,11,0.9090909090909091
9070,0.6469720317538766,127,0.9291338582677166
9071,0.9318463289284532,120,0.9833333333333333
9072,0.5360174374400772,118,0.847457627118644
9073,0.4966911423833091,62,0.8709677419354839
9074,0.7994275728987735,15,0.8
9075,0.44414410053604925,18,0.6666666666666666
9076,0.4943765509569209,14,0.7142857142857143
9077,0.880887337850142,12,0.9166666666666666
9078,1.0396223619355993,141,0.9787234042553191
9079,0.915295774420743,13,0.9230769230769231
9080,0.8531706626970799,12,0.9166666666666666
9081,0.6812219194224864,128,0.9296875
9082,0.2356230493754733,127,0.5826771653543307
9083,0.8026906717366153,8,0.875
9084,0.9295384312403454,12,0.9166666666666666
9085,0.5800392159966757,10,0.7
9086,0.5369036901073674,115,0.8869565217391304
9087,0.9458266828959294,19,0.9473684210526315
9088,0.8909942511848095,11,0.9090909090909091
9089,0.08026959560726775,139,0.4172661870503597
9090,1.0768454143755244,120,0.9833333333333333
9091,0.9312614802170901,16,0.9375
9092,0.8728717457242409,10,0.9
9093,0.7436687711607719,127,0.9448818897637795
9094,0.7410586138159102,14,0.7857142857142857
9095,0.8778053290040182,12,0.9166666666666666
9096,0.7360423819586648,121,0.9752066115702479
9097,0.8436065099144187,10,0.9
9098,0.6077074994869164,127,0.8976377952755905
9099,0.47131129379656,16,0.8125
9100,0.5449550620664599,52,0.9230769230769231
9101,0.902208631936947,126,0.9603174603174603
9102,0.2707152056759119,131,0.6870229007633588
9103,0.06128897190834011,148,0.38513513513513514
9104,0.8282742829206189,12,0.9166666666666666
9105,0.535664670010207,50,0.92
9106,0.866897843065882,12,0.9166666666666666
9107,0.5873240337555738,15,0.8
9108,0.9740727006411312,17,0.9411764705882353
9109,0.6204703522607946,12,0.75
9110,0.9001856683119085,133,0.9624060150375939
9113,0.4109031761471489,63,0.8253968253968254
9114,0.8291382859996198,14,0.8571428571428571
9115,0.7932803401561596,56,0.9642857142857143
9116,1.0591652905638345,149,0.9865771812080537
9117,0.7912844799881071,147,0.9523809523809523
9118,0.9717724494666444,18,0.9444444444444444
9119,0.001268526451678062,50,0.34
9120,0.6038183958082208,132,0.8787878787878788
9121,0.9140851144388358,12,0.9166666666666666
9123,0.5977311315043446,5,0.8
9124,0.5215037203752632,10,0.7
9125,0.44599273367308023,17,0.6470588235294118
9126,0.4082432697106433,14,0.7857142857142857
9127,1.1694988550599223,3,1.0
9128,0.9267012294206249,128,0.9765625
9129,0.8345653088452151,12,0.9166666666666666
9130,0.743195365129528,121,0.9421487603305785
9131,0.13640031880507775,129,0.5348837209302325
9132,0.8924722299177819,13,0.9230769230769231
9133,0.4440881508645409,14,0.7142857142857143
9134,0.9575855475676598,16,0.9375
9135,0.6996652067121846,130,0.9615384615384616
9136,1.060556457549201,141,0.9787234042553191
9137,0.7816358771679089,34,0.9705882352941176
9138,0.028308276491147137,145,0.30344827586206896
9139,0.49873305416175623,14,0.7142857142857143
9140,0.6365458581466449,16,0.875
9141,0.6431180825252247,147,0.9047619047619048
9142,0.6705048753800146,10,0.9
9143,0.08215285518069382,41,0.36585365853658536
9144,0.6977370980022471,108,0.9166666666666666
9145,0.034887716112771174,74,0.32432432432432434
9146,0.4519059132386753,41,0.9024390243902439
9147,0.3618322482114212,12,0.5833333333333334
9148,0.6329109247981329,10,0.9
9149,0.6916330167818284,120,0.9166666666666666
9150,-0.13237192749190985,29,0.10344827586206896
9151,0.8537786941700536,11,0.9090909090909091
9152,0.8582278020783987,10,0.9
9153,1.0240720139960557,130,0.9769230769230769
9154,0.41210058442568226,115,0.782608695652174
9155,0.9668769725170966,13,0.9230769230769231
9156,0.7045554930946906,124,0.9435483870967742
9157,0.6080022179962188,62,0.8870967741935484
9158,1.5202598748072724,6,1.0
9159,0.6159132643158293,59,0.9322033898305084
9160,0.921511097035626,14,0.9285714285714286
9161,0.19048326577946645,130,0.5615384615384615
9162,1.0208824773397818,123,0.991869918699187
9163,0.8284199736292182,10,0.9
9164,0.6340945829153896,14,0.8571428571428571
9165,0.423445300713406,131,0.8015267175572519
9166,1.2074941437807423,135,0.9925925925925926
9167,0.30504970141995136,105,0.6761904761904762
9168,0.5518945016183545,120,0.9
9170,0.8423145965882437,119,0.9663865546218487
9171,0.7521304552812916,57,0.9649122807017544
9172,0.28367614987626155,107,0.616822429906542
9173,0.705796604517826,148,0.9256756756756757
9174,0.9363057596730342,131,0.9770992366412213
9175,0.8898913731413371,11,0.9090909090909091
9177,0.5894313845896005,130,0.8692307692307693
9178,0.790659819301075,135,0.9407407407407408
9179,0.9378824479697122,11,0.9090909090909091
9180,0.5541281456770727,119,0.9243697478991597
9181,0.22818941592305725,139,0.6258992805755396
9182,0.9512958838435885,141,0.9787234042553191
9183,1.1059880648632896,139,0.9856115107913669
9184,0.1514664311662027,115,0.5217391304347826
9185,0.05403768206422119,131,0.4122137404580153
9186,0.7024553790929026,12,0.8333333333333334
9187,0.8175625923061666,15,0.8666666666666667
9188,0.9215995968119418,17,0.8235294117647058
9189,0.7054224217258575,109,0.9357798165137615
9190,1.0375161264737578,3,1.0
9191,0.6696776824765548,10,0.9
9192,0.3741547364042218,59,0.8135593220338984
9193,0.9529250341727145,58,0.9827586206896551
9194,1.2205231744997902,4,1.0
9195,0.5807544464433123,135,0.8962962962962963
9196,0.9220568886079654,15,0.9333333333333333
9197,0.7949498953078602,122,0.9590163934426229
9198,0.2758087843535328,118,0.7627118644067796
9199,0.5760749239548069,61,0.8852459016393442
9200,-0.06846642500597444,144,0.3680555555555556
9201,0.9829541384826244,59,0.9830508474576272
9202,0.8869381919152715,115,0.9739130434782609
9203,0.9135239394703287,11,0.9090909090909091
9204,1.0040014958028423,16,0.9375
9205,0.7416998554816643,145,0.9379310344827586
9206,0.8774647324339907,23,0.8695652173913043
9207,0.6739563996532753,130,0.9307692307692308
9208,0.3934547506247548,13,0.5384615384615384
9209,0.6295841113002796,41,0.9512195121951219
9210,0.6958556157186379,113,0.9292035398230089
9211,0.747232262599493,136,0.9411764705882353
9212,0.8740978436139879,10,0.9
9213,0.6560749556955165,145,0.9172413793103448
9214,0.1641418204268662,108,0.5277777777777778
9215,0.7399865478816897,5,0.8
9216,0.8861923708350515,9,0.8888888888888888
9217,1.056867895062849,13,0.9230769230769231
9218,0.46773849975706744,141,0.8014184397163121
9219,0.6586089302892842,14,0.6428571428571429
9220,0.6974994160710576,131,0.9312977099236641
9221,0.5072744339022508,116,0.8362068965517241
9222,0.5685967119518416,4,0.5
9223,0.7154038670668745,137,0.9416058394160584
9224,0.2504054242652199,122,0.5409836065573771
9225,0.2355070622187164,3,0.3333333333333333
9226,0.5210165695083693,15,0.7333333333333333
9227,0.6369607895676755,113,0.911504424778761
9228,0.9494920276481904,16,0.9375
9229,0.8010455816919295,117,0.9572649572649573
9231,0.8998714444452706,13,0.9230769230769231
9232,0.594926639343692,12,0.75
9233,0.5750017359365461,16,0.8125
9234,0.5455655456796199,17,0.7647058823529411
9235,0.7940506350969883,128,0.96875
9236,0.2374648031910224,4,0.25
9237,0.9039312537157979,110,0.9818181818181818
9238,0.7143526739183617,11,0.8181818181818182
9239,0.6051835108778331,20,0.75
9240,0.3313528633500255,116,0.6810344827586207
9241,0.9172423593645307,152,0.9736842105263158
9242,0.5161874929641967,134,0.8582089552238806
9243,0.44832732414336346,57,0.8070175438596491
9244,0.7518774745185366,132,0.9242424242424242
9245,0.31024749765582027,14,0.5714285714285714
9246,0.5650153476322749,14,0.7142857142857143
9247,0.8590671263090632,14,0.9285714285714286
9248,0.881080590418381,138,0.9565217391304348
9249,0.6510224233432498,132,0.9696969696969697
9250,0.3337291621464992,120,0.775
9251,0.8433276777865724,11,0.9090909090909091
9252,1.167868776410762,3,1.0
9253,0.48710842053207165,14,0.7857142857142857
9254,0.42838460051259675,38,0.8157894736842105
9255,0.8914570830416028,12,0.9166666666666666
9256,0.5798563848952468,119,0.9159663865546218
9257,0.8250041722884397,141,0.9574468085106383
9258,1.5325770226303521,5,1.0
9259,0.5768096744009502,11,0.8181818181818182
9260,0.855781003921924,10,0.9
9261,0.571494258160093,125,0.896
9262,0.9810900404294619,14,0.9285714285714286
9263,1.1089376160331528,131,0.9847328244274809
9264,0.34906199044283065,128,0.75
9265,0.8815991872062121,11,0.9090909090909091
9266,0.9367125479681639,11,0.9090909090909091
9267,0.7297086820941165,66,0.9696969696969697
9268,0.8933112367607251,142,0.9788732394366197
9270,0.7551565663628287,61,0.9508196721311475
9271,0.7801896429158456,123,0.9349593495934959
9272,0.7363541208088014,124,0.9435483870967742
9273,0.7313895900396542,16,0.8125
9274,0.33848553458262814,123,0.7479674796747967
9275,0.8026906717366153,8,0.875
9276,0.840316913692003,10,0.9
9277,0.7597915103576328,139,0.9496402877697842
9279,0.04686664000914895,36,0.3333333333333333
9280,0.5023249392576783,13,0.6923076923076923
9281,1.0023743521917585,54,0.9814814814814815
9282,0.5081895400280223,118,0.8305084745762712
9283,0.5570616991837254,15,0.8
9284,0.8526982967533558,12,0.9166666666666666
9285,0.987374138302641,49,0.9795918367346939
9286,1.2011920747159863,41,1.0
9287,0.636258798475776,45,0.9333333333333333
9288,0.7537089168778662,121,0.9586776859504132
9289,0.6598062362099759,131,0.9312977099236641
9290,0.8417844034829647,10,0.9
9291,0.8932773680161102,15,0.9333333333333333
9292,0.8892362164801692,13,0.9230769230769231
9293,0.9014985193061921,14,0.9285714285714286
9294,0.8927733822344524,12,0.9166666666666666
9295,0.3621012017238331,14,0.6428571428571429
9296,0.5624392831155707,36,0.9444444444444444
9297,0.8642522871800056,13,0.9230769230769231
9298,0.971239800757617,12,0.9166666666666666
9299,0.2792211737577362,112,0.6875
9300,0.43213352110074565,139,0.7697841726618705
9301,0.8179843013909556,10,0.9
9302,0.39338241810111724,10,0.7
9303,0.25013010742478436,129,0.6589147286821705
9304,0.5519986823856587,141,0.8794326241134752
9305,0.623286257628516,19,0.8421052631578947
9306,0.8785079073487346,115,0.9565217391304348
9307,0.46693570271946,119,0.8823529411764706
9308,1.8363084690160905,4,1.0
9309,0.3728628460124186,4,0.5
9310,0.7806406519993885,63,0.9682539682539683
9311,0.2490604462670887,17,0.5294117647058824
9313,0.6460854923952283,135,0.9037037037037037
9314,0.9903108898815388,134,0.9776119402985075
9315,0.6283947369271341,17,0.7647058823529411
9316,0.8178880361003221,136,0.9338235294117647
9317,0.9649168798449451,50,0.98
9318,-0.39100947098570127,28,0.03571428571428571
9319,0.39306296375948707,144,0.7986111111111112
9320,0.8088851720150912,14,0.8571428571428571
9321,0.8398737953461493,136,0.9485294117647058
9322,0.7959661725414434,15,0.8666666666666667
9324,0.6035138628871375,14,0.7857142857142857
9325,0.2718630122712315,127,0.6535433070866141
9326,0.7019700011916045,13,0.7692307692307693
9327,0.9499707802144255,16,0.9375
9328,0.8026906717366153,8,0.875
9329,1.7449574051442833,4,1.0
9330,0.5864515426104112,117,0.8803418803418803
9331,0.9602378179846008,139,0.9712230215827338
9332,0.8722596451646475,11,0.9090909090909091
9333,0.902126556482319,135,0.9703703703703703
9334,0.8127307212579901,132,0.9621212121212122
9335,0.5197715161954586,13,0.6923076923076923
9336,0.5664645383439947,14,0.7142857142857143
9337,0.9875820095311841,19,0.9473684210526315
9338,0.8026906717366153,8,0.875
9339,0.5925188903137438,51,0.9215686274509803
9340,1.1128292683925292,130,0.9846153846153847
9342,0.5968657318444697,137,0.9051094890510949
9343,0.47484202451614305,118,0.8305084745762712
9344,2.0678616245260257,4,1.0
9345,0.8242065817742236,131,0.9770992366412213
9347,0.7312182095091303,113,0.9469026548672567
9348,0.08665077526880892,55,0.36363636363636365
9349,0.963948845525637,10,0.9
9350,0.6915992941312501,14,0.8571428571428571
9351,0.9620809064822926,15,0.9333333333333333
9352,0.53006325858854,13,0.7692307692307693
9353,0.5304710949520774,116,0.8448275862068966
9354,0.8078298713699691,9,0.8888888888888888
9355,0.787849494442602,138,0.9565217391304348
9356,0.5651278361101484,12,0.75
9357,0.6776981797449887,10,0.7
9358,0.5487765972955647,14,0.6428571428571429
9359,0.6202671843608443,14,0.6428571428571429
9360,0.3891248422928641,126,0.7777777777777778
9361,0.6189979422564454,19,0.7894736842105263
9362,0.624308690658243,140,0.9142857142857143
9363,0.8359243681014377,19,0.7894736842105263
9364,-0.1008283759397976,129,0.24031007751937986
9365,0.569092656010734,122,0.8770491803278688
9366,0.7161690896796623,115,0.9304347826086956
9367,0.5321432112138628,114,0.8508771929824561
9368,0.19311536865346438,116,0.5603448275862069
9369,1.091801517503122,143,0.986013986013986
9370,0.6053207482618935,129,0.8914728682170543
9371,0.8974213337200939,3,1.0
9372,0.6304837493447072,139,0.9064748201438849
9373,0.3322344008574673,139,0.697841726618705
9374,0.8703065186360718,10,0.9
9375,0.8026906717366153,8,0.875
9376,0.8494085245096281,136,0.9705882352941176
9377,0.8904058026447407,108,0.9629629629629629
9378,0.5318861873930788,12,0.6666666666666666
9379,0.8451002241869663,14,0.9285714285714286
9380,0.7934125803265621,11,0.8181818181818182
9381,0.6303390725878655,123,0.9349593495934959
9382,0.5648356248798788,13,0.7692307692307693
9383,0.8578727118029638,13,0.9230769230769231
9384,0.7141705029490472,142,0.9507042253521126
9385,0.2321874126355531,3,0.3333333333333333
9386,0.4219872950900362,12,0.5833333333333334
9387,0.9128356494218361,55,0.9636363636363636
9388,0.2944301695578244,125,0.672
9389,0.8353938314217069,12,0.9166666666666666
9390,0.8221560663495012,9,0.8888888888888888
9391,0.4945224070610721,11,0.6363636363636364
9392,0.9098547274180729,115,0.9739130434782609
9393,0.21904553528869367,101,0.6336633663366337
9394,0.8393210386312148,131,0.9847328244274809
9395,0.5726307975053699,119,0.9411764705882353
9396,0.8436065099144187,10,0.9
9397,0.391184480150203,15,0.6666666666666666
9398,1.1015580742331441,16,0.9375
9399,0.5900364289468679,12,0.75
9400,0.5956380310726966,12,0.75
9401,0.9151193245560145,13,0.9230769230769231
9402,0.45142733289346876,137,0.8102189781021898
9403,0.720830904867183,18,0.7777777777777778
9404,0.9527031495648511,15,0.9333333333333333
9405,0.15201938258774986,28,0.5
9406,0.8753282838517263,11,0.9090909090909091
9407,0.8049968108850518,14,0.7857142857142857
9408,0.6011762607899602,13,0.8461538461538461
9409,0.6524879609260443,133,0.924812030075188
9410,0.9636421632573001,13,0.9230769230769231
9411,0.630261232224851,60,0.9333333333333333
9412,0.8129301881583634,129,0.9457364341085271
9413,0.7325379559654723,8,0.875
9414,0.43080703342789206,11,0.7272727272727273
9416,0.10604778099100179,119,0.5210084033613446
9417,0.29012866651675084,120,0.7333333333333333
9418,0.5136149006662997,15,0.8
9419,0.3574251774506165,61,0.7868852459016393
9420,1.1855642784454328,122,0.9918032786885246
9421,0.8753974790223212,52,0.9423076923076923
9422,0.5635067717994705,141,0.8723404255319149
9423,0.6673911215021674,57,0.9298245614035088
9424,0.9595564758950802,12,0.9166666666666666
9425,0.719343579565603,155,0.9419354838709677
9426,0.9492971986103621,50,0.98
9427,0.8944271053558591,12,0.9166666666666666
9428,0.44568034065476864,117,0.8205128205128205
9429,0.4362635413415112,10,0.7
9430,0.7474811307453196,143,0.9370629370629371
9431,0.9523776303988847,133,0.9849624060150376
9432,0.7580985055359917,15,0.8
9433,0.2978878170535212,124,0.6854838709677419
9434,0.6770113100622417,11,0.9090909090909091
9435,0.2502350507200107,92,0.6847826086956522
9436,1.0625972241659514,3,1.0
9437,0.8666422274135587,12,0.9166666666666666
9438,0.45721781012052004,15,0.6666666666666666
9439,1.289673755345904,5,1.0
9441,0.9136777904494517,13,0.9230769230769231
9442,1.0447171449519206,138,0.9710144927536232
9443,0.8077025979379746,128,0.9453125
9444,0.8987829149568504,12,0.9166666666666666
9445,0.847753205900356,10,0.9
9446,0.9158437097580329,13,0.9230769230769231
9447,0.9693774770282236,129,0.9767441860465116
9448,0.5708201301653292,10,0.8
9449,1.114877362584122,134,0.9850746268656716
9450,0.654538324625026,127,0.905511811023622
9451,0.8549926307117315,10,0.9
9452,0.8487636169616164,134,0.9776119402985075
9453,0.6886021074581533,12,0.8333333333333334
9454,0.3763457308892863,127,0.7559055118110236
9455,0.46035156825436496,126,0.8650793650793651
9456,0.8132949221814476,9,0.8888888888888888
9457,0.9337188639202567,14,0.9285714285714286
9459,0.40832273134694175,59,0.7966101694915254
9460,0.8163777398088315,54,0.9629629629629629
9462,0.5120510517264287,112,0.8482142857142857
9463,0.6843059694783468,131,0.9007633587786259
9464,0.9773005956251005,119,0.9747899159663865
9465,0.8063204264602654,13,0.8461538461538461
9466,0.775664840375843,147,0.9523809523809523
9467,0.8075092575928431,131,0.9389312977099237
9468,0.7766657725928199,13,0.8461538461538461
9469,0.871936420153523,10,0.9
9470,0.9835659901862915,63,0.9841269841269841
9471,1.501980461068804,51,1.0
9472,0.4321581894453013,53,0.8301886792452831
9473,0.8997471478995491,13,0.9230769230769231
9474,0.9192527903075759,117,0.9829059829059829
9475,0.866791015033061,132,0.9621212121212122
9476,0.9505569293187761,15,0.9333333333333333
9477,0.5408068129401769,17,0.7647058823529411
9478,0.5899504423602775,131,0.8854961832061069
9479,0.9159470928448639,14,0.9285714285714286
9482,0.49770803244418016,13,0.7692307692307693
9483,1.3046456969647087,45,1.0
9484,0.8669171271804309,142,0.9788732394366197
9485,0.8960430611122603,11,0.9090909090909091
9486,0.8090296946100375,145,0.9517241379310345
9487,0.8131248697078409,10,0.9
9488,0.8975176482185109,13,0.9230769230769231
9489,0.5695242222167314,12,0.6666666666666666
9490,0.6870551280035865,11,0.8181818181818182
9491,0.7003768528236453,13,0.8461538461538461
9492,0.8429798192898064,126,0.9841269841269841
9493,0.8862703549693558,129,0.9767441860465116
9494,0.3729986403506643,125,0.752
9495,0.7169368355250643,60,0.9333333333333333
9498,0.9508110606785456,150,0.9666666666666667
9499,0.5985310027339469,125,0.912
9500,0.7774612278938268,131,0.9541984732824428
9501,0.8883851273092646,11,0.9090909090909091
9502,1.1938525113869616,120,0.9833333333333333
9503,0.7302344512257486,145,0.9310344827586207
9504,0.9827118708593445,59,0.9830508474576272
9505,0.5100023963737019,142,0.823943661971831
9506,0.9043465475803197,12,0.9166666666666666
9507,0.48004006565167157,121,0.8181818181818182
9508,1.1674377382622494,134,0.9925373134328358
9509,0.1611687962205144,56,0.4642857142857143
9510,0.1731085853682161,56,0.48214285714285715
9511,1.0095466188194357,13,0.9230769230769231
9512,0.6507320872323415,107,0.9252336448598131
9513,0.8090806230989931,10,0.9
9514,0.9149675245007375,12,0.9166666666666666
9515,0.12702388907353462,117,0.6153846153846154
9516,0.6954811680525511,125,0.96
9517,0.8406459222140324,15,0.8
9518,0.6326829711285965,56,0.9285714285714286
9519,0.07947345015754317,37,0.3783783783783784
9520,0.7933231188258096,111,0.972972972972973
9521,1.040370365636247,15,0.8666666666666667
9522,0.6073418702587311,12,0.75
9523,0.6394417263077927,15,0.7333333333333333
9524,0.7547532264106487,12,0.8333333333333334
9525,0.8428781323806692,148,0.9594594594594594
9526,0.8981582471521539,12,0.9166666666666666
9527,1.1594842098782687,124,0.9919354838709677
9528,0.6459753456682416,15,0.7333333333333333
9529,0.9507076620301345,15,0.9333333333333333
9530,0.4631668028950758,10,0.7
9531,0.8453209561832389,118,0.9745762711864406
9532,0.8749277903263185,13,0.9230769230769231
9533,0.8887599471064325,49,0.9795918367346939
9534,0.9017126896117842,11,0.9090909090909091
9535,0.9286689137197288,13,0.9230769230769231
9536,0.47818336982538584,124,0.8306451612903226
9537,0.8519491389127005,11,0.9090909090909091
9538,0.6928829980079251,47,0.9787234042553191
9539,0.48476017821223655,55,0.8727272727272727
9540,0.5127576101360273,118,0.8559322033898306
9541,0.6534866651755312,11,0.7272727272727273
9543,1.041289478740978,18,0.9444444444444444
9544,0.38455672002734226,115,0.7478260869565218
9545,1.007615805006078,136,0.9779411764705882
9546,0.11807589117538357,125,0.528
9547,1.7966160260268365,121,1.0
9548,1.014551362221834,135,0.9777777777777777
9549,0.9682608464842348,14,0.9285714285714286
9550,0.9863221945700826,16,0.9375
9551,0.5227772286982016,13,0.6923076923076923
9552,0.5003295405459898,50,0.86
9555,0.871936420153523,10,0.9
9556,0.6408458391078169,12,0.75
9557,0.812333664643337,137,0.9562043795620438
9558,0.3775730183563666,127,0.7874015748031497
9559,0.49782139660251484,127,0.8818897637795275
9560,0.8137225530013169,130,0.9692307692307692
9561,0.9836605967636312,56,0.9821428571428571
9562,0.9276057145704226,129,0.9534883720930233
9563,1.5383149371150786,3,1.0
9564,-0.019960427720030698,46,0.2391304347826087
9565,0.9570742107111351,138,0.9855072463768116
9566,0.45401766100279756,15,0.7333333333333333
9567,0.8015965568809037,126,0.9603174603174603
9568,0.842254057675682,11,0.9090909090909091
9569,0.8996251228448641,15,0.9333333333333333
9570,0.8985448573760818,11,0.9090909090909091
9571,0.8673794901938995,10,0.9
9572,0.3704917993257368,121,0.7520661157024794
9573,0.5969897414650741,131,0.9007633587786259
9574,0.8390547930238718,10,0.9
9575,0.31992595704003307,130,0.7230769230769231
9576,1.0973481657887811,15,0.8666666666666667
9577,-0.04080385885541649,131,0.3511450381679389
9578,0.6513227606406857,126,0.9285714285714286
9579,0.9310146993163333,13,0.9230769230769231
9580,0.395193768880028,53,0.7924528301886793
9581,0.5533013410484637,123,0.8617886178861789
9582,0.5536648698824739,12,0.6666666666666666
9583,0.5788000999145763,110,0.9090909090909091
9585,0.9767359261356519,138,0.9710144927536232
9586,0.6052923965722931,13,0.7692307692307693
9587,0.881216054257287,11,0.9090909090909091
9588,0.82469956782204,11,0.9090909090909091
9589,1.140339219619782,139,0.9856115107913669
9590,-0.07359571548112993,60,0.21666666666666667
9591,0.8528063774108086,123,0.975609756097561
9592,0.3628137831657722,16,0.625
9593,0.6987457203617022,55,0.9636363636363636
9594,0.9788077534264032,18,0.9444444444444444
9595,0.8881860636677287,16,0.9375
9596,0.8026906717366153,8,0.875
9597,0.37152776354791783,105,0.7619047619047619
9598,0.48611891070212826,12,0.75
9599,0.8026906717366153,8,0.875
9600,0.6596933733876807,138,0.8985507246376812
9601,0.9319298550772924,64,0.96875
9602,0.8795757681886537,12,0.9166666666666666
9603,0.937841344586766,11,0.9090909090909091
9604,0.8742374838979498,12,0.9166666666666666
9605,0.9130956280810139,14,0.9285714285714286
9606,0.44209827717681915,133,0.7969924812030075
9607,0.890299871800255,16,0.9375
9608,0.8284199736292182,10,0.9
9610,0.8912550519097842,12,0.9166666666666666
9611,0.35872802184751545,47,0.8297872340425532
9612,0.8461206943770873,11,0.9090909090909091
9613,1.3639731540817102,3,1.0
9614,0.9002222537661435,15,0.8
9615,0.9582115959267579,129,0.9844961240310077
9616,0.84170402319883,10,0.9
9617,0.8428240368023017,55,0.9636363636363636
9619,0.9222843408775243,17,0.9411764705882353
9620,0.781987003301796,136,0.9705882352941176
9621,0.8298478146904938,104,0.9423076923076923
9622,0.885822330974144,11,0.9090909090909091
9623,0.41700995690563775,19,0.5789473684210527
9624,0.7922380084741196,119,0.9411764705882353
9626,0.8867372065368913,19,0.8947368421052632
9628,0.5744812015229412,130,0.8769230769230769
9629,0.916497993816638,127,0.9763779527559056
9630,0.5511467206616819,125,0.864
9631,0.6137224017146243,16,0.75
9632,1.006845069629289,57,0.9824561403508771
9633,0.3531915394041004,3,0.3333333333333333
9634,0.5574170424355194,12,0.75
9635,0.9612530821402306,12,0.9166666666666666
9636,0.7672039122123296,11,0.8181818181818182
9637,0.5090156391184086,49,0.9183673469387755
9638,0.41559747400886854,125,0.744
9639,0.5359531685788006,12,0.75
9640,0.4952642866426614,50,0.9
9641,0.7793943127425658,129,0.937984496124031
9642,0.37210464014363703,140,0.6785714285714286
9643,0.7844350741061201,136,0.9558823529411765
9644,0.9917262798549868,138,0.9855072463768116
9645,0.5127299872885445,12,0.75
9646,0.5974450804828442,17,0.6470588235294118
9648,0.7442668975743127,15,0.8
9649,0.8313476168783356,11,0.9090909090909091
9650,0.8773673804310776,9,0.8888888888888888
9651,1.1751063495991176,138,0.9927536231884058
9652,0.843348820582222,141,0.9645390070921985
9653,0.06434844360974676,134,0.4253731343283582
9654,0.876456363625209,142,0.9788732394366197
9655,0.8212752188171503,124,0.9596774193548387
9656,0.015279571343104502,120,0.425
9657,0.35682551213628494,45,0.8
9658,1.1556616631689802,129,0.9922480620155039
9659,0.43495154564016486,12,0.5833333333333334
9660,0.30526781662207075,46,0.6739130434782609
9661,0.6315389778497222,12,0.75
9662,0.2954770141676732,123,0.6585365853658537
9663,0.6986114269887633,12,0.8333333333333334
9664,0.22262181886683305,116,0.5431034482758621
9665,0.31765823900838475,3,0.3333333333333333
9666,0.9921154519749251,143,0.972027972027972
9667,0.36586929052479134,13,0.5384615384615384
9668,0.38308512223861085,14,0.6428571428571429
9669,0.9038462970269038,15,0.9333333333333333
9671,1.0144250817620597,135,0.9851851851851852
9673,0.40931737912989746,12,0.75
9674,1.109900940078218,116,0.9913793103448276
9675,0.871936420153523,10,0.9
9676,0.6247824591163367,125,0.92
9677,0.8995185969784326,12,0.9166666666666666
9678,0.9562086784810083,133,0.9774436090225563
9679,0.985138092722305,144,0.9791666666666666
9680,0.2683992956372655,126,0.6349206349206349
9682,0.5212675375833842,123,0.8943089430894309
9683,0.908612782509786,146,0.9726027397260274
9684,0.8403767323432254,62,0.967741935483871
9685,0.8330917652600367,130,0.9615384615384616
9686,1.104161005335122,17,0.9411764705882353
9687,0.8486132073195342,10,0.9
9688,1.0044639926125336,121,0.9752066115702479
9689,0.8026906717366153,8,0.875
9690,0.7776460235438387,122,0.9672131147540983
9691,0.8149606929760407,16,0.8125
9693,0.6476526552401348,15,0.7333333333333333
9694,1.0789880511227758,119,0.9831932773109243
9695,0.8026906717366153,8,0.875
9696,0.7723553331491904,15,0.8
9697,0.8637297697833316,9,0.8888888888888888
9698,0.8929998101150879,11,0.9090909090909091
9699,0.9301672120299488,16,0.9375
9700,0.5866552286186169,14,0.7857142857142857
9701,0.7981251741060124,17,0.8235294117647058
9702,0.45272494913795663,55,0.8545454545454545
9703,0.9141612850468067,12,0.9166666666666666
9704,1.111066031840486,137,0.9781021897810219
9706,0.864553116875489,12,0.9166666666666666
9707,0.9375393009443178,11,0.9090909090909091
9708,0.4577286858520289,15,0.7333333333333333
9709,0.3412995808253686,131,0.6717557251908397
9710,0.7565393207326894,143,0.958041958041958
9711,-0.05064604878685509,126,0.3333333333333333
9712,0.8955435525157412,11,0.9090909090909091
9713,1.05625615803456,126,0.9841269841269841
9714,0.3443551150324966,56,0.7678571428571429
9715,0.849308358302559,4,0.75
9716,0.5996566096761807,14,0.7857142857142857
9717,0.871936420153523,10,0.9
9719,0.413217164069265,142,0.7816901408450704
9720,0.6979228533643126,137,0.9343065693430657
9721,0.8315953447628809,12,0.8333333333333334
9722,0.9296145075896722,14,0.9285714285714286
9723,0.4665913421971975,128,0.828125
9724,0.907090589354297,11,0.9090909090909091
9725,0.8390547930238718,10,0.9
9726,0.9093758060827039,17,0.9411764705882353
9727,0.8752368720700502,53,0.9622641509433962
9728,0.25331907061697495,116,0.7241379310344828
9729,0.7555611422423345,119,0.9327731092436975
9730,0.879662309854985,10,0.9
9731,0.8948454060154205,12,0.9166666666666666
9732,0.7079080002576947,144,0.9375
9733,0.9811512616250363,61,0.9836065573770492
9734,0.4288103999180178,116,0.8275862068965517
9735,0.748302538305446,14,0.7857142857142857
9736,0.629773527995045,14,0.7857142857142857
9737,0.8412446961152064,10,0.9
9738,0.9699538213134749,129,0.9922480620155039
9739,0.5813852597615992,14,0.7857142857142857
9740,0.4461636803417455,135,0.8296296296296296
9741,0.7276742393017455,137,0.948905109489051
9742,0.5313580729145823,141,0.8936170212765957
9743,0.4270821663404035,13,0.6923076923076923
9744,0.5279678796831104,120,0.8916666666666667
9745,0.9123857444320151,111,0.963963963963964
9746,0.35435502671040825,127,0.7244094488188977
9747,0.9901851322805031,18,0.8888888888888888
9748,0.2739992854375867,50,0.68
9749,0.33741866958472494,54,0.7592592592592593
9751,0.8026906717366153,8,0.875
9752,0.9153350583914072,127,0.9763779527559056
9753,0.7655405618583292,142,0.9507042253521126
9755,0.32703793150132293,134,0.7164179104477612
9756,0.778106606898506,12,0.8333333333333334
9757,0.6867255769510909,13,0.7692307692307693
9758,1.0475803811490803,132,0.9772727272727273
9759,0.14723107915430916,47,0.48936170212765956
9760,0.7617077386552739,48,0.8958333333333334
9761,0.5833656268275584,14,0.7142857142857143
9762,0.8108283827054488,129,0.9612403100775194
9763,0.8629021891241032,130,0.9615384615384616
9764,0.9181076395890143,125,0.976
9765,0.7243415977245172,13,0.7692307692307693
9766,0.5186559161652781,3,0.6666666666666666
9767,0.12759900115975653,115,0.5130434782608696
9768,0.600234334109247,113,0.8938053097345132
9769,0.7596211970275407,116,0.9568965517241379
9770,0.43135614715034476,12,0.75
9771,1.0235359043368462,139,0.9784172661870504
9772,0.6834945707671795,126,0.9126984126984127
9773,0.6159831693205358,6,0.6666666666666666
9774,0.6180646647732855,17,0.7058823529411765
9775,0.5826345939355448,13,0.6923076923076923
9776,0.8538856790071901,9,0.8888888888888888
9777,0.7439212243760355,58,0.9482758620689655
9779,0.7928342838331613,58,0.9137931034482759
9780,0.7583370399455351,64,0.953125
9781,0.7177906900702661,12,0.8333333333333334
9782,1.0138804325213269,147,0.9795918367346939
9783,0.9438811185693363,14,0.9285714285714286
9784,1.2232072448327072,119,0.9915966386554622
9785,1.0945558783259948,123,0.983739837398374
9786,0.7370921016942895,12,0.75
9787,0.4750180109631535,11,0.7272727272727273
9788,0.9848167450462338,17,0.9411764705882353
9789,0.7803979879345858,133,0.9398496240601504
9790,0.8434060607855561,12,0.9166666666666666
9791,0.45191745355213264,56,0.875
9792,0.8907917979588151,11,0.9090909090909091
9793,0.8759623713819354,12,0.9166666666666666
9794,0.5137078024181987,129,0.8837209302325582
9795,1.1383316957797618,124,0.9919354838709677
9796,0.872040772434545,14,0.9285714285714286
9797,0.3300678946346807,47,0.7446808510638298
9798,0.4451029747221915,131,0.816793893129771
9799,0.8857496561889435,12,0.9166666666666666
9800,0.7707830229301889,135,0.9555555555555556
9801,0.9292734153444612,130,0.9846153846153847
9802,0.3191279460423639,4,0.25
9803,1.1247193256492352,137,0.9854014598540146
9804,0.9520053134633751,15,0.9333333333333333
9805,0.7600637745363522,55,0.9454545454545454
9806,0.6744939846605899,17,0.8235294117647058
9807,0.9502713368015075,12,0.9166666666666666
9808,0.9168360168730744,13,0.9230769230769231
9809,0.865347486675963,12,0.9166666666666666
9810,0.5570170325701418,116,0.8793103448275862
9811,1.0560914304585332,3,1.0
9812,0.9904444005368641,50,0.98
9813,1.0840640722514525,134,0.9850746268656716
9814,0.8355963348312102,14,0.8571428571428571
9815,0.6491030274843367,20,0.8
9816,0.8995992694504168,13,0.9230769230769231
9817,0.43905434190581005,11,0.6363636363636364
9818,0.6366829015166,141,0.8936170212765957
9819,1.1888599501771129,140,0.9857142857142858
9820,0.8700210866727741,11,0.9090909090909091
9821,0.933130239682895,129,0.9767441860465116
9822,0.692043593453711,14,0.8571428571428571
9823,0.6983395967591371,12,0.75
9824,0.682666875817737,138,0.9420289855072463
9825,0.8082913566054821,136,0.9558823529411765
9826,0.6060026594437639,117,0.905982905982906
9827,0.27364569647057385,49,0.7142857142857143
9828,1.1661975905674644,129,0.9922480620155039
9829,0.47758098066809507,14,0.6428571428571429
9830,0.700230367561627,142,0.9436619718309859
9831,0.934725420472997,12,0.9166666666666666
9832,0.7904962982132312,143,0.951048951048951
9833,1.0841667195926559,14,0.9285714285714286
9834,0.3239169502590715,124,0.6612903225806451
9835,0.8026906717366153,8,0.875
9836,0.9086269027881727,11,0.9090909090909091
9837,0.6679534460643919,112,0.9285714285714286
9839,1.0806646938978404,127,0.984251968503937
9840,0.32914539599894116,126,0.6984126984126984
9841,0.8039909466233434,15,0.8
9843,1.2116710228330592,3,1.0
9844,0.8384063777241482,137,0.9708029197080292
9845,1.1291235728022437,130,0.9846153846153847
9846,0.5774207798812899,7,0.7142857142857143
9847,0.6246313035434827,132,0.9090909090909091
9848,0.256504687555058,132,0.6439393939393939
9849,0.8226459916063815,128,0.9609375
9850,0.2759613430425296,130,0.6384615384615384
9851,0.8588973050331148,128,0.9609375
9852,0.8515431761915556,127,0.968503937007874
9853,1.3305269282941972,4,1.0
9854,0.9191700114095934,15,0.9333333333333333
9855,0.693317804437916,123,0.926829268292683
9856,0.5880053135886595,52,0.9423076923076923
9857,0.9748871045780947,156,0.9807692307692307
9858,0.44280658441849013,139,0.8057553956834532
9861,0.9328280296714165,15,0.9333333333333333
9862,0.8016669056528105,142,0.9577464788732394
9863,0.9938022939604627,57,0.9824561403508771
9864,0.9499236578405138,145,0.9793103448275862
9865,0.8265215319241845,11,0.9090909090909091
9867,1.9903556325077307,47,1.0
9868,0.45661374866293025,55,0.8
9869,0.6227740551362463,153,0.9150326797385621
9870,0.6105079489982872,127,0.9133858267716536
9871,0.716085621569049,116,0.9396551724137931
9872,0.640145625367128,118,0.940677966101695
9873,0.96073521295357,15,0.9333333333333333
9874,0.6350169667006628,11,0.8181818181818182
9875,0.09942027649441706,52,0.4230769230769231
9876,0.4250196039827973,132,0.7878787878787878
9878,0.46847026360054067,18,0.7222222222222222
9879,0.5777807208145213,3,0.3333333333333333
9881,0.4010314188288758,146,0.8013698630136986
9882,0.50942578483526,13,0.6923076923076923
9883,0.43634851105102834,115,0.8347826086956521
9884,0.39735683318704584,138,0.7681159420289855
9885,0.810175518702809,130,0.9461538461538461
9886,0.9718604461430408,128,0.953125
9887,0.4397329822177674,10,0.7
9888,0.9356947554346354,12,0.9166666666666666
9889,0.7741087854180662,14,0.7857142857142857
9890,0.21879207183592064,135,0.5925925925925926
9891,0.8158274118675294,10,0.9
9892,0.33624873681808104,129,0.751937984496124
9893,0.8426628784591091,11,0.9090909090909091
9894,0.516300676907734,13,0.7692307692307693
9895,0.8512672959471301,55,0.9636363636363636
9896,0.5074816774593595,12,0.75
9897,0.6396668822817755,44,0.9545454545454546
9898,0.8151511964344248,124,0.9596774193548387
9899,0.9927302974913992,130,0.9769230769230769
9901,0.8840634844848058,141,0.9716312056737588
9902,0.6197344140892517,113,0.9292035398230089
9904,1.1950559852649127,120,0.9916666666666667
9905,0.7928569729612069,11,0.8181818181818182
9906,0.8749040894404007,12,0.9166666666666666
9907,0.6154302744036042,52,0.9423076923076923
9908,0.8959298350782421,13,0.9230769230769231
9909,1.027582237975117,57,0.9824561403508771
9910,0.8382052253842852,130,0.9692307692307692
9911,0.6444752931729739,137,0.9124087591240876
9912,0.971674339756419,16,0.9375
9913,0.6200487639293137,11,0.8181818181818182
9914,0.9452296799689681,14,0.9285714285714286
9915,0.9437884218340009,122,0.9754098360655737
9917,0.6119835242107537,120,0.9416666666666667
9918,0.91857342028591,14,0.9285714285714286
9919,0.9090616369794332,11,0.9090909090909091
9920,0.7120528941234708,14,0.7857142857142857
9921,0.847753205900356,10,0.9
9922,-0.07886647498096955,33,0.18181818181818182
9923,0.8691648259033776,12,0.9166666666666666
9924,0.7721197349716278,13,0.8461538461538461
9925,0.6432189072871061,133,0.9473684210526315
9926,0.7366849538763132,130,0.9461538461538461
9927,0.8579435421937336,17,0.8823529411764706
9928,0.560125401164947,13,0.7692307692307693
9929,0.8389106319827669,10,0.9
9930,0.915678037930438,13,0.9230769230769231
9931,0.6582103950067741,16,0.8125
9932,0.8604723953825079,13,0.9230769230769231
9933,0.9663100520222461,119,0.9747899159663865
9935,0.9620407346494237,13,0.9230769230769231
9936,0.9940224925221417,14,0.9285714285714286
9938,0.39026676019472833,144,0.7777777777777778
9939,1.0498506752546737,3,0.6666666666666666
9940,0.6323454916477234,132,0.9015151515151515
9941,0.8383323536151401,10,0.9
9942,0.6199661516373082,137,0.8832116788321168
9943,0.9161233948794686,14,0.9285714285714286
9944,0.9151408752143423,12,0.9166666666666666
9945,1.0636796040699925,148,0.9864864864864865
9946,1.214714459758793,3,1.0
9947,0.3647048299273059,125,0.8
9948,0.5019216213752439,12,0.75
9949,0.43952299858738225,145,0.8482758620689655
9950,0.48844397484301355,12,0.75
9951,0.43435649707334884,16,0.5625
9952,0.5218043131178263,16,0.6875
9954,0.00688315811888146,46,0.2608695652173913
9955,1.0370175924681744,127,0.968503937007874
9956,1.1877298422954383,121,0.9917355371900827
9957,0.8266198311242565,11,0.9090909090909091
9958,-0.05540351100748475,53,0.24528301886792453
9959,0.9269354962729869,145,0.9793103448275862
9960,0.9570440403620328,113,0.9823008849557522
9961,0.5962411200927008,12,0.75
9962,0.8989581585236257,104,0.9711538461538461
9964,0.643529254562981,21,0.8571428571428571
9965,0.7867825702639599,12,0.8333333333333334
9966,0.16034208428819602,60,0.5
9967,0.757679427014911,59,0.9661016949152542
9968,0.34439376524278476,148,0.722972972972973
9969,0.9985095364424577,15,0.9333333333333333
9970,0.9061179654693597,11,0.9090909090909091
9971,0.44965431766680847,14,0.7142857142857143
9972,0.9485167138844611,16,0.9375
9973,0.4101018744204252,16,0.5625
9974,0.17038362313007685,126,0.5079365079365079
9975,0.5946867095272759,134,0.9029850746268657
9976,0.9148412990483236,15,0.9333333333333333
9977,0.4745765967610411,14,0.6428571428571429
9978,0.6759059162764542,19,0.8421052631578947
9979,0.7183113783670875,13,0.8461538461538461
9980,0.8542907864655159,9,0.8888888888888888
9981,0.698942988242695,13,0.7692307692307693
9982,1.0132053221717412,133,0.9774436090225563
9983,0.9584855081120324,134,0.9850746268656716
9984,0.8564982222038509,127,0.9606299212598425
9985,0.6902281381587869,135,0.9481481481481482
9986,0.8131248697078409,10,0.9
9987,0.9053763845999244,12,0.9166666666666666
9988,0.8291459886797531,8,0.875
9989,0.8796516750292535,13,0.8461538461538461
9990,0.9196583746578575,3,1.0
9991,0.44072488278053423,11,0.6363636363636364
9992,0.01157369014806405,32,0.28125
9993,0.8738240584546645,133,0.9699248120300752
9994,0.8018062533454807,142,0.9788732394366197
9995,0.6849580038275556,14,0.8571428571428571
9996,0.5187571636182641,146,0.863013698630137
9997,0.8274173076417767,11,0.8181818181818182
9998,0.5238077684971213,112,0.9017857142857143
9999,0.9114573089144399,131,0.9618320610687023
10000,0.6937295067564586,134,0.9328358208955224
10001,0.471718311349633,47,0.8936170212765957
10002,0.07498992018028693,79,0.4430379746835443
10003,0.12588863708380685,130,0.3923076923076923
10004,1.3852897300140319,7,1.0
10005,0.37224443505958593,3,0.3333333333333333
10006,1.179558166420773,141,0.9929078014184397
10007,0.8583551492743241,11,0.9090909090909091
10008,0.5363147126309693,136,0.8455882352941176
10009,0.6331024001952882,15,0.8
10010,0.7940385645883027,12,0.8333333333333334
10011,0.3654150010803772,86,0.813953488372093
10014,0.4793935330217952,131,0.8473282442748091
10015,0.4787759877704791,17,0.7647058823529411
10016,0.8133851447432141,144,0.9652777777777778
10017,0.9314084993296969,117,0.9743589743589743
10018,0.5510300066937759,14,0.7857142857142857
10019,0.894264583660203,15,0.9333333333333333
10020,0.7384965725906583,14,0.7857142857142857
10021,0.9254398701850358,13,0.9230769230769231
10023,0.8332203495799764,12,0.9166666666666666
10024,0.5358177641857983,53,0.8867924528301887
10026,0.8782646837976785,13,0.9230769230769231
10027,0.8608246386372062,20,0.85
10028,1.0629462928900233,16,0.9375
10030,0.9699446846260658,15,0.9333333333333333
10031,0.5511774821812992,135,0.8592592592592593
10032,0.6773473353195529,61,0.9508196721311475
10034,0.9427927743117531,133,0.9774436090225563
10035,0.5800392159966757,10,0.7
10036,0.879662309854985,10,0.9
10037,0.3245769298309358,132,0.7045454545454546
10038,0.8448659391762758,11,0.9090909090909091
10039,0.3121851498567965,114,0.6578947368421053
10040,0.4388397316156623,47,0.8297872340425532
10041,0.32944164145510246,119,0.7394957983193278
10042,0.9421177304505325,11,0.9090909090909091
10043,0.8742573583276055,9,0.8888888888888888
10045,1.052121559673194,60,0.9833333333333333
10046,0.7006918910610066,15,0.8666666666666667
10047,0.6779424886401999,138,0.927536231884058
10048,1.1989813126729094,123,0.983739837398374
10049,0.22741448131689654,129,0.5813953488372093
10050,0.5198561578841278,133,0.8571428571428571
10051,1.3417185242821865,50,1.0
10052,0.8894824465542025,18,0.8888888888888888
10053,0.9093218028695623,12,0.9166666666666666
10054,0.39096178556109157,119,0.7647058823529411
10055,0.7911204531354014,15,0.8
10056,0.835049992768163,17,0.7647058823529411
10057,0.9138640821593356,15,0.8666666666666667
10058,0.9363732847729692,13,0.9230769230769231
10059,1.2150983382842593,3,1.0
10060,0.6694880924960479,17,0.7647058823529411
10061,0.8068253715006842,137,0.9416058394160584
10062,0.8383323536151401,10,0.9
10063,1.077100584152864,128,0.984375
10064,0.6735550065102859,19,0.7894736842105263
10066,0.9200139930201319,15,0.9333333333333333
10067,0.30978814110593555,18,0.6111111111111112
10068,0.09580720640019277,44,0.4090909090909091
10069,0.524838586669084,19,0.631578947368421
10070,0.10335857493836713,143,0.4405594405594406
10071,0.9481978216235962,150,0.9733333333333334
10072,0.9339770751352613,13,0.9230769230769231
10073,0.36795077393894815,126,0.7380952380952381
10075,0.583610048746984,119,0.9159663865546218
10076,0.9590681769066507,16,0.9375
10077,0.957288305045203,52,0.9807692307692307
10078,0.9210874014803199,21,0.9047619047619048
10079,0.35276153941485483,14,0.6428571428571429
10080,0.7810997439151236,129,0.937984496124031
10081,0.7551720126235069,117,0.9572649572649573
10082,1.0707345636910082,136,0.9852941176470589
10084,0.7369184506055994,20,0.75
10085,1.0083067273125421,13,0.9230769230769231
10086,1.5801655731305686,6,1.0
10087,0.6091714957700444,58,0.9310344827586207
10088,0.0406557633619733,29,0.3448275862068966
10090,0.44071204164910016,16,0.6875
10091,0.5129058654965086,12,0.75
10092,0.9421134080434891,137,0.9708029197080292
10093,0.5940411479034218,16,0.8125
10094,0.8119238035337231,143,0.972027972027972
10095,0.48841054180270177,120,0.7916666666666666
10096,0.6232259051250046,13,0.7692307692307693
10097,0.505635837805277,14,0.7857142857142857
10098,0.6720737239908917,12,0.75
10099,0.5466904617234128,15,0.7333333333333333
10100,0.9184963527001442,120,0.9666666666666667
10101,0.825534671830365,122,0.9426229508196722
10102,1.0577544115979285,145,0.9793103448275862
10103,0.8053630401742822,9,0.8888888888888888
10104,0.9824616672117749,121,0.9752066115702479
10106,0.9127448332330413,13,0.9230769230769231
10107,0.7088310318723193,125,0.952
10108,-0.6401287700641398,3,0.0
10109,0.879662309854985,10,0.9
10110,0.966968798088794,13,0.9230769230769231
10111,0.8265247574797328,127,0.9606299212598425
10112,0.18919498478006397,128,0.5703125
10113,0.38852419745549754,57,0.7894736842105263
10114,0.6961380694050091,144,0.9513888888888888
10115,0.8284199736292182,10,0.9
10116,0.6940699713665546,104,0.9326923076923077
10117,0.5377807448365398,131,0.8473282442748091
10118,0.886419653755318,131,0.9694656488549618
10119,0.4614163327213618,12,0.75
10120,0.7651722709371828,134,0.9402985074626866
10121,0.45567130921344895,130,0.7846153846153846
10122,0.4392370408407354,11,0.7272727272727273
10124,1.2717419106992904,127,0.9921259842519685
10125,0.6754026232332121,146,0.9383561643835616
10126,0.4255245563690344,122,0.7868852459016393
10127,0.6205689735432558,132,0.9015151515151515
10128,1.538779077812576,4,1.0
10129,0.8742783639350836,13,0.9230769230769231
10130,0.9847603951048279,15,0.9333333333333333
10132,0.30143234419505777,14,0.6428571428571429
10134,1.100708737829407,139,0.9856115107913669
10135,0.6008271690019357,140,0.8857142857142857
10136,0.26166067733751064,13,0.5384615384615384
10137,0.5987690497795186,134,0.9253731343283582
10138,0.991068696742303,149,0.9731543624161074
10139,1.534502041756527,6,1.0
10140,0.5035381478448734,10,0.7
10141,0.8687179517914113,11,0.9090909090909091
10142,0.8156627446763535,152,0.9539473684210527
10143,0.5458069736609487,127,0.905511811023622
10145,0.8818800297098178,14,0.9285714285714286
10146,0.7644943883827474,126,0.9682539682539683
10147,0.8214647997647258,15,0.7333333333333333
10148,1.2032356485351716,3,1.0
10149,0.6673558368011228,10,0.8
10150,0.39359652125242434,140,0.7285714285714285
10151,0.7452226426499412,13,0.8461538461538461
10152,0.876154002564709,12,0.8333333333333334
10153,1.23533409493851,117,0.9914529914529915
10154,0.7520952141008551,115,0.9478260869565217
10155,1.0276724196749,111,0.972972972972973
10156,0.9171154661014153,130,0.9692307692307692
10157,0.9341631032661766,52,0.9807692307692307
10158,0.14068529480888253,143,0.48951048951048953
10160,0.731614866572059,121,0.9421487603305785
10161,0.5957844305229272,15,0.7333333333333333
10162,0.7142408011203116,130,0.9461538461538461
10163,0.8997648349095639,117,0.9743589743589743
10164,0.35742749463840723,109,0.7431192660550459
10165,0.4443550723866479,13,0.6153846153846154
10167,0.7317410271043091,129,0.9534883720930233
10168,0.7026583978271187,152,0.9473684210526315
10169,0.724790162723355,20,0.85
10170,0.7289892157435813,126,0.9444444444444444
10171,0.91331178657222,14,0.9285714285714286
10172,0.8823044381993194,11,0.9090909090909091
10173,0.8629501279620073,143,0.951048951048951
10174,0.6951803484414956,11,0.7272727272727273
10175,0.7085601005063223,135,0.9185185185185185
10176,0.8796514741034925,14,0.9285714285714286
10177,0.6051674689669235,129,0.9147286821705426
10178,0.847753205900356,10,0.9
10179,0.9456688070770781,114,0.956140350877193
10180,0.47619556823745096,122,0.8524590163934426
10181,0.41164883816015907,12,0.5833333333333334
10182,0.6927842493061896,16,0.9375
10183,0.6008521529910165,114,0.9122807017543859
10184,0.8984369221865449,13,0.9230769230769231
10185,0.8090806230989931,10,0.9
10186,0.7780251185569177,123,0.9512195121951219
10187,0.8179843013909556,10,0.9
10188,0.8679269198424394,12,0.9166666666666666
10189,0.550915122412936,128,0.8828125
10191,1.2084883802176216,134,0.9925373134328358
10192,0.9266569784316108,12,0.9166666666666666
10194,0.3354410226037531,114,0.7192982456140351
10195,0.8863605887506507,13,0.9230769230769231
10196,0.5330483815780597,13,0.6923076923076923
10197,0.19716165893455354,94,0.5212765957446809
10198,1.0523115919213668,125,0.984
10199,0.2757335225616005,133,0.6992481203007519
10200,0.9136088274253934,146,0.958904109589041
10201,0.7820501850372852,139,0.9640287769784173
10202,0.940323876088359,125,0.976
10203,0.8487883695975061,12,0.9166666666666666
10204,0.8120285076143308,117,0.9572649572649573
10205,0.21015366437885818,59,0.5423728813559322
10206,0.9682145643577483,14,0.9285714285714286
10208,0.8486149685309728,126,0.9682539682539683
10209,0.7315644369857924,61,0.9344262295081968
10210,0.564161647145228,16,0.6875
10211,0.8634223812958066,11,0.9090909090909091
10212,0.8675480694214565,13,0.9230769230769231
10213,-0.06881384800634101,103,0.27184466019417475
10214,0.6556109835894628,11,0.8181818181818182
10215,0.9554290024492876,119,0.9663865546218487
10216,0.6463357274847293,125,0.92
10217,0.49043518689336546,118,0.8728813559322034
10218,0.4196784205285317,12,0.75
10219,0.9764899742718606,17,0.9411764705882353
10220,0.6992116810363339,113,0.9469026548672567
10221,0.8675584256794306,11,0.9090909090909091
10222,0.30755914961519093,126,0.6984126984126984
10223,0.44019968251984115,130,0.7923076923076923
10224,0.2343269914996486,130,0.6153846153846154
10225,0.8523751177816691,11,0.9090909090909091
10226,0.2579429874175483,127,0.7401574803149606
10227,0.830593297817862,118,0.9661016949152542
10228,0.9199197480559312,14,0.9285714285714286
10229,0.7147713019219206,12,0.8333333333333334
10230,0.5800882889371962,13,0.7692307692307693
10231,0.3331585359407889,6,0.5
10233,0.4969788696107446,4,0.25
10234,0.6227296765969983,16,0.875
10235,0.7872845307980396,145,0.9517241379310345
10236,0.9421593365582357,15,0.9333333333333333
10237,0.9446245565625186,15,0.9333333333333333
10238,0.8312094670260423,12,0.9166666666666666
10239,1.2524991718644884,42,1.0
10240,0.7261576843832313,125,0.944
10241,1.371428370577422,33,1.0
10242,0.8322868285581189,10,0.9
10243,0.49268973497079305,15,0.7333333333333333
10244,0.5845756210844498,12,0.6666666666666666
10245,0.8822029424368135,11,0.9090909090909091
10246,0.8592916698325245,59,0.9661016949152542
10248,0.599508589845828,105,0.8857142857142857
10249,0.2988246084941478,108,0.6666666666666666
10250,0.8906113671510743,12,0.9166666666666666
10251,0.570539211923042,53,0.9245283018867925
10252,0.9218534307885365,47,0.9787234042553191
10253,0.945971346826491,13,0.9230769230769231
10254,0.4668852704455423,16,0.6875
10255,0.8026906717366153,8,0.875
10256,0.8944222102913103,129,0.9767441860465116
10258,0.8171544330042337,12,0.8333333333333334
10259,0.8939249491668548,12,0.9166666666666666
10260,0.8929549484897975,133,0.9774436090225563
10261,0.5323940869886402,13,0.7692307692307693
10263,1.0808758687435247,146,0.9726027397260274
10264,0.848404145486424,10,0.9
10265,1.032122587164979,18,0.9444444444444444
10266,0.8131248697078409,10,0.9
10267,1.352375851381599,126,0.9920634920634921
10268,0.934223333724961,55,0.9818181818181818
10269,0.808541573732529,53,0.9622641509433962
10270,1.042460555962069,6,1.0
10271,1.181977499309907,124,0.9919354838709677
10272,0.7120441441165,13,0.6923076923076923
10273,0.8732328900041477,11,0.9090909090909091
10274,1.2261898068244785,123,0.983739837398374
10275,0.8409437685640202,10,0.9
10276,0.9495800257758289,139,0.9712230215827338
10277,1.0145758606746955,13,0.9230769230769231
10278,1.1905588725115381,138,0.9927536231884058
10279,0.6551300237157804,15,0.8
10280,0.9212045912292074,15,0.8666666666666667
10281,0.8538802915668254,125,0.976
10282,0.9745828058239508,128,0.9765625
10283,0.4895230068833637,11,0.6363636363636364
10284,0.38897122001520135,43,0.813953488372093
10285,0.650249982201085,12,0.8333333333333334
10286,0.885074177407759,12,0.9166666666666666
10287,0.9173492201479992,10,0.9
10288,0.35335372665612447,54,0.7592592592592593
10289,0.9094041450508328,14,0.9285714285714286
10290,0.677196613020663,52,0.9423076923076923
10291,0.7065528235641736,130,0.9307692307692308
10292,0.6577266258707755,138,0.8985507246376812
10293,0.4360843391854649,11,0.6363636363636364
10294,0.9827296263362596,123,0.967479674796748
10295,0.5694744874192439,13,0.7692307692307693
10296,0.9924585578103765,151,0.9801324503311258
10297,0.8555009464827428,139,0.9496402877697842
10298,0.7143619275545954,144,0.9444444444444444
10299,0.07143938618200275,3,0.3333333333333333
10300,0.9553431501628326,50,0.98
10301,0.5519210644761225,52,0.9230769230769231
10303,0.9350744517006275,127,0.968503937007874
10304,1.1080549979843946,112,0.9821428571428571
10305,0.9248669377637847,13,0.9230769230769231
10306,0.9995512287866848,19,0.9473684210526315
10307,0.7073072543706947,13,0.8461538461538461
10308,0.7181346625585354,11,0.8181818181818182
10309,0.737473499669011,140,0.9142857142857143
10310,0.6013441228212933,133,0.9022556390977443
10311,0.8194266210973677,14,0.7857142857142857
10312,0.6549173134275428,136,0.9044117647058824
10313,0.5321917563197108,13,0.6923076923076923
10314,1.0022230847309406,140,0.9857142857142858
10315,0.5971746121308732,140,0.8785714285714286
10316,0.4572021454807118,17,0.6470588235294118
10317,0.9503180038549648,17,0.9411764705882353
10318,0.8550937633253141,10,0.9
10319,0.8626401464577539,13,0.9230769230769231
10320,0.7314342160069437,134,0.9328358208955224
10321,0.705631517747828,134,0.9253731343283582
10322,0.48706556107600224,117,0.8547008547008547
10323,1.1706501219539251,128,0.9921875
10324,0.24986633253380483,118,0.6016949152542372
10325,0.9301665802298439,11,0.9090909090909091
10326,0.5044023130063554,20,0.85
10327,1.0236264466021505,16,0.9375
10328,0.9407006589142515,12,0.9166666666666666
10329,0.885888507642251,14,0.9285714285714286
10330,0.8244645893546055,137,0.9708029197080292
10332,0.6776350288813214,147,0.9387755102040817
10333,0.7288640102334458,16,0.8125
10334,0.9568219395586874,12,0.9166666666666666
10335,0.2537922518308938,47,0.5957446808510638
10336,0.8823870470298034,137,0.9708029197080292
10337,0.6524151585551909,115,0.9043478260869565
10338,0.5400130653916304,141,0.851063829787234
10339,0.4423043314505577,13,0.6153846153846154
10340,0.5913838519312402,146,0.8972602739726028
10341,0.6908325970311712,11,0.8181818181818182
10343,0.5949586984592262,12,0.75
10344,0.5653156233509505,138,0.8695652173913043
10345,0.7165406219942478,131,0.9465648854961832
10346,0.8878806642037794,12,0.9166666666666666
10347,0.8917442603686216,132,0.9621212121212122
10348,0.5978864186948883,63,0.9047619047619048
10349,0.851270187202198,11,0.9090909090909091
10350,0.6418916755863359,51,0.9411764705882353
10352,1.1946234345283009,142,0.9929577464788732
10353,0.8278137421818794,123,0.967479674796748
10354,0.8069536501449932,19,0.8947368421052632
10355,0.7031202736105575,135,0.9037037037037037
10356,0.8965257888230914,11,0.9090909090909091
10357,0.7004201166384164,68,0.9705882352941176
10358,0.5110561402168966,126,0.8492063492063492
10359,0.9183847604885614,14,0.9285714285714286
10360,0.9638751986172995,13,0.9230769230769231
10361,0.4120633074224933,123,0.7804878048780488
10362,0.864846223629949,10,0.9
10363,0.8026906717366153,8,0.875
10364,0.6036783040335582,135,0.8814814814814815
10365,0.4946648906438473,16,0.75
10366,1.0938969535586287,55,0.9818181818181818
10367,0.8472198990904659,12,0.9166666666666666
10368,0.8954133122062166,13,0.9230769230769231
10369,0.7978925018115361,18,0.8888888888888888
10370,0.855781003921924,10,0.9
10371,0.7877112229991066,126,0.9444444444444444
10373,0.950643220994251,16,0.9375
10374,0.8994523806167047,12,0.9166666666666666
10375,0.5387309618491493,128,0.859375
10376,0.9387825215730824,53,0.9811320754716981
10377,0.16094292522682022,105,0.47619047619047616
10378,0.20768268475988075,42,0.5476190476190477
10379,0.9657097280851522,15,0.9333333333333333
10380,0.7552484236748759,9,0.7777777777777778
10381,0.7846550627624885,18,0.8333333333333334
10382,0.762941150312024,129,0.9457364341085271
10383,0.5559056794405771,15,0.6666666666666666
10384,0.44940424959686076,129,0.8527131782945736
10385,0.748701257235661,124,0.9516129032258065
10386,1.1945571271952562,6,1.0
10387,0.9909988285369444,12,0.9166666666666666
10388,1.112240377127223,11,0.9090909090909091
10389,-0.5710992935703189,4,0.0
10390,0.982904925622066,15,0.9333333333333333
10391,0.45367478899369507,51,0.8235294117647058
10392,1.193982585705701,3,1.0
10393,0.8529990051464899,12,0.9166666666666666
10394,0.9041132665766981,11,0.9090909090909091
10395,0.8442491446949095,12,0.8333333333333334
10396,0.7581574746994844,56,0.9642857142857143
10397,0.6679110232426104,15,0.8
10398,0.8063488252602103,11,0.8181818181818182
10399,0.6051066621458613,11,0.8181818181818182
10400,0.9799127958531062,57,0.9824561403508771
10401,0.47586208605831115,123,0.8292682926829268
10402,0.5104860806431789,134,0.8432835820895522
10403,0.39998712210401377,127,0.7559055118110236
10404,0.4305522466876553,125,0.816
10405,0.9308783359735606,128,0.96875
10406,0.891882071532629,12,0.9166666666666666
10407,0.9261030486617916,14,0.8571428571428571
10408,0.8407842867099051,13,0.9230769230769231
10409,0.3635675852658622,48,0.7291666666666666
10410,0.8382006639918288,10,0.9
10411,-0.12646563668707456,36,0.1388888888888889
10412,0.8242646469313034,10,0.9
10413,0.4197698575561458,13,0.6923076923076923
10414,0.3373164558753655,121,0.6776859504132231
10415,0.1378953880267653,147,0.47619047619047616
10416,0.8257230019577481,15,0.8
10417,0.671472557161524,16,0.8125
10418,0.9218272738237222,14,0.9285714285714286
10419,0.9094711805211667,10,0.9
10420,0.8802877249635984,11,0.9090909090909091
10421,0.29125995778145863,51,0.7058823529411765
10422,0.8171161400670685,11,0.8181818181818182
10423,0.6886847966410925,148,0.9459459459459459
10424,0.9011620308369043,47,0.9787234042553191
10425,0.8624004072255933,11,0.9090909090909091
10426,0.9697484927302027,14,0.9285714285714286
10428,0.9188813415304076,137,0.9635036496350365
10429,0.017748480256942978,48,0.2916666666666667
10430,0.6795704684903611,55,0.9454545454545454
10431,0.7465943743642579,121,0.9256198347107438
10432,0.10414177815462838,124,0.4032258064516129
10433,0.9064017104834248,11,0.9090909090909091
10434,0.7506775960885401,13,0.7692307692307693
10435,0.8435970345542073,117,0.9487179487179487
10436,0.48474952951779365,137,0.8248175182481752
10437,1.0452927227867883,21,0.9523809523809523
10438,1.053821433130972,121,0.9834710743801653
10439,0.7856959397134149,134,0.9626865671641791
10440,-0.07616786351985193,59,0.1694915254237288
10441,0.5759544434102105,11,0.7272727272727273
10442,0.8749539759469619,129,0.9767441860465116
10443,0.4255962716130201,14,0.7857142857142857
10444,0.27075465474081406,132,0.5833333333333334
10445,0.0131897780698526,32,0.28125
10446,0.9065739715915808,14,0.9285714285714286
10447,0.673359715771702,17,0.7058823529411765
10448,1.047366000327667,135,0.9851851851851852
10450,1.0544537505452345,13,0.9230769230769231
10451,0.8779285949940571,164,0.9695121951219512
10453,1.155596130731049,4,1.0
10454,0.11614030941350824,131,0.45038167938931295
10455,0.9389485944545222,12,0.9166666666666666
10456,0.657552620067643,141,0.9078014184397163
10457,0.8643857894018978,11,0.9090909090909091
10458,0.6356972344505645,13,0.6923076923076923
10459,0.9216323118330594,11,0.9090909090909091
10460,1.3316495061032134,3,1.0
10461,0.8590678871244876,132,0.9621212121212122
10462,1.1908632031513804,145,0.993103448275862
10463,0.642069913175613,141,0.9290780141843972
10464,0.8353405366154613,119,0.9831932773109243
10465,0.8387749386480405,11,0.9090909090909091
10466,0.8037147878775582,121,0.9504132231404959
10467,0.14281900860564545,112,0.5535714285714286
10468,0.610815003841814,15,0.8
10469,0.913501729146007,128,0.96875
10470,0.892357849158177,10,0.9
10471,0.7059002905189102,12,0.75
10473,0.5209972549360199,15,0.6
10474,0.8901961491479518,13,0.9230769230769231
10476,0.5661694408494097,148,0.8783783783783784
10477,0.8104285035175525,13,0.8461538461538461
10478,0.6585895408932665,140,0.9357142857142857
10479,0.24123085398940364,142,0.6619718309859155
10480,0.8991415085402404,13,0.9230769230769231
10481,0.7501324795090171,12,0.8333333333333334
10482,0.26055999857128276,134,0.5671641791044776
10483,0.6928150452052501,119,0.9411764705882353
10484,0.8833599239917949,14,0.9285714285714286
10485,0.3290174849291903,17,0.5882352941176471
10486,0.8839563766509929,11,0.9090909090909091
10487,0.8720524712130707,12,0.9166666666666666
10489,1.0153300691123004,123,0.967479674796748
10491,0.9721652612993397,12,0.9166666666666666
10492,0.9606067787146791,15,0.8666666666666667
10493,0.9073958230888717,12,0.9166666666666666
10494,0.5759801374265281,129,0.8914728682170543
10495,0.6710033424630695,146,0.9383561643835616
10496,0.8920815494248188,56,0.9642857142857143
10497,0.5649540651067958,135,0.8518518518518519
10498,0.8247653040019481,10,0.9
10499,0.6997574656424649,12,0.8333333333333334
10500,1.0083612664067028,133,0.9774436090225563
10501,0.9972643375021772,123,0.983739837398374
10504,0.8950092758828473,13,0.9230769230769231
10506,0.9198606204025946,12,0.9166666666666666
10507,0.7386508485054636,127,0.9448818897637795
10508,0.29966194796684137,132,0.6742424242424242
10509,0.7698273238261671,144,0.9652777777777778
10510,0.8742374838979498,12,0.9166666666666666
10511,0.9967312247288538,58,0.9827586206896551
10512,0.8975313710266747,13,0.9230769230769231
10513,0.909602562517035,138,0.9782608695652174
10514,1.5562936912472696,11,1.0
10515,1.4950249765813965,114,0.9912280701754386
10516,1.5395742411742155,15,1.0
10517,1.3298597860851862,43,1.0
10518,0.26385449574247943,117,0.5641025641025641
10519,0.3576997576040758,132,0.7348484848484849
10520,0.8030578411717028,131,0.9541984732824428
10521,1.5267163329302984,11,1.0
10522,1.786751443442669,18,1.0
10523,0.8876309991286684,144,0.9652777777777778
10524,1.4912610712912044,128,0.984375
10525,0.824115795094641,136,0.9705882352941176
10526,0.6947999363531272,137,0.927007299270073
10528,0.4083772697397593,129,0.7906976744186046
10529,0.5323241114977721,114,0.868421052631579
10530,0.8050298537604805,123,0.9512195121951219
10531,1.6174155066206597,11,1.0
10532,1.5453257418707018,12,1.0
10533,1.36604529743993,44,1.0
10534,0.779462171808215,14,0.8571428571428571
10535,0.7294430377947762,118,0.9661016949152542
10536,0.6001467967442939,131,0.8931297709923665
10537,1.5288254782540067,11,1.0
10538,1.0170299489272934,17,0.8823529411764706
10539,1.0718438251632985,132,0.9924242424242424
10540,1.5754418995608748,60,1.0
10541,0.7769183589267349,130,0.9615384615384616
10542,0.12400217248831276,45,0.4444444444444444
10543,1.3097948710011076,147,0.9863945578231292
10544,0.9513272641544563,125,0.968
10545,0.5163657652935623,10,0.8
10546,1.0608200058494137,125,0.984
10547,0.6861313518430744,12,0.75
10548,0.29109434674991375,143,0.6923076923076923
10549,0.9084535868668856,123,0.983739837398374
10550,0.444054801178849,51,0.8431372549019608
10551,0.9390973524322407,140,0.9785714285714285
10553,0.8854927403605324,127,0.984251968503937
10554,0.4440632410121261,130,0.8076923076923077
10556,1.5302519909310541,20,1.0
10557,0.7090337788807924,125,0.92
10558,1.4854299829552249,3,1.0
10559,1.5934378782734857,10,1.0
10560,2.005211497790559,15,1.0
10562,0.9928671688271793,134,0.9776119402985075
10563,0.7732106240494082,131,0.9541984732824428
10564,1.8056097370428295,134,1.0
10565,0.6800475282095156,131,0.916030534351145
10566,0.16683688478899666,140,0.5642857142857143
10567,0.8129408059594692,119,0.9747899159663865
10568,1.0229899581774127,117,0.9829059829059829
10569,1.600822546862972,141,0.9929078014184397
10570,1.5825880694158532,17,1.0
10571,0.5536969393271716,3,0.6666666666666666
10572,0.8425277097116255,13,0.8461538461538461
10573,0.9945568040803567,127,0.9763779527559056
10574,1.5263835442829736,8,1.0
10575,0.33947969113439785,114,0.6929824561403509
10576,0.7563097283472058,146,0.952054794520548
10577,0.08508892978862652,140,0.5285714285714286
10578,1.0373821314345768,54,0.9629629629629629
10579,0.7067101027276119,143,0.9440559440559441
10580,1.5266674380691527,10,1.0
10581,0.6046198899615145,13,0.6923076923076923
10582,1.0853428397019098,130,0.9923076923076923
10583,1.0214434338621157,15,0.8666666666666667
10584,1.01131445326184,136,0.9926470588235294
10585,0.44079962751548485,16,0.625
10586,1.7542069229260921,129,1.0
10587,1.5271316774008705,11,1.0
10588,0.9321708705700539,124,0.9758064516129032
10589,0.5123666836023165,138,0.8623188405797102
10590,0.7726210817049728,118,0.9745762711864406
10591,1.671753773801939,63,1.0
10593,1.6673843074433965,11,1.0
10594,1.6459074873406134,15,1.0
10595,0.9036760915574034,134,0.9626865671641791
10596,0.7527273752706989,125,0.952
10597,0.7124235943452648,128,0.9375
10598,0.7868268162305397,116,0.9568965517241379
10599,1.5263931184928645,10,1.0
10600,0.9342136162810394,134,0.9776119402985075
10601,1.6468404846353475,12,1.0
10602,0.8345811062315603,133,0.9624060150375939
10603,1.8700943319528236,121,1.0
10604,1.6393070625530313,130,1.0
10605,0.3965643967228542,133,0.7969924812030075
10606,0.8806236767351762,116,0.9655172413793104
10607,1.014152053385638,140,0.9857142857142858
10608,1.535884726510133,9,1.0
10609,0.7457305420043479,135,0.9555555555555556
10610,0.7756865044657836,17,0.8823529411764706
10611,0.9080889251349886,117,0.9658119658119658
10612,0.9172012834922101,131,0.9770992366412213
10613,0.6974933463414774,130,0.9384615384615385
10614,0.5053556242574845,132,0.9015151515151515
10615,0.7965134164832278,124,0.9596774193548387
10616,1.666919796637552,140,1.0
10617,0.6236773178392572,13,0.8461538461538461
10618,0.3123728273612506,119,0.7310924369747899
10619,1.5281723252019515,13,1.0
10620,0.7786765057127996,141,0.950354609929078
10621,0.6247199548677299,139,0.9496402877697842
10622,1.56181483471764,16,1.0
10623,1.58363570558419,16,0.9375
10624,1.7224774726879213,125,1.0
10625,0.7581025964525644,133,0.9398496240601504
10626,0.7891618063579817,118,0.9745762711864406
10627,0.8371851932433497,138,0.9492753623188406
10628,0.483563859776614,14,0.6428571428571429
10629,1.5426689000232037,11,1.0
10630,1.7448424121574304,7,1.0
10631,1.5264441632898993,11,1.0
10632,1.5263842333815163,10,1.0
10633,1.533894057837189,10,1.0
10634,1.5598189284278345,15,1.0
10636,0.8578666491366106,52,0.9423076923076923
10637,1.1929267694676091,130,0.9769230769230769
10638,0.5685393324409548,139,0.8776978417266187
10640,1.7553251790454683,11,1.0
10642,1.6436119111441398,14,1.0
10643,0.9892210544993978,138,0.9782608695652174
10644,1.4234304596326792,133,0.9924812030075187
10645,1.6623497313505362,12,0.9166666666666666
10646,0.5951263671402479,130,0.9076923076923077
10647,0.9211339018548794,136,0.9705882352941176
10648,0.42546607253980157,121,0.8099173553719008
10649,0.5471614596641482,14,0.7857142857142857
10651,0.4325722132837885,131,0.7938931297709924
10652,0.8488033778982826,15,0.9333333333333333
10653,1.5561339202738729,14,1.0
10654,0.7131772756809347,136,0.9411764705882353
10655,1.5271314918693952,9,1.0
10656,1.5263835442829736,8,1.0
10657,0.7160766805209191,130,0.9461538461538461
10658,0.7032370535011221,126,0.9682539682539683
10659,0.7720590304601581,129,0.9534883720930233
10660,0.2671094252077588,106,0.7264150943396226
10661,1.5284021598112443,12,1.0
10663,1.5264031903746416,11,1.0
10664,1.5448256277653238,10,1.0
10665,0.2741375432994761,41,0.6341463414634146
10666,0.5215338906388722,137,0.8467153284671532
10667,0.6140802649969221,131,0.8778625954198473
10668,1.5411137461069846,12,1.0
10669,1.5872460431040227,6,1.0
10670,1.5266206341169068,10,1.0
10671,0.939596704826733,136,0.9705882352941176
10672,0.7783695866897753,133,0.9699248120300752
10673,1.1948351533623998,120,0.9916666666666667
10674,0.8554467901059679,132,0.9621212121212122
10675,0.7921287978220227,108,0.9814814814814815
10676,0.9930625524865537,105,0.9809523809523809
10677,0.6952121708597665,51,0.9803921568627451
10678,0.6533976891405309,123,0.9024390243902439
10679,0.4330657179076244,14,0.5714285714285714
10680,1.617174470476467,9,1.0
10681,1.1589385970413106,136,0.9779411764705882
10682,1.547180099711829,17,1.0
10683,0.8466139504227671,17,0.9411764705882353
10684,0.5543818637017789,130,0.8615384615384616
10685,1.5263842333815163,10,1.0
10686,1.5529286746955588,14,1.0
10688,0.5318153899637247,134,0.8432835820895522
10689,0.4733014945372899,116,0.8189655172413793
10690,0.7438224504791429,138,0.9347826086956522
10691,0.9734560561480371,130,0.9846153846153847
10692,0.8902186275593997,48,0.9791666666666666
10693,1.598516793601196,13,1.0
10694,1.6466436419020478,14,1.0
10695,0.8796717566682262,141,0.9645390070921985
10696,1.9937967411389088,5,1.0
10697,0.9070394371508663,128,0.984375
10698,0.9752902917507489,130,0.9846153846153847
10699,-0.008842798457539793,36,0.2777777777777778
10700,1.2091427762196378,140,0.9928571428571429
10701,0.2726770238659506,122,0.6475409836065574
10702,1.7120996446551533,123,1.0
10703,1.5283399088035683,11,1.0
10704,0.735892920757692,131,0.9389312977099237
10706,0.9259837283510793,117,0.9658119658119658
10707,0.4848112072503418,126,0.8571428571428571
10708,0.7100362124211244,117,0.9487179487179487
10709,1.5317227054949076,13,1.0
10710,1.527043362583986,14,1.0
10712,0.9600012267430356,113,0.9823008849557522
10713,0.7812954367319913,15,0.8666666666666667
10714,0.8614492277374076,15,0.8666666666666667
10715,0.9416272188685108,112,0.9821428571428571
10716,0.2704560337292868,126,0.6428571428571429
10717,1.8771964501358356,16,1.0
10718,0.48622579789282117,117,0.811965811965812
10720,0.9793524488780736,139,0.9784172661870504
10721,0.8121707027250304,141,0.9574468085106383
10722,0.6859977729818,16,0.9375
10723,0.8314001476041165,127,0.9606299212598425
10724,0.7519938398053918,15,0.8666666666666667
10725,1.0531913846290595,116,0.9827586206896551
10726,0.5098977253087381,127,0.8661417322834646
10727,0.6232923817184418,12,0.8333333333333334
10729,1.0633100314206578,123,0.991869918699187
10730,0.9026017878967654,14,0.9285714285714286
10731,0.8550391144617336,138,0.9565217391304348
10732,0.9534025662557735,54,0.9814814814814815
10733,0.7185866589012156,3,0.6666666666666666
10734,0.9621551431042622,139,0.9928057553956835
10735,1.3256027225722424,129,0.9922480620155039
10736,1.5308567221776754,12,1.0
10737,1.526722002778833,12,1.0
10738,1.5263854020383565,12,1.0
10739,1.346077028768453,148,0.9864864864864865
10740,1.7048596479146383,12,1.0
10741,1.158837301019652,125,0.976
10743,0.8041025498882282,14,0.8571428571428571
10744,1.0436320036583522,139,0.9856115107913669
10745,0.6504609061282127,133,0.9548872180451128
10746,1.5895239358658066,19,1.0
10747,1.1339189068211732,143,0.986013986013986
10748,0.6836706337733341,52,0.9807692307692307
10749,0.9481041530621109,16,0.9375
10751,1.3398500499825416,13,0.9230769230769231
10752,-0.060298635184583525,129,0.24806201550387597
10753,0.6042453134586506,125,0.936
10754,0.24823185787124916,116,0.6379310344827587
10755,1.2923423549335165,12,0.9166666666666666
10756,0.06121448643133232,150,0.46
10757,0.7956199031971016,63,0.9523809523809523
10758,1.5315414982828248,9,1.0
10759,0.6525270532906764,126,0.9365079365079365
10760,1.087008529160832,148,0.9864864864864865
10761,0.6217548704817718,131,0.916030534351145
10762,1.5266674380691527,10,1.0
10764,0.6622646846526138,136,0.9191176470588235
10765,1.5946590202433133,16,1.0
10766,0.40081347174019955,117,0.7692307692307693
10767,1.531687110316023,9,1.0
10768,1.526383447895678,11,1.0
10769,1.5263931184928645,10,1.0
10770,0.45724825671971525,10,0.8
10771,0.3170012371134158,129,0.7054263565891473
10772,0.7543589289084337,14,0.8571428571428571
10773,0.4127614395449989,123,0.8048780487804879
10774,1.5628148119473322,11,1.0
10775,0.78076716292912,110,0.9545454545454546
10776,0.2914632036510968,4,0.5
10778,0.9765200734568618,126,0.9841269841269841
10779,0.3850039000214244,102,0.7647058823529411
10780,0.907004675190424,139,0.9712230215827338
10781,0.6207412808086299,137,0.9343065693430657
10782,0.44193798546619056,119,0.7899159663865546
10783,0.8385374460179279,139,0.9712230215827338
10784,1.6344677659250333,12,1.0
10785,0.4068298450954101,116,0.7586206896551724
10787,1.1496810084123001,122,0.9918032786885246
10788,0.8277422880813556,131,0.9465648854961832
10789,0.6815637868264605,142,0.9225352112676056
10792,0.7239267845062048,134,0.9328358208955224
10793,1.7098477442647284,13,1.0
10794,0.36333102935640454,121,0.7107438016528925
10795,0.3259405646224158,119,0.7478991596638656
10796,0.06450873378070048,37,0.3783783783783784
10798,1.1112988668577886,157,0.9745222929936306
10799,0.5798652084462863,127,0.8740157480314961
10800,0.6226928999774969,141,0.900709219858156
10803,1.5609640884331064,12,1.0
10804,1.526383422481878,10,1.0
10805,0.8120873233651422,3,0.6666666666666666
10806,0.9363854569344393,120,0.975
10807,1.5264032084554497,10,1.0
10808,0.7343754400334102,137,0.9635036496350365
10810,0.8382292576468788,123,0.975609756097561
10811,0.8335698206803097,11,0.9090909090909091
10812,0.5433478223380811,130,0.8538461538461538
10813,0.3337294100075388,128,0.703125
10814,1.7713441061209403,112,1.0
10816,0.6557228005778327,127,0.9291338582677166
10817,1.7494180560893224,128,1.0
10818,0.9307794266816971,133,0.9849624060150376
10819,0.4409798721415496,130,0.8076923076923077
10820,0.948241835933657,133,0.9624060150375939
10821,1.5704933347919894,14,1.0
10822,0.9719100939764928,135,0.9851851851851852
10823,0.9501497372299036,16,0.875
10824,0.3395669484658589,130,0.7153846153846154
10825,0.23907874574919832,127,0.6692913385826772
10826,1.0397097288540955,143,0.9790209790209791
10827,0.9158719892480686,13,0.8461538461538461
10828,0.6232316206747617,121,0.9173553719008265
10830,0.7010926613654225,125,0.936
10831,1.3579953598776142,57,1.0
10832,1.5271886618726918,12,1.0
10833,0.9778741608430173,3,1.0
10834,0.24138749017403782,120,0.575
10835,1.565528297392241,15,1.0
10836,1.527169406068503,10,1.0
10837,0.8659758820493128,110,0.9545454545454546
10838,0.8703485770909637,132,0.9848484848484849
10839,0.961791418570288,57,0.9824561403508771
10840,0.6711035670057109,140,0.9142857142857143
10841,1.5266274147326955,13,1.0
10842,0.8168224412072315,120,0.9666666666666667
10843,0.8825613150588028,131,0.9541984732824428
10844,0.9623506643798304,136,0.9779411764705882
10845,1.1540718211325214,136,0.9926470588235294
10846,1.9786268181642843,112,1.0
10847,0.750599476514663,55,0.9636363636363636
10849,0.6523759482174292,113,0.911504424778761
10850,1.5263838258576499,10,1.0
10851,1.5601209628042032,15,0.9333333333333333
10852,1.527169456703446,12,1.0
10853,1.5430557330890737,10,1.0
10854,0.5888282288483314,13,0.7692307692307693
10855,1.7928630214336687,58,1.0
10856,1.3289836550053202,145,0.993103448275862
10857,0.868711059952595,130,0.9692307692307692
10858,0.8283907917055365,146,0.9657534246575342
10859,0.681967294579881,50,0.92
10860,1.527169406068503,10,1.0
10861,0.8776423832322919,129,0.9689922480620154
10862,1.323116091446042,5,1.0
10863,1.6199836645438903,14,1.0
10864,0.7856712681946594,134,0.9402985074626866
10865,0.7276695813545303,40,0.975
10866,1.6442913041706542,52,1.0
10867,0.8880526064535222,98,0.9693877551020408
10868,1.1395821536417812,135,0.9851851851851852
10869,1.5509381093342154,12,1.0
10870,1.7249189230914643,12,1.0
10871,1.5562321591317037,20,1.0
10872,0.7065239699756475,147,0.9455782312925171
10873,1.4051096080534338,122,0.9918032786885246
10874,1.6321867747324774,11,1.0
10875,0.9810346122737795,137,0.9781021897810219
10876,1.5296777268282362,14,1.0
10877,0.7630248412787759,16,0.875
10878,0.7104423129435986,42,0.9761904761904762
10879,1.5276045408733676,9,1.0
10881,1.5263931184928645,10,1.0
10882,0.8774726210597136,125,0.976
10883,1.87432150242923,10,1.0
10884,1.5628147494573192,9,1.0
10885,0.2420241323238154,119,0.6470588235294118
10886,0.7001647105167224,14,0.7857142857142857
10888,0.720545906290245,131,0.9618320610687023
10889,1.5304843768173433,9,1.0
10890,0.9487118956181984,122,0.9754098360655737
10891,0.6660632206715482,133,0.9323308270676691
10892,0.8473829196762106,124,0.9838709677419355
10893,0.7892692707309267,137,0.948905109489051
10894,0.8863580609616295,134,0.9701492537313433
10895,0.5966014616227193,129,0.8992248062015504
10896,0.9002793219881025,126,0.9761904761904762
10897,0.14123023008452132,132,0.45454545454545453
10898,1.7408179194945201,130,1.0
10899,0.7863651476646125,120,0.9416666666666667
10900,1.2312199721853008,133,0.9924812030075187
10901,0.9993878320557973,141,0.9787234042553191
10902,2.0092455751955796,133,1.0
10903,1.6351718121089365,14,1.0
10904,0.632377688637293,127,0.8976377952755905
10905,0.9771827370357724,127,0.9921259842519685
10906,0.678183673872448,13,0.7692307692307693
10907,1.6171936203554107,11,1.0
10908,0.8286091464150378,104,0.9711538461538461
10909,0.7351365103184838,13,0.7692307692307693
10910,1.5288325740973,10,1.0
10911,1.718519922651609,109,1.0
10912,0.2355007677162421,119,0.6134453781512605
10913,0.5184525141849332,130,0.8461538461538461
10914,0.320919691882562,130,0.6615384615384615
10915,0.7410314588894255,13,0.8461538461538461
10916,1.5263842333815163,10,1.0
10917,0.8322890361631591,128,0.96875
10919,0.7514380273704545,126,0.9365079365079365
10920,0.9603938730893086,132,0.9696969696969697
10921,1.5316871520137387,11,1.0
10922,1.528285547794069,10,1.0
10923,1.7602668714193497,121,1.0
10924,1.5550220873480964,12,1.0
10925,1.7553806385386512,127,1.0
10926,0.29324650311900147,121,0.6363636363636364
10927,0.4544698011182877,11,0.7272727272727273
10928,0.8228260510700085,137,0.9708029197080292
10929,1.560572913710349,12,1.0
10930,0.650395465876158,119,0.8991596638655462
10931,1.5263842333815163,10,1.0
10932,1.640793335659545,12,1.0
10933,0.12143944488225784,121,0.47107438016528924
10934,1.3234874403996755,134,0.9925373134328358
10935,1.5597682767730017,10,1.0
10936,1.5264032084554497,10,1.0
10937,0.7096471090032046,130,0.9538461538461539
10939,1.5274858186479643,14,1.0
10940,1.5855671673941585,15,1.0
10941,1.0247922755335117,145,0.9862068965517241
10942,0.09132920110455628,128,0.484375
10943,0.7791530676387842,142,0.971830985915493
10944,0.6765106505815224,124,0.9274193548387096
10945,0.4557840966773683,136,0.8455882352941176
10946,1.4653799674782413,143,0.993006993006993
10947,1.5505725655915725,12,1.0
10948,0.7985566321257855,128,0.953125
10949,1.5666572999451882,119,1.0
10950,0.7386730418967873,11,0.8181818181818182
10951,1.2417247186321494,131,0.9923664122137404
10952,0.25452028875810023,125,0.576
10953,1.8536603475876776,143,1.0
10954,1.6162064112068617,125,1.0
10955,0.7333834906127324,14,0.7142857142857143
10956,0.8684532957373553,113,0.9646017699115044
10957,1.583338868860658,12,1.0
10958,1.5266173882416656,9,1.0
10959,0.8688082914758989,140,0.9785714285714285
10960,1.674885785614239,15,1.0
10961,0.9022467079439015,121,0.9669421487603306
10962,1.045453922887995,36,1.0
10963,0.7603202950565602,124,0.9435483870967742
10964,1.5317172945066175,12,1.0
10965,0.9859513803446343,13,0.8461538461538461
10966,1.0409440214046028,3,1.0
10967,1.050577266616282,126,0.9841269841269841
10968,1.22454764663485,11,0.9090909090909091
10969,1.5597682767730017,10,1.0
10970,1.0240830982020501,16,0.875
10972,0.29330739918959003,111,0.6666666666666666
10973,1.5263835442829736,8,1.0
10974,0.5194762886173449,134,0.835820895522388
10975,1.526752182552374,13,1.0
10976,0.9070956081326619,127,0.9763779527559056
10977,1.3850131918805555,135,0.9851851851851852
10978,0.8204899513527302,115,0.9739130434782609
10979,1.8105130517046029,144,1.0
10980,1.4216353587721553,119,0.9915966386554622
10981,0.9831511467292245,18,0.9444444444444444
10982,0.7807389353570513,136,0.9558823529411765
10983,0.8417958903531814,116,0.9568965517241379
10984,0.7931157524790989,134,0.9626865671641791
10985,0.6253132643998376,13,0.8461538461538461
10986,0.9019438315504665,15,0.9333333333333333
10987,1.2180890212061852,118,0.9915254237288136
10988,0.38560634701511703,126,0.7698412698412699
10989,0.8509820985855758,13,0.8461538461538461
10990,1.0540305016417142,127,0.9763779527559056
10991,1.5737394415769808,63,1.0
10992,0.7458076227664979,20,0.9
10993,0.7923872179822934,139,0.935251798561151
10995,0.765069943064704,142,0.9436619718309859
10996,0.6062932893060115,144,0.9236111111111112
10997,0.6480298580499746,60,0.95
10998,0.8647658674161565,4,0.75
10999,0.8374431342591976,132,0.9621212121212122
11000,1.643622826642463,13,1.0
11001,0.4337532042983824,124,0.8467741935483871
11002,0.6436074700944805,128,0.90625
11003,1.788541292971968,128,1.0
11004,0.49531919058219703,133,0.8872180451127819
11005,0.8975856922182807,132,0.9696969696969697
11006,1.034822874674949,18,0.8888888888888888
11007,0.7826291379185673,13,0.8461538461538461
11008,0.47900693395252975,143,0.7972027972027972
11009,1.684429409844857,130,1.0
11010,1.581488726669446,59,1.0
11011,0.296038616565548,118,0.635593220338983
11012,0.8035598987499787,123,0.959349593495935
11013,1.2425454368812014,159,0.9937106918238994
11014,1.6171773884100984,10,1.0
11015,0.9179822517473569,141,0.9787234042553191
11017,1.1180140281179005,16,0.875
11018,0.6399427516463667,135,0.9333333333333333
11019,0.8076085757291932,119,0.957983193277311
11020,0.5764319752419086,140,0.8928571428571429
11021,0.6578429829134742,120,0.9416666666666667
11022,1.2857270821844962,135,0.9925925925925926
11023,1.4003478314166984,4,1.0
11024,1.250674156961196,11,0.9090909090909091
11025,1.0525687384763665,140,0.9928571428571429
11027,1.6682230612045434,14,1.0
11028,0.7233609090874288,131,0.9312977099236641
11029,0.6399901885755808,141,0.8865248226950354
11030,1.0738607190878608,149,0.9865771812080537
11031,0.6114171112371611,111,0.9099099099099099
11032,0.9270910062035561,112,0.9821428571428571
11033,1.5426690597942638,13,1.0
11034,0.6499962480928352,140,0.9142857142857143
11035,1.526383422481878,10,1.0
11036,0.7154589736566643,114,0.9473684210526315
11037,1.308415822789672,51,1.0
11038,0.4875235189479009,129,0.8372093023255814
11040,1.258732646512673,142,0.9929577464788732
11041,1.0589576037055217,132,0.9772727272727273
11042,1.7142801526845586,135,1.0
11043,0.4012296968628607,141,0.7446808510638298
11044,0.30950670481209536,136,0.6397058823529411
11045,0.8802148892945545,10,0.9
11046,1.5722825039729222,18,1.0
11047,1.5689444343774344,54,1.0
11048,0.7763398914688843,103,0.970873786407767
11049,0.9877145671130817,13,0.8461538461538461
11050,0.7632032613031308,122,0.9672131147540983
11051,1.1015396835057836,122,0.9918032786885246
11052,0.4382921257283199,144,0.7847222222222222
11053,1.541120594454236,12,1.0
11055,0.6362704927112428,115,0.9043478260869565
11056,0.9783436883536903,133,0.9849624060150376
11057,0.9119668609150263,140,0.9714285714285714
11058,1.3082366539384207,51,0.9803921568627451
11059,0.5897485641358793,122,0.9262295081967213
11061,0.8150508854526416,138,0.9565217391304348
11062,1.5321520231335248,17,1.0
11063,1.610101330746545,17,1.0
11064,1.60301570435187,54,1.0
11066,1.0846800936535224,132,0.9848484848484849
11067,1.0179684366222796,123,0.975609756097561
11068,1.5273996811538737,11,1.0
11069,0.7285618714170667,130,0.9461538461538461
11070,1.494430074725827,11,0.9090909090909091
11071,1.2847295411336999,11,0.9090909090909091
11072,1.5263835442829736,8,1.0
11073,1.117016305645033,127,0.9921259842519685
11074,1.5263842333815163,10,1.0
11075,1.2023560529909594,119,0.9915966386554622
11076,0.886841697995024,121,0.9752066115702479
11077,1.5295733407380976,13,1.0
11078,1.544974816278786,15,1.0
11079,1.5322964521932463,11,1.0
11080,0.9295353357425253,128,0.984375
11081,0.3882451595385911,131,0.7480916030534351
11082,1.5263842333815163,10,1.0
11083,0.8836193168804719,125,0.976
11084,1.6666220575562576,63,1.0
11085,0.37352796327763327,109,0.7431192660550459
11086,1.5276105984211579,11,1.0
11087,0.8020230140862231,148,0.972972972972973
11088,1.5987825593679348,49,1.0
11089,1.7651287534860647,114,1.0
11090,0.6184936868589328,52,0.9230769230769231
11091,0.6971431967600027,14,0.7857142857142857
11092,1.5577754060861109,11,1.0
11093,1.0308713626927886,125,0.984
11094,1.5482819521737328,12,1.0
11095,0.8539591163002973,16,0.875
11096,1.0296723939292398,133,0.9774436090225563
11097,1.053993146383765,123,0.975609756097561
11098,1.527588966254013,10,1.0
11099,0.8524065271812818,132,0.946969696969697
11100,1.6474273325138165,50,1.0
11101,0.9283196369397814,110,0.9545454545454546
11104,1.5315588861280416,11,1.0
11105,1.2143943879089973,129,0.9922480620155039
11106,0.7583510011076688,129,0.9534883720930233
11107,1.5263835971882078,10,1.0
11108,0.7250921642211318,129,0.937984496124031
11109,1.810646249667042,131,1.0
11110,0.6705282841013491,145,0.9517241379310345
11111,1.0070075354498482,145,0.9862068965517241
11112,0.6212228596787791,137,0.9124087591240876
11113,1.2125485796173712,119,0.9915966386554622
11114,1.5561365441203219,13,1.0
11115,1.5452706101305447,12,1.0
11116,0.8189864486034509,3,0.6666666666666666
11117,1.6321077416612482,11,1.0
11118,1.5310614783563394,11,1.0
11119,0.8670884181641648,140,0.9571428571428572
11120,1.2026288345172838,69,0.9855072463768116
11121,0.7841519525528858,122,0.9508196721311475
11122,1.5730786460025814,17,1.0
11123,0.9153899326315764,14,0.9285714285714286
11124,0.44223884315692663,46,0.8695652173913043
11125,0.7610518631946367,137,0.948905109489051
11126,0.5036779731568659,122,0.8442622950819673
11127,1.5263931184928645,10,1.0
11128,1.5336894762756474,16,1.0
11129,0.8845770072824999,111,0.972972972972973
11130,0.9580391021493552,130,0.9769230769230769
11131,0.6860509149820084,129,0.9302325581395349
11132,0.9524349985257341,112,0.9642857142857143
11133,0.9491970140199837,129,0.9767441860465116
11134,1.526383448815857,10,1.0
11135,1.7670820794318078,13,1.0
11136,1.6138312941462327,12,1.0
11137,0.8939631872815175,125,0.96
11138,1.0279404673214212,124,0.9838709677419355
11139,0.6504962663386508,124,0.9112903225806451
11140,1.342750452644182,135,0.9851851851851852
11141,0.42100882653062527,129,0.751937984496124
11142,0.6507012447193005,136,0.9044117647058824
11143,0.9241880382000673,129,0.9457364341085271
11144,0.9016759667910815,136,0.9705882352941176
11145,0.5142289605688039,110,0.8454545454545455
11146,1.384416909288796,142,0.9929577464788732
11147,1.5263835442829736,8,1.0
11148,1.1884358808947901,134,0.9925373134328358
11149,0.8287590616464693,12,0.9166666666666666
11150,1.6784418827481764,18,1.0
11151,0.051381016630768196,112,0.375
11152,1.5594388225508027,11,1.0
11153,1.214101731932133,113,0.9823008849557522
11154,2.0075922999333353,60,1.0
11155,1.2651052957589797,14,0.9285714285714286
11156,1.1597379839922701,141,0.9858156028368794
11157,0.9370549309060968,119,0.9747899159663865
11158,1.380049602722407,138,0.9927536231884058
11159,1.5270431056340172,10,1.0
11160,1.3015124272177097,59,0.9830508474576272
11161,0.8276498656228074,11,0.9090909090909091
11162,1.0168551914098287,128,0.96875
11163,1.5631222808692342,12,1.0
11164,1.595678167165123,12,1.0
11166,1.1423160270413009,48,0.9791666666666666
11167,0.8387479101525199,132,0.9545454545454546
11168,0.7962423071623738,133,0.9699248120300752
11169,0.45648842799422495,55,0.8545454545454545
11170,0.6371930720643123,137,0.9124087591240876
11171,1.3532081289042266,137,0.9927007299270073
11172,1.0590092466175807,9,0.8888888888888888
11173,1.687102662787156,130,1.0
11174,0.561626417072759,136,0.8676470588235294
11175,1.2107575399154271,139,0.9784172661870504
11176,1.7203130538103724,128,1.0
11177,1.703455249030459,131,1.0
11178,1.189503071743859,141,0.9929078014184397
11179,0.9517984247332107,20,0.95
11180,0.6302080076800008,13,0.7692307692307693
11181,1.0090856145793232,134,0.9776119402985075
11182,0.8350065457877788,11,0.9090909090909091
11184,1.6273856756573821,14,1.0
11185,0.8095397489598762,117,0.9658119658119658
11186,0.4233874399464971,52,0.8269230769230769
11187,0.9631233844099745,127,0.9763779527559056
11188,1.5304622896495352,13,1.0
11189,1.5288621458922849,11,1.0
11190,1.5656267770685843,11,1.0
11192,0.7633984512992351,123,0.943089430894309
11193,0.8171508918956446,128,0.96875
11194,1.5269566789483733,15,1.0
11195,1.7802315482034,123,1.0
11196,1.7023997179022494,12,1.0
11197,0.9151884100471437,125,0.968
11198,0.4895510776424042,124,0.8387096774193549
11199,1.5678925282328837,18,1.0
11200,0.7212447295999609,133,0.9473684210526315
11201,1.5303087135732083,11,1.0
11202,1.1679121838394364,134,0.9850746268656716
11203,1.5326683976556208,13,1.0
11204,1.0677918882367885,119,0.9831932773109243
11206,0.5872180553267404,14,0.7857142857142857
11207,1.52790733659644,11,1.0
11208,1.3136438650342526,57,1.0
11209,1.5264384099402428,12,1.0
11210,0.6637421976087876,130,0.9153846153846154
11211,1.1825904278246726,134,0.9850746268656716
11212,1.5266720355021421,12,1.0
11213,0.8780425612919253,129,0.9612403100775194
11214,1.6570421645141804,13,1.0
11215,0.69448045416952,12,0.8333333333333334
11216,0.987189684011701,119,0.9831932773109243
11217,0.8806660157550401,118,0.9576271186440678
11218,0.73558992867617,130,0.9384615384615385
11219,1.5580588387616177,11,1.0
11220,1.5281019876800228,12,1.0
11221,1.2366912414246374,138,0.9855072463768116
11222,1.5943548849656204,15,1.0
11223,1.7437302518631246,121,1.0
11224,1.165697047240786,133,0.9924812030075187
11225,1.5263835442829736,8,1.0
11226,1.654486222241408,12,1.0
11227,1.6471597168941146,15,1.0
11228,0.6733512183666186,131,0.9465648854961832
11230,0.6523468794479425,144,0.9444444444444444
11231,1.0307749848962007,143,0.993006993006993
11232,1.5945986887351,11,1.0
11233,0.5727162974785791,130,0.8846153846153846
11234,0.5556794102130665,122,0.8524590163934426
11235,0.925615752534694,129,0.9922480620155039
11236,1.5703828317882156,50,1.0
11237,1.526383422481878,10,1.0
11238,1.6577966953932353,56,1.0
11239,1.5344423214775065,11,1.0
11240,0.9860656809253328,120,0.9916666666666667
11241,0.6552980949629685,129,0.8992248062015504
11242,-0.040225434048576245,122,0.28688524590163933
11243,1.528102110142008,10,1.0
11244,0.892039496167235,135,0.9777777777777777
11245,0.6315780506434141,131,0.9007633587786259
11246,0.8362915122742055,129,0.9767441860465116
11248,0.7979991307284351,94,0.9574468085106383
11249,1.0186639673925917,132,0.9848484848484849
11251,1.543336747511277,17,1.0
11252,0.8356959749855568,133,0.9624060150375939
11253,0.5678797800404991,135,0.8740740740740741
11254,1.5809168209910645,9,1.0
11255,1.5561345821135404,10,1.0
11256,1.5264032084554497,10,1.0
11257,0.7305225685119144,144,0.9444444444444444
11258,0.7123909587705234,138,0.9492753623188406
11259,1.530924987861763,13,1.0
11260,1.0113450602214502,15,0.9333333333333333
11261,0.8150323571972472,116,0.9655172413793104
11262,0.3002466621103884,127,0.6535433070866141
11263,0.5442532296139222,122,0.860655737704918
11264,1.3125985250133703,129,0.9844961240310077
11265,0.9117255563399107,60,0.9666666666666667
11266,0.8448440137397235,131,0.9618320610687023
11267,0.8507440670566813,132,0.9696969696969697
11268,1.0244444504087742,110,0.9727272727272728
11269,0.38546717315299645,118,0.7627118644067796
11270,1.533596743841691,12,1.0
11271,0.9383684005197274,132,0.9848484848484849
11272,0.6329545597350225,11,0.9090909090909091
11273,1.1379347832437152,58,0.9827586206896551
11274,0.9613405159908325,127,0.9921259842519685
11275,0.5135171266482437,129,0.8294573643410853
11276,1.5277073972317696,9,1.0
11277,0.4219742846341086,117,0.8205128205128205
11279,0.8220796632024953,109,0.9724770642201835
11280,1.5333552882820989,12,1.0
11281,0.9484193365631344,136,0.9926470588235294
11282,0.8684740276631837,113,0.9823008849557522
11284,0.6741042773262543,128,0.953125
11285,1.5517553180753565,15,1.0
11286,0.9123022578875597,134,0.9701492537313433
11287,0.5361701460441071,54,0.8888888888888888
11288,0.7813736472531569,143,0.9440559440559441
11289,1.5428342674236406,14,1.0
11290,0.5844860021749438,63,0.8571428571428571
11291,1.5263835442829736,8,1.0
11292,0.4196213176462,135,0.7851851851851852
11293,0.821475604969169,122,0.9508196721311475
11297,0.5318680798590951,137,0.8467153284671532
11298,1.2580823923055995,13,0.9230769230769231
11299,1.8047973487471192,140,1.0
11300,1.7038788239556693,15,1.0
11301,1.2582142567466628,5,1.0
11303,0.9803708675471385,130,0.9846153846153847
11304,1.5392954726358508,10,1.0
11306,0.9534991572902239,134,0.9776119402985075
11307,1.5561792218647863,18,1.0
11308,1.0822469540513913,123,0.991869918699187
11309,1.5266674380691527,10,1.0
11310,0.8432739805296884,22,0.9090909090909091
11311,1.0551499263322301,130,0.9846153846153847
11312,1.5488811839717433,16,1.0
11313,0.7602481053831804,14,0.8571428571428571
11314,0.5887340781877429,128,0.890625
11315,0.9376573940168891,136,0.9779411764705882
11316,0.9773333982104626,136,0.9852941176470589
11317,0.951051112058957,11,0.8181818181818182
11318,1.6254677155293606,18,1.0
11319,0.9768654094196777,136,0.9779411764705882
11320,0.6074271377096407,110,0.9181818181818182
11321,0.8144064795462433,120,0.9666666666666667
11322,0.9740685066155127,131,0.9847328244274809
11323,1.0483180077857366,130,0.9846153846153847
11324,1.5861910048038559,11,1.0
11325,0.8350821527659291,146,0.958904109589041
11326,1.1087480943581498,135,0.9851851851851852
11327,1.567958560366487,13,1.0
11328,0.8523764112048867,130,0.9769230769230769
11329,0.8942123451037186,3,1.0
11330,0.3285472216936844,46,0.717391304347826
11331,0.6632454486134716,120,0.9583333333333334
11332,1.1394580812746433,142,0.9929577464788732
11333,0.4673256699436134,137,0.8029197080291971
11334,1.3137728699185411,134,0.9925373134328358
11335,1.527588966254013,10,1.0
11336,1.4360684984409575,4,1.0
11337,0.8805843104494151,153,0.9803921568627451
11339,0.7090636205942948,154,0.935064935064935
11340,0.8047859086682637,144,0.9583333333333334
11341,1.561024464623478,17,1.0
11342,0.5817400527843872,136,0.9117647058823529
11343,0.804650081832174,61,0.9508196721311475
11344,1.5263931184928645,10,1.0
11345,1.1949695022629256,148,0.9932432432432432
11346,1.5263947790592975,10,1.0
11347,1.5793220922168267,13,1.0
11348,0.7444883316083948,126,0.9523809523809523
11349,1.0110505233056333,138,0.9782608695652174
11350,0.37026894333539156,145,0.7793103448275862
11351,0.6814086466526483,144,0.9444444444444444
11352,0.5768076054010072,133,0.8947368421052632
11353,0.8710366166300707,118,0.9830508474576272
11354,0.5463162864329972,121,0.8760330578512396
11355,1.3970253362177225,15,0.9333333333333333
11356,0.8918147092708477,112,0.9732142857142857
11357,1.139290359848225,138,0.9927536231884058
11358,0.5090530462665673,17,0.7058823529411765
11360,0.911081886831391,129,0.9767441860465116
11361,0.7891410740721779,137,0.9635036496350365
11362,0.8136692982403997,121,0.9669421487603306
11363,0.87304001887153,106,0.9716981132075472
11364,0.9616920603724836,15,0.9333333333333333
11365,0.8012063412451623,140,0.9785714285714285
11366,0.9685408019763956,156,0.9743589743589743
11367,1.5299597253406063,14,1.0
11368,0.6781946304863563,135,0.9185185185185185
11369,0.91470042232676,134,0.9701492537313433
11370,0.6321428913456282,11,0.8181818181818182
11371,1.2253458028428472,12,0.9166666666666666
11372,0.922448645983834,12,0.9166666666666666
11373,1.560321689657806,54,1.0
11374,0.6302203635487281,139,0.920863309352518
11375,0.6954366096883295,15,0.8
11376,0.5024627677588945,142,0.8309859154929577
11377,0.6830307168789839,137,0.927007299270073
11378,1.4767815604458867,17,0.9411764705882353
11379,0.8415726039872171,130,0.9615384615384616
11380,1.5751899219539518,13,1.0
11381,0.8579846127391972,129,0.9767441860465116
11382,0.22904697521903158,117,0.6068376068376068
11383,0.4962288090879347,131,0.8702290076335878
11384,1.2594457959835845,12,0.9166666666666666
11385,0.7711552764746387,21,0.9047619047619048
11386,0.95121985779019,15,0.9333333333333333
11387,0.7055083102961701,146,0.9246575342465754
11388,1.7781382639265555,130,1.0
11389,0.48749031476088894,131,0.8625954198473282
11390,0.6271546097454903,46,0.9565217391304348
11391,0.9564866624081615,119,0.9747899159663865
11392,0.7820033289755164,148,0.9594594594594594
11393,0.4505850657655994,154,0.8051948051948052
11394,1.808123517140477,125,1.0
11395,1.527274644101523,14,1.0
11396,1.5270431056340172,10,1.0
11397,0.844836000495279,159,0.9622641509433962
11398,0.6195608222041549,138,0.9057971014492754
11399,1.3249264290701284,148,0.9932432432432432
11400,1.5383275378164756,12,1.0
11401,1.1233816010776974,116,0.9913793103448276
11402,1.3180293203745725,9,0.8888888888888888
11403,1.2331263983340912,133,0.9849624060150376
11404,1.5289336734552823,15,1.0
11405,0.9034282987898016,124,0.9758064516129032
11406,1.5267301122755124,12,1.0
11407,1.2073231364662227,123,0.991869918699187
11408,0.9449450599033343,121,0.9752066115702479
11409,0.4572087385990289,138,0.8333333333333334
11410,0.8972236447201023,143,0.972027972027972
11411,0.6272112753143495,16,0.8125
11412,0.888598781390113,129,0.9689922480620154
11413,1.5625029778148802,13,1.0
11414,1.5453666397667425,13,1.0
11415,0.9866247058159273,130,0.9769230769230769
11416,1.6367624307990458,49,1.0
11417,1.1042725817957884,127,0.9921259842519685
11418,0.8239325580533315,108,0.9351851851851852
11419,0.8886020693112192,133,0.9774436090225563
11420,0.7887001717038978,11,0.7272727272727273
11421,0.7348606982325689,8,0.875
11422,1.781073254363735,131,1.0
11423,1.0735716441871035,136,0.9852941176470589
11424,0.9339014788317799,130,0.9846153846153847
11425,0.829785299478702,120,0.9583333333333334
11426,1.2387288996864576,138,0.9855072463768116
11427,1.5269328850960164,10,1.0
11428,0.4315238149970997,128,0.8515625
11429,1.5277204263868962,14,1.0
11431,0.3825815332677055,138,0.7246376811594203
11432,1.1331574806874607,3,1.0
11433,0.30495468537672654,53,0.7358490566037735
11434,1.2655054621161141,11,0.9090909090909091
11435,1.6427972210905182,13,1.0
11436,0.5353245668591274,131,0.8778625954198473
11437,0.9449142054429073,121,0.9834710743801653
11438,0.6710997631802378,131,0.9389312977099237
11439,1.1082824612844997,43,1.0
11440,0.7516671503427623,14,0.8571428571428571
11441,0.7136874339474114,118,0.923728813559322
11442,1.6687093467817171,117,1.0
11444,0.5610933014625459,137,0.8832116788321168
11445,1.2482390605537468,129,0.9922480620155039
11446,1.5263842333815163,10,1.0
11447,1.5263835442829736,8,1.0
11448,1.528248451636745,13,1.0
11449,0.8024702521776615,133,0.9548872180451128
11450,0.132771005251063,122,0.5163934426229508
11451,1.5515821859422716,15,1.0
11452,1.6683135617074643,121,1.0
11453,1.527588966254013,10,1.0
11454,1.5934407069754855,12,1.0
11455,1.031379532470205,21,0.9523809523809523
11456,0.7319228148674346,125,0.952
11457,0.23209092827350425,53,0.6037735849056604
11458,1.666523336214892,12,1.0
11460,1.5289658576677754,11,1.0
11462,0.7931074573613476,123,0.959349593495935
11463,1.0179505208578559,125,0.984
11464,0.8146425432242552,122,0.9508196721311475
11465,0.7227312118036923,128,0.9609375
11466,1.389181222056967,133,0.9924812030075187
11467,0.6671651617606954,135,0.9185185185185185
11468,0.5438649561384579,113,0.8672566371681416
11469,1.383262525177704,129,0.9844961240310077
11470,0.5919831040643105,11,0.8181818181818182
11471,1.052379545192768,133,0.9774436090225563
11472,0.6715351982771267,135,0.9259259259259259
11473,0.8936714565730695,127,0.984251968503937
11474,0.6198033078279187,12,0.8333333333333334
11475,1.217191396663789,133,0.9924812030075187
11476,0.8647536310560433,106,0.9716981132075472
11477,0.7038143040838117,15,0.8666666666666667
11478,0.5524721179350655,127,0.8818897637795275
11479,0.4338853838865265,55,0.8181818181818182
11480,1.5413577573503638,12,1.0
11481,1.412791896813477,136,0.9926470588235294
11482,0.7719026947930014,145,0.9379310344827586
11484,0.723253468673283,125,0.952
11485,0.46266138706056814,44,0.9090909090909091
11486,1.0604698355195301,24,0.9583333333333334
11487,0.7973699938566222,149,0.9865771812080537
11488,1.5264101130835774,12,1.0
11489,1.5267942023370744,15,1.0
11490,1.5269330921956297,12,1.0
11491,0.47295652542763966,21,0.7142857142857143
11492,0.6345120920987892,63,0.9047619047619048
11494,1.0741048811582103,117,0.9829059829059829
11495,0.2877840283984922,117,0.6581196581196581
11496,1.5979451035479146,13,1.0
11497,0.8820386845840377,16,0.9375
11498,0.5876359512384968,124,0.9193548387096774
11499,1.5285369370010649,11,1.0
11500,-0.5666440103943872,3,0.0
11501,0.8910253358597399,130,0.9538461538461539
11502,1.762862019628359,133,1.0
11503,1.550744749477841,55,1.0
11504,0.9080490435318069,11,0.9090909090909091
11505,1.1410347392397702,52,0.9615384615384616
11506,0.289854175439239,120,0.6833333333333333
11507,0.09214229723493517,124,0.46774193548387094
11508,1.049236709392096,112,0.9910714285714286
11509,0.7262789786717616,131,0.9312977099236641
11510,0.8494806957016673,134,0.9626865671641791
11511,1.5269324138531128,12,1.0
11512,0.8243428144992352,131,0.9770992366412213
11514,1.0066682656773582,12,0.9166666666666666
11516,1.3459190324546284,13,0.9230769230769231
11517,1.154690877019934,135,0.9851851851851852
11518,1.5263835442829736,8,1.0
11519,0.5533701478498918,10,0.8
11520,0.6700811968916908,125,0.944
11521,0.8952599120462167,111,0.963963963963964
11522,0.9693734941761937,14,0.8571428571428571
11523,0.4631676668133577,135,0.8222222222222222
11524,0.6566468591340553,14,0.8571428571428571
11525,0.7237669434667556,128,0.9453125
11526,1.5270433116549378,12,1.0
11527,1.6435613690245254,10,1.0
11528,0.49696554126957126,114,0.8859649122807017
11529,1.239775212948406,11,0.9090909090909091
11530,0.8153757206913742,144,0.9583333333333334
11531,0.7816924507540025,130,0.9461538461538461
11532,1.13769797091489,146,0.9931506849315068
11533,1.2811970272252773,45,1.0
11534,0.4030815893405195,148,0.7702702702702703
11535,1.7997438665661198,15,1.0
11536,0.07240910628484394,130,0.38461538461538464
11537,1.5333466608516855,10,1.0
11538,0.864589025161279,135,0.9629629629629629
11539,0.37211429181009686,128,0.75
11540,1.6960991694370884,117,1.0
11542,0.8008970431123095,151,0.9602649006622517
11543,0.627909368354181,122,0.9344262295081968
11544,1.1427180253233347,112,0.9821428571428571
11545,1.5309558298332417,14,1.0
11547,0.5655328141669641,147,0.8843537414965986
11548,0.7770879529754238,140,0.9571428571428572
11549,0.7463709280103027,128,0.9609375
11550,1.5458272113685925,13,1.0
11551,1.1376375547905355,17,0.8823529411764706
11552,1.5264070123930926,11,1.0
11553,1.4038937494367862,63,0.9841269841269841
11555,1.0413966969047457,108,0.9814814814814815
11556,0.9147794757168987,131,0.9847328244274809
11557,1.078912486893532,119,0.9915966386554622
11558,0.7882065652842988,131,0.9541984732824428
11559,0.6711333156060568,134,0.9253731343283582
11560,0.9334115577840292,123,0.967479674796748
11561,0.6949998074668011,136,0.9338235294117647
11562,1.0607413557903347,124,0.9838709677419355
11563,1.5264480630714545,12,1.0
11564,1.5335708512984094,13,1.0
11565,0.9728238719518248,123,0.959349593495935
11566,0.8024617212185695,117,0.9572649572649573
11567,0.7567483692130844,141,0.9574468085106383
11568,0.9772608344179775,53,0.9811320754716981
11569,1.0633808361366948,135,0.9851851851851852
11570,0.7480251927954535,126,0.9365079365079365
11571,1.3288310890381667,142,0.9929577464788732
11572,1.5999596465501198,52,1.0
11573,1.5934378782734857,10,1.0
11574,0.3039247833810864,141,0.6595744680851063
11575,1.526393248463651,11,1.0
11576,0.5799836298504846,57,0.9298245614035088
11577,0.7775094044256763,130,0.9615384615384616
11578,1.0694088422547317,132,0.9848484848484849
11579,1.8911460261986093,131,1.0
11580,0.348626783142193,134,0.6716417910447762
11581,0.6348978453837549,134,0.9104477611940298
11582,1.8317006255839052,142,1.0
11583,1.6440771683125752,11,1.0
11584,0.8856247331046043,132,0.9621212121212122
11585,0.43396572375998954,125,0.784
11586,0.542472893977221,134,0.8731343283582089
11587,0.9299891825090965,131,0.9618320610687023
11588,1.2487176330412029,137,0.9854014598540146
11589,1.0925092305922848,136,0.9852941176470589
11590,1.4979935116552145,16,0.9375
11591,0.7402524207127948,42,0.9761904761904762
11592,0.9063635206917242,122,0.9754098360655737
11593,1.5645896249349438,66,1.0
11594,1.5263835442829736,8,1.0
11595,0.8062148149573265,133,0.9774436090225563
11596,1.5264387863306466,12,1.0
11597,1.290046266617379,117,0.9914529914529915
11598,0.9248604086133939,122,0.9672131147540983
11599,1.545253419149802,11,1.0
11600,1.5000242950693756,15,0.9333333333333333
11601,1.331180948051816,137,0.9927007299270073
11602,1.009168023241271,150,0.9866666666666667
11603,1.3720270074773777,137,0.9927007299270073
11604,0.7627473271106313,135,0.9555555555555556
11605,0.5333190983998455,122,0.8770491803278688
11606,0.9368008426408271,126,0.9761904761904762
11607,0.7026356666219354,134,0.9552238805970149
11608,0.6961352254091876,127,0.9212598425196851
11609,0.2197389375289006,58,0.6206896551724138
11610,1.2279593712625274,128,0.9921875
11611,0.9708693169768811,16,0.9375
11612,1.180673996357325,132,0.9848484848484849
11613,1.5290552021953612,13,1.0
11614,0.8823756325181291,42,0.9523809523809523
11615,1.1614674739639808,133,0.9774436090225563
11616,1.3042371848212928,4,1.0
11617,0.7314418139063195,119,0.9243697478991597
11618,1.0879229116074156,121,0.9834710743801653
11619,1.068916093923199,13,0.8461538461538461
11621,0.8833788040564703,19,0.9473684210526315
11622,0.26087996140668107,3,0.3333333333333333
11623,0.7636408226290212,116,0.9568965517241379
11624,1.1422727741252903,151,0.9867549668874173
11625,1.5474426384637099,13,1.0
11626,0.82721970668508,140,0.9571428571428572
11627,1.5908543891748883,11,1.0
11628,0.807402259254461,127,0.968503937007874
11629,1.7462853396304587,20,1.0
11630,1.527169456703446,12,1.0
11631,1.5510439198146735,13,1.0
11632,0.9180951779141959,141,0.9716312056737588
11633,0.610370271219831,11,0.8181818181818182
11634,1.7261281983698944,17,1.0
11635,0.2602761815842023,125,0.568
11636,0.723467465272805,122,0.9262295081967213
11637,0.48156375266227824,130,0.8384615384615385
11638,1.5263931184928645,10,1.0
11639,1.5274105727071698,11,1.0
11640,1.2246384652297817,144,0.9930555555555556
11641,1.5271876511500315,11,1.0
11642,1.241617457867358,51,0.9803921568627451
11643,0.8938122376546477,134,0.9850746268656716
11644,1.1348470333346368,123,0.991869918699187
11645,1.0052286714119547,150,0.98
11646,0.5393337960839875,142,0.8732394366197183
11647,0.8905971570801707,125,0.976
11648,1.567332522033833,50,1.0
11649,1.644058354280904,58,1.0
11650,0.6748307137010942,123,0.967479674796748
11651,1.083709626158002,135,0.9851851851851852
11652,1.6528258233084596,12,1.0
11653,0.4545196480691789,147,0.8163265306122449
11654,0.7561270796563464,153,0.954248366013072
11655,1.5498263945852049,15,1.0
11656,0.8555962732870739,125,0.968
11657,1.2883291984654563,108,0.9907407407407407
11658,1.128534948277702,119,0.9831932773109243
11659,0.09455197188580564,120,0.35
11660,1.5420922907025707,14,1.0
11661,0.7243326009183468,132,0.946969696969697
11662,1.145736438527095,124,0.9919354838709677
11663,0.4284526108818561,127,0.7716535433070866
11664,0.8807799544957565,141,0.950354609929078
11665,1.3140403832989835,4,1.0
11666,0.7354672774267627,60,0.95
11667,1.1124806349736454,118,0.9915254237288136
11668,1.0643333306980134,143,0.986013986013986
11669,1.687508603342188,16,1.0
11670,0.8497517912220811,136,0.9632352941176471
11671,0.7317619518479971,4,0.75
11672,1.5263842333815163,10,1.0
11673,1.527178783250754,12,1.0
11674,0.3508198158750715,127,0.7874015748031497
11675,1.4327606732377558,135,0.9925925925925926
11676,1.5981076705085795,15,1.0
11677,1.6061725589956986,16,1.0
11678,0.6442415851562701,126,0.9206349206349206
11679,1.5278654029322718,12,1.0
11680,0.7313340639534974,134,0.9477611940298507
11681,0.6498261584393805,13,0.8461538461538461
11682,0.7332837320505792,132,0.9696969696969697
11683,0.8709874438121186,127,0.968503937007874
11684,0.4605423095941061,3,0.6666666666666666
11685,1.1892482344880524,137,0.9927007299270073
11686,1.6263751254279377,16,1.0
11687,0.8796281717350929,125,0.976
11688,0.2758363312923435,132,0.6666666666666666
11689,0.6698723428341025,137,0.9416058394160584
11690,1.5315414982828248,9,1.0
11692,1.858321307507265,147,1.0
11693,1.6326042085187475,11,1.0
11694,1.6941151369939629,15,1.0
11695,1.0677220661018814,120,0.975
11696,0.8434131427816904,136,0.9705882352941176
11697,0.9502097812878464,119,0.9747899159663865
11698,0.6657029352154801,51,0.9411764705882353
11699,0.5464891799874892,125,0.88
11700,0.5075621837058346,151,0.847682119205298
11701,1.1164124717945942,140,0.9928571428571429
11702,1.0749190299414018,22,0.9090909090909091
11703,0.9086351912177499,117,0.9743589743589743
11704,0.7890111819524703,139,0.9424460431654677
11705,0.6585996840665165,138,0.9202898550724637
11706,0.29681275168761867,124,0.6612903225806451
11707,1.3664571968237411,131,0.9923664122137404
11709,1.1552848923107844,107,0.9719626168224299
11710,1.5303891312516897,14,1.0
11711,0.6180178753156721,129,0.9069767441860465
11712,1.5275846265702842,15,1.0
11713,0.4838949202488219,132,0.8257575757575758
11714,1.6171745682945196,11,1.0
11715,1.161307177382115,135,0.9925925925925926
11716,1.526443475522536,9,1.0
11717,1.0983572614381911,127,0.984251968503937
11718,0.7314285528597091,128,0.953125
11719,1.108332968130521,131,0.9847328244274809
11720,0.6992958808008096,117,0.9316239316239316
11721,1.0191950765025974,20,0.9
11722,0.714524608805,129,0.9457364341085271
11723,1.5530446558353006,10,1.0
11724,1.6435613690245254,10,1.0
11725,0.8821219794634233,141,0.9645390070921985
11726,0.6943827955614026,18,0.8888888888888888
11727,1.5413794224395556,12,1.0
11729,0.9362598697204969,137,0.9708029197080292
11730,1.5570659267682079,13,1.0
11731,0.9127649463713525,13,0.9230769230769231
11732,1.643554298309759,15,1.0
11733,0.37345611982838933,124,0.7419354838709677
11734,0.7731352751833152,66,0.9696969696969697
11735,2.003096351448544,14,1.0
11736,1.8603991098770691,131,1.0
11737,0.8181497890855066,16,0.875
11738,1.6435613690245254,10,1.0
11739,1.4673754497359195,16,0.9375
11741,1.0065552783949134,123,0.983739837398374
11742,2.0100792916909955,13,1.0
11743,0.7600579430659146,126,0.9365079365079365
11744,1.5264583524196051,14,1.0
11745,0.6449100621285443,144,0.9236111111111112
11746,1.5623577571228329,11,1.0
11747,0.9624769913175376,147,0.9659863945578231
11748,1.3048013973015413,144,0.9930555555555556
11749,1.0923615652122725,149,0.9865771812080537
11750,1.556135254301877,13,1.0
11751,0.7827784485398305,133,0.9473684210526315
11752,0.9198265263490731,131,0.9770992366412213
11753,1.6382487167985451,12,1.0
11754,2.17302053158849,17,1.0
11755,1.550017361529031,12,1.0
11756,0.8132505226108376,121,0.9669421487603306
11757,1.5275879202594007,10,1.0
11758,1.5272672154416358,12,1.0
11759,1.1645843799222182,127,0.984251968503937
11760,1.5264162984988683,11,1.0
11761,1.0941020731109428,4,0.75
11762,1.0471914354807461,16,0.875
11763,1.0441067254535656,123,0.983739837398374
11764,1.6609184616089336,63,1.0
11765,1.4413142690895486,127,0.9921259842519685
11766,0.8190490481190893,125,0.968
11767,0.9933473331720386,137,0.9708029197080292
11768,1.760968691139644,14,1.0
11769,0.7181261885195093,127,0.937007874015748
11770,0.6490598650619488,12,0.9166666666666666
11771,1.275098581077457,141,0.9929078014184397
11772,0.875184751288126,142,0.9577464788732394
11773,0.7692692868742208,123,0.9512195121951219
11774,0.8441989423741885,125,0.984
11775,0.9596989694685143,5,0.8
11776,0.9819291972199522,143,0.9790209790209791
11777,1.5263835442829736,8,1.0
11778,0.7665557786293673,129,0.9689922480620154
11779,1.240566540909044,135,0.9925925925925926
11780,0.43028118990841735,139,0.7985611510791367
11781,0.6904757368848122,112,0.9553571428571429
11782,0.6390799855426598,136,0.9117647058823529
11783,1.5461909962821936,12,1.0
11784,0.9495265752767925,131,0.9847328244274809
11785,0.3220928017653224,138,0.6811594202898551
11786,1.539774113807383,50,1.0
11787,0.9269803177583033,123,0.983739837398374
11788,0.8489392476991551,140,0.9642857142857143
11789,1.5829197190316473,14,1.0
11790,1.528740546374757,12,1.0
11792,1.4774146386370541,130,0.9923076923076923
11793,1.0071042988725387,118,0.9830508474576272
11795,1.5280755871597675,12,1.0
11796,1.2318655857471985,133,0.9924812030075187
11797,0.1941514033812454,41,0.5853658536585366
11798,0.5187994739648012,127,0.8740157480314961
11799,1.470988814370623,151,0.9933774834437086
11800,0.6657503297654196,137,0.9197080291970803
11801,1.5414602636400183,52,1.0
11802,1.2195554206702182,131,0.9923664122137404
11803,0.7133442865776958,141,0.9290780141843972
11804,1.3636920856396961,5,1.0
11805,0.6668149789502452,14,0.8571428571428571
11807,1.5934378967060612,12,1.0
11808,0.78131556271877,125,0.952
11809,1.1847829972570616,121,0.9917355371900827
11810,1.0281450863223323,10,0.8
11811,0.8547268984468539,116,0.9655172413793104
11812,0.9073683262323822,150,0.9666666666666667
11813,1.4292786332309975,133,0.9924812030075187
11814,0.9852303840103251,134,0.9850746268656716
11815,0.8612216007800386,116,0.9827586206896551
11816,0.9692368411128103,120,0.975
11817,0.6833280268186972,125,0.92
11818,0.6093956529960373,123,0.9105691056910569
11819,0.6849183277752742,135,0.9333333333333333
11820,0.6888189396377162,117,0.9487179487179487
11821,0.6473353545812378,149,0.912751677852349
11822,0.9521220654024205,19,0.7894736842105263
11823,1.5420429813157686,10,1.0
11824,0.9816245652955936,3,1.0
11825,1.1089030568742526,128,0.9765625
11826,0.2824909862824868,139,0.6187050359712231
11827,1.2785644144993515,48,1.0
11828,0.7748992314423954,121,0.9504132231404959
11830,1.5263833799206248,14,1.0
11831,1.794098714336375,118,1.0
11832,0.9378420064642696,114,0.9736842105263158
11833,0.8062126834795815,118,0.9576271186440678
11834,0.4753471170985912,33,0.8787878787878788
11835,1.519905133347411,126,0.9920634920634921
11836,1.727090948438183,17,1.0
11837,1.1464660177113093,127,0.9921259842519685
11838,1.528233044990227,14,1.0
11839,1.1218043014217867,139,0.9856115107913669
11840,0.9235366754342209,128,0.984375
11841,0.8692250407520401,135,0.9629629629629629
11842,1.152915766818597,125,0.992
11843,1.093456629350527,3,1.0
11844,0.8479685193973348,122,0.9590163934426229
11845,1.6702300223989779,14,1.0
11846,1.5561345821135404,10,1.0
11847,1.548908105993548,14,1.0
11848,1.526438505401884,10,1.0
11849,0.9060918301879157,137,0.9781021897810219
11850,1.5712228815500207,17,1.0
11851,0.3055105215247353,60,0.6666666666666666
11852,0.7364275151633015,132,0.9696969696969697
11853,1.5978311617199157,14,1.0
11854,1.1171096557314397,48,1.0
11855,0.8663136490709591,140,0.9428571428571428
11856,1.5278912601987422,12,1.0
11857,0.7270012886637294,124,0.9435483870967742
11858,1.6500980101506846,61,1.0
11859,0.9477113202445421,126,0.9682539682539683
11860,1.6775777438823567,67,1.0
11861,1.3107528138536944,142,0.9929577464788732
11863,0.2810840462914722,99,0.6868686868686869
11864,1.780627557202178,131,1.0
11865,1.5264039513697427,13,1.0
11866,0.8739648815710601,117,0.9743589743589743
11867,1.0932738154853232,132,0.9924242424242424
11868,0.7960500032337916,114,0.9736842105263158
11869,1.635387856220719,18,1.0
11870,1.6707847995336613,126,1.0
11871,1.5571979028943101,13,1.0
11872,0.9358145089563055,125,0.984
11873,1.3200181990141162,11,0.9090909090909091
11874,1.5263836743062915,9,1.0
11875,0.26115331873153697,4,0.25
11876,1.3977200636473046,48,1.0
11877,1.5356092912841994,3,1.0
11878,0.6794456393513898,142,0.9225352112676056
11879,0.6774111774198437,123,0.9349593495934959
11880,1.5449960757296595,11,1.0
11881,0.9290791305838185,99,0.98989898989899
11882,0.4503336557824903,121,0.8016528925619835
11883,0.49300820307585913,133,0.849624060150376
11884,1.528075709738137,10,1.0
11885,1.7599880418564997,14,1.0
11886,1.5263835442829736,8,1.0
11887,0.9159851422015588,15,0.8666666666666667
11888,1.6643746808688253,15,1.0
11889,1.5304608558707693,13,1.0
11890,0.8507212795093791,129,0.9689922480620154
11891,0.8872792425959919,129,0.9534883720930233
11892,0.7291784115730993,126,0.9285714285714286
11893,0.535693116328058,121,0.8429752066115702
11894,1.3245661831855244,46,1.0
11895,0.6085267622307979,131,0.8931297709923665
11896,1.3784307467214632,140,0.9857142857142858
11897,1.7637962843596011,124,1.0
11898,0.8368587275123867,143,0.958041958041958
11899,0.9885111991280193,143,0.9790209790209791
11900,0.7323659824542577,137,0.9781021897810219
11902,1.137541534379551,137,0.9927007299270073
11903,0.40214044294657075,3,0.6666666666666666
11904,0.791148507076588,135,0.9555555555555556
11906,0.3392398779830083,127,0.7322834645669292
11907,0.9775804314692944,137,0.9854014598540146
11908,0.6304348029857173,139,0.920863309352518
11909,0.9281613422256949,109,0.9724770642201835
11910,0.8542876173312924,117,0.9829059829059829
11911,0.8351192718955913,16,0.875
11912,0.591436166580038,132,0.8863636363636364
11913,0.8019860033497301,120,0.9666666666666667
11914,0.39657835690168763,118,0.7457627118644068
11915,0.9178703107341436,132,0.9696969696969697
11916,0.3536263418668855,150,0.68
11917,0.23238704444640587,124,0.5483870967741935
11918,1.526383422481878,10,1.0
11920,0.6903778643156351,133,0.9097744360902256
11921,0.6794300230105461,125,0.928
11922,1.5898927273139933,46,1.0
11923,0.71135244760449,119,0.9411764705882353
11924,1.8247017996245118,146,1.0
11925,1.5319425045638049,13,1.0
11926,1.5348806531304853,12,1.0
11927,1.5780594075690648,14,1.0
11928,0.6847191171821878,139,0.9280575539568345
11929,0.7684948501306794,11,0.9090909090909091
11930,1.166370742228862,140,0.9857142857142858
11931,1.302265107195147,4,1.0
11932,1.1052258150791872,12,0.8333333333333334
11933,0.9493137488680156,137,0.9708029197080292
11934,0.9111458506988158,9,0.8888888888888888
11935,1.0751363372353115,149,0.9731543624161074
11936,0.7722139647348605,137,0.9635036496350365
11937,1.7274649737414718,130,1.0
11938,0.798768092122919,115,0.9826086956521739
11940,1.1739337911762004,140,0.9928571428571429
11941,0.9583082153777395,132,0.9772727272727273
11942,0.795769630344103,131,0.9694656488549618
11943,0.8966397782760426,138,0.9637681159420289
11944,0.5472407285402922,128,0.8828125
11945,0.893498218519964,127,0.984251968503937
11946,0.4474494465637724,113,0.8672566371681416
11947,0.8400345121835924,125,0.976
11948,0.9114702675380989,19,0.8947368421052632
11949,0.5056975273516104,3,0.3333333333333333
11950,0.8978875260875854,119,0.9747899159663865
11951,1.16148165797353,5,1.0
11952,0.7450948868116098,128,0.9453125
11953,1.606641230367414,12,1.0
11954,0.14161778058438224,49,0.4489795918367347
11955,1.526463177296914,16,1.0
11956,0.41780139900810226,106,0.8301886792452831
11957,1.7631420053333293,105,1.0
11958,0.6221583611584561,13,0.8461538461538461
11959,1.593440725403518,14,1.0
11960,1.2074058059810024,54,0.9814814814814815
11962,1.8677898071802956,131,1.0
11963,0.8547151964089835,122,0.9672131147540983
11964,1.8247456987272355,147,1.0
11965,1.0707738746073499,3,1.0
11966,0.6594922225895697,136,0.9485294117647058
11967,0.9300840392371647,139,0.9712230215827338
11968,0.5508358631153413,120,0.8833333333333333
11969,0.9837152449983998,132,0.9772727272727273
11970,0.6759836083535353,10,0.8
11971,1.5222386720917374,133,0.9924812030075187
11972,0.9625347291000138,120,0.975
11973,0.745330299765391,132,0.9393939393939394
11974,1.5263835442829736,8,1.0
11975,0.9099510407024345,53,0.9622641509433962
11976,1.1222442247046445,124,0.9838709677419355
11977,0.7616930666682501,118,0.9491525423728814
11978,1.16726466967126,124,0.9838709677419355
11979,1.8479306394962294,136,1.0
11980,0.7063133758735503,53,0.9622641509433962
11981,0.7392696691394475,134,0.9402985074626866
11982,1.5576060637755507,13,1.0
11983,0.8895236297351207,122,0.9672131147540983
11984,0.8985848423327254,12,0.9166666666666666
11985,1.0895702737561,133,0.9924812030075187
11986,0.8338913710349911,120,0.9833333333333333
11987,0.7099288509425027,124,0.9274193548387096
11988,1.5507148126450063,149,0.9932885906040269
11989,0.6142648808790223,129,0.875968992248062
11990,1.0320385535227752,141,0.9858156028368794
11992,1.0635439996021079,124,0.9919354838709677
11993,0.5802063728477321,12,0.8333333333333334
11995,1.1383079228949349,11,0.9090909090909091
11996,0.49583266451796,135,0.837037037037037
11997,0.7211025991716553,130,0.9538461538461539
11999,1.6127798615450692,21,1.0
12000,0.6631392422234217,145,0.9448275862068966
12001,0.9301487329024368,115,0.9826086956521739
12002,1.1236502224981693,47,0.9574468085106383
12003,1.5411136282645468,12,1.0
12004,0.9014344667130857,134,0.9776119402985075
12005,1.203015795785571,122,0.9918032786885246
12006,0.614256840554411,128,0.9140625
12007,0.8398404434848852,114,0.9736842105263158
12008,1.7897528502407702,11,1.0
12009,0.9415122338059405,139,0.9784172661870504
12011,1.2238026020212458,128,0.9921875
12012,0.6229257515397951,54,0.9259259259259259
12013,1.5561345821135404,10,1.0
12014,1.2379559474782764,138,0.9927536231884058
12015,1.146041670477681,154,0.9935064935064936
12016,1.1908883672687536,145,0.993103448275862
12017,0.3793841845752176,133,0.7744360902255639
12018,1.5362232004113592,16,1.0
12019,1.0726696342548796,130,0.9923076923076923
12020,0.5504463004130677,118,0.8898305084745762
12023,1.6197543591500068,14,1.0
12024,1.078892327749603,135,0.9851851851851852
12025,0.5376142769201795,123,0.8536585365853658
12026,0.9160756879334404,125,0.968
12027,0.8904044344853079,125,0.976
12028,0.25346861796932985,113,0.6371681415929203
12029,0.5681372542827735,17,0.7058823529411765
12030,0.640586785264959,140,0.9142857142857143
12031,1.8770425612119026,55,1.0
12032,0.826984029103364,146,0.9794520547945206
12033,1.5556655407241258,9,1.0
12034,1.538579041951768,15,1.0
12035,0.624814523679292,121,0.9173553719008265
12036,1.815325010907505,125,1.0
12038,0.7287631773999721,127,0.952755905511811
12039,0.9139940690388653,117,0.9829059829059829
12040,0.7630159699775424,133,0.9548872180451128
12041,0.7440039206728442,145,0.9448275862068966
12042,1.5283187055202347,11,1.0
12044,0.7305392780899107,56,0.9464285714285714
12045,0.6643132163696472,123,0.9186991869918699
12046,0.7021347684725651,17,0.8235294117647058
12047,1.7004785827414715,119,1.0
12048,1.5597817142185233,11,1.0
12049,0.9699045428533265,140,0.9857142857142858
12050,1.0133533496040723,99,0.9696969696969697
12051,0.7427490822008105,121,0.9421487603305785
12052,1.2167327755592534,11,0.9090909090909091
12053,1.6439737206857805,13,1.0
12054,1.206682480881774,13,0.9230769230769231
12055,0.20293916770311118,122,0.5081967213114754
12056,1.5614617150938646,12,1.0
12057,0.6715374593936673,117,0.9401709401709402
12058,1.5287043867760932,11,1.0
12059,1.0583857365205407,115,0.9826086956521739
12060,0.5891900244733701,139,0.9064748201438849
12062,1.6787306319149955,14,1.0
12063,0.9138337334701786,133,0.9774436090225563
12064,0.5521922640212709,14,0.7142857142857143
12065,1.2935438994311863,10,0.9
12066,1.5570417870391944,60,1.0
12067,1.3735336940428031,4,1.0
12068,1.0585765354582954,122,0.9918032786885246
12069,0.7349923946380584,136,0.9558823529411765
12070,0.9226980745013452,121,0.9669421487603306
12071,0.8254691178138815,124,0.9516129032258065
12072,0.8628692477016773,131,0.9694656488549618
12073,0.4203503332566884,121,0.768595041322314
12074,1.0429427134067502,114,0.9912280701754386
12075,1.1366470077403235,141,0.9787234042553191
12076,0.8978821025887557,142,0.9647887323943662
12077,1.528094541650065,13,1.0
12078,0.8783600721043772,112,0.9642857142857143
12079,1.530241308670699,11,1.0
12080,0.7843672224449677,130,0.9615384615384616
12081,0.9778515352313435,135,0.9925925925925926
12084,0.5684898770020016,123,0.8780487804878049
12085,1.526393329281761,12,1.0
12086,1.082090910942835,122,0.9836065573770492
12087,1.0217365828832836,54,0.9814814814814815
12088,1.5527275967930347,53,1.0
12089,0.9275825671782191,138,0.9782608695652174
12090,1.1807891457897044,15,0.8666666666666667
12091,0.8139219012965496,129,0.9612403100775194
12093,0.6471116572259933,69,0.9130434782608695
12094,1.5508773820394457,12,1.0
12095,1.069062993671638,125,0.984
12096,0.8884638868126624,129,0.9767441860465116
12097,1.5274749297470895,12,1.0
12099,0.8129538836024193,127,0.9606299212598425
12100,0.5933190647168859,12,0.8333333333333334
12101,0.7134165682511329,136,0.9411764705882353
12102,1.0847480184587135,122,0.9836065573770492
12103,1.6098139377619913,57,1.0
12104,1.076000423711249,3,1.0
12105,0.7352387995360452,112,0.9464285714285714
12106,1.0151285078003174,139,0.9712230215827338
12107,1.843396562927894,121,1.0
12108,0.8654600523491085,16,0.875
12109,1.643622841772107,12,1.0
12110,0.8899940527656093,126,0.9761904761904762
12111,1.1250400657640693,137,0.9854014598540146
12112,0.5268527154447868,127,0.8818897637795275
12113,1.5333466608516855,10,1.0
12114,1.1301905108081802,120,0.9916666666666667
12115,1.8771279233783293,59,1.0
12117,0.5953733848069457,132,0.9015151515151515
12118,1.5338398421477701,10,1.0
12120,1.5269328850960164,10,1.0
12121,1.0567269765681404,128,0.9765625
12122,0.5178348160257573,130,0.8615384615384616
12124,0.8714066248466369,125,0.96
12125,1.5662300840058818,16,1.0
12126,1.5263835442829736,8,1.0
12127,1.3235686839304615,122,0.9918032786885246
12128,0.29203014002189537,116,0.6724137931034483
12129,1.3852816236939522,120,0.9916666666666667
12130,1.1393908672009094,110,0.990909090909091
12131,0.82196660793343,134,0.9626865671641791
12132,0.7237481309892649,133,0.9398496240601504
12133,1.1734615500189232,123,0.991869918699187
12134,0.7040227771597656,102,0.9705882352941176
12135,1.0133369664860052,14,0.8571428571428571
12136,0.8124726376172344,22,0.9090909090909091
12137,1.7907284601676698,13,1.0
12138,1.5348373101396415,15,1.0
12139,0.6249752224855244,4,0.75
12140,0.7106107160077426,49,0.9795918367346939
12141,0.7335397365654296,125,0.936
12142,1.310454523865066,17,0.8823529411764706
12143,0.4720645442211331,69,0.8840579710144928
12144,1.6303201683156907,15,0.9333333333333333
12145,1.0167030467480027,122,0.9836065573770492
12146,1.1866548018818905,125,0.992
12147,0.7019482401906453,122,0.9426229508196722
12148,1.283745346485911,140,0.9928571428571429
12149,0.6501072043875482,129,0.9069767441860465
12150,1.1437621829004394,48,1.0
12151,1.6435711321498216,14,1.0
12152,1.2556543886800855,129,0.9844961240310077
12153,1.0192648363812131,144,0.9861111111111112
12154,1.0726902142558927,135,0.9777777777777777
12155,0.9332247725545153,128,0.96875
12156,0.778294348334409,51,0.9803921568627451
12157,0.8700207441671727,56,0.9821428571428571
12158,1.5263931184928645,10,1.0
12159,0.6650323164246545,141,0.9078014184397163
12160,1.7994269951101505,131,1.0
12161,0.8786796664057211,131,0.9694656488549618
12162,0.9122691576085217,116,0.9913793103448276
12163,0.8411873972805513,144,0.9722222222222222
12165,1.5318021366049155,11,1.0
12166,0.7655631309118845,143,0.9440559440559441
12167,0.5970566509209457,127,0.905511811023622
12168,0.5545821652479567,133,0.8796992481203008
12169,1.1475513681527156,134,0.9776119402985075
12170,0.7276872107137883,121,0.9338842975206612
12171,1.1512632397086981,140,0.9857142857142858
12172,0.6605115508085336,140,0.9285714285714286
12174,1.5298222454253902,10,1.0
12175,1.569913130636169,14,1.0
12176,0.6152514959235945,140,0.9285714285714286
12177,1.6524164243566342,14,1.0
12178,0.7291517388367148,140,0.9428571428571428
12179,0.9572153066997655,11,0.8181818181818182
12181,0.2573599923462258,128,0.609375
12182,1.5410969563822958,14,0.9285714285714286
12183,0.9035939440678769,136,0.9632352941176471
12186,1.3970038359295445,16,0.9375
12187,0.6198365242894807,13,0.8461538461538461
12188,0.9809411544493266,117,0.9914529914529915
12189,0.9590671318201344,123,0.975609756097561
12190,1.098278547267918,124,0.9919354838709677
12191,0.8538332083621775,17,0.8823529411764706
12192,1.766262644398793,121,1.0
12193,0.7174858289224383,139,0.9280575539568345
12194,0.8443628796548821,129,0.9767441860465116
12195,0.8589639468349058,133,0.9624060150375939
12196,0.9968848584284803,129,0.9689922480620154
12197,0.16801141796304966,138,0.5072463768115942
12198,0.6360112990255874,131,0.9083969465648855
12199,1.2340878523930858,105,0.9904761904761905
12200,0.8592690546309653,151,0.9668874172185431
12201,0.592160946813195,110,0.9
12202,2.0163996215017255,14,1.0
12203,0.6646607108699492,41,0.9512195121951219
12204,1.611498456493856,56,1.0
12205,0.8537459147688679,128,0.9609375
12206,0.7841786543527017,121,0.9586776859504132
12207,1.272633565307691,15,0.9333333333333333
12208,0.9065951182620999,140,0.9714285714285714
12209,0.3851102382587664,135,0.7555555555555555
12210,0.639660355406585,123,0.9024390243902439
12211,0.41889502815855306,118,0.7542372881355932
12212,1.3205999629442098,15,0.9333333333333333
12213,0.9169626352448379,14,0.7857142857142857
12215,0.8766571629878839,62,0.9838709677419355
12216,0.2564197349232631,4,0.25
12217,1.6177771071232758,67,1.0
12218,0.7843762811724091,141,0.950354609929078
12219,1.17125418143193,42,0.9761904761904762
12220,1.5559432588131141,12,1.0
12221,0.6331404090443284,137,0.8978102189781022
12222,0.8304818037760082,136,0.9485294117647058
12223,0.6420859650081611,111,0.9099099099099099
12224,0.28876466521996286,148,0.6216216216216216
12225,1.2349737859421712,127,0.984251968503937
12226,1.7245386054502103,133,1.0
12227,1.5628435443421271,13,1.0
12228,1.0842746255723945,56,0.9821428571428571
12229,1.0139398268226472,124,0.9758064516129032
12230,1.5454624920200741,20,1.0
12231,1.1356157359924728,128,0.9921875
12232,1.1002268525275058,108,0.9814814814814815
12233,1.740264297077988,139,1.0
12234,1.246572576787964,146,0.9931506849315068
12235,0.685819752879638,136,0.9411764705882353
12236,1.5783309464239592,13,1.0
12237,1.5263835971882078,10,1.0
12238,1.548716089746664,142,0.9929577464788732
12239,0.8265952708838272,136,0.9632352941176471
12240,1.2807594332235137,142,0.9929577464788732
12241,0.960536718076391,139,0.9712230215827338
12242,1.3108220530338939,3,1.0
12243,1.187383447825061,132,0.9924242424242424
12245,0.7717820973022838,13,0.7692307692307693
12246,1.0819563445654818,137,0.9854014598540146
12247,0.9890481156561581,4,1.0
12248,1.7189934413049206,124,1.0
12249,0.8375242827717495,134,0.9626865671641791
12250,1.9906603606058828,136,1.0
12251,1.7554261097663661,12,1.0
12252,0.4418733023466447,124,0.7903225806451613
12253,0.7077927975949108,11,0.8181818181818182
12254,1.0099168009476296,11,0.9090909090909091
12255,0.5769997993980218,124,0.8870967741935484
12256,1.5450436875049856,13,1.0
12257,0.7181745613464329,139,0.9496402877697842
12258,1.8743243920955448,11,1.0
12260,0.7422597383452691,130,0.9461538461538461
12261,1.8528208347697703,128,1.0
12262,0.27088855671595286,133,0.6090225563909775
12263,0.6839804988147002,117,0.9230769230769231
12264,1.6702403458806399,14,1.0
12265,1.168467127750029,149,0.9932885906040269
12266,0.9968124012656816,3,1.0
12267,1.527588966254013,10,1.0
12268,1.5903523226079543,12,1.0
12269,1.0152647368943053,10,0.9
12270,1.533596743841691,12,1.0
12271,0.8981793274604523,12,0.8333333333333334
12272,0.5074123973859221,140,0.85
12273,0.6406568676193184,127,0.9212598425196851
12274,0.31436863555051425,115,0.6347826086956522
12275,0.9093057160633581,116,0.9741379310344828
12276,0.5029801139735507,131,0.816793893129771
12277,0.8160322159697613,115,0.9478260869565217
12278,0.8626742544641376,120,0.975
12279,1.253656755259424,14,0.9285714285714286
12280,1.5397461051909331,10,1.0
12281,1.171630130847671,121,0.9917355371900827
12282,1.151490663801895,116,0.9913793103448276
12283,0.9571451506739932,56,0.9821428571428571
12284,0.8818686535902692,116,0.9741379310344828
12285,0.9534804899345068,12,0.9166666666666666
12286,0.3743125525580048,119,0.7647058823529411
12287,0.903410021012097,137,0.9781021897810219
12288,1.0624863580093795,52,0.9807692307692307
12289,1.1029510485150869,124,0.9758064516129032
12290,1.5653178793213864,13,1.0
12291,1.5281022901292003,12,1.0
12292,1.5288511133950424,12,1.0
12293,1.7637659695629337,128,1.0
12294,1.5311146495888217,13,1.0
12295,1.526848608597706,12,1.0
12296,1.0883735436939332,105,0.9904761904761905
12297,0.7151721814407161,138,0.9420289855072463
12298,0.8954119698227856,149,0.9664429530201343
12299,1.8806023094925102,14,1.0
12300,1.4927502806806299,124,0.9919354838709677
12301,0.7336502499919605,134,0.9477611940298507
12302,0.42092351456749444,132,0.8181818181818182
12303,1.1215613607682184,136,0.9852941176470589
12304,0.8605881888803039,134,0.9626865671641791
12305,1.3277361028212016,133,0.9924812030075187
12306,1.5774420110869534,21,1.0
12307,1.0613909505223609,124,0.9919354838709677
12308,0.6006278537955593,57,0.9122807017543859
12309,0.9371917892377963,143,0.972027972027972
12310,1.5266088374426983,13,1.0
12312,0.8014927434969432,130,0.9384615384615385
12315,0.6376927852384667,44,0.9772727272727273
12316,0.9435143269846397,15,0.9333333333333333
12317,0.9852381109175136,121,0.9917355371900827
12318,0.9611122143498436,131,0.9847328244274809
12319,0.9579837688075864,12,0.9166666666666666
12320,0.8648289391470051,143,0.9790209790209791
12321,1.5265415897422425,13,1.0
12322,1.1158270465250548,126,0.9841269841269841
12323,0.6840747024512399,46,0.9782608695652174
12324,0.8052125329112648,141,0.9716312056737588
12325,1.531541660341522,11,1.0
12326,1.5655980640305405,14,1.0
12327,0.667220578290676,122,0.9180327868852459
12328,1.6790835850232917,17,1.0
12329,0.8061844243216989,120,0.9666666666666667
12330,1.526383448815857,10,1.0
12331,0.8627845533976679,133,0.9624060150375939
12332,1.6012937935800744,15,1.0
12333,1.5336993033501949,13,1.0
12334,0.8160188930457827,132,0.9696969696969697
12335,0.8466583675436129,138,0.9565217391304348
12336,1.7421507890851482,122,1.0
12337,0.7764316270716841,137,0.9416058394160584
12338,1.127250158603989,126,0.9761904761904762
12339,1.137269422912044,133,0.9849624060150376
12340,0.8396189008329964,11,0.9090909090909091
12341,1.3049353740603389,15,0.9333333333333333
12342,1.020294132110948,129,0.9844961240310077
12343,0.7621561882603414,128,0.9453125
12344,0.8153627195285665,14,0.9285714285714286
12345,1.8081589785330883,15,1.0
12346,0.697861503211921,125,0.936
12347,1.0688732480540577,146,0.9794520547945206
12348,0.6017700801961035,55,0.9272727272727272
12349,0.9195651180875607,134,0.9701492537313433
12350,0.35143798016030064,128,0.7578125
12351,1.3554945790564792,16,0.875
12352,0.9416102014091299,98,0.9795918367346939
12353,1.5264537150447743,11,1.0
12354,0.34244263000973557,142,0.704225352112676
12355,1.3199895417950398,117,0.9914529914529915
12357,0.835780579127526,129,0.9689922480620154
12358,0.7963431253265654,122,0.9426229508196722
12359,0.8382495069536112,125,0.976
12360,1.7103301594962248,14,1.0
12361,1.5263872153584348,11,1.0
12362,0.749047785954669,130,0.9538461538461539
12363,0.8162840114998046,21,0.9047619047619048
12364,1.4144136632903892,131,0.9923664122137404
12365,1.2131996094112574,129,0.9922480620155039
12366,1.7026101953791426,13,1.0
12367,1.1743716606673562,143,0.9790209790209791
12368,0.46664121159199623,127,0.7952755905511811
12369,1.2441781351799008,138,0.9855072463768116
12370,1.0964849875258982,141,0.9858156028368794
12371,1.0102222156546006,112,0.9910714285714286
12372,0.9792078729631157,133,0.9774436090225563
12373,1.5754450579649526,11,1.0
12375,0.9529631760080499,12,0.9166666666666666
12376,0.8063922662612416,123,0.967479674796748
12377,1.0534255187764878,128,0.984375
12378,0.7805998561286406,152,0.9671052631578947
12379,0.620091231177653,124,0.9435483870967742
12380,0.6061617542414726,131,0.9007633587786259
12381,1.2778989717096618,59,0.9830508474576272
12382,0.999702822164085,63,0.9523809523809523
12383,1.0058831653865399,12,0.8333333333333334
12384,0.5371651601420556,16,0.75
12385,0.7534892735099149,137,0.948905109489051
12386,0.4427338788582166,147,0.7687074829931972
12387,0.47356475001676585,134,0.8208955223880597
12388,0.7904733913190164,3,0.6666666666666666
12389,1.5263830722612948,10,1.0
12390,0.8263181613838834,134,0.9626865671641791
12393,1.562755370094399,15,1.0
12394,1.5266674380691527,10,1.0
12395,0.7554814984314319,3,0.6666666666666666
12396,1.5656575013336527,11,1.0
12397,0.8058892535921841,123,0.983739837398374
12398,1.5758883437705657,25,1.0
12399,0.6201086270825555,4,0.5
12400,1.5593760139610426,11,1.0
12401,0.910273206945048,133,0.9849624060150376
12402,1.5263835442829736,8,1.0
12403,0.300188738796157,139,0.697841726618705
12404,0.8858736475261932,131,0.9618320610687023
12405,1.2674289925525184,145,0.993103448275862
12406,1.5731893829752004,53,1.0
12407,1.060867134707291,114,0.9912280701754386
12408,1.6606418732014459,11,1.0
12409,1.5276114924439206,11,1.0
12410,1.5340342263626099,58,1.0
12411,0.9954550403551522,129,0.9689922480620154
12412,0.5620802932040524,116,0.896551724137931
12414,1.0877474144022161,118,0.9915254237288136
12415,1.6342580443643848,13,1.0
12416,1.5493973674525259,9,1.0
12417,1.2300841915489205,127,0.984251968503937
12418,0.6799499151551665,121,0.9256198347107438
12419,1.5269328850960164,10,1.0
12420,0.6466801035812214,151,0.9271523178807947
12421,0.26472196657726127,137,0.583941605839416
12423,0.805342840483522,136,0.9485294117647058
12424,0.9606830747699305,141,0.9787234042553191
12425,0.829119474562411,137,0.9562043795620438
12426,0.8406979235672041,110,0.9636363636363636
12427,0.6978906430155846,49,0.9387755102040817
12428,0.32283090607156834,127,0.6929133858267716
12429,1.8743213562817764,12,1.0
12430,1.6454001370410478,16,1.0
12432,1.578370346866367,13,1.0
12433,1.0919373539518917,130,0.9923076923076923
12434,1.828614244811834,133,1.0
12435,0.7770292725535771,117,0.9401709401709402
12436,0.8676852027103236,137,0.9635036496350365
12437,1.5266674380691527,10,1.0
12438,0.3839179650373459,112,0.8214285714285714
12439,0.004061105127803657,55,0.2909090909090909
12440,0.5995703033688343,132,0.9015151515151515
12441,1.1145554158591764,121,0.9834710743801653
12442,0.7909596365085378,130,0.9538461538461539
12443,1.3277379390488335,125,0.992
12444,1.7866069754308185,106,1.0
12445,0.5507315878707275,119,0.8571428571428571
12446,1.027822102168075,130,0.9923076923076923
12447,1.392665974723145,137,0.9927007299270073
12448,1.59711504686974,11,1.0
12449,0.5250566016751403,135,0.8592592592592593
12450,0.9644941668414836,125,0.984
12451,0.3234531649755482,133,0.7218045112781954
12452,1.0953877596769506,136,0.9852941176470589
12453,0.894774611828765,66,0.9545454545454546
12454,0.893228172494199,129,0.9844961240310077
12455,1.0483912284602812,136,0.9852941176470589
12456,0.9276663676621932,127,0.9763779527559056
12457,0.8890011511913786,132,0.9772727272727273
12458,0.8577728716734957,119,0.9747899159663865
12459,1.526438505401884,10,1.0
12460,1.2344893418310987,11,0.9090909090909091
12461,1.8748771714807548,15,1.0
12462,0.9214896511466449,116,0.9741379310344828
12463,0.4172826309198599,132,0.7272727272727273
12464,1.5333466608516855,10,1.0
12465,1.5520232298909769,14,1.0
12466,1.3477605458624815,139,0.9928057553956835
12467,1.5263835971882078,10,1.0
12468,1.5270431056340172,10,1.0
12469,1.0549484919546068,3,0.6666666666666666
12470,0.7105145492660403,138,0.9202898550724637
12471,1.317245695247856,126,0.9920634920634921
12472,0.8738031118238322,129,0.9689922480620154
12473,1.5270431056340172,10,1.0
12474,1.1641936403997661,128,0.984375
12475,1.5448256421922801,12,1.0
12476,1.5575968678905194,15,1.0
12477,0.37000228521110934,123,0.7804878048780488
12478,0.9554931246503146,126,0.9761904761904762
12479,1.5376337025398792,9,1.0
12480,0.17193373202181844,113,0.48672566371681414
12481,0.35743588841334073,130,0.6846153846153846
12482,1.584631469498097,13,1.0
12483,1.5978205280756352,12,1.0
12484,0.7427755429582981,120,0.9333333333333333
12485,1.6240328681560896,14,1.0
12486,0.6450817437929843,14,0.8571428571428571
12488,0.943605976558581,152,0.9736842105263158
12489,1.5291025770011275,14,1.0
12490,1.8570572877754135,140,1.0
12491,1.1243265207096034,40,1.0
12492,0.6803956969589771,135,0.9629629629629629
12493,0.6722686216365049,146,0.9246575342465754
12495,1.5396160483335697,11,1.0
12496,1.163717126745964,130,0.9923076923076923
12497,0.6822067298137791,10,0.8
12498,1.3195443627643244,126,0.9920634920634921
12499,0.7358956947465235,131,0.9541984732824428
12500,0.9319332522469356,139,0.9856115107913669
12501,1.5430974207719363,12,1.0
12502,1.7263479928707577,136,1.0
12503,0.8623902260394475,138,0.9637681159420289
12504,0.8238611610037756,14,0.8571428571428571
12505,1.5324734528988389,12,1.0
12506,1.5303234742432676,11,1.0
12507,1.5269045320471226,11,1.0
12508,1.2615719073252318,141,0.9858156028368794
12509,1.5785331311434894,13,1.0
12510,1.0188054751695743,125,0.976
12511,1.1977448980089387,117,0.9914529914529915
12512,1.1659924599364453,13,0.9230769230769231
12513,0.9391985669120719,126,0.9761904761904762
12514,0.9097807101612053,14,0.8571428571428571
12515,0.8791455086257014,125,0.984
12516,1.3136386659814505,123,0.983739837398374
12517,1.3084133579880974,135,0.9925925925925926
12518,1.2806678213606466,120,0.9833333333333333
12519,0.8413006447743487,113,0.9734513274336283
12520,1.5378601749961052,15,1.0
12521,1.0854503957818795,128,0.984375
12522,0.795616819726197,132,0.9545454545454546
12523,1.207692389327358,63,0.9841269841269841
12524,0.7028472670037823,128,0.9375
12525,0.7314846503347258,136,0.9411764705882353
12526,0.5660389465499741,128,0.8828125
12527,0.8801471350355637,150,0.9533333333333334
12528,0.5608846309285626,14,0.7857142857142857
12529,0.6298496083019601,144,0.9305555555555556
12530,1.5831041230854748,14,1.0
12531,1.5303028581198117,14,1.0
12532,1.0073710004843386,122,0.9754098360655737
12533,0.26174600485799365,134,0.6194029850746269
12534,1.0046816681362412,128,0.96875
12535,0.7724006937105492,123,0.9512195121951219
12536,1.1685161580295182,126,0.9920634920634921
12537,1.2988584425854262,149,0.9865771812080537
12539,0.787777051095415,130,0.9615384615384616
12540,0.7135632820392723,4,0.75
12541,1.0701761100666078,131,0.9770992366412213
12542,0.3620901134168125,121,0.7024793388429752
12543,1.5323921820935797,12,1.0
12544,0.6959532465357514,115,0.9478260869565217
12545,1.1175399949448783,138,0.9927536231884058
12546,1.5704004438046892,15,1.0
12547,0.926827505147928,114,0.9736842105263158
12548,0.609095310774347,142,0.9084507042253521
12549,1.1135115942425002,140,0.9857142857142858
12550,0.6251553719473946,16,0.875
12551,0.5623652911244177,149,0.912751677852349
12552,1.5263931184928645,10,1.0
12553,1.545529495887834,11,1.0
12554,0.6613086959125525,133,0.9172932330827067
12555,1.495387067109774,132,0.9924242424242424
12556,0.9403018292404924,130,0.9846153846153847
12557,1.6435613690245254,10,1.0
12558,1.0589608117312672,16,0.875
12559,1.5263835442829736,8,1.0
12560,1.3241906151569993,127,0.9921259842519685
12561,1.240188698420133,127,0.9921259842519685
12562,1.526397038002299,9,1.0
12563,0.3102405978376939,132,0.6287878787878788
12564,0.3550282868189007,139,0.6762589928057554
12565,-0.0024184990486535002,122,0.26229508196721313
12566,1.7694431141839144,16,1.0
12567,0.7779670281723099,44,0.9772727272727273
12569,0.8035422943289642,127,0.9606299212598425
12570,1.7607065943562257,113,1.0
12571,0.225840769301952,127,0.6299212598425197
12572,0.7249646979304977,14,0.9285714285714286
12573,0.7813555365489944,132,0.9848484848484849
12574,1.8743212971143388,18,1.0
12575,0.33333223024384595,122,0.680327868852459
12576,1.5264065228361687,11,1.0
12577,1.535884726510133,9,1.0
12578,1.0812053822764232,145,0.9862068965517241
12579,0.3269489681812414,128,0.6953125
12580,1.5350918179065862,11,1.0
12581,1.3013235865604897,48,1.0
12582,0.771460623840944,137,0.9562043795620438
12583,1.5263851204888224,10,1.0
12584,0.7991801887074927,141,0.9574468085106383
12585,1.0307016859778562,125,0.976
12586,0.4752056831857041,15,0.6666666666666666
12587,0.9467969244908431,105,0.9809523809523809
12588,1.5593816259743816,11,1.0
12589,0.7229842245998634,115,0.9478260869565217
12590,0.6963469572476102,14,0.8571428571428571
12592,0.7012126703900602,130,0.9230769230769231
12593,0.7928100527401977,119,0.9663865546218487
12594,1.1567937333953813,141,0.9787234042553191
12596,0.9976413383274545,121,0.9752066115702479
12597,0.8806133713583175,132,0.9696969696969697
12598,0.7349482354138124,124,0.9596774193548387
12600,0.8137102359318766,133,0.9699248120300752
12601,1.5597682767730017,10,1.0
12602,2.0128742754157174,16,1.0
12603,1.557644631132048,14,1.0
12604,0.5530064249690668,3,0.3333333333333333
12605,1.559773180224154,12,1.0
12606,1.581189039165269,46,1.0
12607,0.47052126756986745,15,0.7333333333333333
12608,1.100553817101311,121,0.9834710743801653
12609,1.0468232748871131,120,0.9916666666666667
12610,1.0712970995498519,133,0.9924812030075187
12611,0.8642591189329069,122,0.9426229508196722
12612,1.9475237568688395,127,1.0
12613,1.5303889221565328,131,0.9923664122137404
12615,0.8487657302413009,15,0.9333333333333333
12616,1.5613932480824724,54,1.0
12617,0.6828805773070705,118,0.940677966101695
12618,1.074805178767013,127,0.9921259842519685
12619,0.7720789737998288,142,0.9436619718309859
12620,1.1812546590353317,3,1.0
12621,1.5283524179264203,13,1.0
12622,0.9009426666439486,118,0.9745762711864406
12623,0.9757291361221465,146,0.9863013698630136
12626,1.536463390744098,11,1.0
12627,1.2663949385470363,151,0.9933774834437086
12628,1.528075709738137,10,1.0
12629,0.5136296928813581,118,0.8389830508474576
12630,0.8905876200868001,12,0.9166666666666666
12631,2.0031083113397634,12,1.0
12632,0.7959888869089055,51,0.9803921568627451
12633,1.0601293136565997,16,0.8125
12634,0.7741380639492117,104,0.9807692307692307
12635,0.5785843070531166,117,0.905982905982906
12636,1.2669966793820546,11,0.9090909090909091
12637,1.6058305692176846,15,1.0
12638,0.9242775267212664,125,0.992
12639,1.5645629461781696,13,1.0
12640,0.9889128760196944,134,0.9776119402985075
12641,0.6458621647433651,129,0.9224806201550387
12642,1.5263947790592975,10,1.0
12644,1.5934378782734857,10,1.0
12646,1.2509540981973393,129,0.9922480620155039
12647,0.3254218402451641,119,0.6974789915966386
12648,0.9769523349394434,11,0.8181818181818182
12649,0.7580105057481873,117,0.9316239316239316
12650,1.342725471813614,141,0.9858156028368794
12651,1.0757305866437679,138,0.9855072463768116
12652,1.0376975791817677,129,0.9767441860465116
12654,0.8524211015727862,128,0.9765625
12655,1.01121879752854,132,0.9848484848484849
12656,0.8367774142228146,11,0.9090909090909091
12657,1.534567353699365,53,1.0
12658,0.12495919957778641,111,0.5315315315315315
12659,0.9858421570394881,141,0.9858156028368794
12660,0.36931052089996547,138,0.7246376811594203
12661,1.8186195474844067,48,1.0
12662,1.1880802294856803,132,0.9924242424242424
12663,0.34552618048336864,122,0.680327868852459
12664,1.5263835442829736,8,1.0
12665,1.2199168167315069,51,1.0
12667,0.8096023332676121,132,0.946969696969697
12668,1.1794153004172947,127,0.984251968503937
12669,1.225746104140017,125,0.992
12670,1.6357472866477283,119,1.0
12671,0.791985229108522,118,0.9661016949152542
12672,0.3203166421433435,133,0.706766917293233
12673,0.7554605261122334,14,0.8571428571428571
12674,1.5264067310832183,9,1.0
12675,0.8213587003417507,17,0.8823529411764706
12676,1.5305709111916117,13,1.0
12678,0.4048885190909722,109,0.7522935779816514
12679,1.5822550101691537,58,1.0
12680,0.5811523303146672,123,0.8861788617886179
12681,0.9037488593403148,112,0.9732142857142857
12682,0.5969308644327579,135,0.9037037037037037
12683,0.9726494234333788,136,0.9705882352941176
12684,1.0884321378238304,138,0.9855072463768116
12685,0.802057378144687,115,0.9652173913043478
12686,0.6121897593956037,129,0.8914728682170543
12687,0.7981366238144992,138,0.9492753623188406
12688,1.5088400721971251,11,0.9090909090909091
12689,1.1764465663511283,44,1.0
12690,1.5809168209910645,9,1.0
12691,1.5275399750544374,11,1.0
12692,1.0690877584256802,124,0.9758064516129032
12694,0.5479496012069488,10,0.8
12695,1.6918306168811093,134,1.0
12696,0.975380607465978,108,0.9814814814814815
12697,1.0799646125807068,125,0.992
12698,0.8357107857691782,119,0.9495798319327731
12699,1.7071738326405512,124,1.0
12700,0.7870996283339384,138,0.9710144927536232
12702,1.1085155768918793,15,0.8666666666666667
12703,0.6418592293535461,124,0.9274193548387096
12704,1.5266942254327798,10,1.0
12705,1.4928218528998247,11,0.9090909090909091
12706,0.9160408873973851,138,0.9492753623188406
12707,1.5276154029608522,11,1.0
12708,0.8005861019904783,128,0.953125
12709,0.9152248113236947,136,0.9779411764705882
12710,1.1133408719928488,144,0.9791666666666666
12711,1.1060321479797384,135,0.9925925925925926
12712,0.6398637974286618,127,0.937007874015748
12713,1.0474500325446343,14,0.8571428571428571
12714,0.8850029016989751,122,0.9754098360655737
12715,1.643086330836278,60,1.0
12716,0.8766813043201419,3,0.6666666666666666
12717,0.8334055843143756,115,0.9739130434782609
12718,1.1865948556791344,131,0.9923664122137404
12719,1.057261150197652,12,0.9166666666666666
12721,0.9008905431716203,123,0.967479674796748
12722,0.9751244528071322,143,0.993006993006993
12723,1.527169406068503,10,1.0
12724,1.2223737080049675,45,1.0
12725,1.0297715628547532,117,0.9743589743589743
12726,0.6621091831123136,55,0.9636363636363636
12727,1.5597817142185233,11,1.0
12728,0.5587402425470517,133,0.8796992481203008
12729,1.816852774880203,11,1.0
12730,1.526440245115376,10,1.0
12731,1.0531509527119078,136,0.9779411764705882
12732,1.5411136381627932,12,1.0
12733,1.5292326060947887,17,1.0
12734,0.6204736313491912,3,0.3333333333333333
12735,0.6164699557515054,129,0.8914728682170543
12736,0.8221863458052218,5,0.8
12738,0.8561743793971821,140,0.9571428571428572
12741,1.5918468306720295,17,1.0
12743,1.216959022000548,137,0.9927007299270073
12744,1.1878858562265846,136,0.9779411764705882
12745,0.7720164686717381,125,0.96
12746,1.5263835442829736,8,1.0
12747,1.0380893581504693,17,0.8823529411764706
12748,1.7129942388045076,131,1.0
12749,1.0782106342456212,133,0.9924812030075187
12750,0.9507689161117472,122,0.9836065573770492
12751,1.264675388986775,137,0.9927007299270073
12753,1.5560161629281144,56,1.0
12754,0.9005853066098959,126,0.9761904761904762
12755,1.5371030850822922,15,1.0
12756,0.6572329659698389,134,0.8955223880597015
12758,0.6659058250979577,3,0.3333333333333333
12759,1.5266785773961196,12,1.0
12760,0.73443367488653,115,0.9304347826086956
12761,0.945305819399853,11,0.9090909090909091
12763,1.5283286252608785,11,1.0
12764,1.0288251161500488,116,0.9913793103448276
12765,0.8627769531570741,129,0.9689922480620154
12766,0.9081966549687294,123,0.967479674796748
12767,0.7315153302084068,18,0.8333333333333334
12768,0.8320695347719845,106,0.9716981132075472
12769,0.36305886247489366,120,0.75
12770,1.5288866332281048,14,1.0
12771,1.0822395000340073,135,0.9777777777777777
12772,0.47315093316270357,49,0.8979591836734694
12773,0.9934989671611107,134,0.9776119402985075
12774,1.818270166150202,14,1.0
12775,0.5991216798033103,145,0.903448275862069
12776,1.4434884623226585,48,1.0
12777,1.6465783374214247,14,1.0
12778,0.6325912799864011,121,0.9173553719008265
12779,1.537417062075364,11,1.0
12780,1.583681858581451,58,1.0
12781,0.8631992418212961,63,0.9841269841269841
12782,1.129993152376394,122,0.9918032786885246
12783,0.4429094927405106,116,0.853448275862069
12784,1.5274105727071698,11,1.0
12785,1.5598001668235002,12,1.0
12786,0.5439669496967505,141,0.8581560283687943
12787,0.9022603880177827,114,0.9736842105263158
12788,0.7706059560739204,153,0.9477124183006536
12789,0.733853330492826,116,0.9655172413793104
12792,1.5333472280810785,12,1.0
12793,0.5636978022197939,144,0.875
12794,0.9132200804723297,137,0.9708029197080292
12795,1.5656575013336527,11,1.0
12797,0.5252957890948478,128,0.8515625
12798,0.9147890401895271,113,0.9823008849557522
12799,0.9567113470919262,143,0.972027972027972
12800,0.9611249449864285,123,0.975609756097561
12801,0.7436686883428522,136,0.9411764705882353
12802,1.556168885356942,12,1.0
12804,0.852949761787263,127,0.9606299212598425
12805,1.1740683013979822,125,0.992
12806,0.33603225853216556,128,0.6796875
12807,0.7429331489848127,55,0.9454545454545454
12809,1.526383709455003,14,1.0
12810,0.9871875588114549,107,0.9906542056074766
12811,0.5557338718975883,118,0.8813559322033898
12812,1.1138244710212204,135,0.9851851851851852
12813,1.571216244760769,13,1.0
12814,1.79412430598144,132,1.0
12815,1.547235197797628,13,1.0
12816,1.2024013513614193,46,1.0
12818,1.5570334554685916,9,1.0
12820,0.7714916123282141,140,0.9428571428571428
12823,0.7121027043026708,124,0.9596774193548387
12824,1.3473639121510368,52,0.9807692307692307
12825,0.9252460925274164,117,0.9743589743589743
12826,0.7412393045937437,14,0.8571428571428571
12828,0.5064519433986147,130,0.8615384615384616
12829,1.13655565744226,141,0.9929078014184397
12830,0.6474614424772926,146,0.9383561643835616
12831,0.6903667173482982,144,0.9444444444444444
12832,1.2634197477704312,6,1.0
12833,1.5287905028366793,12,1.0
12834,0.8821179787894552,6,0.8333333333333334
12836,1.6149438940460987,54,1.0
12837,0.828459019933203,133,0.9699248120300752
12838,1.0737350344521084,14,0.8571428571428571
12839,0.956546690488264,55,0.9818181818181818
12840,0.04376736159891128,32,0.375
12841,1.5944420171421176,16,1.0
12842,1.5969915842310671,9,1.0
12843,1.1523488603441991,141,0.9787234042553191
12845,0.7981786662858708,59,0.9830508474576272
12846,0.9867805831335098,14,0.9285714285714286
12847,1.528075709738137,10,1.0
12848,1.7087357613841352,119,1.0
12849,1.4504191259030192,57,0.9824561403508771
12850,1.5269328850960164,10,1.0
12851,1.7556295535454134,16,1.0
12852,0.7505927235355114,130,0.9615384615384616
12853,0.5159188703801492,131,0.8473282442748091
12854,0.7510023315868721,139,0.9424460431654677
12855,0.487717887370451,68,0.8676470588235294
12856,1.5263948287968416,12,1.0
12857,0.9547135795944715,137,0.9854014598540146
12858,1.5448256277653238,10,1.0
12859,1.0677887537468354,141,0.9787234042553191
12860,0.7928147028141679,115,0.9565217391304348
12861,1.5334883363368919,49,1.0
12862,0.8080656655045954,59,0.9830508474576272
12863,0.6366768262546865,138,0.9202898550724637
12864,0.6904945853016783,132,0.9393939393939394
12865,1.3494374605866337,133,0.9924812030075187
12866,0.9115054776138296,134,0.9701492537313433
12867,0.9523720716090542,13,0.8461538461538461
12868,0.3091910028778769,66,0.7272727272727273
12869,0.8291551334665442,124,0.9435483870967742
12870,1.526383448815857,10,1.0
12871,1.6650366677912394,58,1.0
12872,0.7934115978922227,13,0.8461538461538461
12873,0.7460338003877509,125,0.952
12874,0.6835100283520584,136,0.9338235294117647
12875,1.1983375021496805,126,0.9920634920634921
12876,0.9140106270438663,129,0.9689922480620154
12877,0.5281489190223083,141,0.8652482269503546
12878,0.3673985832782889,141,0.7446808510638298
12883,1.5263835971882078,10,1.0
12885,1.230756750245616,138,0.9927536231884058
12886,1.281885297020902,45,1.0
12887,0.8934146414393143,137,0.9708029197080292
12888,1.6461421179268587,16,1.0
12889,0.8191061706884393,63,0.9841269841269841
12890,0.5935960359436141,145,0.903448275862069
12891,1.5264830081681209,10,1.0
12892,1.5934378782734857,10,1.0
12894,0.9707881037663552,110,0.9818181818181818
12895,1.5383803984420317,11,1.0
12896,1.5310649132259195,13,1.0
12897,1.5967467189652362,17,1.0
12898,0.8105472947050556,118,0.9661016949152542
12899,0.9799447360242077,12,0.8333333333333334
12900,1.526383422481878,10,1.0
12901,1.5604804167906172,12,1.0
12902,1.526694413919297,12,1.0
12903,1.559842812491878,11,1.0
12904,0.9166243352619584,124,0.9596774193548387
12905,0.6425793298056024,127,0.9291338582677166
12906,1.526383808061286,12,1.0
12907,0.7966567881459629,149,0.9530201342281879
12908,1.6602115307855174,13,1.0
12909,0.6759836083535353,10,0.8
12910,0.8485270586884398,133,0.9624060150375939
12911,0.476212297605958,3,0.6666666666666666
12912,1.5598063283304955,13,1.0
12913,1.5752335887048141,16,1.0
12914,0.6936246584524975,119,0.9411764705882353
12915,0.7418993979063297,15,0.8
12916,0.8856480890210808,15,0.9333333333333333
12917,-0.4648254653742771,4,0.0
12918,1.2570408770264445,15,0.9333333333333333
12919,0.9247671087804731,151,0.9801324503311258
12920,1.1678349700310366,138,0.9927536231884058
12921,1.3200181990141162,11,0.9090909090909091
12923,0.6871613998696919,15,0.8
12924,0.8869053908015508,54,0.9814814814814815
12925,1.5783137933862192,12,1.0
12926,0.48818431139779306,143,0.8531468531468531
12928,1.0382680879487922,131,0.9770992366412213
12929,0.9717308758221289,136,0.9926470588235294
12930,0.7824422498864134,132,0.9621212121212122
12931,0.8860245348302047,128,0.96875
12932,1.5264385581292597,12,1.0
12933,1.008444068893693,130,0.9769230769230769
12935,0.3325596488000976,138,0.6666666666666666
12936,0.6215393058158014,129,0.9147286821705426
12937,0.7356382537431939,13,0.9230769230769231
12938,1.526932883925368,11,1.0
12939,1.0000171822183255,135,0.9703703703703703
12940,0.9275832411870565,119,0.9747899159663865
12941,1.0589793704773987,136,0.9779411764705882
12942,0.7155086123193166,36,0.9166666666666666
12943,1.1521976801052964,129,0.9922480620155039
12944,1.562109820604167,11,1.0
12945,1.1756811207582287,122,0.9836065573770492
12946,1.104169450331783,128,0.984375
12947,1.5263835986843992,9,1.0
12948,0.902257059103172,134,0.9701492537313433
12949,1.5468572705121206,12,1.0
12950,1.8604794750432494,14,1.0
12951,0.7097722630313963,107,0.9626168224299065
12952,0.6055930556120157,122,0.9016393442622951
12953,0.815122429900984,139,0.9568345323741008
12954,0.9266219564405389,137,0.9708029197080292
12955,1.6379827824290754,10,1.0
12956,1.7907749559464035,12,1.0
12957,0.9589631131649987,115,0.9739130434782609
12958,0.19238185549235023,128,0.515625
12959,0.5863995131377974,39,0.9230769230769231
12960,0.8044326443260008,115,0.9652173913043478
12961,0.406633963152036,4,0.25
12962,1.8855232687199888,128,1.0
12963,1.5263835986843992,9,1.0
12964,1.6460006282857944,108,1.0
12965,1.5417874803080147,62,1.0
12966,0.5696018655454427,117,0.8803418803418803
12967,0.9348413266521162,139,0.9784172661870504
12968,0.9016985144422117,132,0.9621212121212122
12969,0.9163435711590434,160,0.98125
12970,0.6312808322190192,140,0.9285714285714286
12971,1.2530309715071417,130,0.9923076923076923
12972,1.166532475287146,4,1.0
12973,1.1038123319129016,123,0.991869918699187
12974,1.8293524232942229,140,1.0
12975,2.0102671648316095,19,1.0
12976,1.5263845149464461,12,1.0
12977,0.7825247090745208,126,0.9603174603174603
12978,0.9408133829648055,13,0.8461538461538461
12979,1.08325443075872,143,0.972027972027972
12980,1.5263947781339924,11,1.0
12981,0.7818468647145088,137,0.948905109489051
12982,0.7926873943384999,128,0.953125
12983,0.8240098213257033,124,0.9838709677419355
12984,0.8055427707505505,127,0.9606299212598425
12985,1.5303231628235046,11,1.0
12986,0.9064265681087145,115,0.9826086956521739
12987,1.5263835442829736,8,1.0
12988,1.5263837551568675,10,1.0
12989,1.5305359974697355,13,1.0
12990,0.7663694978151678,153,0.934640522875817
12991,0.4150801178518793,133,0.7894736842105263
12992,1.5380646624845313,12,1.0
12993,0.9615199583840345,126,0.9841269841269841
12994,1.645400261822592,11,1.0
12995,1.0497563174449969,14,0.8571428571428571
12996,1.8375462312445032,19,1.0
12997,1.7132147010666865,127,1.0
12998,1.0001500616133134,56,0.9821428571428571
12999,0.6401575193114066,132,0.9242424242424242
13000,0.872733225922309,124,0.9596774193548387
13002,1.566035381549125,12,1.0
13003,1.1663614129335436,134,0.9776119402985075
13005,1.096341105178057,130,0.9846153846153847
13006,0.9151638035736243,13,0.8461538461538461
13008,0.822535601772385,129,0.9689922480620154
13009,1.5435259453797088,11,1.0
13010,0.9095938054995751,140,0.9642857142857143
13011,0.6492228038964345,16,0.8125
13012,0.9214028642517416,131,0.9694656488549618
13013,1.066743505341979,124,0.9838709677419355
13014,1.5448320911302398,12,1.0
13015,1.1719667164638965,137,0.9927007299270073
13017,1.5268054155577244,12,1.0
13018,0.577893775971912,124,0.8790322580645161
13019,1.5264067310832183,9,1.0
13020,0.9181037290798482,128,0.96875
13021,1.1722087472831066,44,1.0
13022,0.9543553251425262,118,0.9830508474576272
13023,1.0957416552081833,5,1.0
13024,1.5727369773379438,49,1.0
13025,0.9248788724539323,146,0.9794520547945206
13026,1.5263835442829736,8,1.0
13027,0.8284990015838694,138,0.9420289855072463
13028,0.8961681519037548,126,0.9761904761904762
13029,1.2689777341174362,15,0.8666666666666667
13030,1.1045230406145492,119,0.9915966386554622
13031,1.5301895529890495,11,1.0
13032,0.5212410563415024,127,0.8740157480314961
13033,0.5682989460460526,140,0.8785714285714286
13034,1.474590726016419,135,0.9925925925925926
13035,0.33222377335815834,130,0.7307692307692307
13036,1.0686611126503838,131,0.9847328244274809
13037,0.9061275828622242,111,0.972972972972973
13038,0.7716294954650714,121,0.9504132231404959
13039,0.72813835499927,12,0.8333333333333334
13040,1.5935981014998226,17,1.0
13041,1.318301771273159,134,0.9850746268656716
13042,0.8394382455404905,142,0.971830985915493
13043,0.8146168118386437,133,0.9699248120300752
13044,1.2910489868124084,3,1.0
13045,0.680258307186336,5,0.6
13046,0.8658366531792622,132,0.9696969696969697
13047,1.109328670600163,120,0.9833333333333333
13048,1.5266942254327798,10,1.0
13049,1.5287757106600919,12,1.0
13050,1.5561345821135404,10,1.0
13051,0.9345506615475858,12,0.8333333333333334
13052,1.5428551488441788,11,1.0
13053,0.6740797392178475,119,0.9495798319327731
13054,0.7937612516903635,115,0.9565217391304348
13055,0.6911957226273203,66,0.9545454545454546
13057,0.9281539419351061,133,0.9849624060150376
13058,0.7267317392076764,128,0.953125
13059,1.5280696084062357,15,1.0
13062,1.5300688301072733,17,1.0
13063,1.5879852392935718,14,1.0
13064,0.781820097094011,12,0.9166666666666666
13065,1.7538618569458218,19,1.0
13066,1.5300922640761563,11,1.0
13067,0.6332297120187564,128,0.921875
13068,0.6093428229857251,117,0.8888888888888888
13069,0.8639064152264173,132,0.9772727272727273
13070,1.559376137952216,9,1.0
13071,0.8801643509752016,16,0.9375
13073,1.5263835442829736,8,1.0
13075,0.8494814871084391,145,0.9655172413793104
13076,0.6759181869970267,124,0.9354838709677419
13077,1.1007286827625806,16,0.875
13078,1.5524689205316982,60,1.0
13079,1.185410907787987,117,0.9829059829059829
13080,0.8188131257830892,114,0.9736842105263158
13081,1.7972401286522506,130,1.0
13082,0.7435179030699179,18,0.8333333333333334
13083,1.403421636325198,127,0.9921259842519685
13084,1.8403624051742473,149,1.0
13085,1.5302999771859236,9,1.0
13086,0.667088622074397,132,0.9090909090909091
13087,1.2890266391971286,125,0.992
13088,1.5356976010114491,55,1.0
13089,1.5105491711773746,131,0.9923664122137404
13090,1.5448394420173757,14,1.0
13091,0.9515318679406013,135,0.9777777777777777
13092,0.2678182579707502,116,0.603448275862069
13093,0.9428634616495191,122,0.9672131147540983
13094,1.1575765336580486,12,0.9166666666666666
13095,0.8311201656940106,129,0.9767441860465116
13097,1.6009131085813564,11,1.0
13098,1.5288448699153245,14,1.0
13099,0.9099336987893523,117,0.9572649572649573
13100,0.7998412418310716,120,0.95
13101,0.9936810660818101,128,0.9765625
13102,0.6699988660461911,136,0.9191176470588235
13103,0.9417659845054044,137,0.9854014598540146
13104,1.535884726510133,9,1.0
13105,0.8619097615766801,124,0.9758064516129032
13106,0.909430114077524,15,0.7333333333333333
13107,1.3076696489789728,117,0.9914529914529915
13108,0.5993072510811224,12,0.8333333333333334
13109,1.5297271969841506,134,0.9925373134328358
13110,0.9188910265291648,124,0.9758064516129032
13111,0.9942127139585838,148,0.972972972972973
13112,0.9883649614652424,123,0.983739837398374
13113,1.5333472280810785,12,1.0
13114,0.6591000310083458,122,0.9016393442622951
13115,1.5263835442829736,8,1.0
13116,1.0342798526774226,140,0.9642857142857143
13117,1.1429216470071217,136,0.9852941176470589
13118,0.9329812775165097,126,0.9841269841269841
13119,2.0077979766058816,15,1.0
13120,1.2234349468112455,3,1.0
13121,1.528075709738137,10,1.0
13122,0.9347271930232063,135,0.9629629629629629
13123,1.5287818459211762,12,1.0
13124,1.3026762986573137,144,0.9930555555555556
13125,1.132135741308856,13,0.8461538461538461
13126,0.6203939031231677,120,0.9333333333333333
13127,1.0432077686950467,130,0.9769230769230769
13128,0.6691950278796832,120,0.925
13129,0.804817241811647,143,0.951048951048951
13130,1.5302968974895788,12,1.0
13131,0.9426395967305399,127,0.9763779527559056
13132,1.473855455344617,120,0.9916666666666667
13133,1.8106698640618912,118,1.0
13135,1.116552566111837,133,0.9774436090225563
13136,0.9169481577597332,112,0.9821428571428571
13137,1.6509493286551942,61,1.0
13138,0.6777821414463139,131,0.9236641221374046
13139,1.5585638892785063,19,1.0
13141,0.6686319587066515,130,0.9307692307692308
13142,1.6171934035832136,13,1.0
13143,0.7659867252271443,131,0.9465648854961832
13144,1.6527371234752137,14,1.0
13145,1.575291701847552,13,1.0
13146,1.0195313006933215,133,0.9924812030075187
13147,1.557388571400518,13,1.0
13148,1.0635596948981043,116,0.9827586206896551
13149,0.4898501000956636,13,0.6153846153846154
13150,1.7332030884796124,118,1.0
13151,0.6952170939767839,115,0.9565217391304348
13152,0.6851068579809024,131,0.9083969465648855
13153,0.6368480066713922,46,0.9347826086956522
13154,0.6446922246342687,128,0.9140625
13155,1.4928222507181736,13,0.9230769230769231
13156,0.5620693304006775,48,0.8958333333333334
13157,0.8183544768308467,133,0.9624060150375939
13158,1.5590365526614602,55,1.0
13159,0.8172550470540116,131,0.9694656488549618
13160,0.7862267052983314,133,0.9624060150375939
13161,1.0011166088381782,9,0.8888888888888888
13162,0.8721043166650865,136,0.9632352941176471
13163,0.9262084204553146,122,0.9672131147540983
13164,0.7976639640839506,121,0.9669421487603306
13165,1.526510635028295,12,1.0
13166,0.7707824569515817,16,0.875
13167,1.5263837551568675,10,1.0
13168,0.8989198937687273,12,0.9166666666666666
13169,0.6422896582243057,139,0.9280575539568345
13170,0.6969060454513716,4,0.75
13171,1.1047672227227399,119,0.9915966386554622
13172,0.9623753242542994,136,0.9705882352941176
13173,0.49097268335848926,47,0.8723404255319149
13174,1.5582450249645632,53,1.0
13175,0.5934365635203636,139,0.8992805755395683
13176,0.6909529377851956,45,0.9333333333333333
13177,0.775913487362655,126,0.9523809523809523
13178,1.281875457233289,131,0.9923664122137404
13179,1.5274427298606894,12,1.0
13180,0.36482122885925405,112,0.6964285714285714
13181,1.0281450863223323,10,0.8
13182,0.9520935821695509,11,0.9090909090909091
13183,0.5159910902790474,123,0.8699186991869918
13184,0.8566816538061193,129,0.9689922480620154
13185,1.528285470195442,11,1.0
13186,1.5979789361508685,120,1.0
13187,1.8816401701884704,13,1.0
13188,1.528102110142008,10,1.0
13189,0.7106819242548105,140,0.9357142857142857
13190,1.0230899449159163,127,0.984251968503937
13191,0.36968447156332096,140,0.7071428571428572
13192,1.5333466608516855,10,1.0
13193,0.9446076317731684,130,0.9769230769230769
13194,1.5602927551585388,12,1.0
13195,1.0409241603505957,105,0.9904761904761905
13196,1.8447053306008983,17,1.0
13197,0.6535755805338502,119,0.9243697478991597
13198,1.5488658549092584,12,1.0
13199,1.6312110915744773,51,1.0
13200,0.8817776595112967,123,0.975609756097561
13201,1.2460241808240042,146,0.9863013698630136
13202,1.669894789786106,138,1.0
13203,0.9033896845588865,136,0.9779411764705882
13204,1.2721324409032906,131,0.9923664122137404
13205,1.04756052467567,122,0.9836065573770492
13206,0.26016389390034994,132,0.5909090909090909
13207,0.6778236583462837,111,0.9369369369369369
13208,1.9648663763873637,13,1.0
13209,1.7609125885570192,139,1.0
13210,1.5430787552504224,15,1.0
13212,1.2369656937232822,132,0.9924242424242424
13213,1.5263931184928645,10,1.0
13214,0.8904907822775927,131,0.9770992366412213
13215,0.9696900669603383,137,0.9854014598540146
13216,0.8784694224916834,12,0.9166666666666666
13217,1.8743208377790885,14,1.0
13218,0.4498221344559217,59,0.8135593220338984
13219,0.8399916459614872,135,0.9481481481481482
13220,1.1774878664130637,3,1.0
13221,0.9230834856771539,113,0.9911504424778761
13222,1.0790335987355593,13,0.8461538461538461
13223,1.5493847175274096,13,1.0
13224,0.8776973071048982,115,0.9739130434782609
13225,0.45186793136920456,113,0.8672566371681416
13226,0.8613802623273105,14,0.8571428571428571
13227,1.5309236476929933,11,1.0
13228,0.6322262031088844,122,0.9180327868852459
13229,1.2505928606801304,65,0.9692307692307692
13230,1.5263835442829736,8,1.0
13231,1.543521939703616,14,1.0
13232,0.5994688567193975,141,0.9219858156028369
13233,1.5263835262053154,9,1.0
13235,0.7618745779291203,124,0.9758064516129032
13237,1.0679898264228633,149,0.9865771812080537
13238,1.5498747850751886,12,1.0
13239,1.8546818997031045,140,1.0
13240,0.9139790094820873,139,0.9712230215827338
13241,0.5865678004708432,131,0.8778625954198473
13242,1.7753094942423053,123,1.0
13243,1.8864705176405219,130,1.0
13245,1.8218260794163328,142,1.0
13246,1.5297105705834517,14,1.0
13247,1.559229195799678,50,1.0
13248,1.5651419435835274,14,1.0
13249,1.3234073037034573,16,0.9375
13250,0.8229299917184171,128,0.9609375
13251,0.996740124589115,128,0.96875
13252,0.5138922416111185,129,0.8449612403100775
13253,1.3287105775818993,128,0.9921875
13255,1.5585595088922661,51,1.0
13257,1.2900077654262092,122,0.9918032786885246
13258,0.6677222101708773,139,0.9424460431654677
13259,0.6867815893987893,117,0.9401709401709402
13260,0.9740643016916912,139,0.9784172661870504
13261,0.4714633617000554,184,0.7880434782608695
13262,-0.059043087558325755,12,0.16666666666666666
13263,0.06742030598019878,15,0.26666666666666666
13264,0.1003283254363186,8,0.375
13265,-0.03057833466476366,8,0.25
13266,-0.672205781208209,12,0.0
13267,0.22766694315565783,8,0.5
13268,0.22416851868797,8,0.5
13269,-0.672205781208209,12,0.0
13270,-0.672205781208209,12,0.0
13271,-0.6688193145931507,12,0.0
13272,-0.6773321734154091,15,0.0
13273,-0.11022119982797683,18,0.1111111111111111
13274,-0.6773321734154091,15,0.0
13275,-0.688739707284073,18,0.0
13276,-0.688739707284073,18,0.0
13277,-0.6773321734154091,15,0.0
13278,-0.6773321734154091,15,0.0
13279,-0.6773321734154091,15,0.0
13280,-0.688739707284073,18,0.0
13281,-0.672205781208209,12,0.0
13282,-0.6688193145931507,12,0.0
13283,-0.14799962024994018,15,0.06666666666666667
13284,-0.089788044138773,15,0.13333333333333333
13285,0.47505946570503776,8,0.75
13286,0.3781981970670141,8,0.625
13287,0.22416851868797,8,0.5
13288,0.07826254362083924,8,0.375
13289,-0.8415279502369591,8,0.0
13290,-0.6688193145931507,12,0.0
13291,-0.24749820722224491,8,0.125
13292,0.22141158628369595,8,0.5
13293,0.5758417927647985,8,0.75
13294,-0.672205781208209,12,0.0
13295,0.1525289530110721,18,0.3333333333333333
13296,0.02843881428340714,12,0.25
13297,0.11413390775113852,18,0.2777777777777778
13298,-0.16215884209060843,12,0.08333333333333333
13299,0.4936307703826077,18,0.7222222222222222
13300,0.24884483513019925,18,0.4444444444444444
13301,0.5758417927647985,8,0.75
13302,0.46899071431624256,8,0.75
13303,0.8026906717366153,8,0.875
13304,0.8026906717366153,8,0.875
13305,0.34731460643168416,12,0.5833333333333334
13306,0.2378330570495213,8,0.5
13307,-0.6688193145931507,12,0.0
13308,1.5263835442829736,8,1.0
13309,-0.06414414058388601,12,0.16666666666666666
13310,0.22181294768481377,12,0.4166666666666667
13311,-0.6688193145931507,12,0.0
13312,-0.672205781208209,12,0.0
13313,-0.6688193145931507,12,0.0
13314,-0.04847802117218242,8,0.25
13315,0.5758417927647985,8,0.75
13316,-0.672205781208209,12,0.0
13317,0.49838953473844966,18,0.7222222222222222
13318,0.36358898360633607,12,0.5833333333333334
13319,-0.061299210605054895,12,0.08333333333333333
13320,0.8026906717366153,8,0.875
13321,0.4622485178183672,8,0.75
13322,-0.027949839397397997,8,0.25
13323,0.2553866317142713,18,0.4444444444444444
13324,-0.6688193145931507,12,0.0
13325,-0.672205781208209,12,0.0
13326,0.8026906717366153,8,0.875
13327,-0.04847802117218242,8,0.25
13328,0.0964364042973854,8,0.375
13329,-0.04847802117218242,8,0.25
13330,0.0964364042973854,8,0.375
13331,-0.6773321734154091,15,0.0
13332,-0.6688193145931507,12,0.0
13333,-0.688739707284073,18,0.0
13334,-0.672205781208209,12,0.0
13335,-0.19265394315529372,15,0.06666666666666667
13336,0.23426845397265209,8,0.5
13337,0.11604382407500566,8,0.375
13338,-0.06654189720951308,9,0.2222222222222222
13339,0.5758417927647985,8,0.75
13340,0.6711819197047776,12,0.9166666666666666
13341,-0.672205781208209,12,0.0
13342,0.8052476363394824,12,0.9166666666666666
13343,0.0871749993228535,15,0.26666666666666666
13344,0.1622652232594173,15,0.3333333333333333
13345,0.6449730119052053,18,0.8333333333333334
13346,0.23754185368536268,12,0.5
13347,0.6826150912744228,12,0.8333333333333334
13348,0.753660537279109,18,0.8888888888888888
13349,0.6225118913514701,15,0.8
13350,1.4099762558451874,18,1.0
13351,0.8342054228844156,12,0.9166666666666666
13352,0.8862569452298441,15,0.9333333333333333
13353,1.2150188994170226,12,1.0
13354,0.6234149537355081,15,0.8666666666666667
13355,0.8862569452298441,15,0.9333333333333333
13356,1.4099762558451874,18,1.0
13357,0.8862569452298441,15,0.9333333333333333
13358,1.4099762558451874,18,1.0
13359,1.4099762558451874,18,1.0
13360,0.9302573845090758,18,0.9444444444444444
13361,-0.16999218331315502,12,0.08333333333333333
13362,0.3103312085717165,12,0.5
13363,0.409216031237072,12,0.6666666666666666
13364,0.2966442489894807,15,0.5333333333333333
13365,0.32673312367778384,12,0.5833333333333334
13366,0.21000547398523609,12,0.4166666666666667
13367,0.31760164536946517,15,0.5333333333333333
13368,0.5676021289787712,12,0.8333333333333334
13369,0.5601927182932375,15,0.7333333333333333
13370,-0.6688193145931507,12,0.0
13371,0.23907935742677747,12,0.5
13372,0.6984197107534754,18,0.8888888888888888
13373,-0.6688193145931507,12,0.0
13374,0.47414107850636183,18,0.7222222222222222
13375,0.5758417927647985,8,0.75
13376,-0.24749820722224491,8,0.125
13377,0.5758417927647985,8,0.75
13378,-0.24749820722224491,8,0.125
13379,-0.6773321734154091,15,0.0
13380,-0.6773321734154091,15,0.0
13381,-0.6688193145931507,12,0.0
13382,-0.672205781208209,12,0.0
13383,-0.672205781208209,12,0.0
13384,0.18871015031557287,12,0.4166666666666667
13385,0.1003283254363186,8,0.375
13386,1.2150188994170226,12,1.0
13387,0.7709822197931078,18,0.8888888888888888
13388,1.4099762558451874,18,1.0
13389,0.4172660802652232,18,0.6111111111111112
13390,1.4099762558451874,18,1.0
13391,0.43938371800220327,12,0.6666666666666666
13392,0.29953869728505583,18,0.5
13393,0.12958252320923921,12,0.3333333333333333
13394,0.19366300948379994,8,0.5
13395,0.47505946570503776,8,0.75
13396,0.6418646929584744,8,0.875
13397,0.6226969460736784,8,0.875
13398,0.25447981879929593,15,0.4666666666666667
13399,0.6116944717517488,15,0.8
13400,0.5742594424665447,15,0.8
13401,0.48183579777025515,12,0.75
13402,-0.672205781208209,12,0.0
13403,-0.6688193145931507,12,0.0
13404,0.6826150912744228,12,0.8333333333333334
13405,0.025638818995534735,12,0.16666666666666666
13406,0.2636098478146767,18,0.4444444444444444
13407,-0.6688193145931507,12,0.0
13408,0.3781981970670141,8,0.625
13409,0.3781981970670141,8,0.625
13410,-0.672205781208209,12,0.0
13411,0.30519105624141746,12,0.5833333333333334
13412,0.12430713192921863,12,0.3333333333333333
13413,0.4753477679456096,12,0.6666666666666666
13414,-0.0012675169736382054,18,0.16666666666666666
13415,0.19260369806775568,8,0.5
13416,0.8026906717366153,8,0.875
13417,0.5758417927647985,8,0.75
13418,0.5758417927647985,8,0.75
13419,-0.672205781208209,12,0.0
13420,-0.6773321734154091,15,0.0
13421,-0.2109351878853201,18,0.05555555555555555
13422,-0.6688193145931507,12,0.0
13423,-0.672205781208209,12,0.0
13424,1.5263835442829736,8,1.0
13425,0.37072634315494085,8,0.625
13426,0.0964364042973854,8,0.375
13427,-0.3476281790859784,23,0.043478260869565216
13428,0.35898757457419816,8,0.625
13429,-0.16102160996978243,12,0.08333333333333333
13430,0.10641229501288568,15,0.26666666666666666
13431,-0.672205781208209,12,0.0
13432,-0.672205781208209,12,0.0
13433,-0.672205781208209,12,0.0
13434,0.1003283254363186,8,0.375
13435,-0.672205781208209,12,0.0
13436,1.5263835442829736,8,1.0
13437,-0.672205781208209,12,0.0
13438,-0.6688193145931507,12,0.0
13439,-0.6688193145931507,12,0.0
13440,-0.688739707284073,18,0.0
13441,0.5205089773641314,12,0.75
13442,0.8342054228844156,12,0.9166666666666666
13443,0.9094149923102995,18,0.9444444444444444
13444,0.016948934776564662,18,0.2222222222222222
13445,0.22904020698328512,12,0.4166666666666667
13446,0.3344691581247175,18,0.5555555555555556
13447,0.4011912590401949,12,0.6666666666666666
13448,-0.672205781208209,12,0.0
13449,-0.03329287283751326,8,0.25
13450,0.8026906717366153,8,0.875
13451,0.3781981970670141,8,0.625
13452,0.5758417927647985,8,0.75
13453,-0.21999353238796548,15,0.06666666666666667
13454,-0.672205781208209,12,0.0
13455,-0.038495782530413865,12,0.16666666666666666
13456,0.6382899262612703,12,0.8333333333333334
13457,-0.672205781208209,12,0.0
13458,0.09789696374361724,8,0.375
13459,0.8026906717366153,8,0.875
13460,-0.0028611924685088444,8,0.25
13461,-0.6773321734154091,15,0.0
13462,-0.6773321734154091,15,0.0
13463,-0.24749820722224491,8,0.125
13464,0.22416851868797,8,0.5
13465,0.10268689234797065,8,0.375
13466,0.12116004316136708,12,0.25
13467,-0.6688193145931507,12,0.0
13468,0.5758417927647985,8,0.75
13469,-0.010507408516670388,12,0.16666666666666666
13470,-0.09714303960626983,18,0.1111111111111111
13471,-0.1140374022053491,12,0.08333333333333333
13472,0.1003283254363186,8,0.375
13473,0.22141158628369595,8,0.5
13474,0.5775330141726214,18,0.7777777777777778
13475,-0.672205781208209,12,0.0
13476,0.025587548929647232,15,0.2
13477,-0.672205781208209,12,0.0
13478,-0.6773321734154091,15,0.0
13479,-0.6773321734154091,15,0.0
13480,-0.6773321734154091,15,0.0
13481,-0.6773321734154091,15,0.0
13482,0.37072634315494085,8,0.625
13483,0.11604382407500566,8,0.375
13484,0.5758417927647985,8,0.75
13485,-0.03057833466476366,8,0.25
13486,0.10268689234797065,8,0.375
13487,0.37072634315494085,8,0.625
13488,0.3781981970670141,8,0.625
13489,0.3781981970670141,8,0.625
13490,0.11604382407500566,8,0.375
13491,0.3781981970670141,8,0.625
13492,0.8874131539823605,18,0.9444444444444444
13493,0.7166027881489904,15,0.8666666666666667
13494,0.6594536169872491,12,0.8333333333333334
13495,0.4334566606363611,18,0.6666666666666666
13496,1.4099762558451874,18,1.0
13497,0.6956544648635367,18,0.8888888888888888
13498,0.7481987084782069,12,0.9166666666666666
13499,0.42174089256193514,15,0.6666666666666666
13500,-0.688739707284073,18,0.0
13501,0.01436673419464156,12,0.16666666666666666
13502,0.15444755818779268,12,0.3333333333333333
13503,-0.6773321734154091,15,0.0
13504,0.04849502107003625,12,0.25
13505,0.25631930336100356,15,0.4666666666666667
13506,-0.672205781208209,12,0.0
13507,0.6225118913514701,15,0.8
13508,0.7166027881489904,15,0.8666666666666667
13509,0.8342054228844156,12,0.9166666666666666
13510,0.5186434798736962,18,0.7222222222222222
13511,0.38689299250685033,15,0.6
13512,0.128953483257732,12,0.25
13513,-0.688739707284073,18,0.0
13514,-0.672205781208209,12,0.0
13515,-0.672205781208209,12,0.0
13516,-0.6688193145931507,12,0.0
13517,0.35898757457419816,8,0.625
13518,-0.672205781208209,12,0.0
13519,1.4099762558451874,18,1.0
13520,0.8350247242250637,18,0.9444444444444444
13521,0.5565188844240443,18,0.7777777777777778
13522,0.8350247242250637,18,0.9444444444444444
13523,0.8342054228844156,12,0.9166666666666666
13524,0.6346102501528397,18,0.8333333333333334
13525,0.8350247242250637,18,0.9444444444444444
13526,0.5830675359605247,15,0.8
13527,0.7410351337783168,18,0.8888888888888888
13528,0.8849035814517284,18,0.9444444444444444
13529,0.47775732788824016,18,0.7222222222222222
13530,0.6781532288417379,18,0.8888888888888888
13531,0.4622485178183672,8,0.75
13532,0.33185245585542195,8,0.625
13533,0.15966088457197444,18,0.3333333333333333
13534,0.1415783111527543,15,0.3333333333333333
13535,-0.6773321734154091,15,0.0
13536,-0.6773321734154091,15,0.0
13537,0.39025650625868513,15,0.6
13538,0.4127869343165791,15,0.6666666666666666
13539,0.4361157653369355,12,0.6666666666666666
13540,0.18225103867464493,18,0.3888888888888889
13541,0.6826150912744228,12,0.8333333333333334
13542,-0.04466551577046583,12,0.16666666666666666
13543,0.5929399468181341,18,0.7777777777777778
13544,0.40504232539605994,12,0.6666666666666666
13545,0.6750613090958371,18,0.8888888888888888
13546,0.019747008244359147,18,0.2222222222222222
13547,-0.6773321734154091,15,0.0
13548,0.061654912273365045,12,0.25
13549,-0.1885092546664554,15,0.06666666666666667
13550,0.1003283254363186,8,0.375
13551,-0.04847802117218242,8,0.25
13552,-0.04847802117218242,8,0.25
13553,0.06415587693586276,12,0.25
13554,-0.672205781208209,12,0.0
13555,-0.6773321734154091,15,0.0
13556,-0.672205781208209,12,0.0
13557,0.20106488260965863,15,0.4
13558,0.1735580535987012,12,0.4166666666666667
13559,0.19424676002459662,18,0.3888888888888889
13560,0.4529438572969429,15,0.6666666666666666
13561,0.7708759275265766,18,0.8888888888888888
13562,0.7296157727198792,15,0.8666666666666667
13563,-0.6688193145931507,12,0.0
13564,1.5263835442829736,8,1.0
13565,0.2744557416534169,15,0.4666666666666667
13566,0.3444777106496613,12,0.5833333333333334
13567,0.13765440398342468,12,0.3333333333333333
13568,0.13642036235542482,12,0.3333333333333333
13569,0.6702123775629217,18,0.8333333333333334
13570,-0.6773321734154091,15,0.0
13571,-0.6688193145931507,12,0.0
13572,-0.21999353238796548,15,0.06666666666666667
13573,-0.6688193145931507,12,0.0
13574,-0.672205781208209,12,0.0
13575,0.22112956767585343,8,0.5
13576,0.36644136851020265,8,0.625
13577,0.5758417927647985,8,0.75
13578,0.36644136851020265,8,0.625
13579,0.23426845397265209,8,0.5
13580,0.8026906717366153,8,0.875
13581,0.8026906717366153,8,0.875
13582,-0.672205781208209,12,0.0
13583,-0.6688193145931507,12,0.0
13584,-0.24749820722224491,8,0.125
13585,0.5143368319569557,12,0.75
13586,0.7481987084782069,12,0.9166666666666666
13587,0.7296157727198792,15,0.8666666666666667
13588,1.4099762558451874,18,1.0
13589,1.4099762558451874,18,1.0
13590,-0.6688193145931507,12,0.0
13591,-0.672205781208209,12,0.0
13592,0.15715063379803215,15,0.3333333333333333
13593,0.35157626453795426,12,0.5833333333333334
13594,0.6826150912744228,12,0.8333333333333334
13595,0.42174089256193514,15,0.6666666666666666
13596,0.5957290957063632,18,0.7777777777777778
13597,0.7709822197931078,18,0.8888888888888888
13598,0.41790245479245364,15,0.6666666666666666
13599,0.6382439369297805,15,0.8666666666666667
13600,1.4099762558451874,18,1.0
13601,0.453683607876404,12,0.6666666666666666
13602,1.4099762558451874,18,1.0
13603,-0.6688193145931507,12,0.0
13604,-0.18005608131857204,15,0.06666666666666667
13605,-0.1901883333533061,12,0.08333333333333333
13606,-0.6773321734154091,15,0.0
13607,0.6382899262612703,12,0.8333333333333334
13608,-0.6773321734154091,15,0.0
13609,0.10486402431929022,12,0.3333333333333333
13610,-0.6773321734154091,15,0.0
13611,-0.19447096700486755,12,0.08333333333333333
13612,0.7166027881489904,15,0.8666666666666667
13613,1.2150188994170226,12,1.0
13614,0.5596575125336719,15,0.8
13615,0.836511103177596,18,0.9444444444444444
13616,1.392920290175227,12,1.0
13617,0.8874131539823605,18,0.9444444444444444
13618,0.15920827392172224,18,0.3333333333333333
13619,0.49883415037519535,12,0.75
13620,0.1936057739700944,15,0.3333333333333333
13621,0.3444777106496613,12,0.5833333333333334
13622,0.4404676679666872,12,0.6666666666666666
13623,0.35866358044894386,18,0.5555555555555556
13624,-0.672205781208209,12,0.0
13625,-0.07331979873786555,12,0.08333333333333333
13626,0.303718149438762,12,0.5
13627,0.12662095010141936,12,0.3333333333333333
13628,0.10042934350959472,8,0.375
13629,-0.672205781208209,12,0.0
13630,0.577843194929675,15,0.8
13631,0.46686023037497093,12,0.75
13632,-0.672205781208209,12,0.0
13633,-0.6688193145931507,12,0.0
13634,-0.672205781208209,12,0.0
13635,0.1003283254363186,8,0.375
13636,-0.6688193145931507,12,0.0
13637,0.166483165240961,12,0.4166666666666667
13638,0.040608489046069354,12,0.25
13639,-0.6773321734154091,15,0.0
13640,-0.20791735760667607,15,0.06666666666666667
13641,-0.16914902986579908,8,0.125
13642,-0.6773321734154091,15,0.0
13643,0.409216031237072,12,0.6666666666666666
13644,-0.6688193145931507,12,0.0
13645,-0.672205781208209,12,0.0
13646,0.11978845301624308,12,0.25
13647,-0.10027501257914342,12,0.08333333333333333
13648,0.23426845397265209,8,0.5
13649,-0.04847802117218242,8,0.25
13650,-0.672205781208209,12,0.0
13651,1.5263835442829736,8,1.0
13652,1.5263835442829736,8,1.0
13653,-0.672205781208209,12,0.0
13654,-0.6773321734154091,15,0.0
13655,-0.6688193145931507,12,0.0
13656,-0.6688193145931507,12,0.0
13657,-0.1555693737787837,18,0.05555555555555555
13658,0.2378330570495213,8,0.5
13659,0.10042934350959472,8,0.375
13660,-0.24749820722224491,8,0.125
13661,0.22112956767585343,8,0.5
13662,0.8026906717366153,8,0.875
13663,0.2162534520256311,12,0.4166666666666667
13664,-0.6688193145931507,12,0.0
13665,-0.672205781208209,12,0.0
13666,0.8026906717366153,8,0.875
13667,1.5263835442829736,8,1.0
13668,0.2406539704443392,8,0.5
13669,-0.6688193145931507,12,0.0
13670,0.32098435111770174,8,0.625
13671,-0.6688193145931507,12,0.0
13672,-0.6773321734154091,15,0.0
13673,-0.6688193145931507,12,0.0
13674,-0.21999353238796548,15,0.06666666666666667
13675,0.03913827876512702,12,0.25
13676,-0.6688193145931507,12,0.0
13677,-0.672205781208209,12,0.0
13678,-0.672205781208209,12,0.0
13679,-0.6688193145931507,12,0.0
13680,-0.6688193145931507,12,0.0
13681,0.4622485178183672,8,0.75
13682,0.8026906717366153,8,0.875
13683,0.8026906717366153,8,0.875
13684,0.8026906717366153,8,0.875
13685,0.8026906717366153,8,0.875
13686,0.35898757457419816,8,0.625
13687,0.48668698985468406,8,0.75
13688,0.09840497927792767,8,0.375
13689,0.8026906717366153,8,0.875
13690,0.8026906717366153,8,0.875
13691,0.8026906717366153,8,0.875
13692,0.8026906717366153,8,0.875
13693,0.8026906717366153,8,0.875
13694,0.8026906717366153,8,0.875
13695,0.4622485178183672,8,0.75
13696,0.32098435111770174,8,0.625
13697,-0.6773321734154091,15,0.0
13698,-0.6688193145931507,12,0.0
13699,-0.672205781208209,12,0.0
13700,-0.04858723445613901,12,0.16666666666666666
13701,0.7296157727198792,15,0.8666666666666667
13702,0.8862569452298441,15,0.9333333333333333
13703,1.392920290175227,12,1.0
13704,0.16340704950401763,15,0.3333333333333333
13705,0.8862569452298441,15,0.9333333333333333
13706,0.6109360973753489,12,0.8333333333333334
13707,-0.6688193145931507,12,0.0
13708,-0.688739707284073,18,0.0
13709,-0.6688193145931507,12,0.0
13710,-0.6773321734154091,15,0.0
13711,-0.672205781208209,12,0.0
13712,-0.6773321734154091,15,0.0
13713,-0.688739707284073,18,0.0
13714,0.4915611478097174,12,0.75
13715,0.4538565931872248,12,0.6666666666666666
13716,0.03717465935214903,12,0.25
13717,-0.6688193145931507,12,0.0
13718,0.8026906717366153,8,0.875
13719,0.3891509864510362,18,0.6111111111111112
13720,-0.00856451932855747,18,0.16666666666666666
13721,0.3432421633145025,15,0.5333333333333333
13722,0.4622485178183672,8,0.75
13723,-0.04847802117218242,8,0.25
13724,0.8026906717366153,8,0.875
13725,0.28588534361465734,19,0.5263157894736842
13726,0.0964364042973854,8,0.375
13727,0.20297004929871837,12,0.4166666666666667
13728,0.4560654047177866,18,0.6666666666666666
13729,-0.6688193145931507,12,0.0
13730,0.23426845397265209,8,0.5
13731,-0.08337141763089385,9,0.2222222222222222
13732,0.13846550291812845,12,0.3333333333333333
13733,0.09684926481988176,12,0.25
13734,0.6153172795130097,18,0.8333333333333334
13735,-0.17753070801322768,15,0.06666666666666667
13736,0.37457077147998874,18,0.5555555555555556
13737,-0.6773321734154091,15,0.0
13738,0.02391847916843742,18,0.16666666666666666
13739,0.6343194493171745,18,0.8333333333333334
13740,-0.6773321734154091,15,0.0
13741,0.4828463675481066,18,0.7222222222222222
13742,0.46555751756176034,15,0.7333333333333333
13743,-0.6773321734154091,15,0.0
13744,0.42670314676940735,12,0.6666666666666666
13745,0.47627789089868955,15,0.7333333333333333
13746,0.7269041514082438,18,0.8888888888888888
13747,0.10118571200400614,15,0.26666666666666666
13748,0.40969920620883765,15,0.6666666666666666
13749,-0.6773321734154091,15,0.0
13750,-0.6773321734154091,15,0.0
13751,0.2657100158413305,15,0.4666666666666667
13752,-0.1742750720645074,12,0.08333333333333333
13753,0.4565343543431516,18,0.6666666666666666
13754,0.40969920620883765,15,0.6666666666666666
13755,-0.6773321734154091,15,0.0
13756,1.5263835442829736,8,1.0
13757,1.5263835442829736,8,1.0
13758,1.5263835442829736,8,1.0
13759,-0.8415279502369591,8,0.0
13760,-0.011589731312821469,18,0.16666666666666666
13761,-0.6773321734154091,15,0.0
13762,-0.04847802117218242,8,0.25
13763,1.4099762558451874,18,1.0
13764,1.4099762558451874,18,1.0
13765,1.4099762558451874,18,1.0
13766,1.392920290175227,12,1.0
13767,0.8862569452298441,15,0.9333333333333333
13768,1.4099762558451874,18,1.0
13769,1.2150188994170226,12,1.0
13770,1.4099762558451874,18,1.0
13771,0.8651193654169004,15,0.9333333333333333
13772,0.8026906717366153,8,0.875
13773,0.8026906717366153,8,0.875
13774,0.8026906717366153,8,0.875
13775,0.8026906717366153,8,0.875
13776,0.48668698985468406,8,0.75
13777,0.0964364042973854,8,0.375
13778,-0.04847802117218242,8,0.25
13779,0.47505946570503776,8,0.75
13780,0.8026906717366153,8,0.875
13781,-0.672205781208209,12,0.0
13782,0.31842352743080365,8,0.625
13783,0.36644136851020265,8,0.625
13784,0.5758417927647985,8,0.75
13785,0.5758417927647985,8,0.75
13786,1.5263835442829736,8,1.0
13787,-0.688739707284073,18,0.0
13788,0.5612285253605387,18,0.7777777777777778
13789,-0.672205781208209,12,0.0
13790,-0.6688193145931507,12,0.0
13791,0.1001785197864841,12,0.3333333333333333
13792,-0.20490227786874546,8,0.125
13793,1.5263835442829736,8,1.0
13794,0.8026906717366153,8,0.875
13795,0.8026906717366153,8,0.875
13796,-0.03329287283751326,8,0.25
13797,0.5758417927647985,8,0.75
13798,0.35898757457419816,8,0.625
13799,0.5758417927647985,8,0.75
13800,0.5758417927647985,8,0.75
13801,0.5758417927647985,8,0.75
13802,1.5263835442829736,8,1.0
13803,-0.6773321734154091,15,0.0
13804,-0.6773321734154091,15,0.0
13805,-0.672205781208209,12,0.0
13806,-0.6688193145931507,12,0.0
13807,-0.6688193145931507,12,0.0
13808,0.03080866366975586,15,0.2
13809,-0.6773321734154091,15,0.0
13810,-0.672205781208209,12,0.0
13811,0.5758417927647985,8,0.75
13812,-0.6688193145931507,12,0.0
13813,0.05306428571194919,12,0.25
13814,0.6225118913514701,15,0.8
13815,0.4421335317349943,15,0.6666666666666666
13816,0.3063066182666308,12,0.5
13817,-0.6773321734154091,15,0.0
13818,-0.21999353238796548,15,0.06666666666666667
13819,-0.672205781208209,12,0.0
13820,0.4661188234104438,12,0.75
13821,0.12958252320923921,12,0.3333333333333333
13822,-0.672205781208209,12,0.0
13823,0.1003283254363186,8,0.375
13824,0.5758417927647985,8,0.75
13825,0.3781981970670141,8,0.625
13826,0.3081502431314352,8,0.625
13827,0.8291459886797531,8,0.875
13828,0.09501444667937653,8,0.375
13829,0.5758417927647985,8,0.75
13830,0.8026906717366153,8,0.875
13831,1.5263835442829736,8,1.0
13832,1.5263835442829736,8,1.0
13833,1.5263835442829736,8,1.0
13834,0.8026906717366153,8,0.875
13835,-0.672205781208209,12,0.0
13836,-0.8415279502369591,8,0.0
13837,-0.06103901811755496,8,0.25
13838,0.2545668789579946,15,0.4666666666666667
13839,-0.6688193145931507,12,0.0
13840,0.6117776595114633,12,0.8333333333333334
13841,0.6225118913514701,15,0.8
13842,-0.6688193145931507,12,0.0
13843,0.22141158628369595,8,0.5
13844,0.23426845397265209,8,0.5
13845,-0.8415279502369591,8,0.0
13846,-0.672205781208209,12,0.0
13847,0.34216191837469223,12,0.5833333333333334
13848,-0.04130312161966576,12,0.16666666666666666
13849,-0.672205781208209,12,0.0
13850,-0.07008264741938494,15,0.13333333333333333
13851,0.11479970326590869,18,0.2777777777777778
13852,-0.6688193145931507,12,0.0
13853,1.5263835442829736,8,1.0
13854,1.5263835442829736,8,1.0
13855,1.5263835442829736,8,1.0
13856,0.8026906717366153,8,0.875
13857,0.3817497715430231,12,0.5833333333333334
13858,0.10486402431929022,12,0.3333333333333333
13859,-0.688739707284073,18,0.0
13860,0.10064171160309249,8,0.375
13861,-0.014237153966690697,8,0.25
13862,-0.672205781208209,12,0.0
13863,-0.14879026358620295,12,0.08333333333333333
13864,-0.6688193145931507,12,0.0
13865,0.753660537279109,18,0.8888888888888888
13866,-0.6773321734154091,15,0.0
13867,-0.672205781208209,12,0.0
13868,-0.17802159984942306,12,0.08333333333333333
13869,-0.6688193145931507,12,0.0
13870,-0.6688193145931507,12,0.0
13871,-0.688739707284073,18,0.0
13872,-0.04022403926301539,15,0.13333333333333333
13873,-0.688739707284073,18,0.0
13874,1.5263835442829736,8,1.0
13875,1.5263835442829736,8,1.0
13876,1.5263835442829736,8,1.0
13877,1.5263835442829736,8,1.0
13878,-0.24749820722224491,8,0.125
13879,-0.672205781208209,12,0.0
13880,-0.6688193145931507,12,0.0
13881,-0.672205781208209,12,0.0
13882,-0.6773321734154091,15,0.0
13883,-0.672205781208209,12,0.0
13884,-0.6688193145931507,12,0.0
13885,0.47521932398915245,15,0.7333333333333333
13886,-0.672205781208209,12,0.0
13887,-0.6688193145931507,12,0.0
13888,0.46899071431624256,8,0.75
13889,0.22416851868797,8,0.5
13890,0.47505946570503776,8,0.75
13891,0.0964364042973854,8,0.375
13892,0.0964364042973854,8,0.375
13893,0.5758417927647985,8,0.75
13894,0.5758417927647985,8,0.75
13895,0.5758417927647985,8,0.75
13896,0.8026906717366153,8,0.875
13897,0.8026906717366153,8,0.875
13898,0.5758417927647985,8,0.75
13899,-0.8415279502369591,8,0.0
13900,0.36644136851020265,8,0.625
13901,0.8026906717366153,8,0.875
13902,-0.6688193145931507,12,0.0
13903,-0.672205781208209,12,0.0
13904,-0.672205781208209,12,0.0
13905,-0.6688193145931507,12,0.0
13906,-0.672205781208209,12,0.0
13907,-0.052723583819379916,8,0.25
13908,0.12107118482475547,15,0.3333333333333333
13909,0.20977282724960358,15,0.4
13910,0.3781981970670141,8,0.625
13911,0.8026906717366153,8,0.875
13912,0.8026906717366153,8,0.875
13913,0.8026906717366153,8,0.875
13914,0.8026906717366153,8,0.875
13915,0.8026906717366153,8,0.875
13916,0.8026906717366153,8,0.875
13917,-0.6688193145931507,12,0.0
13918,1.2150188994170226,12,1.0
13919,0.8628598573781446,12,0.9166666666666666
13920,0.5758417927647985,8,0.75
13921,-0.6773321734154091,15,0.0
13922,0.4153837472600501,12,0.6666666666666666
13923,0.6225118913514701,15,0.8
13924,0.26028623354833924,18,0.4444444444444444
13925,0.7481987084782069,12,0.9166666666666666
13926,-0.6773321734154091,15,0.0
13927,0.8628598573781446,12,0.9166666666666666
13928,0.7568783622926704,15,0.9333333333333333
13929,-0.8415279502369591,8,0.0
13930,0.5758417927647985,8,0.75
13931,-0.24749820722224491,8,0.125
13932,-0.672205781208209,12,0.0
13933,-0.672205781208209,12,0.0
13934,-0.21438301332484988,18,0.05555555555555555
13935,-0.6688193145931507,12,0.0
13936,-0.688739707284073,18,0.0
13937,-0.672205781208209,12,0.0
13938,-0.16215884209060843,12,0.08333333333333333
13939,0.5758417927647985,8,0.75
13940,0.5758417927647985,8,0.75
13941,-0.1811690934570925,18,0.05555555555555555
13942,-0.16102160996978243,12,0.08333333333333333
13943,0.2190296135446081,12,0.4166666666666667
13944,0.5758417927647985,8,0.75
13945,-0.027949839397397997,8,0.25
13946,0.5758417927647985,8,0.75
13947,0.0964364042973854,8,0.375
13948,0.5012010636756127,12,0.75
13949,0.7709822197931078,18,0.8888888888888888
13950,0.35065178252085094,18,0.6111111111111112
13951,0.23385797152959475,12,0.4166666666666667
13952,0.4421727173226677,15,0.6666666666666666
13953,0.558133350994077,18,0.7777777777777778
13954,1.2150188994170226,12,1.0
13955,1.392920290175227,12,1.0
13956,0.18441305895949833,12,0.3333333333333333
13957,0.3814330784486087,15,0.6
13958,0.23023090845549252,18,0.3888888888888889
13959,-0.6688193145931507,12,0.0
13960,0.007048653435948511,15,0.2
13961,0.19070282716422768,18,0.3888888888888889
13962,0.3633018235830417,15,0.6
13963,-0.18005608131857204,15,0.06666666666666667
13964,-0.6688193145931507,12,0.0
13965,-0.15840101618179678,12,0.08333333333333333
13966,0.453683607876404,12,0.6666666666666666
13967,0.5593586334588933,18,0.7777777777777778
13968,0.030092625819237093,18,0.2222222222222222
13969,-0.672205781208209,12,0.0
13970,0.5239917060575274,12,0.75
13971,0.06506322610477035,12,0.25
13972,0.09840497927792767,8,0.375
13973,0.8026906717366153,8,0.875
13974,1.5263835442829736,8,1.0
13975,0.5817716541894167,12,0.8333333333333334
13976,-0.6688193145931507,12,0.0
13977,-0.6773321734154091,15,0.0
13978,-0.688739707284073,18,0.0
13979,-0.672205781208209,12,0.0
13980,0.5758417927647985,8,0.75
13981,-0.04847802117218242,8,0.25
13982,-0.6688193145931507,12,0.0
13983,0.06742515692260603,12,0.25
13984,-0.1140374022053491,12,0.08333333333333333
13985,-0.1568490131090503,12,0.08333333333333333
13986,0.5758417927647985,8,0.75
13987,-0.6688193145931507,12,0.0
13988,0.6133270916182113,18,0.8333333333333334
13989,0.5863761290593583,12,0.8333333333333334
13990,0.87228236087156,18,0.9444444444444444
13991,0.6676799145560608,18,0.8888888888888888
13992,1.2150188994170226,12,1.0
13993,0.5490071911721138,18,0.7777777777777778
13994,0.034352675292053485,15,0.2
13995,-0.672205781208209,12,0.0
13996,-0.16215884209060843,12,0.08333333333333333
13997,-0.0477012934509174,12,0.16666666666666666
13998,-0.6688193145931507,12,0.0
13999,0.49581894401445176,15,0.7333333333333333
14000,-0.672205781208209,12,0.0
14001,0.04367395145892991,12,0.25
14002,-0.672205781208209,12,0.0
14003,0.35898757457419816,8,0.625
14004,-0.07074545387121071,10,0.2
14005,0.2814818297186508,12,0.5
14006,0.8026906717366153,8,0.875
14007,0.8291459886797531,8,0.875
14008,1.5263835442829736,8,1.0
14009,0.274270236900326,15,0.4666666666666667
14010,-0.672205781208209,12,0.0
14011,0.2622425159558033,15,0.4666666666666667
14012,0.4017624100221447,15,0.6
14013,0.2113057152306315,12,0.4166666666666667
14014,0.5423855111017384,15,0.7333333333333333
14015,-0.1578754504855928,12,0.08333333333333333
14016,0.23426845397265209,8,0.5
14017,-0.02551661719868802,8,0.25
14018,0.21103622290946716,8,0.5
14019,-0.6773321734154091,15,0.0
14020,0.3139979931459384,18,0.5
14021,0.054315903143514616,15,0.26666666666666666
14022,0.10976607749056924,12,0.25
14023,-0.6773321734154091,15,0.0
14024,-0.1742750720645074,12,0.08333333333333333
14025,0.5677851137941317,12,0.75
14026,0.8862569452298441,15,0.9333333333333333
14027,-0.6688193145931507,12,0.0
14028,-0.21999353238796548,15,0.06666666666666667
14029,0.5759910550516928,12,0.8333333333333334
14030,0.23243962255475265,12,0.5
14031,1.5263835442829736,8,1.0
14032,1.5263835442829736,8,1.0
14033,0.5758417927647985,8,0.75
14034,-0.6773321734154091,15,0.0
14035,-0.04847802117218242,8,0.25
14036,0.8026906717366153,8,0.875
14037,0.8026906717366153,8,0.875
14038,0.8291459886797531,8,0.875
14039,0.8026906717366153,8,0.875
14040,0.5758417927647985,8,0.75
14041,0.5758417927647985,8,0.75
14042,0.7300303942091174,12,0.9166666666666666
14043,0.7671607842670082,12,0.9166666666666666
14044,-0.09082170214045804,18,0.1111111111111111
14045,0.028503942637926546,18,0.2222222222222222
14046,0.5758417927647985,8,0.75
14047,1.5263835442829736,8,1.0
14048,-0.1742750720645074,12,0.08333333333333333
14049,-0.2109351878853201,18,0.05555555555555555
14050,0.02232432080405005,12,0.16666666666666666
14051,0.5758417927647985,8,0.75
14052,-0.6773321734154091,15,0.0
14053,-0.672205781208209,12,0.0
14054,-0.6773321734154091,15,0.0
14055,0.5143368319569557,12,0.75
14056,0.21774890670681551,18,0.3888888888888889
14057,0.21774890670681551,18,0.3888888888888889
14058,0.8342054228844156,12,0.9166666666666666
14059,-0.672205781208209,12,0.0
14060,-0.688739707284073,18,0.0
14061,-0.6688193145931507,12,0.0
14062,0.09721897279462965,15,0.26666666666666666
14063,0.32947804611579135,18,0.5555555555555556
14064,0.8342054228844156,12,0.9166666666666666
14065,0.6712725728852315,18,0.8888888888888888
14066,0.4789710671811182,15,0.7333333333333333
14067,0.5151647150370279,15,0.7333333333333333
14068,0.3448801843519295,12,0.5833333333333334
14069,-0.07913529085700105,15,0.06666666666666667
14070,-0.18005608131857204,15,0.06666666666666667
14071,-0.6688193145931507,12,0.0
14072,0.8862569452298441,15,0.9333333333333333
14073,-0.010156459255668817,15,0.2
14074,1.4099762558451874,18,1.0
14075,0.6064967713310484,18,0.8333333333333334
14076,0.8874131539823605,18,0.9444444444444444
14077,0.3922595386174875,18,0.6111111111111112
14078,0.8342054228844156,12,0.9166666666666666
14079,0.32896944428673563,15,0.5333333333333333
14080,0.4008438473458854,18,0.6111111111111112
14081,0.24317515368100442,18,0.4444444444444444
14082,1.4099762558451874,18,1.0
14083,-0.672205781208209,12,0.0
14084,0.34731460643168416,12,0.5833333333333334
14085,0.8026906717366153,8,0.875
14086,1.5263835442829736,8,1.0
14087,0.8291459886797531,8,0.875
14088,1.5263835442829736,8,1.0
14089,1.5263835442829736,8,1.0
14090,0.44586510488384756,12,0.6666666666666666
14091,0.4188599489878126,18,0.6666666666666666
14092,0.6117776595114633,12,0.8333333333333334
14093,0.7296157727198792,15,0.8666666666666667
14094,0.7296157727198792,15,0.8666666666666667
14095,0.8342054228844156,12,0.9166666666666666
14096,1.4099762558451874,18,1.0
14097,-0.6688193145931507,12,0.0
14098,0.32906258637081764,12,0.5833333333333334
14099,-0.06985893366860349,12,0.16666666666666666
14100,-0.6688193145931507,12,0.0
14101,-0.6773321734154091,15,0.0
14102,-0.672205781208209,12,0.0
14103,-0.6688193145931507,12,0.0
14104,-0.688739707284073,18,0.0
14105,1.5263835442829736,8,1.0
14106,1.5263835442829736,8,1.0
14107,1.5263835442829736,8,1.0
14108,-0.6688193145931507,12,0.0
14109,-0.672205781208209,12,0.0
14110,-0.6773321734154091,15,0.0
14111,0.14213533928166405,12,0.3333333333333333
14112,1.4248023780387045,15,1.0
14113,-0.672205781208209,12,0.0
14114,-0.17802159984942306,12,0.08333333333333333
14115,-0.16215884209060843,12,0.08333333333333333
14116,0.6367487179779595,15,0.8
14117,0.5249373803144778,18,0.7222222222222222
14118,0.6826150912744228,12,0.8333333333333334
14119,0.2671725400963283,18,0.5
14120,0.5689842450677058,18,0.7777777777777778
14121,0.26323316001649544,12,0.5
14122,0.5758417927647985,8,0.75
14123,0.5742594424665447,15,0.8
14124,-0.6688193145931507,12,0.0
14125,0.11087555919090793,15,0.3333333333333333
14126,0.33257934933730604,15,0.6
14127,0.8026906717366153,8,0.875
14128,-0.672205781208209,12,0.0
14129,0.8026906717366153,8,0.875
14130,-0.05708347348268469,12,0.16666666666666666
14131,-0.672205781208209,12,0.0
14132,1.5263835442829736,8,1.0
14133,-0.672205781208209,12,0.0
14134,-0.6773321734154091,15,0.0
14135,-0.6773321734154091,15,0.0
14136,0.8291459886797531,8,0.875
14137,1.5263835442829736,8,1.0
14138,1.5263835442829736,8,1.0
14139,1.5263835442829736,8,1.0
14140,1.5263835442829736,8,1.0
14141,0.5758417927647985,8,0.75
14142,1.5263835442829736,8,1.0
14143,1.5263835442829736,8,1.0
14144,0.8026906717366153,8,0.875
14145,-0.6688193145931507,12,0.0
14146,-0.6688193145931507,12,0.0
14147,-0.672205781208209,12,0.0
14148,-0.688739707284073,18,0.0
14149,0.8026906717366153,8,0.875
14150,0.8026906717366153,8,0.875
14151,0.8026906717366153,8,0.875
14152,0.8026906717366153,8,0.875
14153,0.8026906717366153,8,0.875
14154,0.23679003826847378,8,0.5
14155,0.21774850570996618,8,0.5
14156,0.8026906717366153,8,0.875
14157,0.0067955518146372105,15,0.2
14158,0.32816905769204585,12,0.5833333333333334
14159,0.5427119201246505,12,0.75
14160,0.4622485178183672,8,0.75
14161,-0.6773321734154091,15,0.0
14162,-0.6688193145931507,12,0.0
14163,-0.672205781208209,12,0.0
14164,-0.05565094038297399,12,0.16666666666666666
14165,-0.672205781208209,12,0.0
14166,-0.6688193145931507,12,0.0
14167,0.37863087568218795,18,0.6111111111111112
14168,0.1062883261215848,15,0.3333333333333333
14169,-0.1555693737787837,18,0.05555555555555555
14170,-0.6688193145931507,12,0.0
14171,0.8342054228844156,12,0.9166666666666666
14172,0.8862569452298441,15,0.9333333333333333
14173,1.4099762558451874,18,1.0
14174,-0.07331979873786555,12,0.08333333333333333
14175,0.8026906717366153,8,0.875
14176,0.11604382407500566,8,0.375
14177,0.5758417927647985,8,0.75
14178,0.8026906717366153,8,0.875
14179,0.5758417927647985,8,0.75
14180,0.5758417927647985,8,0.75
14181,0.37072634315494085,8,0.625
14182,0.8026906717366153,8,0.875
14183,1.5263835442829736,8,1.0
14184,1.4099762558451874,18,1.0
14185,1.4099762558451874,18,1.0
14186,1.4248023780387045,15,1.0
14187,0.3342004961697105,12,0.5833333333333334
14188,1.392920290175227,12,1.0
14189,-0.6688193145931507,12,0.0
14190,-0.15840101618179678,12,0.08333333333333333
14191,-0.1901883333533061,12,0.08333333333333333
14192,1.5263835442829736,8,1.0
14193,0.4567376930490344,8,0.75
14194,-0.6688193145931507,12,0.0
14195,-0.012875594511606595,18,0.16666666666666666
14196,-0.672205781208209,12,0.0
14197,-0.6688193145931507,12,0.0
14198,-0.672205781208209,12,0.0
14199,0.48668698985468406,8,0.75
14200,0.2406539704443392,8,0.5
14201,0.2406539704443392,8,0.5
14202,0.1285786831337503,8,0.375
14203,0.2378330570495213,8,0.5
14204,-0.24749820722224491,8,0.125
14205,0.1003283254363186,8,0.375
14206,1.5263835442829736,8,1.0
14207,1.5263835442829736,8,1.0
14208,0.8026906717366153,8,0.875
14209,1.5263835442829736,8,1.0
14210,0.8628598573781446,12,0.9166666666666666
14211,0.11306352927343416,15,0.26666666666666666
14212,-0.04847802117218242,8,0.25
14213,-0.2721936921492215,9,0.1111111111111111
14214,-0.672205781208209,12,0.0
14215,1.5263835442829736,8,1.0
14216,-0.16999218331315502,12,0.08333333333333333
14217,0.35898757457419816,8,0.625
14218,0.8026906717366153,8,0.875
14219,-0.09946815421337141,18,0.1111111111111111
14220,-0.1140374022053491,12,0.08333333333333333
14221,0.31921331382201823,12,0.5833333333333334
14222,0.8026906717366153,8,0.875
14223,0.5758417927647985,8,0.75
14224,0.5758417927647985,8,0.75
14225,0.5758417927647985,8,0.75
14226,0.5758417927647985,8,0.75
14227,0.8026906717366153,8,0.875
14228,0.5758417927647985,8,0.75
14229,0.5758417927647985,8,0.75
14230,0.5758417927647985,8,0.75
14231,0.5758417927647985,8,0.75
14232,0.5758417927647985,8,0.75
14233,1.5263835442829736,8,1.0
14234,0.8026906717366153,8,0.875
14235,0.6674553880075866,9,0.7777777777777778
14236,0.8026906717366153,8,0.875
14237,0.6418646929584744,8,0.875
14238,0.8291459886797531,8,0.875
14239,-0.6688193145931507,12,0.0
14240,-0.13291673383296979,15,0.06666666666666667
14241,-0.688739707284073,18,0.0
14242,0.11744767405939492,12,0.3333333333333333
14243,-0.688739707284073,18,0.0
14244,1.5263835442829736,8,1.0
14245,0.8026906717366153,8,0.875
14246,-0.6688193145931507,12,0.0
14247,0.8026906717366153,8,0.875
14248,0.5758417927647985,8,0.75
14249,0.8026906717366153,8,0.875
14250,0.8026906717366153,8,0.875
14251,0.22416851868797,8,0.5
14252,-0.6773321734154091,15,0.0
14253,1.5263835442829736,8,1.0
14254,0.07826254362083924,8,0.375
14255,0.8026906717366153,8,0.875
14256,0.8026906717366153,8,0.875
14257,0.48668698985468406,8,0.75
14258,-0.03329287283751326,8,0.25
14259,0.8291459886797531,8,0.875
14260,0.35898757457419816,8,0.625
14261,-0.672205781208209,12,0.0
14262,0.1950498966051096,12,0.4166666666666667
14263,-0.6773321734154091,15,0.0
14264,0.2406539704443392,8,0.5
14265,0.3781981970670141,8,0.625
14266,0.8026906717366153,8,0.875
14267,0.2378330570495213,8,0.5
14268,0.5758417927647985,8,0.75
14269,0.8026906717366153,8,0.875
14270,0.8026906717366153,8,0.875
14271,0.5758417927647985,8,0.75
14272,0.5758417927647985,8,0.75
14273,0.8026906717366153,8,0.875
14274,0.5758417927647985,8,0.75
14275,0.8026906717366153,8,0.875
14276,0.2406539704443392,8,0.5
14277,0.5758417927647985,8,0.75
14278,-0.672205781208209,12,0.0
14279,-0.1885092546664554,15,0.06666666666666667
14280,-0.672205781208209,12,0.0
14281,-0.02551661719868802,8,0.25
14282,1.5263835442829736,8,1.0
14283,-0.24749820722224491,8,0.125
14284,0.1003283254363186,8,0.375
14285,-0.24749820722224491,8,0.125
14286,-0.672205781208209,12,0.0
14287,-0.2001465825803005,18,0.05555555555555555
14288,-0.6688193145931507,12,0.0
14289,-0.08445273797416476,15,0.13333333333333333
14290,0.1456655228156756,15,0.3333333333333333
14291,-0.0012675169736382054,18,0.16666666666666666
14292,0.35450407300667575,18,0.6111111111111112
14293,1.5263835442829736,8,1.0
14294,-0.0053893120358357305,8,0.25
14295,0.22416851868797,8,0.5
14296,0.23679003826847378,8,0.5
14297,0.47505946570503776,8,0.75
14298,-0.6688193145931507,12,0.0
14299,0.8651193654169004,15,0.9333333333333333
14300,1.2150188994170226,12,1.0
14301,1.4248023780387045,15,1.0
14302,0.32098435111770174,8,0.625
14303,-0.16215884209060843,12,0.08333333333333333
14304,0.6606763711816117,18,0.8888888888888888
14305,0.3220449638878298,12,0.5833333333333334
14306,0.031321921703243855,12,0.16666666666666666
14307,0.36766336924794946,12,0.5833333333333334
14308,0.10662479481064986,18,0.2777777777777778
14309,0.5282213014123436,18,0.7777777777777778
14310,0.36327607437468884,18,0.6111111111111112
14311,-0.672205781208209,12,0.0
14312,0.547075490061227,18,0.7777777777777778
14313,0.502927836901358,18,0.7222222222222222
14314,-0.16102160996978243,12,0.08333333333333333
14315,-0.030360722441468972,18,0.16666666666666666
14316,0.09705789633780455,15,0.26666666666666666
14317,-0.1578754504855928,12,0.08333333333333333
14318,0.8291459886797531,8,0.875
14319,-0.6773321734154091,15,0.0
14320,-0.24749820722224491,8,0.125
14321,0.3781981970670141,8,0.625
14322,0.5758417927647985,8,0.75
14323,0.8026906717366153,8,0.875
14324,-0.672205781208209,12,0.0
14325,0.30046346698493553,18,0.5
14326,0.2378330570495213,8,0.5
14327,-0.672205781208209,12,0.0
14328,0.4702523833847739,18,0.6666666666666666
14329,0.3608267801478821,18,0.5555555555555556
14330,0.36358898360633607,12,0.5833333333333334
14331,-0.2261819650766979,18,0.05555555555555555
14332,0.5976175047399117,9,0.7777777777777778
14333,0.8026906717366153,8,0.875
14334,1.392920290175227,12,1.0
14335,-0.061299210605054895,12,0.08333333333333333
14336,0.8026906717366153,8,0.875
14337,0.37072634315494085,8,0.625
14338,0.32309754437649796,8,0.625
14339,0.48668698985468406,8,0.75
14340,1.5263835442829736,8,1.0
14341,1.5263835442829736,8,1.0
14342,0.1003283254363186,8,0.375
14343,0.8026906717366153,8,0.875
14344,0.8026906717366153,8,0.875
14345,0.35898757457419816,8,0.625
14346,-0.24749820722224491,8,0.125
14347,1.5263835442829736,8,1.0
14348,0.31768572571111614,12,0.5833333333333334
14349,-0.672205781208209,12,0.0
14350,-0.11181800794005552,18,0.1111111111111111
14351,-0.688739707284073,18,0.0
14352,-0.6688193145931507,12,0.0
14353,0.5758417927647985,8,0.75
14354,0.5705731484677085,18,0.7777777777777778
14355,0.8628598573781446,12,0.9166666666666666
14356,1.4099762558451874,18,1.0
14357,-0.688739707284073,18,0.0
14358,1.5263835442829736,8,1.0
14359,-0.2109351878853201,18,0.05555555555555555
14360,0.8342054228844156,12,0.9166666666666666
14361,0.7481987084782069,12,0.9166666666666666
14362,0.746233192812105,18,0.8888888888888888
14363,1.5263835442829736,8,1.0
14364,0.8026906717366153,8,0.875
14365,0.8026906717366153,8,0.875
14366,-0.1742750720645074,12,0.08333333333333333
14367,0.08771545797115612,12,0.25
14368,-0.6773321734154091,15,0.0
14369,-0.1742750720645074,12,0.08333333333333333
14370,-0.6773321734154091,15,0.0
14371,0.46899071431624256,8,0.75
14372,0.5758417927647985,8,0.75
14373,0.5758417927647985,8,0.75
14374,0.5758417927647985,8,0.75
14375,1.5263835442829736,8,1.0
14376,1.5263835442829736,8,1.0
14377,1.5263835442829736,8,1.0
14378,0.8026906717366153,8,0.875
14379,1.5263835442829736,8,1.0
14380,0.8026906717366153,8,0.875
14381,0.10268689234797065,8,0.375
14382,1.5263835442829736,8,1.0
14383,0.11604382407500566,8,0.375
14384,1.4099762558451874,18,1.0
14385,0.8862569452298441,15,0.9333333333333333
14386,1.392920290175227,12,1.0
14387,-0.6688193145931507,12,0.0
14388,0.753660537279109,18,0.8888888888888888
14389,0.4622485178183672,8,0.75
14390,-0.24749820722224491,8,0.125
14391,0.1003283254363186,8,0.375
14392,-0.04847802117218242,8,0.25
14393,0.06550398097958303,15,0.26666666666666666
14394,0.5189993511563665,12,0.75
14395,-0.688739707284073,18,0.0
14396,0.8026906717366153,8,0.875
14397,0.8026906717366153,8,0.875
14398,0.8026906717366153,8,0.875
14399,0.8026906717366153,8,0.875
14400,0.8026906717366153,8,0.875
14401,0.8026906717366153,8,0.875
14402,0.8026906717366153,8,0.875
14403,0.8026906717366153,8,0.875
14404,0.8026906717366153,8,0.875
14405,0.8026906717366153,8,0.875
14406,0.8026906717366153,8,0.875
14407,0.8026906717366153,8,0.875
14408,0.5758417927647985,8,0.75
14409,0.8026906717366153,8,0.875
14410,0.8026906717366153,8,0.875
14411,0.8026906717366153,8,0.875
14412,0.8026906717366153,8,0.875
14413,0.8026906717366153,8,0.875
14414,0.8026906717366153,8,0.875
14415,0.8026906717366153,8,0.875
14416,0.8026906717366153,8,0.875
14417,0.4420592889852047,12,0.75
14418,0.8026906717366153,8,0.875
14419,0.8026906717366153,8,0.875
14420,0.2406539704443392,8,0.5
14421,0.5758417927647985,8,0.75
14422,-0.672205781208209,12,0.0
14423,-0.688739707284073,18,0.0
14424,0.8026906717366153,8,0.875
14425,1.5263835442829736,8,1.0
14426,1.5263835442829736,8,1.0
14427,1.5263835442829736,8,1.0
14428,1.5263835442829736,8,1.0
14429,1.5263835442829736,8,1.0
14430,1.5263835442829736,8,1.0
14431,0.8291459886797531,8,0.875
14432,0.42324371509952097,18,0.6666666666666666
14433,-0.16215884209060843,12,0.08333333333333333
14434,-0.6773321734154091,15,0.0
14435,0.2707537844991996,15,0.4666666666666667
14436,0.04895914862102909,12,0.25
14437,-0.672205781208209,12,0.0
14438,0.8026906717366153,8,0.875
14439,0.8026906717366153,8,0.875
14440,0.8026906717366153,8,0.875
14441,0.8026906717366153,8,0.875
14442,0.8026906717366153,8,0.875
14443,0.8026906717366153,8,0.875
14444,0.35911636680189823,8,0.625
14445,-0.06103901811755496,8,0.25
14446,-0.17165071830873366,8,0.125
14447,0.10064171160309249,8,0.375
14448,0.19366300948379994,8,0.5
14449,0.23426845397265209,8,0.5
14450,0.8026906717366153,8,0.875
14451,0.8026906717366153,8,0.875
14452,0.5758417927647985,8,0.75
14453,1.5263835442829736,8,1.0
14454,0.23426845397265209,8,0.5
14455,0.5758417927647985,8,0.75
14456,0.36644136851020265,8,0.625
14457,0.37272350559437684,12,0.6666666666666666
14458,-0.672205781208209,12,0.0
14459,0.2652179200206695,12,0.5
14460,0.5128150208444353,15,0.7333333333333333
14461,0.8433408349113976,18,0.9444444444444444
14462,0.9302573845090758,18,0.9444444444444444
14463,0.46899071431624256,8,0.75
14464,0.8026906717366153,8,0.875
14465,1.5263835442829736,8,1.0
14466,1.5263835442829736,8,1.0
14467,0.5758417927647985,8,0.75
14468,-0.688739707284073,18,0.0
14469,0.23220316306581143,12,0.4166666666666667
14470,0.004866493937978802,12,0.16666666666666666
14471,-0.03057833466476366,8,0.25
14472,-0.18005608131857204,15,0.06666666666666667
14473,-0.6688193145931507,12,0.0
14474,-0.6773321734154091,15,0.0
14475,0.2406539704443392,8,0.5
14476,0.5758417927647985,8,0.75
14477,0.5758417927647985,8,0.75
14478,0.5758417927647985,8,0.75
14479,0.5758417927647985,8,0.75
14480,0.8026906717366153,8,0.875
14481,0.5758417927647985,8,0.75
14482,1.5263835442829736,8,1.0
14483,0.8026906717366153,8,0.875
14484,0.8026906717366153,8,0.875
14485,0.8026906717366153,8,0.875
14486,0.8291459886797531,8,0.875
14487,0.8026906717366153,8,0.875
14488,0.8026906717366153,8,0.875
14489,0.8026906717366153,8,0.875
14490,0.8026906717366153,8,0.875
14491,-0.672205781208209,12,0.0
14492,-0.16102160996978243,12,0.08333333333333333
14493,1.5263835442829736,8,1.0
14494,1.5263835442829736,8,1.0
14495,1.5263835442829736,8,1.0
14496,1.5263835442829736,8,1.0
14497,1.5263835442829736,8,1.0
14498,1.5263835442829736,8,1.0
14499,1.5263835442829736,8,1.0
14500,1.5263835442829736,8,1.0
14501,1.5263835442829736,8,1.0
14502,1.5263835442829736,8,1.0
14503,-0.6688193145931507,12,0.0
14504,0.1003283254363186,8,0.375
14505,-0.672205781208209,12,0.0
14506,0.6750613090958371,18,0.8888888888888888
14507,0.2732595398801546,15,0.4666666666666667
14508,0.25968260189687714,12,0.5
14509,-0.0013803322299456994,12,0.16666666666666666
14510,0.19471576169164104,18,0.3888888888888889
14511,1.5263835442829736,8,1.0
14512,1.5263835442829736,8,1.0
14513,1.5263835442829736,8,1.0
14514,1.5263835442829736,8,1.0
14515,1.5263835442829736,8,1.0
14516,1.5263835442829736,8,1.0
14517,1.5263835442829736,8,1.0
14518,1.5263835442829736,8,1.0
14519,1.5263835442829736,8,1.0
14520,1.5263835442829736,8,1.0
14521,1.5263835442829736,8,1.0
14522,1.5263835442829736,8,1.0
14523,1.5263835442829736,8,1.0
14524,1.5263835442829736,8,1.0
14525,1.5263835442829736,8,1.0
14526,-0.672205781208209,12,0.0
14527,-0.01654998645551661,8,0.25
14528,0.35898757457419816,8,0.625
14529,1.5263835442829736,8,1.0
14530,1.5263835442829736,8,1.0
14531,1.5263835442829736,8,1.0
14532,0.5758417927647985,8,0.75
14533,0.5758417927647985,8,0.75
14534,0.8026906717366153,8,0.875
14535,0.8026906717366153,8,0.875
14536,0.8026906717366153,8,0.875
14537,0.8026906717366153,8,0.875
14538,0.8026906717366153,8,0.875
14539,0.8026906717366153,8,0.875
14540,0.8026906717366153,8,0.875
14541,1.5263835442829736,8,1.0
14542,1.5263835442829736,8,1.0
14543,1.5263835442829736,8,1.0
14544,0.8026906717366153,8,0.875
14545,1.5263835442829736,8,1.0
14546,1.5263835442829736,8,1.0
14547,1.5263835442829736,8,1.0
14548,0.8026906717366153,8,0.875
14549,0.8291459886797531,8,0.875
14550,1.5263835442829736,8,1.0
14551,1.5263835442829736,8,1.0
14552,0.8026906717366153,8,0.875
14553,1.5263835442829736,8,1.0
14554,-0.05565094038297399,12,0.16666666666666666
14555,0.09789696374361724,8,0.375
14556,0.5758417927647985,8,0.75
14557,0.5758417927647985,8,0.75
14558,0.3781981970670141,8,0.625
14559,0.22141158628369595,8,0.5
14560,0.2920162448984359,15,0.4666666666666667
14561,-0.03752733772394168,18,0.1111111111111111
14562,0.4755111267682815,12,0.75
14563,0.11637743996169642,18,0.2777777777777778
14564,0.8342054228844156,12,0.9166666666666666
14565,0.3038449255794998,15,0.5333333333333333
14566,1.5263835442829736,8,1.0
14567,1.5263835442829736,8,1.0
14568,1.5263835442829736,8,1.0
14569,1.5263835442829736,8,1.0
14570,1.5263835442829736,8,1.0
14571,-0.04847802117218242,8,0.25
14572,0.5758417927647985,8,0.75
14573,-0.24749820722224491,8,0.125
14574,0.5758417927647985,8,0.75
14575,0.5758417927647985,8,0.75
14576,0.5758417927647985,8,0.75
14577,0.22112956767585343,8,0.5
14578,0.36644136851020265,8,0.625
14579,0.35898757457419816,8,0.625
14580,0.22141158628369595,8,0.5
14581,0.35898757457419816,8,0.625
14582,0.5758417927647985,8,0.75
14583,0.8291459886797531,8,0.875
14584,0.5758417927647985,8,0.75
14585,0.8291459886797531,8,0.875
14586,0.5758417927647985,8,0.75
14587,0.8026906717366153,8,0.875
14588,0.5758417927647985,8,0.75
14589,0.8026906717366153,8,0.875
14590,0.8291459886797531,8,0.875
14591,0.42919000751259184,8,0.75
14592,0.38228793120901183,19,0.631578947368421
14593,0.5758417927647985,8,0.75
14594,0.5758417927647985,8,0.75
14595,0.8026906717366153,8,0.875
14596,0.8026906717366153,8,0.875
14597,-0.672205781208209,12,0.0
14598,0.14128801771454153,15,0.3333333333333333
14599,0.8628598573781446,12,0.9166666666666666
14600,-0.1780583912365987,12,0.08333333333333333
14601,-0.6688193145931507,12,0.0
14602,0.5758417927647985,8,0.75
14603,0.2406539704443392,8,0.5
14604,0.8291459886797531,8,0.875
14605,0.8291459886797531,8,0.875
14606,-0.6773321734154091,15,0.0
14607,0.8026906717366153,8,0.875
14608,0.5758417927647985,8,0.75
14609,-0.6688193145931507,12,0.0
14610,-0.1885092546664554,15,0.06666666666666667
14611,-0.688739707284073,18,0.0
14612,-0.037511689930502315,15,0.13333333333333333
14613,-0.15840101618179678,12,0.08333333333333333
14614,-0.18005608131857204,15,0.06666666666666667
14615,-0.17753070801322768,15,0.06666666666666667
14616,0.21960466771781972,15,0.4666666666666667
14617,0.5257331854173511,18,0.7777777777777778
14618,0.6225118913514701,15,0.8
14619,0.3860570567211872,18,0.6111111111111112
14620,0.165603390445873,18,0.3333333333333333
14621,0.27784249523330456,18,0.5
14622,0.06329695692650611,15,0.26666666666666666
14623,0.17099886532760447,15,0.4
14624,-0.16358831387598777,12,0.08333333333333333
14625,0.08384060021935477,15,0.26666666666666666
14626,0.0006722924640025585,15,0.2
14627,-0.6773321734154091,15,0.0
14628,-0.6688193145931507,12,0.0
14629,1.5263835442829736,8,1.0
14630,1.5263835442829736,8,1.0
14631,0.4800071667025016,18,0.7222222222222222
14632,0.5704893643907075,18,0.8333333333333334
14633,0.8026906717366153,8,0.875
14634,-0.672205781208209,12,0.0
14635,-0.672205781208209,12,0.0
14636,-0.04466551577046583,12,0.16666666666666666
14637,-0.6773321734154091,15,0.0
14638,1.392920290175227,12,1.0
14639,0.6132601030170624,8,0.875
14640,-0.033182838531086084,8,0.25
14641,0.6750613090958371,18,0.8888888888888888
14642,-0.8415279502369591,8,0.0
14643,-0.6773321734154091,15,0.0
14644,-0.672205781208209,12,0.0
14645,-0.6688193145931507,12,0.0
14646,-0.17802159984942306,12,0.08333333333333333
14647,-0.16102160996978243,12,0.08333333333333333
14648,0.36644136851020265,8,0.625
14649,0.32839992943455226,8,0.625
14650,0.4622485178183672,8,0.75
14651,0.8026906717366153,8,0.875
14652,0.8026906717366153,8,0.875
14653,0.8026906717366153,8,0.875
14654,0.36644136851020265,8,0.625
14655,0.8026906717366153,8,0.875
14656,0.5758417927647985,8,0.75
14657,0.4622485178183672,8,0.75
14658,0.8026906717366153,8,0.875
14659,0.5758417927647985,8,0.75
14660,0.8026906717366153,8,0.875
14661,0.5758417927647985,8,0.75
14662,0.8026906717366153,8,0.875
14663,0.8026906717366153,8,0.875
14664,0.5758417927647985,8,0.75
14665,0.8026906717366153,8,0.875
14666,0.8026906717366153,8,0.875
14667,0.32098435111770174,8,0.625
14668,0.4622485178183672,8,0.75
14669,0.35898757457419816,8,0.625
14670,0.5758417927647985,8,0.75
14671,0.5758417927647985,8,0.75
14672,0.3781981970670141,8,0.625
14673,0.5758417927647985,8,0.75
14674,0.8026906717366153,8,0.875
14675,0.8026906717366153,8,0.875
14676,0.5758417927647985,8,0.75
14677,0.5758417927647985,8,0.75
14678,0.5758417927647985,8,0.75
14679,0.22112956767585343,8,0.5
14680,-0.20490227786874546,8,0.125
14681,0.22416851868797,8,0.5
14682,0.22766694315565783,8,0.5
14683,0.36644136851020265,8,0.625
14684,0.8026906717366153,8,0.875
14685,0.8026906717366153,8,0.875
14686,1.5263835442829736,8,1.0
14687,1.5263835442829736,8,1.0
14688,1.5263835442829736,8,1.0
14689,-0.6773321734154091,15,0.0
14690,0.19785628072442057,8,0.5
14691,-0.672205781208209,12,0.0
14692,-0.688739707284073,18,0.0
14693,-0.688739707284073,18,0.0
14694,-0.6773321734154091,15,0.0
14695,0.8026906717366153,8,0.875
14696,0.48668698985468406,8,0.75
14697,0.8026906717366153,8,0.875
14698,0.8026906717366153,8,0.875
14699,0.8026906717366153,8,0.875
14700,-0.03057833466476366,8,0.25
14701,0.5758417927647985,8,0.75
14702,0.46899071431624256,8,0.75
14703,1.5263835442829736,8,1.0
14704,1.5263835442829736,8,1.0
14705,1.5263835442829736,8,1.0
14706,1.5263835442829736,8,1.0
14707,0.5038279188838966,8,0.75
14708,1.5263835442829736,8,1.0
14709,0.47505946570503776,8,0.75
14710,-0.04847802117218242,8,0.25
14711,1.5263835442829736,8,1.0
14712,1.5263835442829736,8,1.0
14713,0.5758417927647985,8,0.75
14714,0.40123906935282694,9,0.6666666666666666
14715,0.8026906717366153,8,0.875
14716,0.8026906717366153,8,0.875
14717,0.8026906717366153,8,0.875
14718,0.8026906717366153,8,0.875
14719,0.5758417927647985,8,0.75
14720,0.5758417927647985,8,0.75
14721,0.5758417927647985,8,0.75
14722,1.5263835442829736,8,1.0
14723,0.8291459886797531,8,0.875
14724,-0.672205781208209,12,0.0
14725,-0.672205781208209,12,0.0
14726,1.5263835442829736,8,1.0
14727,1.5263835442829736,8,1.0
14728,1.5263835442829736,8,1.0
14729,1.5263835442829736,8,1.0
14730,0.5758417927647985,8,0.75
14731,1.5263835442829736,8,1.0
14732,0.04895914862102909,12,0.25
14733,-0.6688193145931507,12,0.0
14734,0.8026906717366153,8,0.875
14735,1.5263835442829736,8,1.0
14736,-0.6688193145931507,12,0.0
14737,1.5263835442829736,8,1.0
14738,0.5676705767503116,19,0.7894736842105263
14739,0.35898757457419816,8,0.625
14740,0.5758417927647985,8,0.75
14741,0.4622485178183672,8,0.75
14742,0.5758417927647985,8,0.75
14743,-0.1885092546664554,15,0.06666666666666667
14744,-0.672205781208209,12,0.0
14745,-0.2302337000573627,18,0.05555555555555555
14746,0.8026906717366153,8,0.875
14747,0.46899071431624256,8,0.75
14748,0.6145641788437124,12,0.9166666666666666
14749,0.3877512464485219,15,0.6666666666666666
14750,-0.6773321734154091,15,0.0
14751,0.5759910550516928,12,0.8333333333333334
14752,0.4982841289410022,18,0.7222222222222222
14753,0.22534552828436485,18,0.4444444444444444
14754,-0.6688193145931507,12,0.0
14755,-0.6773321734154091,15,0.0
14756,-0.24749820722224491,8,0.125
14757,1.5263835442829736,8,1.0
14758,0.8026906717366153,8,0.875
14759,1.5263835442829736,8,1.0
14760,1.5263835442829736,8,1.0
14761,1.5263835442829736,8,1.0
14762,1.5263835442829736,8,1.0
14763,1.5263835442829736,8,1.0
14764,1.5263835442829736,8,1.0
14765,1.5263835442829736,8,1.0
14766,0.1003283254363186,8,0.375
14767,0.2406539704443392,8,0.5
14768,0.8026906717366153,8,0.875
14769,1.5263835442829736,8,1.0
14770,0.37072634315494085,8,0.625
14771,0.35898757457419816,8,0.625
14772,1.5263835442829736,8,1.0
14773,1.5263835442829736,8,1.0
14774,0.8291459886797531,8,0.875
14775,1.392920290175227,12,1.0
14776,0.11724107378011593,8,0.375
14777,-0.03329287283751326,8,0.25
14778,-0.24749820722224491,8,0.125
14779,-0.6688193145931507,12,0.0
14780,0.35898757457419816,8,0.625
14781,0.3781981970670141,8,0.625
14782,0.33185245585542195,8,0.625
14783,0.22141158628369595,8,0.5
14784,0.35898757457419816,8,0.625
14785,0.22766694315565783,8,0.5
14786,0.4567376930490344,8,0.75
14787,0.46899071431624256,8,0.75
14788,-0.03329287283751326,8,0.25
14789,0.35898757457419816,8,0.625
14790,0.22416851868797,8,0.5
14791,0.0964364042973854,8,0.375
14792,0.32839992943455226,8,0.625
14793,0.4622485178183672,8,0.75
14794,0.37072634315494085,8,0.625
14795,0.22766694315565783,8,0.5
14796,0.22766694315565783,8,0.5
14797,0.2406539704443392,8,0.5
14798,0.2378330570495213,8,0.5
14799,0.10268689234797065,8,0.375
14800,0.22416851868797,8,0.5
14801,-0.17299357879477972,8,0.125
14802,0.10414621936316296,8,0.375
14803,0.8026906717366153,8,0.875
14804,0.42919000751259184,8,0.75
14805,0.33185245585542195,8,0.625
14806,1.5263835442829736,8,1.0
14807,1.5263835442829736,8,1.0
14808,1.5263835442829736,8,1.0
14809,1.5263835442829736,8,1.0
14810,-0.6688193145931507,12,0.0
14811,-0.672205781208209,12,0.0
14812,0.25643447799418434,15,0.4666666666666667
14813,1.5263835442829736,8,1.0
14814,0.8291459886797531,8,0.875
14815,0.8026906717366153,8,0.875
14816,-0.044509870233405656,12,0.16666666666666666
14817,-0.0477012934509174,12,0.16666666666666666
14818,0.0964364042973854,8,0.375
14819,-0.672205781208209,12,0.0
14820,-0.6688193145931507,12,0.0
14821,-0.6773321734154091,15,0.0
14822,0.5758417927647985,8,0.75
14823,-0.672205781208209,12,0.0
14824,-0.6688193145931507,12,0.0
14825,0.8026906717366153,8,0.875
14826,0.8026906717366153,8,0.875
14827,0.8026906717366153,8,0.875
14828,0.8026906717366153,8,0.875
14829,0.8026906717366153,8,0.875
14830,0.8026906717366153,8,0.875
14831,0.8026906717366153,8,0.875
14832,0.8026906717366153,8,0.875
14833,0.8026906717366153,8,0.875
14834,0.8026906717366153,8,0.875
14835,0.8026906717366153,8,0.875
14836,0.8026906717366153,8,0.875
14837,0.8026906717366153,8,0.875
14838,1.5263835442829736,8,1.0
14839,0.3444777106496613,12,0.5833333333333334
14840,0.20590862365504378,15,0.4
14841,-0.8415279502369591,8,0.0
14842,0.36644136851020265,8,0.625
14843,0.2308248240072523,8,0.5
14844,0.36644136851020265,8,0.625
14845,0.37072634315494085,8,0.625
14846,0.5758417927647985,8,0.75
14847,0.36644136851020265,8,0.625
14848,0.5758417927647985,8,0.75
14849,0.5758417927647985,8,0.75
14850,0.2378330570495213,8,0.5
14851,0.23426845397265209,8,0.5
14852,0.5758417927647985,8,0.75
14853,0.2378330570495213,8,0.5
14854,0.5758417927647985,8,0.75
14855,0.37072634315494085,8,0.625
14856,0.5758417927647985,8,0.75
14857,0.5758417927647985,8,0.75
14858,0.5758417927647985,8,0.75
14859,0.5758417927647985,8,0.75
14860,0.5758417927647985,8,0.75
14861,0.5758417927647985,8,0.75
14862,0.5758417927647985,8,0.75
14863,0.5758417927647985,8,0.75
14864,0.5758417927647985,8,0.75
14865,0.5758417927647985,8,0.75
14866,0.5758417927647985,8,0.75
14867,0.23426845397265209,8,0.5
14868,0.32309754437649796,8,0.625
14869,0.5758417927647985,8,0.75
14870,0.5758417927647985,8,0.75
14871,0.37072634315494085,8,0.625
14872,0.2378330570495213,8,0.5
14873,0.5758417927647985,8,0.75
14874,0.36644136851020265,8,0.625
14875,0.5758417927647985,8,0.75
14876,0.5758417927647985,8,0.75
14877,0.5758417927647985,8,0.75
14878,0.5758417927647985,8,0.75
14879,0.5758417927647985,8,0.75
14880,0.5758417927647985,8,0.75
14881,0.5758417927647985,8,0.75
14882,0.09789696374361724,8,0.375
14883,0.37072634315494085,8,0.625
14884,0.36644136851020265,8,0.625
14885,0.46899071431624256,8,0.75
14886,0.46899071431624256,8,0.75
14887,-0.672205781208209,12,0.0
14888,0.2406539704443392,8,0.5
14889,0.5758417927647985,8,0.75
14890,0.07826254362083924,8,0.375
14891,1.5263835442829736,8,1.0
14892,1.5263835442829736,8,1.0
14893,-0.672205781208209,12,0.0
14894,-0.672205781208209,12,0.0
14895,-0.6688193145931507,12,0.0
14896,1.5263835442829736,8,1.0
14897,1.5263835442829736,8,1.0
14898,1.5263835442829736,8,1.0
14899,1.5263835442829736,8,1.0
14900,0.30075514588412056,12,0.5
14901,-0.16999218331315502,12,0.08333333333333333
14902,0.1003283254363186,8,0.375
14903,-0.672205781208209,12,0.0
14904,0.3444777106496613,12,0.5833333333333334
14905,-0.6688193145931507,12,0.0
14906,-0.04847802117218242,8,0.25
14907,-0.04847802117218242,8,0.25
14908,0.7036287294626528,12,0.9166666666666666
14909,0.8026906717366153,8,0.875
14910,1.5263835442829736,8,1.0
14911,1.5263835442829736,8,1.0
14912,0.39209360522518594,15,0.6
14913,0.8291459886797531,8,0.875
14914,0.5758417927647985,8,0.75
14915,0.5758417927647985,8,0.75
14916,0.5758417927647985,8,0.75
14917,0.8026906717366153,8,0.875
14918,0.47505946570503776,8,0.75
14919,-0.6773321734154091,15,0.0
14920,-0.672205781208209,12,0.0
14921,-0.6773321734154091,15,0.0
14922,-0.14063107307393796,12,0.08333333333333333
14923,0.8026906717366153,8,0.875
14924,0.3781981970670141,8,0.625
14925,-0.02551661719868802,8,0.25
14926,1.5263835442829736,8,1.0
14927,0.8026906717366153,8,0.875
14928,-0.24749820722224491,8,0.125
14929,0.5758417927647985,8,0.75
14930,-0.033182838531086084,8,0.25
14931,-0.2721936921492215,9,0.1111111111111111
14932,-0.24749820722224491,8,0.125
14933,1.5263835442829736,8,1.0
14934,1.5263835442829736,8,1.0
14935,1.5263835442829736,8,1.0
14936,0.19785628072442057,8,0.5
14937,1.5263835442829736,8,1.0
14938,1.5263835442829736,8,1.0
14939,1.5263835442829736,8,1.0
14940,0.5758417927647985,8,0.75
14941,-0.16358831387598777,12,0.08333333333333333
14942,0.030749169384265657,12,0.25
14943,1.5263835442829736,8,1.0
14944,0.8026906717366153,8,0.875
14945,1.5263835442829736,8,1.0
14946,0.8026906717366153,8,0.875
14947,0.8026906717366153,8,0.875
14948,0.5758417927647985,8,0.75
14949,0.5758417927647985,8,0.75
14950,0.8026906717366153,8,0.875
14951,1.5263835442829736,8,1.0
14952,1.5263835442829736,8,1.0
14953,1.5263835442829736,8,1.0
14954,1.5263835442829736,8,1.0
14955,1.5263835442829736,8,1.0
14956,-0.6688193145931507,12,0.0
14957,0.35898757457419816,8,0.625
14958,0.4622485178183672,8,0.75
14959,0.5758417927647985,8,0.75
14960,-0.6688193145931507,12,0.0
14961,-0.053807731914828225,12,0.16666666666666666
14962,-0.18747056154693073,15,0.06666666666666667
14963,1.5263835442829736,8,1.0
14964,1.5263835442829736,8,1.0
14965,1.5263835442829736,8,1.0
14966,1.5263835442829736,8,1.0
14967,1.5263835442829736,8,1.0
14968,0.8026906717366153,8,0.875
14969,1.5263835442829736,8,1.0
14970,1.5263835442829736,8,1.0
14971,0.8026906717366153,8,0.875
14972,1.5263835442829736,8,1.0
14973,0.8291459886797531,8,0.875
14974,-0.20490227786874546,8,0.125
14975,-0.6688193145931507,12,0.0
14976,0.4881834703355274,18,0.7222222222222222
14977,0.5218889224599689,18,0.7222222222222222
14978,0.9094149923102995,18,0.9444444444444444
14979,0.8651193654169004,15,0.9333333333333333
14980,-0.24749820722224491,8,0.125
14981,0.8026906717366153,8,0.875
14982,0.8291459886797531,8,0.875
14983,0.8026906717366153,8,0.875
14984,0.8291459886797531,8,0.875
14985,0.09789696374361724,8,0.375
14986,-0.672205781208209,12,0.0
14987,-0.672205781208209,12,0.0
14988,-0.6773321734154091,15,0.0
14989,0.4567376930490344,8,0.75
14990,0.4622485178183672,8,0.75
14991,0.8291459886797531,8,0.875
14992,-0.6773321734154091,15,0.0
14993,-0.6773321734154091,15,0.0
14994,-0.672205781208209,12,0.0
14995,0.8291459886797531,8,0.875
14996,0.1003283254363186,8,0.375
14997,0.5136247195474853,18,0.7777777777777778
14998,0.058789872815396375,12,0.25
14999,0.5416928070635985,18,0.7777777777777778
15000,0.318397846387006,18,0.5
15001,0.36644136851020265,8,0.625
15002,0.5758417927647985,8,0.75
15003,0.5758417927647985,8,0.75
15004,0.5758417927647985,8,0.75
15005,0.5758417927647985,8,0.75
15006,0.35898757457419816,8,0.625
15007,-0.1901883333533061,12,0.08333333333333333
15008,0.20437893028181067,12,0.4166666666666667
15009,0.5956362264300302,8,0.875
15010,0.10268689234797065,8,0.375
15011,0.49099366946372597,8,0.75
15012,-0.03329287283751326,8,0.25
15013,0.33185245585542195,8,0.625
15014,-0.04847802117218242,8,0.25
15015,-0.0859240733929396,15,0.13333333333333333
15016,-0.01165915362050957,12,0.16666666666666666
15017,-0.046289150897433774,12,0.16666666666666666
15018,0.8026906717366153,8,0.875
15019,0.17725731838156197,12,0.3333333333333333
15020,0.031066598594546125,12,0.25
15021,0.06342558490547551,15,0.26666666666666666
15022,0.44886676458101915,18,0.6666666666666666
15023,0.02495941547049122,15,0.2
15024,0.08317600684787406,15,0.26666666666666666
15025,1.5263835442829736,8,1.0
15026,1.5263835442829736,8,1.0
15027,1.5263835442829736,8,1.0
15028,1.5263835442829736,8,1.0
15029,0.8026906717366153,8,0.875
15030,1.5263835442829736,8,1.0
15031,0.8026906717366153,8,0.875
15032,1.5263835442829736,8,1.0
15033,1.5263835442829736,8,1.0
15034,1.5263835442829736,8,1.0
15035,1.5263835442829736,8,1.0
15036,1.5263835442829736,8,1.0
15037,1.5263835442829736,8,1.0
15038,1.5263835442829736,8,1.0
15039,1.5263835442829736,8,1.0
15040,-0.6688193145931507,12,0.0
15041,0.3781981970670141,8,0.625
15042,-0.24749820722224491,8,0.125
15043,-0.0028611924685088444,8,0.25
15044,0.2405173229699234,15,0.4666666666666667
15045,-0.6688193145931507,12,0.0
15046,-0.688739707284073,18,0.0
15047,0.8342054228844156,12,0.9166666666666666
15048,0.7166027881489904,15,0.8666666666666667
15049,0.3294743055306964,15,0.6
15050,0.5730296197234684,12,0.8333333333333334
15051,-0.672205781208209,12,0.0
15052,-0.1901883333533061,12,0.08333333333333333
15053,0.37072634315494085,8,0.625
15054,1.5263835442829736,8,1.0
15055,1.5263835442829736,8,1.0
15056,1.5263835442829736,8,1.0
15057,0.35898757457419816,8,0.625
15058,0.2308248240072523,8,0.5
15059,-0.03057833466476366,8,0.25
15060,0.37072634315494085,8,0.625
15061,-0.6688193145931507,12,0.0
15062,1.5263835442829736,8,1.0
15063,1.4099762558451874,18,1.0
15064,0.18441305895949833,12,0.3333333333333333
15065,0.8291459886797531,8,0.875
15066,0.22416851868797,8,0.5
15067,0.37072634315494085,8,0.625
15068,-0.04847802117218242,8,0.25
15069,0.37072634315494085,8,0.625
15070,1.5263835442829736,8,1.0
15071,0.5758417927647985,8,0.75
15072,1.5263835442829736,8,1.0
15073,0.8026906717366153,8,0.875
15074,0.5758417927647985,8,0.75
15075,0.8026906717366153,8,0.875
15076,0.5758417927647985,8,0.75
15077,0.11514890568033988,12,0.3333333333333333
15078,0.1623062218212327,18,0.3333333333333333
15079,-0.6773321734154091,15,0.0
15080,0.4622485178183672,8,0.75
15081,0.5758417927647985,8,0.75
15082,0.8026906717366153,8,0.875
15083,-0.672205781208209,12,0.0
15084,0.1049181317521947,12,0.3333333333333333
15085,-0.6688193145931507,12,0.0
15086,1.5263835442829736,8,1.0
15087,1.5263835442829736,8,1.0
15088,0.0964364042973854,8,0.375
15089,1.5263835442829736,8,1.0
15090,1.5263835442829736,8,1.0
15091,1.5263835442829736,8,1.0
15092,1.5263835442829736,8,1.0
15093,1.5263835442829736,8,1.0
15094,1.5263835442829736,8,1.0
15095,1.5263835442829736,8,1.0
15096,0.2591946151428566,15,0.4666666666666667
15097,0.10792359140646772,18,0.2777777777777778
15098,0.19746505166378578,12,0.4166666666666667
15099,0.001999455346132434,18,0.16666666666666666
15100,0.15194904687988595,18,0.3333333333333333
15101,0.023362522595447542,12,0.25
15102,0.052793077365567105,9,0.3333333333333333
15103,0.35898757457419816,8,0.625
15104,0.09789696374361724,8,0.375
15105,0.8026906717366153,8,0.875
15106,0.8026906717366153,8,0.875
15107,0.8026906717366153,8,0.875
15108,0.8026906717366153,8,0.875
15109,0.8026906717366153,8,0.875
15110,0.8026906717366153,8,0.875
15111,0.8026906717366153,8,0.875
15112,0.8026906717366153,8,0.875
15113,0.8026906717366153,8,0.875
15114,0.8026906717366153,8,0.875
15115,0.8026906717366153,8,0.875
15116,0.35911636680189823,8,0.625
15117,1.5263835442829736,8,1.0
15118,1.5263835442829736,8,1.0
15119,1.5263835442829736,8,1.0
15120,1.5263835442829736,8,1.0
15121,1.5263835442829736,8,1.0
15122,0.8026906717366153,8,0.875
15123,0.5758417927647985,8,0.75
15124,-0.8415279502369591,8,0.0
15125,0.22112956767585343,8,0.5
15126,0.5758417927647985,8,0.75
15127,0.6226969460736784,8,0.875
15128,0.5758417927647985,8,0.75
15129,0.5758417927647985,8,0.75
15130,0.8026906717366153,8,0.875
15131,0.0964364042973854,8,0.375
15132,0.46899071431624256,8,0.75
15133,0.22416851868797,8,0.5
15134,1.5263835442829736,8,1.0
15135,1.5263835442829736,8,1.0
15136,0.8291459886797531,8,0.875
15137,0.5758417927647985,8,0.75
15138,0.9094149923102995,18,0.9444444444444444
15139,0.09377221365953103,15,0.26666666666666666
15140,0.6116944717517488,15,0.8
15141,0.5435570489587189,18,0.7777777777777778
15142,-0.16358831387598777,12,0.08333333333333333
15143,0.3534814301003519,18,0.5555555555555556
15144,0.35831347162530247,18,0.6111111111111112
15145,0.12430713192921863,12,0.3333333333333333
15146,0.25100695541060214,18,0.4444444444444444
15147,0.5449263598711626,12,0.75
15148,0.3781981970670141,8,0.625
15149,0.22416851868797,8,0.5
15150,1.2150188994170226,12,1.0
15151,0.36644136851020265,8,0.625
15152,-0.672205781208209,12,0.0
15153,0.1551202604914542,12,0.3333333333333333
15154,-0.6688193145931507,12,0.0
15155,0.20871654450703508,8,0.5
15156,1.5263835442829736,8,1.0
15157,1.5263835442829736,8,1.0
15158,1.5263835442829736,8,1.0
15159,1.5263835442829736,8,1.0
15160,1.5263835442829736,8,1.0
15161,1.5263835442829736,8,1.0
15162,1.5263835442829736,8,1.0
15163,1.5263835442829736,8,1.0
15164,1.5263835442829736,8,1.0
15165,1.5263835442829736,8,1.0
15166,0.8026906717366153,8,0.875
15167,0.32098435111770174,8,0.625
15168,0.10268689234797065,8,0.375
15169,0.16528966164150494,9,0.4444444444444444
15170,0.5758417927647985,8,0.75
15171,0.029955491647396963,12,0.25
15172,-0.8415279502369591,8,0.0
15173,1.392920290175227,12,1.0
15174,0.5713756434742532,12,0.8333333333333334
15175,0.4567376930490344,8,0.75
15176,-0.672205781208209,12,0.0
15177,-0.20791735760667607,15,0.06666666666666667
15178,-0.6773321734154091,15,0.0
15179,-0.6688193145931507,12,0.0
15180,0.7306381363957071,15,0.8666666666666667
15181,0.7166027881489904,15,0.8666666666666667
15182,1.4099762558451874,18,1.0
15183,0.5286576851785905,12,0.75
15184,0.7423284750703014,18,0.8888888888888888
15185,0.3299928094078193,18,0.5555555555555556
15186,-0.6688193145931507,12,0.0
15187,0.32309754437649796,8,0.625
15188,0.11604382407500566,8,0.375
15189,0.3226611893210825,10,0.6
15190,0.20838091124156874,8,0.5
15191,1.5263835442829736,8,1.0
15192,1.5263835442829736,8,1.0
15193,0.5758417927647985,8,0.75
15194,0.8026906717366153,8,0.875
15195,1.5263835442829736,8,1.0
15196,1.5263835442829736,8,1.0
15197,1.5263835442829736,8,1.0
15198,1.5263835442829736,8,1.0
15199,0.8026906717366153,8,0.875
15200,0.8291459886797531,8,0.875
15201,0.8026906717366153,8,0.875
15202,0.8026906717366153,8,0.875
15203,0.8026906717366153,8,0.875
15204,0.8026906717366153,8,0.875
15205,1.5263835442829736,8,1.0
15206,0.8291459886797531,8,0.875
15207,1.5263835442829736,8,1.0
15208,1.5263835442829736,8,1.0
15209,0.12102081451486904,8,0.375
15210,0.0964364042973854,8,0.375
15211,-0.24749820722224491,8,0.125
15212,-0.0053893120358357305,8,0.25
15213,-0.6688193145931507,12,0.0
15214,-0.672205781208209,12,0.0
15215,1.5263835442829736,8,1.0
15216,0.3781981970670141,8,0.625
15217,1.5263835442829736,8,1.0
15218,0.33870120345928006,12,0.5833333333333334
15219,0.8026906717366153,8,0.875
15220,0.8291459886797531,8,0.875
15221,0.10414621936316296,8,0.375
15222,0.5758417927647985,8,0.75
15223,0.8026906717366153,8,0.875
15224,0.5758417927647985,8,0.75
15225,1.5263835442829736,8,1.0
15226,1.5263835442829736,8,1.0
15227,0.35898757457419816,8,0.625
15228,1.5263835442829736,8,1.0
15229,1.5263835442829736,8,1.0
15230,-0.07849418660409038,18,0.1111111111111111
15231,0.1925980926524092,18,0.3888888888888889
15232,1.392920290175227,12,1.0
15233,0.36358898360633607,12,0.5833333333333334
15234,0.8291459886797531,8,0.875
15235,0.1003283254363186,8,0.375
15236,0.09789696374361724,8,0.375
15237,0.36644136851020265,8,0.625
15238,0.22766694315565783,8,0.5
15239,-0.24749820722224491,8,0.125
15240,-0.6688193145931507,12,0.0
15241,0.8291459886797531,8,0.875
15242,0.8026906717366153,8,0.875
15243,0.8026906717366153,8,0.875
15244,-0.03057833466476366,8,0.25
15245,0.0971088560091227,8,0.375
15246,-0.6773321734154091,15,0.0
15247,-0.03329287283751326,8,0.25
15248,0.5758417927647985,8,0.75
15249,1.5263835442829736,8,1.0
15250,0.22416851868797,8,0.5
15251,1.5263835442829736,8,1.0
15252,1.5263835442829736,8,1.0
15253,-0.6688193145931507,12,0.0
15254,-0.1742750720645074,12,0.08333333333333333
15255,1.5263835442829736,8,1.0
15256,0.8026906717366153,8,0.875
15257,0.48668698985468406,8,0.75
15258,0.48668698985468406,8,0.75
15259,0.10042934350959472,8,0.375
15260,0.48668698985468406,8,0.75
15261,1.5263835442829736,8,1.0
15262,0.8291459886797531,8,0.875
15263,1.5263835442829736,8,1.0
15264,0.4622485178183672,8,0.75
15265,0.2378330570495213,8,0.5
15266,1.5263835442829736,8,1.0
15267,1.5263835442829736,8,1.0
15268,0.32081857800024627,12,0.5833333333333334
15269,0.5128150208444353,15,0.7333333333333333
15270,0.23679003826847378,8,0.5
15271,0.5290652549487371,18,0.7222222222222222
15272,1.2150188994170226,12,1.0
15273,-0.672205781208209,12,0.0
15274,-0.03057833466476366,8,0.25
15275,0.22766694315565783,8,0.5
15276,-0.24749820722224491,8,0.125
15277,-0.6688193145931507,12,0.0
15278,0.1254553922311357,12,0.3333333333333333
15279,0.42174089256193514,15,0.6666666666666666
15280,-0.0013803322299456994,12,0.16666666666666666
15281,0.35337529495247777,12,0.5833333333333334
15282,0.3928832931261575,18,0.6111111111111112
15283,0.4622485178183672,8,0.75
15284,0.8026906717366153,8,0.875
15285,0.5758417927647985,8,0.75
15286,0.8026906717366153,8,0.875
15287,0.8026906717366153,8,0.875
15288,0.3074602943916714,18,0.5555555555555556
15289,1.392920290175227,12,1.0
15290,0.35287062545312003,15,0.6
15291,0.26658006860366035,12,0.5
15292,-0.6688193145931507,12,0.0
15293,-0.672205781208209,12,0.0
15294,1.5263835442829736,8,1.0
15295,-0.04847802117218242,8,0.25
15296,0.5440128595399853,18,0.7777777777777778
15297,1.392920290175227,12,1.0
15298,0.7300303942091174,12,0.9166666666666666
15299,0.35898757457419816,8,0.625
15300,-0.17299357879477972,8,0.125
15301,0.8291459886797531,8,0.875
15302,0.35898757457419816,8,0.625
15303,0.5758417927647985,8,0.75
15304,0.8026906717366153,8,0.875
15305,0.8026906717366153,8,0.875
15306,0.5758417927647985,8,0.75
15307,-0.672205781208209,12,0.0
15308,-0.6773321734154091,15,0.0
15309,-0.8415279502369591,8,0.0
15310,-0.672205781208209,12,0.0
15311,0.35898757457419816,8,0.625
15312,0.35898757457419816,8,0.625
15313,-0.03329287283751326,8,0.25
15314,0.5758417927647985,8,0.75
15315,0.8026906717366153,8,0.875
15316,0.8026906717366153,8,0.875
15317,1.5263835442829736,8,1.0
15318,1.5263835442829736,8,1.0
15319,1.5263835442829736,8,1.0
15320,1.5263835442829736,8,1.0
15321,1.5263835442829736,8,1.0
15322,1.5263835442829736,8,1.0
15323,1.5263835442829736,8,1.0
15324,1.5263835442829736,8,1.0
15325,1.5263835442829736,8,1.0
15326,1.5263835442829736,8,1.0
15327,1.5263835442829736,8,1.0
15328,1.5263835442829736,8,1.0
15329,1.5263835442829736,8,1.0
15330,-0.09580993676907927,18,0.1111111111111111
15331,0.2271231267508946,18,0.4444444444444444
15332,1.5263835442829736,8,1.0
15333,0.049389977140112014,12,0.25
15334,0.8026906717366153,8,0.875
15335,0.22416851868797,8,0.5
15336,0.5758417927647985,8,0.75
15337,-0.672205781208209,12,0.0
15338,0.3781981970670141,8,0.625
15339,0.5758417927647985,8,0.75
15340,-0.03057833466476366,8,0.25
15341,-0.6688193145931507,12,0.0
15342,-0.672205781208209,12,0.0
15343,0.1003283254363186,8,0.375
15344,0.3781981970670141,8,0.625
15345,0.37072634315494085,8,0.625
15346,0.3781981970670141,8,0.625
15347,0.09789696374361724,8,0.375
15348,0.5758417927647985,8,0.75
15349,0.3781981970670141,8,0.625
15350,0.3781981970670141,8,0.625
15351,0.3781981970670141,8,0.625
15352,0.5758417927647985,8,0.75
15353,0.3781981970670141,8,0.625
15354,0.36644136851020265,8,0.625
15355,0.37072634315494085,8,0.625
15356,0.5758417927647985,8,0.75
15357,0.37072634315494085,8,0.625
15358,0.5758417927647985,8,0.75
15359,0.3781981970670141,8,0.625
15360,0.3781981970670141,8,0.625
15361,0.5758417927647985,8,0.75
15362,0.5758417927647985,8,0.75
15363,0.5758417927647985,8,0.75
15364,0.46899071431624256,8,0.75
15365,0.5758417927647985,8,0.75
15366,0.3781981970670141,8,0.625
15367,0.09789696374361724,8,0.375
15368,0.3781981970670141,8,0.625
15369,0.3781981970670141,8,0.625
15370,0.3781981970670141,8,0.625
15371,0.22141158628369595,8,0.5
15372,0.5758417927647985,8,0.75
15373,0.5758417927647985,8,0.75
15374,0.5758417927647985,8,0.75
15375,0.5758417927647985,8,0.75
15376,0.36644136851020265,8,0.625
15377,0.5758417927647985,8,0.75
15378,0.8026906717366153,8,0.875
15379,0.8026906717366153,8,0.875
15380,0.8026906717366153,8,0.875
15381,0.4622485178183672,8,0.75
15382,0.36644136851020265,8,0.625
15383,0.22766694315565783,8,0.5
15384,0.5758417927647985,8,0.75
15385,0.47505946570503776,8,0.75
15386,0.3781981970670141,8,0.625
15387,0.2378330570495213,8,0.5
15388,0.3781981970670141,8,0.625
15389,0.36644136851020265,8,0.625
15390,0.23426845397265209,8,0.5
15391,0.3781981970670141,8,0.625
15392,0.36644136851020265,8,0.625
15393,0.47505946570503776,8,0.75
15394,0.8026906717366153,8,0.875
15395,0.3151687691821849,8,0.625
15396,0.5758417927647985,8,0.75
15397,0.5758417927647985,8,0.75
15398,0.36644136851020265,8,0.625
15399,0.33185245585542195,8,0.625
15400,0.32839992943455226,8,0.625
15401,0.5758417927647985,8,0.75
15402,0.2378330570495213,8,0.5
15403,0.23426845397265209,8,0.5
15404,0.3781981970670141,8,0.625
15405,0.2378330570495213,8,0.5
15406,0.5758417927647985,8,0.75
15407,0.48668698985468406,8,0.75
15408,0.8026906717366153,8,0.875
15409,0.46899071431624256,8,0.75
15410,0.5758417927647985,8,0.75
15411,0.5758417927647985,8,0.75
15412,0.8026906717366153,8,0.875
15413,0.36644136851020265,8,0.625
15414,0.5758417927647985,8,0.75
15415,0.11370075243138987,8,0.375
15416,0.8026906717366153,8,0.875
15417,0.22309519033742053,8,0.5
15418,0.5266326277726934,18,0.7222222222222222
15419,0.31679643726458795,12,0.5833333333333334
15420,0.6418646929584744,8,0.875
15421,0.4622485178183672,8,0.75
15422,0.44330933708771697,9,0.6666666666666666
15423,0.11604382407500566,8,0.375
15424,0.8026906717366153,8,0.875
15425,0.8858068999952013,10,0.9
15426,0.5758417927647985,8,0.75
15427,0.3781981970670141,8,0.625
15428,-0.8415279502369591,8,0.0
15429,-0.24749820722224491,8,0.125
15430,-0.24749820722224491,8,0.125
15431,0.09789696374361724,8,0.375
15432,0.7166027881489904,15,0.8666666666666667
15433,0.37802134909492474,12,0.5833333333333334
15434,-0.21438301332484988,18,0.05555555555555555
15435,-0.15840101618179678,12,0.08333333333333333
15436,0.35337529495247777,12,0.5833333333333334
15437,1.5263835442829736,8,1.0
15438,1.5263835442829736,8,1.0
15439,1.5263835442829736,8,1.0
15440,-0.6688193145931507,12,0.0
15441,-0.672205781208209,12,0.0
15442,-0.17802159984942306,12,0.08333333333333333
15443,-0.6688193145931507,12,0.0
15444,0.07340791172826981,8,0.375
15445,1.5263835442829736,8,1.0
15446,-0.17753070801322768,15,0.06666666666666667
15447,1.5263835442829736,8,1.0
15448,0.23703640239370946,15,0.4666666666666667
15449,0.7108607327587236,15,0.8666666666666667
15450,0.6702123775629217,18,0.8333333333333334
15451,0.8342054228844156,12,0.9166666666666666
15452,0.1804806152997011,12,0.4166666666666667
15453,0.14742659937950234,15,0.3333333333333333
15454,-0.6688193145931507,12,0.0
15455,1.5263835442829736,8,1.0
15456,-0.039270503876459306,8,0.25
15457,0.31244683239640875,8,0.625
15458,-0.0477012934509174,12,0.16666666666666666
15459,0.034352675292053485,15,0.2
15460,-0.672205781208209,12,0.0
15461,0.6117776595114633,12,0.8333333333333334
15462,0.46899071431624256,8,0.75
15463,1.5263835442829736,8,1.0
15464,1.5263835442829736,8,1.0
15465,1.5263835442829736,8,1.0
15466,1.5263835442829736,8,1.0
15467,1.5263835442829736,8,1.0
15468,1.5263835442829736,8,1.0
15469,1.5263835442829736,8,1.0
15470,1.5263835442829736,8,1.0
15471,1.5263835442829736,8,1.0
15472,1.5263835442829736,8,1.0
15473,1.5263835442829736,8,1.0
15474,1.5263835442829736,8,1.0
15475,1.5263835442829736,8,1.0
15476,1.5263835442829736,8,1.0
15477,1.5263835442829736,8,1.0
15478,1.5263835442829736,8,1.0
15479,1.5263835442829736,8,1.0
15480,1.5263835442829736,8,1.0
15481,0.6064299814111904,12,0.8333333333333334
15482,0.4880605538967315,12,0.75
15483,1.4099762558451874,18,1.0
15484,-0.672205781208209,12,0.0
15485,-0.058809747131995556,12,0.16666666666666666
15486,-0.6688193145931507,12,0.0
15487,0.11329632938921555,15,0.3333333333333333
15488,0.5758417927647985,8,0.75
15489,1.5263835442829736,8,1.0
15490,1.5263835442829736,8,1.0
15491,1.5263835442829736,8,1.0
15492,0.8026906717366153,8,0.875
15493,1.5263835442829736,8,1.0
15494,1.5263835442829736,8,1.0
15495,0.22416851868797,8,0.5
15496,0.22141158628369595,8,0.5
15497,0.8026906717366153,8,0.875
15498,0.8026906717366153,8,0.875
15499,0.17778399852100216,15,0.4
15500,0.8874131539823605,18,0.9444444444444444
15501,0.8862569452298441,15,0.9333333333333333
15502,0.4070101651375623,18,0.6666666666666666
15503,1.4099762558451874,18,1.0
15504,1.2150188994170226,12,1.0
15505,0.4077567677413403,15,0.6666666666666666
15506,-0.16999218331315502,12,0.08333333333333333
15507,-0.672205781208209,12,0.0
15508,0.8026906717366153,8,0.875
15509,0.8291459886797531,8,0.875
15510,0.1003283254363186,8,0.375
15511,-0.04847802117218242,8,0.25
15512,0.5758417927647985,8,0.75
15513,0.22766694315565783,8,0.5
15514,-0.022358730881573897,12,0.16666666666666666
15515,0.09716169814869322,12,0.3333333333333333
15516,0.38829365942190336,12,0.6666666666666666
15517,0.35898757457419816,8,0.625
15518,0.37072634315494085,8,0.625
15519,0.36644136851020265,8,0.625
15520,1.5263835442829736,8,1.0
15521,0.8026906717366153,8,0.875
15522,-0.03057833466476366,8,0.25
15523,0.8291459886797531,8,0.875
15524,0.8026906717366153,8,0.875
15525,0.8026906717366153,8,0.875
15526,0.12102081451486904,8,0.375
15527,0.5758417927647985,8,0.75
15528,0.47505946570503776,8,0.75
15529,0.8026906717366153,8,0.875
15530,-0.02551661719868802,8,0.25
15531,0.5758417927647985,8,0.75
15532,0.2378330570495213,8,0.5
15533,0.2766376699348893,12,0.5
15534,0.035227319775109366,18,0.2222222222222222
15535,-0.1901883333533061,12,0.08333333333333333
15536,-0.6773321734154091,15,0.0
15537,0.8026906717366153,8,0.875
15538,0.8026906717366153,8,0.875
15539,0.5758417927647985,8,0.75
15540,-0.6688193145931507,12,0.0
15541,1.5263835442829736,8,1.0
15542,1.5263835442829736,8,1.0
15543,0.8026906717366153,8,0.875
15544,1.5263835442829736,8,1.0
15545,-0.24749820722224491,8,0.125
15546,1.5263835442829736,8,1.0
15547,1.5263835442829736,8,1.0
15548,1.5263835442829736,8,1.0
15549,0.8026906717366153,8,0.875
15550,1.5263835442829736,8,1.0
15551,0.7166027881489904,15,0.8666666666666667
15552,0.9094149923102995,18,0.9444444444444444
15553,-0.06414414058388601,12,0.16666666666666666
15554,-0.6773321734154091,15,0.0
15555,-0.6688193145931507,12,0.0
15556,0.5758417927647985,8,0.75
15557,0.5758417927647985,8,0.75
15558,0.5758417927647985,8,0.75
15559,0.8026906717366153,8,0.875
15560,0.8026906717366153,8,0.875
15561,0.8026906717366153,8,0.875
15562,0.8026906717366153,8,0.875
15563,0.8026906717366153,8,0.875
15564,0.8026906717366153,8,0.875
15565,0.5758417927647985,8,0.75
15566,0.8026906717366153,8,0.875
15567,0.8026906717366153,8,0.875
15568,0.5758417927647985,8,0.75
15569,0.5758417927647985,8,0.75
15570,0.8026906717366153,8,0.875
15571,0.5758417927647985,8,0.75
15572,0.8026906717366153,8,0.875
15573,0.8026906717366153,8,0.875
15574,0.5758417927647985,8,0.75
15575,0.8026906717366153,8,0.875
15576,0.21429119493263543,18,0.4444444444444444
15577,0.6044497829206167,8,0.875
15578,1.5263835442829736,8,1.0
15579,1.5263835442829736,8,1.0
15580,1.5263835442829736,8,1.0
15581,-0.672205781208209,12,0.0
15582,-0.672205781208209,12,0.0
15583,-0.688739707284073,18,0.0
15584,-0.6688193145931507,12,0.0
15585,1.5263835442829736,8,1.0
15586,1.5263835442829736,8,1.0
15587,1.5263835442829736,8,1.0
15588,1.5263835442829736,8,1.0
15589,-0.6688193145931507,12,0.0
15590,-0.6773321734154091,15,0.0
15591,-0.0078025527013743,18,0.16666666666666666
15592,1.4099762558451874,18,1.0
15593,-0.1901883333533061,12,0.08333333333333333
15594,-0.6773321734154091,15,0.0
15595,-0.03057833466476366,8,0.25
15596,0.8026906717366153,8,0.875
15597,0.22141158628369595,8,0.5
15598,0.8026906717366153,8,0.875
15599,0.8026906717366153,8,0.875
15600,0.8026906717366153,8,0.875
15601,0.8026906717366153,8,0.875
15602,0.8026906717366153,8,0.875
15603,0.8026906717366153,8,0.875
15604,0.8026906717366153,8,0.875
15605,0.8026906717366153,8,0.875
15606,0.8026906717366153,8,0.875
15607,0.8026906717366153,8,0.875
15608,0.8026906717366153,8,0.875
15609,0.8026906717366153,8,0.875
15610,0.8026906717366153,8,0.875
15611,0.8026906717366153,8,0.875
15612,0.8026906717366153,8,0.875
15613,0.8026906717366153,8,0.875
15614,0.8026906717366153,8,0.875
15615,-0.672205781208209,12,0.0
15616,0.5758417927647985,8,0.75
15617,-0.01654998645551661,8,0.25
15618,0.5758417927647985,8,0.75
15619,0.5758417927647985,8,0.75
15620,0.5758417927647985,8,0.75
15621,0.2099496469423391,18,0.4444444444444444
15622,-0.05565094038297399,12,0.16666666666666666
15623,0.04146480806390687,15,0.26666666666666666
15624,0.03549820243248718,18,0.2222222222222222
15625,0.8862569452298441,15,0.9333333333333333
15626,0.34140518455088975,18,0.5555555555555556
15627,0.8493152085957134,15,0.9333333333333333
15628,0.044652100505449814,12,0.25
15629,-0.672205781208209,12,0.0
15630,-0.04847802117218242,8,0.25
15631,-0.688739707284073,18,0.0
15632,0.4567376930490344,8,0.75
15633,1.5263835442829736,8,1.0
15634,1.5263835442829736,8,1.0
15635,1.5263835442829736,8,1.0
15636,0.47505946570503776,8,0.75
15637,-0.24749820722224491,8,0.125
15638,0.5286576851785905,12,0.75
15639,0.4283708927497636,15,0.6666666666666666
15640,0.8026906717366153,8,0.875
15641,0.5758417927647985,8,0.75
15642,-0.24749820722224491,8,0.125
15643,0.7296157727198792,15,0.8666666666666667
15644,-0.2109351878853201,18,0.05555555555555555
15645,-0.14879026358620295,12,0.08333333333333333
15646,0.3371366256487945,12,0.5833333333333334
15647,-0.1140374022053491,12,0.08333333333333333
15648,-0.24749820722224491,8,0.125
15649,-0.04847802117218242,8,0.25
15650,0.35898757457419816,8,0.625
15651,0.8026906717366153,8,0.875
15652,-0.672205781208209,12,0.0
15653,-0.6688193145931507,12,0.0
15654,-0.04847802117218242,8,0.25
15655,0.22141158628369595,8,0.5
15656,0.30521507508762225,18,0.5
15657,0.6553789196077432,15,0.8666666666666667
15658,-0.6688193145931507,12,0.0
15659,-0.672205781208209,12,0.0
15660,-0.6688193145931507,12,0.0
15661,0.35911636680189823,8,0.625
15662,0.48668698985468406,8,0.75
15663,1.5263835442829736,8,1.0
15664,0.4622485178183672,8,0.75
15665,0.4929695247813856,18,0.7222222222222222
15666,0.4055760002814457,18,0.6111111111111112
15667,0.2233288002049076,12,0.4166666666666667
15668,-0.05397686709964739,12,0.16666666666666666
15669,0.29103173430878393,12,0.5
15670,-0.6773321734154091,15,0.0
15671,-0.6688193145931507,12,0.0
15672,0.5758417927647985,8,0.75
15673,0.5432651992352744,12,0.8333333333333334
15674,-0.2261819650766979,18,0.05555555555555555
15675,0.1887693911436115,15,0.4
15676,0.21569609068730267,12,0.4166666666666667
15677,0.5145563060183374,15,0.8
15678,-0.6688193145931507,12,0.0
15679,-0.1780583912365987,12,0.08333333333333333
15680,0.5286576851785905,12,0.75
15681,-0.03504303475421119,12,0.16666666666666666
15682,0.3373544219266866,8,0.625
15683,0.2406539704443392,8,0.5
15684,1.5263835442829736,8,1.0
15685,1.5263835442829736,8,1.0
15686,-0.672205781208209,12,0.0
15687,-0.6688193145931507,12,0.0
15688,-0.672205781208209,12,0.0
15689,-0.20490227786874546,8,0.125
15690,-0.672205781208209,12,0.0
15691,-0.20490227786874546,8,0.125
15692,-0.17165071830873366,8,0.125
15693,0.2113057152306315,12,0.4166666666666667
15694,0.012366227733177054,15,0.2
15695,-0.6688193145931507,12,0.0
15696,-0.6688193145931507,12,0.0
15697,-0.672205781208209,12,0.0
15698,0.22416851868797,8,0.5
15699,0.8291459886797531,8,0.875
15700,0.2406539704443392,8,0.5
15701,0.061654912273365045,12,0.25
15702,-0.8415279502369591,8,0.0
15703,0.5758417927647985,8,0.75
15704,-0.03057833466476366,8,0.25
15705,-0.688739707284073,18,0.0
15706,1.4248023780387045,15,1.0
15707,0.8628598573781446,12,0.9166666666666666
15708,1.4099762558451874,18,1.0
15709,1.4099762558451874,18,1.0
15710,1.2150188994170226,12,1.0
15711,0.8862569452298441,15,0.9333333333333333
15712,1.4099762558451874,18,1.0
15713,1.4099762558451874,18,1.0
15714,1.4099762558451874,18,1.0
15715,0.8862569452298441,15,0.9333333333333333
15716,0.8342054228844156,12,0.9166666666666666
15717,0.8862569452298441,15,0.9333333333333333
15718,0.48668698985468406,8,0.75
15719,1.5263835442829736,8,1.0
15720,1.5263835442829736,8,1.0
15721,1.5263835442829736,8,1.0
15722,0.0964364042973854,8,0.375
15723,1.5263835442829736,8,1.0
15724,0.8026906717366153,8,0.875
15725,1.5263835442829736,8,1.0
15726,0.46899071431624256,8,0.75
15727,1.5263835442829736,8,1.0
15728,0.8026906717366153,8,0.875
15729,1.5263835442829736,8,1.0
15730,1.5263835442829736,8,1.0
15731,0.8026906717366153,8,0.875
15732,1.5263835442829736,8,1.0
15733,1.5263835442829736,8,1.0
15734,1.5263835442829736,8,1.0
15735,0.8026906717366153,8,0.875
15736,0.8026906717366153,8,0.875
15737,-0.03057833466476366,8,0.25
15738,-0.6688193145931507,12,0.0
15739,0.4146807707115215,12,0.6666666666666666
15740,-0.2302337000573627,18,0.05555555555555555
15741,-0.00856451932855747,18,0.16666666666666666
15742,-0.053099004552574776,15,0.13333333333333333
15743,0.26323316001649544,12,0.5
15744,-0.1885092546664554,15,0.06666666666666667
15745,-0.6688193145931507,12,0.0
15746,-0.017467239838928665,12,0.16666666666666666
15747,0.37072634315494085,8,0.625
15748,-0.6773321734154091,15,0.0
15749,0.2688885500625009,12,0.5
15750,-0.672205781208209,12,0.0
15751,0.22141158628369595,8,0.5
15752,0.46899071431624256,8,0.75
15753,0.5038279188838966,8,0.75
15754,0.09789696374361724,8,0.375
15755,1.5263835442829736,8,1.0
15756,1.5263835442829736,8,1.0
15757,0.8026906717366153,8,0.875
15758,0.8026906717366153,8,0.875
15759,0.8026906717366153,8,0.875
15760,0.8026906717366153,8,0.875
15761,0.8026906717366153,8,0.875
15762,0.8026906717366153,8,0.875
15763,1.5263835442829736,8,1.0
15764,1.5263835442829736,8,1.0
15765,1.5263835442829736,8,1.0
15766,1.5263835442829736,8,1.0
15767,1.5263835442829736,8,1.0
15768,1.5263835442829736,8,1.0
15769,0.8291459886797531,8,0.875
15770,-0.6688193145931507,12,0.0
15771,0.22766694315565783,8,0.5
15772,0.5758417927647985,8,0.75
15773,0.8026906717366153,8,0.875
15774,0.8026906717366153,8,0.875
15775,0.8026906717366153,8,0.875
15776,0.5758417927647985,8,0.75
15777,0.8026906717366153,8,0.875
15778,0.8026906717366153,8,0.875
15779,0.8026906717366153,8,0.875
15780,0.8026906717366153,8,0.875
15781,0.5758417927647985,8,0.75
15782,0.8026906717366153,8,0.875
15783,0.8026906717366153,8,0.875
15784,0.8026906717366153,8,0.875
15785,0.2378330570495213,8,0.5
15786,0.11724107378011593,8,0.375
15787,0.5758417927647985,8,0.75
15788,-0.6773321734154091,15,0.0
15789,-0.007432745826884283,15,0.2
15790,0.41196254608496713,15,0.6666666666666666
15791,-0.1901883333533061,12,0.08333333333333333
15792,-0.688739707284073,18,0.0
15793,0.24002525429256213,15,0.4666666666666667
15794,-0.0912832456593239,15,0.13333333333333333
15795,-0.6773321734154091,15,0.0
15796,-0.01081496400868938,15,0.2
15797,-0.04352048361196878,18,0.16666666666666666
15798,0.5079493708848063,18,0.7222222222222222
15799,0.327745817577108,18,0.5555555555555556
15800,0.2795809500178589,15,0.5333333333333333
15801,-0.0962882908763404,15,0.13333333333333333
15802,-0.688739707284073,18,0.0
15803,0.7166027881489904,15,0.8666666666666667
15804,-0.21234136567960318,15,0.06666666666666667
15805,-0.6688193145931507,12,0.0
15806,-0.6773321734154091,15,0.0
15807,-0.6773321734154091,15,0.0
15808,-0.21999353238796548,15,0.06666666666666667
15809,-0.688739707284073,18,0.0
15810,-0.21438301332484988,18,0.05555555555555555
15811,-0.6773321734154091,15,0.0
15812,-0.6773321734154091,15,0.0
15813,-0.6773321734154091,15,0.0
15814,-0.6773321734154091,15,0.0
15815,-0.688739707284073,18,0.0
15816,-0.6688193145931507,12,0.0
15817,-0.1901883333533061,12,0.08333333333333333
15818,-0.12033973969640833,18,0.1111111111111111
15819,-0.6688193145931507,12,0.0
15820,-0.1901883333533061,12,0.08333333333333333
15821,0.35911636680189823,8,0.625
15822,1.5263835442829736,8,1.0
15823,0.10709077926604682,12,0.3333333333333333
15824,0.10831789513757221,12,0.3333333333333333
15825,1.5263835442829736,8,1.0
15826,1.5263835442829736,8,1.0
15827,1.5263835442829736,8,1.0
15828,-0.6773321734154091,15,0.0
15829,-0.6688193145931507,12,0.0
15830,-0.6688193145931507,12,0.0
15831,0.43798311116678545,18,0.6666666666666666
15832,0.2584874924131372,18,0.4444444444444444
15833,-0.024194552689334573,18,0.16666666666666666
15834,0.1886715639402691,15,0.4
15835,0.4880605538967315,12,0.75
15836,0.5758417927647985,8,0.75
15837,0.09501444667937653,8,0.375
15838,0.8026906717366153,8,0.875
15839,0.48668698985468406,8,0.75
15840,0.8026906717366153,8,0.875
15841,0.11881729291914477,8,0.375
15842,-0.24749820722224491,8,0.125
15843,-0.24749820722224491,8,0.125
15844,-0.24749820722224491,8,0.125
15845,0.46899071431624256,8,0.75
15846,0.7269041514082438,18,0.8888888888888888
15847,0.6343194493171745,18,0.8333333333333334
15848,0.4484635158920014,12,0.6666666666666666
15849,1.2150188994170226,12,1.0
15850,0.5508059187047418,18,0.7777777777777778
15851,0.8342054228844156,12,0.9166666666666666
15852,0.2378330570495213,8,0.5
15853,0.11604382407500566,8,0.375
15854,0.8026906717366153,8,0.875
15855,0.8026906717366153,8,0.875
15856,0.8026906717366153,8,0.875
15857,0.8026906717366153,8,0.875
15858,0.8026906717366153,8,0.875
15859,0.8026906717366153,8,0.875
15860,0.8026906717366153,8,0.875
15861,0.8026906717366153,8,0.875
15862,0.8026906717366153,8,0.875
15863,0.8026906717366153,8,0.875
15864,0.8026906717366153,8,0.875
15865,0.8026906717366153,8,0.875
15866,0.8026906717366153,8,0.875
15867,0.8026906717366153,8,0.875
15868,0.8026906717366153,8,0.875
15869,0.8026906717366153,8,0.875
15870,0.8026906717366153,8,0.875
15871,0.5758417927647985,8,0.75
15872,0.09789696374361724,8,0.375
15873,-0.24749820722224491,8,0.125
15874,-0.04847802117218242,8,0.25
15875,-0.1140374022053491,12,0.08333333333333333
15876,0.6451105618653413,12,0.8333333333333334
15877,0.09789696374361724,8,0.375
15878,0.8026906717366153,8,0.875
15879,0.8026906717366153,8,0.875
15880,0.8026906717366153,8,0.875
15881,0.48668698985468406,8,0.75
15882,0.8026906717366153,8,0.875
15883,0.8026906717366153,8,0.875
15884,0.8026906717366153,8,0.875
15885,0.8026906717366153,8,0.875
15886,0.8026906717366153,8,0.875
15887,0.8026906717366153,8,0.875
15888,-0.6688193145931507,12,0.0
15889,0.8026906717366153,8,0.875
15890,0.8026906717366153,8,0.875
15891,0.8026906717366153,8,0.875
15892,0.0964364042973854,8,0.375
15893,0.23679003826847378,8,0.5
15894,-0.014237153966690697,8,0.25
15895,0.8291459886797531,8,0.875
15896,0.0964364042973854,8,0.375
15897,1.5263835442829736,8,1.0
15898,-0.24749820722224491,8,0.125
15899,-0.24749820722224491,8,0.125
15900,-0.03057833466476366,8,0.25
15901,1.5263835442829736,8,1.0
15902,1.5263835442829736,8,1.0
15903,0.8026906717366153,8,0.875
15904,1.5263835442829736,8,1.0
15905,1.5263835442829736,8,1.0
15906,0.8026906717366153,8,0.875
15907,1.5263835442829736,8,1.0
15908,0.21774850570996618,8,0.5
15909,0.49266326946344413,18,0.7222222222222222
15910,0.510723133799687,18,0.7222222222222222
15911,0.36358898360633607,12,0.5833333333333334
15912,0.20871654450703508,8,0.5
15913,0.8026906717366153,8,0.875
15914,0.8026906717366153,8,0.875
15915,0.22112956767585343,8,0.5
15916,0.8026906717366153,8,0.875
15917,0.8026906717366153,8,0.875
15918,-0.11181800794005552,18,0.1111111111111111
15919,0.183509353918875,12,0.4166666666666667
15920,0.5758417927647985,8,0.75
15921,0.5758417927647985,8,0.75
15922,0.5758417927647985,8,0.75
15923,0.8026906717366153,8,0.875
15924,0.5758417927647985,8,0.75
15925,0.5758417927647985,8,0.75
15926,-0.6773321734154091,15,0.0
15927,-0.6773321734154091,15,0.0
15928,-0.6688193145931507,12,0.0
15929,0.8291459886797531,8,0.875
15930,0.7166027881489904,15,0.8666666666666667
15931,1.4099762558451874,18,1.0
15932,1.392920290175227,12,1.0
15933,0.5596575125336719,15,0.8
15934,-0.033182838531086084,8,0.25
15935,0.0964364042973854,8,0.375
15936,0.3781981970670141,8,0.625
15937,1.5263835442829736,8,1.0
15938,-0.03057833466476366,8,0.25
15939,0.5224401918020113,8,0.75
15940,-0.6688193145931507,12,0.0
15941,-0.672205781208209,12,0.0
15942,-0.6688193145931507,12,0.0
15943,-0.672205781208209,12,0.0
15944,0.11840388848253507,12,0.3333333333333333
15945,0.8026906717366153,8,0.875
15946,0.6295071653038931,10,0.8
15947,0.22141158628369595,8,0.5
15948,1.5263835442829736,8,1.0
15949,0.22416851868797,8,0.5
15950,-0.03329287283751326,8,0.25
15951,0.1953473056541026,8,0.5
15952,0.2378330570495213,8,0.5
15953,0.22766694315565783,8,0.5
15954,0.08413300749146022,12,0.25
15955,-0.6688193145931507,12,0.0
15956,0.8026906717366153,8,0.875
15957,0.8026906717366153,8,0.875
15958,0.8026906717366153,8,0.875
15959,0.5758417927647985,8,0.75
15960,0.8026906717366153,8,0.875
15961,0.5758417927647985,8,0.75
15962,0.8291459886797531,8,0.875
15963,1.5263835442829736,8,1.0
15964,0.4567376930490344,8,0.75
15965,1.5263835442829736,8,1.0
15966,0.5758417927647985,8,0.75
15967,0.6365563962667029,15,0.8666666666666667
15968,-0.672205781208209,12,0.0
15969,0.33185245585542195,8,0.625
15970,-0.19447096700486755,12,0.08333333333333333
15971,-0.6688193145931507,12,0.0
15972,-0.6688193145931507,12,0.0
15973,0.8026906717366153,8,0.875
15974,0.5758417927647985,8,0.75
15975,-0.672205781208209,12,0.0
15976,-0.672205781208209,12,0.0
15977,-0.6688193145931507,12,0.0
15978,-0.21999353238796548,15,0.06666666666666667
15979,-0.6688193145931507,12,0.0
15980,-0.6773321734154091,15,0.0
15981,-0.672205781208209,12,0.0
15982,-0.672205781208209,12,0.0
15983,1.5263835442829736,8,1.0
15984,1.5263835442829736,8,1.0
15985,1.5263835442829736,8,1.0
15986,1.5263835442829736,8,1.0
15987,0.8026906717366153,8,0.875
15988,1.5263835442829736,8,1.0
15989,1.5263835442829736,8,1.0
15990,1.5263835442829736,8,1.0
15991,0.5758417927647985,8,0.75
15992,1.5263835442829736,8,1.0
15993,0.22141158628369595,8,0.5
15994,1.5263835442829736,8,1.0
15995,0.5758417927647985,8,0.75
15996,0.5758417927647985,8,0.75
15997,-0.17802159984942306,12,0.08333333333333333
15998,1.4099762558451874,18,1.0
15999,0.19418487244338378,18,0.3888888888888889
16000,0.25631930336100356,15,0.4666666666666667
16001,-0.06985893366860349,12,0.16666666666666666
16002,0.46488756791715224,15,0.6666666666666666
16003,0.08047534889704727,18,0.2777777777777778
16004,0.3851051436400749,18,0.6111111111111112
16005,0.35898757457419816,8,0.625
16006,0.8026906717366153,8,0.875
16007,0.22766694315565783,8,0.5
16008,0.2084277202261505,12,0.4166666666666667
16009,-0.672205781208209,12,0.0
16010,0.2123285743305106,15,0.4
16011,0.4753477679456096,12,0.6666666666666666
16012,-0.15840101618179678,12,0.08333333333333333
16013,-0.04022403926301539,15,0.13333333333333333
16014,-0.04847802117218242,8,0.25
16015,0.35898757457419816,8,0.625
16016,0.3265282414341029,18,0.5555555555555556
16017,0.8026906717366153,8,0.875
16018,0.8026906717366153,8,0.875
16019,-0.6688193145931507,12,0.0
16020,-0.672205781208209,12,0.0
16021,0.8291459886797531,8,0.875
16022,1.5263835442829736,8,1.0
16023,1.5263835442829736,8,1.0
16024,1.5263835442829736,8,1.0
16025,-0.04847802117218242,8,0.25
16026,0.4527578949034937,18,0.6666666666666666
16027,0.35337529495247777,12,0.5833333333333334
16028,-0.24749820722224491,8,0.125
16029,1.5263835442829736,8,1.0
16030,0.8026906717366153,8,0.875
16031,-0.24749820722224491,8,0.125
16032,-0.04847802117218242,8,0.25
16033,-0.04847802117218242,8,0.25
16034,-0.03329287283751326,8,0.25
16035,-0.24749820722224491,8,0.125
16036,0.22416851868797,8,0.5
16037,0.5758417927647985,8,0.75
16038,0.4137946293682718,12,0.6666666666666666
16039,0.6727029082924817,18,0.8888888888888888
16040,0.46658112836066673,15,0.7333333333333333
16041,-0.06414414058388601,12,0.16666666666666666
16042,0.1703182175211257,12,0.4166666666666667
16043,0.5449263598711626,12,0.75
16044,-0.688739707284073,18,0.0
16045,-0.1742750720645074,12,0.08333333333333333
16046,-0.688739707284073,18,0.0
16047,0.14762302720017997,12,0.3333333333333333
16048,-0.24749820722224491,8,0.125
16049,0.3812879727332128,15,0.6
16050,-0.6773321734154091,15,0.0
16051,-0.8415279502369591,8,0.0
16052,-0.24749820722224491,8,0.125
16053,0.6226969460736784,8,0.875
16054,0.8026906717366153,8,0.875
16055,0.8026906717366153,8,0.875
16056,0.8026906717366153,8,0.875
16057,0.8026906717366153,8,0.875
16058,0.8026906717366153,8,0.875
16059,0.8026906717366153,8,0.875
16060,0.8026906717366153,8,0.875
16061,0.8026906717366153,8,0.875
16062,0.8026906717366153,8,0.875
16063,0.8026906717366153,8,0.875
16064,-0.17802159984942306,12,0.08333333333333333
16065,1.5263835442829736,8,1.0
16066,1.5263835442829736,8,1.0
16067,-0.6773321734154091,15,0.0
16068,-0.6688193145931507,12,0.0
16069,0.22416851868797,8,0.5
16070,-0.16102160996978243,12,0.08333333333333333
16071,-0.6688193145931507,12,0.0
16072,-0.1885092546664554,15,0.06666666666666667
16073,-0.672205781208209,12,0.0
16074,1.5263835442829736,8,1.0
16075,1.5263835442829736,8,1.0
16076,1.5263835442829736,8,1.0
16077,1.5263835442829736,8,1.0
16078,1.5263835442829736,8,1.0
16079,1.5263835442829736,8,1.0
16080,1.5263835442829736,8,1.0
16081,1.5263835442829736,8,1.0
16082,1.5263835442829736,8,1.0
16083,1.5263835442829736,8,1.0
16084,0.06506322610477035,12,0.25
16085,0.3108832090858184,12,0.5
16086,0.6044497829206167,8,0.875
16087,0.8026906717366153,8,0.875
16088,0.5758417927647985,8,0.75
16089,0.8291459886797531,8,0.875
16090,0.5758417927647985,8,0.75
16091,0.049237377829602434,18,0.2222222222222222
16092,0.10662479481064986,18,0.2777777777777778
16093,0.28041221473391637,12,0.5
16094,0.14570616566629307,18,0.3333333333333333
16095,0.4622485178183672,8,0.75
16096,0.35898757457419816,8,0.625
16097,-0.672205781208209,12,0.0
16098,0.19785628072442057,8,0.5
16099,-0.10195703947673662,18,0.1111111111111111
16100,-0.6688193145931507,12,0.0
16101,-0.672205781208209,12,0.0
16102,0.22309519033742053,8,0.5
16103,-0.03329287283751326,8,0.25
16104,0.8026906717366153,8,0.875
16105,0.5758417927647985,8,0.75
16106,-0.688739707284073,18,0.0
16107,-0.6688193145931507,12,0.0
16108,0.5758417927647985,8,0.75
16109,0.8026906717366153,8,0.875
16110,0.2406539704443392,8,0.5
16111,-0.03329287283751326,8,0.25
16112,0.22766694315565783,8,0.5
16113,0.22766694315565783,8,0.5
16114,1.5263835442829736,8,1.0
16115,0.8026906717366153,8,0.875
16116,-0.04847802117218242,8,0.25
16117,0.24154807492351238,12,0.5
16118,0.5758417927647985,8,0.75
16119,0.6226969460736784,8,0.875
16120,1.5263835442829736,8,1.0
16121,1.5263835442829736,8,1.0
16122,1.5263835442829736,8,1.0
16123,0.47505946570503776,8,0.75
16124,0.2781398662627834,9,0.5555555555555556
16125,-0.1901883333533061,12,0.08333333333333333
16126,0.035787713467289456,12,0.25
16127,-0.09877965548590568,18,0.1111111111111111
16128,-0.6773321734154091,15,0.0
16129,0.052016824974768415,12,0.25
16130,0.5038279188838966,8,0.75
16131,0.5758417927647985,8,0.75
16132,-0.672205781208209,12,0.0
16133,-0.6688193145931507,12,0.0
16134,0.28738531067924344,12,0.5
16135,0.28205329174627575,12,0.5
16136,1.4099762558451874,18,1.0
16137,0.6702123775629217,18,0.8333333333333334
16138,0.2308248240072523,8,0.5
16139,0.1003283254363186,8,0.375
16140,0.1003283254363186,8,0.375
16141,0.2406539704443392,8,0.5
16142,-0.672205781208209,12,0.0
16143,0.22112956767585343,8,0.5
16144,1.5263835442829736,8,1.0
16145,0.22766694315565783,8,0.5
16146,0.291380297818901,12,0.5
16147,-0.672205781208209,12,0.0
16148,-0.6773321734154091,15,0.0
16149,0.2406539704443392,8,0.5
16150,-0.6688193145931507,12,0.0
16151,0.7568783622926704,15,0.9333333333333333
16152,1.4099762558451874,18,1.0
16153,-0.6773321734154091,15,0.0
16154,0.46899071431624256,8,0.75
16155,-0.04847802117218242,8,0.25
16156,-0.6688193145931507,12,0.0
16157,-0.6773321734154091,15,0.0
16158,-0.6773321734154091,15,0.0
16159,-0.10027501257914342,12,0.08333333333333333
16160,0.47505946570503776,8,0.75
16161,0.36644136851020265,8,0.625
16162,0.8026906717366153,8,0.875
16163,0.8026906717366153,8,0.875
16164,1.5263835442829736,8,1.0
16165,0.8026906717366153,8,0.875
16166,-0.6688193145931507,12,0.0
16167,1.5263835442829736,8,1.0
16168,0.5956362264300302,8,0.875
16169,0.37072634315494085,8,0.625
16170,0.5758417927647985,8,0.75
16171,0.35898757457419816,8,0.625
16172,0.22167640209226214,12,0.5
16173,0.2406539704443392,8,0.5
16174,1.5263835442829736,8,1.0
16175,0.22112956767585343,8,0.5
16176,-0.8415279502369591,8,0.0
16177,0.04677754907795352,12,0.25
16178,0.8026906717366153,8,0.875
16179,1.5263835442829736,8,1.0
16180,0.8026906717366153,8,0.875
16181,0.8026906717366153,8,0.875
16182,0.5758417927647985,8,0.75
16183,0.5758417927647985,8,0.75
16184,0.5758417927647985,8,0.75
16185,0.8026906717366153,8,0.875
16186,0.8026906717366153,8,0.875
16187,0.8026906717366153,8,0.875
16188,0.8026906717366153,8,0.875
16189,0.8026906717366153,8,0.875
16190,0.8026906717366153,8,0.875
16191,1.5263835442829736,8,1.0
16192,0.5758417927647985,8,0.75
16193,0.22141158628369595,8,0.5
16194,-0.6688193145931507,12,0.0
16195,0.3373544219266866,8,0.625
16196,1.5263835442829736,8,1.0
16197,1.5263835442829736,8,1.0
16198,0.8026906717366153,8,0.875
16199,1.5263835442829736,8,1.0
16200,0.8026906717366153,8,0.875
16201,0.8026906717366153,8,0.875
16202,0.8026906717366153,8,0.875
16203,-0.6688193145931507,12,0.0
16204,0.5758417927647985,8,0.75
16205,0.5758417927647985,8,0.75
16206,-0.6688193145931507,12,0.0
16207,0.3444777106496613,12,0.5833333333333334
16208,-0.033182838531086084,8,0.25
16209,0.8026906717366153,8,0.875
16210,1.5263835442829736,8,1.0
16211,1.5263835442829736,8,1.0
16212,0.5758417927647985,8,0.75
16213,0.8026906717366153,8,0.875
16214,1.5263835442829736,8,1.0
16215,0.8291459886797531,8,0.875
16216,1.5263835442829736,8,1.0
16217,0.5976175047399117,9,0.7777777777777778
16218,-0.6773321734154091,15,0.0
16219,1.5263835442829736,8,1.0
16220,1.5263835442829736,8,1.0
16221,0.8026906717366153,8,0.875
16222,-0.6688193145931507,12,0.0
16223,-0.6688193145931507,12,0.0
16224,-0.6773321734154091,15,0.0
16225,0.09789696374361724,8,0.375
16226,1.5263835442829736,8,1.0
16227,0.8291459886797531,8,0.875
16228,-0.6773321734154091,15,0.0
16229,0.26323316001649544,12,0.5
16230,0.45288808757843557,15,0.7333333333333333
16231,0.3630452803714612,12,0.6666666666666666
16232,0.4786052808110562,12,0.75
16233,0.0838736571838418,15,0.26666666666666666
16234,0.19806634691040628,15,0.4
16235,0.46022772948060153,18,0.6666666666666666
16236,0.13678985765522003,15,0.3333333333333333
16237,0.10142388812990061,12,0.25
16238,0.1003283254363186,8,0.375
16239,-0.6688193145931507,12,0.0
16240,0.1003283254363186,8,0.375
16241,-0.688739707284073,18,0.0
16242,-0.672205781208209,12,0.0
16243,-0.13291673383296979,15,0.06666666666666667
16244,-0.672205781208209,12,0.0
16245,-0.6688193145931507,12,0.0
16246,0.2406539704443392,8,0.5
16247,-0.672205781208209,12,0.0
16248,0.8342054228844156,12,0.9166666666666666
16249,0.23837991224043867,18,0.4444444444444444
16250,0.30651498853178955,15,0.5333333333333333
16251,0.10241760877249971,18,0.2777777777777778
16252,0.35898757457419816,8,0.625
16253,0.35898757457419816,8,0.625
16254,0.46899071431624256,8,0.75
16255,-0.6688193145931507,12,0.0
16256,0.33653806612714243,18,0.5555555555555556
16257,-0.6688193145931507,12,0.0
16258,-0.6688193145931507,12,0.0
16259,-0.672205781208209,12,0.0
16260,0.33185245585542195,8,0.625
16261,0.12102081451486904,8,0.375
16262,0.3444777106496613,12,0.5833333333333334
16263,0.5143368319569557,12,0.75
16264,1.5263835442829736,8,1.0
16265,1.5263835442829736,8,1.0
16266,1.5263835442829736,8,1.0
16267,-0.10195703947673662,18,0.1111111111111111
16268,0.22141158628369595,8,0.5
16269,0.8026906717366153,8,0.875
16270,-0.24749820722224491,8,0.125
16271,1.5263835442829736,8,1.0
16272,-0.6688193145931507,12,0.0
16273,-0.1901883333533061,12,0.08333333333333333
16274,0.21656189732006148,12,0.4166666666666667
16275,0.2673208908845346,12,0.4166666666666667
16276,-0.6773321734154091,15,0.0
16277,-0.672205781208209,12,0.0
16278,0.22141158628369595,8,0.5
16279,-0.6773321734154091,15,0.0
16280,-0.0879451493360954,15,0.13333333333333333
16281,0.2766884185323116,12,0.5833333333333334
16282,-0.6688193145931507,12,0.0
16283,-0.04521812033820627,15,0.13333333333333333
16284,0.8342054228844156,12,0.9166666666666666
16285,0.5128150208444353,15,0.7333333333333333
16286,0.3633018235830417,15,0.6
16287,0.5849788593372734,18,0.7777777777777778
16288,0.4240228797053962,12,0.6666666666666666
16289,0.13886422197387766,18,0.2777777777777778
16290,-0.1901883333533061,12,0.08333333333333333
16291,1.5263835442829736,8,1.0
16292,0.8291459886797531,8,0.875
16293,0.12102081451486904,8,0.375
16294,-0.17802159984942306,12,0.08333333333333333
16295,0.5758417927647985,8,0.75
16296,0.8026906717366153,8,0.875
16297,0.5758417927647985,8,0.75
16298,-0.6688193145931507,12,0.0
16299,-0.672205781208209,12,0.0
16300,-0.04847802117218242,8,0.25
16301,1.5263835442829736,8,1.0
16302,1.5263835442829736,8,1.0
16303,0.5758417927647985,8,0.75
16304,0.8291459886797531,8,0.875
16305,-0.6688193145931507,12,0.0
16306,-0.688739707284073,18,0.0
16307,-0.672205781208209,12,0.0
16308,0.02518940094639308,15,0.2
16309,0.11326403228263052,18,0.2777777777777778
16310,0.02518940094639308,15,0.2
16311,-0.02555008111671942,15,0.13333333333333333
16312,-0.21438301332484988,18,0.05555555555555555
16313,-0.061299210605054895,12,0.08333333333333333
16314,-0.11207636477087567,18,0.1111111111111111
16315,1.5263835442829736,8,1.0
16316,1.5263835442829736,8,1.0
16317,-0.6688193145931507,12,0.0
16318,1.5263835442829736,8,1.0
16319,1.5263835442829736,8,1.0
16320,1.5263835442829736,8,1.0
16321,1.5263835442829736,8,1.0
16322,0.0731531217757441,12,0.25
16323,-0.672205781208209,12,0.0
16324,0.11514890568033988,12,0.3333333333333333
16325,-0.03504303475421119,12,0.16666666666666666
16326,0.12958252320923921,12,0.3333333333333333
16327,-0.07271465919979149,19,0.15789473684210525
16328,0.7300303942091174,12,0.9166666666666666
16329,-0.014237153966690697,8,0.25
16330,0.33185245585542195,8,0.625
16331,0.23679003826847378,8,0.5
16332,0.8026906717366153,8,0.875
16333,0.4567376930490344,8,0.75
16334,0.8026906717366153,8,0.875
16335,0.8026906717366153,8,0.875
16336,0.5758417927647985,8,0.75
16337,0.5758417927647985,8,0.75
16338,0.07677276169437776,12,0.25
16339,1.5263835442829736,8,1.0
16340,0.5758417927647985,8,0.75
16341,0.4504906209973719,18,0.6666666666666666
16342,0.8628598573781446,12,0.9166666666666666
16343,1.5263835442829736,8,1.0
16344,0.26323316001649544,12,0.5
16345,0.6928457043246958,18,0.8888888888888888
16346,-0.6688193145931507,12,0.0
16347,-0.672205781208209,12,0.0
16348,0.22766694315565783,8,0.5
16349,-0.02551661719868802,8,0.25
16350,-0.04524335003156606,12,0.16666666666666666
16351,0.5427119201246505,12,0.75
16352,-0.672205781208209,12,0.0
16353,0.09377221365953103,15,0.26666666666666666
16354,0.32947804611579135,18,0.5555555555555556
16355,-0.6688193145931507,12,0.0
16356,-0.6773321734154091,15,0.0
16357,-0.688739707284073,18,0.0
16358,-0.1742750720645074,12,0.08333333333333333
16359,-0.6688193145931507,12,0.0
16360,1.5263835442829736,8,1.0
16361,1.5263835442829736,8,1.0
16362,1.5263835442829736,8,1.0
16363,1.5263835442829736,8,1.0
16364,1.5263835442829736,8,1.0
16365,0.8291459886797531,8,0.875
16366,-0.20490227786874546,8,0.125
16367,-0.672205781208209,12,0.0
16368,-0.6688193145931507,12,0.0
16369,-0.672205781208209,12,0.0
16370,-0.6688193145931507,12,0.0
16371,-0.02551661719868802,8,0.25
16372,0.35911636680189823,8,0.625
16373,0.22112956767585343,8,0.5
16374,-0.17802159984942306,12,0.08333333333333333
16375,0.08013734460952096,15,0.26666666666666666
16376,-0.03504303475421119,12,0.16666666666666666
16377,0.7166027881489904,15,0.8666666666666667
16378,0.5518980869457603,18,0.7777777777777778
16379,0.23340885928552488,8,0.5
16380,-0.04847802117218242,8,0.25
16381,1.5263835442829736,8,1.0
16382,0.5712682685226962,18,0.8333333333333334
16383,0.3986291416827879,18,0.6111111111111112
16384,-0.688739707284073,18,0.0
16385,-0.688739707284073,18,0.0
16386,1.5263835442829736,8,1.0
16387,1.5263835442829736,8,1.0
16388,0.07621777637032395,18,0.2777777777777778
16389,-0.10510915112769859,18,0.1111111111111111
16390,0.027744175565994605,18,0.2222222222222222
16391,0.3800105344672373,12,0.6666666666666666
16392,0.20578568261481275,18,0.3888888888888889
16393,0.06769968483726788,12,0.25
16394,0.8026906717366153,8,0.875
16395,0.8026906717366153,8,0.875
16396,0.22766694315565783,8,0.5
16397,0.8026906717366153,8,0.875
16398,0.5758417927647985,8,0.75
16399,0.5758417927647985,8,0.75
16400,-0.672205781208209,12,0.0
16401,1.392920290175227,12,1.0
16402,0.25302350774613386,12,0.5
16403,0.09025080161219337,12,0.25
16404,0.20871654450703508,8,0.5
16405,0.2406539704443392,8,0.5
16406,1.5263835442829736,8,1.0
16407,1.5263835442829736,8,1.0
16408,1.5263835442829736,8,1.0
16409,1.5263835442829736,8,1.0
16410,0.5758417927647985,8,0.75
16411,0.37072634315494085,8,0.625
16412,0.5758417927647985,8,0.75
16413,1.5263835442829736,8,1.0
16414,0.5758417927647985,8,0.75
16415,-0.04847802117218242,8,0.25
16416,1.4099762558451874,18,1.0
16417,0.7166027881489904,15,0.8666666666666667
16418,1.4099762558451874,18,1.0
16419,1.2150188994170226,12,1.0
16420,0.7296157727198792,15,0.8666666666666667
16421,0.8862569452298441,15,0.9333333333333333
16422,0.5286576851785905,12,0.75
16423,1.4099762558451874,18,1.0
16424,0.7709822197931078,18,0.8888888888888888
16425,0.8026906717366153,8,0.875
16426,0.6044497829206167,8,0.875
16427,0.14566741056627697,23,0.34782608695652173
16428,1.5263835442829736,8,1.0
16429,1.5263835442829736,8,1.0
16430,1.5263835442829736,8,1.0
16431,1.5263835442829736,8,1.0
16432,0.8291459886797531,8,0.875
16433,1.5263835442829736,8,1.0
16434,0.8026906717366153,8,0.875
16435,1.5263835442829736,8,1.0
16436,0.48668698985468406,8,0.75
16437,0.5758417927647985,8,0.75
16438,1.5263835442829736,8,1.0
16439,1.5263835442829736,8,1.0
16440,1.5263835442829736,8,1.0
16441,1.5263835442829736,8,1.0
16442,1.5263835442829736,8,1.0
16443,1.5263835442829736,8,1.0
16444,1.5263835442829736,8,1.0
16445,1.5263835442829736,8,1.0
16446,1.5263835442829736,8,1.0
16447,1.5263835442829736,8,1.0
16448,0.35911636680189823,8,0.625
16449,0.8026906717366153,8,0.875
16450,1.5263835442829736,8,1.0
16451,0.1003283254363186,8,0.375
16452,0.48668698985468406,8,0.75
16453,-0.672205781208209,12,0.0
16454,-0.6688193145931507,12,0.0
16455,-0.672205781208209,12,0.0
16456,-0.672205781208209,12,0.0
16457,0.07440251506671908,8,0.375
16458,0.5758417927647985,8,0.75
16459,0.22766694315565783,8,0.5
16460,0.5758417927647985,8,0.75
16461,0.8026906717366153,8,0.875
16462,0.8026906717366153,8,0.875
16463,0.5758417927647985,8,0.75
16464,0.3587308691310453,23,0.5652173913043478
16465,0.48668698985468406,8,0.75
16466,1.5263835442829736,8,1.0
16467,1.5263835442829736,8,1.0
16468,1.5263835442829736,8,1.0
16469,1.5263835442829736,8,1.0
16470,-0.6688193145931507,12,0.0
16471,0.35898757457419816,8,0.625
16472,-0.672205781208209,12,0.0
16473,-0.16914902986579908,8,0.125
16474,-0.6688193145931507,12,0.0
16475,-0.18005608131857204,15,0.06666666666666667
16476,0.8026906717366153,8,0.875
16477,1.5263835442829736,8,1.0
16478,0.5758417927647985,8,0.75
16479,0.11604382407500566,8,0.375
16480,0.87228236087156,18,0.9444444444444444
16481,0.87228236087156,18,0.9444444444444444
16482,0.5423855111017384,15,0.7333333333333333
16483,1.4099762558451874,18,1.0
16484,0.441100181923398,15,0.6666666666666666
16485,0.6116944717517488,15,0.8
16486,0.5994515019382654,12,0.8333333333333334
16487,0.5423855111017384,15,0.7333333333333333
16488,0.16645235910258577,15,0.3333333333333333
16489,0.3817497715430231,12,0.5833333333333334
16490,0.36458477023670993,18,0.5555555555555556
16491,-0.051111634750712585,12,0.16666666666666666
16492,0.11514890568033988,12,0.3333333333333333
16493,-0.6773321734154091,15,0.0
16494,0.4654348507830389,15,0.6666666666666666
16495,-0.6773321734154091,15,0.0
16496,0.5442861659786694,12,0.75
16497,-0.672205781208209,12,0.0
16498,-0.672205781208209,12,0.0
16499,-0.6688193145931507,12,0.0
16500,-0.6773321734154091,15,0.0
16501,-0.16102160996978243,12,0.08333333333333333
16502,0.09789696374361724,8,0.375
16503,0.5758417927647985,8,0.75
16504,0.5758417927647985,8,0.75
16505,0.20297004929871837,12,0.4166666666666667
16506,-0.672205781208209,12,0.0
16507,-0.672205781208209,12,0.0
16508,-0.6773321734154091,15,0.0
16509,1.4099762558451874,18,1.0
16510,0.8862569452298441,15,0.9333333333333333
16511,0.5522524125696147,15,0.7333333333333333
16512,0.8342054228844156,12,0.9166666666666666
16513,1.4099762558451874,18,1.0
16514,0.7215778096624337,12,0.9166666666666666
16515,1.4099762558451874,18,1.0
16516,0.47505946570503776,8,0.75
16517,0.8026906717366153,8,0.875
16518,0.33185245585542195,8,0.625
16519,0.37072634315494085,8,0.625
16520,0.6418646929584744,8,0.875
16521,-0.6688193145931507,12,0.0
16522,-0.672205781208209,12,0.0
16523,-0.11181800794005552,18,0.1111111111111111
16524,-0.1901883333533061,12,0.08333333333333333
16525,0.8026906717366153,8,0.875
16526,0.5758417927647985,8,0.75
16527,1.5263835442829736,8,1.0
16528,1.5263835442829736,8,1.0
16529,1.5263835442829736,8,1.0
16530,1.5263835442829736,8,1.0
16531,1.5263835442829736,8,1.0
16532,1.5263835442829736,8,1.0
16533,1.5263835442829736,8,1.0
16534,1.5263835442829736,8,1.0
16535,-0.672205781208209,12,0.0
16536,-0.6688193145931507,12,0.0
16537,-0.17802159984942306,12,0.08333333333333333
16538,-0.6773321734154091,15,0.0
16539,-0.6688193145931507,12,0.0
16540,-0.672205781208209,12,0.0
16541,-0.672205781208209,12,0.0
16542,1.5263835442829736,8,1.0
16543,1.5263835442829736,8,1.0
16544,1.5263835442829736,8,1.0
16545,1.5263835442829736,8,1.0
16546,1.5263835442829736,8,1.0
16547,1.5263835442829736,8,1.0
16548,1.5263835442829736,8,1.0
16549,1.5263835442829736,8,1.0
16550,1.5263835442829736,8,1.0
16551,1.5263835442829736,8,1.0
16552,0.8291459886797531,8,0.875
16553,0.35898757457419816,8,0.625
16554,1.5263835442829736,8,1.0
16555,-0.03329287283751326,8,0.25
16556,-0.17299357879477972,8,0.125
16557,-0.24749820722224491,8,0.125
16558,-0.6688193145931507,12,0.0
16559,0.35911636680189823,8,0.625
16560,0.5758417927647985,8,0.75
16561,0.5758417927647985,8,0.75
16562,0.8026906717366153,8,0.875
16563,0.1003283254363186,8,0.375
16564,0.22766694315565783,8,0.5
16565,0.09501444667937653,8,0.375
16566,0.35898757457419816,8,0.625
16567,0.35898757457419816,8,0.625
16568,0.23426845397265209,8,0.5
16569,0.5758417927647985,8,0.75
16570,-0.05356797106892081,9,0.2222222222222222
16571,0.8026906717366153,8,0.875
16572,-0.672205781208209,12,0.0
16573,0.03913133921978938,12,0.25
16574,-0.8415279502369591,8,0.0
16575,0.5758417927647985,8,0.75
16576,0.10042934350959472,8,0.375
16577,-0.005043617611618357,15,0.2
16578,0.35898757457419816,8,0.625
16579,0.5758417927647985,8,0.75
16580,0.5758417927647985,8,0.75
16581,0.48668698985468406,8,0.75
16582,0.5758417927647985,8,0.75
16583,1.5263835442829736,8,1.0
16584,0.3351486203388628,18,0.5555555555555556
16585,-0.672205781208209,12,0.0
16586,0.453683607876404,12,0.6666666666666666
16587,0.1244509129601182,18,0.3333333333333333
16588,0.5758417927647985,8,0.75
16589,0.5758417927647985,8,0.75
16590,0.5758417927647985,8,0.75
16591,0.5758417927647985,8,0.75
16592,0.8291459886797531,8,0.875
16593,1.5263835442829736,8,1.0
16594,0.8026906717366153,8,0.875
16595,0.36644136851020265,8,0.625
16596,0.8026906717366153,8,0.875
16597,0.5758417927647985,8,0.75
16598,0.5758417927647985,8,0.75
16599,0.5758417927647985,8,0.75
16600,0.5758417927647985,8,0.75
16601,0.5758417927647985,8,0.75
16602,0.22416851868797,8,0.5
16603,0.09789696374361724,8,0.375
16604,0.5758417927647985,8,0.75
16605,0.32098435111770174,8,0.625
16606,0.5758417927647985,8,0.75
16607,0.8026906717366153,8,0.875
16608,-0.04847802117218242,8,0.25
16609,1.5263835442829736,8,1.0
16610,1.5263835442829736,8,1.0
16611,1.5263835442829736,8,1.0
16612,0.36644136851020265,8,0.625
16613,0.37072634315494085,8,0.625
16614,-0.24749820722224491,8,0.125
16615,-0.16914902986579908,8,0.125
16616,-0.24749820722224491,8,0.125
16617,-0.24749820722224491,8,0.125
16618,1.5263835442829736,8,1.0
16619,-0.6688193145931507,12,0.0
16620,0.04895914862102909,12,0.25
16621,0.5758417927647985,8,0.75
16622,0.0964364042973854,8,0.375
16623,0.5758417927647985,8,0.75
16624,0.36644136851020265,8,0.625
16625,-0.6688193145931507,12,0.0
16626,-0.672205781208209,12,0.0
16627,-0.014484522934278331,8,0.25
16628,0.5758417927647985,8,0.75
16629,0.42919000751259184,8,0.75
16630,1.5263835442829736,8,1.0
16631,1.5263835442829736,8,1.0
16632,1.5263835442829736,8,1.0
16633,1.5263835442829736,8,1.0
16634,1.5263835442829736,8,1.0
16635,1.5263835442829736,8,1.0
16636,1.5263835442829736,8,1.0
16637,1.5263835442829736,8,1.0
16638,0.5758417927647985,8,0.75
16639,0.5758417927647985,8,0.75
16640,-0.24749820722224491,8,0.125
16641,1.5263835442829736,8,1.0
16642,0.03913827876512702,12,0.25
16643,-0.20791735760667607,15,0.06666666666666667
16644,-0.6773321734154091,15,0.0
16645,1.392920290175227,12,1.0
16646,1.5263835442829736,8,1.0
16647,1.5263835442829736,8,1.0
16648,1.5263835442829736,8,1.0
16649,1.5263835442829736,8,1.0
16650,1.5263835442829736,8,1.0
16651,1.5263835442829736,8,1.0
16652,1.5263835442829736,8,1.0
16653,1.5263835442829736,8,1.0
16654,-0.21999353238796548,15,0.06666666666666667
16655,-0.672205781208209,12,0.0
16656,-0.6773321734154091,15,0.0
16657,-0.6688193145931507,12,0.0
16658,0.29832360575516437,18,0.5
16659,0.5758417927647985,8,0.75
16660,-0.16102160996978243,12,0.08333333333333333
16661,-0.18204952357102375,12,0.08333333333333333
16662,0.5766811711522761,18,0.8333333333333334
16663,0.35458532475166116,18,0.5555555555555556
16664,0.1003283254363186,8,0.375
16665,0.5758417927647985,8,0.75
16666,0.33507706146800836,15,0.6
16667,0.8628598573781446,12,0.9166666666666666
16668,0.42610144491099383,18,0.6666666666666666
16669,0.3175420109590703,12,0.5
16670,0.7296157727198792,15,0.8666666666666667
16671,0.3224795933409482,12,0.5833333333333334
16672,-0.17753070801322768,15,0.06666666666666667
16673,0.07496956172648786,9,0.3333333333333333
16674,0.40897079380726886,15,0.6
16675,0.8342054228844156,12,0.9166666666666666
16676,0.7481987084782069,12,0.9166666666666666
16677,0.22416851868797,8,0.5
16678,-0.6773321734154091,15,0.0
16679,-0.6773321734154091,15,0.0
16680,0.7166027881489904,15,0.8666666666666667
16681,0.5330296083419946,18,0.8333333333333334
16682,0.14169398527483515,18,0.3333333333333333
16683,0.03549820243248718,18,0.2222222222222222
16684,0.07480858988434644,18,0.2222222222222222
16685,0.8862569452298441,15,0.9333333333333333
16686,0.27565824047681814,15,0.5333333333333333
16687,1.2150188994170226,12,1.0
16688,0.2978415726773425,18,0.5555555555555556
16689,0.544727268637994,12,0.75
16690,0.3781981970670141,8,0.625
16691,0.22141158628369595,8,0.5
16692,-0.03329287283751326,8,0.25
16693,1.5263835442829736,8,1.0
16694,0.6875790318519099,23,0.8260869565217391
16695,0.5758417927647985,8,0.75
16696,0.5758417927647985,8,0.75
16697,0.04265834949304577,18,0.2222222222222222
16698,-0.1885092546664554,15,0.06666666666666667
16699,0.4901838254007805,15,0.7333333333333333
16700,-0.18204952357102375,12,0.08333333333333333
16701,-0.672205781208209,12,0.0
16702,-0.6773321734154091,15,0.0
16703,-0.04847802117218242,8,0.25
16704,0.0964364042973854,8,0.375
16705,0.1003283254363186,8,0.375
16706,0.6044497829206167,8,0.875
16707,0.8026906717366153,8,0.875
16708,1.5263835442829736,8,1.0
16709,-0.672205781208209,12,0.0
16710,-0.6688193145931507,12,0.0
16711,0.5758417927647985,8,0.75
16712,0.31244683239640875,8,0.625
16713,0.46899071431624256,8,0.75
16714,0.8026906717366153,8,0.875
16715,-0.672205781208209,12,0.0
16716,0.8026906717366153,8,0.875
16717,0.1003283254363186,8,0.375
16718,0.8026906717366153,8,0.875
16719,0.37072634315494085,8,0.625
16720,0.8291459886797531,8,0.875
16721,0.8026906717366153,8,0.875
16722,1.5263835442829736,8,1.0
16723,1.5263835442829736,8,1.0
16724,1.5263835442829736,8,1.0
16725,1.5263835442829736,8,1.0
16726,1.5263835442829736,8,1.0
16727,1.5263835442829736,8,1.0
16728,0.8026906717366153,8,0.875
16729,1.5263835442829736,8,1.0
16730,1.5263835442829736,8,1.0
16731,1.5263835442829736,8,1.0
16732,1.5263835442829736,8,1.0
16733,0.8026906717366153,8,0.875
16734,1.5263835442829736,8,1.0
16735,-0.03057833466476366,8,0.25
16736,1.392920290175227,12,1.0
16737,-0.672205781208209,12,0.0
16738,1.5263835442829736,8,1.0
16739,1.5263835442829736,8,1.0
16740,1.5263835442829736,8,1.0
16741,1.5263835442829736,8,1.0
16742,-0.1901883333533061,12,0.08333333333333333
16743,0.03717465935214903,12,0.25
16744,0.8291459886797531,8,0.875
16745,1.5263835442829736,8,1.0
16746,1.5263835442829736,8,1.0
16747,0.8291459886797531,8,0.875
16748,0.5758417927647985,8,0.75
16749,0.6117776595114633,12,0.8333333333333334
16750,0.24660547829341964,12,0.4166666666666667
16751,0.6225118913514701,15,0.8
16752,0.730581928228996,18,0.8888888888888888
16753,0.37072634315494085,8,0.625
16754,0.22416851868797,8,0.5
16755,-0.672205781208209,12,0.0
16756,0.4890087109893508,12,0.75
16757,0.08699008231851588,18,0.2777777777777778
16758,1.5263835442829736,8,1.0
16759,0.22766694315565783,8,0.5
16760,0.8291459886797531,8,0.875
16761,0.8026906717366153,8,0.875
16762,0.8026906717366153,8,0.875
16763,0.2378330570495213,8,0.5
16764,0.05388616493267067,10,0.3
16765,1.5263835442829736,8,1.0
16766,0.5758417927647985,8,0.75
16767,0.5758417927647985,8,0.75
16768,0.8026906717366153,8,0.875
16769,0.35898757457419816,8,0.625
16770,0.35898757457419816,8,0.625
16771,0.5758417927647985,8,0.75
16772,0.5758417927647985,8,0.75
16773,0.8026906717366153,8,0.875
16774,-0.05611754630978751,12,0.08333333333333333
16775,1.5263835442829736,8,1.0
16776,1.5263835442829736,8,1.0
16777,1.5263835442829736,8,1.0
16778,1.5263835442829736,8,1.0
16779,1.5263835442829736,8,1.0
16780,1.5263835442829736,8,1.0
16781,-0.6688193145931507,12,0.0
16782,-0.17802159984942306,12,0.08333333333333333
16783,-0.14063107307393796,12,0.08333333333333333
16784,-0.672205781208209,12,0.0
16785,-0.6688193145931507,12,0.0
16786,0.35898757457419816,8,0.625
16787,0.2441313212163489,8,0.5
16788,-0.6773321734154091,15,0.0
16789,1.5263835442829736,8,1.0
16790,1.5263835442829736,8,1.0
16791,0.4295786979559547,12,0.6666666666666666
16792,0.27534079857314175,15,0.4666666666666667
16793,0.11604382407500566,8,0.375
16794,0.36644136851020265,8,0.625
16795,0.1003283254363186,8,0.375
16796,0.8291459886797531,8,0.875
16797,1.5263835442829736,8,1.0
16798,0.5758417927647985,8,0.75
16799,0.5758417927647985,8,0.75
16800,0.8026906717366153,8,0.875
16801,0.5758417927647985,8,0.75
16802,0.8026906717366153,8,0.875
16803,0.4291036468201243,12,0.6666666666666666
16804,0.37072634315494085,8,0.625
16805,0.48668698985468406,8,0.75
16806,0.8291459886797531,8,0.875
16807,0.5758417927647985,8,0.75
16808,-0.6773321734154091,15,0.0
16809,1.5263835442829736,8,1.0
16810,1.5263835442829736,8,1.0
16811,0.2406539704443392,8,0.5
16812,1.5263835442829736,8,1.0
16813,-0.014237153966690697,8,0.25
16814,-0.6688193145931507,12,0.0
16815,-0.672205781208209,12,0.0
16816,-0.672205781208209,12,0.0
16817,-0.6688193145931507,12,0.0
16818,-0.6688193145931507,12,0.0
16819,1.5263835442829736,8,1.0
16820,1.5263835442829736,8,1.0
16821,1.5263835442829736,8,1.0
16822,1.5263835442829736,8,1.0
16823,1.5263835442829736,8,1.0
16824,1.5263835442829736,8,1.0
16825,1.5263835442829736,8,1.0
16826,1.5263835442829736,8,1.0
16827,0.8026906717366153,8,0.875
16828,1.5263835442829736,8,1.0
16829,1.5263835442829736,8,1.0
16830,1.5263835442829736,8,1.0
16831,0.8026906717366153,8,0.875
16832,-0.6688193145931507,12,0.0
16833,-0.688739707284073,18,0.0
16834,0.35911636680189823,8,0.625
16835,-0.672205781208209,12,0.0
16836,-0.6773321734154091,15,0.0
16837,-0.04423639172640009,12,0.08333333333333333
16838,-0.688739707284073,18,0.0
16839,-0.24749820722224491,8,0.125
16840,-0.1742750720645074,12,0.08333333333333333
16841,0.8291459886797531,8,0.875
16842,1.5263835442829736,8,1.0
16843,-0.672205781208209,12,0.0
16844,0.2406539704443392,8,0.5
16845,0.5758417927647985,8,0.75
16846,0.36644136851020265,8,0.625
16847,0.37072634315494085,8,0.625
16848,0.2308248240072523,8,0.5
16849,0.22141158628369595,8,0.5
16850,0.22416851868797,8,0.5
16851,0.10268689234797065,8,0.375
16852,-0.12714906301492426,12,0.08333333333333333
16853,0.2122805918085741,18,0.3888888888888889
16854,0.5286576851785905,12,0.75
16855,0.23013228559226426,18,0.3888888888888889
16856,-0.12940278288489848,8,0.125
16857,-0.24933483045987012,9,0.1111111111111111
16858,0.1003283254363186,8,0.375
16859,0.1003283254363186,8,0.375
16860,0.061654912273365045,12,0.25
16861,0.5758417927647985,8,0.75
16862,0.35898757457419816,8,0.625
16863,0.10414621936316296,8,0.375
16864,0.8862569452298441,15,0.9333333333333333
16865,0.20783073132586105,12,0.4166666666666667
16866,0.07620769042324392,18,0.2777777777777778
16867,1.5263835442829736,8,1.0
16868,0.8291459886797531,8,0.875
16869,0.2406539704443392,8,0.5
16870,0.24459407648015302,10,0.5
16871,0.3781981970670141,8,0.625
16872,0.1003283254363186,8,0.375
16873,0.3781981970670141,8,0.625
16874,-0.1901883333533061,12,0.08333333333333333
16875,0.2743515866832637,15,0.5333333333333333
16876,0.13988909375091163,12,0.3333333333333333
16877,-0.6773321734154091,15,0.0
16878,1.4248023780387045,15,1.0
16879,0.5640500608840814,12,0.8333333333333334
16880,0.07151443528890188,15,0.26666666666666666
16881,-0.688739707284073,18,0.0
16882,0.6594536169872491,12,0.8333333333333334
16883,-0.6688193145931507,12,0.0
16884,0.8291459886797531,8,0.875
16885,0.8026906717366153,8,0.875
16886,0.4854963583703161,9,0.7777777777777778
16887,0.10268689234797065,8,0.375
16888,0.5758417927647985,8,0.75
16889,0.12102081451486904,8,0.375
16890,-0.04847802117218242,8,0.25
16891,-0.04847802117218242,8,0.25
16892,0.5766811711522761,18,0.8333333333333334
16893,-0.07528869222899762,15,0.13333333333333333
16894,1.4099762558451874,18,1.0
16895,0.2732595398801546,15,0.4666666666666667
16896,1.4099762558451874,18,1.0
16897,-0.03894711616742944,12,0.16666666666666666
16898,0.18132803381924031,12,0.4166666666666667
16899,-0.6773321734154091,15,0.0
16900,-0.6688193145931507,12,0.0
16901,0.7108607327587236,15,0.8666666666666667
16902,-0.04270608546757741,12,0.16666666666666666
16903,0.4538565931872248,12,0.6666666666666666
16904,0.19883462927135462,18,0.3888888888888889
16905,0.1001785197864841,12,0.3333333333333333
16906,-0.051111634750712585,12,0.16666666666666666
16907,0.4480710814594988,18,0.7222222222222222
16908,0.8342054228844156,12,0.9166666666666666
16909,0.3578562804449172,18,0.5555555555555556
16910,0.7481987084782069,12,0.9166666666666666
16911,0.48668698985468406,8,0.75
16912,0.1003283254363186,8,0.375
16913,0.1003283254363186,8,0.375
16914,-0.6773321734154091,15,0.0
16915,-0.6773321734154091,15,0.0
16916,-0.6773321734154091,15,0.0
16917,-0.688739707284073,18,0.0
16918,0.2378330570495213,8,0.5
16919,-0.0450915758087491,12,0.16666666666666666
16920,-0.2302337000573627,18,0.05555555555555555
16921,0.09788154063986819,18,0.2777777777777778
16922,-0.020119944295551046,15,0.2
16923,-0.6688193145931507,12,0.0
16924,-0.12145955205119446,18,0.1111111111111111
16925,-0.10587212635124868,18,0.1111111111111111
16926,-0.1780583912365987,12,0.08333333333333333
16927,-0.672205781208209,12,0.0
16928,-0.05565094038297399,12,0.16666666666666666
16929,1.5263835442829736,8,1.0
16930,1.5263835442829736,8,1.0
16931,1.5263835442829736,8,1.0
16932,1.5263835442829736,8,1.0
16933,1.5263835442829736,8,1.0
16934,1.5263835442829736,8,1.0
16935,1.5263835442829736,8,1.0
16936,1.5263835442829736,8,1.0
16937,1.5263835442829736,8,1.0
16938,0.15289705536955614,12,0.3333333333333333
16939,0.5938323887189431,18,0.8333333333333334
16940,0.19107114855819632,18,0.3888888888888889
16941,0.1003283254363186,8,0.375
16942,1.5263835442829736,8,1.0
16943,1.5263835442829736,8,1.0
16944,1.5263835442829736,8,1.0
16945,1.5263835442829736,8,1.0
16946,1.5263835442829736,8,1.0
16947,1.5263835442829736,8,1.0
16948,1.5263835442829736,8,1.0
16949,1.5263835442829736,8,1.0
16950,1.5263835442829736,8,1.0
16951,-0.688739707284073,18,0.0
16952,0.8026906717366153,8,0.875
16953,0.8026906717366153,8,0.875
16954,1.5263835442829736,8,1.0
16955,1.5263835442829736,8,1.0
16956,0.36644136851020265,8,0.625
16957,0.06346604111119332,18,0.2222222222222222
16958,0.7262414027085187,18,0.8888888888888888
16959,0.35218684765501107,12,0.5833333333333334
16960,0.5390793136906558,18,0.7777777777777778
16961,-0.10181375456739883,18,0.1111111111111111
16962,0.544207168035284,15,0.8
16963,0.7215778096624337,12,0.9166666666666666
16964,0.3423424396209942,15,0.6
16965,0.23445051201825623,18,0.4444444444444444
16966,1.392920290175227,12,1.0
16967,0.31679643726458795,12,0.5833333333333334
16968,0.9302573845090758,18,0.9444444444444444
16969,0.031066598594546125,12,0.25
16970,-0.20791735760667607,15,0.06666666666666667
16971,0.20275354076190058,12,0.4166666666666667
16972,0.5449263598711626,12,0.75
16973,0.5758417927647985,8,0.75
16974,0.412789452838403,12,0.6666666666666666
16975,0.45614619807367685,12,0.6666666666666666
16976,1.5263835442829736,8,1.0
16977,0.8026906717366153,8,0.875
16978,0.5758417927647985,8,0.75
16979,0.5758417927647985,8,0.75
16980,-0.672205781208209,12,0.0
16981,-0.672205781208209,12,0.0
16982,1.4099762558451874,18,1.0
16983,0.8862569452298441,15,0.9333333333333333
16984,1.4099762558451874,18,1.0
16985,0.8342054228844156,12,0.9166666666666666
16986,0.7166027881489904,15,0.8666666666666667
16987,0.04763997356723803,12,0.16666666666666666
16988,0.02232432080405005,12,0.16666666666666666
16989,0.19228924023432117,15,0.3333333333333333
16990,-0.6773321734154091,15,0.0
16991,0.23222277761332963,18,0.4444444444444444
16992,0.36309797513843156,18,0.6111111111111112
16993,0.054002249187487174,15,0.26666666666666666
16994,0.17302634988181986,12,0.4166666666666667
16995,0.9302573845090758,18,0.9444444444444444
16996,-0.6688193145931507,12,0.0
16997,0.4901838254007805,15,0.7333333333333333
16998,0.4365258818885158,12,0.6666666666666666
16999,-0.07956880768145078,15,0.13333333333333333
17000,-0.6688193145931507,12,0.0
17001,0.18488362245818307,18,0.3888888888888889
17002,0.3021050218516079,15,0.5333333333333333
17003,-0.6773321734154091,15,0.0
17004,-0.6688193145931507,12,0.0
17005,-0.6688193145931507,12,0.0
17006,0.8874131539823605,18,0.9444444444444444
17007,0.016802695653877906,18,0.16666666666666666
17008,-0.6773321734154091,15,0.0
17009,-0.688739707284073,18,0.0
17010,-0.6773321734154091,15,0.0
17011,-0.6773321734154091,15,0.0
17012,-0.688739707284073,18,0.0
17013,-0.18005608131857204,15,0.06666666666666667
17014,-0.6688193145931507,12,0.0
17015,0.29049322494904245,18,0.5
17016,0.054519038187847924,12,0.25
17017,0.4103970375752722,18,0.6666666666666666
17018,0.21301501079650814,15,0.4
17019,-0.10653740075783835,18,0.1111111111111111
17020,0.44917167506942196,15,0.7333333333333333
17021,0.8862569452298441,15,0.9333333333333333
17022,0.3025136893932561,15,0.5333333333333333
17023,-0.03670465400352688,18,0.16666666666666666
17024,0.5671376283965728,15,0.8
17025,0.5596575125336719,15,0.8
17026,0.5237784219991383,18,0.7222222222222222
17027,-0.6688193145931507,12,0.0
17028,-0.6773321734154091,15,0.0
17029,0.20297004929871837,12,0.4166666666666667
17030,0.5143368319569557,12,0.75
17031,0.3184293846739648,18,0.5555555555555556
17032,-0.688739707284073,18,0.0
17033,-0.672205781208209,12,0.0
17034,0.14102989464488172,12,0.3333333333333333
17035,-0.04847802117218242,8,0.25
17036,0.10268689234797065,8,0.375
17037,-0.24749820722224491,8,0.125
17038,0.2308248240072523,8,0.5
17039,0.3781981970670141,8,0.625
17040,0.5956362264300302,8,0.875
17041,0.8291459886797531,8,0.875
17042,1.5263835442829736,8,1.0
17043,0.8291459886797531,8,0.875
17044,1.5263835442829736,8,1.0
17045,1.5263835442829736,8,1.0
17046,0.5758417927647985,8,0.75
17047,0.8026906717366153,8,0.875
17048,0.8026906717366153,8,0.875
17049,1.5263835442829736,8,1.0
17050,1.5263835442829736,8,1.0
17051,1.5263835442829736,8,1.0
17052,1.5263835442829736,8,1.0
17053,0.8026906717366153,8,0.875
17054,0.8026906717366153,8,0.875
17055,0.8026906717366153,8,0.875
17056,0.5758417927647985,8,0.75
17057,-0.672205781208209,12,0.0
17058,0.8026906717366153,8,0.875
17059,0.5758417927647985,8,0.75
17060,1.5263835442829736,8,1.0
17061,1.5263835442829736,8,1.0
17062,-0.6688193145931507,12,0.0
17063,-0.6688193145931507,12,0.0
17064,-0.6688193145931507,12,0.0
17065,0.060700527800463595,12,0.25
17066,-0.18005608131857204,15,0.06666666666666667
17067,-0.08095287384768549,18,0.1111111111111111
17068,-0.1578754504855928,12,0.08333333333333333
17069,0.060700527800463595,12,0.25
17070,0.39670146654229016,12,0.5833333333333334
17071,0.20238822206778595,18,0.3888888888888889
17072,0.2464323438970206,18,0.4444444444444444
17073,0.19728741887789492,15,0.4
17074,0.3863909480801777,15,0.6
17075,0.6557622578098983,18,0.8333333333333334
17076,-0.051111634750712585,12,0.16666666666666666
17077,0.4181612565664292,15,0.6666666666666666
17078,0.3826899344563244,18,0.6111111111111112
17079,-0.10316015117805943,15,0.13333333333333333
17080,-0.6773321734154091,15,0.0
17081,-0.672205781208209,12,0.0
17082,-0.1901883333533061,12,0.08333333333333333
17083,0.45856943545146805,12,0.75
17084,-0.6773321734154091,15,0.0
17085,-0.672205781208209,12,0.0
17086,-0.672205781208209,12,0.0
17087,-0.007785017645341527,15,0.2
17088,-0.672205781208209,12,0.0
17089,-0.6688193145931507,12,0.0
17090,0.9094149923102995,18,0.9444444444444444
17091,0.1057513319296613,15,0.3333333333333333
17092,-0.08445273797416476,15,0.13333333333333333
17093,0.05375807624437112,18,0.2222222222222222
17094,0.7224913298507643,18,0.8888888888888888
17095,0.10266921571257648,18,0.2777777777777778
17096,0.4152022922860827,18,0.6666666666666666
17097,-0.03738471434754151,18,0.16666666666666666
17098,0.2519761740905762,15,0.4666666666666667
17099,-0.036521217310097755,18,0.16666666666666666
17100,0.20189892603311468,15,0.4
17101,0.37759645581447204,18,0.6666666666666666
17102,-0.07849418660409038,18,0.1111111111111111
17103,-0.010130831061471994,15,0.2
17104,0.27358273169325437,15,0.5333333333333333
17105,-0.21234136567960318,15,0.06666666666666667
17106,0.17628165616208288,18,0.3888888888888889
17107,0.5322369909030569,15,0.8
17108,-0.04352048361196878,18,0.16666666666666666
17109,0.03306009577608088,18,0.2222222222222222
17110,0.03969128019999062,18,0.2222222222222222
17111,0.5636302156257689,18,0.7777777777777778
17112,-0.07813032596969087,15,0.13333333333333333
17113,0.3752374066202652,18,0.6111111111111112
17114,0.3981000282646437,18,0.6111111111111112
17115,-0.688739707284073,18,0.0
17116,-0.10653740075783835,18,0.1111111111111111
17117,-0.02939479856781594,18,0.16666666666666666
17118,0.37623016078975463,18,0.6111111111111112
17119,-0.10653740075783835,18,0.1111111111111111
17120,0.12407073834855108,15,0.3333333333333333
17121,0.1703126847122293,15,0.4
17122,0.4243574507696351,18,0.6666666666666666
17123,0.1731513760201947,18,0.3888888888888889
17124,0.2804970694254779,18,0.5
17125,0.10094566032624772,18,0.2777777777777778
17126,0.5078502788831044,12,0.75
17127,0.26606194051040777,12,0.5
17128,-0.672205781208209,12,0.0
17129,-0.6773321734154091,15,0.0
17130,0.24077249699466494,18,0.4444444444444444
17131,0.5116055369012911,18,0.7777777777777778
17132,0.6606589270640798,15,0.8666666666666667
17133,0.6482561182681759,18,0.8888888888888888
17134,0.8874131539823605,18,0.9444444444444444
17135,0.8874131539823605,18,0.9444444444444444
17136,0.7166027881489904,15,0.8666666666666667
17137,0.7166027881489904,15,0.8666666666666667
17138,0.9094149923102995,18,0.9444444444444444
17139,0.7709822197931078,18,0.8888888888888888
17140,0.8342054228844156,12,0.9166666666666666
17141,-0.049130735469234445,12,0.16666666666666666
17142,0.13132212539024354,15,0.3333333333333333
17143,0.1225202820201341,18,0.3333333333333333
17144,0.001519831015058081,15,0.2
17145,-0.12033973969640833,18,0.1111111111111111
17146,0.022747944831764236,15,0.2
17147,-0.20791735760667607,15,0.06666666666666667
17148,0.1523285621704182,15,0.3333333333333333
17149,-0.672205781208209,12,0.0
17150,-0.08095287384768549,18,0.1111111111111111
17151,0.7709822197931078,18,0.8888888888888888
17152,1.4248023780387045,15,1.0
17153,0.8628598573781446,12,0.9166666666666666
17154,0.21576891318699676,18,0.3888888888888889
17155,-0.16215884209060843,12,0.08333333333333333
17156,1.392920290175227,12,1.0
17157,0.6415363366982748,18,0.8333333333333334
17158,0.27180319204089964,12,0.5
17159,0.6826150912744228,12,0.8333333333333334
17160,0.87228236087156,18,0.9444444444444444
17161,0.6225118913514701,15,0.8
17162,0.5958911366596601,18,0.7777777777777778
17163,0.4716686994768887,15,0.7333333333333333
17164,0.453683607876404,12,0.6666666666666666
17165,-0.6773321734154091,15,0.0
17166,-0.6688193145931507,12,0.0
17167,-0.1742750720645074,12,0.08333333333333333
17168,-0.6773321734154091,15,0.0
17169,-0.6773321734154091,15,0.0
17170,-0.688739707284073,18,0.0
17171,0.133633701515285,18,0.3333333333333333
17172,0.2704717384573114,18,0.5
17173,0.36776520428754095,18,0.6111111111111112
17174,0.40977329126713136,12,0.75
17175,0.035787713467289456,12,0.25
17176,-0.006960101737641751,18,0.16666666666666666
17177,-0.14799962024994018,15,0.06666666666666667
17178,-0.672205781208209,12,0.0
17179,-0.07849418660409038,18,0.1111111111111111
17180,-0.672205781208209,12,0.0
17181,-0.672205781208209,12,0.0
17182,-0.672205781208209,12,0.0
17183,0.14102989464488172,12,0.3333333333333333
17184,0.8862569452298441,15,0.9333333333333333
17185,-0.672205781208209,12,0.0
17186,-0.16102160996978243,12,0.08333333333333333
17187,-0.16215884209060843,12,0.08333333333333333
17188,-0.16999218331315502,12,0.08333333333333333
17189,1.4099762558451874,18,1.0
17190,-0.061299210605054895,12,0.08333333333333333
17191,0.0067955518146372105,15,0.2
17192,0.3752374066202652,18,0.6111111111111112
17193,0.5742594424665447,15,0.8
17194,0.4066155914615986,12,0.6666666666666666
17195,0.4880605538967315,12,0.75
17196,0.02219145596191224,18,0.2222222222222222
17197,0.4529438572969429,15,0.6666666666666666
17198,0.43376182878873776,12,0.6666666666666666
17199,-0.16999218331315502,12,0.08333333333333333
17200,0.30166595847584593,15,0.5333333333333333
17201,1.4099762558451874,18,1.0
17202,1.4099762558451874,18,1.0
17203,-0.6773321734154091,15,0.0
17204,1.4248023780387045,15,1.0
17205,1.392920290175227,12,1.0
17206,0.31695149377497867,18,0.5555555555555556
17207,0.7709822197931078,18,0.8888888888888888
17208,-0.0477012934509174,12,0.16666666666666666
17209,0.8342054228844156,12,0.9166666666666666
17210,0.24993758636554914,18,0.4444444444444444
17211,0.4161627238615726,12,0.6666666666666666
17212,0.20471164907442566,18,0.3888888888888889
17213,-0.1555693737787837,18,0.05555555555555555
17214,0.09608198247894373,18,0.2222222222222222
17215,-0.008322515480596268,12,0.16666666666666666
17216,0.5086828617248773,12,0.75
17217,0.6826150912744228,12,0.8333333333333334
17218,0.6030554726822788,18,0.8888888888888888
17219,0.4794789411033005,12,0.75
17220,0.3742718656560649,15,0.6
17221,-0.6773321734154091,15,0.0
17222,-0.688739707284073,18,0.0
17223,-0.6688193145931507,12,0.0
17224,0.1247654772128025,12,0.25
17225,0.18736547691409297,12,0.4166666666666667
17226,0.730581928228996,18,0.8888888888888888
17227,-0.6688193145931507,12,0.0
17229,-0.5888113773991807,3,0.0
17236,-0.5190778436414702,3,0.0
17242,-0.42044244711292084,3,0.3333333333333333
17244,-0.4534790157279061,4,0.0
17249,-1.028637367936111,4,0.0
17252,-0.5894883943804751,4,0.0
17259,-0.7952054614710874,3,0.0
17260,-0.3349977981176602,5,0.2
17263,-1.0906543640284798,4,0.0
17269,-0.5430784543987145,3,0.0
17276,0.0944834788238635,3,0.3333333333333333
17283,-1.0171527392404693,4,0.0
17290,-1.2310850756329421,4,0.0
17291,-0.6159653238402799,3,0.3333333333333333
17292,-0.38858775665151707,3,0.0
17293,-0.6021782983859805,4,0.0
17300,-0.49768777380162604,3,0.0
17301,-0.8709339681716554,5,0.0
17305,-0.5313555777468252,3,0.0
17307,-0.5908226755820398,7,0.0
17308,-1.2457072519038026,3,0.0
17314,-0.882324235031663,3,0.0
17316,0.2568732521397701,3,0.3333333333333333
17335,-0.48850642754670387,3,0.0
17337,0.4621419516065554,3,0.6666666666666666
17342,-0.29929366545424024,4,0.0
17345,-0.48811650998661105,3,0.0
17361,-0.29912328310775704,3,0.0
17365,-0.8013719131716643,3,0.0
17367,-0.57478988384669,4,0.0
17368,-0.5768033589976836,3,0.0
17370,-0.7695027824210161,4,0.0
17380,0.22342485548250432,4,0.5
17382,-0.671463328345686,3,0.0
17389,-0.5705205240452488,6,0.0
17396,-0.7900144948864063,3,0.0
17400,-0.7241631055432327,4,0.0
17408,-0.9091677740901631,3,0.0
17416,0.5777887965424161,3,0.6666666666666666
17417,-0.7759911999708661,3,0.0
17420,-0.6036767380676834,4,0.0
17440,-0.6340131067309142,4,0.0
17448,-0.8205610127472165,3,0.0
17452,-0.8999567885570909,4,0.0
17462,-1.251954348617892,5,0.0
17466,-0.305033023835171,3,0.0
17472,-1.2405599078931335,3,0.0
17476,-0.30206413293130674,3,0.0
17486,-0.2803583927466942,3,0.0
17491,-0.8192073391540344,3,0.0
17494,-0.6873007416738555,3,0.0
17496,-0.9015133866028309,4,0.0
17498,-1.0242038465357342,4,0.0
17505,-1.0800801515017027,4,0.0
17506,-0.8614031382983766,5,0.0
17508,-0.5325219624870406,8,0.125
17510,-0.9657116897017131,3,0.0
17512,-0.769502761173373,4,0.0
17513,-0.19392702303623646,4,0.0
17515,-0.30146038672702224,3,0.0
17516,-0.6013832786518154,3,0.0
17517,-0.6543604586780296,5,0.0
17523,-1.2037337099448384,5,0.0
17532,-0.2814180122363171,3,0.0
17540,-0.07420255576602235,3,0.3333333333333333
17542,0.11628420665801925,5,0.4
17547,-0.6538717833624903,3,0.0
17550,-0.05868611462203212,3,0.3333333333333333
17551,-0.4646280347303721,3,0.0
17554,-0.5449858624700228,3,0.0
17558,-0.7891008178912646,6,0.0
17570,-0.4313812427337114,3,0.0
17572,-0.8265274911794646,3,0.0
17574,-0.6538728409211331,3,0.0
17575,-1.0049969891427168,3,0.0
17576,0.25977368595354555,5,0.2
17586,-0.7180126347508834,3,0.0
17596,-0.5225332284733925,3,0.0
17602,-1.301269508833525,5,0.0
17607,-1.0049946883216763,3,0.0
17610,-0.23365537338503398,3,0.0
17611,-0.2914782081458585,3,0.0
17617,-0.35436238974737944,3,0.0
17619,-0.9084833580335603,4,0.0
17621,-0.7870862168633354,4,0.0
17624,0.08766590790980514,4,0.25
17627,-0.4759117582251945,4,0.0
17653,-0.7695060604349631,3,0.0
17655,-0.655843456268726,4,0.0
17656,-0.9296769169277135,4,0.0
17657,-1.0306346259985715,4,0.0
17660,-0.48552621570404153,6,0.0
17661,-0.8092317933271008,3,0.0
17664,-0.2330695161022601,3,0.0
17670,-0.691208842864949,4,0.0
17674,-0.7066113537937126,3,0.0
17677,-0.8984645571995574,4,0.0
17694,-0.7342805494905899,4,0.0
17729,-0.5134520283693187,5,0.0
17730,0.5649430562084534,3,0.6666666666666666
17731,-0.19486665403405723,3,0.0
17732,0.272369417769904,5,0.4
17735,-0.48885541925233816,3,0.0
17736,-0.7712310055302437,4,0.0
17738,-0.4257953796125335,3,0.0
17743,-0.782173709298937,3,0.0
17745,-0.4033780678501723,3,0.0
17753,0.3730671305636259,3,0.3333333333333333
17762,-0.16861939142794233,6,0.16666666666666666
17776,0.16928067289913373,3,0.3333333333333333
17782,-0.7479527869289361,4,0.0
17783,-0.6487659705358815,3,0.0
17784,-0.4204291285979282,3,0.0
17789,-0.5658571286480975,4,0.0
17791,-0.26286844066857523,3,0.0
17802,-0.591814794478341,4,0.0
17812,-1.0328373586402055,4,0.0
17814,-0.41452444641167185,3,0.0
17815,0.020632326807240992,5,0.4
17820,0.05323300714332674,3,0.3333333333333333
17830,-0.5086645205641362,3,0.0
17846,1.1625605008692774,4,1.0
17848,-0.3958339936195037,3,0.0
17854,-0.3816472265564749,3,0.0
17858,-0.4243734474522173,3,0.0
17860,-0.7856848326270889,4,0.0
17873,0.4131020535521467,3,0.3333333333333333
17879,-0.43330882506531004,3,0.0
17884,-0.6726829909172106,3,0.0
17895,-1.3263336358179512,5,0.0
17901,-1.4036760165471278,6,0.0
17903,1.0303637345151655,3,1.0
17907,-1.028432162501145,3,0.0
17911,-0.2988167697252157,4,0.0
17914,-0.5230609400678566,3,0.0
17918,-0.9233342091440775,4,0.0
17919,-0.9163330160034817,5,0.0
17920,-0.9999394760523005,3,0.0
17928,-0.7885176372175718,3,0.0
17942,-1.0280453249281636,3,0.0
17949,-0.596006345572469,3,0.3333333333333333
17953,-0.423265748509952,4,0.0
17956,-0.5146732267011834,4,0.0
17957,-0.929807018376231,4,0.0
17962,-0.06821368442275184,4,0.5
17963,-0.560657722619859,4,0.0
17964,-0.8570046485487613,4,0.0
17968,0.4784439006967075,3,0.6666666666666666
17969,-0.27460676497523834,3,0.0
17973,-1.2694561563731195,3,0.0
17983,-0.6563142100147158,4,0.0
17986,-0.2988167697252157,4,0.0
17988,-0.0007982642830407248,4,0.25
17989,-0.5855622128732076,3,0.0
17993,0.004905494791973772,4,0.25
17995,-0.4029150696674951,3,0.0
18005,-0.7696228739413513,4,0.0
18008,-0.5967799478149851,6,0.0
18011,-0.8567090285368508,4,0.0
18015,-0.4192977495052271,3,0.0
18017,-0.49539605790596297,3,0.0
18020,-0.5635676348636425,3,0.0
18022,-0.6713952357995482,3,0.0
18029,-1.2385741859885255,4,0.0
18031,-0.27934491119083976,3,0.0
18045,-0.8617001724488386,3,0.0
18046,-0.9266708578145995,4,0.0
18050,-1.013946890683389,5,0.0
18059,-0.4343277742860062,4,0.0
18064,-0.8203689076979235,5,0.0
18071,-0.5873611022130465,3,0.0
18073,-0.44372139407728073,5,0.0
18077,-0.7885378688633842,4,0.0
18087,-0.414585133617761,3,0.0
18092,-0.4811342326423079,4,0.0
18094,-0.2941450091698506,3,0.0
18095,-0.7821726562121429,3,0.0
18101,-0.9123733312705073,3,0.0
18105,-0.9123473469609921,4,0.0
18106,-1.0049970604710363,3,0.0
18118,-0.9179415639296459,5,0.0
18129,-0.9858233844275097,3,0.0
18130,-0.395587799599526,3,0.0
18136,-0.4841987298779991,3,0.0
18144,0.5685967119518416,4,0.5
18145,-0.5003117208305498,3,0.0
18148,-0.4450328342483192,3,0.0
18150,0.13111530404042213,5,0.2
18164,-0.48399432625411437,3,0.0
18165,-0.4841987298779991,3,0.0
18171,0.41106612811762905,4,0.75
18172,0.040631567968099955,3,0.3333333333333333
18173,-0.5818898667834408,5,0.0
18178,-0.03420275895154689,4,0.25
18186,-0.5193091871040038,3,0.0
18188,-0.4257377871517252,4,0.0
18189,0.038615436884832745,4,0.25
18191,-0.5740831629125541,3,0.0
18198,1.5152634379876273,3,1.0
18202,-0.43330882506531004,3,0.0
18209,-1.0006647138859508,3,0.0
18210,0.3649292810697676,3,0.6666666666666666
18238,-1.0331541447808454,4,0.0
18240,-0.7831308741619512,3,0.0
18243,-0.614076315823199,3,0.0
18244,-0.6618594549560602,4,0.0
18248,-0.8621450199151952,4,0.0
18250,-1.2785650443081442,5,0.0
18271,-0.3792125713882945,5,0.0
18277,0.1365439948842757,3,0.3333333333333333
18279,-0.49709914773914493,3,0.0
18290,-0.2705044397203963,4,0.0
18291,-0.8906719990774145,5,0.0
18299,-0.7788078631126673,3,0.0
18304,-0.6342185506780382,3,0.0
18305,-0.41068656158026456,3,0.0
18315,-0.5084966943430494,4,0.0
18319,-0.2995474045730566,3,0.0
18334,0.5156713453276665,3,0.6666666666666666
18335,0.42172419342527556,4,0.75
18338,-0.2056758141967116,5,0.0
18339,0.33580966882598406,6,0.5
18348,-1.0293620330783888,4,0.0
18352,-0.32884174173818326,3,0.0
18361,0.5325843779461303,5,0.6
18371,0.02017746988497298,5,0.2
18379,0.1473864919023585,4,0.5
18389,0.16309926658998036,3,0.3333333333333333
18395,-0.7695032977515557,4,0.0
18401,-0.30592176246714453,3,0.0
18403,-0.4725504386740549,4,0.0
18418,-0.7886930600383156,5,0.0
18424,-0.4191832317543031,4,0.0
18436,-1.045730390403,3,0.0
18448,-0.7821734548464153,3,0.0
18452,-0.5613374291849813,3,0.0
18457,-1.024302136094368,3,0.0
18464,-0.9669272163457583,3,0.0
18473,-0.7274570054697357,3,0.0
18475,-0.6081153047071527,3,0.0
18476,-0.47568914672249374,3,0.0
18477,-0.7885084060260409,4,0.0
18479,-0.8556217066529054,5,0.0
18484,-0.13784062315123521,3,0.0
18486,-0.66352174320843,4,0.0
18494,-0.3301137495422646,3,0.0
18505,-0.8669923403316738,3,0.0
18507,-1.0157025980771481,4,0.0
18508,-1.109247738609436,3,0.0
18516,0.5573858624035622,5,0.8
18517,-0.7695594950458665,3,0.0
18518,0.39630607648836313,6,0.5
18520,0.3409714618839097,4,0.75
18528,-0.5081204393867448,3,0.0
18530,-0.9403516182020121,5,0.0
18533,-0.43454194296220167,3,0.0
18539,-0.712793257076119,5,0.0
18551,-0.8816736107332163,5,0.0
18558,-1.0710645435930308,3,0.0
18582,-1.24573625090342,3,0.0
18586,-0.7731627875925241,3,0.0
18601,-0.8501301561494327,4,0.0
18602,-0.7884457035641242,4,0.0
18619,-0.26215797063756413,4,0.0
18620,1.2505851146985192,3,1.0
18621,-1.2457072762563273,3,0.0
18629,-0.8477302168879861,3,0.0
18631,-0.6562614477695948,3,0.0
18638,-0.6747431035942232,4,0.0
18642,-0.3009770360822095,3,0.0
18649,-0.594885810012723,3,0.0
18656,-0.5449687965285156,3,0.0
18658,-0.975984231761121,3,0.0
18667,-0.7885176372175718,3,0.0
18691,-0.6912097307202434,4,0.0
18692,-0.38700852970283073,5,0.0
18695,-0.5343052007055867,5,0.0
18706,-0.4964202985384102,3,0.0
18709,0.21161324916525187,3,0.3333333333333333
18711,-0.07934384471956867,3,0.3333333333333333
18716,-1.2457070762732565,3,0.0
18725,-0.27307693785810455,4,0.0
18726,-0.29068140395202635,3,0.0
18732,-0.700035688907147,3,0.0
18734,-1.0280445627301344,4,0.0
18746,-0.5475351456440486,4,0.0
18747,-0.2988167697252157,4,0.0
18761,-0.826260104431512,5,0.0
18768,-1.255586287876494,8,0.0
18771,-0.5225080643366773,4,0.0
18773,-0.8669743934162749,3,0.0
18783,-0.7695330751947301,3,0.0
18786,-0.7077063924406385,3,0.0
18791,-0.8992821818123653,3,0.0
18793,-1.1163309200959668,3,0.0
18798,-0.8521816372219209,5,0.0
18803,-0.5456071571617717,3,0.0
18807,-0.4197681840022474,3,0.0
18813,-0.7049575065455732,3,0.0
18817,-0.7307489285263687,3,0.0
18831,-0.9450809401688512,3,0.0
18836,-0.5133757694065729,3,0.0
18845,-0.7759906358943484,3,0.0
18846,-0.79106057807123,3,0.0
18855,-1.168198476335323,3,0.0
18858,-0.38377449233838673,5,0.0
18880,-0.4650274112339463,3,0.0
18881,-0.8231829721005104,3,0.0
18893,-0.5450203213128706,3,0.0
18909,0.1527062545998043,4,0.25
18911,-0.5394048980594481,3,0.0
18914,0.12430264865579645,3,0.6666666666666666
18922,-0.6100180006899761,3,0.0
18925,-0.8205108737374086,4,0.0
18926,-0.5751220708699729,4,0.0
18930,-0.39629522265293116,3,0.0
18936,-0.7885670526448302,3,0.0
18937,-0.3012704471470185,3,0.0
18939,-0.5246279861669169,3,0.0
18940,-0.15022393997267405,3,0.3333333333333333
18941,-0.6147610059626007,5,0.0
18943,-0.5449966042141294,3,0.0
18946,-0.29078994475011816,3,0.0
18957,0.23565503908529567,4,0.5
18988,0.2729983142550057,5,0.4
19003,-0.13114542321147493,3,0.0
19008,-0.32191708163934596,3,0.0
19011,-0.6959371461050563,3,0.0
19018,-0.6804083618436186,6,0.0
19024,-0.4810232210842108,3,0.0
19025,-1.067279928248706,6,0.0
19039,-0.8304738010175116,4,0.0
19050,-1.0280445627301344,4,0.0
19053,0.34213900398851466,3,0.6666666666666666
19059,-0.5086645205641362,3,0.0
19063,0.32265012766943524,3,0.6666666666666666
19070,-1.2729311636828966,3,0.0
19079,0.7555185102429522,3,0.6666666666666666
19090,-0.9176978635520326,4,0.0
19102,-0.9266786171876181,6,0.0
19115,-0.2879536095663957,4,0.0
19119,-0.8414208071735857,3,0.0
19126,0.19369930915615993,5,0.2
19127,-0.41446785784182144,3,0.0
19129,-1.2457058693577412,4,0.0
19136,-0.8721550252159813,3,0.0
19144,-0.9934597747029379,4,0.0
19148,-1.0892082498545586,3,0.0
19151,-0.40323698268707897,4,0.0
19162,-0.4772781363557257,3,0.0
19167,-0.8088084842034583,4,0.0
19170,-0.9211559805333843,3,0.0
19174,-1.2458131591482697,5,0.0
19180,-0.43425242283438176,3,0.0
19188,-1.4436505348154327,3,0.0
19193,0.5173610559253441,3,0.6666666666666666
19198,-1.0280445627301344,4,0.0
19207,-0.9091677740901631,3,0.0
19209,-0.5310474814517364,3,0.0
19210,-0.8668727764182996,5,0.2
19216,-0.4201372370096461,4,0.0
19217,-0.8026453726296564,3,0.0
19230,-0.32750590654439293,3,0.0
19235,-0.6738595531585265,4,0.0
19241,0.14434227696883561,4,0.25
19267,-0.2870903491768019,3,0.0
19276,-0.1126845465249665,3,0.0
19283,-0.430624769736559,3,0.0
19288,0.2233918147526378,3,0.3333333333333333
19293,-0.6931632367913749,3,0.0
19301,-0.892816008607039,7,0.0
19306,-0.7957234669500329,4,0.0
19309,-0.4147763733758162,3,0.0
19310,-0.7954343533095153,4,0.0
19316,-0.49768777380162604,3,0.0
19320,-0.8859278128749858,3,0.0
19337,-0.908056609358502,4,0.0
19340,-1.0280457470037436,3,0.0
19353,0.11543373038135749,6,0.16666666666666666
19360,-0.4204291285979282,3,0.0
19366,-0.5821261149394741,5,0.0
19369,0.23090689943795112,4,0.5
19370,-0.5629603329613183,4,0.0
19372,-0.6912077121359115,4,0.0
19376,-0.5959272352586239,3,0.0
19381,-0.9233157682122353,4,0.0
19389,-0.7788078631126673,3,0.0
19393,-0.33468735948326894,3,0.0
19394,0.7098444748466475,3,0.6666666666666666
19398,0.6428672724352689,3,0.3333333333333333
19408,-0.9665434121204478,3,0.0
19414,-0.620181995864278,3,0.0
19425,-0.3247086475210398,3,0.3333333333333333
19428,-0.6506791486756,4,0.0
19439,-0.49983051461474937,3,0.0
19442,-0.5285032489212966,5,0.0
19451,-0.7759899839993751,3,0.0
19453,-0.5341386561896309,5,0.0
19454,-0.6795797894907155,3,0.0
19464,-0.4033780678501723,3,0.0
19466,-0.7188880848825255,5,0.2
19467,-0.5249435449044756,3,0.0
19469,-0.27163649902128856,3,0.0
19478,0.15651676350595375,3,0.3333333333333333
19484,-0.8894507621265989,4,0.0
19487,-1.0293620330783888,4,0.0
19498,-0.6668742633773672,3,0.0
19502,-0.8201128661302083,4,0.0
19511,-0.9464720484336991,4,0.0
19513,-0.4993934743616336,3,0.0
19518,-1.0477812845648924,4,0.0
19528,-0.825474454534776,6,0.0
19543,-0.7266914578999581,3,0.0
19546,-0.7697325673668786,3,0.0
19550,-0.8717869667477649,5,0.0
19556,-0.9166087731683781,4,0.0
19572,-0.5393990202537651,3,0.0
19581,-0.395587799599526,3,0.0
19584,-0.7822038402211358,4,0.0
19586,-0.6640669280540431,3,0.0
19587,-0.47611150510749173,4,0.0
19597,-0.7784130879842264,4,0.0
19599,-0.19972721750698358,4,0.0
19605,-0.49738477011769366,5,0.2
19613,-0.9483568955678066,4,0.0
19619,-0.5748387875211206,3,0.0
19636,-1.0060566359360232,5,0.0
19637,-0.8325287614708432,3,0.0
19639,-1.1818723736394736,4,0.0
19650,-0.2803583927466942,3,0.0
19655,-0.13908026696838435,3,0.3333333333333333
19663,-0.7979197717015905,3,0.0
19664,-0.5755473579803727,6,0.0
19666,-1.0335347703324442,4,0.0
19670,-1.0280453249281636,3,0.0
19674,0.6241904835776723,3,0.3333333333333333
19678,-0.42044244711292084,3,0.3333333333333333
19680,-0.30206413293130674,3,0.0
19684,0.45218963051045463,4,0.5
19690,-0.708951390165431,3,0.0
19696,-0.8088528367471102,4,0.0
19697,-0.1413625256182818,4,0.0
19703,-0.417375125135936,6,0.16666666666666666
19712,0.6355803171932138,3,0.6666666666666666
19732,0.05252917469277056,4,0.25
19733,-0.9200625916447794,3,0.0
19734,-0.5006131252398673,3,0.0
19743,-0.02406339546998735,3,0.3333333333333333
19746,-0.6721799282732517,3,0.0
19747,-0.8228004154203117,3,0.0
19753,-0.32750590654439293,3,0.0
19757,-0.2872317015688348,3,0.0
19771,0.4444006317074088,3,0.6666666666666666
19773,0.7168566489672199,4,0.75
19774,-0.6867442925900648,3,0.0
19779,-0.1417495909458195,3,0.0
19780,-0.10282082723248787,3,0.3333333333333333
19783,-0.4243734474522173,3,0.0
19790,-0.4474705739258536,3,0.0
19795,-0.4424848080417376,4,0.0
19798,-0.5613419238092691,3,0.0
19803,-0.3481695452362197,4,0.0
19804,0.0913904254617378,3,0.6666666666666666
19820,-0.7927180692338546,4,0.0
19852,-0.5363679392467446,3,0.0
19856,-0.8200207967994425,3,0.0
19870,-0.7736719983580909,4,0.0
19881,-0.3850996493157797,3,0.0
19885,-1.077451181887315,3,0.0
19887,-0.5356614089737411,4,0.0
19892,0.116007337773203,6,0.3333333333333333
19898,0.5210767244679018,5,0.6
19902,-0.8179980510084475,3,0.0
19906,-0.5691485957200795,6,0.0
19917,-0.3657464699040365,6,0.0
19919,-0.3047665555078242,3,0.0
19930,-0.796496017294848,5,0.0
19934,-1.2353024244383755,5,0.0
19936,-0.38222525517687883,3,0.0
19939,-1.0280504392691383,3,0.0
19947,-1.329180085761643,6,0.0
19950,-0.8816741292203102,3,0.0
19961,-0.4885228156369736,3,0.0
19962,-0.691208842864949,4,0.0
19963,-1.0172002510526998,3,0.0
19972,-0.3488706170607298,4,0.0
19986,-1.000076657188287,3,0.0
19989,-0.7461959815238551,4,0.0
19994,-0.5613419238092691,3,0.0
20002,0.37873015530679255,3,0.6666666666666666
20015,-0.512584288969829,4,0.0
20016,-0.7870681833410607,7,0.0
20018,-0.8361849195212563,4,0.0
20020,-0.6256953116788786,3,0.0
20021,0.9419835475869385,3,0.6666666666666666
20024,-0.8824713830432955,5,0.0
20035,-1.0698913375815795,5,0.0
20038,-0.8617001724488386,3,0.0
20042,-0.49093273111349744,3,0.0
20049,-0.7290994100278768,3,0.0
20059,-1.0390318475113447,3,0.0
20060,-1.2491413373839297,3,0.0
20063,-0.770028916259684,3,0.0
20065,-1.2565816976974082,4,0.0
20067,0.43674921748744405,4,0.5
20068,-0.3958339936195037,3,0.0
20073,0.5604541934899799,4,0.5
20077,-0.43396731295446445,5,0.0
20093,-0.8200213281023793,3,0.0
20094,-0.274538985029509,4,0.0
20098,-0.38144244093527757,3,0.0
20105,-0.793484134861409,3,0.0
20114,-1.0064279290244151,4,0.0
20116,-0.8859848444870405,4,0.0
20128,-0.42231894900219474,3,0.0
20147,0.10904296517008745,3,0.3333333333333333
20155,-0.6131456156793907,3,0.0
20168,0.1030687628238182,3,0.6666666666666666
20169,-0.395587799599526,3,0.0
20173,-0.8388282337167127,3,0.0
20184,0.18059405420421812,3,0.3333333333333333
20188,-0.8860104014656879,4,0.0
20190,-0.527207721059094,4,0.0
20196,-0.914116228899618,3,0.0
20203,-0.8200716871604732,4,0.0
20207,-1.0401847620320703,3,0.0
20208,-0.15433721917170296,3,0.0
20210,-0.8447877523230153,5,0.0
20212,0.30260840346643286,3,0.3333333333333333
20220,0.4052771267118032,4,0.5
20226,-0.6856257158233449,3,0.0
20229,-0.5650843062069545,3,0.0
20243,-0.820052058891254,5,0.0
20251,-0.7769883159586028,4,0.0
20267,-0.7731627875925241,3,0.0
20273,-0.8449421908621549,4,0.0
20283,-0.7956924794118424,3,0.0
20285,0.12497825775952096,6,0.16666666666666666
20286,-0.8327834920842139,3,0.0
20289,-0.24935777767278944,3,0.0
20299,-0.09854149931498495,3,0.3333333333333333
20302,-0.4204616951256237,3,0.0
20303,-0.5485806974927427,3,0.0
20321,-0.4470831865388546,3,0.0
20329,-0.5840244506602766,3,0.0
20337,-0.46341383170385986,4,0.0
20342,-0.19486665403405723,3,0.0
20344,-0.5776407737958617,3,0.0
20347,-0.6578779025404211,3,0.0
20360,-0.938024847483238,6,0.0
20363,0.3616099498737643,4,0.5
20364,-0.6458872482229715,3,0.0
20369,-0.5203811671114709,3,0.0
20377,-1.267180162266821,6,0.0
20384,-1.0291343290583443,3,0.0
20389,-1.0280451153401995,4,0.0
20392,-0.8670092143237784,3,0.0
20396,-0.7408819393079247,4,0.0
20398,-1.2457620132689322,5,0.0
20400,-0.4470835580320755,5,0.0
20410,-0.4404852809579074,3,0.0
20413,0.13205183396911507,4,0.25
20415,-0.9411637389440041,4,0.0
20416,0.1732347982817693,4,0.25
20424,-0.887202825395899,3,0.0
20428,-0.4632435501771996,5,0.0
20431,-0.9215023647461925,6,0.0
20433,-0.793484134861409,3,0.0
20441,0.16348572569783962,4,0.25
20446,-0.24269459446013925,3,0.0
20468,-0.15528361485865363,3,0.0
20483,-0.6539419155041057,4,0.0
20486,-0.19413575507640676,3,0.3333333333333333
20491,-0.28881062899074034,4,0.0
20496,-0.6753857251333706,3,0.0
20498,-1.2694561563731195,3,0.0
20509,0.3615427572005532,3,0.6666666666666666
20511,-0.8489267815324418,5,0.0
20519,0.3019859957932543,4,0.5
