session_id,trial_index,seg_id,task_code,pattern_class_true,target_present,response_label,response_y,is_correct,reaction_time_ms,answer_changes,n_interactions,select_ms,montage,gain_uv,bandpass,notch,window_s,max_hw,ess,total_var,expected_loss_chosen,rejuv,post_decision
382c1a0c-7e61-4f6f-9b37-89b22583410f,0,1902,spike,spike,1,Yes (spike present),1,True,1605.0,0,1,146.1760544967854,bipolar,100.0,0.5-70 Hz,60 Hz,10.0,0.1746112147790404,480.11023721362943,13.652386262292474,13.8411501635895,False,False
382c1a0c-7e61-4f6f-9b37-89b22583410f,1,8146,spike,spike,1,Yes (spike present),1,True,1870.0,0,2,104.39845299841724,bipolar,100.0,0.5-70 Hz,60 Hz,10.0,0.1743962417766151,396.65572069992555,13.415632753681084,13.486884677711043,False,False
382c1a0c-7e61-4f6f-9b37-89b22583410f,2,9213,spike,spike,1,Yes (spike present),1,True,5123.8,0,1,12.411455840695954,bipolar,100.0,0.5-70 Hz,60 Hz,10.0,0.17462194111202423,326.66445068864954,13.210673933472762,13.285493251851099,False,False
382c1a0c-7e61-4f6f-9b37-89b22583410f,3,7977,spike,spike,1,Yes (spike present),1,True,31287.7,0,1,43.98762137374893,bipolar,100.0,0.5-70 Hz,60 Hz,10.0,0.17342391392640688,599.9999999999999,13.153618445835308,13.112094127493396,True,False
382c1a0c-7e61-4f6f-9b37-89b22583410f,4,3027,spike,spike,0,No (no spike),0,True,3851.8,0,0,110.79410091518112,bipolar,100.0,0.5-70 Hz,60 Hz,10.0,0.17308252104497895,480.10739302369717,13.03059053682598,13.060080226714637,False,False
382c1a0c-7e61-4f6f-9b37-89b22583410f,5,1417,spike,spike,0,Yes (spike present),1,False,6615.8,0,0,41.124574513971055,bipolar,100.0,0.5-70 Hz,60 Hz,10.0,0.17535037076112314,404.80663983272456,12.707240940588191,12.943892446583504,False,False
382c1a0c-7e61-4f6f-9b37-89b22583410f,6,6983,spike,spike,1,Yes (spike present),1,True,66752.1,0,1,116.83842366001294,bipolar,100.0,0.5-70 Hz,60 Hz,10.0,0.16859910553285629,433.698560594946,12.649136367569756,12.614932515928732,False,False
382c1a0c-7e61-4f6f-9b37-89b22583410f,7,6289,spike,spike,1,Yes (spike present),1,True,1400.1,0,3,159.70946227318635,bipolar,100.0,0.5-70 Hz,60 Hz,10.0,0.1685839018408249,437.1873220697381,12.597581306330017,12.579579166372124,False,False
382c1a0c-7e61-4f6f-9b37-89b22583410f,8,9949,spike,spike,0,No (no spike),0,True,1099.6,0,3,92.29781023346628,bipolar,100.0,0.5-70 Hz,60 Hz,10.0,0.1778886789792502,337.96311210666266,12.508098462221149,12.547281918705856,False,False
382c1a0c-7e61-4f6f-9b37-89b22583410f,9,1230,spike,spike,0,No (no spike),0,True,4563.1,0,0,90.19935686425696,bipolar,100.0,0.5-70 Hz,60 Hz,10.0,0.17869733717942826,366.2426596338396,12.573010474571717,12.452813051502655,False,False
382c1a0c-7e61-4f6f-9b37-89b22583410f,10,866,spike,spike,0,No (no spike),0,True,9306.6,0,1,12.326308518293422,bipolar,100.0,0.5-70 Hz,60 Hz,10.0,0.1788349707130315,373.0243798164163,12.706759349060178,12.52376876026693,False,False
382c1a0c-7e61-4f6f-9b37-89b22583410f,11,2717,spike,spike,0,No (no spike),0,True,8890.4,0,0,32.865265846367606,bipolar,100.0,0.5-70 Hz,60 Hz,10.0,0.17882658729552958,345.9321220617933,12.901099715381054,12.660191846925184,False,False
382c1a0c-7e61-4f6f-9b37-89b22583410f,12,1918,spike,spike,0,No (no spike),0,True,183167.3,0,1,87.64629574931558,bipolar,100.0,0.5-70 Hz,60 Hz,10.0,0.177168273554079,599.9999999999999,13.03169352945583,12.843290960087995,True,False
382c1a0c-7e61-4f6f-9b37-89b22583410f,13,472,spike,spike,0,No (no spike),0,True,1215.9,0,2,121.17858177683404,bipolar,100.0,0.5-70 Hz,60 Hz,10.0,0.1780145793481362,551.8797731438393,13.172122690514628,12.975121525433899,False,False
382c1a0c-7e61-4f6f-9b37-89b22583410f,14,6130,spike,spike,0,No (no spike),0,True,2049.2,0,1,59.984917026061865,bipolar,100.0,0.5-70 Hz,60 Hz,10.0,0.17866772827398397,458.068865195417,13.240354104073262,13.095323354692637,False,False
382c1a0c-7e61-4f6f-9b37-89b22583410f,15,6465,spike,spike,0,Yes (spike present),1,False,4831.6,0,1,107.82551585845331,bipolar,100.0,0.5-70 Hz,60 Hz,10.0,0.17544501692847891,547.4055625115644,12.936914620081827,13.17151532280208,False,False
382c1a0c-7e61-4f6f-9b37-89b22583410f,16,6489,spike,spike,1,Yes (spike present),1,True,3850.9,0,1,83.62057150447689,bipolar,100.0,0.5-70 Hz,60 Hz,10.0,0.17558090797003445,534.6300250713095,12.908700536129869,12.893010428445697,False,False
382c1a0c-7e61-4f6f-9b37-89b22583410f,17,13197,spike,spike,1,Yes (spike present),1,True,2180.4,0,0,90.15126826779355,bipolar,100.0,0.5-70 Hz,60 Hz,10.0,0.17558962160816266,502.0052472088947,12.894541411161509,12.874945068029003,False,False
382c1a0c-7e61-4f6f-9b37-89b22583410f,18,2657,spike,spike,0,No (no spike),0,True,2050.7,0,0,125.65914631006478,bipolar,100.0,0.5-70 Hz,60 Hz,10.0,0.17565083808296256,471.7147661106617,12.90230787964317,12.868242817964783,False,False
382c1a0c-7e61-4f6f-9b37-89b22583410f,19,11067,spike,spike,1,No (no spike),0,False,51505.7,0,0,95.88010988826359,bipolar,100.0,0.5-70 Hz,60 Hz,10.0,0.17528615062766023,509.91417304974635,12.894916465112631,12.879702330101473,False,False
382c1a0c-7e61-4f6f-9b37-89b22583410f,20,17207,spike,spike,1,Yes (spike present),1,True,1909.6,0,0,18.415997199200593,bipolar,100.0,0.5-70 Hz,60 Hz,10.0,0.17545622557906748,527.3592834838262,12.892431708578654,12.856387935293538,False,False
382c1a0c-7e61-4f6f-9b37-89b22583410f,21,851,spike,spike,0,Yes (spike present),1,False,1176.8,0,0,152.5580343966727,bipolar,100.0,0.5-70 Hz,60 Hz,10.0,0.1759676650435325,451.3902014140667,12.776004923267283,12.862576885027911,False,False
382c1a0c-7e61-4f6f-9b37-89b22583410f,22,9345,spike,spike,1,Yes (spike present),1,True,1949.6,0,1,11.608471859990493,bipolar,100.0,0.5-70 Hz,60 Hz,10.0,0.17475380250347078,484.2784642192381,12.765219501675114,12.737345854978244,False,False
382c1a0c-7e61-4f6f-9b37-89b22583410f,23,13612,spike,spike,1,Yes (spike present),1,True,16851.1,0,0,164.5914192746709,bipolar,100.0,0.5-70 Hz,60 Hz,10.0,0.1748660721411296,504.07312657095633,12.758397107772435,12.732599025310043,False,False
382c1a0c-7e61-4f6f-9b37-89b22583410f,24,2230,spike,spike,0,No (no spike),0,True,12018.6,0,0,14.016522757734293,bipolar,100.0,0.5-70 Hz,60 Hz,10.0,0.17497333318152097,522.8116418575022,12.776352085938328,12.730711483912648,False,False
382c1a0c-7e61-4f6f-9b37-89b22583410f,25,5962,spike,spike,1,Yes (spike present),1,True,735.8,0,1,67.00213697979872,bipolar,100.0,0.5-70 Hz,60 Hz,10.0,0.1751123983948098,522.1725750418028,12.762365186614467,12.751926752095269,False,False
382c1a0c-7e61-4f6f-9b37-89b22583410f,26,2733,spike,spike,0,Yes (spike present),1,False,1123.1,0,2,165.5433297363373,bipolar,100.0,0.5-70 Hz,60 Hz,10.0,0.1768761048516737,445.3462071534829,12.605071905384111,12.739239026529445,False,False
382c1a0c-7e61-4f6f-9b37-89b22583410f,27,10551,spike,spike,1,Yes (spike present),1,True,5583.5,0,0,9.253579328599507,bipolar,100.0,0.5-70 Hz,60 Hz,10.0,0.17613542288006956,445.3273829074304,12.585007210974453,12.583524355293838,False,False
382c1a0c-7e61-4f6f-9b37-89b22583410f,28,12089,spike,spike,1,No (no spike),0,False,2699.6,0,0,144.33663067797798,bipolar,100.0,0.5-70 Hz,60 Hz,10.0,0.17880636612640544,368.5970078788641,12.57753618933154,12.568350476766856,False,False
382c1a0c-7e61-4f6f-9b37-89b22583410f,29,11870,spike,spike,1,Yes (spike present),1,True,6532.6,0,0,65.37208774789738,bipolar,100.0,0.5-70 Hz,60 Hz,10.0,0.1783793485370811,385.68738778381635,12.559039019155367,12.549480632188807,False,False
382c1a0c-7e61-4f6f-9b37-89b22583410f,30,12318,spike,spike,1,Yes (spike present),1,True,6547.9,0,1,162.7268576497915,bipolar,100.0,0.5-70 Hz,60 Hz,10.0,0.17810361925428625,397.3467912579457,12.542175623469397,12.537600584954681,False,False
382c1a0c-7e61-4f6f-9b37-89b22583410f,31,874,spike,spike,0,No (no spike),0,True,1181.6,0,0,88.42428045040329,bipolar,100.0,0.5-70 Hz,60 Hz,10.0,0.1773923914096211,421.55293104942484,12.552218611585594,12.525008865751396,False,False
382c1a0c-7e61-4f6f-9b37-89b22583410f,32,5496,spike,spike,1,Yes (spike present),1,True,1120.3,0,1,66.84869373327433,bipolar,100.0,0.5-70 Hz,60 Hz,10.0,0.17651922189941432,430.76697956349597,12.547603661109182,12.53635044270772,False,False
382c1a0c-7e61-4f6f-9b37-89b22583410f,33,15481,spike,spike,1,No (no spike),0,False,1701.5,0,0,43.10946702793731,bipolar,100.0,0.5-70 Hz,60 Hz,10.0,0.17828301058204238,370.2380760120091,12.501263306125082,12.533685520664594,False,False
382c1a0c-7e61-4f6f-9b37-89b22583410f,34,12134,spike,spike,1,Yes (spike present),1,True,936.3,0,0,17.21533930962915,bipolar,100.0,0.5-70 Hz,60 Hz,10.0,0.17747843042812156,384.1372863393414,12.496707280486312,12.486844984911958,False,False
382c1a0c-7e61-4f6f-9b37-89b22583410f,35,15802,spike,spike,0,No (no spike),0,True,1726.7,0,0,94.7944757117182,bipolar,100.0,0.5-70 Hz,60 Hz,10.0,0.1759122860586977,402.43939575163114,12.513021450641777,12.483988872510789,False,False
382c1a0c-7e61-4f6f-9b37-89b22583410f,36,4695,spike,spike,0,No (no spike),0,True,2360.0,0,1,51.33110443423065,bipolar,100.0,0.5-70 Hz,60 Hz,10.0,0.17472888911699563,419.01236876925304,12.559546929800884,12.501171677413772,False,False
382c1a0c-7e61-4f6f-9b37-89b22583410f,37,13630,spike,spike,1,No (no spike),0,False,3405.4,0,0,137.11223544081605,bipolar,100.0,0.5-70 Hz,60 Hz,10.0,0.17591200170665983,347.95508524979124,12.499399383436796,12.547932677274805,False,False
382c1a0c-7e61-4f6f-9b37-89b22583410f,38,14082,spike,spike,1,Yes (spike present),1,True,167539.9,0,1,71.24308922641981,bipolar,100.0,0.5-70 Hz,60 Hz,10.0,0.17487666882521619,358.82345357178116,12.499409853550427,12.487889148305841,False,False
382c1a0c-7e61-4f6f-9b37-89b22583410f,39,13506,spike,spike,0,No (no spike),0,True,12666.2,0,0,68.48755366809341,bipolar,100.0,0.5-70 Hz,60 Hz,10.0,0.17490052075376228,362.4546976042104,12.508419072050131,12.48889297557823,False,False
382c1a0c-7e61-4f6f-9b37-89b22583410f,40,15428,spike,spike,0,No (no spike),0,True,14174.5,0,0,64.7226931553836,bipolar,100.0,0.5-70 Hz,60 Hz,10.0,0.17495974311426982,362.4373172222969,12.515065271862532,12.499303346114043,False,False
382c1a0c-7e61-4f6f-9b37-89b22583410f,41,9054,spike,spike,1,Yes (spike present),1,True,10527.8,0,0,63.03504670912185,bipolar,100.0,0.5-70 Hz,60 Hz,10.0,0.17496725171012345,382.1100919479229,12.527610414597213,12.506316098716908,False,False
382c1a0c-7e61-4f6f-9b37-89b22583410f,42,3565,spike,spike,0,No (no spike),0,True,949.1,0,0,36.360113410247294,bipolar,100.0,0.5-70 Hz,60 Hz,10.0,0.17511080486720376,378.7613489582937,12.559702902429372,12.518723812783504,False,False
382c1a0c-7e61-4f6f-9b37-89b22583410f,43,4755,spike,spike,0,No (no spike),0,True,3610.6,0,1,90.82604382157835,bipolar,100.0,0.5-70 Hz,60 Hz,10.0,0.17538438845041193,367.6098112434701,12.623439623801016,12.550307091208914,False,False
382c1a0c-7e61-4f6f-9b37-89b22583410f,44,17208,spike,spike,0,No (no spike),0,True,2865.6,0,1,41.73164617939023,bipolar,100.0,0.5-70 Hz,60 Hz,10.0,0.17556646074351095,357.3450425492679,12.64878425225027,12.61384984370014,False,False
382c1a0c-7e61-4f6f-9b37-89b22583410f,45,9748,spike,spike,0,Yes (spike present),1,False,707.6,0,1,158.6721489063017,bipolar,100.0,0.5-70 Hz,60 Hz,10.0,0.17501946583734612,359.4440606746589,12.534159894315682,12.638512391782049,False,False
382c1a0c-7e61-4f6f-9b37-89b22583410f,46,10305,spike,spike,1,Yes (spike present),1,True,971.5,0,0,86.39943133193802,bipolar,100.0,0.5-70 Hz,60 Hz,10.0,0.1750345326346256,369.6620347558051,12.541210738473596,12.526107881839803,False,False
382c1a0c-7e61-4f6f-9b37-89b22583410f,47,10301,spike,spike,1,Yes (spike present),1,True,1536.7,0,0,150.87216447960375,bipolar,100.0,0.5-70 Hz,60 Hz,10.0,0.17502333054209385,380.73667282781867,12.549894360708794,12.534510524337957,False,False
382c1a0c-7e61-4f6f-9b37-89b22583410f,48,2824,spike,spike,0,No (no spike),0,True,1557.3,0,1,86.97090674019759,bipolar,100.0,0.5-70 Hz,60 Hz,10.0,0.1752020865040707,372.1679907041875,12.567684660913814,12.543558754096619,False,False
382c1a0c-7e61-4f6f-9b37-89b22583410f,49,13538,spike,spike,1,Yes (spike present),1,True,3480.1,0,2,6.701365896162756,bipolar,100.0,0.5-70 Hz,60 Hz,10.0,0.175093688154924,387.2060307934821,12.588562046284963,12.56171311974961,False,False
382c1a0c-7e61-4f6f-9b37-89b22583410f,50,3952,spike,spike,1,Yes (spike present),1,True,4200.2,0,0,65.81769874860406,bipolar,100.0,0.5-70 Hz,60 Hz,10.0,0.17492153124839083,395.1253604403086,12.603943899502159,12.582470213711272,False,False
382c1a0c-7e61-4f6f-9b37-89b22583410f,51,14287,spike,spike,0,No (no spike),0,True,1445.0,0,0,113.52071355746742,bipolar,100.0,0.5-70 Hz,60 Hz,10.0,0.1750807591139586,385.8752104852668,12.620307382996192,12.5982247003809,False,False
382c1a0c-7e61-4f6f-9b37-89b22583410f,52,5875,spike,spike,1,Yes (spike present),1,True,1518.5,0,1,141.20801091583564,bipolar,100.0,0.5-70 Hz,60 Hz,10.0,0.17504790877856802,385.9134119042579,12.626958471024285,12.614693831440686,False,False
382c1a0c-7e61-4f6f-9b37-89b22583410f,53,16464,spike,spike,1,Yes (spike present),1,True,9872.4,0,1,14.009094960390671,bipolar,100.0,0.5-70 Hz,60 Hz,10.0,0.17479142800748415,384.43419694963086,12.640472213493005,12.621846563300455,False,False
382c1a0c-7e61-4f6f-9b37-89b22583410f,54,6049,spike,spike,0,No (no spike),0,True,1749.8,0,0,152.1299537886902,bipolar,100.0,0.5-70 Hz,60 Hz,10.0,0.17538358122353936,370.34493908269724,12.606633670812089,12.634839566047885,False,False
382c1a0c-7e61-4f6f-9b37-89b22583410f,55,4664,spike,spike,0,No (no spike),0,True,49854.0,0,0,11.088457405485014,bipolar,100.0,0.5-70 Hz,60 Hz,10.0,0.175594827572718,356.83425908967433,12.644822505599478,12.601350835331793,False,False
382c1a0c-7e61-4f6f-9b37-89b22583410f,56,3029,spike,spike,0,No (no spike),0,True,2510.6,0,0,8.25443046350744,bipolar,100.0,0.5-70 Hz,60 Hz,10.0,0.17587265525702273,341.8916687220797,12.67560669318943,12.63958363048537,False,False
382c1a0c-7e61-4f6f-9b37-89b22583410f,57,3688,spike,spike,0,Yes (spike present),1,False,8692.1,0,0,130.137349764293,bipolar,100.0,0.5-70 Hz,60 Hz,10.0,0.17536970925503298,357.70875928724496,12.608020232200005,12.670499129630148,False,False
382c1a0c-7e61-4f6f-9b37-89b22583410f,58,16356,spike,spike,0,No (no spike),0,True,2157.6,0,1,66.10624158625929,bipolar,100.0,0.5-70 Hz,60 Hz,10.0,0.17547400709964484,349.95185481087924,12.617787315790583,12.603635207618044,False,False
382c1a0c-7e61-4f6f-9b37-89b22583410f,59,13226,spike,spike,1,No (no spike),0,False,3042.9,0,0,74.94617845192431,bipolar,100.0,0.5-70 Hz,60 Hz,10.0,0.17550338222229495,335.7889210807956,12.588203843643168,12.613738269402353,False,False
382c1a0c-7e61-4f6f-9b37-89b22583410f,60,9649,spike,spike,1,No (no spike),0,False,2467.1,0,0,109.4396574064686,bipolar,100.0,0.5-70 Hz,60 Hz,10.0,0.17548466267428037,309.00876509462444,12.553518832951355,12.583893614765797,False,False
382c1a0c-7e61-4f6f-9b37-89b22583410f,61,173,spike,spike,0,Yes (spike present),1,False,1510.8,0,0,127.66981674933963,bipolar,100.0,0.5-70 Hz,60 Hz,10.0,0.17514104430988175,316.70476535327555,12.513146640729957,12.549161259210475,False,False
382c1a0c-7e61-4f6f-9b37-89b22583410f,62,14059,spike,spike,0,No (no spike),0,True,643.7,0,0,37.98806481801488,bipolar,100.0,0.5-70 Hz,60 Hz,10.0,0.1752097986919221,312.6240043839275,12.519245111243116,12.50832498161489,False,False
382c1a0c-7e61-4f6f-9b37-89b22583410f,63,11710,spike,spike,1,No (no spike),0,False,9158.8,0,0,106.55893992064287,bipolar,100.0,0.5-70 Hz,60 Hz,10.0,0.17043632004920134,599.9999999999999,12.444676078081216,12.514740031027777,True,False
382c1a0c-7e61-4f6f-9b37-89b22583410f,64,14156,spike,spike,1,No (no spike),0,False,13432.4,0,0,98.57351621613775,bipolar,100.0,0.5-70 Hz,60 Hz,10.0,0.17072160468959707,568.6521279586723,12.355824893373406,12.437792978694123,False,False
382c1a0c-7e61-4f6f-9b37-89b22583410f,65,12896,spike,spike,1,No (no spike),0,False,3093.7,0,0,79.17966361831482,bipolar,100.0,0.5-70 Hz,60 Hz,10.0,0.17263939279228518,466.5275285895959,12.281776984389449,12.349417209030367,False,False
382c1a0c-7e61-4f6f-9b37-89b22583410f,66,16214,spike,spike,1,Yes (spike present),1,True,1780.3,0,0,97.54676780519631,bipolar,100.0,0.5-70 Hz,60 Hz,10.0,0.17129237490927668,505.2991107951875,12.29103930818334,12.275044363278749,False,False
382c1a0c-7e61-4f6f-9b37-89b22583410f,67,15897,spike,spike,1,Yes (spike present),1,True,2025.1,0,1,8.496696956807837,bipolar,100.0,0.5-70 Hz,60 Hz,10.0,0.17088616604365103,536.4063188337113,12.30048366839032,12.28524633391186,False,False
382c1a0c-7e61-4f6f-9b37-89b22583410f,68,68822,lrda,seizure,0,LRDA,1,False,5148.7,0,0,152.92213009187608,bipolar,100.0,0.5-70 Hz,60 Hz,10.0,0.1722223518577502,390.15502360739646,11.951677510458609,11.918672099897215,False,False
382c1a0c-7e61-4f6f-9b37-89b22583410f,69,57261,lpd,lrda,0,LRDA,0,True,2514.9,0,1,165.49560813987333,bipolar,100.0,0.5-70 Hz,60 Hz,10.0,0.17781567420433525,599.9999999999999,11.636458483558595,11.586795879106731,True,False
382c1a0c-7e61-4f6f-9b37-89b22583410f,70,36215,gpd,grda,0,GRDA,0,True,805.4,0,1,11.997407043943387,bipolar,100.0,0.5-70 Hz,60 Hz,10.0,0.17828656756305794,449.1773630638144,11.138287119444282,11.342317912772705,False,False
382c1a0c-7e61-4f6f-9b37-89b22583410f,71,54076,lpd,lrda,0,GPD,0,False,1619.8,0,0,43.9738023789737,bipolar,100.0,0.5-70 Hz,60 Hz,10.0,0.1785130951816954,397.6813935897227,10.821040786674427,10.884272067656465,False,False
382c1a0c-7e61-4f6f-9b37-89b22583410f,72,55360,iic,lrda,0,Other,1,False,3404.8,0,1,75.14828871085106,bipolar,100.0,0.5-70 Hz,60 Hz,10.0,0.17787540129597385,328.03182058848614,10.497719111671543,10.577171733734911,False,False
382c1a0c-7e61-4f6f-9b37-89b22583410f,73,59725,lrda,grda,0,Seizure,0,False,1617.4,0,1,88.70122182259833,bipolar,100.0,0.5-70 Hz,60 Hz,10.0,0.17775695230680394,599.9999999999999,10.421642837563049,10.275429845157129,True,False
382c1a0c-7e61-4f6f-9b37-89b22583410f,74,55346,sz,lrda,0,Seizure,1,False,1554.9,0,0,45.83461922183896,bipolar,100.0,0.5-70 Hz,60 Hz,10.0,0.17620776255216547,481.5791569551049,10.08134626616369,10.179170858458134,False,False
382c1a0c-7e61-4f6f-9b37-89b22583410f,75,33250,grda,seizure,0,GRDA,1,False,5152.6,0,0,99.18553241176083,bipolar,100.0,0.5-70 Hz,60 Hz,10.0,0.1753812201944686,373.9188529065704,9.841179621712612,9.86225706722594,False,False
382c1a0c-7e61-4f6f-9b37-89b22583410f,76,61497,gpd,lrda,0,LPD,0,False,9361.3,0,0,11.748896515170747,bipolar,100.0,0.5-70 Hz,60 Hz,10.0,0.1737796561498528,353.08418744597145,9.65311639838647,9.633529306381625,False,False
382c1a0c-7e61-4f6f-9b37-89b22583410f,77,51836,sz,lrda,0,LRDA,0,True,2469.9,0,0,84.63187226913905,bipolar,100.0,0.5-70 Hz,60 Hz,10.0,0.18101779344471908,363.5417558840799,9.548070896055192,9.4633206733902,False,False
382c1a0c-7e61-4f6f-9b37-89b22583410f,78,43389,lpd,grda,0,GRDA,0,True,3992.7,0,0,59.15435387374335,bipolar,100.0,0.5-70 Hz,60 Hz,10.0,0.17535478879859784,345.1938927483701,9.309178568547676,9.366583921988859,False,False
382c1a0c-7e61-4f6f-9b37-89b22583410f,79,36886,lpd,lpd,1,LRDA,0,False,12724.2,0,0,40.309037439127614,bipolar,100.0,0.5-70 Hz,60 Hz,10.0,0.1808372340952647,599.9999999999999,9.730441572942844,9.14675282083378,True,False
382c1a0c-7e61-4f6f-9b37-89b22583410f,80,63650,lpd,seizure,0,GPD,0,False,13583.7,0,1,163.74125945832034,bipolar,100.0,0.5-70 Hz,60 Hz,10.0,0.17954745090504015,574.0766508228699,9.541629461974594,9.539709658248533,False,False
382c1a0c-7e61-4f6f-9b37-89b22583410f,81,22123,gpd,seizure,0,GRDA,0,False,7072.1,0,0,95.60898572669727,bipolar,100.0,0.5-70 Hz,60 Hz,10.0,0.17983426021335175,538.2323150868159,9.337237739205522,9.367461618934714,False,False
382c1a0c-7e61-4f6f-9b37-89b22583410f,82,51380,lpd,lrda,0,Seizure,0,False,4226.8,0,1,16.833247737793325,bipolar,100.0,0.5-70 Hz,60 Hz,10.0,0.18036545282161226,455.18474829597557,9.188750231024642,9.170469600110419,False,False
382c1a0c-7e61-4f6f-9b37-89b22583410f,83,47245,lpd,seizure,0,Seizure,0,True,859.9,0,1,86.96365722757128,bipolar,100.0,0.5-70 Hz,60 Hz,10.0,0.17858648910023206,368.93384227979243,9.04564249554037,9.023729717468683,False,False
382c1a0c-7e61-4f6f-9b37-89b22583410f,84,68639,iic,lrda,0,Other,1,False,10321.8,0,0,90.32883824093373,bipolar,100.0,0.5-70 Hz,60 Hz,10.0,0.17202887151137064,334.3383302929405,8.9983188115973,8.878933810281923,False,False
382c1a0c-7e61-4f6f-9b37-89b22583410f,85,50078,grda,gpd,0,GRDA,1,False,5148.1,0,1,62.19938641244967,bipolar,100.0,0.5-70 Hz,60 Hz,10.0,0.17148153380942055,302.7093455963347,8.865906223494312,8.830521457919486,False,False
382c1a0c-7e61-4f6f-9b37-89b22583410f,86,44829,gpd,gpd,1,Seizure,0,False,1866.7,0,0,8.351197025286915,bipolar,100.0,0.5-70 Hz,60 Hz,10.0,0.17204060133661286,599.9999999999999,8.497903911553143,8.704365704577505,True,False
382c1a0c-7e61-4f6f-9b37-89b22583410f,87,56031,gpd,lpd,0,LPD,0,True,3173.1,0,3,62.52462450855703,bipolar,100.0,0.5-70 Hz,60 Hz,10.0,0.170781939283281,558.0339312884988,8.364185853111449,8.335642161436432,False,False
382c1a0c-7e61-4f6f-9b37-89b22583410f,88,64879,iic,grda,0,Other,1,False,1219.0,0,0,68.24893206392062,bipolar,100.0,0.5-70 Hz,60 Hz,10.0,0.16940352348241705,530.9654625496967,8.194148876997314,8.20238459488267,False,False
382c1a0c-7e61-4f6f-9b37-89b22583410f,89,35768,grda,lrda,0,LPD,0,False,6090.1,0,0,60.48825543263927,bipolar,100.0,0.5-70 Hz,60 Hz,10.0,0.17746051259014967,304.03500585572095,7.994889415108702,8.030531933563012,False,False
382c1a0c-7e61-4f6f-9b37-89b22583410f,90,60915,gpd,grda,0,GPD,1,False,4559.4,0,0,68.83408737462312,bipolar,100.0,0.5-70 Hz,60 Hz,10.0,0.18111740629375706,599.9999999999999,8.281768960229435,7.844884501227803,True,False
382c1a0c-7e61-4f6f-9b37-89b22583410f,91,51979,lpd,lrda,0,LPD,1,False,9228.0,0,0,41.944377063635784,bipolar,100.0,0.5-70 Hz,60 Hz,10.0,0.18031499703633452,336.34464273676355,8.21404986668843,8.126980090041059,False,False
382c1a0c-7e61-4f6f-9b37-89b22583410f,92,51454,iic,other,1,Other,1,True,61712.8,0,1,83.83187199350787,bipolar,100.0,0.5-70 Hz,60 Hz,10.0,0.17801328319656928,327.55108925220026,8.062287660021997,8.080623651184222,False,False
382c1a0c-7e61-4f6f-9b37-89b22583410f,93,63152,iic,grda,0,GRDA,0,True,7209.9,0,0,148.59073036744607,bipolar,100.0,0.5-70 Hz,60 Hz,10.0,0.1738329770251324,599.9999999999999,7.836572540136665,7.943696842104725,True,False
382c1a0c-7e61-4f6f-9b37-89b22583410f,94,65668,lpd,other,0,GRDA,0,False,5974.6,0,1,5.490486286302662,bipolar,100.0,0.5-70 Hz,60 Hz,10.0,0.17433583163044902,581.1758366031219,7.6300580893401815,7.726463750573762,False,False
382c1a0c-7e61-4f6f-9b37-89b22583410f,95,22801,iic,seizure,0,Other,1,False,1691.4,0,0,53.516589734406196,bipolar,100.0,0.5-70 Hz,60 Hz,10.0,0.17442534274627153,562.2715424294495,7.545683155331005,7.538183867025557,False,False
382c1a0c-7e61-4f6f-9b37-89b22583410f,96,33572,sz,seizure,1,Seizure,1,True,1430.6,0,1,90.9940298387645,bipolar,100.0,0.5-70 Hz,60 Hz,10.0,0.17426826156728864,540.28999367083,7.483481932107015,7.458576543948555,False,False
382c1a0c-7e61-4f6f-9b37-89b22583410f,97,55193,lpd,lrda,0,LPD,1,False,18945.6,0,0,112.0931949871306,bipolar,100.0,0.5-70 Hz,60 Hz,10.0,0.17898677896238152,416.35335599366147,7.853230903093175,7.3950473767393134,False,False
382c1a0c-7e61-4f6f-9b37-89b22583410f,98,36453,gpd,lrda,0,GPD,1,False,4708.7,0,1,156.15940228643169,bipolar,100.0,0.5-70 Hz,60 Hz,10.0,0.1799032382452147,599.9999999999999,7.830401974284498,7.748740584388988,True,False
382c1a0c-7e61-4f6f-9b37-89b22583410f,99,41050,grda,grda,1,GRDA,1,True,2439.2,0,0,174.51845398061633,bipolar,100.0,0.5-70 Hz,60 Hz,10.0,0.17998978145769412,580.1393346191369,7.7962847757528415,7.734505542719427,False,False
382c1a0c-7e61-4f6f-9b37-89b22583410f,100,22226,lpd,seizure,0,LRDA,0,False,2110.8,0,0,81.90186349278424,bipolar,100.0,0.5-70 Hz,60 Hz,10.0,0.1798515025564023,565.7025770359257,7.631087188281185,7.7021546750256675,False,False
382c1a0c-7e61-4f6f-9b37-89b22583410f,101,44156,grda,grda,1,GRDA,1,True,4402.8,0,0,74.57088901526343,bipolar,100.0,0.5-70 Hz,60 Hz,10.0,0.18019089499980356,519.224564803053,7.598275564456114,7.543293984926164,False,False
382c1a0c-7e61-4f6f-9b37-89b22583410f,102,46932,sz,gpd,0,GPD,0,True,64319.5,0,0,94.43282305690457,bipolar,100.0,0.5-70 Hz,60 Hz,10.0,0.17958219886716065,493.1194075185529,7.396206465590308,7.5119014854583845,False,False
382c1a0c-7e61-4f6f-9b37-89b22583410f,103,26068,sz,seizure,1,Seizure,1,True,4168.4,0,0,42.48365811494904,bipolar,100.0,0.5-70 Hz,60 Hz,10.0,0.17859777823794232,471.3239188431503,7.315773237085178,7.314948246457981,False,False
382c1a0c-7e61-4f6f-9b37-89b22583410f,104,68953,grda,lrda,0,LRDA,0,True,1423.8,0,1,118.0908581056393,bipolar,100.0,0.5-70 Hz,60 Hz,10.0,0.17576543857154675,427.1871645828266,7.110053560473201,7.235456427416061,False,False
382c1a0c-7e61-4f6f-9b37-89b22583410f,105,52296,iic,gpd,0,GPD,0,True,5844.6,0,1,139.23172462325027,bipolar,100.0,0.5-70 Hz,60 Hz,10.0,0.1752815629669307,403.860633440423,6.986611287280979,7.02795198438743,False,False
382c1a0c-7e61-4f6f-9b37-89b22583410f,106,32715,sz,seizure,1,Seizure,1,True,5766.7,0,1,182.0840958164555,bipolar,100.0,0.5-70 Hz,60 Hz,10.0,0.1745174710646396,355.17832385713143,6.898506156337756,6.908257482449964,False,False
382c1a0c-7e61-4f6f-9b37-89b22583410f,107,45563,grda,gpd,0,Seizure,0,False,1090.0,0,1,95.92691143598019,bipolar,100.0,0.5-70 Hz,60 Hz,10.0,0.17370997642805414,304.34009389450557,6.758536254549577,6.819505608749826,False,False
382c1a0c-7e61-4f6f-9b37-89b22583410f,108,51038,gpd,seizure,0,Seizure,0,True,1819.3,0,0,65.37109886762232,bipolar,100.0,0.5-70 Hz,60 Hz,10.0,0.1784608964437962,599.9999999999999,6.630964559916547,6.681956114893599,True,False
382c1a0c-7e61-4f6f-9b37-89b22583410f,109,57436,iic,lrda,0,Other,1,False,2454.2,0,1,149.5212118644923,bipolar,100.0,0.5-70 Hz,60 Hz,10.0,0.1786884760218313,415.4818758367915,6.755473461793577,6.549628731255195,False,False
382c1a0c-7e61-4f6f-9b37-89b22583410f,110,27863,lrda,seizure,0,GPD,0,False,6148.6,0,2,142.98909791674504,bipolar,100.0,0.5-70 Hz,60 Hz,10.0,0.17648636741263768,404.4957689411011,6.702131954251824,6.674309539328123,False,False
382c1a0c-7e61-4f6f-9b37-89b22583410f,111,70220,gpd,lrda,0,GPD,1,False,3795.4,0,0,40.21998593224802,bipolar,100.0,0.5-70 Hz,60 Hz,10.0,0.17039361407144693,599.9999999999999,6.574129047512763,6.622842776917394,True,False
382c1a0c-7e61-4f6f-9b37-89b22583410f,112,25399,lrda,seizure,0,Seizure,0,True,5372.0,0,0,12.307745478830796,bipolar,100.0,0.5-70 Hz,60 Hz,10.0,0.16663856324010434,578.0848546759282,6.48861237665927,6.492872635301945,False,False
382c1a0c-7e61-4f6f-9b37-89b22583410f,113,54027,lrda,seizure,0,Seizure,0,True,81132.2,0,2,85.29259718781267,bipolar,100.0,0.5-70 Hz,60 Hz,10.0,0.16544110460951256,526.229595002571,6.400354597319536,6.412247401223585,False,False
382c1a0c-7e61-4f6f-9b37-89b22583410f,114,40673,grda,grda,1,GRDA,1,True,558487.9,0,2,57.06418100217528,bipolar,100.0,0.5-70 Hz,60 Hz,10.0,0.16549818481620482,510.24488642319045,6.330194726312471,6.323915446344173,False,False
382c1a0c-7e61-4f6f-9b37-89b22583410f,115,68375,lrda,lrda,1,LRDA,1,True,6407.8,0,1,56.82461268787802,bipolar,100.0,0.5-70 Hz,60 Hz,10.0,0.1633197222110821,472.27275148130445,6.163002801775436,6.256646358242217,False,False
382c1a0c-7e61-4f6f-9b37-89b22583410f,116,69651,lrda,lrda,1,LRDA,1,True,1492.8,0,0,12.85721409441432,bipolar,100.0,0.5-70 Hz,60 Hz,10.0,0.15841608524129092,409.80078244784244,6.042821960542685,6.091971278048898,False,False
382c1a0c-7e61-4f6f-9b37-89b22583410f,117,46278,iic,lrda,0,Other,1,False,928.3,0,1,71.54654580779953,bipolar,100.0,0.5-70 Hz,60 Hz,10.0,0.15837795147271505,397.65930312113466,5.991187502163503,5.972748135073668,False,False
382c1a0c-7e61-4f6f-9b37-89b22583410f,118,35353,sz,lrda,0,Other,0,False,1533.1,0,0,65.33172676613295,bipolar,100.0,0.5-70 Hz,60 Hz,10.0,0.15852235010310967,378.4009354396908,5.923503728660721,5.925867605354036,False,False
382c1a0c-7e61-4f6f-9b37-89b22583410f,119,38946,lrda,lrda,1,LRDA,1,True,5617.7,0,0,91.96913001367281,bipolar,100.0,0.5-70 Hz,60 Hz,10.0,0.15840677480967613,323.5624565885584,5.817258626247311,5.862289404546245,False,False
382c1a0c-7e61-4f6f-9b37-89b22583410f,120,34502,sz,seizure,1,Seizure,1,True,857.3,0,0,130.36354505218767,bipolar,100.0,0.5-70 Hz,60 Hz,10.0,0.1576200433961183,311.9544195065697,5.766425485493256,5.757169603918053,False,False
382c1a0c-7e61-4f6f-9b37-89b22583410f,121,41096,lrda,grda,0,Seizure,0,False,2483.4,0,0,72.14071510805512,bipolar,100.0,0.5-70 Hz,60 Hz,10.0,0.15813593709366053,599.9999999999999,5.669560723437243,5.708559742138697,True,False
382c1a0c-7e61-4f6f-9b37-89b22583410f,122,69945,sz,grda,0,Seizure,1,False,4887.8,0,0,90.23904056008251,bipolar,100.0,0.5-70 Hz,60 Hz,10.0,0.16028402749276766,434.9750658699131,5.690175162094501,5.606173177597942,False,False
382c1a0c-7e61-4f6f-9b37-89b22583410f,123,62695,iic,lrda,0,Other,1,False,1692.4,0,0,153.08150659587835,bipolar,100.0,0.5-70 Hz,60 Hz,10.0,0.15839422646872325,428.45141739028753,5.618938997327062,5.6289583748188035,False,False
382c1a0c-7e61-4f6f-9b37-89b22583410f,124,40564,grda,grda,1,GRDA,1,True,9997.1,0,0,66.46015668990661,bipolar,100.0,0.5-70 Hz,60 Hz,10.0,0.15768509978007267,415.4085124007843,5.555351898783822,5.5583759699312925,False,False
382c1a0c-7e61-4f6f-9b37-89b22583410f,125,51952,lrda,lrda,1,LRDA,1,True,3204.2,0,0,157.33889223512946,bipolar,100.0,0.5-70 Hz,60 Hz,10.0,0.15897247382838825,399.64667967236403,5.4910873540651135,5.497453193111523,False,False
382c1a0c-7e61-4f6f-9b37-89b22583410f,126,31011,grda,seizure,0,LRDA,0,False,736.6,0,0,118.23978920022836,bipolar,100.0,0.5-70 Hz,60 Hz,10.0,0.15567746838992919,384.73212532268656,5.39555017418842,5.439392319309129,False,False
382c1a0c-7e61-4f6f-9b37-89b22583410f,127,85544,grda,grda,1,GRDA,1,True,5553.5,0,0,98.1293432641689,bipolar,100.0,0.5-70 Hz,60 Hz,10.0,0.15704330678560147,354.9007852777144,5.334811114146456,5.347110220074707,False,False
382c1a0c-7e61-4f6f-9b37-89b22583410f,128,60905,lrda,grda,0,Seizure,0,False,33396.7,0,0,7.731522654577809,bipolar,100.0,0.5-70 Hz,60 Hz,10.0,0.15360006360731338,345.44515647346134,5.200053588338086,5.287639291188436,False,False
382c1a0c-7e61-4f6f-9b37-89b22583410f,129,67854,iic,grda,0,Other,1,False,13052.3,0,0,60.84314569521547,bipolar,100.0,0.5-70 Hz,60 Hz,10.0,0.1529725533001013,326.17644386756086,5.124126479956624,5.154300739954795,False,False
382c1a0c-7e61-4f6f-9b37-89b22583410f,130,48443,lrda,lrda,1,LRDA,1,True,7851.2,0,2,98.92802063484974,bipolar,100.0,0.5-70 Hz,60 Hz,10.0,0.15298083714853233,302.3595573607713,5.070385896361161,5.080965445760944,False,False
382c1a0c-7e61-4f6f-9b37-89b22583410f,131,44664,sz,gpd,0,GRDA,0,False,9152.3,0,0,41.110818383186505,bipolar,100.0,0.5-70 Hz,60 Hz,10.0,0.15288471326495867,354.2731472677595,4.95079599786864,5.027655897756819,False,False
382c1a0c-7e61-4f6f-9b37-89b22583410f,132,47249,grda,seizure,0,LRDA,0,False,9489.8,0,1,44.32645425782009,bipolar,100.0,0.5-70 Hz,60 Hz,10.0,0.15000961710237792,317.26867092526464,4.854300073387692,4.907689213311175,False,False
382c1a0c-7e61-4f6f-9b37-89b22583410f,133,68637,sz,lrda,0,Seizure,1,False,1345.4,0,0,154.91075757321292,bipolar,100.0,0.5-70 Hz,60 Hz,10.0,0.15645041205202848,599.9999999999999,5.0244942826382175,4.813780791062733,True,False
382c1a0c-7e61-4f6f-9b37-89b22583410f,134,33277,gpd,seizure,0,Seizure,0,True,1644.9,0,0,159.4512334683441,bipolar,100.0,0.5-70 Hz,60 Hz,10.0,0.15628404819838204,582.6172655175594,4.956043120028925,4.9805568900740145,False,False
382c1a0c-7e61-4f6f-9b37-89b22583410f,135,69772,sz,seizure,1,Seizure,1,True,1795.4,0,0,45.9900071246696,bipolar,100.0,0.5-70 Hz,60 Hz,10.0,0.15473225731302692,571.490224875635,4.887862950447887,4.9133635072019,False,False
382c1a0c-7e61-4f6f-9b37-89b22583410f,136,40008,lpd,lrda,0,GRDA,0,False,9828.9,0,1,63.27302645207815,bipolar,100.0,0.5-70 Hz,60 Hz,10.0,0.15566685020216708,550.5730870967591,4.807995734372941,4.845654780536837,False,False
382c1a0c-7e61-4f6f-9b37-89b22583410f,137,67374,lrda,gpd,0,GRDA,0,False,108029.1,0,1,83.9233955486133,bipolar,100.0,0.5-70 Hz,60 Hz,10.0,0.15185039278629914,521.1614835096325,4.722601240695005,4.76702497750127,False,False
382c1a0c-7e61-4f6f-9b37-89b22583410f,138,70791,grda,gpd,0,LPD,0,False,867.4,0,1,103.48038072397352,bipolar,100.0,0.5-70 Hz,60 Hz,10.0,0.1503020285472247,503.39746627822,4.624348810731186,4.682920856297997,False,False
382c1a0c-7e61-4f6f-9b37-89b22583410f,139,60705,gpd,seizure,0,LRDA,0,False,906.5,0,0,92.61185567310612,bipolar,100.0,0.5-70 Hz,60 Hz,10.0,0.15455101825771916,459.22921523275267,4.553853934906176,4.586640457195535,False,False
382c1a0c-7e61-4f6f-9b37-89b22583410f,140,59372,lpd,gpd,0,Other,0,False,1750.6,0,2,90.42256982411294,bipolar,100.0,0.5-70 Hz,60 Hz,10.0,0.1540385419067392,421.7999106945801,4.479755271726132,4.517784902769284,False,False
382c1a0c-7e61-4f6f-9b37-89b22583410f,141,63406,gpd,gpd,1,Other,0,False,11464.8,0,0,72.57791302215517,bipolar,100.0,0.5-70 Hz,60 Hz,10.0,0.1521029455459924,331.0846931703702,4.649107947959088,4.443310437799526,False,False
382c1a0c-7e61-4f6f-9b37-89b22583410f,142,44977,sz,seizure,1,Seizure,1,True,2337.6,0,0,12.361586846797918,bipolar,100.0,0.5-70 Hz,60 Hz,10.0,0.14375991762495943,306.26551714831464,4.575759113315699,4.607654193862242,False,False
382c1a0c-7e61-4f6f-9b37-89b22583410f,143,39045,gpd,other,0,GPD,1,False,3355.4,0,0,47.824769508818484,bipolar,100.0,0.5-70 Hz,60 Hz,10.0,0.14727222800854778,342.5332735280852,4.595613604214035,4.537148861148759,False,False
382c1a0c-7e61-4f6f-9b37-89b22583410f,144,21111,lpd,grda,0,LPD,1,False,3840.6,0,3,57.20948184335287,bipolar,100.0,0.5-70 Hz,60 Hz,10.0,0.14714787032265975,370.60781492816267,4.6644743523941905,4.55924400714007,False,False
382c1a0c-7e61-4f6f-9b37-89b22583410f,145,88383,lrda,lrda,1,LRDA,1,True,1037.1,0,0,115.33522810452682,bipolar,100.0,0.5-70 Hz,60 Hz,10.0,0.14737347876773155,363.90015367774146,4.605396131788629,4.627384525673285,False,False
382c1a0c-7e61-4f6f-9b37-89b22583410f,146,86240,grda,grda,1,GRDA,1,True,1407.4,0,1,147.48643489456478,bipolar,100.0,0.5-70 Hz,60 Hz,10.0,0.14708444021222356,354.72075242693666,4.550624449188072,4.568832003846544,False,False
382c1a0c-7e61-4f6f-9b37-89b22583410f,147,70977,sz,seizure,1,Seizure,1,True,740.8,0,0,11.942142115340346,bipolar,100.0,0.5-70 Hz,60 Hz,10.0,0.14519715064029898,327.91842381708784,4.487388336906974,4.516184239306122,False,False
382c1a0c-7e61-4f6f-9b37-89b22583410f,148,35152,sz,grda,0,GPD,0,False,8891.3,0,0,152.24353252775128,bipolar,100.0,0.5-70 Hz,60 Hz,10.0,0.1455032292340126,310.57190264995324,4.402282938971976,4.455642845337442,False,False
382c1a0c-7e61-4f6f-9b37-89b22583410f,149,70983,lrda,lpd,0,LRDA,1,False,1815.6,0,1,44.902952802114264,bipolar,100.0,0.5-70 Hz,60 Hz,10.0,0.13964343008809327,599.9999999999999,4.503099966175906,4.371459318486273,True,False
382c1a0c-7e61-4f6f-9b37-89b22583410f,150,21022,iic,gpd,0,Other,1,False,1376.1,0,0,95.63134526560073,bipolar,100.0,0.5-70 Hz,60 Hz,10.0,0.139860344901916,586.0658319209285,4.451100642344952,4.47041130363457,False,False
382c1a0c-7e61-4f6f-9b37-89b22583410f,151,70790,grda,gpd,0,GPD,0,True,5068.7,0,0,86.18468154465673,bipolar,100.0,0.5-70 Hz,60 Hz,10.0,0.13952496166623773,567.3590659069629,4.405951620532736,4.419343573723102,False,False
382c1a0c-7e61-4f6f-9b37-89b22583410f,152,65579,sz,gpd,0,Other,0,False,1387.3,0,1,114.85322122341594,bipolar,100.0,0.5-70 Hz,60 Hz,10.0,0.13993753817944615,552.3802147614606,4.314530144370343,4.372974701250969,False,False
382c1a0c-7e61-4f6f-9b37-89b22583410f,153,39687,iic,lpd,0,LRDA,0,False,2216.0,0,1,86.25012147666516,bipolar,100.0,0.5-70 Hz,60 Hz,10.0,0.13945194567451147,535.6560989047575,4.2868214840113135,4.286080608593287,False,False
382c1a0c-7e61-4f6f-9b37-89b22583410f,154,66608,lpd,lpd,1,LPD,1,True,1622.0,0,0,64.69780120477309,bipolar,100.0,0.5-70 Hz,60 Hz,10.0,0.1369540079798801,520.0403523800006,4.227888119922466,4.258569710897164,False,False
382c1a0c-7e61-4f6f-9b37-89b22583410f,155,39106,lrda,gpd,0,LRDA,1,False,10089.1,0,0,8.109083592223172,bipolar,100.0,0.5-70 Hz,60 Hz,10.0,0.13922919381204513,382.563595972194,4.387075084927258,4.199970678237517,False,False
382c1a0c-7e61-4f6f-9b37-89b22583410f,156,20737,gpd,seizure,0,Other,0,False,2892.8,0,0,15.036106986167793,bipolar,100.0,0.5-70 Hz,60 Hz,10.0,0.1407227657249066,365.24147051723185,4.3159895010713525,4.357449871550376,False,False
382c1a0c-7e61-4f6f-9b37-89b22583410f,157,52096,grda,lrda,0,LRDA,0,True,7065.2,0,0,90.1786461504285,bipolar,100.0,0.5-70 Hz,60 Hz,10.0,0.1420017206435879,333.9840334660027,4.278552517709031,4.286031337472726,False,False
382c1a0c-7e61-4f6f-9b37-89b22583410f,158,65542,gpd,seizure,0,LPD,0,False,12023.7,0,0,92.40533812561326,bipolar,100.0,0.5-70 Hz,60 Hz,10.0,0.1479396883612007,599.9999999999999,4.037868481185189,4.249262786403632,True,False
382c1a0c-7e61-4f6f-9b37-89b22583410f,159,32305,sz,seizure,1,Seizure,1,True,3445.2,0,0,139.96709842433756,bipolar,100.0,0.5-70 Hz,60 Hz,10.0,0.1481696252547854,590.3561222149807,4.012762580990641,4.013658930136614,False,False
382c1a0c-7e61-4f6f-9b37-89b22583410f,160,49371,lpd,lrda,0,GRDA,0,False,2766.1,0,0,175.21767591596097,bipolar,100.0,0.5-70 Hz,60 Hz,10.0,0.14256359369516103,580.9478318954465,3.968534739740316,3.9889800788642558,False,False
382c1a0c-7e61-4f6f-9b37-89b22583410f,161,55238,iic,seizure,0,GPD,0,False,2639.8,0,0,74.05333633265063,bipolar,100.0,0.5-70 Hz,60 Hz,10.0,0.14187394769346573,558.8432595465644,3.916541013734093,3.9452445189286034,False,False
382c1a0c-7e61-4f6f-9b37-89b22583410f,162,46177,grda,gpd,0,Other,0,False,742.8,0,1,8.794386077078606,bipolar,100.0,0.5-70 Hz,60 Hz,10.0,0.14241766972761566,542.5425631744855,3.913064417426694,3.893629365312032,False,False
382c1a0c-7e61-4f6f-9b37-89b22583410f,163,53019,lpd,lpd,1,LPD,1,True,1304.1,0,0,14.84934038139949,bipolar,100.0,0.5-70 Hz,60 Hz,10.0,0.14002890431971232,518.5188083097429,3.8919355357220655,3.8898036996432306,False,False
382c1a0c-7e61-4f6f-9b37-89b22583410f,164,45297,sz,lrda,0,LRDA,0,True,1611.9,0,1,94.1450517787054,bipolar,100.0,0.5-70 Hz,60 Hz,10.0,0.14023778227250083,500.41668398726176,3.850683995759633,3.8685051300686997,False,False
382c1a0c-7e61-4f6f-9b37-89b22583410f,165,56622,lpd,lpd,1,LPD,1,True,25386.2,0,1,6.5048345560593095,bipolar,100.0,0.5-70 Hz,60 Hz,10.0,0.1386943918697155,457.0238384636332,3.8302233749467964,3.826976322460741,False,False
382c1a0c-7e61-4f6f-9b37-89b22583410f,166,55237,lpd,lpd,1,LPD,1,True,1950.4,0,1,120.86225895031474,bipolar,100.0,0.5-70 Hz,60 Hz,10.0,0.13909242877477523,403.6137562044618,3.810160420004282,3.8065615843010185,False,False
382c1a0c-7e61-4f6f-9b37-89b22583410f,167,63289,lpd,lpd,1,LPD,1,True,1605.0,0,0,8.382775950133533,bipolar,100.0,0.5-70 Hz,60 Hz,10.0,0.13534344712693236,340.5300216216309,3.796250643776543,3.7865841727195138,False,False
382c1a0c-7e61-4f6f-9b37-89b22583410f,168,45968,lpd,lpd,1,LPD,1,True,4463.8,0,1,176.85829273102334,bipolar,100.0,0.5-70 Hz,60 Hz,10.0,0.13470988219754032,599.9999999999999,3.685571145627655,3.7712486510049423,True,False
382c1a0c-7e61-4f6f-9b37-89b22583410f,169,38078,lrda,lpd,0,GRDA,0,False,2549.0,0,1,72.82119813953932,bipolar,100.0,0.5-70 Hz,60 Hz,10.0,0.13534461870605907,430.1857386801499,3.6050213344706874,3.658930883912488,False,False
382c1a0c-7e61-4f6f-9b37-89b22583410f,170,48579,sz,lpd,0,Seizure,1,False,15385.9,0,0,68.79084906463115,bipolar,100.0,0.5-70 Hz,60 Hz,10.0,0.13576880112261808,423.49918714055724,3.5663565958352335,3.5798851858364773,False,False
382c1a0c-7e61-4f6f-9b37-89b22583410f,171,54058,grda,grda,1,GRDA,1,True,2140.9,0,0,62.40351165698541,bipolar,100.0,0.5-70 Hz,60 Hz,10.0,0.1365647727869212,417.6698583192382,3.567374623336132,3.5420256999999284,False,False
382c1a0c-7e61-4f6f-9b37-89b22583410f,172,55316,iic,lrda,0,GPD,0,False,10449.0,0,0,145.90149545789177,bipolar,100.0,0.5-70 Hz,60 Hz,10.0,0.13202951617186537,599.9999999999999,3.4298522640289555,3.543209662650555,True,False
382c1a0c-7e61-4f6f-9b37-89b22583410f,173,21566,iic,grda,0,Other,1,False,3136.6,0,0,61.27913644084753,bipolar,100.0,0.5-70 Hz,60 Hz,10.0,0.12942924763860236,591.3243973391235,3.3765774252137017,3.4032330523717382,False,False
382c1a0c-7e61-4f6f-9b37-89b22583410f,174,50577,iic,gpd,0,GPD,0,True,3763.3,0,0,69.33217059270005,bipolar,100.0,0.5-70 Hz,60 Hz,10.0,0.1308931626657125,579.7183229723875,3.336431599568665,3.3561754572078484,False,False
382c1a0c-7e61-4f6f-9b37-89b22583410f,175,25241,sz,other,0,Seizure,1,False,5391.9,0,1,89.46204571301242,bipolar,100.0,0.5-70 Hz,60 Hz,10.0,0.1306685696656527,570.5797048400551,3.3183371724807014,3.3170095116650904,False,False
382c1a0c-7e61-4f6f-9b37-89b22583410f,176,48271,iic,seizure,0,Other,1,False,6049.0,0,0,143.40979939741985,bipolar,100.0,0.5-70 Hz,60 Hz,10.0,0.1290071960708538,549.6389891069066,3.278293942661954,3.29900233787604,False,False
382c1a0c-7e61-4f6f-9b37-89b22583410f,177,31930,gpd,seizure,0,GPD,1,False,1612.0,0,0,156.92105312858578,bipolar,100.0,0.5-70 Hz,60 Hz,10.0,0.12707460196398207,493.06207410284765,3.2845974658904646,3.25961356748271,False,False
382c1a0c-7e61-4f6f-9b37-89b22583410f,178,87400,grda,lrda,0,GRDA,1,False,1305.2,0,0,89.48556220087437,bipolar,100.0,0.5-70 Hz,60 Hz,10.0,0.12798286653967678,477.37837383771296,3.27973868707893,3.2670202794396417,False,False
382c1a0c-7e61-4f6f-9b37-89b22583410f,179,87929,gpd,gpd,1,GPD,1,True,937.1,0,1,89.22731771176056,bipolar,100.0,0.5-70 Hz,60 Hz,10.0,0.1287361974254455,472.28988199953227,3.2520343100346203,3.262311847349109,False,False
382c1a0c-7e61-4f6f-9b37-89b22583410f,180,62833,gpd,gpd,1,GPD,1,True,1794.3,0,0,110.89146199480729,bipolar,100.0,0.5-70 Hz,60 Hz,10.0,0.12916321072524162,447.41536196488704,3.2238890618233507,3.2336088782606494,False,False
382c1a0c-7e61-4f6f-9b37-89b22583410f,181,46922,gpd,gpd,1,GPD,1,True,1741.8,0,0,102.43904468545173,bipolar,100.0,0.5-70 Hz,60 Hz,10.0,0.12927909634102647,404.9089353301688,3.1965016120042677,3.205175321055111,False,False
382c1a0c-7e61-4f6f-9b37-89b22583410f,182,84589,gpd,gpd,1,GPD,1,True,897.1,0,0,58.1690463829092,bipolar,100.0,0.5-70 Hz,60 Hz,10.0,0.12945916781520317,354.6034263248397,3.1684662859899477,3.1774472304611927,False,False
382c1a0c-7e61-4f6f-9b37-89b22583410f,183,53724,lpd,gpd,0,Other,0,False,738.4,0,2,43.49660854660381,bipolar,100.0,0.5-70 Hz,60 Hz,10.0,0.13149801952516665,344.13240769487624,3.1170508846939313,3.1488225626422395,False,False
382c1a0c-7e61-4f6f-9b37-89b22583410f,184,49337,sz,grda,0,GRDA,0,True,4194.0,0,2,68.15860599540069,bipolar,100.0,0.5-70 Hz,60 Hz,10.0,0.12781436720431838,338.70733630309144,3.090613396029976,3.099229721593055,False,False
382c1a0c-7e61-4f6f-9b37-89b22583410f,185,47424,iic,lpd,0,LPD,0,True,2083.9,0,1,88.96461530704065,bipolar,100.0,0.5-70 Hz,60 Hz,10.0,0.12747194226712788,308.75244396917043,3.0518567229982274,3.0734428280488224,False,False
382c1a0c-7e61-4f6f-9b37-89b22583410f,186,57301,grda,lrda,0,Other,0,False,734.3,0,0,7.739660199536413,bipolar,100.0,0.5-70 Hz,60 Hz,10.0,0.1272278825671585,599.9999999999999,3.075235820174634,3.034778883220988,True,False
382c1a0c-7e61-4f6f-9b37-89b22583410f,187,55983,lrda,gpd,0,GPD,0,True,3866.4,0,0,61.57002481428812,bipolar,100.0,0.5-70 Hz,60 Hz,10.0,0.1280432862243695,589.9253669831302,3.055409377593832,3.0559177574405303,False,False
382c1a0c-7e61-4f6f-9b37-89b22583410f,188,49891,iic,grda,0,Seizure,0,False,1252.0,0,0,152.4243236233335,bipolar,100.0,0.5-70 Hz,60 Hz,10.0,0.12532995622180249,576.6793967040958,3.0111051517877763,3.0376842633455343,False,False
382c1a0c-7e61-4f6f-9b37-89b22583410f,189,84687,grda,lrda,0,GRDA,1,False,1316.2,0,1,55.521025095222576,bipolar,100.0,0.5-70 Hz,60 Hz,10.0,0.1253455815804585,568.7269704637345,3.000052559949573,2.993814732132303,False,False
382c1a0c-7e61-4f6f-9b37-89b22583410f,190,45479,lrda,seizure,0,GRDA,0,False,2442.9,0,0,148.95659243671335,bipolar,100.0,0.5-70 Hz,60 Hz,10.0,0.1254054019638008,541.1927110753239,2.981404454848583,2.982866690001207,False,False
382c1a0c-7e61-4f6f-9b37-89b22583410f,191,51846,sz,lrda,0,Seizure,1,False,778.7,0,0,98.3610872456399,bipolar,100.0,0.5-70 Hz,60 Hz,10.0,0.12376087851651268,459.3466198600203,2.9841271948494876,2.964714548756939,False,False
382c1a0c-7e61-4f6f-9b37-89b22583410f,192,88314,grda,gpd,0,GPD,0,True,8058.6,0,1,66.44268984943743,bipolar,100.0,0.5-70 Hz,60 Hz,10.0,0.12580584308402865,329.0926147440094,2.948604495554079,2.9672933700032997,False,False
382c1a0c-7e61-4f6f-9b37-89b22583410f,193,41525,lpd,lpd,1,LPD,1,True,1915.3,0,1,141.2110144264492,bipolar,100.0,0.5-70 Hz,60 Hz,10.0,0.12449576251207711,325.5299474965911,2.949474414395435,2.9310541022250645,False,False
382c1a0c-7e61-4f6f-9b37-89b22583410f,194,60421,lpd,lpd,1,LPD,1,True,4024.3,0,0,142.35935332858875,bipolar,100.0,0.5-70 Hz,60 Hz,10.0,0.1267154566396172,304.07421284011843,2.947865070250124,2.9324860388112466,False,False
382c1a0c-7e61-4f6f-9b37-89b22583410f,195,40694,grda,grda,1,GRDA,1,True,5969.4,0,0,11.081847932708344,bipolar,100.0,0.5-70 Hz,60 Hz,10.0,0.1252802130565377,329.399298215541,2.935729812336043,2.930816542104486,False,False
382c1a0c-7e61-4f6f-9b37-89b22583410f,196,45851,iic,gpd,0,Other,1,False,1232.5,0,1,45.70230961862489,bipolar,100.0,0.5-70 Hz,60 Hz,10.0,0.12681856971641386,327.22368441004056,2.9010760788589645,2.9192153131474914,False,False
382c1a0c-7e61-4f6f-9b37-89b22583410f,197,56529,lpd,lpd,1,LPD,1,True,1458.0,0,0,41.685785423375,bipolar,100.0,0.5-70 Hz,60 Hz,10.0,0.13325866143571807,599.9999999999999,2.94019009778314,2.8849066685087594,True,False
382c1a0c-7e61-4f6f-9b37-89b22583410f,198,85342,lrda,lrda,1,LRDA,1,True,4967.3,0,1,147.3073014424263,bipolar,100.0,0.5-70 Hz,60 Hz,10.0,0.1332848742599715,590.4605524926315,2.9121634627963693,2.921471071595842,False,False
382c1a0c-7e61-4f6f-9b37-89b22583410f,199,53422,lpd,lpd,1,LPD,1,True,9318.6,0,0,113.38692984466239,bipolar,100.0,0.5-70 Hz,60 Hz,10.0,0.13231189958478273,575.7261460819834,2.9016592606084224,2.896281908857702,False,False
382c1a0c-7e61-4f6f-9b37-89b22583410f,200,70065,sz,lrda,0,Seizure,1,False,12900.1,0,0,69.17319663506956,bipolar,100.0,0.5-70 Hz,60 Hz,10.0,0.1326229417258411,561.7966778955833,2.903154848821141,2.8860957976981996,False,False
382c1a0c-7e61-4f6f-9b37-89b22583410f,201,46398,sz,gpd,0,Seizure,1,False,4047.4,0,0,79.20931685611757,bipolar,100.0,0.5-70 Hz,60 Hz,10.0,0.13290794401422779,529.6169689903267,2.9052098470664696,2.8874528140354836,False,False
382c1a0c-7e61-4f6f-9b37-89b22583410f,202,69242,sz,lpd,0,Seizure,1,False,2357.4,0,1,63.65106739273846,bipolar,100.0,0.5-70 Hz,60 Hz,10.0,0.13275255959601467,481.414230886951,2.910591347834454,2.889085290864373,False,False
382c1a0c-7e61-4f6f-9b37-89b22583410f,203,34228,sz,grda,0,Seizure,1,False,11348.6,0,1,44.850322356678625,bipolar,100.0,0.5-70 Hz,60 Hz,10.0,0.1329682874085481,431.1449780721151,2.9144602198839817,2.8939116218813363,False,False
382c1a0c-7e61-4f6f-9b37-89b22583410f,204,28457,sz,grda,0,GRDA,0,True,2264.2,0,0,88.13534185735517,bipolar,100.0,0.5-70 Hz,60 Hz,10.0,0.1323811904912267,524.6518508564941,2.8006121908964703,2.898050567778921,False,False
382c1a0c-7e61-4f6f-9b37-89b22583410f,205,67611,lrda,gpd,0,LRDA,1,False,8328.2,0,0,68.50481549687574,bipolar,100.0,0.5-70 Hz,60 Hz,10.0,0.1288943616061493,404.64973766251603,2.8170845672297466,2.784137108511304,False,False
382c1a0c-7e61-4f6f-9b37-89b22583410f,206,50319,lpd,lpd,1,LPD,1,True,5346.0,0,1,8.545567293015404,bipolar,100.0,0.5-70 Hz,60 Hz,10.0,0.1290443352827811,380.56083641989017,2.8024688216191835,2.801070330772835,False,False
382c1a0c-7e61-4f6f-9b37-89b22583410f,207,54035,lpd,gpd,0,Other,0,False,8372.2,0,0,159.24619790536295,bipolar,100.0,0.5-70 Hz,60 Hz,10.0,0.12855977879258762,365.38625436511586,2.776825432344747,2.786143745938854,False,False
382c1a0c-7e61-4f6f-9b37-89b22583410f,208,52522,lpd,lpd,1,LPD,1,True,4904.2,0,1,71.02790389711112,bipolar,100.0,0.5-70 Hz,60 Hz,10.0,0.1285232973905645,329.4619937323127,2.7563978451852145,2.760421510848386,False,False
382c1a0c-7e61-4f6f-9b37-89b22583410f,209,68479,lpd,lpd,1,LPD,1,True,104628.3,0,2,160.62316320625854,bipolar,100.0,0.5-70 Hz,60 Hz,10.0,0.1288911940048657,599.9999999999999,2.8785967195963873,2.740057953312004,True,False
382c1a0c-7e61-4f6f-9b37-89b22583410f,210,44846,grda,other,0,Other,0,True,3159.3,0,2,66.95124009820917,bipolar,100.0,0.5-70 Hz,60 Hz,10.0,0.12995537223057585,589.7740399381668,2.847407763031956,2.8615867071384895,False,False
382c1a0c-7e61-4f6f-9b37-89b22583410f,211,88824,lrda,lrda,1,LRDA,1,True,1912.9,0,0,9.656944105341333,bipolar,100.0,0.5-70 Hz,60 Hz,10.0,0.1314594706290224,580.918124743293,2.837789625706963,2.831885279010549,False,False
382c1a0c-7e61-4f6f-9b37-89b22583410f,212,40101,lpd,gpd,0,LRDA,0,False,1580.0,0,0,180.5368843282282,bipolar,100.0,0.5-70 Hz,60 Hz,10.0,0.13237385346720992,567.5741653828493,2.817760934333492,2.8225987721878654,False,False
382c1a0c-7e61-4f6f-9b37-89b22583410f,213,52207,grda,lrda,0,LRDA,0,True,988.4,0,0,92.84440999992282,bipolar,100.0,0.5-70 Hz,60 Hz,10.0,0.13260027950407438,543.0307992970112,2.7902630925388094,2.8037463130300884,False,False
382c1a0c-7e61-4f6f-9b37-89b22583410f,214,31149,lrda,seizure,0,Other,0,False,1902.3,0,1,95.75915794808391,bipolar,100.0,0.5-70 Hz,60 Hz,10.0,0.13391015192859818,530.3036857748449,2.7730375755896657,2.7766479081455993,False,False
382c1a0c-7e61-4f6f-9b37-89b22583410f,215,62063,lpd,gpd,0,Other,0,False,20342.6,0,0,147.1293499084975,bipolar,100.0,0.5-70 Hz,60 Hz,10.0,0.1347426701562487,502.698489162137,2.755697936083062,2.759693279531663,False,False
382c1a0c-7e61-4f6f-9b37-89b22583410f,216,86763,lrda,lrda,1,LRDA,1,True,5651.0,0,0,43.0187052763296,bipolar,100.0,0.5-70 Hz,60 Hz,10.0,0.1356476321820847,481.693083031278,2.748039358717718,2.7432995115628005,False,False
382c1a0c-7e61-4f6f-9b37-89b22583410f,217,47933,lpd,lpd,1,LPD,1,True,6061.8,0,0,68.6622807960036,bipolar,100.0,0.5-70 Hz,60 Hz,10.0,0.13505844538656236,472.0736427800567,2.734255113119459,2.736132420175929,False,False
382c1a0c-7e61-4f6f-9b37-89b22583410f,218,51187,lpd,grda,0,LPD,1,False,1594.9,0,1,15.832399180988038,bipolar,100.0,0.5-70 Hz,60 Hz,10.0,0.1335854667044034,489.26575925444837,2.7492485872573402,2.72252390239208,False,False
382c1a0c-7e61-4f6f-9b37-89b22583410f,219,38614,lrda,gpd,0,GRDA,0,False,5616.7,0,1,11.79247078521577,bipolar,100.0,0.5-70 Hz,60 Hz,10.0,0.1342085834162154,466.1025658191061,2.728023466661053,2.7371546830308655,False,False
382c1a0c-7e61-4f6f-9b37-89b22583410f,220,23733,sz,grda,0,GPD,0,False,646916.8,0,1,153.7999212202316,bipolar,100.0,0.5-70 Hz,60 Hz,10.0,0.13386612569000855,454.6028239733362,2.705420937505906,2.716423352448311,False,False
382c1a0c-7e61-4f6f-9b37-89b22583410f,221,37521,lrda,gpd,0,LRDA,1,False,12494.5,0,0,11.19378298123505,bipolar,100.0,0.5-70 Hz,60 Hz,10.0,0.12819539384736295,452.7597034504824,2.7166072873613514,2.693747319903892,False,False
382c1a0c-7e61-4f6f-9b37-89b22583410f,222,69933,grda,gpd,0,Other,0,False,13112.4,0,1,12.17989034798927,bipolar,100.0,0.5-70 Hz,60 Hz,10.0,0.12937279417132858,424.0750572836393,2.685865586052392,2.704863073864951,False,False
382c1a0c-7e61-4f6f-9b37-89b22583410f,223,52083,lrda,lpd,0,LRDA,1,False,1455.7,0,0,98.00005885932224,bipolar,100.0,0.5-70 Hz,60 Hz,10.0,0.12925886665091724,399.1029221127533,2.6831612126912394,2.674306188729976,False,False
382c1a0c-7e61-4f6f-9b37-89b22583410f,224,66746,iic,grda,0,Other,1,False,7737.6,0,1,94.56660583705629,bipolar,100.0,0.5-70 Hz,60 Hz,10.0,0.1322130310926794,394.6879046066558,2.671887412011499,2.672038580976686,False,False
382c1a0c-7e61-4f6f-9b37-89b22583410f,225,88121,lrda,lrda,1,LRDA,1,True,3526.2,0,0,49.917380883893884,bipolar,100.0,0.5-70 Hz,60 Hz,10.0,0.13175898932090224,363.42828125653716,2.6763515559439504,2.661394920718492,False,False
382c1a0c-7e61-4f6f-9b37-89b22583410f,226,70144,lpd,grda,0,Seizure,0,False,1127.1,0,0,12.514761922346858,bipolar,100.0,0.5-70 Hz,60 Hz,10.0,0.13201294816228992,371.42240948920323,2.657834464291629,2.6659286606779355,False,False
382c1a0c-7e61-4f6f-9b37-89b22583410f,227,22872,iic,seizure,0,GPD,0,False,1471.2,0,0,16.9011946437073,bipolar,100.0,0.5-70 Hz,60 Hz,10.0,0.1318868204502372,352.71846219327017,2.6413128331219085,2.647547350812834,False,False
382c1a0c-7e61-4f6f-9b37-89b22583410f,228,41440,lpd,lpd,1,LPD,1,True,1181.8,0,0,98.15917239850262,bipolar,100.0,0.5-70 Hz,60 Hz,10.0,0.13082889881936938,342.6414641978124,2.629522661858139,2.630877113797016,False,False
382c1a0c-7e61-4f6f-9b37-89b22583410f,229,37612,sz,gpd,0,Seizure,1,False,1864.5,0,0,66.06204792570134,bipolar,100.0,0.5-70 Hz,60 Hz,10.0,0.13155634200222566,336.9758369680147,2.630567363847592,2.619145583064011,False,False
382c1a0c-7e61-4f6f-9b37-89b22583410f,230,85931,lrda,seizure,0,LRDA,1,False,1680.5,0,1,44.550526266038624,bipolar,100.0,0.5-70 Hz,60 Hz,10.0,0.13105257069252546,302.7053020521206,2.6391525624007395,2.6203943029420573,False,False
382c1a0c-7e61-4f6f-9b37-89b22583410f,231,37805,grda,gpd,0,GRDA,1,False,38870.8,0,0,12.993207858663185,bipolar,100.0,0.5-70 Hz,60 Hz,10.0,0.1348006340096729,300.21929112288973,2.7170971171896423,2.6288510497070976,False,False
382c1a0c-7e61-4f6f-9b37-89b22583410f,232,38682,sz,lpd,0,Seizure,1,False,4106.3,0,1,127.29598352913534,bipolar,100.0,0.5-70 Hz,60 Hz,10.0,0.13246718410605357,599.9999999999999,2.710624298236078,2.704477986755827,True,False
382c1a0c-7e61-4f6f-9b37-89b22583410f,233,38566,lpd,gpd,0,Other,0,False,5000.0,0,2,159.01834191051904,bipolar,100.0,0.5-70 Hz,60 Hz,10.0,0.1307725759839657,453.6145095437536,2.66156372465566,2.6990754241486203,False,False
382c1a0c-7e61-4f6f-9b37-89b22583410f,234,37845,iic,gpd,0,Other,1,False,6548.2,0,1,150.25433795253255,bipolar,100.0,0.5-70 Hz,60 Hz,10.0,0.13024678125437927,451.7588331100625,2.6407450483919277,2.649783507533942,False,False
382c1a0c-7e61-4f6f-9b37-89b22583410f,235,20885,sz,grda,0,LRDA,0,False,47885.5,0,0,43.75291572734804,bipolar,100.0,0.5-70 Hz,60 Hz,10.0,0.13033777505241095,444.02901807991555,2.637343146420854,2.6297777327219167,False,False
382c1a0c-7e61-4f6f-9b37-89b22583410f,236,51924,grda,lrda,0,LRDA,0,True,1452.2,0,0,100.83036812155815,bipolar,100.0,0.5-70 Hz,60 Hz,10.0,0.13061831534381696,441.519134608342,2.625612356614233,2.626486357312545,False,False
382c1a0c-7e61-4f6f-9b37-89b22583410f,237,47882,iic,lpd,0,LPD,0,True,655.5,0,2,106.99646300257196,bipolar,100.0,0.5-70 Hz,60 Hz,10.0,0.13011022693176016,431.9408521850333,2.600352049914884,2.614547055488906,False,False
382c1a0c-7e61-4f6f-9b37-89b22583410f,238,88235,grda,grda,1,GRDA,1,True,3369.0,0,1,70.85209544649936,bipolar,100.0,0.5-70 Hz,60 Hz,10.0,0.1301420555030534,422.8503599991467,2.598731780217471,2.5908074237671492,False,False
382c1a0c-7e61-4f6f-9b37-89b22583410f,239,35481,sz,lrda,0,GRDA,0,False,22115.9,0,1,64.2721064164322,bipolar,100.0,0.5-70 Hz,60 Hz,10.0,0.1301945305612589,403.580140716575,2.5921282890019004,2.58927571104918,False,False
382c1a0c-7e61-4f6f-9b37-89b22583410f,240,51306,iic,lrda,0,Other,1,False,33957.4,0,0,97.76136105807014,bipolar,100.0,0.5-70 Hz,60 Hz,10.0,0.12996253294516247,398.7551902329663,2.5756367384098757,2.5829605134360754,False,False
382c1a0c-7e61-4f6f-9b37-89b22583410f,241,37451,grda,gpd,0,GRDA,1,False,3359.1,0,1,39.63227006948537,bipolar,100.0,0.5-70 Hz,60 Hz,10.0,0.12887792993868175,325.371302952983,2.5615198265725247,2.5666722183626716,False,False
382c1a0c-7e61-4f6f-9b37-89b22583410f,242,84661,grda,grda,1,GRDA,1,True,2708.4,0,0,160.06816788830224,bipolar,100.0,0.5-70 Hz,60 Hz,10.0,0.12865048533022339,316.9567531011514,2.553973410191052,2.5523026008446204,False,False
382c1a0c-7e61-4f6f-9b37-89b22583410f,243,68092,lrda,lpd,0,LRDA,1,False,220288.8,0,0,43.528523575087796,bipolar,100.0,0.5-70 Hz,60 Hz,10.0,0.1275572643203206,308.5878903239353,2.5560698677292195,2.5449211845933735,False,False
382c1a0c-7e61-4f6f-9b37-89b22583410f,244,87083,lrda,grda,0,LRDA,1,False,1124.8,0,0,47.07627327380425,bipolar,100.0,0.5-70 Hz,60 Hz,10.0,0.12948636541485758,599.9999999999999,2.59349928406016,2.546645087227245,True,False
382c1a0c-7e61-4f6f-9b37-89b22583410f,245,47884,iic,seizure,0,Seizure,0,True,1168.8,0,0,160.04842151113078,bipolar,100.0,0.5-70 Hz,60 Hz,10.0,0.12943194984376938,591.5866858719405,2.5778587612691406,2.58414540232382,False,False
382c1a0c-7e61-4f6f-9b37-89b22583410f,246,35634,lrda,grda,0,LPD,0,False,8427.7,0,0,138.00678657964252,bipolar,100.0,0.5-70 Hz,60 Hz,10.0,0.13026518033242973,454.23134204971274,2.4629757455656236,2.5690577381222535,False,False
382c1a0c-7e61-4f6f-9b37-89b22583410f,247,86946,grda,lrda,0,GRDA,1,False,1895.8,0,0,73.32269645680736,bipolar,100.0,0.5-70 Hz,60 Hz,10.0,0.1301622763506155,446.5877540365601,2.4760379777770134,2.4549228001381587,False,False
382c1a0c-7e61-4f6f-9b37-89b22583410f,248,88264,grda,lrda,0,GRDA,1,False,2194.7,0,0,11.332344452214256,bipolar,100.0,0.5-70 Hz,60 Hz,10.0,0.13008686304982808,428.9437976618084,2.4887875337647922,2.4682619000992716,False,False
382c1a0c-7e61-4f6f-9b37-89b22583410f,249,37690,sz,gpd,0,Seizure,1,False,13672.5,0,0,88.7283127494219,bipolar,100.0,0.5-70 Hz,60 Hz,10.0,0.13015440694873381,423.54099676013647,2.475591841707003,2.481013520570319,False,False
382c1a0c-7e61-4f6f-9b37-89b22583410f,250,63283,lpd,lpd,1,LPD,1,True,3190.5,0,0,48.82100094665397,bipolar,100.0,0.5-70 Hz,60 Hz,10.0,0.1301731056383496,423.0802776380482,2.472775832474936,2.467655633256215,False,False
382c1a0c-7e61-4f6f-9b37-89b22583410f,251,86212,grda,lrda,0,GRDA,1,False,2652.8,0,0,16.166911623030604,bipolar,100.0,0.5-70 Hz,60 Hz,10.0,0.13018366201494896,397.0179750886329,2.4855375051983613,2.4651855424818834,False,False
382c1a0c-7e61-4f6f-9b37-89b22583410f,252,88376,grda,lpd,0,GRDA,1,False,1883.0,0,1,148.60258120267082,bipolar,100.0,0.5-70 Hz,60 Hz,10.0,0.13012093207545183,368.35776454800225,2.4978382497071463,2.4779684019792505,False,False
382c1a0c-7e61-4f6f-9b37-89b22583410f,253,31713,lrda,seizure,0,Seizure,0,True,1947.6,0,0,88.43525723575253,bipolar,100.0,0.5-70 Hz,60 Hz,10.0,0.13024642386175617,361.79444813163724,2.4992122475851706,2.490157714947924,False,False
382c1a0c-7e61-4f6f-9b37-89b22583410f,254,88026,grda,grda,1,GRDA,1,True,1471.0,0,1,91.41977061584242,bipolar,100.0,0.5-70 Hz,60 Hz,10.0,0.13017814909311193,332.94217696731044,2.509961247213898,2.4915601345044474,False,False
382c1a0c-7e61-4f6f-9b37-89b22583410f,255,88393,grda,lrda,0,GRDA,1,False,1767.7,0,1,12.947754913612577,bipolar,100.0,0.5-70 Hz,60 Hz,10.0,0.13010682118480077,301.2761168308023,2.522952676202461,2.502268357547054,False,False
382c1a0c-7e61-4f6f-9b37-89b22583410f,256,86496,grda,lrda,0,GRDA,1,False,1503.8,0,0,67.72515573283849,bipolar,100.0,0.5-70 Hz,60 Hz,10.0,0.13273216112584013,599.9999999999999,2.5129321295614053,2.5150126991529165,True,False
382c1a0c-7e61-4f6f-9b37-89b22583410f,257,22391,lrda,grda,0,GRDA,0,True,50297.5,0,0,13.821037888916885,bipolar,100.0,0.5-70 Hz,60 Hz,10.0,0.13252965091838143,591.5994627896338,2.5094705650571063,2.504416832790686,False,False
382c1a0c-7e61-4f6f-9b37-89b22583410f,258,40595,sz,gpd,0,Seizure,1,False,216551.5,0,0,14.945906283885286,bipolar,100.0,0.5-70 Hz,60 Hz,10.0,0.1325172761844272,585.4578774620583,2.508075285019089,2.5013022150102535,False,False
382c1a0c-7e61-4f6f-9b37-89b22583410f,259,70788,sz,gpd,0,GPD,0,True,2569.3,0,2,42.8196855142267,bipolar,100.0,0.5-70 Hz,60 Hz,10.0,0.13279751820307173,454.8961557036086,2.4456505605437693,2.500278068064362,False,False
382c1a0c-7e61-4f6f-9b37-89b22583410f,260,53784,lrda,seizure,0,Seizure,0,True,848.1,0,0,7.909601491950579,bipolar,100.0,0.5-70 Hz,60 Hz,10.0,0.13246101261122262,442.4900128084477,2.4393621746210585,2.4380606192196455,False,False
382c1a0c-7e61-4f6f-9b37-89b22583410f,261,63199,lpd,lpd,1,LPD,1,True,5594.6,0,0,161.2305058692388,bipolar,100.0,0.5-70 Hz,60 Hz,10.0,0.13234169635905024,437.0762222599117,2.430881928597543,2.432203189249626,False,False
382c1a0c-7e61-4f6f-9b37-89b22583410f,262,65672,grda,grda,1,GRDA,1,True,29599.2,0,2,43.99825948611391,bipolar,100.0,0.5-70 Hz,60 Hz,10.0,0.13226185929979983,434.2042414906563,2.4307143853422795,2.4239153370616946,False,False
382c1a0c-7e61-4f6f-9b37-89b22583410f,263,34942,sz,grda,0,Other,0,False,2905.9,0,0,13.064093357573853,bipolar,100.0,0.5-70 Hz,60 Hz,10.0,0.13205321276170512,416.0995753375956,2.421660848553897,2.423673373048148,False,False
382c1a0c-7e61-4f6f-9b37-89b22583410f,264,85296,grda,gpd,0,GPD,0,True,2312.8,0,0,97.74570630033871,bipolar,100.0,0.5-70 Hz,60 Hz,10.0,0.13237684201172178,346.14167024122395,2.3710654175122667,2.414684054024702,False,False
382c1a0c-7e61-4f6f-9b37-89b22583410f,265,61377,lrda,gpd,0,LRDA,1,False,5004.4,0,0,65.253459621444,bipolar,100.0,0.5-70 Hz,60 Hz,10.0,0.13397046987275762,331.45600133729545,2.362156722121662,2.3630599595450104,False,False
382c1a0c-7e61-4f6f-9b37-89b22583410f,266,26501,lrda,seizure,0,Seizure,0,True,3114.1,0,0,99.42557151190846,bipolar,100.0,0.5-70 Hz,60 Hz,10.0,0.13294875765353487,347.5503322696675,2.3537458035932164,2.3534495631185632,False,False
382c1a0c-7e61-4f6f-9b37-89b22583410f,267,32585,grda,seizure,0,GPD,0,False,4815.0,0,0,41.765622238131016,bipolar,100.0,0.5-70 Hz,60 Hz,10.0,0.13183561379431563,335.7924148448591,2.3627283223261095,2.3460613469020895,False,False
382c1a0c-7e61-4f6f-9b37-89b22583410f,268,21629,lrda,seizure,0,Other,0,False,33909.9,0,1,40.656788608011965,bipolar,100.0,0.5-70 Hz,60 Hz,10.0,0.13196465267613444,344.2965700991252,2.352615053958297,2.354780402802691,False,False
382c1a0c-7e61-4f6f-9b37-89b22583410f,269,63121,lpd,grda,0,LPD,1,False,43728.0,0,0,13.053251472399946,bipolar,100.0,0.5-70 Hz,60 Hz,10.0,0.12880987262433524,599.9999999999999,2.3903907612412603,2.3452996670343578,True,False
382c1a0c-7e61-4f6f-9b37-89b22583410f,270,27416,sz,grda,0,GRDA,0,True,27038.3,0,2,16.885391953742875,bipolar,100.0,0.5-70 Hz,60 Hz,10.0,0.1290840079302788,590.2985863520798,2.3883279221692693,2.3830010144515548,False,False
382c1a0c-7e61-4f6f-9b37-89b22583410f,271,42952,sz,gpd,0,GRDA,0,False,3396.3,0,0,163.96851367422087,bipolar,100.0,0.5-70 Hz,60 Hz,10.0,0.12929177789763813,562.6211174253073,2.3871601620264697,2.3819268773526736,False,False
382c1a0c-7e61-4f6f-9b37-89b22583410f,272,36263,grda,lrda,0,GPD,0,False,4289.4,0,0,69.18311779129867,bipolar,100.0,0.5-70 Hz,60 Hz,10.0,0.12869120674552936,556.6828621334274,2.3779527100980054,2.3810534213600163,False,False
382c1a0c-7e61-4f6f-9b37-89b22583410f,273,40526,lrda,gpd,0,LPD,0,False,1236.9,0,0,64.37158014694653,bipolar,100.0,0.5-70 Hz,60 Hz,10.0,0.12736726946723292,549.9816567765262,2.3687351263775556,2.3718348129285527,False,False
382c1a0c-7e61-4f6f-9b37-89b22583410f,274,40550,sz,grda,0,Seizure,1,False,2035.8,0,0,45.48309763649531,bipolar,100.0,0.5-70 Hz,60 Hz,10.0,0.12697159117217688,576.4534088259546,2.356289509267855,2.3630538889222086,False,False
382c1a0c-7e61-4f6f-9b37-89b22583410f,275,51824,lpd,lpd,1,LPD,1,True,5355.7,0,0,59.61007214664074,bipolar,100.0,0.5-70 Hz,60 Hz,10.0,0.12915651461307132,568.111225885015,2.3471362263043565,2.3507716529202214,False,False
382c1a0c-7e61-4f6f-9b37-89b22583410f,276,35257,sz,grda,0,Other,0,False,3701.8,0,0,63.33245414909142,bipolar,100.0,0.5-70 Hz,60 Hz,10.0,0.12944727913411974,564.8957468433954,2.346178204175541,2.341704649151629,False,False
382c1a0c-7e61-4f6f-9b37-89b22583410f,277,63392,lpd,lpd,1,LPD,1,True,719.1,0,1,43.555275390279114,bipolar,100.0,0.5-70 Hz,60 Hz,10.0,0.13003162184361183,545.6684803050765,2.338979402339025,2.3408056583729944,False,False
382c1a0c-7e61-4f6f-9b37-89b22583410f,278,60313,grda,gpd,0,GPD,0,True,6233.2,0,1,39.22463902481346,bipolar,100.0,0.5-70 Hz,60 Hz,10.0,0.12930619589155173,525.476929169739,2.327676237404394,2.333624819306568,False,False
382c1a0c-7e61-4f6f-9b37-89b22583410f,279,32388,sz,other,0,Seizure,1,False,57709.5,0,0,125.60097086262033,bipolar,100.0,0.5-70 Hz,60 Hz,10.0,0.12938232742318823,517.9425439244206,2.3275361642483006,2.3222705091382885,False,False
382c1a0c-7e61-4f6f-9b37-89b22583410f,280,41812,lpd,lpd,1,LPD,1,True,2088.4,0,0,59.41575854946088,bipolar,100.0,0.5-70 Hz,60 Hz,10.0,0.13012659399073218,492.32439816452217,2.32093282958725,2.3223078027874036,False,False
382c1a0c-7e61-4f6f-9b37-89b22583410f,281,61766,sz,lrda,0,Seizure,1,False,1587.6,0,0,108.80449497697157,bipolar,100.0,0.5-70 Hz,60 Hz,10.0,0.13025997130913403,479.1008333224218,2.3210666221095577,2.31578835804778,False,False
382c1a0c-7e61-4f6f-9b37-89b22583410f,282,47150,lpd,other,0,LPD,1,False,6693.0,0,0,12.577923545524923,bipolar,100.0,0.5-70 Hz,60 Hz,10.0,0.13215408798183104,442.1405853434396,2.318737018461832,2.315886603731757,False,False
382c1a0c-7e61-4f6f-9b37-89b22583410f,283,62952,lpd,gpd,0,LPD,1,False,3891.3,0,2,138.5061010863469,bipolar,100.0,0.5-70 Hz,60 Hz,10.0,0.13361726650275152,401.8688873345474,2.3189194937841315,2.3136482258951636,False,False
382c1a0c-7e61-4f6f-9b37-89b22583410f,284,41260,lpd,gpd,0,LPD,1,False,5802.2,0,0,43.60854965159857,bipolar,100.0,0.5-70 Hz,60 Hz,10.0,0.13467274022268316,356.0409097304529,2.323921522524144,2.3138435620081097,False,False
382c1a0c-7e61-4f6f-9b37-89b22583410f,285,36407,lpd,lrda,0,LPD,1,False,4314.5,0,0,67.7043381163189,bipolar,100.0,0.5-70 Hz,60 Hz,10.0,0.14096591011712745,314.06661097768006,2.3302625846944367,2.318782869970175,False,False
382c1a0c-7e61-4f6f-9b37-89b22583410f,286,69661,lpd,grda,0,LRDA,0,False,12183.7,0,0,70.91270154645844,bipolar,100.0,0.5-70 Hz,60 Hz,10.0,0.1427961963970058,307.3045018352241,2.327811768367493,2.325108625325141,False,False
382c1a0c-7e61-4f6f-9b37-89b22583410f,287,22348,sz,gpd,0,Seizure,1,False,2956.7,0,0,47.42083461898004,bipolar,100.0,0.5-70 Hz,60 Hz,10.0,0.13008799704942198,599.9999999999999,2.3212033657158706,2.3227795781513794,True,False
382c1a0c-7e61-4f6f-9b37-89b22583410f,288,69995,lpd,other,0,Other,0,True,7066.3,0,1,71.23819455572267,bipolar,100.0,0.5-70 Hz,60 Hz,10.0,0.1298948226778282,595.2449394028802,2.3098950995621985,2.315367298939874,False,False
382c1a0c-7e61-4f6f-9b37-89b22583410f,289,60174,sz,lrda,0,LRDA,0,True,4962.9,0,0,13.063365668006597,bipolar,100.0,0.5-70 Hz,60 Hz,10.0,0.12888866542941052,583.3980248995815,2.304462351197374,2.3041984562798943,False,False
382c1a0c-7e61-4f6f-9b37-89b22583410f,290,45464,lpd,lpd,1,LPD,1,True,2205.8,0,3,136.35786781163418,bipolar,100.0,0.5-70 Hz,60 Hz,10.0,0.1286961361541621,577.6318150295177,2.2959946973354994,2.299310961467391,False,False
382c1a0c-7e61-4f6f-9b37-89b22583410f,291,35177,sz,grda,0,Seizure,1,False,4769.0,0,0,45.15044732504806,bipolar,100.0,0.5-70 Hz,60 Hz,10.0,0.12989900522519426,574.2921828791502,2.2911363366402755,2.2910898697758553,False,False
382c1a0c-7e61-4f6f-9b37-89b22583410f,292,23901,lpd,lpd,1,GRDA,0,False,1653.9,0,1,7.975703090764642,bipolar,100.0,0.5-70 Hz,60 Hz,10.0,0.13098615381504158,489.4470317575959,2.304874969629847,2.2864806474189003,False,False
382c1a0c-7e61-4f6f-9b37-89b22583410f,293,68983,lpd,grda,0,GPD,0,False,113931.8,0,0,100.71021786757049,bipolar,100.0,0.5-70 Hz,60 Hz,10.0,0.13095635457628757,479.02912630217764,2.2961881796866583,2.299357813556887,False,False
382c1a0c-7e61-4f6f-9b37-89b22583410f,294,56547,sz,grda,0,LPD,0,False,4174.9,0,2,41.374442473079306,bipolar,100.0,0.5-70 Hz,60 Hz,10.0,0.13072730997129578,483.27199253762194,2.28991598007073,2.2913477412242464,False,False
382c1a0c-7e61-4f6f-9b37-89b22583410f,295,63709,lpd,other,0,Other,0,True,2500.6,0,1,60.861674074827796,bipolar,100.0,0.5-70 Hz,60 Hz,10.0,0.13056936578646972,464.79496427246124,2.285572318372549,2.2853037036876893,False,False
382c1a0c-7e61-4f6f-9b37-89b22583410f,296,59456,lrda,grda,0,LRDA,1,False,3613.2,0,0,66.60646421886247,bipolar,100.0,0.5-70 Hz,60 Hz,10.0,0.13040344964426692,418.3577529452521,2.267276638230997,2.281139023287476,False,False
382c1a0c-7e61-4f6f-9b37-89b22583410f,297,39911,lpd,lpd,1,LPD,1,True,2252.2,0,0,84.50859887979973,bipolar,100.0,0.5-70 Hz,60 Hz,10.0,0.13040574262137128,430.0094680105014,2.2601333412897158,2.2626609087983636,False,False
382c1a0c-7e61-4f6f-9b37-89b22583410f,298,49579,sz,other,0,LRDA,0,False,840.6,0,0,112.18511833266349,bipolar,100.0,0.5-70 Hz,60 Hz,10.0,0.1302223064393947,427.90872882348435,2.252517401801933,2.2555740787082055,False,False
382c1a0c-7e61-4f6f-9b37-89b22583410f,299,46043,lpd,other,0,GPD,0,False,9655.3,0,0,42.959649513492174,bipolar,100.0,0.5-70 Hz,60 Hz,10.0,0.1298790893072292,403.1997045381501,2.251065847138306,2.2483253386739466,False,False
382c1a0c-7e61-4f6f-9b37-89b22583410f,300,44134,sz,other,0,Seizure,1,False,11499.4,0,2,12.87717461587522,bipolar,100.0,0.5-70 Hz,60 Hz,10.0,0.1302226426556628,382.65100978457076,2.247120837520355,2.246965126015988,False,False
382c1a0c-7e61-4f6f-9b37-89b22583410f,301,40538,sz,other,0,LRDA,0,False,12745.5,0,0,68.9225651205286,bipolar,100.0,0.5-70 Hz,60 Hz,10.0,0.12988702225213983,393.7085501495092,2.2407047372308733,2.2431097977632177,False,False
382c1a0c-7e61-4f6f-9b37-89b22583410f,302,62980,lpd,lpd,1,LPD,1,True,11481.8,0,2,104.62702362729223,bipolar,100.0,0.5-70 Hz,60 Hz,10.0,0.12997031592476987,402.54012613067823,2.2346995832121648,2.2366821914670174,False,False
382c1a0c-7e61-4f6f-9b37-89b22583410f,303,49249,grda,gpd,0,GRDA,1,False,4897.5,0,0,101.31207354219671,bipolar,100.0,0.5-70 Hz,60 Hz,10.0,0.1300910237958876,349.4663839136229,2.2304017891493664,2.2307961723947742,False,False
382c1a0c-7e61-4f6f-9b37-89b22583410f,304,88779,lrda,seizure,0,LRDA,1,False,5755.5,0,0,153.3573681858263,bipolar,100.0,0.5-70 Hz,60 Hz,10.0,0.13024498021662234,341.15883495654566,2.2230262543024337,2.2262852289771575,False,False
382c1a0c-7e61-4f6f-9b37-89b22583410f,305,88662,lrda,lpd,0,LRDA,1,False,4487.5,0,0,132.61797588132347,bipolar,100.0,0.5-70 Hz,60 Hz,10.0,0.13039386915324924,326.30068418609204,2.2159198499574204,2.2191319282446083,False,False
382c1a0c-7e61-4f6f-9b37-89b22583410f,306,33829,lrda,seizure,0,Seizure,0,True,2868.4,0,0,103.77805107378947,bipolar,100.0,0.5-70 Hz,60 Hz,10.0,0.13042783651630735,344.0242669862497,2.226653808367512,2.2120505142629536,False,False
382c1a0c-7e61-4f6f-9b37-89b22583410f,307,88980,lrda,grda,0,LRDA,1,False,9372.8,0,0,72.15090180795295,bipolar,100.0,0.5-70 Hz,60 Hz,10.0,0.13057033170560117,325.3945113884459,2.2205620317388384,2.2228892953052406,False,False
382c1a0c-7e61-4f6f-9b37-89b22583410f,308,27598,lpd,lpd,1,LPD,1,True,1520.2,0,0,95.6589602617711,bipolar,100.0,0.5-70 Hz,60 Hz,10.0,0.13059492372051607,328.6452869218679,2.211206410707998,2.2168516279646346,False,False
382c1a0c-7e61-4f6f-9b37-89b22583410f,309,56839,lrda,other,0,LPD,0,False,1710.8,0,0,11.78759824764787,bipolar,100.0,0.5-70 Hz,60 Hz,10.0,0.13066773899869227,339.3642259399505,2.221168899080409,2.2075321787800166,False,False
382c1a0c-7e61-4f6f-9b37-89b22583410f,310,38677,grda,gpd,0,GRDA,1,False,8734.5,0,1,85.24941430727222,bipolar,100.0,0.5-70 Hz,60 Hz,10.0,0.1310521439705396,599.9999999999999,2.1945085379926854,2.217490785957019,True,False
382c1a0c-7e61-4f6f-9b37-89b22583410f,311,84976,lrda,grda,0,GRDA,0,True,11315.6,0,1,146.24881638439848,bipolar,100.0,0.5-70 Hz,60 Hz,10.0,0.12791437468806166,482.8434697835521,2.2087622154103297,2.1897614903962572,False,False
382c1a0c-7e61-4f6f-9b37-89b22583410f,312,89162,lrda,lpd,0,LRDA,1,False,1023.2,0,2,97.34431455770638,bipolar,100.0,0.5-70 Hz,60 Hz,10.0,0.128447378909948,511.6687044817724,2.198254420399602,2.2045429016201936,False,False
382c1a0c-7e61-4f6f-9b37-89b22583410f,313,51960,grda,lrda,0,GRDA,1,False,1990.1,0,1,12.568392876802758,bipolar,100.0,0.5-70 Hz,60 Hz,10.0,0.12628184637846274,423.70666729367747,2.178234583653598,2.1943052023287026,False,False
382c1a0c-7e61-4f6f-9b37-89b22583410f,314,52402,grda,grda,1,GRDA,1,True,8022.3,0,1,147.61225115314437,bipolar,100.0,0.5-70 Hz,60 Hz,10.0,0.1261810285505477,426.20983276549845,2.1719307083939956,2.1741269070240747,False,False
382c1a0c-7e61-4f6f-9b37-89b22583410f,315,84698,lrda,lpd,0,LRDA,1,False,46123.1,0,0,40.761932221454956,bipolar,100.0,0.5-70 Hz,60 Hz,10.0,0.12826120125326196,443.80867686252367,2.161131293306104,2.168074516016248,False,False
382c1a0c-7e61-4f6f-9b37-89b22583410f,316,68755,grda,lpd,0,LRDA,0,False,7041.0,0,1,15.58274667057297,bipolar,100.0,0.5-70 Hz,60 Hz,10.0,0.1285187326866089,469.7021621460481,2.159274854899039,2.157220134229252,False,False
382c1a0c-7e61-4f6f-9b37-89b22583410f,317,69159,lpd,grda,0,LPD,1,False,1154.6,0,0,61.38659197562593,bipolar,100.0,0.5-70 Hz,60 Hz,10.0,0.12861871260358138,420.68189392694075,2.121593995112598,2.1557117960150736,False,False
382c1a0c-7e61-4f6f-9b37-89b22583410f,318,69755,lrda,lrda,1,LRDA,1,True,2799.4,0,0,9.005629382719391,bipolar,100.0,0.5-70 Hz,60 Hz,10.0,0.12864756549713846,431.3709933576025,2.1142355152008183,2.117924146060449,False,False
382c1a0c-7e61-4f6f-9b37-89b22583410f,319,38648,grda,grda,1,GRDA,1,True,6787.9,0,1,94.0027478315247,bipolar,100.0,0.5-70 Hz,60 Hz,10.0,0.12722922235375378,426.83053789740507,2.110831039682485,2.1107106795455786,False,False
382c1a0c-7e61-4f6f-9b37-89b22583410f,320,61619,grda,lrda,0,GPD,0,False,97203.8,0,2,93.5932867618287,bipolar,100.0,0.5-70 Hz,60 Hz,10.0,0.12816346365436682,445.8056825216071,2.112740896667864,2.1074491735130585,False,False
382c1a0c-7e61-4f6f-9b37-89b22583410f,321,44589,lrda,gpd,0,Other,0,False,2627.0,0,0,11.272550654537266,bipolar,100.0,0.5-70 Hz,60 Hz,10.0,0.12829428152071343,437.11377341593663,2.105435257541973,2.1093582228318124,False,False
382c1a0c-7e61-4f6f-9b37-89b22583410f,322,39796,sz,other,0,Seizure,1,False,4620.0,0,0,56.36847368244016,bipolar,100.0,0.5-70 Hz,60 Hz,10.0,0.12781290741715934,433.8031788247265,2.0970331223944876,2.102152179844355,False,False
382c1a0c-7e61-4f6f-9b37-89b22583410f,323,36463,lrda,lpd,0,LRDA,1,False,4841.3,0,0,14.057067372567447,bipolar,100.0,0.5-70 Hz,60 Hz,10.0,0.1275940551235799,439.68858821416205,2.091276125058866,2.0938094110245333,False,False
382c1a0c-7e61-4f6f-9b37-89b22583410f,324,40992,lrda,gpd,0,GRDA,0,False,2186.7,0,0,15.998388516341471,bipolar,100.0,0.5-70 Hz,60 Hz,10.0,0.12772188535820322,416.5335806968019,2.086325482905428,2.0880801701468483,False,False
382c1a0c-7e61-4f6f-9b37-89b22583410f,325,31734,grda,seizure,0,Seizure,0,True,1727.6,0,0,7.3437138352129026,bipolar,100.0,0.5-70 Hz,60 Hz,10.0,0.12827209360878744,431.24274293669583,2.0886715801887674,2.0832650782389512,False,False
382c1a0c-7e61-4f6f-9b37-89b22583410f,326,56180,sz,lrda,0,Seizure,1,False,6448.2,0,0,77.4199641978046,bipolar,100.0,0.5-70 Hz,60 Hz,10.0,0.12794657472292803,403.50259016761754,2.1085059928842016,2.0856161927244834,False,False
382c1a0c-7e61-4f6f-9b37-89b22583410f,327,60784,sz,grda,0,Seizure,1,False,58830.0,0,0,90.32004096454085,bipolar,100.0,0.5-70 Hz,60 Hz,10.0,0.12753919869898012,395.6319691993408,2.101709458346967,2.1053588237625194,False,False
382c1a0c-7e61-4f6f-9b37-89b22583410f,328,60073,lpd,gpd,0,GPD,0,True,2485.6,0,1,137.1551914845075,bipolar,100.0,0.5-70 Hz,60 Hz,10.0,0.12747638085390656,414.974220533304,2.1085069371653864,2.098697605599286,False,False
382c1a0c-7e61-4f6f-9b37-89b22583410f,329,21244,sz,lrda,0,Seizure,1,False,6717.9,0,0,12.150230245141529,bipolar,100.0,0.5-70 Hz,60 Hz,10.0,0.1253444683758504,399.6569443607545,2.105218115328257,2.105441275464569,False,False
382c1a0c-7e61-4f6f-9b37-89b22583410f,330,27853,sz,lrda,0,Seizure,1,False,1125.1,0,0,91.29126941950199,bipolar,100.0,0.5-70 Hz,60 Hz,10.0,0.12423662514833628,378.7447966325141,2.1047710218712914,2.1021987103248807,False,False
382c1a0c-7e61-4f6f-9b37-89b22583410f,331,56105,sz,other,0,Seizure,1,False,779.8,0,0,149.65518879111013,bipolar,100.0,0.5-70 Hz,60 Hz,10.0,0.12365460036265036,355.5615104293539,2.1058054271792,2.101700125265525,False,False
382c1a0c-7e61-4f6f-9b37-89b22583410f,332,53742,sz,gpd,0,Seizure,1,False,1555.2,0,0,122.85027973848428,bipolar,100.0,0.5-70 Hz,60 Hz,10.0,0.12340986206197319,335.02279321752053,2.1060415863061257,2.102711299807508,False,False
382c1a0c-7e61-4f6f-9b37-89b22583410f,333,86656,lrda,gpd,0,Seizure,0,False,1697.4,0,1,8.04821524759509,bipolar,100.0,0.5-70 Hz,60 Hz,10.0,0.12308436429479308,307.07158504027103,2.10453244508982,2.1030531449552097,False,False
382c1a0c-7e61-4f6f-9b37-89b22583410f,334,36902,sz,lrda,0,Seizure,1,False,2186.8,0,0,13.089130668083435,bipolar,100.0,0.5-70 Hz,60 Hz,10.0,0.1280374073344318,599.9999999999999,2.106019690563381,2.1013978052519273,True,False
382c1a0c-7e61-4f6f-9b37-89b22583410f,335,65293,sz,grda,0,GRDA,0,True,724.2,0,0,9.057752870250328,bipolar,100.0,0.5-70 Hz,60 Hz,10.0,0.12800006482788168,511.4391963656607,2.0256535449652167,2.1025796424636845,False,False
382c1a0c-7e61-4f6f-9b37-89b22583410f,336,55303,grda,lrda,0,LRDA,0,True,3750.2,0,0,40.312180175594854,bipolar,100.0,0.5-70 Hz,60 Hz,10.0,0.12803461157506202,510.81914622703255,2.013086640168697,2.022100212029838,False,False
382c1a0c-7e61-4f6f-9b37-89b22583410f,337,88089,grda,lrda,0,GRDA,1,False,131018.8,0,0,10.328767879330211,bipolar,100.0,0.5-70 Hz,60 Hz,10.0,0.12809894523323362,504.68403411964334,2.0144190294447615,2.009705650734762,False,False
382c1a0c-7e61-4f6f-9b37-89b22583410f,338,85998,grda,lrda,0,GRDA,1,False,1683.4,0,1,42.10117985793484,bipolar,100.0,0.5-70 Hz,60 Hz,10.0,0.12807621986350648,492.4642202828974,2.0149864503250816,2.011095310638107,False,False
382c1a0c-7e61-4f6f-9b37-89b22583410f,339,87920,grda,seizure,0,GRDA,1,False,17461.0,0,0,61.861858706918085,bipolar,100.0,0.5-70 Hz,60 Hz,10.0,0.12819987684333378,475.344514015788,2.014796838331387,2.0117436493868843,False,False
382c1a0c-7e61-4f6f-9b37-89b22583410f,340,47935,lpd,gpd,0,GPD,0,True,5725.4,0,1,149.20012575484776,bipolar,100.0,0.5-70 Hz,60 Hz,10.0,0.12837724454885507,475.2939545734756,2.0126825636568966,2.0116971715019476,False,False
382c1a0c-7e61-4f6f-9b37-89b22583410f,341,87437,grda,gpd,0,GRDA,1,False,9179.5,0,0,7.145309119887594,bipolar,100.0,0.5-70 Hz,60 Hz,10.0,0.12843730235067025,453.14489363722896,2.0111946359620467,2.0096138870445666,False,False
382c1a0c-7e61-4f6f-9b37-89b22583410f,342,88087,grda,seizure,0,GRDA,1,False,7207.1,0,0,81.34214104963645,bipolar,100.0,0.5-70 Hz,60 Hz,10.0,0.12838772732768916,426.39593633630415,2.008911465384472,2.008162478570646,False,False
382c1a0c-7e61-4f6f-9b37-89b22583410f,343,63112,sz,grda,0,LPD,0,False,2505.5,0,2,64.53190694713219,bipolar,100.0,0.5-70 Hz,60 Hz,10.0,0.12821156645161486,417.1427853700737,1.9989185937686607,2.0058761556387488,False,False
382c1a0c-7e61-4f6f-9b37-89b22583410f,344,85411,grda,lrda,0,GRDA,1,False,863.4,0,0,87.01276741134411,bipolar,100.0,0.5-70 Hz,60 Hz,10.0,0.1281925788336784,386.5630848974108,1.9953103067464704,1.995861982223742,False,False
382c1a0c-7e61-4f6f-9b37-89b22583410f,345,64650,grda,other,0,GRDA,1,False,2671.6,0,0,100.26429481449922,bipolar,100.0,0.5-70 Hz,60 Hz,10.0,0.12817269738696307,354.49623120183065,1.990710632532609,1.992187239982775,False,False
382c1a0c-7e61-4f6f-9b37-89b22583410f,346,20870,sz,grda,0,Other,0,False,3884.7,0,1,6.27561318590581,bipolar,100.0,0.5-70 Hz,60 Hz,10.0,0.128061323298093,330.76512987883933,1.9761079890286923,1.9876691773394635,False,False
382c1a0c-7e61-4f6f-9b37-89b22583410f,347,88173,grda,lrda,0,GRDA,1,False,1715.7,0,1,12.86033797658849,bipolar,100.0,0.5-70 Hz,60 Hz,10.0,0.12866534302670912,599.9999999999999,1.985017189293119,1.9728847646084469,True,False
382c1a0c-7e61-4f6f-9b37-89b22583410f,348,85268,lrda,gpd,0,Other,0,False,11927.4,0,0,154.2924922951329,bipolar,100.0,0.5-70 Hz,60 Hz,10.0,0.1290276263661842,591.0397982242722,1.9897457007067585,1.9823838426180325,False,False
382c1a0c-7e61-4f6f-9b37-89b22583410f,349,54440,grda,lrda,0,GRDA,1,False,5442.6,0,1,80.6607375822858,bipolar,100.0,0.5-70 Hz,60 Hz,10.0,0.1292323278069743,587.4052083795743,1.9902160781938738,1.987240983226819,False,False
382c1a0c-7e61-4f6f-9b37-89b22583410f,350,88629,grda,gpd,0,GRDA,1,False,899.8,0,1,93.960506918465,bipolar,100.0,0.5-70 Hz,60 Hz,10.0,0.1298545211703523,573.261254044048,1.9899388831086857,1.9876916274302583,False,False
382c1a0c-7e61-4f6f-9b37-89b22583410f,351,88892,grda,gpd,0,GRDA,1,False,2350.5,0,0,89.31999754417724,bipolar,100.0,0.5-70 Hz,60 Hz,10.0,0.13070014051070883,550.3863226508943,1.9891656539848752,1.9873950961520708,False,False
382c1a0c-7e61-4f6f-9b37-89b22583410f,352,45494,lrda,seizure,0,Seizure,0,True,690.8,0,0,154.13611350530806,bipolar,100.0,0.5-70 Hz,60 Hz,10.0,0.1315602901236222,531.0658213982751,1.9937918865011626,1.9865698911975636,False,False
382c1a0c-7e61-4f6f-9b37-89b22583410f,353,87570,grda,gpd,0,GRDA,1,False,3600.8,0,0,7.891005274991405,bipolar,100.0,0.5-70 Hz,60 Hz,10.0,0.13185369615750403,502.70418980262986,1.9928154194154915,1.9912520766219786,False,False
382c1a0c-7e61-4f6f-9b37-89b22583410f,354,50641,grda,other,0,GRDA,1,False,1481.8,0,1,81.25307125776459,bipolar,100.0,0.5-70 Hz,60 Hz,10.0,0.13100328474606582,480.9104555808816,1.9913661655970305,1.9902626770394833,False,False
382c1a0c-7e61-4f6f-9b37-89b22583410f,355,39281,lrda,seizure,0,GPD,0,False,4115.2,0,0,46.75913235604731,bipolar,100.0,0.5-70 Hz,60 Hz,10.0,0.13285691627679497,458.91324432066955,1.9954488537865318,1.9888013241408855,False,False
382c1a0c-7e61-4f6f-9b37-89b22583410f,356,35818,sz,lrda,0,GPD,0,False,3527.8,0,0,75.34015946391538,bipolar,100.0,0.5-70 Hz,60 Hz,10.0,0.13270114287336998,447.27585560165977,1.9871492363335914,1.992893664135416,False,False
382c1a0c-7e61-4f6f-9b37-89b22583410f,357,50832,grda,other,0,GRDA,1,False,1952.6,0,0,69.17690239840607,bipolar,100.0,0.5-70 Hz,60 Hz,10.0,0.13080799148731181,425.3825569983545,1.985436097803599,1.9846121941720718,False,False
382c1a0c-7e61-4f6f-9b37-89b22583410f,358,87220,grda,lrda,0,GRDA,1,False,3151.0,0,0,142.47921993979,bipolar,100.0,0.5-70 Hz,60 Hz,10.0,0.1307196772211242,386.3181547390476,1.9836070105295258,1.9829082335150505,False,False
382c1a0c-7e61-4f6f-9b37-89b22583410f,359,87104,grda,lrda,0,LRDA,0,True,5873.7,0,0,76.07277055619635,bipolar,100.0,0.5-70 Hz,60 Hz,10.0,0.13149922755805754,491.9646316801662,1.9777586796297846,1.9808783071771223,False,False
382c1a0c-7e61-4f6f-9b37-89b22583410f,360,64862,lpd,grda,0,GPD,0,False,774.7,0,0,134.91392184104865,bipolar,100.0,0.5-70 Hz,60 Hz,10.0,0.1310229124606671,492.27768341334587,1.9833595292989108,1.9753198809206558,False,False
382c1a0c-7e61-4f6f-9b37-89b22583410f,361,37440,lpd,gpd,0,GRDA,0,False,1075.0,0,1,42.51348588403244,bipolar,100.0,0.5-70 Hz,60 Hz,10.0,0.13092879183562522,485.6976482166557,1.9907059628722814,1.9810528554635907,False,False
382c1a0c-7e61-4f6f-9b37-89b22583410f,362,85431,lpd,lpd,1,LPD,1,True,3255.6,0,1,45.685983577560194,bipolar,100.0,0.5-70 Hz,60 Hz,10.0,0.12935387008363675,484.108181597282,1.9941334175355268,1.9883695035978655,False,False
382c1a0c-7e61-4f6f-9b37-89b22583410f,363,86795,lrda,seizure,0,LRDA,1,False,4558.1,0,1,64.77236280575892,bipolar,100.0,0.5-70 Hz,60 Hz,10.0,0.13052984051530397,485.0182159406931,1.9948194026713053,1.9918473878124463,False,False
382c1a0c-7e61-4f6f-9b37-89b22583410f,364,64414,lpd,lpd,1,LRDA,0,False,2490.4,0,0,100.14313898567603,bipolar,100.0,0.5-70 Hz,60 Hz,10.0,0.12898327889828265,430.704083294538,1.9668798937768388,1.9925323728559805,False,False
382c1a0c-7e61-4f6f-9b37-89b22583410f,365,88542,lrda,gpd,0,LRDA,1,False,2290.3,0,0,44.90304330036644,bipolar,100.0,0.5-70 Hz,60 Hz,10.0,0.12870331341066904,461.85520744616,1.9218904055775958,1.9644202440802483,False,False
382c1a0c-7e61-4f6f-9b37-89b22583410f,366,88232,lrda,lpd,0,LRDA,1,False,1271.3,0,0,40.82842037011404,bipolar,100.0,0.5-70 Hz,60 Hz,10.0,0.12947314352685596,452.0669936557959,1.9229477231588272,1.9195584508652925,False,False
382c1a0c-7e61-4f6f-9b37-89b22583410f,367,67545,lpd,gpd,0,GPD,0,True,4533.4,0,1,69.47608412561821,bipolar,100.0,0.5-70 Hz,60 Hz,10.0,0.12908015675526424,420.13259606051224,1.9258838534802436,1.9205883786118552,False,False
382c1a0c-7e61-4f6f-9b37-89b22583410f,368,85180,lrda,lpd,0,LRDA,1,False,208635.5,0,0,67.09503216701984,bipolar,100.0,0.5-70 Hz,60 Hz,10.0,0.12996815844006931,401.9261679545566,1.926374247362698,1.9235197749870718,False,False
382c1a0c-7e61-4f6f-9b37-89b22583410f,369,88909,lpd,lrda,0,LPD,1,False,1480.8,0,1,132.21596324064492,bipolar,100.0,0.5-70 Hz,60 Hz,10.0,0.13044551182220604,464.4459281457553,1.9121473520218264,1.9239371651297146,False,False
382c1a0c-7e61-4f6f-9b37-89b22583410f,370,63317,sz,other,0,Other,0,True,4190.1,0,0,5.8490610994864465,bipolar,100.0,0.5-70 Hz,60 Hz,10.0,0.13089258086219002,447.5038647772841,1.9046237159539379,1.9100431758362055,False,False
382c1a0c-7e61-4f6f-9b37-89b22583410f,371,87919,lrda,grda,0,LRDA,1,False,13877.4,0,0,135.95405710803053,bipolar,100.0,0.5-70 Hz,60 Hz,10.0,0.13140909009054436,430.43234294491316,1.9082419976412446,1.902523271499317,False,False
382c1a0c-7e61-4f6f-9b37-89b22583410f,372,86499,lrda,gpd,0,GPD,0,True,1872.6,0,1,10.825002779617028,bipolar,100.0,0.5-70 Hz,60 Hz,10.0,0.1315168580709719,427.1212903035986,1.919751159769325,1.9061838168885208,False,False
382c1a0c-7e61-4f6f-9b37-89b22583410f,373,87302,lrda,grda,0,LRDA,1,False,3333.7,0,0,133.5707396951373,bipolar,100.0,0.5-70 Hz,60 Hz,10.0,0.13214557393411758,407.48394478694365,1.92448886962159,1.917681644656319,False,False
382c1a0c-7e61-4f6f-9b37-89b22583410f,374,88483,lrda,seizure,0,LRDA,1,False,11145.3,0,0,166.78401619511564,bipolar,100.0,0.5-70 Hz,60 Hz,10.0,0.13329824508683547,382.32613700939606,1.9288186243436178,1.922470265500003,False,False
382c1a0c-7e61-4f6f-9b37-89b22583410f,375,56466,lpd,lpd,1,LPD,1,True,2801.9,0,1,140.81594447676164,bipolar,100.0,0.5-70 Hz,60 Hz,10.0,0.13394292111226036,394.39929672891833,1.928908372900981,1.9267360241278289,False,False
382c1a0c-7e61-4f6f-9b37-89b22583410f,376,87290,lrda,gpd,0,LRDA,1,False,1975.9,0,0,102.98368236156989,bipolar,100.0,0.5-70 Hz,60 Hz,10.0,0.132777630894503,375.28516728960057,1.8809356402603772,1.9269911354356408,False,False
382c1a0c-7e61-4f6f-9b37-89b22583410f,377,61536,sz,seizure,1,Seizure,1,True,10013.5,0,1,11.350761674029405,bipolar,100.0,0.5-70 Hz,60 Hz,10.0,0.1332948367433413,373.9261278851595,1.8807634102708883,1.8789903016468208,False,False
382c1a0c-7e61-4f6f-9b37-89b22583410f,378,84752,lpd,grda,0,GRDA,0,True,8660.7,0,1,12.167244203510975,bipolar,100.0,0.5-70 Hz,60 Hz,10.0,0.13390894798658126,366.21927521602333,1.8776928729238294,1.8788958788311738,False,False
382c1a0c-7e61-4f6f-9b37-89b22583410f,379,50134,lrda,grda,0,Other,0,False,3853.4,0,0,148.43402426847817,bipolar,100.0,0.5-70 Hz,60 Hz,10.0,0.13382773458168573,372.69379082149675,1.8851543050844497,1.87586743097358,False,False
382c1a0c-7e61-4f6f-9b37-89b22583410f,380,45189,sz,gpd,0,GRDA,0,False,1801.2,0,2,97.63944215008263,bipolar,100.0,0.5-70 Hz,60 Hz,10.0,0.1355751594803607,355.07903096435314,1.8770194518538459,1.8833280201503624,False,False
382c1a0c-7e61-4f6f-9b37-89b22583410f,381,87604,lrda,lpd,0,LRDA,1,False,4225.0,0,0,65.18231272421147,bipolar,100.0,0.5-70 Hz,60 Hz,10.0,0.13717080787532643,327.66422642162854,1.8778212120658184,1.875218095019013,False,False
382c1a0c-7e61-4f6f-9b37-89b22583410f,382,86333,lrda,grda,0,LRDA,1,False,1896.2,0,1,131.2749975153107,bipolar,100.0,0.5-70 Hz,60 Hz,10.0,0.13878984009036432,300.18275511696,1.8783278187521404,1.876060690173171,False,False
382c1a0c-7e61-4f6f-9b37-89b22583410f,383,22837,sz,seizure,1,Seizure,1,True,2522.8,0,0,134.512274016799,bipolar,100.0,0.5-70 Hz,60 Hz,10.0,0.13698731345745735,599.9999999999999,1.9112495623552987,1.8766437955232886,True,False
382c1a0c-7e61-4f6f-9b37-89b22583410f,384,88024,sz,gpd,0,Seizure,1,False,1827.4,0,0,152.08405179591466,bipolar,100.0,0.5-70 Hz,60 Hz,10.0,0.1369238946080793,598.4705841103877,1.9057236547181942,1.9095136277829792,False,False
382c1a0c-7e61-4f6f-9b37-89b22583410f,385,87602,sz,lpd,0,Seizure,1,False,5229.6,0,1,10.642155728928525,bipolar,100.0,0.5-70 Hz,60 Hz,10.0,0.1368542701039991,594.0501930579541,1.9006256398809742,1.9041507351330302,False,False
382c1a0c-7e61-4f6f-9b37-89b22583410f,386,36724,sz,lrda,0,LRDA,0,True,5064.9,0,0,63.62734912628261,bipolar,100.0,0.5-70 Hz,60 Hz,10.0,0.13593347583914617,586.2873605803281,1.8932475902225803,1.8991498415550068,False,False
382c1a0c-7e61-4f6f-9b37-89b22583410f,387,65955,gpd,gpd,1,GPD,1,True,4146.8,0,1,12.003795347038874,bipolar,100.0,0.5-70 Hz,60 Hz,10.0,0.1371185571531679,574.6165004650147,1.8703630302435186,1.8800217377289528,False,True
382c1a0c-7e61-4f6f-9b37-89b22583410f,388,85408,gpd,seizure,0,Seizure,0,True,5111.3,0,1,43.89057929202763,bipolar,100.0,0.5-70 Hz,60 Hz,10.0,0.13698039659582195,558.4215049039049,1.828292891512064,1.8573860918180738,False,True
382c1a0c-7e61-4f6f-9b37-89b22583410f,389,53899,gpd,gpd,1,GPD,1,True,1862.7,0,0,139.52845349366177,bipolar,100.0,0.5-70 Hz,60 Hz,10.0,0.13829097646997784,528.8821214048933,1.8079649665491093,1.8163497473805161,False,True
382c1a0c-7e61-4f6f-9b37-89b22583410f,390,22795,gpd,seizure,0,Seizure,0,True,2805.8,0,0,177.8394750814975,bipolar,100.0,0.5-70 Hz,60 Hz,10.0,0.13778764893025358,495.71859297316337,1.7696988708415997,1.796594740166293,False,True
382c1a0c-7e61-4f6f-9b37-89b22583410f,391,22553,gpd,gpd,1,GPD,1,True,11146.3,0,0,92.13386409265986,bipolar,100.0,0.5-70 Hz,60 Hz,10.0,0.13853639359027098,457.03641632069736,1.7511870567223085,1.7586860246735687,False,True
382c1a0c-7e61-4f6f-9b37-89b22583410f,392,15154,spike,spike,0,Yes (spike present),1,False,61936.4,0,1,122.3980537472909,bipolar,100.0,0.5-70 Hz,60 Hz,10.0,0.1435068026809525,408.20167132984824,1.7514807750836747,1.7435467571890009,False,True
382c1a0c-7e61-4f6f-9b37-89b22583410f,393,39726,gpd,gpd,1,Other,0,False,2015.9,0,1,11.133258758271014,bipolar,100.0,0.5-70 Hz,60 Hz,10.0,0.13864327704629908,482.09122437185067,1.7641603893778117,1.7410527090071006,False,True
382c1a0c-7e61-4f6f-9b37-89b22583410f,394,85383,gpd,seizure,0,Seizure,0,True,1019.9,0,0,94.068237681106,bipolar,100.0,0.5-70 Hz,60 Hz,10.0,0.1385025348896931,439.31491604169724,1.7274280452447868,1.7534057097113749,False,True
382c1a0c-7e61-4f6f-9b37-89b22583410f,395,32452,gpd,seizure,0,Seizure,0,True,1882.0,0,0,12.73973388379672,bipolar,100.0,0.5-70 Hz,60 Hz,10.0,0.13787617625313714,391.11696460375026,1.6923506024656294,1.7176739233157616,False,True
382c1a0c-7e61-4f6f-9b37-89b22583410f,396,86524,gpd,lrda,0,GPD,1,False,8681.6,0,0,93.42522037276308,bipolar,100.0,0.5-70 Hz,60 Hz,10.0,0.13974470200357708,495.0162395206648,1.7474650102875067,1.6836423941555265,False,True
382c1a0c-7e61-4f6f-9b37-89b22583410f,397,87770,gpd,gpd,1,GPD,1,True,4059.5,0,1,142.0535547553081,bipolar,100.0,0.5-70 Hz,60 Hz,10.0,0.14210965535810266,482.62164755813234,1.7332767091584902,1.7387316007916993,False,True
382c1a0c-7e61-4f6f-9b37-89b22583410f,398,52268,iic,gpd,0,GPD,0,True,45658.3,0,0,69.77678048654901,bipolar,100.0,0.5-70 Hz,60 Hz,10.0,0.1415501835106669,480.22958602123134,1.7293645103452837,1.7258387865166753,False,True
382c1a0c-7e61-4f6f-9b37-89b22583410f,399,87726,gpd,lrda,0,LPD,0,False,2211.6,0,1,61.986214228597504,bipolar,100.0,0.5-70 Hz,60 Hz,10.0,0.14108047163430898,449.88070742812755,1.6997041517370923,1.7209188183333826,False,True
382c1a0c-7e61-4f6f-9b37-89b22583410f,400,85222,gpd,gpd,1,GPD,1,True,767.7,0,0,12.827152143790565,bipolar,100.0,0.5-70 Hz,60 Hz,10.0,0.14354619885215159,428.5552369158714,1.686154346711994,1.691484986104539,False,True
382c1a0c-7e61-4f6f-9b37-89b22583410f,401,86531,gpd,gpd,1,GPD,1,True,6017.9,0,1,65.91623493652126,bipolar,100.0,0.5-70 Hz,60 Hz,10.0,0.1447983104795435,401.611486420371,1.6725718655151216,1.6784993945732034,False,True
382c1a0c-7e61-4f6f-9b37-89b22583410f,402,87283,gpd,lpd,0,GPD,1,False,1651.6,0,0,57.7304468037864,bipolar,100.0,0.5-70 Hz,60 Hz,10.0,0.14597612812781735,442.0960957098759,1.7079301535555031,1.6651025862343747,False,True
382c1a0c-7e61-4f6f-9b37-89b22583410f,403,88156,gpd,gpd,1,GPD,1,True,976.5,0,0,12.037305330935602,bipolar,100.0,0.5-70 Hz,60 Hz,10.0,0.14670530666375842,409.2060897598199,1.693557333541512,1.7005916716218823,False,True
382c1a0c-7e61-4f6f-9b37-89b22583410f,404,70792,iic,other,1,Other,1,True,824.6,0,0,98.20858030056316,bipolar,100.0,0.5-70 Hz,60 Hz,10.0,0.14576938531879546,408.47770738640327,1.679927514169704,1.6867476304344373,False,True
382c1a0c-7e61-4f6f-9b37-89b22583410f,405,87628,gpd,seizure,0,Other,0,False,26946.3,0,0,71.58010360211887,bipolar,100.0,0.5-70 Hz,60 Hz,10.0,0.14565692625275722,394.8117261865931,1.6564401731925837,1.672852127606648,False,True
382c1a0c-7e61-4f6f-9b37-89b22583410f,406,46931,gpd,gpd,1,LPD,0,False,2806.1,0,0,100.63251311792295,bipolar,100.0,0.5-70 Hz,60 Hz,10.0,0.14147170953034438,457.21573312706136,1.6694259395097468,1.6498726653318185,False,True
382c1a0c-7e61-4f6f-9b37-89b22583410f,407,85309,gpd,seizure,0,Seizure,0,True,4140.1,0,0,123.15514818833341,bipolar,100.0,0.5-70 Hz,60 Hz,10.0,0.1409829912236123,433.9756599256939,1.6452283852080425,1.6626168565925603,False,True
382c1a0c-7e61-4f6f-9b37-89b22583410f,408,22740,gpd,seizure,0,Seizure,0,True,4014.8,0,1,90.96007506821843,bipolar,100.0,0.5-70 Hz,60 Hz,10.0,0.1389529859427308,405.5068328672422,1.6218889676858048,1.638936926801012,False,True
382c1a0c-7e61-4f6f-9b37-89b22583410f,409,67428,iic,seizure,0,GRDA,0,False,2676.6,0,0,47.57571095228513,bipolar,100.0,0.5-70 Hz,60 Hz,10.0,0.1387644632596759,396.8392055401936,1.6176841745660056,1.6155907681050024,False,True
382c1a0c-7e61-4f6f-9b37-89b22583410f,410,14807,spike,spike,1,Yes (spike present),1,True,6243.6,0,1,123.11501090693909,bipolar,100.0,0.5-70 Hz,60 Hz,10.0,0.13745069237551238,398.8041755723328,1.6092945002637082,1.6115142089981473,False,True
382c1a0c-7e61-4f6f-9b37-89b22583410f,411,70955,iic,lrda,0,Other,1,False,3418.5,0,2,12.728481067254448,bipolar,100.0,0.5-70 Hz,60 Hz,10.0,0.1377119633756695,377.1412600266676,1.5910556365024342,1.603287181515801,False,True
382c1a0c-7e61-4f6f-9b37-89b22583410f,412,37894,gpd,gpd,1,GPD,1,True,12036.2,0,0,135.35896505568934,bipolar,100.0,0.5-70 Hz,60 Hz,10.0,0.137859678605533,361.14883722739455,1.5783767588957327,1.58523590140694,False,True
382c1a0c-7e61-4f6f-9b37-89b22583410f,413,88194,gpd,lpd,0,Seizure,0,False,10448.9,0,1,12.321534127795235,bipolar,100.0,0.5-70 Hz,60 Hz,10.0,0.13761778457747953,328.92223658702227,1.5562018304662146,1.572651621329285,False,True
382c1a0c-7e61-4f6f-9b37-89b22583410f,414,55248,iic,other,1,Other,1,True,7182.9,0,0,10.872539341789022,bipolar,100.0,0.5-70 Hz,60 Hz,10.0,0.1373456959893672,318.4379324301808,1.5462592842737832,1.5506381539781526,False,True
382c1a0c-7e61-4f6f-9b37-89b22583410f,415,86565,gpd,lrda,0,LRDA,0,True,6581.0,0,0,38.51888180604078,bipolar,100.0,0.5-70 Hz,60 Hz,10.0,0.1383152845137478,599.9999999999999,1.4520342667644897,1.5409532672958335,True,True
382c1a0c-7e61-4f6f-9b37-89b22583410f,416,89158,gpd,seizure,0,GPD,1,False,829.7,0,0,132.15041116033814,bipolar,100.0,0.5-70 Hz,60 Hz,10.0,0.14085471150831586,556.8153439911963,1.4859260086624595,1.4469834195070943,False,True
382c1a0c-7e61-4f6f-9b37-89b22583410f,417,86859,gpd,lrda,0,GPD,1,False,1395.7,0,1,84.98056610338226,bipolar,100.0,0.5-70 Hz,60 Hz,10.0,0.14187640217943415,465.6983095493012,1.5226914333156452,1.481041180209029,False,True
382c1a0c-7e61-4f6f-9b37-89b22583410f,418,53989,iic,lpd,0,Other,1,False,1743.6,0,0,140.91838473564286,bipolar,100.0,0.5-70 Hz,60 Hz,10.0,0.14200440639391204,464.75681688527965,1.5130667745155604,1.5174156767431304,False,True
382c1a0c-7e61-4f6f-9b37-89b22583410f,419,54303,gpd,gpd,1,GPD,1,True,1896.4,0,3,153.99579386528035,bipolar,100.0,0.5-70 Hz,60 Hz,10.0,0.1419256503104545,455.7279629380285,1.5046913661085015,1.50781738243905,False,True
382c1a0c-7e61-4f6f-9b37-89b22583410f,420,89061,gpd,gpd,1,GPD,1,True,548760.8,0,1,91.99724889159778,bipolar,100.0,0.5-70 Hz,60 Hz,10.0,0.1418238576778238,435.6229346018347,1.4953185262519821,1.499634368459687,False,True
382c1a0c-7e61-4f6f-9b37-89b22583410f,421,46782,gpd,gpd,1,GPD,1,True,7036.9,0,1,40.9366893492656,bipolar,100.0,0.5-70 Hz,60 Hz,10.0,0.14166865840690857,406.82254587702306,1.485114520361149,1.4904646146278901,False,True
382c1a0c-7e61-4f6f-9b37-89b22583410f,422,10876,spike,spike,1,Yes (spike present),1,True,208681.8,0,0,132.77004935520725,bipolar,100.0,0.5-70 Hz,60 Hz,10.0,0.1373763764457917,409.4941213380643,1.47081981056748,1.480291607951097,False,True
382c1a0c-7e61-4f6f-9b37-89b22583410f,423,89081,gpd,gpd,1,GPD,1,True,2364.8,0,1,16.651503808340802,bipolar,100.0,0.5-70 Hz,60 Hz,10.0,0.13645151932104682,375.32118685605866,1.4603002318917055,1.466164555186579,False,True
382c1a0c-7e61-4f6f-9b37-89b22583410f,424,22597,gpd,gpd,1,GRDA,0,False,40576.1,0,0,131.2152541027369,bipolar,100.0,0.5-70 Hz,60 Hz,10.0,0.1386832066926938,456.18774351716576,1.476648710958092,1.455844260577452,False,True
382c1a0c-7e61-4f6f-9b37-89b22583410f,425,85581,gpd,lrda,0,GPD,1,False,6114.7,0,0,67.28679290359995,bipolar,100.0,0.5-70 Hz,60 Hz,10.0,0.14171948290531938,364.633458969846,1.508678788627636,1.4721853163879688,False,True
382c1a0c-7e61-4f6f-9b37-89b22583410f,426,44141,iic,other,1,Other,1,True,4414.6,0,0,138.5338377462124,bipolar,100.0,0.5-70 Hz,60 Hz,10.0,0.14179249437901337,362.10195020407474,1.4992705078978577,1.5037252601252498,False,True
382c1a0c-7e61-4f6f-9b37-89b22583410f,427,49803,iic,seizure,0,Other,1,False,2690.8,0,2,68.26482423941857,bipolar,100.0,0.5-70 Hz,60 Hz,10.0,0.13806772825669034,309.19247605748393,1.4377268369700222,1.49487803465419,False,True
382c1a0c-7e61-4f6f-9b37-89b22583410f,428,53763,iic,gpd,0,GPD,0,True,151702.7,0,1,144.40438215479253,bipolar,100.0,0.5-70 Hz,60 Hz,10.0,0.1385680406491589,325.1297908041237,1.4393202018111884,1.4332989499913602,False,True
382c1a0c-7e61-4f6f-9b37-89b22583410f,429,85773,gpd,gpd,1,GPD,1,True,4266.6,0,0,158.53370351155428,bipolar,100.0,0.5-70 Hz,60 Hz,10.0,0.13841121389058236,310.97343183610184,1.4295739150115816,1.4352482533904933,False,True
382c1a0c-7e61-4f6f-9b37-89b22583410f,430,88155,iic,gpd,0,Other,1,False,2592.8,0,0,55.45319841587394,bipolar,100.0,0.5-70 Hz,60 Hz,10.0,0.13848145537367462,303.50203003528304,1.4189584527322727,1.425563370410387,False,True
382c1a0c-7e61-4f6f-9b37-89b22583410f,431,15600,spike,spike,1,No (no spike),0,False,55581.8,0,0,41.18825782716314,bipolar,100.0,0.5-70 Hz,60 Hz,10.0,0.13967062133108465,599.9999999999999,1.4004718321572587,1.4150923575770817,True,True
382c1a0c-7e61-4f6f-9b37-89b22583410f,432,41550,iic,seizure,0,Seizure,0,True,9744.9,0,1,9.925238854534896,bipolar,100.0,0.5-70 Hz,60 Hz,10.0,0.14093738642542925,592.5492642027721,1.3989790000550186,1.396299993288259,False,True
382c1a0c-7e61-4f6f-9b37-89b22583410f,433,11159,spike,spike,1,No (no spike),0,False,3878.7,0,2,10.759912277618907,bipolar,100.0,0.5-70 Hz,60 Hz,10.0,0.14158855464339487,559.1320141387835,1.4143496427772755,1.3947392020058866,False,True
382c1a0c-7e61-4f6f-9b37-89b22583410f,434,15491,spike,spike,1,Yes (spike present),1,True,3333.0,0,0,127.59879697247634,bipolar,100.0,0.5-70 Hz,60 Hz,10.0,0.14117509227190533,578.8174606238939,1.4009131229062342,1.4097992300116655,False,True
382c1a0c-7e61-4f6f-9b37-89b22583410f,435,12664,spike,spike,1,Yes (spike present),1,True,4236.4,0,0,14.61544783153771,bipolar,100.0,0.5-70 Hz,60 Hz,10.0,0.14042884767080777,589.2506777208832,1.3891626435461895,1.3967904056295815,False,True
382c1a0c-7e61-4f6f-9b37-89b22583410f,436,84820,gpd,gpd,1,GPD,1,True,8202.6,0,0,40.559772761848464,bipolar,100.0,0.5-70 Hz,60 Hz,10.0,0.1402117782169226,582.2214529100626,1.3807481784447473,1.385300535167915,False,True
382c1a0c-7e61-4f6f-9b37-89b22583410f,437,55557,gpd,gpd,1,GPD,1,True,1189.9,0,1,136.32499052835357,bipolar,100.0,0.5-70 Hz,60 Hz,10.0,0.13974218053248266,563.4947720481667,1.3726666124110993,1.3770744730184346,False,True
382c1a0c-7e61-4f6f-9b37-89b22583410f,438,14539,spike,spike,1,Yes (spike present),1,True,2394.1,0,2,74.83681363573041,bipolar,100.0,0.5-70 Hz,60 Hz,10.0,0.1386929308777014,567.0679836900579,1.366616804787229,1.3690435784913975,False,True
382c1a0c-7e61-4f6f-9b37-89b22583410f,439,86864,gpd,lrda,0,GPD,1,False,1510.5,0,1,46.01562646949548,bipolar,100.0,0.5-70 Hz,60 Hz,10.0,0.13920738077580425,539.4551548328661,1.371568306259725,1.362999247277247,False,True
382c1a0c-7e61-4f6f-9b37-89b22583410f,440,51200,gpd,lrda,0,LRDA,0,True,5376.3,0,0,42.67901916243814,bipolar,100.0,0.5-70 Hz,60 Hz,10.0,0.13892263522810788,560.6407395554245,1.3648716368522078,1.3679866868159127,False,True
382c1a0c-7e61-4f6f-9b37-89b22583410f,441,86830,gpd,gpd,1,GRDA,0,False,5843.9,0,0,98.97078936492593,bipolar,100.0,0.5-70 Hz,60 Hz,10.0,0.13912088676496281,580.8370277557108,1.3754237042002644,1.3613937891804542,False,True
382c1a0c-7e61-4f6f-9b37-89b22583410f,442,63365,iic,lpd,0,GRDA,0,False,3763.2,0,0,81.16765215278633,bipolar,100.0,0.5-70 Hz,60 Hz,10.0,0.14057569125691527,547.5222118394132,1.3792892450334495,1.3718151112815173,False,True
382c1a0c-7e61-4f6f-9b37-89b22583410f,443,14411,spike,spike,1,Yes (spike present),1,True,916.9,0,1,126.67725064017347,bipolar,100.0,0.5-70 Hz,60 Hz,10.0,0.13898583036025114,539.6408286596583,1.3752183415523642,1.3758669092486264,False,True
382c1a0c-7e61-4f6f-9b37-89b22583410f,444,60600,gpd,seizure,0,GPD,1,False,2400.6,0,2,48.81612524434508,bipolar,100.0,0.5-70 Hz,60 Hz,10.0,0.1394113770640984,508.4603231898919,1.379596549261084,1.3719117747326517,False,True
382c1a0c-7e61-4f6f-9b37-89b22583410f,445,63145,iic,grda,0,GRDA,0,True,2367.8,0,1,8.482013893246606,bipolar,100.0,0.5-70 Hz,60 Hz,10.0,0.14041823513077295,451.82868556255517,1.3868700374898721,1.376284987401121,False,True
382c1a0c-7e61-4f6f-9b37-89b22583410f,446,88515,gpd,grda,0,Seizure,0,False,877.0,0,0,86.00808281167652,bipolar,100.0,0.5-70 Hz,60 Hz,10.0,0.14025491977952304,469.0522964234934,1.3805675173427077,1.3835787901092735,False,True
382c1a0c-7e61-4f6f-9b37-89b22583410f,447,14655,spike,spike,1,Yes (spike present),1,True,940.5,0,0,106.66757286528168,bipolar,100.0,0.5-70 Hz,60 Hz,10.0,0.13735099629719516,455.7445415561469,1.3759624781929414,1.377289936777407,False,True
382c1a0c-7e61-4f6f-9b37-89b22583410f,448,2001,spike,spike,0,No (no spike),0,True,5003.1,0,1,133.38533715975876,bipolar,100.0,0.5-70 Hz,60 Hz,10.0,0.13021113270899803,452.7158219223175,1.3635227120230407,1.3728577189311506,False,True
382c1a0c-7e61-4f6f-9b37-89b22583410f,449,23712,gpd,seizure,0,LPD,0,False,4392.9,0,0,91.65742354569348,bipolar,100.0,0.5-70 Hz,60 Hz,10.0,0.1303358186085899,460.772372322546,1.3576099263246761,1.3604442758239186,False,True
382c1a0c-7e61-4f6f-9b37-89b22583410f,450,33532,iic,seizure,0,LPD,0,False,3773.6,0,0,139.6026406908372,bipolar,100.0,0.5-70 Hz,60 Hz,10.0,0.13446343152932738,389.49209237026264,1.3651877763657616,1.3546107392541091,False,True
382c1a0c-7e61-4f6f-9b37-89b22583410f,451,87700,gpd,grda,0,GPD,1,False,1670.1,0,0,104.3805778842436,bipolar,100.0,0.5-70 Hz,60 Hz,10.0,0.13448664894389428,372.57615757546307,1.36776640847058,1.3623298978534746,False,True
382c1a0c-7e61-4f6f-9b37-89b22583410f,452,85513,gpd,grda,0,GRDA,0,True,10237.3,0,0,69.4535301918827,bipolar,100.0,0.5-70 Hz,60 Hz,10.0,0.1344395744418403,382.81978505636374,1.3628790103533237,1.3648818040139727,False,True
382c1a0c-7e61-4f6f-9b37-89b22583410f,453,88037,gpd,gpd,1,GPD,1,True,2749.5,0,1,142.14774701264062,bipolar,100.0,0.5-70 Hz,60 Hz,10.0,0.13381688506139733,386.8140459186222,1.3548740962058687,1.3600843698561278,False,True
382c1a0c-7e61-4f6f-9b37-89b22583410f,454,51634,iic,lpd,0,LRDA,0,False,4708.0,0,0,11.816121630383932,bipolar,100.0,0.5-70 Hz,60 Hz,10.0,0.1361283162515209,335.1402307616749,1.359463367973031,1.3521672704334111,False,True
382c1a0c-7e61-4f6f-9b37-89b22583410f,455,85124,gpd,lrda,0,LPD,0,False,47244.4,0,2,97.221554897929,bipolar,100.0,0.5-70 Hz,60 Hz,10.0,0.1361076585166181,338.0099529101393,1.3550295515307114,1.3568006456336983,False,True
382c1a0c-7e61-4f6f-9b37-89b22583410f,456,46573,gpd,seizure,0,GPD,1,False,5124.1,0,1,70.95623791316908,bipolar,100.0,0.5-70 Hz,60 Hz,10.0,0.13824634546637604,337.0957218414642,1.3490965031872544,1.352474614622352,False,True
382c1a0c-7e61-4f6f-9b37-89b22583410f,457,87122,gpd,seizure,0,GPD,1,False,3801.5,0,2,72.8791385194737,bipolar,100.0,0.5-70 Hz,60 Hz,10.0,0.1386969402389478,327.32224852802574,1.3495149802809492,1.3466055876004144,False,True
382c1a0c-7e61-4f6f-9b37-89b22583410f,458,54608,gpd,lpd,0,GPD,1,False,851.1,0,0,164.23250665581176,bipolar,100.0,0.5-70 Hz,60 Hz,10.0,0.13866872871805025,321.85356347535577,1.3438083596553605,1.346959888605936,False,True
382c1a0c-7e61-4f6f-9b37-89b22583410f,459,84740,gpd,seizure,0,Other,0,False,1396.9,0,0,103.91686115650745,bipolar,100.0,0.5-70 Hz,60 Hz,10.0,0.1385180483262034,327.73243558038513,1.3410600389470357,1.3412347173398782,False,True
382c1a0c-7e61-4f6f-9b37-89b22583410f,460,50605,iic,other,1,Other,1,True,5443.2,0,0,44.39764734612635,bipolar,100.0,0.5-70 Hz,60 Hz,10.0,0.13863592354480142,334.7407993026741,1.3332861356447543,1.3386068298990499,False,True
382c1a0c-7e61-4f6f-9b37-89b22583410f,461,15935,spike,spike,0,No (no spike),0,True,61302.6,0,0,122.6175359730066,bipolar,100.0,0.5-70 Hz,60 Hz,10.0,0.13336051405004418,328.0865508875229,1.323774533789168,1.330847668519671,False,True
382c1a0c-7e61-4f6f-9b37-89b22583410f,462,86382,gpd,seizure,0,Seizure,0,True,1529.7,0,0,72.09793783112345,bipolar,100.0,0.5-70 Hz,60 Hz,10.0,0.1333384902878117,329.1713792754552,1.3202063351416735,1.3213557627855947,False,True
382c1a0c-7e61-4f6f-9b37-89b22583410f,463,68335,iic,lpd,0,GRDA,0,False,1636.2,0,1,76.1822537303836,bipolar,100.0,0.5-70 Hz,60 Hz,10.0,0.12566407872455732,599.9999999999999,1.3044492120134672,1.3178292897430377,True,True
382c1a0c-7e61-4f6f-9b37-89b22583410f,464,24709,grda,seizure,0,Seizure,0,True,1672.4,0,0,69.05082503744262,bipolar,100.0,0.5-70 Hz,60 Hz,10.0,0.12538786812128677,592.0479213544055,1.2998971682199807,1.3017609169388686,False,True
382c1a0c-7e61-4f6f-9b37-89b22583410f,465,34589,gpd,seizure,0,Seizure,0,True,1559.4,0,0,44.00076110271371,bipolar,100.0,0.5-70 Hz,60 Hz,10.0,0.12491039912554952,585.4395347519421,1.2936472226669322,1.297432660543766,False,True
382c1a0c-7e61-4f6f-9b37-89b22583410f,466,85649,gpd,gpd,1,GPD,1,True,3995.4,0,0,141.74116515032367,bipolar,100.0,0.5-70 Hz,60 Hz,10.0,0.12383978406643759,582.9228911773547,1.2817689460663169,1.291316697905569,False,True
382c1a0c-7e61-4f6f-9b37-89b22583410f,467,86568,gpd,grda,0,LPD,0,False,3704.3,0,0,11.666766107948442,bipolar,100.0,0.5-70 Hz,60 Hz,10.0,0.12378804137647748,566.6688509073531,1.2756735143810884,1.2795009674287312,False,True
382c1a0c-7e61-4f6f-9b37-89b22583410f,468,42119,grda,other,0,GRDA,1,False,3846.3,0,1,73.17923680336511,bipolar,100.0,0.5-70 Hz,60 Hz,10.0,0.12382569987228698,565.3811976218095,1.2768866538895904,1.2735696891962087,False,True
382c1a0c-7e61-4f6f-9b37-89b22583410f,469,6706,spike,spike,1,Yes (spike present),1,True,1250.2,0,0,8.720051084014818,bipolar,100.0,0.5-70 Hz,60 Hz,10.0,0.12357829802084686,560.4186284801476,1.2796753439599775,1.2747729363147509,False,True
382c1a0c-7e61-4f6f-9b37-89b22583410f,470,46862,iic,other,1,Other,1,True,1762.1,0,0,57.23161540580644,bipolar,100.0,0.5-70 Hz,60 Hz,10.0,0.12400434541208433,558.3516343237739,1.277132551584927,1.2775863618710654,False,True
382c1a0c-7e61-4f6f-9b37-89b22583410f,471,53788,gpd,gpd,1,GPD,1,True,6971.3,0,1,138.38118558647267,bipolar,100.0,0.5-70 Hz,60 Hz,10.0,0.12379242426099452,548.7044559705698,1.2666676234803687,1.2750280284986433,False,True
382c1a0c-7e61-4f6f-9b37-89b22583410f,472,69733,gpd,lrda,0,Seizure,0,False,1495.8,0,1,138.87796831582588,bipolar,100.0,0.5-70 Hz,60 Hz,10.0,0.12356210360740277,525.1566178893016,1.2610550407907892,1.2646230239604797,False,True
382c1a0c-7e61-4f6f-9b37-89b22583410f,473,53316,grda,seizure,0,GRDA,1,False,1164.5,0,1,70.7321016985228,bipolar,100.0,0.5-70 Hz,60 Hz,10.0,0.1243033422840123,505.43661533226134,1.2669984559828684,1.2590583482809,False,True
382c1a0c-7e61-4f6f-9b37-89b22583410f,474,51681,grda,lrda,0,LPD,0,False,2639.2,0,0,58.022044019670474,bipolar,100.0,0.5-70 Hz,60 Hz,10.0,0.1242933592810726,516.6772091119165,1.2620742240854033,1.2646680928750667,False,True
382c1a0c-7e61-4f6f-9b37-89b22583410f,475,85214,grda,seizure,0,LRDA,0,False,1281.8,0,0,18.99467736993695,bipolar,100.0,0.5-70 Hz,60 Hz,10.0,0.12395943106452628,523.4257817836378,1.2574659853918966,1.2599750238699585,False,True
382c1a0c-7e61-4f6f-9b37-89b22583410f,476,16601,spike,spike,1,No (no spike),0,False,1099.6,0,2,36.39504908559343,bipolar,100.0,0.5-70 Hz,60 Hz,10.0,0.12386727347411108,528.8869379512704,1.2490273546089332,1.2554385824820407,False,True
382c1a0c-7e61-4f6f-9b37-89b22583410f,477,59629,grda,other,0,GRDA,1,False,238946.0,0,0,43.44935371842171,bipolar,100.0,0.5-70 Hz,60 Hz,10.0,0.12421331669790481,524.3414709182448,1.2502583595083614,1.2470907685759822,False,True
382c1a0c-7e61-4f6f-9b37-89b22583410f,478,15224,spike,spike,1,Yes (spike present),1,True,394559.4,0,0,12.468804912978184,bipolar,100.0,0.5-70 Hz,60 Hz,10.0,0.12391320643138526,524.6459250248407,1.2519921431385637,1.2483422279949938,False,True
382c1a0c-7e61-4f6f-9b37-89b22583410f,479,88551,gpd,gpd,1,LPD,0,False,45959.0,0,1,136.73137377322516,bipolar,100.0,0.5-70 Hz,60 Hz,10.0,0.12510155266085488,526.1247239741931,1.2682452888569276,1.2501144192541487,False,True
382c1a0c-7e61-4f6f-9b37-89b22583410f,480,22728,lpd,lrda,0,LRDA,0,True,11803.9,0,0,150.18292798594678,bipolar,100.0,0.5-70 Hz,60 Hz,10.0,0.125387166788972,521.5867044986888,1.2721062504743639,1.266352299676647,False,True
382c1a0c-7e61-4f6f-9b37-89b22583410f,481,6752,spike,spike,1,Yes (spike present),1,True,6856.2,0,0,9.667907485987078,bipolar,100.0,0.5-70 Hz,60 Hz,10.0,0.12443293938215721,512.9286365912653,1.270747247643296,1.2701901434186054,False,True
382c1a0c-7e61-4f6f-9b37-89b22583410f,482,40936,grda,other,0,GRDA,1,False,2858.5,0,0,77.00164247612668,bipolar,100.0,0.5-70 Hz,60 Hz,10.0,0.12455144509714539,506.2518854802895,1.2720799967752092,1.2688346761770954,False,True
382c1a0c-7e61-4f6f-9b37-89b22583410f,483,88615,grda,seizure,0,GRDA,1,False,5510.9,0,1,148.21576681941508,bipolar,100.0,0.5-70 Hz,60 Hz,10.0,0.12650334135625035,427.1196888425844,1.2809253447277023,1.2702429486078701,False,True
382c1a0c-7e61-4f6f-9b37-89b22583410f,484,88189,grda,lrda,0,LRDA,0,True,3731.1,0,1,57.05991854108984,bipolar,100.0,0.5-70 Hz,60 Hz,10.0,0.12613314245551194,451.90550120807825,1.2755850026871443,1.278653857059155,False,True
382c1a0c-7e61-4f6f-9b37-89b22583410f,485,15221,spike,spike,0,No (no spike),0,True,3973.4,0,0,87.5341180643463,bipolar,100.0,0.5-70 Hz,60 Hz,10.0,0.12557937814172337,460.1598526976752,1.2749336100908972,1.2735728437212894,False,True
382c1a0c-7e61-4f6f-9b37-89b22583410f,486,86277,grda,lpd,0,GRDA,1,False,1534.9,0,0,8.01180995728849,bipolar,100.0,0.5-70 Hz,60 Hz,10.0,0.12690729317690852,359.87553427095486,1.2843334163039102,1.2729514243102227,False,True
382c1a0c-7e61-4f6f-9b37-89b22583410f,487,87085,grda,seizure,0,Other,0,False,5483.6,0,1,92.40428674236884,bipolar,100.0,0.5-70 Hz,60 Hz,10.0,0.12666585252945062,385.2182781448218,1.2789719190659152,1.2820700268990697,False,True
382c1a0c-7e61-4f6f-9b37-89b22583410f,488,86095,grda,other,0,GRDA,1,False,51679.8,0,1,99.48768530184525,bipolar,100.0,0.5-70 Hz,60 Hz,10.0,0.1293955309612818,599.9999999999999,1.4198756811778122,1.276926109509641,True,True
382c1a0c-7e61-4f6f-9b37-89b22583410f,489,11851,spike,spike,0,No (no spike),0,True,55053.0,0,0,48.29470297516187,bipolar,100.0,0.5-70 Hz,60 Hz,10.0,0.1283696854965694,587.2296170815812,1.4230067769531187,1.4166668710880135,False,True
382c1a0c-7e61-4f6f-9b37-89b22583410f,490,14620,spike,spike,0,Yes (spike present),1,False,2649.3,0,0,85.16885337041978,bipolar,100.0,0.5-70 Hz,60 Hz,10.0,0.13027937833836728,597.8817729883876,1.414110881788576,1.4194178604801824,False,True
382c1a0c-7e61-4f6f-9b37-89b22583410f,491,16876,spike,spike,0,No (no spike),0,True,4131.3,0,0,43.649159840121825,bipolar,100.0,0.5-70 Hz,60 Hz,10.0,0.12847402804369512,595.3135234863681,1.4113574750574744,1.411535711494484,False,True
382c1a0c-7e61-4f6f-9b37-89b22583410f,492,5041,spike,spike,0,Yes (spike present),1,False,13145.8,0,1,113.39759236102925,bipolar,100.0,0.5-70 Hz,60 Hz,10.0,0.130660777658839,593.7542192458599,1.4114835627759623,1.4090944043631826,False,True
382c1a0c-7e61-4f6f-9b37-89b22583410f,493,86215,gpd,grda,0,Seizure,0,False,2243.8,0,0,9.082788862229515,bipolar,100.0,0.5-70 Hz,60 Hz,10.0,0.13037165008141471,587.8025856321071,1.4054768676316653,1.4093372962754622,False,True
382c1a0c-7e61-4f6f-9b37-89b22583410f,494,45938,iic,lpd,0,GRDA,0,False,11727.8,0,4,67.10972910202119,bipolar,100.0,0.5-70 Hz,60 Hz,10.0,0.1310420408172842,584.4886952438028,1.4022120545110353,1.403300293403295,False,True
382c1a0c-7e61-4f6f-9b37-89b22583410f,495,37959,iic,grda,0,Other,1,False,69243.5,0,0,5.100290722499624,bipolar,100.0,0.5-70 Hz,60 Hz,10.0,0.13045248241250473,583.9323586828019,1.402946038912461,1.400164335254374,False,True
382c1a0c-7e61-4f6f-9b37-89b22583410f,496,88496,gpd,lpd,0,GPD,1,False,1316.5,0,1,97.27696346855271,bipolar,100.0,0.5-70 Hz,60 Hz,10.0,0.13124588170282298,585.312162095681,1.4091589314257948,1.4009096213317092,False,True
382c1a0c-7e61-4f6f-9b37-89b22583410f,497,87273,gpd,grda,0,Seizure,0,False,4000.0,0,0,54.2738486269412,bipolar,100.0,0.5-70 Hz,60 Hz,10.0,0.1310221795426021,589.1888014084911,1.403602709052951,1.4071162573238376,False,True
382c1a0c-7e61-4f6f-9b37-89b22583410f,498,55246,iic,other,1,Other,1,True,2808.3,0,1,150.57230395359795,bipolar,100.0,0.5-70 Hz,60 Hz,10.0,0.13060740502356893,584.029929340734,1.4033240978589152,1.4016253981387754,False,True
382c1a0c-7e61-4f6f-9b37-89b22583410f,499,49791,lpd,lpd,1,LPD,1,True,1465.9,0,1,156.2906337610265,bipolar,100.0,0.5-70 Hz,60 Hz,10.0,0.130261018504025,581.7355818296055,1.4009354216518317,1.401376304218458,False,True
