rater_id,canonical_name,groups,expertise_level,t_mean,t_sd,ell_mean,ell_sd,n_labels,pos_rate
0,Aaron F. Struck,"[""Bonobo"", ""profiler_iiic"", ""sparcnet50K"", ""iiic_crowdsourcing:kong2025""]",expert,0.29764861449561786,0.010687048271028843,0.6606925739538362,0.01484025305328014,17384,0.11010124252185918
6,Aline Herlopian,"[""Super8"", ""sparcnet50K""]",expert,0.3632944202631272,0.010332986356534415,0.6111018977714736,0.013664141718427326,16831,0.12821579228803992
10,Andres Rodriguez,"[""sparcnet50K"", ""iiic_crowdsourcing:kong2025""]",expert,-0.11230576180255986,0.02938247507584936,0.35325886961752995,0.03338883916911845,3324,0.1125150421179302
16,Arcot Jayagopal Lakshman Narain,"[""sparcnet50K""]",expert,0.30515249226129426,0.01693109556658611,0.8592143348617647,0.032446935549575825,6259,0.09761942802364595
20,Brian Appavu,"[""sparcnet50K""]",expert,-0.054697675243878786,0.017981806925611365,0.39156270666988363,0.01946938674150607,9800,0.08908163265306122
26,Christa Swisher,"[""sparcnet50K""]",expert,0.18074701552911582,0.023124285980528594,0.6021436461450458,0.03407304385005948,3804,0.13117770767613038
38,Deepti Zutshi,"[""sparcnet50K""]",expert,0.4181386242296658,0.054952328284288525,0.7617704054701636,0.0958974951065945,518,0.12548262548262548
46,Emily Gilmore,"[""sparcnet50K""]",expert,-0.24392425028123715,0.04132955257063584,0.3583437146785596,0.042135033043767756,2266,0.061341571050308914
47,Emily Johnson,"[""sparcnet50K""]",expert,0.2897890268814689,0.01300556135249168,0.7746357317970667,0.023316002226811496,9864,0.1275344687753447
49,Eric S. Rosenthal,"[""sparcnet50K""]",expert,0.30334150802001186,0.025414542871463965,0.41285265161378304,0.028567501771456335,2712,0.18215339233038347
55,Fabio A. Nascimento,"[""Bonobo"", ""iiic_crowdsourcing:kong2025""]",expert,0.6146706670144115,0.042937285044451934,0.48290791611686873,0.05222015672951894,1036,0.17084942084942084
60,Gamal Osman,"[""Bonobo"", ""sparcnet50K""]",expert,-0.30249048477818924,0.020731311621451063,0.41263854710669734,0.023932450426493546,8844,0.06524197195838986
63,Gireesh Elakkat,"[""sparcnet50K""]",expert,-0.13472851617196688,0.12271810906718705,0.2933356796170982,0.1272742963499234,198,0.09090909090909091
66,Hiba A. Haider,"[""Bonobo"", ""sparcnet50K""]",expert,0.515939592946044,0.015372575635272083,0.7338635345029837,0.025380133868042477,5818,0.18288071502234446
67,Holmes Manisha,"[""sparcnet50K""]",expert,-0.2378871232534866,0.053407191659177754,0.2658563894237251,0.04981462509707262,1372,0.0641399416909621
70,Ioannis Karakis,"[""Super8"", ""sparcnet50K""]",expert,0.6793790666883008,0.008391673340337951,0.8144292029203263,0.013442859157081427,16531,0.16919726574314922
72,Jay Pathmanathan,"[""sparcnet50K""]",expert,0.12636319632098264,0.047424252682362056,0.5741026379850734,0.06447649427536192,1001,0.0989010989010989
73,Jenn Kim,"[""New28"", ""sparcnet50K""]",experienced,0.4027478197055964,0.017583657892329435,0.561886811368048,0.02421261549203012,5452,0.171496698459281
76,Ji Yeoun Yoo,"[""Bonobo"", ""sparcnet50K""]",expert,-0.029551542448108693,0.0433023729727722,0.7508525831854551,0.06903659948125959,1474,0.05223880597014925
78,Jin Jing,"[""New28"", ""sparcnet50K"", ""iiic_crowdsourcing:kong2025""]",experienced,0.33796651242227815,0.014516026190056,0.77286426408951,0.021221796577540426,10813,0.0808286322019791
79,Jonathan J. Halford,"[""Super8"", ""sparcnet50K""]",expert,0.5563825200926096,0.01055919496094348,0.5712415567586394,0.014215511852663511,13143,0.1804002130411626
80,Jong Woo Lee,"[""sparcnet50K"", ""iiic_crowdsourcing:kong2025""]",expert,0.137823141627122,0.026908715040276848,0.48113773249331254,0.034606086623357644,3066,0.12752772341813437
97,M. Brandon Westover,"[""Super8"", ""profiler_iiic"", ""sparcnet50K"", ""iiic_crowdsourcing:kong2025""]",expert,0.4021613423395864,0.008542636572311212,0.8378399220506783,0.013939459989848775,23529,0.11283947469080709
98,Mackenzie C. Cervenka,"[""sparcnet50K""]",expert,0.07484209230241079,0.028167502021328478,0.397037258283496,0.03137496717860289,3394,0.09752504419563936
100,Marcus Ng,"[""Super8"", ""sparcnet50K""]",expert,0.313350460153799,0.011508128636949945,0.8875324004048853,0.021110662227551792,12965,0.1061318935595835
109,Mo Shafi,"[""New28"", ""sparcnet50K""]",expert,0.0326111234697816,0.10087235806791149,0.7143089931216867,0.14597171032917605,340,0.04411764705882353
110,Mohammad Tabaeizadeh F.,"[""sparcnet50K""]",expert,0.08751007271605064,0.03088537690919776,0.4970619292381865,0.031166850184191432,2663,0.08374014269620729
112,Monica Dhakar,"[""sparcnet50K""]",expert,-0.05044795466492351,0.02111462609165348,0.38909598102751297,0.02395114587397233,6484,0.10579888957433684
115,Nicolas Gaspard,"[""sparcnet50K""]",expert,0.10691077857327393,0.025344110688389536,0.4131877413479459,0.03098193341394032,3535,0.14794908062234796
120,Olga Taraschenko,"[""Bonobo"", ""sparcnet50K""]",expert,-0.10831497932800437,0.0240257914128241,0.3182938897907079,0.023063738874997127,6256,0.07352941176470588
125,Peter Kaplan,"[""New28"", ""sparcnet50K""]",expert,-0.1673090760217862,0.022998846764474536,0.5653833773087868,0.030075114503457488,6781,0.05412181094233889
175,Rani Sarkis,"[""New28"", ""sparcnet50K""]",expert,0.39800357174053486,0.013606190063796113,0.803966357104615,0.023681339146965002,8938,0.12967106735287537
180,Sahar Zafar,"[""New28"", ""profiler_iiic"", ""sparcnet50K""]",expert,-0.0459884885353485,0.020070735255118786,0.49209804448185657,0.02252610138424798,7725,0.07521035598705501
185,Sarah Schmitt,"[""Bonobo"", ""sparcnet50K""]",expert,0.4839921930449472,0.015706219937666018,0.7099614822768905,0.024807162505668896,5950,0.16974789915966387
192,Sue Herman,"[""sparcnet50K""]",expert,0.3626414209725309,0.030649546241443375,0.9196877297158955,0.06495126604805479,1333,0.13578394598649662
204,Zubeda Sheikh,"[""Bonobo"", ""sparcnet50K""]",expert,0.2204581437455638,0.019088218428921253,0.5901727520145748,0.025861438362960305,6259,0.0979389678862438
10007884,centaur_7884,"[""Centaur"", ""iiic_crowdsourcing:kong2025""]",novice,-0.9312209393849766,0.22088181864851608,-0.6358964791203394,0.10327484812187795,185,0.08108108108108109
10043096,centaur_43096,"[""Centaur"", ""iiic_crowdsourcing:kong2025""]",novice,-0.907271017338555,0.13723223839324222,-0.5605529063933257,0.06930867957536697,428,0.08411214953271028
10044529,centaur_44529,"[""Centaur"", ""iiic_crowdsourcing:kong2025""]",borderline,0.6615415400240342,0.026216068444510774,0.2762389718575788,0.02967841739978938,2842,0.22484166080225193
10046967,centaur_46967,"[""Centaur"", ""iiic_crowdsourcing:kong2025""]",expert,-0.01020638163705305,0.14258050558412158,-0.6463510360588967,0.09409356073899039,330,0.21818181818181817
10065588,centaur_65588,"[""Centaur"", ""iiic_crowdsourcing:kong2025""]",unknown,0.5481228980391872,0.011945713208698269,0.6467360272884836,0.017278871567264934,11673,0.1654244838516234
10065621,centaur_65621,"[""Centaur"", ""iiic_crowdsourcing:kong2025""]",unknown,0.6072838274632577,0.11239178677120999,0.5674703222004429,0.14410675896473227,140,0.14285714285714285
10069061,centaur_69061,"[""Centaur"", ""iiic_crowdsourcing:kong2025""]",borderline,0.3041731470235789,0.04391481502351689,0.06412479994637821,0.03792209421406746,1682,0.1367419738406659
10075969,centaur_75969,"[""Centaur""]",novice,-0.7621423511539238,0.10832338543931774,-0.1119518361558526,0.0685155649191526,523,0.03441682600382409
10112839,centaur_112839,"[""Centaur"", ""iiic_crowdsourcing:kong2025""]",expert,-0.0611456243308259,0.1397647660869368,-0.41820976593177245,0.0965126711493853,257,0.1556420233463035
10123180,centaur_123180,"[""Centaur""]",unknown,0.4079434952630915,0.032305469947569,0.8040161489091603,0.05662717539621399,1248,0.13381410256410256
10123559,centaur_123559,"[""Centaur"", ""iiic_crowdsourcing:kong2025""]",novice,0.12834540503334255,0.03335331724519235,-0.5540245431566816,0.02544465022239735,4907,0.2268188302425107
10127225,centaur_127225,"[""Centaur"", ""iiic_crowdsourcing:kong2025""]",unknown,-0.7963839711435596,0.24316657666614308,-1.0038675751798047,0.11753657575909202,201,0.1691542288557214
10131059,centaur_131059,"[""Centaur"", ""iiic_crowdsourcing:kong2025""]",unknown,0.6355451896935711,0.028017232455652862,0.9034559318345162,0.05082020260361894,1844,0.15184381778741865
10132535,centaur_132535,"[""Centaur""]",novice,-0.3766501980867366,0.17696421411407218,-0.38934415480748114,0.12061016386336414,155,0.12903225806451613
10139516,centaur_139516,"[""Centaur"", ""iiic_crowdsourcing:kong2025""]",unknown,-0.3310986687300991,0.19967566287669938,-0.4615554220632232,0.11744867428823938,153,0.1111111111111111
10147908,centaur_147908,"[""Centaur"", ""iiic_crowdsourcing:kong2025""]",unknown,0.03137651310042855,0.20388035647293645,-0.8451342671326095,0.14530438279012262,186,0.24193548387096775
10154419,centaur_154419,"[""Centaur""]",novice,-0.1265114283554272,0.10671760481458735,-0.5083928890457488,0.07554889804624029,468,0.1794871794871795
10159195,centaur_159195,"[""Centaur"", ""iiic_crowdsourcing:kong2025""]",novice,0.5068825440754174,0.23561676136834003,-0.9705885349078998,0.17115328496266333,189,0.32275132275132273
10187180,centaur_187180,"[""Centaur""]",novice,0.04374921969542658,0.03977254430270159,-0.29331446197075256,0.03124908745879485,2580,0.16782945736434107
10191971,centaur_191971,"[""Centaur""]",borderline,-0.6175437460639014,0.09813688105908229,-0.2075029589607793,0.06287807040407578,561,0.06417112299465241
10195961,centaur_195961,"[""Centaur"", ""iiic_crowdsourcing:kong2025""]",novice,-0.43346990959100185,0.11752678031897792,-0.8455035416463077,0.06288421816340768,693,0.18181818181818182
10202841,centaur_202841,"[""Centaur"", ""iiic_crowdsourcing:kong2025""]",unknown,0.2565924827967291,0.06783724115959668,-0.43407519196087063,0.05054099400485312,1087,0.21527138914443422
10226864,centaur_226864,"[""Centaur"", ""iiic_crowdsourcing:kong2025""]",unknown,-0.8503895548404562,0.12969626317605312,-0.464035024524198,0.06570083500606891,482,0.06639004149377593
10235741,centaur_235741,"[""Centaur"", ""iiic_crowdsourcing:kong2025""]",unknown,-0.20109358960771784,0.14755836096612293,-0.6431898040497085,0.0902544213780992,322,0.18322981366459629
10242033,centaur_242033,"[""Centaur"", ""iiic_crowdsourcing:kong2025""]",unknown,-0.5926543120376446,0.2079613033270623,-0.908309147702761,0.10310934983526628,247,0.1700404858299595
10242375,centaur_242375,"[""Centaur"", ""iiic_crowdsourcing:kong2025""]",unknown,-0.9237929198851634,0.25943981367188884,-0.8251414680258808,0.11760657661210652,156,0.12179487179487179
10260963,centaur_260963,"[""Centaur"", ""iiic_crowdsourcing:kong2025""]",unknown,-1.314664851175434,0.31801570244466076,-0.6077319305434248,0.14106621407321288,102,0.049019607843137254
10262204,centaur_262204,"[""Centaur"", ""iiic_crowdsourcing:kong2025""]",novice,-0.9938272937826124,0.13212591928651635,-0.7354111559525285,0.060723106433951894,558,0.1039426523297491
10268686,centaur_268686,"[""Centaur""]",unknown,0.18389767196529902,0.11804942180242287,-0.06442188700797423,0.1149231135651666,200,0.175
10268689,centaur_268689,"[""Centaur""]",unknown,0.3605985057367785,0.07584113699025989,0.21306763194554762,0.08570142144907907,381,0.14698162729658792
10273445,centaur_273445,"[""Centaur""]",unknown,0.29448636483712376,0.12700813461264146,0.37595189426400266,0.16220364250109526,116,0.14655172413793102
10274523,centaur_274523,"[""Centaur"", ""iiic_crowdsourcing:kong2025""]",unknown,-0.5677614818105181,0.16322530444190603,-0.6797713309793958,0.0848178500295351,307,0.13029315960912052
10277850,centaur_277850,"[""Centaur""]",unknown,-0.6749258636900025,0.1790761826180024,-0.5472286618086734,0.10116180288738467,206,0.10679611650485436
10280197,centaur_280197,"[""Centaur"", ""iiic_crowdsourcing:kong2025""]",unknown,-0.7210813525753463,0.16654783039601478,-0.5282748480558094,0.0899109082837243,254,0.0984251968503937
10282558,centaur_282558,"[""Centaur"", ""iiic_crowdsourcing:kong2025""]",borderline,0.5590782735985741,0.01188047181855567,1.1590082172313312,0.030252566718250332,6313,0.15697766513543482
10292444,centaur_292444,"[""Centaur""]",unknown,-0.16243507625555287,0.16530250519469514,-0.7517159597315514,0.10938661137714767,266,0.21052631578947367
10295478,centaur_295478,"[""Centaur""]",unknown,-0.28583709412724395,0.18562242440061424,-0.23811945164864032,0.13635923690082358,125,0.12
10295624,centaur_295624,"[""Centaur""]",unknown,0.18829987749718807,0.15103741081717567,-0.5337270522226009,0.12534474738625595,213,0.2300469483568075
10296241,centaur_296241,"[""Centaur"", ""iiic_crowdsourcing:kong2025""]",unknown,0.18929574486854478,0.0539540337807476,-0.3412629478744902,0.04353945912477195,1437,0.19972164231036882
10299374,centaur_299374,"[""Centaur""]",novice,0.4848354059041779,0.018375724709116508,1.063388302983821,0.04249657259176873,2945,0.13752122241086587
10299866,centaur_299866,"[""Centaur"", ""iiic_crowdsourcing:kong2025""]",unknown,-0.8224290411383776,0.15962847585291698,-0.9749283613803107,0.07190028935617135,488,0.1557377049180328
10316516,centaur_316516,"[""Centaur"", ""iiic_crowdsourcing:kong2025""]",expert,-0.8546060941956094,0.32000751739030586,-1.2664333947454072,0.15174668760605114,171,0.22807017543859648
10323079,centaur_323079,"[""Centaur""]",unknown,-0.06793443028788052,0.17140190662342633,-0.413799881844885,0.12448471771008145,158,0.15822784810126583
10335323,centaur_335323,"[""Centaur""]",unknown,-0.22520461412018614,0.21285780489631434,-0.4626927353899938,0.14831899460100925,109,0.14678899082568808
10343797,centaur_343797,"[""Centaur""]",unknown,-0.03782417849862316,0.1596803729230425,-0.3855099598484311,0.11408344255718268,183,0.15300546448087432
10357322,centaur_357322,"[""Centaur""]",unknown,-0.4267449218644409,0.19266724041834885,-0.6445263811722564,0.11674989613940083,180,0.15
10358060,centaur_358060,"[""Centaur""]",expert,0.44114780953420757,0.01741888102034429,0.6933510769191182,0.02857668583803936,4443,0.14674769300022508
10363653,centaur_363653,"[""Centaur""]",unknown,0.05630927388811248,0.08287087904529952,0.09468216038988712,0.08076354704236184,409,0.13202933985330073
10363949,centaur_363949,"[""Centaur""]",unknown,0.5155451233668465,0.05093722765632046,0.2858096407473535,0.06691454561454657,661,0.2118003025718608
10364505,centaur_364505,"[""Centaur""]",novice,0.29701723401168395,0.15442398884873784,-0.3028424522708374,0.13867737457690688,145,0.2
10381562,centaur_381562,"[""Centaur""]",unknown,0.6492759854223138,0.05583242050723544,0.4615041397585096,0.08496208404899841,420,0.20952380952380953
10382225,centaur_382225,"[""Centaur""]",novice,0.4169767586153622,0.12405652441430969,-0.08024326867441084,0.12909499697408763,178,0.23595505617977527
10383439,centaur_383439,"[""Centaur""]",unknown,-0.8272548348083572,0.19695485398653603,-0.20692250152638833,0.11981506632330065,159,0.0440251572327044
10388028,centaur_388028,"[""Centaur""]",novice,0.11502772312819604,0.04971616301722256,0.150153265161392,0.04995607842767465,1077,0.12534818941504178
10393526,centaur_393526,"[""Centaur""]",unknown,-0.27179754718927085,0.13579920725160585,0.1161424242510177,0.11282265652329254,198,0.06060606060606061
10395045,centaur_395045,"[""Centaur""]",unknown,0.7838555924275583,0.06244814583690445,0.45114165709303544,0.10118151243655993,331,0.25075528700906347
10406335,centaur_406335,"[""Centaur""]",novice,0.05543483168612298,0.19198014434899632,-0.4232742381744587,0.14791803253029695,124,0.1935483870967742
10410661,centaur_410661,"[""Centaur""]",novice,0.11869093294463587,0.13370734601522405,-0.25736448466706296,0.11257806915166592,203,0.17733990147783252
10421122,centaur_421122,"[""Centaur""]",borderline,0.5605172497708232,0.01279370097569999,1.204734823112827,0.03382866637289212,4997,0.15329197518511106
10427272,centaur_427272,"[""Centaur""]",novice,-0.5191905621589359,0.1586723958521458,-0.5349477340301718,0.09514765821517693,247,0.12550607287449392
10427522,centaur_427522,"[""Centaur""]",borderline,0.506985937599421,0.013982557373330803,1.0671983717535438,0.032161023700163806,4991,0.1450611099979964
10427523,centaur_427523,"[""Centaur""]",borderline,0.585884392700878,0.012075752730125169,1.316557776621444,0.03580551297445194,4999,0.15643128625725145
10436223,centaur_436223,"[""Centaur""]",expert,-1.0152677920885314,0.19183102646527816,-0.4085109423980781,0.1040500307710997,189,0.05291005291005291
10441554,centaur_441554,"[""Centaur""]",unknown,-0.4576362270707378,0.1919796867323193,-0.25006673481620695,0.12980510000241163,126,0.0873015873015873
10445500,centaur_445500,"[""Centaur""]",unknown,0.20164331405146743,0.13525054859110186,-0.14951547131418705,0.12182539308103565,171,0.18128654970760233
10452632,centaur_452632,"[""Centaur""]",unknown,-0.6557823114130091,0.21812192188664922,-0.4035749820135528,0.1346316669129061,118,0.09322033898305085
10453167,centaur_453167,"[""Centaur""]",borderline,0.03205522987930774,0.19569039116270595,-0.3521779770888989,0.15702489888003363,106,0.18867924528301888
10456497,centaur_456497,"[""Centaur""]",novice,-0.07394882941726924,0.20752064188719774,-0.3743485799390148,0.1545510218213762,102,0.1568627450980392
10463110,centaur_463110,"[""Centaur""]",unknown,-0.020892750171249596,0.11294430871093068,-0.4305954714003625,0.08163145368448706,379,0.16886543535620052
10467362,centaur_467362,"[""Centaur""]",borderline,0.1793376066206071,0.029525264211367183,0.30384653295242076,0.0331857294609717,2675,0.12485981308411215
10474366,centaur_474366,"[""Centaur""]",expert,-0.39615491006922093,0.08153637146972278,-0.19599036145497953,0.056618022766714036,694,0.08501440922190202
10479788,centaur_479788,"[""Centaur""]",borderline,-0.850893073739711,0.14965559132323547,-0.31619569936002273,0.0868235287786582,276,0.057971014492753624
10487681,centaur_487681,"[""Centaur""]",novice,0.18011820272084944,0.09877994609765037,-0.2718320364597078,0.08676971738978198,368,0.1956521739130435
10489707,centaur_489707,"[""Centaur""]",novice,0.5468111451444032,0.013978200963956784,0.981097431741848,0.029642657710334863,4999,0.15743148629725945
10492981,centaur_492981,"[""Centaur""]",novice,0.03154922566743701,0.15594275715726455,-0.24771710448414855,0.12224039214825264,164,0.1524390243902439
10501111,centaur_501111,"[""Centaur""]",unknown,-0.9332797957688331,0.18286491273411593,-0.2221626136391948,0.10939414955551102,188,0.0425531914893617
10504297,centaur_504297,"[""Centaur""]",unknown,-0.3411620992647167,0.21374827095032448,-0.6640899571524306,0.1383797498516626,142,0.176056338028169
10504728,centaur_504728,"[""Centaur""]",unknown,-0.7170982918853107,0.2751352040869518,-0.7030923166211475,0.15400313819527625,100,0.14
10508956,centaur_508956,"[""Centaur""]",unknown,-0.5106663356146487,0.13839696869931353,-0.3394637748934319,0.0854205117661519,290,0.08275862068965517
10509395,centaur_509395,"[""Centaur""]",novice,0.4123826040449624,0.0728146476512295,0.3340647150159741,0.09740180000549248,325,0.17846153846153845
10517927,centaur_517927,"[""Centaur""]",unknown,-0.374436942077659,0.14555480568491827,-0.4013359472797172,0.09730727606803154,240,0.125
10518592,centaur_518592,"[""Centaur""]",novice,-0.8231241631483774,0.15288139281924715,-0.2249256053922973,0.09223858331876196,264,0.04924242424242424
10521719,centaur_521719,"[""Centaur""]",unknown,0.18969079872305689,0.06561500479542766,-0.4082902261159832,0.05313368467099348,1024,0.20703125
10526153,centaur_526153,"[""Centaur""]",unknown,-0.5032641151590908,0.220928121293879,-0.5158289422182312,0.1314177928339354,123,0.10569105691056911
10528018,centaur_528018,"[""Centaur""]",unknown,-0.23422808412131804,0.2274761854160136,-0.861102983794623,0.14280065157736377,167,0.2215568862275449
10528824,centaur_528824,"[""Centaur""]",unknown,-0.4074565458541687,0.09322559460293885,-0.3628730986964516,0.06071849699596683,604,0.11092715231788079
10533257,centaur_533257,"[""Centaur""]",novice,0.5585475884977198,0.09945714610811035,0.45039119223879853,0.13323645265211728,151,0.17880794701986755
10544224,centaur_544224,"[""Centaur""]",unknown,0.47234056526889223,0.048432076173650064,0.028915531822899975,0.053656068746320604,1001,0.2127872127872128
10545704,centaur_545704,"[""Centaur""]",unknown,-0.3713069612933809,0.20021247514495225,-0.5360553248822366,0.12572892572656627,148,0.14189189189189189
10545920,centaur_545920,"[""Centaur""]",unknown,0.2576182009805059,0.04311171895908945,-0.04201072027366215,0.04175536881347185,1518,0.17654808959156784
10548261,centaur_548261,"[""Centaur""]",unknown,-0.5113995097163136,0.10138318391079873,-0.35695611361834323,0.06359406663048883,523,0.09560229445506692
10554066,centaur_554066,"[""Centaur""]",novice,0.22475054922950993,0.08187295847051612,0.0795268793624616,0.08335326312749985,379,0.15567282321899736
10556359,centaur_556359,"[""Centaur""]",unknown,-0.22301992115454533,0.1444466805759984,-0.33901298332470275,0.10203254825877979,219,0.1324200913242009
10562756,centaur_562756,"[""Centaur""]",novice,-0.11205144424583413,0.146597514427594,-0.4318962183043711,0.104979342298247,226,0.16371681415929204
10565246,centaur_565246,"[""Centaur""]",novice,0.036975724519912295,0.03850287421977798,0.027826120383093178,0.03458379590685966,2103,0.12553495007132667
10566370,centaur_566370,"[""Centaur""]",unknown,-0.2103745861328139,0.04695497770531256,-0.2683807476228604,0.033443828210292195,2034,0.12389380530973451
10567616,centaur_567616,"[""Centaur""]",unknown,0.29518152163940914,0.052968353879809485,0.24435765207139595,0.060067756807029256,765,0.14901960784313725
10569668,centaur_569668,"[""Centaur""]",novice,-0.026377020773723052,0.03557930858622722,-0.08853353120950572,0.029277061700668326,2801,0.12459835772938237
10570381,centaur_570381,"[""Centaur""]",unknown,0.33721614456965365,0.14019311186402855,0.005054863584702007,0.14685138599695644,125,0.192
10572980,centaur_572980,"[""Centaur""]",novice,-0.23983337083237322,0.05428234927064511,-0.414585067802297,0.03659172550039275,1741,0.13842619184376795
10575292,centaur_575292,"[""Centaur""]",unknown,-0.316653500232027,0.21286374372783903,-0.24916863892805913,0.1472423584477401,102,0.09803921568627451
10578973,centaur_578973,"[""Centaur""]",novice,0.45952060874193046,0.015216476685203798,0.9152686246931828,0.030183960261390985,4973,0.1407601045646491
10582334,centaur_582334,"[""Centaur""]",novice,-0.06464165091659863,0.031647926505541046,-0.17761615055562513,0.02472973750035617,3857,0.13481980814104227
10585806,centaur_585806,"[""Centaur""]",unknown,-0.6607444336949116,0.11128375598756059,-0.3973391577481318,0.0652335990951724,478,0.08158995815899582
10592156,centaur_592156,"[""Centaur""]",novice,-0.169322842493406,0.04928845839254479,-0.5371723445448895,0.033174799131849245,2364,0.17258883248730963
10594185,centaur_594185,"[""Centaur""]",unknown,-0.41979185365929594,0.20476560350078118,-0.6761592306794257,0.12804864370238292,164,0.17682926829268292
10594521,centaur_594521,"[""Centaur""]",unknown,-0.557740011881762,0.17511843566025742,-0.7626407032338018,0.10071703419489118,260,0.16538461538461538
10596802,centaur_596802,"[""Centaur""]",borderline,-0.16189034246301703,0.05264252095044045,-0.33458225938332775,0.03753277655947864,1668,0.14088729016786572
10599968,centaur_599968,"[""Centaur""]",unknown,-0.03776785692906597,0.25541526021834837,-0.7199393660349066,0.1785582873913372,104,0.23076923076923078
10600024,centaur_600024,"[""Centaur""]",unknown,-0.591916030762505,0.24667390584340884,-0.614362655993401,0.14095041780846995,111,0.12612612612612611
10600039,centaur_600039,"[""Centaur""]",unknown,-0.06055519644556042,0.11187599326156351,-0.1324586646594398,0.08929168514779344,305,0.12786885245901639
10600264,centaur_600264,"[""Centaur""]",unknown,0.785482577581398,0.06190190411340702,0.45699558049906275,0.0969400867926905,313,0.25559105431309903
10601639,centaur_601639,"[""Centaur""]",novice,-0.8376086821179627,0.26527807982707086,-0.7323428157393331,0.1380574142042842,113,0.10619469026548672
10601918,centaur_601918,"[""Centaur""]",novice,0.24118062917119848,0.021279198047564205,0.2559250207936979,0.023724599876477806,4991,0.14225606090963736
10602929,centaur_602929,"[""Centaur""]",unknown,0.043754136918209376,0.24422988448046046,-0.7027726962095241,0.17983496425547582,111,0.25225225225225223
10602990,centaur_602990,"[""Centaur""]",novice,-0.24351993002718963,0.06580892994247582,-0.31870154431891495,0.04594426607268398,1092,0.12545787545787546
10603490,centaur_603490,"[""Centaur""]",unknown,-0.47875516072851526,0.2059039652706339,-0.6497665852670673,0.12275012644555401,158,0.13924050632911392
10604555,centaur_604555,"[""Centaur""]",novice,-0.5319816691793028,0.08666374828665398,-0.6396626958224682,0.049408303844887765,954,0.13731656184486374
10605833,centaur_605833,"[""Centaur""]",unknown,-0.02480330004126082,0.11010726784952364,-0.592501525222593,0.08062193257838286,477,0.2138364779874214
10605875,centaur_605875,"[""Centaur""]",unknown,-0.44171801979540176,0.1690180281444702,-0.27290229805712435,0.10703077633304056,183,0.07650273224043716
10606111,centaur_606111,"[""Centaur""]",novice,0.3135854139924855,0.03641556472578545,0.20967828903571661,0.04091227325107094,1653,0.16152450090744103
10606228,centaur_606228,"[""Centaur""]",novice,-0.5662393168990668,0.2908241135807174,-1.0582328642561771,0.15998197478383966,139,0.2158273381294964
10606748,centaur_606748,"[""Centaur""]",unknown,0.3383409945903841,0.0715916810612564,0.046499473743815044,0.07640857637545302,473,0.1839323467230444
10607669,centaur_607669,"[""Centaur""]",unknown,0.45613875790336855,0.03603868065779577,0.5959668861675733,0.053422208466011936,1144,0.15122377622377622
10607826,centaur_607826,"[""Centaur""]",unknown,-0.27108751574077117,0.17467372726188846,-0.26225728419985195,0.12881468328193535,136,0.11764705882352941
10607840,centaur_607840,"[""Centaur""]",unknown,-0.8209398926763423,0.1973040060507038,-0.4836384395680581,0.10772023174315988,174,0.07471264367816093
10608004,centaur_608004,"[""Centaur""]",unknown,-0.6505085363438793,0.21284431519080396,-0.40075845946026845,0.12494467705244018,130,0.07692307692307693
10608031,centaur_608031,"[""Centaur""]",unknown,-0.5935178129193679,0.2462675445154909,-0.6117971530121344,0.1430081973822237,112,0.125
10608153,centaur_608153,"[""Centaur""]",unknown,-1.0012886257207623,0.2420078436461022,-0.37941604494465164,0.13195911496310786,119,0.04201680672268908
10608295,centaur_608295,"[""Centaur""]",unknown,-0.20023604968399167,0.20155048605367412,-0.36915862513926495,0.14215773214401642,111,0.13513513513513514
10608365,centaur_608365,"[""Centaur""]",unknown,-0.5112773224361392,0.10675383080266715,-0.6827743675636119,0.06176818691231251,652,0.15644171779141106
10608409,centaur_608409,"[""Centaur""]",unknown,-0.6090315977476614,0.16695347665814134,-0.5588272021257906,0.09600785455154338,236,0.11440677966101695
10608438,centaur_608438,"[""Centaur""]",unknown,-0.6506361816383922,0.2335833136365825,-0.29612132793407286,0.14023736131560469,101,0.0594059405940594
10608451,centaur_608451,"[""Centaur""]",unknown,-0.12234970611276327,0.09261842715181844,-0.4486791014362135,0.06507224468522413,595,0.16638655462184873
10608452,centaur_608452,"[""Centaur""]",unknown,-0.4834827971958902,0.20383847993235227,-0.5260437244065351,0.12743871833805925,142,0.13380281690140844
10608484,centaur_608484,"[""Centaur""]",unknown,-0.082733174967717,0.10844195036743369,-0.5824894836087241,0.07486221290215476,493,0.1845841784989858
10608494,centaur_608494,"[""Centaur""]",expert,0.12771314664175076,0.05721355762573606,0.43679442538620794,0.07086649569829241,659,0.10318664643399089
10608577,centaur_608577,"[""Centaur""]",unknown,-0.7032928385657643,0.22830925014669812,-0.7457323267183132,0.12743551917112853,150,0.14
10608634,centaur_608634,"[""Centaur""]",unknown,-0.4432051393376715,0.21519780688940307,-0.4318926429680971,0.13814033187328034,114,0.11403508771929824
10608642,centaur_608642,"[""Centaur""]",unknown,-0.1308327444463463,0.18998085538248724,-0.3089939411035317,0.14365538441536047,115,0.1391304347826087
10608786,centaur_608786,"[""Centaur""]",unknown,-0.5119047769607117,0.3081115801967211,-0.9693331596153548,0.1736117399849297,106,0.19811320754716982
10608807,centaur_608807,"[""Centaur""]",unknown,-0.32310581489976353,0.10141088887509761,-0.43214405706859343,0.06686372998923912,512,0.1328125
10608852,centaur_608852,"[""Centaur""]",unknown,-0.6583288991949215,0.22891632667094805,-0.45403252859663334,0.13172147991560554,113,0.07964601769911504
10609056,centaur_609056,"[""Centaur""]",unknown,-0.37159656569924765,0.17917149457518766,-0.46439288904700904,0.11376040875044822,174,0.12643678160919541
10609435,centaur_609435,"[""Centaur""]",unknown,-0.6073098311837026,0.1426655231150167,-0.329952227213867,0.08735523824635504,275,0.07636363636363637
10609640,centaur_609640,"[""Centaur""]",unknown,-0.5258974885981115,0.20846925269271233,-0.4978039030161261,0.12492266175660735,136,0.11029411764705882
10609709,centaur_609709,"[""Centaur""]",unknown,-0.6033362474068215,0.1644456788992867,-0.4601889728201165,0.09680536632742705,226,0.09734513274336283
10609837,centaur_609837,"[""Centaur""]",unknown,-0.2980066000355803,0.06576358914925629,-0.1020290129348368,0.049884504994128644,944,0.09427966101694915
10609849,centaur_609849,"[""Centaur""]",unknown,-0.46665631703152566,0.275811567008446,-0.9002204305961167,0.16703824406302425,119,0.21008403361344538
10609947,centaur_609947,"[""Centaur""]",novice,-0.19577477592361806,0.04528942278423963,-0.15995631033833524,0.034258813746919664,1970,0.11522842639593908
10609973,centaur_609973,"[""Centaur""]",unknown,-0.6936934613178971,0.2994156611943334,-0.9586170894238639,0.15899417918408673,114,0.17543859649122806
10610137,centaur_610137,"[""Centaur""]",unknown,-0.24083876699820486,0.10176238630871515,-0.5914269721482959,0.06619601357842766,595,0.17142857142857143
10610275,centaur_610275,"[""Centaur""]",unknown,-0.5094194081351348,0.14314211638201718,-0.5393269797115865,0.0837281058299121,312,0.11538461538461539
10610308,centaur_610308,"[""Centaur""]",unknown,-0.10716304670964459,0.06066818457327109,-0.6137390166027198,0.04143526530864773,1663,0.19182200841852073
10610313,centaur_610313,"[""Centaur""]",unknown,-0.2705817249424344,0.20490886094089245,-0.39320699197926384,0.14081412395727422,117,0.13675213675213677
10610384,centaur_610384,"[""Centaur""]",unknown,-0.6325013259147167,0.24095286874735258,-0.4084402269262647,0.1401256052866533,100,0.07
10610469,centaur_610469,"[""Centaur""]",unknown,-0.3091167841292288,0.17096489209115612,-0.4513228258652332,0.1117409219529912,184,0.1358695652173913
10610653,centaur_610653,"[""Centaur""]",unknown,-0.6130969080138066,0.24615644093713676,-0.507188935409261,0.1429455556805674,104,0.10576923076923077
10610664,centaur_610664,"[""Centaur""]",unknown,0.4381770753300965,0.08200072982526041,-0.637504198651487,0.07145392479462133,891,0.2996632996632997
10610685,centaur_610685,"[""Centaur""]",unknown,-0.2219927526226896,0.07254686475386153,-0.8899793461403084,0.04589737537574394,1721,0.22486926205694363
10610887,centaur_610887,"[""Centaur""]",unknown,-0.047044845496175776,0.2615648520373093,-0.7590641803478831,0.18659658212708347,100,0.23
10611283,centaur_611283,"[""Centaur""]",unknown,0.12644551730838746,0.1889761787517726,-0.6822635692955491,0.1415761153548458,180,0.25
10611633,centaur_611633,"[""Centaur""]",unknown,-0.7574346626344808,0.23992186096409698,-0.32376097304076573,0.14175760534750226,100,0.06
10612072,centaur_612072,"[""Centaur""]",unknown,-0.6120102438008482,0.1404241750539011,-0.564361105599009,0.08191350963012717,331,0.12084592145015106
10612157,centaur_612157,"[""Centaur""]",unknown,-0.3671165880557653,0.18490804584654127,-0.4009660729204281,0.12680486228320406,148,0.13513513513513514
10614287,centaur_614287,"[""Centaur""]",novice,-0.5335334294025459,0.21896132678263625,-0.2469821003279673,0.14012379512661077,102,0.06862745098039216
10614477,centaur_614477,"[""Centaur""]",novice,-0.5498201587302014,0.13779953377251725,-0.7708831215906566,0.07796759025527097,431,0.16241299303944315
10618553,centaur_618553,"[""Centaur""]",novice,-0.25933587684323234,0.1626753351387013,-0.4332272307935595,0.11087869405409287,189,0.13756613756613756
10619321,Masoom Desai,"[""iiic_crowdsourcing:kong2025""]",expert,0.36353814956668223,0.08179510636327077,0.6117652566623314,0.11135639809077794,353,0.10764872521246459
10619322,Gregory Kapinos,"[""iiic_crowdsourcing:kong2025""]",expert,0.29576491997115406,0.07823551818439108,0.1906842167776976,0.07278436189705659,493,0.12981744421906694
10619324,Kong2025 contest user 1858,"[""iiic_crowdsourcing:kong2025""]",other,-0.8692129352621023,0.24347370703448568,-0.7232188182783519,0.11917667822755515,150,0.11333333333333333
10619327,Kong2025 contest user 7280,"[""iiic_crowdsourcing:kong2025""]",novice,0.620206494614129,0.01813766186702569,0.5955713126452757,0.02501088858745151,4844,0.17981007431874485
10619328,Kong2025 contest user 8864,"[""iiic_crowdsourcing:kong2025""]",experienced,-0.48388274279440463,0.21820046687513664,-0.6334085338447906,0.12172115279901138,154,0.14935064935064934
10619330,Kong2025 contest user 11839,"[""iiic_crowdsourcing:kong2025""]",novice,-0.8443701977053009,0.17604738892062033,-0.8312449841714074,0.0861686605864393,326,0.15337423312883436
10619331,Kong2025 contest user 13017,"[""iiic_crowdsourcing:kong2025""]",novice,-1.390343674180637,0.2989364772830529,-1.0191097761348817,0.12023740519142548,154,0.11688311688311688
10619334,Kong2025 contest user 18219,"[""iiic_crowdsourcing:kong2025""]",experienced,-0.06375345490028524,0.15999594960268793,-0.4016058003064648,0.11494153240902484,187,0.18181818181818182
10619335,Kong2025 contest user 19769,"[""iiic_crowdsourcing:kong2025""]",experienced,-0.6634178733575359,0.2656531043105816,-0.7878933512155527,0.12947458446965224,130,0.12307692307692308
10619337,Kong2025 contest user 23646,"[""iiic_crowdsourcing:kong2025""]",novice,0.6256255969017948,0.03881995466167521,0.13662906708381511,0.04159856574378696,1453,0.23950447350309703
10619338,Kong2025 contest user 23996,"[""iiic_crowdsourcing:kong2025""]",novice,-0.015084998432793486,0.19457835844021665,-0.7843587558904619,0.13090498393716654,213,0.25821596244131456
10619340,Kong2025 contest user 27965,"[""iiic_crowdsourcing:kong2025""]",other,-0.45107202719322637,0.0993850370438329,-0.8508540066902949,0.05504664914692844,966,0.19668737060041408
10619342,Kong2025 contest user 30879,"[""iiic_crowdsourcing:kong2025""]",experienced,-0.19816047062764588,0.09906519444408916,-0.5351403679080274,0.05868072234930748,662,0.14501510574018128
10619343,Kong2025 contest user 32212,"[""iiic_crowdsourcing:kong2025""]",novice,-0.5132161453859909,0.2884271476857935,-0.8980527944803801,0.15760067032267935,113,0.17699115044247787
10619344,Kong2025 contest user 32449,"[""iiic_crowdsourcing:kong2025""]",novice,0.6653944577249675,0.07269937681302481,0.11679363856536083,0.07694527714958078,421,0.2375296912114014
10619346,Kong2025 contest user 38593,"[""iiic_crowdsourcing:kong2025""]",novice,0.5138776249163961,0.02725562071682243,0.290035795229095,0.030238016234510324,2788,0.19368723098995697
10619349,Kong2025 contest user 43707,"[""iiic_crowdsourcing:kong2025""]",novice,-1.1473731422431592,0.23397345567902014,-0.3262867813051505,0.11905013376689862,179,0.027932960893854747
10619350,Kong2025 contest user 44164,"[""iiic_crowdsourcing:kong2025""]",novice,-0.11472223455008002,0.10739593173710833,-0.7221624361276743,0.06604300017964092,670,0.208955223880597
10619351,Kong2025 contest user 44340,"[""iiic_crowdsourcing:kong2025""]",novice,0.3853647577652573,0.188832212868258,-0.4741070253145752,0.15855424094034123,133,0.2706766917293233
10619352,Kong2025 contest user 44512,"[""iiic_crowdsourcing:kong2025""]",novice,-0.8115010519331299,0.2605937520411813,-0.9199306123270532,0.11998696437599056,164,0.1402439024390244
10619353,Kong2025 contest user 44761,"[""iiic_crowdsourcing:kong2025""]",novice,-0.4877159550204075,0.10522020707335604,-0.8772813365562593,0.05372572171260215,931,0.17722878625134264
10619354,Kong2025 contest user 45254,"[""iiic_crowdsourcing:kong2025""]",other,0.25557239672606646,0.42073525162086706,-1.4500004703471387,0.2633748463985071,139,0.37410071942446044
10619355,Kong2025 contest user 45825,"[""iiic_crowdsourcing:kong2025""]",novice,0.4653423642281688,0.05188298086636585,-0.1085243251795892,0.045725586807082934,1195,0.21171548117154812
10619357,Kong2025 contest user 46403,"[""iiic_crowdsourcing:kong2025""]",novice,0.2900236878680732,0.1555588663495695,-0.44876076642043067,0.12309390030387873,201,0.23880597014925373
10619358,Kong2025 contest user 46875,"[""iiic_crowdsourcing:kong2025""]",novice,0.06964098383622473,0.15153330062302747,-0.27750180979898326,0.11371365964204695,176,0.16477272727272727
10619359,Kong2025 contest user 47705,"[""iiic_crowdsourcing:kong2025""]",novice,0.18080713735587786,0.22310432180677217,-0.5964952512517521,0.15066590269466423,124,0.22580645161290322
10619361,Kong2025 contest user 48870,"[""iiic_crowdsourcing:kong2025""]",other,-0.286627576051891,0.08164353133222477,-0.6013009286932742,0.04856793830944553,1037,0.16393442622950818
10619362,Kong2025 contest user 48971,"[""iiic_crowdsourcing:kong2025""]",experienced,0.3813844065564104,0.09526171593922629,0.10470456044717995,0.08749449045817105,310,0.15161290322580645
10619365,Kong2025 contest user 49560,"[""iiic_crowdsourcing:kong2025""]",novice,0.4546657973271567,0.07679186838591096,0.15395761247641382,0.07880015867617231,425,0.18588235294117647
10619366,Kong2025 contest user 49916,"[""iiic_crowdsourcing:kong2025""]",other,-0.619827410475944,0.29688934641574444,-1.0858831489985352,0.14963646921347615,145,0.2
10619367,Kong2025 contest user 50004,"[""iiic_crowdsourcing:kong2025""]",novice,0.5858018838503966,0.1888127692091638,-0.5321803877081082,0.16523046110088815,148,0.3310810810810811
10619368,Kong2025 contest user 50023,"[""iiic_crowdsourcing:kong2025""]",novice,-0.5933377636056116,0.2601592920981661,-0.6055984517204476,0.1377207388138677,109,0.10091743119266056
10619369,Kong2025 contest user 50205,"[""iiic_crowdsourcing:kong2025""]",other,0.08164307200540825,0.17998711273557647,-0.7959956578151818,0.11826353737811988,254,0.25196850393700787
10619370,Kong2025 contest user 50342,"[""iiic_crowdsourcing:kong2025""]",novice,0.37196020088727905,0.038920592445284646,0.09590195316050065,0.0362905685561209,1879,0.1617881852048962
10619371,Kong2025 contest user 50759,"[""iiic_crowdsourcing:kong2025""]",novice,0.12835849458689505,0.16134277245660278,-0.21921936727510308,0.13010181325743408,147,0.19047619047619047
10619372,Kong2025 contest user 51197,"[""iiic_crowdsourcing:kong2025""]",experienced,-0.654269503563183,0.11342461186684623,-0.4465300223508834,0.06179093837388341,556,0.09172661870503597
10619376,Kong2025 contest user 52355,"[""iiic_crowdsourcing:kong2025""]",novice,0.3493033159635571,0.11817441721624766,-0.023860704184082298,0.11177915635285748,209,0.20574162679425836
10619377,Kong2025 contest user 52359,"[""iiic_crowdsourcing:kong2025""]",novice,0.5258550093556187,0.05746305112529525,0.2923537853169347,0.06497815363921138,594,0.21212121212121213
10619378,Kong2025 contest user 52882,"[""iiic_crowdsourcing:kong2025""]",novice,0.4503224061844069,0.05991280440274046,0.46185769683354816,0.07092190860226703,643,0.12752721617418353
10619380,Kong2025 contest user 52979,"[""iiic_crowdsourcing:kong2025""]",novice,-0.1538085140640165,0.1689129598539079,-0.575031708608202,0.10279336738220758,233,0.1759656652360515
10619382,Kong2025 contest user 53036,"[""iiic_crowdsourcing:kong2025""]",novice,0.23539495023500678,0.06422454105649421,-0.030790175528222476,0.05420767388464531,784,0.1568877551020408
10619383,Kong2025 contest user 53098,"[""iiic_crowdsourcing:kong2025""]",experienced,0.7914753501345289,0.11762060078084481,0.9371350505327568,0.1906233698189815,105,0.18095238095238095
10619384,Kong2025 contest user 53129,"[""iiic_crowdsourcing:kong2025""]",novice,0.4909568056454211,0.027456357210563786,0.15533848398293085,0.027519778376070312,3272,0.19621026894865526
10619388,Kong2025 contest user 53717,"[""iiic_crowdsourcing:kong2025""]",novice,-0.5261225846885047,0.23724401617301502,-1.0060946908136292,0.12174876365045399,214,0.2102803738317757
10619389,Kong2025 contest user 53744,"[""iiic_crowdsourcing:kong2025""]",novice,0.5165896290877294,0.05744750890452854,0.41170484739599633,0.06721751113083411,623,0.18459069020866772
10619391,Kong2025 contest user 54019,"[""iiic_crowdsourcing:kong2025""]",novice,-0.39311925616634075,0.23685792646869688,-0.9291894337423869,0.13713170467762745,178,0.21910112359550563
10619392,Kong2025 contest user 54178,"[""iiic_crowdsourcing:kong2025""]",novice,0.5267081049973277,0.06863899072532946,0.17776405223162342,0.07141569610391284,494,0.21052631578947367
10619393,Kong2025 contest user 54294,"[""iiic_crowdsourcing:kong2025""]",experienced,0.3915517663313485,0.15384596987236765,-0.19910315583605978,0.13428407701563586,141,0.2198581560283688
10619397,Kong2025 contest user 54802,"[""iiic_crowdsourcing:kong2025""]",experienced,-0.07130098946968773,0.13268069018905962,-0.45803492664841783,0.08602846112720752,315,0.15555555555555556
10619401,Kong2025 contest user 55058,"[""iiic_crowdsourcing:kong2025""]",experienced,0.6028183983920401,0.007853773516742811,0.8004651079571663,0.012998276757918028,24176,0.16313699536730641
10619402,Kong2025 contest user 55188,"[""iiic_crowdsourcing:kong2025""]",novice,0.5659075298173957,0.0576691749232384,0.6210716513250233,0.07943150616357769,559,0.13953488372093023
10619403,Kong2025 contest user 55313,"[""iiic_crowdsourcing:kong2025""]",novice,0.8318052502133907,0.09974849013170137,0.14137973720768168,0.11115043336451016,206,0.22815533980582525
10619405,Kong2025 contest user 55386,"[""iiic_crowdsourcing:kong2025""]",novice,0.4551312087756534,0.051172475469993595,0.4952161370340293,0.06162437111488661,818,0.1356968215158924
10619406,Kong2025 contest user 55411,"[""iiic_crowdsourcing:kong2025""]",novice,0.605775834431274,0.03757081972073035,0.6514099081759129,0.052609501618925976,1235,0.1522267206477733
10619407,Kong2025 contest user 55422,"[""iiic_crowdsourcing:kong2025""]",novice,-0.6513926713897605,0.14530531446389897,-0.7731651474709222,0.07372962108222149,435,0.14942528735632185
10619408,Kong2025 contest user 55477,"[""iiic_crowdsourcing:kong2025""]",other,-0.1136184733900923,0.19456192891752155,-0.44111327203537676,0.1242555959873156,146,0.14383561643835616
10619409,Kong2025 contest user 55602,"[""iiic_crowdsourcing:kong2025""]",novice,0.411008024889614,0.04441249930755146,-0.09040475713144293,0.040901192236265434,1547,0.21913380736910149
10619410,Kong2025 contest user 55672,"[""iiic_crowdsourcing:kong2025""]",novice,0.5754733158015358,0.0312658231366174,0.6618359817406748,0.045060984072778885,1674,0.15651135005973715
10619411,Kong2025 contest user 56548,"[""iiic_crowdsourcing:kong2025""]",novice,0.705606037973281,0.07709279074016641,0.38863481408843276,0.09919322863290153,262,0.25572519083969464
10619413,Kong2025 contest user 56963,"[""iiic_crowdsourcing:kong2025""]",other,-0.7961539534317756,0.29834272174794585,-0.9000306810147974,0.143325267319749,119,0.15126050420168066
10619415,Kong2025 contest user 57287,"[""iiic_crowdsourcing:kong2025""]",novice,0.3232611142041461,0.05262865239874249,0.07273730188201707,0.048730697075529524,1027,0.17039922103213243
10619416,Kong2025 contest user 57507,"[""iiic_crowdsourcing:kong2025""]",novice,0.6440805303909304,0.0062802604947520295,0.8217814613780804,0.010606085236926032,35838,0.17439589262793684
10619419,Kong2025 contest user 57851,"[""iiic_crowdsourcing:kong2025""]",novice,0.6717022772693549,0.053592772136326045,0.32001421469715224,0.05938159267891968,707,0.17963224893917965
10619420,Kong2025 contest user 58070,"[""iiic_crowdsourcing:kong2025""]",novice,0.5011879162378051,0.06643935107829874,0.41973458509219386,0.07946989796021481,411,0.19464720194647203
10619421,Kong2025 contest user 58723,"[""iiic_crowdsourcing:kong2025""]",novice,0.4459885274797924,0.25564260975827763,-0.8733089746927646,0.210291363052154,133,0.3383458646616541
10619422,Kong2025 contest user 58864,"[""iiic_crowdsourcing:kong2025""]",novice,-0.3436089745121014,0.27773311281050816,-0.7847061970515531,0.15759678113562034,108,0.18518518518518517
10619423,Kong2025 contest user 59359,"[""iiic_crowdsourcing:kong2025""]",novice,-0.3526715115829225,0.22769251850236283,-0.9778082598954718,0.1350866325031019,217,0.25806451612903225
10619424,Kong2025 contest user 59761,"[""iiic_crowdsourcing:kong2025""]",novice,0.8195219046575606,0.06859053134098592,-0.5594412301842193,0.06638725908486331,1202,0.37603993344425957
10619426,Kong2025 contest user 60983,"[""iiic_crowdsourcing:kong2025""]",novice,0.25653066937062685,0.08058504001021188,-0.22264324028106536,0.06683447916097283,577,0.2097053726169844
10619431,Kong2025 contest user 63590,"[""iiic_crowdsourcing:kong2025""]",novice,0.7279354616624387,0.15164247564121766,-0.788855629070719,0.12410271624443475,349,0.3467048710601719
10619433,Kong2025 contest user 64118,"[""iiic_crowdsourcing:kong2025""]",novice,-0.44904761244998403,0.22987469743107203,-0.5338363965429762,0.13093900991252336,126,0.12698412698412698
10619434,Kong2025 contest user 64472,"[""iiic_crowdsourcing:kong2025""]",novice,0.5894767672786225,0.012813735991512018,0.7313408477698057,0.0199714648617068,9120,0.17609649122807017
10619435,Kong2025 contest user 64485,"[""iiic_crowdsourcing:kong2025""]",novice,0.3098697605000475,0.07347372037651122,-0.2766327292076223,0.05821006780501323,757,0.202113606340819
10619436,Kong2025 contest user 64569,"[""iiic_crowdsourcing:kong2025""]",experienced,0.17258085048152014,0.057367697157539026,-0.17356598979381208,0.04434998443599375,1188,0.16245791245791247
10619437,Kong2025 contest user 64572,"[""iiic_crowdsourcing:kong2025""]",novice,-0.1260456073875922,0.09006864342184392,-0.5877140432471725,0.058385682717014865,792,0.19570707070707072
10619438,Kong2025 contest user 64706,"[""iiic_crowdsourcing:kong2025""]",novice,-0.260176758248201,0.12231222789237493,-0.5198168476718549,0.07543837945248924,415,0.15421686746987953
10619442,Kong2025 contest user 64978,"[""iiic_crowdsourcing:kong2025""]",novice,-0.9488961548420869,0.25986211249548297,-0.7419795158662417,0.12340538321703767,140,0.10714285714285714
10619443,Kong2025 contest user 65046,"[""iiic_crowdsourcing:kong2025""]",novice,0.47609288917844056,0.04504569476350531,0.455615151487657,0.054182280088830755,1013,0.16189536031589338
10619444,Kong2025 contest user 65094,"[""iiic_crowdsourcing:kong2025""]",novice,0.17467111576672378,0.12765297771505446,0.18455862610286386,0.1192400885040847,195,0.11794871794871795
10619447,Kong2025 contest user 65244,"[""iiic_crowdsourcing:kong2025""]",novice,-0.4306614451672623,0.23894010738442584,-0.6321037112950876,0.13331412166563938,126,0.14285714285714285
10619448,Kong2025 contest user 65281,"[""iiic_crowdsourcing:kong2025""]",novice,0.23851640917446762,0.17675348184480244,0.27209939327039484,0.1579550099627666,100,0.09
10619449,Kong2025 contest user 65368,"[""iiic_crowdsourcing:kong2025""]",other,0.4796111975954341,0.04844717080132924,0.7100270796196886,0.07356702250275657,796,0.13316582914572864
10619454,Kong2025 contest user 66136,"[""iiic_crowdsourcing:kong2025""]",novice,0.5263859619363328,0.0273682416930021,0.3658594370705594,0.031053191258963452,2825,0.16601769911504424
10619455,Kong2025 contest user 66276,"[""iiic_crowdsourcing:kong2025""]",novice,-0.6290366797248469,0.16774616922946436,-0.45719733016440744,0.0956387218139906,231,0.10822510822510822
10619459,Kong2025 contest user 66654,"[""iiic_crowdsourcing:kong2025""]",novice,0.29132595311881265,0.0405817480615407,0.010724897744615752,0.03524294596584705,1962,0.15902140672782875
10619461,Kong2025 contest user 66850,"[""iiic_crowdsourcing:kong2025""]",novice,-0.4839570742272345,0.12289317847613548,-0.6032208238457375,0.06896758602745694,483,0.14492753623188406
10619464,Kong2025 contest user 66915,"[""iiic_crowdsourcing:kong2025""]",novice,-0.08786557257880304,0.238114888107432,-0.6588094397602091,0.1476441515573836,121,0.19008264462809918
10619465,Kong2025 contest user 66922,"[""iiic_crowdsourcing:kong2025""]",other,-0.5750220195569009,0.26901041363937483,-1.206964373741676,0.13541309765016993,216,0.23148148148148148
10619470,Kong2025 contest user 67217,"[""iiic_crowdsourcing:kong2025""]",novice,0.6167242306761284,0.019678010783675693,0.8492449526311654,0.03400598290665906,3655,0.16361149110807113
10619471,Kong2025 contest user 67350,"[""iiic_crowdsourcing:kong2025""]",other,-0.9926292564240182,0.13924889616073108,-0.5289700084176479,0.0671585220829329,444,0.06531531531531531
10619474,Kong2025 contest user 67740,"[""iiic_crowdsourcing:kong2025""]",novice,0.266852513222325,0.08918917509478828,-0.46167883337207566,0.06513477282128971,650,0.22
10619475,Kong2025 contest user 67879,"[""iiic_crowdsourcing:kong2025""]",novice,-0.31890734111486513,0.19425240335391097,-0.7379937278537563,0.10968299093984579,210,0.16666666666666666
10619476,Kong2025 contest user 68151,"[""iiic_crowdsourcing:kong2025""]",novice,-0.08160908707282528,0.20299295661506492,-0.4766073937921702,0.1385301389865434,128,0.171875
10619478,Kong2025 contest user 68333,"[""iiic_crowdsourcing:kong2025""]",novice,0.4319518982787761,0.034230572597981436,0.4353846679883222,0.04097772264616282,1742,0.15614236509758897
10619479,Kong2025 contest user 68357,"[""iiic_crowdsourcing:kong2025""]",novice,-1.0165532250934128,0.26377265726423377,-1.2396052281578758,0.1135588727020552,254,0.1968503937007874
10619483,Kong2025 contest user 69599,"[""iiic_crowdsourcing:kong2025""]",novice,-0.6843617994675326,0.3214702092479439,-0.9264612655114249,0.15470063650021343,102,0.14705882352941177
10619485,Kong2025 contest user 70137,"[""iiic_crowdsourcing:kong2025""]",other,-0.5943602388792911,0.1436071552524289,-1.088211886385163,0.07475008099138156,668,0.23353293413173654
10619489,Kong2025 contest user 71379,"[""iiic_crowdsourcing:kong2025""]",novice,0.5583636524634513,0.050116609580283196,0.46231920325879317,0.061815332113071414,712,0.1797752808988764
10619490,Kong2025 contest user 71806,"[""iiic_crowdsourcing:kong2025""]",novice,0.6612587271635986,0.015096695850567254,0.3736382295778723,0.01789912643018363,7959,0.20618168111571805
10619491,Kong2025 contest user 72211,"[""iiic_crowdsourcing:kong2025""]",novice,-1.1083702197467977,0.25162530903756014,-1.2235698863771076,0.1100635421896824,274,0.20072992700729927
10619493,Kong2025 contest user 73534,"[""iiic_crowdsourcing:kong2025""]",novice,0.04750128538273337,0.22225616099023005,-0.7427994906787292,0.1512626777102454,151,0.25165562913907286
10619495,Kong2025 contest user 73770,"[""iiic_crowdsourcing:kong2025""]",other,-0.7413914025493901,0.2743914846971152,-1.0529082739647673,0.13880699635887503,169,0.20710059171597633
10619496,Kong2025 contest user 77066,"[""iiic_crowdsourcing:kong2025""]",novice,-0.8944510641170237,0.20195872432163922,-0.5396154231149821,0.09643742978762555,220,0.07272727272727272
10619497,Kong2025 contest user 78098,"[""iiic_crowdsourcing:kong2025""]",other,-0.0061065625720512886,0.08294403689792439,-0.5108875824248348,0.05612775746870683,845,0.20473372781065088
10619508,Kong2025 contest user 86076,"[""iiic_crowdsourcing:kong2025""]",experienced,-0.0627109185967823,0.2208689934743679,-0.6542591840650551,0.1343867135510541,136,0.16176470588235295
10619509,Kong2025 contest user 86608,"[""iiic_crowdsourcing:kong2025""]",novice,-0.6678983460386994,0.20757781671797457,-0.6861572866889237,0.10869657448982636,190,0.1368421052631579
10619510,Kong2025 contest user 87206,"[""iiic_crowdsourcing:kong2025""]",other,-0.05539266092855026,0.08660227374018942,-0.5545239733912097,0.05868350168856597,801,0.2034956304619226
10619511,Kong2025 contest user 88545,"[""iiic_crowdsourcing:kong2025""]",other,-0.6849898137696206,0.2801086770450214,-0.9779625582480602,0.14890338681518062,142,0.20422535211267606
10619513,Kong2025 contest user 88765,"[""iiic_crowdsourcing:kong2025""]",novice,-0.3296623582074361,0.23218545967431337,-0.4411467528560166,0.13617378608333672,112,0.10714285714285714
10619515,Kong2025 contest user 90170,"[""iiic_crowdsourcing:kong2025""]",novice,-0.008811952206701772,0.10648379943230422,-0.44909837971902344,0.07442807558793264,462,0.19047619047619047
10619516,Kong2025 contest user 90679,"[""iiic_crowdsourcing:kong2025""]",novice,-0.34675808636300803,0.15578523443347211,-0.9288588255434482,0.08501057084283242,429,0.20279720279720279
10619518,Kong2025 contest user 93174,"[""iiic_crowdsourcing:kong2025""]",novice,-0.7712860866124517,0.17570930398730636,-1.0314641400231035,0.08458051890694276,409,0.18337408312958436
10619522,Kong2025 contest user 94530,"[""iiic_crowdsourcing:kong2025""]",novice,-0.8318259479180394,0.20494264216758762,-0.3173537556013819,0.11143337615003451,177,0.05084745762711865
10619533,Kong2025 contest user 98795,"[""iiic_crowdsourcing:kong2025""]",experienced,-0.6868074937258528,0.28170915758678705,-0.9626836992284656,0.1431705836024075,140,0.18571428571428572
10619534,Kong2025 contest user 99033,"[""iiic_crowdsourcing:kong2025""]",novice,0.6573116939544084,0.11609508694831906,0.42563196157541305,0.13819683672470467,131,0.20610687022900764
10619535,Kong2025 contest user 99130,"[""iiic_crowdsourcing:kong2025""]",experienced,-0.10839480440736224,0.21509006682896384,-0.5998926903032402,0.13097320519666392,137,0.15328467153284672
10619536,Kong2025 contest user 99146,"[""iiic_crowdsourcing:kong2025""]",novice,-0.30406536892661484,0.07784905268886903,-0.4487953337119999,0.04768877225282659,989,0.13953488372093023
10619541,Kong2025 contest user 100195,"[""iiic_crowdsourcing:kong2025""]",experienced,-0.8840303540528669,0.23459115020034796,-0.8550141992135737,0.10581763818184714,195,0.11794871794871795
10619542,Kong2025 contest user 100865,"[""iiic_crowdsourcing:kong2025""]",novice,0.47669229361656734,0.02297912217864797,0.11313310582300802,0.022894124659397105,4730,0.20021141649048627
10619544,Kong2025 contest user 100977,"[""iiic_crowdsourcing:kong2025""]",novice,-0.4090897082263719,0.2525572828409249,-0.681585061964472,0.15300551967912412,109,0.1743119266055046
10619545,Kong2025 contest user 101051,"[""iiic_crowdsourcing:kong2025""]",novice,-1.106159823420226,0.1461858885345042,-1.083423905413494,0.06358398228957103,683,0.17130307467057102
10619546,Kong2025 contest user 101062,"[""iiic_crowdsourcing:kong2025""]",other,-0.7942368868280982,0.244704214242689,-1.0266137204998989,0.11836451510697404,211,0.1895734597156398
10619547,Kong2025 contest user 101072,"[""iiic_crowdsourcing:kong2025""]",other,-1.052739255670703,0.20795610820393634,-0.46284969731728975,0.10377393520231411,191,0.06282722513089005
10619548,Kong2025 contest user 101396,"[""iiic_crowdsourcing:kong2025""]",novice,-0.42851846902382196,0.24883484255598437,-0.7024734261228301,0.13475673591986295,128,0.1484375
10619549,Kong2025 contest user 101978,"[""iiic_crowdsourcing:kong2025""]",novice,0.3812767709762298,0.13736130158839924,-0.06756186732033079,0.1130256068581427,182,0.14835164835164835
10619554,Kong2025 contest user 102777,"[""iiic_crowdsourcing:kong2025""]",other,-0.5942774049810573,0.10041939530372594,-0.7344396807920175,0.051206968774529696,882,0.1417233560090703
10619555,Kong2025 contest user 102779,"[""iiic_crowdsourcing:kong2025""]",novice,0.3545807673085938,0.17568921843744476,-0.5118104348712911,0.1427015015190836,166,0.27710843373493976
10619556,Kong2025 contest user 102996,"[""iiic_crowdsourcing:kong2025""]",novice,-1.1551773068592577,0.1483456425302283,-0.33931464473204187,0.07277311170985297,458,0.026200873362445413
10619558,Kong2025 contest user 103139,"[""iiic_crowdsourcing:kong2025""]",other,0.6507696434469469,0.013174767540601621,0.13633223773612857,0.01378961454526655,13017,0.22823999385419066
10619559,Kong2025 contest user 103152,"[""iiic_crowdsourcing:kong2025""]",other,0.42819305483248066,0.05063978456730355,-0.05213965802202513,0.04512311218943587,1197,0.20050125313283207
10619562,Kong2025 contest user 103424,"[""iiic_crowdsourcing:kong2025""]",novice,-0.7166624919529804,0.1501903932428859,-1.0008310492908608,0.07439579350982731,548,0.1989051094890511
10619563,Kong2025 contest user 103503,"[""iiic_crowdsourcing:kong2025""]",experienced,-0.22555850528532204,0.3695668811318211,-1.2816618321388091,0.22537073150443046,122,0.30327868852459017
10619565,Kong2025 contest user 103880,"[""iiic_crowdsourcing:kong2025""]",novice,-0.769711821842319,0.22247672361401855,-0.8324002591645367,0.1059772873445917,201,0.12935323383084577
10619566,Kong2025 contest user 104231,"[""iiic_crowdsourcing:kong2025""]",novice,-0.614921780274255,0.06425392786861965,-0.578768169969629,0.03319414475708852,1899,0.10847814639283834
10619567,Kong2025 contest user 104240,"[""iiic_crowdsourcing:kong2025""]",novice,0.42209579623523014,0.10440699167124257,0.033192388263407265,0.09624875362210336,263,0.17870722433460076
10619568,Kong2025 contest user 104357,"[""iiic_crowdsourcing:kong2025""]",novice,0.7323288235677783,0.025387390971035463,0.6888579320678506,0.03789955152127066,2191,0.18895481515289822
10619569,Kong2025 contest user 104704,"[""iiic_crowdsourcing:kong2025""]",novice,-0.7416591670941932,0.2859970094669042,-0.7565324290527828,0.1487688877069803,103,0.13592233009708737
10619571,Kong2025 contest user 105711,"[""iiic_crowdsourcing:kong2025""]",novice,0.691731878226613,0.016251888815736755,0.5006726518179524,0.02097545943994589,6204,0.1892327530625403
10619572,Kong2025 contest user 106130,"[""iiic_crowdsourcing:kong2025""]",novice,0.3881558731677126,0.10137858700780054,-0.5011678418238592,0.08355270110416757,492,0.27235772357723576
10619575,Kong2025 contest user 106743,"[""iiic_crowdsourcing:kong2025""]",novice,-0.6211839331899942,0.27638120806725797,-0.8406192909243351,0.13478443149027186,129,0.13953488372093023
10619578,Kong2025 contest user 107650,"[""iiic_crowdsourcing:kong2025""]",other,0.6690698628533991,0.01833648328001359,0.33253869308161443,0.02147047839003588,5527,0.2077076171521621
10619579,Kong2025 contest user 108015,"[""iiic_crowdsourcing:kong2025""]",novice,-0.9431823305081741,0.2827425274666486,-0.7715589524278157,0.13807240008580796,115,0.12173913043478261
10619585,Kong2025 contest user 109953,"[""iiic_crowdsourcing:kong2025""]",novice,0.6657714636325617,0.04523484673559513,1.1719223659632625,0.11451004005123469,548,0.15328467153284672
10619586,Kong2025 contest user 110433,"[""iiic_crowdsourcing:kong2025""]",novice,0.6564900822282116,0.03668468714347789,0.8702362921460841,0.0632801714681462,1186,0.14586846543001686
10619589,Kong2025 contest user 111397,"[""iiic_crowdsourcing:kong2025""]",novice,0.11503164025604956,0.20919557789673004,-0.4753232685763503,0.16862350331000042,116,0.28448275862068967
10619590,Kong2025 contest user 111956,"[""iiic_crowdsourcing:kong2025""]",novice,0.7052468577360769,0.07455841846147693,0.3746810027825236,0.09263669767342896,290,0.2413793103448276
10619591,Kong2025 contest user 112301,"[""iiic_crowdsourcing:kong2025""]",novice,0.5638149556560268,0.11830461111679351,0.9484817125861126,0.22143070688025773,102,0.12745098039215685
10619592,Kong2025 contest user 112330,"[""iiic_crowdsourcing:kong2025""]",experienced,0.769758526307188,0.043687274368736324,-0.012437636907093874,0.047060378366803206,1271,0.29189614476789927
10619593,Kong2025 contest user 112547,"[""iiic_crowdsourcing:kong2025""]",novice,-0.3227766659009937,0.21304042518212615,-0.8104546671270205,0.11839773790314785,195,0.18461538461538463
10619596,Kong2025 contest user 113491,"[""iiic_crowdsourcing:kong2025""]",experienced,0.5958817832069178,0.02150141540897255,0.2643875902459299,0.02358775325186506,4496,0.20395907473309607
10619597,Kong2025 contest user 113524,"[""iiic_crowdsourcing:kong2025""]",other,-0.943517929880872,0.3076336599630013,-1.1296228144797118,0.14409552327583547,153,0.19607843137254902
10619599,Kong2025 contest user 113988,"[""iiic_crowdsourcing:kong2025""]",novice,-0.29162772066277426,0.2749896970963646,-0.7738971912456657,0.1528477078435212,108,0.16666666666666666
10619600,Kong2025 contest user 114138,"[""iiic_crowdsourcing:kong2025""]",other,-0.1846651333646625,0.22092896652301272,-0.7764244749667455,0.13996015954443236,162,0.2222222222222222
10619601,Kong2025 contest user 114385,"[""iiic_crowdsourcing:kong2025""]",other,0.1496502815763987,0.07256539469526486,-0.010061325391172065,0.060426940524820026,663,0.14479638009049775
10619604,Kong2025 contest user 114554,"[""iiic_crowdsourcing:kong2025""]",novice,-0.7378288052052251,0.30178788326815975,-1.0275608869785904,0.1470431959583363,136,0.19117647058823528
10619606,Kong2025 contest user 114753,"[""iiic_crowdsourcing:kong2025""]",novice,0.6147241384207609,0.09030270119868689,1.602011942501373,0.36501498470481725,107,0.12149532710280374
10619609,Kong2025 contest user 115295,"[""iiic_crowdsourcing:kong2025""]",novice,0.5635668878590272,0.09070463621695037,0.37794626151525956,0.1129359959146432,218,0.22018348623853212
10619610,Kong2025 contest user 115339,"[""iiic_crowdsourcing:kong2025""]",experienced,-0.7037249264021564,0.3143056106397807,-1.1355633110152206,0.1485646434359962,142,0.19014084507042253
10619611,Kong2025 contest user 115413,"[""iiic_crowdsourcing:kong2025""]",experienced,0.30427045881241216,0.09746547761609971,-0.04626404801339987,0.08909511684481068,314,0.2229299363057325
10619614,Kong2025 contest user 115761,"[""iiic_crowdsourcing:kong2025""]",novice,0.08640210145091037,0.06237041866650293,-0.3414472875637377,0.04577369024349855,1186,0.18381112984822934
10619615,Kong2025 contest user 115885,"[""iiic_crowdsourcing:kong2025""]",novice,-0.3424577131921423,0.20732228225172655,-0.7697284218731713,0.12636240967439402,190,0.21578947368421053
10619616,Kong2025 contest user 115940,"[""iiic_crowdsourcing:kong2025""]",novice,-0.2151159629090242,0.28423882804139233,-0.9520553385615453,0.1716955000827732,123,0.23577235772357724
10619617,Kong2025 contest user 116239,"[""iiic_crowdsourcing:kong2025""]",novice,0.5928317644358558,0.07508979536966703,-0.07040688482167282,0.06975762929743125,530,0.23773584905660378
10619618,Kong2025 contest user 116268,"[""iiic_crowdsourcing:kong2025""]",novice,0.29210695211701093,0.1706983785222177,-0.20418686381581763,0.14371882270456013,118,0.211864406779661
10619619,Kong2025 contest user 116324,"[""iiic_crowdsourcing:kong2025""]",novice,0.7404710092964985,0.04553135305395916,0.5570561505080738,0.062862647832893,690,0.22318840579710145
10619622,Kong2025 contest user 116799,"[""iiic_crowdsourcing:kong2025""]",novice,0.03589792080367153,0.09972121085775963,-0.3162800183096844,0.07370853390317458,450,0.18444444444444444
10619624,Kong2025 contest user 116909,"[""iiic_crowdsourcing:kong2025""]",other,-1.187590398152141,0.24669249141696573,-0.6726389415231055,0.11188381049920694,156,0.07692307692307693
10619625,Kong2025 contest user 116950,"[""iiic_crowdsourcing:kong2025""]",novice,0.29695513233035953,0.04723977630447579,-0.029938314456729932,0.04031294737406939,1490,0.16778523489932887
10619626,Kong2025 contest user 116972,"[""iiic_crowdsourcing:kong2025""]",novice,-0.21747816669948802,0.22497043337542394,-0.9850871665340803,0.13542729260926126,212,0.24528301886792453
10619628,Kong2025 contest user 117069,"[""iiic_crowdsourcing:kong2025""]",novice,0.2941002659979874,0.07642171890832475,0.0669001362547613,0.06614009078460731,558,0.14157706093189965
10619629,Kong2025 contest user 117101,"[""iiic_crowdsourcing:kong2025""]",novice,-0.7432418606287933,0.1118592771826574,-0.6960298311822635,0.05705831431883005,681,0.12922173274596183
10619633,Kong2025 contest user 117146,"[""iiic_crowdsourcing:kong2025""]",novice,-1.099300831550969,0.2542642131238786,-0.7865220002499133,0.12039296976508812,151,0.11920529801324503
10619634,Kong2025 contest user 117180,"[""iiic_crowdsourcing:kong2025""]",novice,-0.35770061402716424,0.15355597113054656,-0.6800734567755569,0.08329192779579156,332,0.13855421686746988
10619638,Kong2025 contest user 117488,"[""iiic_crowdsourcing:kong2025""]",novice,0.5862540985762322,0.054688508893093256,0.7023462063557473,0.07955811731974026,571,0.15236427320490367
10619640,Kong2025 contest user 118041,"[""iiic_crowdsourcing:kong2025""]",other,-0.9064724773879811,0.2756094277099278,-1.0210463866214834,0.13357453174139633,161,0.18012422360248448
10619642,Kong2025 contest user 118064,"[""iiic_crowdsourcing:kong2025""]",novice,0.6217429871321314,0.007080810464488591,0.8458385343421412,0.012276101795865463,28216,0.1697263963708534
10619643,Kong2025 contest user 118583,"[""iiic_crowdsourcing:kong2025""]",other,-0.7614803666461111,0.19806027091346554,-0.6982343089653337,0.09584790371846112,225,0.10666666666666667
10619647,Kong2025 contest user 118903,"[""iiic_crowdsourcing:kong2025""]",novice,1.17492236497368,0.08724155639251588,0.2036563140776251,0.11930437307166027,205,0.36097560975609755
10619648,Kong2025 contest user 119217,"[""iiic_crowdsourcing:kong2025""]",novice,-0.3664301429104154,0.19131324627131932,-0.46725000390483684,0.12153174749371877,158,0.14556962025316456
10619649,Kong2025 contest user 119221,"[""iiic_crowdsourcing:kong2025""]",novice,-0.9458881462233076,0.25636375863283933,-0.8976194234923365,0.12262873443942783,164,0.1524390243902439
10619651,Kong2025 contest user 119391,"[""iiic_crowdsourcing:kong2025""]",other,-0.08662120637186937,0.2687556134448613,-0.7128892927577956,0.16326914003611495,101,0.19801980198019803
10619652,Kong2025 contest user 119656,"[""iiic_crowdsourcing:kong2025""]",novice,-0.13446058411258582,0.2442299774683148,-0.5393116994062465,0.15492860405336167,101,0.16831683168316833
10619654,Kong2025 contest user 119939,"[""iiic_crowdsourcing:kong2025""]",novice,0.632880005578771,0.024650682432428083,0.6083570993614149,0.033928653459258586,2715,0.17569060773480663
10619656,Kong2025 contest user 120022,"[""iiic_crowdsourcing:kong2025""]",novice,0.4576003497745413,0.07688996376399905,-0.1751734065083916,0.06839779416601717,571,0.2504378283712785
10619658,Kong2025 contest user 120104,"[""iiic_crowdsourcing:kong2025""]",novice,-0.20555032081386895,0.18284306148169466,-0.796429662465149,0.10991488455766561,251,0.20717131474103587
10619660,Kong2025 contest user 120310,"[""iiic_crowdsourcing:kong2025""]",novice,0.5092773187377568,0.061840902378796005,0.5794035338464535,0.08585607971061077,415,0.18313253012048192
10619662,Kong2025 contest user 120425,"[""iiic_crowdsourcing:kong2025""]",novice,0.35303987478410814,0.12010685174006742,-0.25526310071803876,0.10514669297334585,255,0.23529411764705882
10619664,Kong2025 contest user 120668,"[""iiic_crowdsourcing:kong2025""]",other,-0.2721010095260673,0.2418681239854711,-0.9213882895370814,0.13477107176655334,175,0.21714285714285714
10619665,Kong2025 contest user 120669,"[""iiic_crowdsourcing:kong2025""]",novice,-0.49254883863015214,0.1967896213911222,-0.7100162147376959,0.10845601761753869,207,0.15942028985507245
10619667,Kong2025 contest user 120695,"[""iiic_crowdsourcing:kong2025""]",other,-1.0820278546747648,0.2881168864151793,-1.3161285655710802,0.12905898981873676,239,0.2301255230125523
10619669,Kong2025 contest user 120776,"[""iiic_crowdsourcing:kong2025""]",novice,0.4988373003627862,0.07483171584994087,0.25112159528990663,0.07774958941520706,433,0.17090069284064666
10619670,Kong2025 contest user 120782,"[""iiic_crowdsourcing:kong2025""]",novice,-0.42621594613736047,0.19409999511580853,-0.45814047804078206,0.11308257554109699,168,0.11904761904761904
10619671,Kong2025 contest user 120830,"[""iiic_crowdsourcing:kong2025""]",experienced,0.3871651443926057,0.17804525301958957,-0.06143083227988823,0.14212605760785466,105,0.12380952380952381
10619672,Kong2025 contest user 120905,"[""iiic_crowdsourcing:kong2025""]",novice,-0.9569522699131592,0.21660980860267792,-0.48147067050981635,0.11000938282703228,164,0.07317073170731707
10619674,Kong2025 contest user 120988,"[""iiic_crowdsourcing:kong2025""]",other,0.1100984368743835,0.07741615911939434,-0.24545915201031948,0.057914400124757626,705,0.1673758865248227
10619677,Kong2025 contest user 121161,"[""iiic_crowdsourcing:kong2025""]",experienced,0.23621304337691879,0.08275128990306771,0.052207289638577015,0.07556284440433056,422,0.16350710900473933
10619678,Kong2025 contest user 121289,"[""iiic_crowdsourcing:kong2025""]",novice,0.41269047136110193,0.11700042700620371,0.03461906955059499,0.11412730466408175,192,0.22395833333333334
10619679,Kong2025 contest user 121474,"[""iiic_crowdsourcing:kong2025""]",novice,0.6406138696070526,0.027476217739918103,0.31124835000119355,0.03200750439750124,2411,0.22895064288676897
10619680,Kong2025 contest user 121506,"[""iiic_crowdsourcing:kong2025""]",novice,0.5992424146034426,0.03306458564848702,0.22769936155266693,0.03660647498589412,1860,0.21774193548387097
10619681,Kong2025 contest user 121610,"[""iiic_crowdsourcing:kong2025""]",novice,-0.804677011440924,0.26720837687133153,-0.8116286310716155,0.12725713950887735,137,0.13138686131386862
10619685,Kong2025 contest user 121780,"[""iiic_crowdsourcing:kong2025""]",novice,-0.8205465094667406,0.14348345774262547,-0.9213024400097356,0.07018378677834647,533,0.1651031894934334
10619687,Kong2025 contest user 121820,"[""iiic_crowdsourcing:kong2025""]",novice,-1.0124420001281778,0.2368031091978528,-0.9870457187199053,0.10922352902731068,218,0.16055045871559634
10619689,Kong2025 contest user 121909,"[""iiic_crowdsourcing:kong2025""]",experienced,-0.05196498262029351,0.14511049167599888,-0.4701462389538247,0.09321867454128725,273,0.1575091575091575
10619691,Kong2025 contest user 121993,"[""iiic_crowdsourcing:kong2025""]",novice,-0.24759007616389084,0.2677276635161301,-1.0189364039109532,0.1611479235454783,150,0.23333333333333334
10619693,Kong2025 contest user 122127,"[""iiic_crowdsourcing:kong2025""]",other,-0.5051394150407506,0.24290658147525637,-0.7342791800519339,0.13214603996228774,137,0.15328467153284672
10619695,Kong2025 contest user 122240,"[""iiic_crowdsourcing:kong2025""]",novice,-1.099167450520443,0.17960746190530555,-0.6053089307874171,0.08567329099200875,274,0.08029197080291971
10619696,Kong2025 contest user 122271,"[""iiic_crowdsourcing:kong2025""]",other,0.06916069038259076,0.1266783969062162,-0.4586106493844274,0.08920214921574576,329,0.19756838905775076
10619697,Kong2025 contest user 122283,"[""iiic_crowdsourcing:kong2025""]",novice,0.5316585151940859,0.13481592590894564,-0.43246736806738767,0.12440539029326202,243,0.31275720164609055
10619699,Kong2025 contest user 122329,"[""iiic_crowdsourcing:kong2025""]",other,-0.9817976084290725,0.10982659795405848,-0.7347281143615405,0.05078361136117358,806,0.10297766749379653
10619700,Kong2025 contest user 122607,"[""iiic_crowdsourcing:kong2025""]",other,0.6368530941502223,0.013067242535668985,0.5764716038693976,0.01760283914168819,9605,0.17813638729828216
10619701,Kong2025 contest user 122754,"[""iiic_crowdsourcing:kong2025""]",other,-0.7988019376448025,0.2701826340522259,-0.7701962373579545,0.13432487672536775,123,0.13008130081300814
10619702,Kong2025 contest user 122760,"[""iiic_crowdsourcing:kong2025""]",other,0.6394360512789288,0.07371376004074798,0.5522467202626458,0.09912510750316954,278,0.19424460431654678
10619703,Kong2025 contest user 122770,"[""iiic_crowdsourcing:kong2025""]",other,-0.5590753881730702,0.23651862326800321,-0.620307134073946,0.12174450097532052,139,0.1079136690647482
10619707,Kong2025 contest user 122883,"[""iiic_crowdsourcing:kong2025""]",other,-0.8319179348602666,0.17909886913981088,-0.8925100096849823,0.0870029778637304,334,0.15868263473053892
10619710,Kong2025 contest user 122904,"[""iiic_crowdsourcing:kong2025""]",experienced,-0.8846091517302169,0.17628234669734266,-0.8515853868742382,0.08323398584290223,339,0.1415929203539823
10619711,Kong2025 contest user 122907,"[""iiic_crowdsourcing:kong2025""]",other,-0.6136487878506068,0.28344631870906445,-1.107984578343762,0.13670866191721784,173,0.20809248554913296
10619712,Kong2025 contest user 122929,"[""iiic_crowdsourcing:kong2025""]",other,-0.7736365438299273,0.21028284023560628,-0.9118136193835978,0.10639072935996985,242,0.17768595041322313
10619713,Kong2025 contest user 122951,"[""iiic_crowdsourcing:kong2025""]",novice,-0.2700016098444534,0.29713464955237673,-1.0469609661387045,0.17885373990276576,132,0.25757575757575757
10619717,Kong2025 contest user 123011,"[""iiic_crowdsourcing:kong2025""]",other,0.7988710000428023,0.1356098280840117,-0.17844388339866343,0.14149177609085378,159,0.29559748427672955
10619718,Kong2025 contest user 123024,"[""iiic_crowdsourcing:kong2025""]",other,-0.4019436788079455,0.23283601295846676,-0.7865716841598875,0.12852406466208283,154,0.16233766233766234
10619719,Kong2025 contest user 123103,"[""iiic_crowdsourcing:kong2025""]",novice,-0.18811226555910757,0.26286277100268496,-0.7519652456453855,0.15453209036395305,111,0.18018018018018017
10619720,Kong2025 contest user 123159,"[""iiic_crowdsourcing:kong2025""]",experienced,-1.2479512786771256,0.18729474246741687,-0.8445728980244066,0.08279521165752497,312,0.10897435897435898
10619721,Kong2025 contest user 123206,"[""iiic_crowdsourcing:kong2025""]",experienced,0.4895045588710694,0.021382337619573703,0.12240864198223152,0.021659224114808744,5318,0.2042121098157202
10619722,Kong2025 contest user 123313,"[""iiic_crowdsourcing:kong2025""]",novice,-0.5655965633779434,0.18334992466869737,-0.6732948291213503,0.10081424001927086,235,0.14893617021276595
10619723,Kong2025 contest user 123392,"[""iiic_crowdsourcing:kong2025""]",novice,0.6134860433857364,0.019280413823534032,0.733133157189173,0.02994904998577081,4061,0.17261758187638512
10619724,Kong2025 contest user 123403,"[""iiic_crowdsourcing:kong2025""]",novice,-1.096456396192406,0.3578245128016465,-1.079993011575526,0.1647569187883052,106,0.1792452830188679
10619725,Kong2025 contest user 123466,"[""iiic_crowdsourcing:kong2025""]",experienced,-0.029144813743687777,0.1469856113222753,-0.3835835920166653,0.10566693243327739,221,0.19004524886877827
10619726,Kong2025 contest user 123472,"[""iiic_crowdsourcing:kong2025""]",other,-1.0694789601793375,0.22469480107319872,-0.8796941459675381,0.1060856908755482,213,0.14084507042253522
10619727,Kong2025 contest user 123544,"[""iiic_crowdsourcing:kong2025""]",novice,0.47232255755315555,0.05465479201265673,-0.2509912606986223,0.048637152022793534,1180,0.23559322033898306
10619728,Kong2025 contest user 123754,"[""iiic_crowdsourcing:kong2025""]",experienced,-0.6919617409432625,0.2984434241190211,-0.941783373036008,0.1437493000078051,129,0.17829457364341086
10619729,Kong2025 contest user 123943,"[""iiic_crowdsourcing:kong2025""]",novice,-0.7715209149612492,0.2028501728503707,-0.9655162171196113,0.09934558027534722,280,0.175
10619730,Kong2025 contest user 123961,"[""iiic_crowdsourcing:kong2025""]",other,-0.4683114894362668,0.1108539983650969,-0.8592800698816596,0.05792833700417936,793,0.17023959646910466
10619733,Kong2025 contest user 124062,"[""iiic_crowdsourcing:kong2025""]",other,0.6154593260344504,0.06431912988957517,-0.11339457472797636,0.06206886819862793,713,0.2482468443197756
10619736,Kong2025 contest user 124307,"[""iiic_crowdsourcing:kong2025""]",novice,0.3955456188406922,0.0983939024716955,0.15125356480546925,0.10215590291329801,241,0.2074688796680498
10619737,Kong2025 contest user 124314,"[""iiic_crowdsourcing:kong2025""]",other,-0.7295530174168267,0.2078601743051478,-0.37241339591253647,0.11715465155295134,149,0.06711409395973154
10619738,Kong2025 contest user 124358,"[""iiic_crowdsourcing:kong2025""]",novice,-1.1397084793309462,0.26999754265124815,-1.0506040722431635,0.1231044917504464,179,0.16201117318435754
10619739,Kong2025 contest user 124429,"[""iiic_crowdsourcing:kong2025""]",other,-0.6133563745096781,0.16119279409497597,-0.8840088546808936,0.08431936335437903,390,0.1794871794871795
10619740,Kong2025 contest user 124480,"[""iiic_crowdsourcing:kong2025""]",novice,-0.05248124945898396,0.09606879925301114,-0.26304975186353924,0.07094553211980942,472,0.163135593220339
10619744,Kong2025 contest user 124711,"[""iiic_crowdsourcing:kong2025""]",novice,0.5884165728937139,0.007299716165233158,0.5474378002643402,0.009546594825569911,33489,0.16760727403027859
10619745,Kong2025 contest user 124748,"[""iiic_crowdsourcing:kong2025""]",novice,-1.2494287364727363,0.2747623691152423,-0.47055608278185024,0.14272581501638146,102,0.058823529411764705
10619749,Kong2025 contest user 125012,"[""iiic_crowdsourcing:kong2025""]",novice,-0.972387444866348,0.21263896791973672,-0.8633981366120553,0.0986924867270753,236,0.13135593220338984
10619751,Kong2025 contest user 125043,"[""iiic_crowdsourcing:kong2025""]",novice,0.3278517814979561,0.16528217660662567,-0.33690311347228513,0.1379245602707072,149,0.2483221476510067
10619752,Kong2025 contest user 125048,"[""iiic_crowdsourcing:kong2025""]",other,-0.9394607877116562,0.18904778252280147,-0.8181398358300681,0.09136114760543229,279,0.13978494623655913
10619753,Kong2025 contest user 125106,"[""iiic_crowdsourcing:kong2025""]",other,0.14749218822945911,0.11283492487284952,0.10110313782084061,0.1094737487962536,216,0.1712962962962963
10619756,Kong2025 contest user 125232,"[""iiic_crowdsourcing:kong2025""]",experienced,-0.4102621460188,0.23311414016029008,-1.188012521685927,0.11704736154802049,271,0.2140221402214022
10619764,Kong2025 contest user 125530,"[""iiic_crowdsourcing:kong2025""]",novice,-0.3511615712462081,0.25712495746942865,-0.6171336256106641,0.14727451774827705,103,0.13592233009708737
10619767,Kong2025 contest user 125691,"[""iiic_crowdsourcing:kong2025""]",other,-1.1108323649743763,0.2577868925140138,-1.1041288538531215,0.11624355892666785,215,0.17674418604651163
10619773,Kong2025 contest user 125937,"[""iiic_crowdsourcing:kong2025""]",novice,-1.1573482585712167,0.22704794917843296,-0.790315385767339,0.09991662490182536,204,0.09803921568627451
10619774,Kong2025 contest user 125944,"[""iiic_crowdsourcing:kong2025""]",novice,-0.792106175246281,0.2979438288270584,-1.0479258507131457,0.14052829304057518,143,0.17482517482517482
10619776,Kong2025 contest user 125954,"[""iiic_crowdsourcing:kong2025""]",other,-0.5655865058119047,0.24957122680151755,-0.7726744969544111,0.13895179037164102,134,0.17164179104477612
10619777,Kong2025 contest user 126013,"[""iiic_crowdsourcing:kong2025""]",novice,-0.6212699262635653,0.21977999669912032,-0.8164643124782243,0.11197928261959003,190,0.14736842105263157
10619778,Kong2025 contest user 126116,"[""iiic_crowdsourcing:kong2025""]",other,-0.6433680740306492,0.22944845940399006,-1.0523875838231551,0.12144528010765641,228,0.20175438596491227
10619779,Kong2025 contest user 126201,"[""iiic_crowdsourcing:kong2025""]",novice,-0.14414567202262385,0.15267154082891482,-0.660927681274056,0.10001456589956728,297,0.21885521885521886
10619781,Kong2025 contest user 126442,"[""iiic_crowdsourcing:kong2025""]",novice,-1.212978542854269,0.3057208885077831,-0.9673831702025211,0.13185448401470723,131,0.12213740458015267
10619782,Kong2025 contest user 126453,"[""iiic_crowdsourcing:kong2025""]",novice,0.66883145681875,0.07597208739615134,0.36714389766289746,0.0880174342897573,332,0.19578313253012047
10619783,Kong2025 contest user 126494,"[""iiic_crowdsourcing:kong2025""]",novice,0.57414987768126,0.11724396493671145,0.4852145219154621,0.1409116689662293,132,0.1590909090909091
10619786,Kong2025 contest user 126618,"[""iiic_crowdsourcing:kong2025""]",other,-1.06862797378053,0.261107544115737,-0.8694489573309603,0.11423756447863785,163,0.11042944785276074
10619787,Kong2025 contest user 126648,"[""iiic_crowdsourcing:kong2025""]",other,-1.0522025856492605,0.20924341070702512,-1.1463956673455837,0.09213377103318976,354,0.18361581920903955
10619788,Kong2025 contest user 126709,"[""iiic_crowdsourcing:kong2025""]",other,-0.5432619728839166,0.21237449951054593,-0.7981050284754825,0.11944611611192713,194,0.18556701030927836
10619789,Kong2025 contest user 126717,"[""iiic_crowdsourcing:kong2025""]",novice,-0.9981904356646496,0.24762087625014195,-0.5726719622895934,0.12303696406995016,135,0.08888888888888889
10619790,Kong2025 contest user 126719,"[""iiic_crowdsourcing:kong2025""]",novice,0.21268877018164184,0.19727746399675763,-0.3102515403365938,0.14573949353721,111,0.18018018018018017
10619791,Kong2025 contest user 126735,"[""iiic_crowdsourcing:kong2025""]",novice,-0.7606934948392537,0.31179639390195973,-1.2064458318224396,0.15522731453609878,160,0.225
10619792,Kong2025 contest user 126746,"[""iiic_crowdsourcing:kong2025""]",other,-0.9955689559631018,0.2554269902559895,-0.8175874173626615,0.1168308435545379,157,0.11464968152866242
10619793,Kong2025 contest user 126753,"[""iiic_crowdsourcing:kong2025""]",novice,-0.44412539350631036,0.23335015535061734,-0.6052230018533837,0.13238090874706984,126,0.12698412698412698
10619797,Kong2025 contest user 126862,"[""iiic_crowdsourcing:kong2025""]",novice,-0.28287538229304504,0.10894888582297818,-0.9944257700833671,0.0638742037360542,991,0.25731584258324924
10619800,Kong2025 contest user 127013,"[""iiic_crowdsourcing:kong2025""]",novice,-0.5036970068218269,0.1863144056454665,-0.6011364430017011,0.10613134839058945,203,0.1477832512315271
10619801,Kong2025 contest user 127025,"[""iiic_crowdsourcing:kong2025""]",experienced,-0.029498201686234727,0.20460523015162643,-0.6642427995827557,0.12810099313560191,161,0.18012422360248448
10619803,Kong2025 contest user 127131,"[""iiic_crowdsourcing:kong2025""]",novice,-0.5845376351886212,0.1576843542384139,-0.6574044657708806,0.07989337313986103,330,0.10909090909090909
10619805,Kong2025 contest user 127241,"[""iiic_crowdsourcing:kong2025""]",novice,-0.8463049617989714,0.1379326584184539,-0.845598371168626,0.06187250985260114,565,0.1168141592920354
10619807,Kong2025 contest user 127283,"[""iiic_crowdsourcing:kong2025""]",other,-0.5571841718084932,0.1726456721196344,-0.8808165877430347,0.09162884275119035,338,0.1893491124260355
10619808,Kong2025 contest user 127394,"[""iiic_crowdsourcing:kong2025""]",novice,-0.20657108881807226,0.2030562827635415,-0.9280340902579863,0.11363931692903312,244,0.20491803278688525
10619811,Kong2025 contest user 127739,"[""iiic_crowdsourcing:kong2025""]",novice,-0.8679021829527154,0.2493800544596574,-0.7983606652473318,0.12004974910378678,150,0.12
10619812,Kong2025 contest user 127751,"[""iiic_crowdsourcing:kong2025""]",novice,0.4548738565816119,0.1056521555907208,0.22810525102634863,0.10630983142497118,224,0.16964285714285715
10619813,Kong2025 contest user 127794,"[""iiic_crowdsourcing:kong2025""]",novice,-0.6662057118086435,0.2660160831161993,-0.9688570077315329,0.13516387631479343,156,0.1794871794871795
10619819,Kong2025 contest user 128190,"[""iiic_crowdsourcing:kong2025""]",novice,-0.21611183079302007,0.25403848839020543,-0.8388971807709243,0.14768357968003798,139,0.2158273381294964
10619821,Kong2025 contest user 128382,"[""iiic_crowdsourcing:kong2025""]",novice,0.2977298890929874,0.17936406891265336,-0.4661092833208326,0.12921475964820128,161,0.2236024844720497
10619823,Kong2025 contest user 128688,"[""iiic_crowdsourcing:kong2025""]",novice,0.6294232499094676,0.04966367593289274,0.9254398743352941,0.09336297898444766,572,0.1520979020979021
10619824,Kong2025 contest user 128788,"[""iiic_crowdsourcing:kong2025""]",novice,0.06690810269243351,0.11992822789715339,-0.11487555814001202,0.09072083215301231,286,0.12937062937062938
10619825,Kong2025 contest user 128820,"[""iiic_crowdsourcing:kong2025""]",novice,-0.5384062632456897,0.19635145185663722,-0.430597266326471,0.10599883174982962,178,0.07865168539325842
10619828,Kong2025 contest user 129201,"[""iiic_crowdsourcing:kong2025""]",novice,1.2364011558437753,0.1364650550836824,0.04228931282563519,0.17494943211835884,103,0.3300970873786408
10619833,Kong2025 contest user 129490,"[""iiic_crowdsourcing:kong2025""]",novice,0.4227812564266906,0.13743534482088837,0.044365710992811586,0.12235072339665139,158,0.17721518987341772
10619834,Kong2025 contest user 129560,"[""iiic_crowdsourcing:kong2025""]",other,-0.22186698607666958,0.1878769054121186,-0.3882864859764734,0.11718598541670572,157,0.12101910828025478
10619835,Kong2025 contest user 129567,"[""iiic_crowdsourcing:kong2025""]",novice,-0.3285196708972954,0.17334667605242052,-0.48244765312029586,0.09992622651381741,212,0.12264150943396226
10619836,Kong2025 contest user 129619,"[""iiic_crowdsourcing:kong2025""]",novice,0.7415077460991728,0.07448910150382636,0.7160377773049258,0.11446046623616124,254,0.1732283464566929
10619837,Kong2025 contest user 129640,"[""iiic_crowdsourcing:kong2025""]",novice,-0.4313434657220484,0.15431805175771227,-0.6398463343757212,0.08464936879678632,320,0.146875
10619841,Kong2025 contest user 129941,"[""iiic_crowdsourcing:kong2025""]",other,-0.5318309211002481,0.14443830534926844,-0.85243612382806,0.07136016439626293,483,0.15527950310559005
10619846,Kong2025 contest user 130168,"[""iiic_crowdsourcing:kong2025""]",novice,0.11738257197169472,0.18181954470870834,-0.8496330513410426,0.11604924886141708,273,0.2564102564102564
10619847,Kong2025 contest user 130230,"[""iiic_crowdsourcing:kong2025""]",novice,0.6506061288940022,0.03890200351798001,0.8548726160507313,0.06392358221869118,1117,0.13160250671441362
10619853,Kong2025 contest user 130491,"[""iiic_crowdsourcing:kong2025""]",novice,0.6379779973538298,0.07771988616585995,0.5984378441381286,0.10240578298723378,281,0.16725978647686832
10619854,Kong2025 contest user 130541,"[""iiic_crowdsourcing:kong2025""]",novice,0.5132512219972749,0.12222105083712881,0.48349451420487105,0.14963101730974349,150,0.12
10619856,Kong2025 contest user 130561,"[""iiic_crowdsourcing:kong2025""]",novice,0.30090599511645016,0.14722699600614864,-0.09476552821174779,0.12395615541480554,164,0.17073170731707318
10619857,Kong2025 contest user 130659,"[""iiic_crowdsourcing:kong2025""]",novice,0.06300318599772348,0.138058646631282,-0.5378297485766655,0.08926842611940028,307,0.15960912052117263
10619860,Kong2025 contest user 130926,"[""iiic_crowdsourcing:kong2025""]",novice,-0.5088395011580864,0.0865394164685997,-0.5948756803965849,0.045644675022892205,1023,0.11925708699902249
10619861,Kong2025 contest user 130928,"[""iiic_crowdsourcing:kong2025""]",other,-0.8691091805210899,0.31221605926736484,-0.8816512705269923,0.147008381550203,107,0.1308411214953271
10619863,Kong2025 contest user 130997,"[""iiic_crowdsourcing:kong2025""]",other,-0.17268813497621976,0.21786692843337713,-0.8040581197340985,0.12563748349942902,175,0.18285714285714286
10619864,Kong2025 contest user 131000,"[""iiic_crowdsourcing:kong2025""]",novice,-0.49069655304380827,0.1594038357803385,-0.9130816200843306,0.08253660473419877,400,0.1675
10619865,Kong2025 contest user 131001,"[""iiic_crowdsourcing:kong2025""]",other,-0.11432651370370747,0.2123863483345961,-0.5936857543459363,0.13477644680765843,132,0.15151515151515152
10619867,Kong2025 contest user 131118,"[""iiic_crowdsourcing:kong2025""]",other,0.1477247428044346,0.18722042922439572,-0.1086323830235864,0.14490578289165468,110,0.12727272727272726
10619868,Kong2025 contest user 131174,"[""iiic_crowdsourcing:kong2025""]",other,-0.8616831521866827,0.13234074840451732,-0.70801662640388,0.06115254700239032,543,0.09576427255985268
10619869,Kong2025 contest user 131287,"[""iiic_crowdsourcing:kong2025""]",experienced,-0.201343886031725,0.23300110479969283,-0.817747559109031,0.1437298680819749,147,0.19727891156462585
10619870,Kong2025 contest user 131314,"[""iiic_crowdsourcing:kong2025""]",novice,0.6499748521069025,0.022991478757663414,0.9213276771993263,0.042378727601321296,2842,0.1354679802955665
10619871,Kong2025 contest user 131412,"[""iiic_crowdsourcing:kong2025""]",novice,0.0549992587772756,0.14969263663354354,-0.09611694966661252,0.1088137133587817,191,0.1099476439790576
10619872,Kong2025 contest user 131435,"[""iiic_crowdsourcing:kong2025""]",other,-0.6419829395720484,0.14177906047556166,-0.7064332961921638,0.07021027491668386,438,0.12100456621004566
10619873,Kong2025 contest user 131450,"[""iiic_crowdsourcing:kong2025""]",experienced,0.37143677192490143,0.11804040430306789,-0.15594678190073724,0.09467076192728109,268,0.17164179104477612
10619874,Kong2025 contest user 131457,"[""iiic_crowdsourcing:kong2025""]",novice,-0.12034239865692663,0.20590183124349878,-0.7546685112156114,0.12335067830686983,187,0.20320855614973263
10619875,Kong2025 contest user 131466,"[""iiic_crowdsourcing:kong2025""]",novice,-0.4260262466701625,0.23226479802361732,-0.7797929566816971,0.12313746646374567,161,0.15527950310559005
10619877,Kong2025 contest user 131544,"[""iiic_crowdsourcing:kong2025""]",novice,-0.5916924301691785,0.2592460042607063,-0.786830954765107,0.1309225781307441,130,0.12307692307692308
10619878,Kong2025 contest user 131571,"[""iiic_crowdsourcing:kong2025""]",other,-0.06745402635072816,0.16236627403281786,-0.9691619005296183,0.09332527483933807,413,0.23486682808716708
10619882,Kong2025 contest user 131906,"[""iiic_crowdsourcing:kong2025""]",other,-0.637170202380232,0.15816952265847042,-0.620338876856933,0.0828305582039512,301,0.10631229235880399
10619883,Kong2025 contest user 131945,"[""iiic_crowdsourcing:kong2025""]",novice,-0.5058251562459766,0.2646900746079944,-0.7491038104304617,0.13577258715814547,121,0.1322314049586777
10619884,Kong2025 contest user 132095,"[""iiic_crowdsourcing:kong2025""]",other,-0.15835135444093218,0.21551432830969983,-0.6524514221517997,0.13431408740139958,143,0.17482517482517482
10619885,Kong2025 contest user 132243,"[""iiic_crowdsourcing:kong2025""]",experienced,-0.4682657554189264,0.2507223770211393,-0.5284309076943318,0.14207253297826367,108,0.1111111111111111
10619887,Kong2025 contest user 132272,"[""iiic_crowdsourcing:kong2025""]",novice,0.6692814659562524,0.052036704984931945,0.9585581147603901,0.09652185932053005,541,0.17744916820702403
10619888,Kong2025 contest user 132459,"[""iiic_crowdsourcing:kong2025""]",other,0.3649950767812751,0.04970100961055644,-0.10249490051606719,0.04135594179381847,1393,0.1730078966259871
10619889,Kong2025 contest user 133064,"[""iiic_crowdsourcing:kong2025""]",novice,-0.5394864083112325,0.15153377715282934,-0.8742796033212118,0.07810954453260427,435,0.17011494252873563
10619893,Kong2025 contest user 134082,"[""iiic_crowdsourcing:kong2025""]",other,-0.31537772640411366,0.2047906687227661,-0.6858401787149196,0.1129239921517999,186,0.15591397849462366
10619894,Kong2025 contest user 134321,"[""iiic_crowdsourcing:kong2025""]",novice,-0.7572711650669667,0.31530411412307996,-0.9945545823888615,0.14859581237148425,120,0.16666666666666666
10619896,Kong2025 contest user 134865,"[""iiic_crowdsourcing:kong2025""]",novice,0.7674084055160278,0.0734226009028721,0.6235761040796619,0.10622956393529877,274,0.20072992700729927
10619897,Kong2025 contest user 135031,"[""iiic_crowdsourcing:kong2025""]",novice,0.5982598751481438,0.09531109526365646,1.799165564354101,0.4383501349154349,102,0.11764705882352941
10619900,Kong2025 contest user 135543,"[""iiic_crowdsourcing:kong2025""]",other,-0.9542045010764084,0.26449443289796437,-0.6841088382547907,0.12718273799940202,125,0.096
10619906,Kong2025 contest user 136738,"[""iiic_crowdsourcing:kong2025""]",novice,-0.6798158763631527,0.22360506773074534,-0.7414576193949676,0.10972892494372097,178,0.11797752808988764
10619909,Kong2025 contest user 137488,"[""iiic_crowdsourcing:kong2025""]",other,-0.21365445358231863,0.1593375263420377,-0.605536987237869,0.09481612930322134,272,0.16911764705882354
10619911,Kong2025 contest user 137745,"[""iiic_crowdsourcing:kong2025""]",novice,-0.44216848339510756,0.2516199570248573,-0.8608154695901495,0.1334572467011047,148,0.16891891891891891
10619915,Kong2025 contest user 138292,"[""iiic_crowdsourcing:kong2025""]",novice,-0.9804717416261571,0.25942624648583157,-0.6299922292367568,0.11787507233447654,140,0.07142857142857142
10619916,Kong2025 contest user 138331,"[""iiic_crowdsourcing:kong2025""]",experienced,-0.48388073808770515,0.26619554589711697,-0.6867845299355206,0.14794890985153,106,0.1509433962264151
10619918,Kong2025 contest user 138471,"[""iiic_crowdsourcing:kong2025""]",novice,-0.33258621895485263,0.15373222238215845,-0.651731655265426,0.08821521326603729,315,0.16507936507936508
10619925,Kong2025 contest user 139696,"[""iiic_crowdsourcing:kong2025""]",novice,0.5631861832482831,0.08493641464294055,1.1056575394886468,0.18736705492694725,223,0.10762331838565023
10619927,Kong2025 contest user 139763,"[""iiic_crowdsourcing:kong2025""]",novice,0.17545312548162065,0.06615535882558657,-0.41765287305617693,0.0459737791218101,1179,0.18744698897370654
10619933,Kong2025 contest user 141485,"[""iiic_crowdsourcing:kong2025""]",novice,-0.712179445056866,0.27869351614364596,-0.655876172270754,0.14350792959739883,100,0.11
10619939,Kong2025 contest user 142316,"[""iiic_crowdsourcing:kong2025""]",novice,0.3303463108302541,0.10492141019659025,-0.6083070715364645,0.07516653375206651,569,0.24956063268892795
10619942,Kong2025 contest user 142622,"[""iiic_crowdsourcing:kong2025""]",experienced,0.24538307629395278,0.19216771750470765,-0.2240657768403414,0.1456380845622172,109,0.1743119266055046
10619945,Kong2025 contest user 143127,"[""iiic_crowdsourcing:kong2025""]",novice,-0.3380291054499066,0.1955173394279065,-0.7271410690321004,0.11303696681491678,207,0.18357487922705315
10619949,Kong2025 contest user 143562,"[""iiic_crowdsourcing:kong2025""]",novice,-0.4198450598210769,0.21191897671591645,-0.8460020978844592,0.11150691630973304,212,0.17452830188679244
10619954,Kong2025 contest user 144712,"[""iiic_crowdsourcing:kong2025""]",novice,-0.40002262273944844,0.2276830385348537,-0.8199362648530837,0.12828103526404447,161,0.16149068322981366
10619956,Kong2025 contest user 145011,"[""iiic_crowdsourcing:kong2025""]",other,-0.5472506349143637,0.2414538606965849,-0.6065628628225928,0.1311725243066198,122,0.10655737704918032
10619959,Kong2025 contest user 145652,"[""iiic_crowdsourcing:kong2025""]",novice,-0.5280015885459891,0.15370147655623756,-0.9678262706963772,0.07957223333933447,488,0.20491803278688525
10619960,Kong2025 contest user 145713,"[""iiic_crowdsourcing:kong2025""]",novice,-0.9482287726057254,0.21091370631771758,-0.7519575367460383,0.09622885917246096,220,0.1
10619966,Kong2025 contest user 146602,"[""iiic_crowdsourcing:kong2025""]",other,-0.3366842514794927,0.14525801515496625,-0.43691749498819576,0.08328585209590054,306,0.1111111111111111
10619968,Kong2025 contest user 146716,"[""iiic_crowdsourcing:kong2025""]",novice,-0.27460781073119805,0.22507445466758907,-0.5641945202278609,0.13003159515607265,133,0.13533834586466165
10619971,Kong2025 contest user 147030,"[""iiic_crowdsourcing:kong2025""]",novice,0.4284028290108612,0.057771860923325626,0.29379837302611894,0.061328163863999585,710,0.1563380281690141
10619974,Kong2025 contest user 147761,"[""iiic_crowdsourcing:kong2025""]",novice,-0.42292243760868375,0.1945072465788242,-0.8301802755342809,0.10232346695415867,246,0.16260162601626016
10619978,Kong2025 contest user 148435,"[""iiic_crowdsourcing:kong2025""]",novice,-0.24158709380932122,0.23518614282125005,-0.74936177032195,0.1390514396380506,136,0.16911764705882354
10619979,Kong2025 contest user 148452,"[""iiic_crowdsourcing:kong2025""]",novice,-1.3267751419498675,0.23264558794505794,-0.8127806661922379,0.09522404233149537,215,0.06976744186046512
10619980,Kong2025 contest user 148499,"[""iiic_crowdsourcing:kong2025""]",novice,0.5087592944669506,0.05010756466596531,0.19772248666679804,0.04996641827598649,991,0.16246215943491424
10619981,Kong2025 contest user 148605,"[""iiic_crowdsourcing:kong2025""]",experienced,-0.866071092449959,0.19497456549417239,-0.7434592533743685,0.09097248011223708,252,0.10714285714285714
10619983,Kong2025 contest user 149372,"[""iiic_crowdsourcing:kong2025""]",other,-0.12700675803160422,0.15099763346308276,-0.7814651380251131,0.08922334741825733,360,0.19166666666666668
10619984,Kong2025 contest user 149394,"[""iiic_crowdsourcing:kong2025""]",novice,-0.5043743571180909,0.10163209985314386,-0.7706930577182863,0.05301401024652539,874,0.15789473684210525
10619985,Kong2025 contest user 149421,"[""iiic_crowdsourcing:kong2025""]",experienced,-0.42343018744143,0.20208198033409266,-0.7562349235662181,0.1076306679976763,207,0.1497584541062802
10619989,Kong2025 contest user 150586,"[""iiic_crowdsourcing:kong2025""]",novice,-0.6983507696453588,0.2602390552528383,-0.7361173473507236,0.12627017879049343,134,0.11940298507462686
10619991,Kong2025 contest user 150871,"[""iiic_crowdsourcing:kong2025""]",novice,-1.0806790408882785,0.22745724458182795,-0.7122572672271554,0.10343985911051756,188,0.09042553191489362
10619994,Kong2025 contest user 151355,"[""iiic_crowdsourcing:kong2025""]",novice,-0.24159108051109976,0.057258015055180154,-0.4996692265721601,0.03363438197588293,1971,0.13597158802638254
10619995,Kong2025 contest user 151414,"[""iiic_crowdsourcing:kong2025""]",other,0.698670972400929,0.11674590922303232,0.04124896261946859,0.13317869155388187,144,0.25
10619996,Kong2025 contest user 151723,"[""iiic_crowdsourcing:kong2025""]",other,-0.9319526479946166,0.2531369217609485,-0.5103075473585613,0.13076390893836765,120,0.075
10619997,Kong2025 contest user 151869,"[""iiic_crowdsourcing:kong2025""]",novice,0.12875658051499525,0.11699591178994319,-0.1459679968936515,0.08805614121734244,298,0.14093959731543623
10619999,Kong2025 contest user 152121,"[""iiic_crowdsourcing:kong2025""]",novice,-0.5336068942019626,0.12915943499089294,-0.6387816515612508,0.06930470061041895,457,0.12472647702407003
10620004,Kong2025 contest user 153289,"[""iiic_crowdsourcing:kong2025""]",novice,0.9205854831237696,0.09982230013373035,-0.14962307661261542,0.10399324042842858,284,0.2852112676056338
10620006,Kong2025 contest user 153628,"[""iiic_crowdsourcing:kong2025""]",novice,-0.0606763365622658,0.231087372209875,-0.37779290093116996,0.14839238645823902,100,0.14
10620007,Kong2025 contest user 153797,"[""iiic_crowdsourcing:kong2025""]",novice,0.7620861177435189,0.093855189077422,1.4780953889794612,0.2833872753727419,154,0.17532467532467533
10620013,Kong2025 contest user 155260,"[""iiic_crowdsourcing:kong2025""]",other,0.0749644930732894,0.0970494308822556,-0.43023603606567884,0.06636795153605561,544,0.1636029411764706
10620021,Kong2025 contest user 156537,"[""iiic_crowdsourcing:kong2025""]",novice,-1.0205088733547159,0.23712257841787704,-0.6512045027911514,0.10721743384347068,170,0.07058823529411765
10620023,Kong2025 contest user 157004,"[""iiic_crowdsourcing:kong2025""]",novice,-0.34803805533385895,0.07668036266544076,-0.5046388085226085,0.04420709925090686,1130,0.13097345132743363
10620027,Kong2025 contest user 158223,"[""iiic_crowdsourcing:kong2025""]",novice,0.2471962796262597,0.1436942769599076,-0.41072601254901636,0.10556055947710782,232,0.20689655172413793
10620036,Kong2025 contest user 160389,"[""iiic_crowdsourcing:kong2025""]",other,-0.12966013274516938,0.1691890445024253,-0.4952957138327843,0.10485734682936876,203,0.1330049261083744
10620039,Kong2025 contest user 160728,"[""iiic_crowdsourcing:kong2025""]",other,-0.6375456469717959,0.16318873234654294,-0.8490396479780239,0.0811281533267077,370,0.14864864864864866
10620047,Kong2025 contest user 162086,"[""iiic_crowdsourcing:kong2025""]",novice,-0.41995585874415314,0.20574345558721469,-0.8953488000871842,0.10689494516533499,234,0.16666666666666666
10620050,Kong2025 contest user 162961,"[""iiic_crowdsourcing:kong2025""]",novice,-0.8110535781630613,0.17400984234186245,-0.6825163962698648,0.08352120390917524,293,0.09556313993174062
10620057,Kong2025 contest user 165276,"[""iiic_crowdsourcing:kong2025""]",novice,-0.6211794497422518,0.23783052653649658,-0.6305271536056094,0.12047013608768388,138,0.09420289855072464
10620062,Kong2025 contest user 166493,"[""iiic_crowdsourcing:kong2025""]",novice,-0.9032135531970275,0.1493479781917065,-0.7234538099856336,0.06828048818555131,435,0.09195402298850575
10620067,Kong2025 contest user 167384,"[""iiic_crowdsourcing:kong2025""]",other,-0.6660104648790491,0.14449717368593742,-0.5300508538320319,0.0759648968982013,344,0.08430232558139535
10620069,Kong2025 contest user 167599,"[""iiic_crowdsourcing:kong2025""]",other,-0.43302418187001723,0.17795883017271422,-0.5479727030502506,0.09840814889729793,215,0.10697674418604651
10620072,Kong2025 contest user 168243,"[""iiic_crowdsourcing:kong2025""]",novice,-0.10503391446502933,0.16521065669758783,-0.39061654338891844,0.10445158936473292,196,0.1326530612244898
10620073,Kong2025 contest user 168462,"[""iiic_crowdsourcing:kong2025""]",novice,-0.27890374996891915,0.2513542777067637,-0.7161645944384532,0.14393171370801,119,0.15966386554621848
10620074,Kong2025 contest user 168674,"[""iiic_crowdsourcing:kong2025""]",other,0.39173898953015057,0.07704434604525265,0.05673440261280106,0.07000727692863196,512,0.16015625
10620078,Kong2025 contest user 169073,"[""iiic_crowdsourcing:kong2025""]",novice,-0.01657665824041711,0.2355079619698352,-0.7134322883508979,0.14531562877690984,133,0.21052631578947367
10620079,Kong2025 contest user 169118,"[""iiic_crowdsourcing:kong2025""]",other,-0.6640725812445203,0.11398091366790479,-0.7533530903434967,0.05733622961590628,701,0.1398002853067047
10620080,Kong2025 contest user 169281,"[""iiic_crowdsourcing:kong2025""]",novice,0.7506658006008947,0.06417861354412965,-0.4473961236381898,0.056216199243607684,1118,0.2898032200357782
10620081,Kong2025 contest user 169299,"[""iiic_crowdsourcing:kong2025""]",other,-0.25255487894677014,0.2522832162717305,-0.7126622124188371,0.1436961784872061,120,0.16666666666666666
10620082,Kong2025 contest user 169435,"[""iiic_crowdsourcing:kong2025""]",novice,1.120319358421424,0.07672822732728368,0.4792694563680377,0.11228963999233972,211,0.26540284360189575
10620084,Kong2025 contest user 169859,"[""iiic_crowdsourcing:kong2025""]",novice,-0.13749912464068093,0.20843686638826298,-0.7103353143637674,0.12574371388445554,170,0.18823529411764706
10620085,Kong2025 contest user 169995,"[""iiic_crowdsourcing:kong2025""]",novice,-0.4401911989520475,0.20038018833588472,-0.4429253154771451,0.1168937139771806,152,0.09868421052631579
10620086,Kong2025 contest user 170325,"[""iiic_crowdsourcing:kong2025""]",other,-0.9965552190537258,0.1498040505548985,-0.5960560740087008,0.06897537449088258,411,0.0705596107055961
10620090,Kong2025 contest user 171030,"[""iiic_crowdsourcing:kong2025""]",other,-0.14900125554153165,0.16998780923049264,-0.7694552202089139,0.10100481626538668,277,0.19133574007220217
10620091,Kong2025 contest user 171070,"[""iiic_crowdsourcing:kong2025""]",other,-0.6797507370711747,0.2018760474767356,-0.8672232992601328,0.10005217551548616,248,0.1532258064516129
10620092,Kong2025 contest user 171437,"[""iiic_crowdsourcing:kong2025""]",novice,-0.5082490016872061,0.18904647331431956,-0.7909196717125645,0.10370636638300561,237,0.16033755274261605
10620093,Kong2025 contest user 171790,"[""iiic_crowdsourcing:kong2025""]",other,-0.7635417174247934,0.23652774851960498,-0.7175587890171357,0.11968967007256473,150,0.10666666666666667
10620097,Kong2025 contest user 172411,"[""iiic_crowdsourcing:kong2025""]",novice,-0.5848229346632949,0.0806194523140675,-0.5623327144187792,0.04235925847455416,1181,0.1100762066045724
10620099,Kong2025 contest user 172553,"[""iiic_crowdsourcing:kong2025""]",other,-0.16664063640927626,0.1901059813924664,-0.4659743466717,0.12001476546257922,158,0.1518987341772152
10620101,Kong2025 contest user 172770,"[""iiic_crowdsourcing:kong2025""]",novice,-1.0762750270293335,0.11844607514318543,-0.5155870220097782,0.05525176892590468,663,0.05279034690799397
10620103,Kong2025 contest user 172890,"[""iiic_crowdsourcing:kong2025""]",novice,-0.82971328665757,0.127214629363204,-0.6586320640449432,0.060454846294695934,555,0.09009009009009009
10620104,Kong2025 contest user 172953,"[""iiic_crowdsourcing:kong2025""]",other,0.3813347381986519,0.06818009809023831,0.13222606062855477,0.06288174881726884,623,0.1508828250401284
10620105,Kong2025 contest user 172968,"[""iiic_crowdsourcing:kong2025""]",novice,-0.2557082637919615,0.2271603274430771,-0.8735760174892356,0.13907640475191146,170,0.21176470588235294
10620106,Kong2025 contest user 173194,"[""iiic_crowdsourcing:kong2025""]",novice,0.7322679613798788,0.12017311998094475,0.6235353830923493,0.16972312927508798,106,0.18867924528301888
10620107,Kong2025 contest user 173466,"[""iiic_crowdsourcing:kong2025""]",novice,0.5443602755200658,0.048356391681992836,0.7517615861846967,0.07300383907654133,780,0.13205128205128205
10620113,Kong2025 contest user 175195,"[""iiic_crowdsourcing:kong2025""]",novice,-0.2454380025313371,0.2011801976201773,-0.8956411779085512,0.11519810743142367,234,0.20085470085470086
10620116,Kong2025 contest user 175850,"[""iiic_crowdsourcing:kong2025""]",other,0.2693378692241195,0.13193365241006752,-0.32204321530351626,0.09564295832875286,256,0.16796875
10620117,Kong2025 contest user 175988,"[""iiic_crowdsourcing:kong2025""]",novice,-0.32033811119229993,0.1998523268739973,-0.6921791234902074,0.11466533997019118,189,0.15873015873015872
10620119,Kong2025 contest user 176287,"[""iiic_crowdsourcing:kong2025""]",experienced,-0.35785127001045397,0.23998743968166328,-0.8325483272511471,0.1254869535973225,160,0.1625
10620123,Kong2025 contest user 177520,"[""iiic_crowdsourcing:kong2025""]",novice,-0.6652808204034022,0.15160221592704048,-0.6230364025543016,0.07737427809352222,347,0.1037463976945245
10620126,Kong2025 contest user 177819,"[""iiic_crowdsourcing:kong2025""]",novice,-0.7662621997069409,0.24919561064810256,-0.6387236887002993,0.12775974987552507,127,0.11023622047244094
10620127,Kong2025 contest user 177873,"[""iiic_crowdsourcing:kong2025""]",other,0.5052040833554391,0.16469057239607682,-0.5915340425510752,0.12970473327264237,202,0.2524752475247525
10620128,Kong2025 contest user 178091,"[""iiic_crowdsourcing:kong2025""]",experienced,-0.07931940131351534,0.21361851169307275,-0.3035046375506448,0.14497636057158125,103,0.1262135922330097
10620129,Kong2025 contest user 178219,"[""iiic_crowdsourcing:kong2025""]",other,-0.2829656808540294,0.1983112472649878,-0.8345507979593375,0.11308688616697299,229,0.20087336244541484
10620130,Kong2025 contest user 178284,"[""iiic_crowdsourcing:kong2025""]",experienced,-0.8232147719418565,0.2180493515702976,-0.6987928047093384,0.10758792722124184,184,0.11413043478260869
10620131,Kong2025 contest user 178840,"[""iiic_crowdsourcing:kong2025""]",other,-0.6626106992414467,0.24816133842140864,-0.6399897385908324,0.12492257318778288,134,0.11194029850746269
10620132,Kong2025 contest user 179452,"[""iiic_crowdsourcing:kong2025""]",other,-0.11906008822821851,0.17727418884050922,-0.6849210288687909,0.1125561898490668,221,0.19457013574660634
10620133,Kong2025 contest user 179667,"[""iiic_crowdsourcing:kong2025""]",novice,0.1896796705202722,0.16664787890457788,-0.4353976112977841,0.11856249547378944,181,0.19337016574585636
10620135,Kong2025 contest user 180044,"[""iiic_crowdsourcing:kong2025""]",other,0.5947330401161623,0.14472216808436286,0.3218349023533859,0.15291899443940998,111,0.16216216216216217
10620137,Kong2025 contest user 180491,"[""iiic_crowdsourcing:kong2025""]",novice,-0.0715503335156339,0.19667746917817436,-0.8434633203810011,0.11399292459965943,238,0.2184873949579832
10620140,Kong2025 contest user 180958,"[""iiic_crowdsourcing:kong2025""]",novice,-0.19898645914403557,0.21341467529570607,-0.5539986216739263,0.12559837555428882,141,0.1347517730496454
10620141,Kong2025 contest user 181320,"[""iiic_crowdsourcing:kong2025""]",novice,-0.5346920232712048,0.20981726285226035,-0.7409850502771157,0.1097661288936279,186,0.12903225806451613
10620143,Kong2025 contest user 181965,"[""iiic_crowdsourcing:kong2025""]",other,-0.022272706444945476,0.17896889306316202,-0.6042408206387965,0.11124181772306341,201,0.17412935323383086
10620144,Kong2025 contest user 181978,"[""iiic_crowdsourcing:kong2025""]",other,-0.5772878260833577,0.16294533371868614,-0.695185253709465,0.08386595020538044,317,0.12933753943217666
10620145,Kong2025 contest user 182080,"[""iiic_crowdsourcing:kong2025""]",other,0.0641258181695021,0.09113390278998974,-0.7692361168252044,0.05792319386481098,970,0.2288659793814433
10620146,Kong2025 contest user 182257,"[""iiic_crowdsourcing:kong2025""]",experienced,-0.5688382672902461,0.17272774054927295,-0.6997353656755966,0.08821977894058922,284,0.1267605633802817
10620153,Kong2025 contest user 183170,"[""iiic_crowdsourcing:kong2025""]",novice,-0.42704149091417587,0.11506325396445642,-0.4290587021587506,0.06631454958035748,489,0.11042944785276074
10620154,Kong2025 contest user 183219,"[""iiic_crowdsourcing:kong2025""]",other,-0.305240846389829,0.21496318349412197,-0.5769354046581598,0.11843984801879037,151,0.11920529801324503
10620159,Kong2025 contest user 183581,"[""iiic_crowdsourcing:kong2025""]",other,0.08792383653129866,0.2683903993835413,-0.8956849588085192,0.1653034050616213,127,0.23622047244094488
10620160,Kong2025 contest user 183611,"[""iiic_crowdsourcing:kong2025""]",other,-1.0944425770725745,0.23223158470922678,-0.6930703589419478,0.10379990356939234,182,0.07142857142857142
10620161,Kong2025 contest user 183648,"[""iiic_crowdsourcing:kong2025""]",other,-0.7215723771249045,0.1330233742849683,-0.5350185564227758,0.06732152483786452,444,0.08558558558558559
10620165,Kong2025 contest user 184043,"[""iiic_crowdsourcing:kong2025""]",other,-0.16253654183388982,0.07858176405740197,-0.6188502934523211,0.04679752157023107,1129,0.1682905225863596
10620169,Kong2025 contest user 184961,"[""iiic_crowdsourcing:kong2025""]",novice,-0.9978713225217564,0.2570372292174322,-0.4885255552155392,0.12601854303721466,125,0.056
10620170,Kong2025 contest user 185843,"[""iiic_crowdsourcing:kong2025""]",novice,-0.2833630096000382,0.1731796349108498,-0.8227234106356212,0.1010905830652102,295,0.21016949152542372
10620173,Kong2025 contest user 186914,"[""iiic_crowdsourcing:kong2025""]",novice,-0.6116570843403497,0.2060405207385407,-0.42551210377501253,0.11428787623364688,159,0.0880503144654088
10620174,Kong2025 contest user 187036,"[""iiic_crowdsourcing:kong2025""]",other,-0.48739290343606223,0.08392533187937347,-0.6497629014820543,0.04362812917395276,1149,0.12619669277632725
10620175,Kong2025 contest user 187606,"[""iiic_crowdsourcing:kong2025""]",experienced,0.156535701935145,0.12308521634833723,-0.2019486333068293,0.09098572188594642,281,0.14590747330960854
10620178,Kong2025 contest user 188061,"[""iiic_crowdsourcing:kong2025""]",other,0.44960856468990834,0.09014810486782648,-0.1877750365984861,0.07548712063624756,440,0.19318181818181818
10620180,Kong2025 contest user 188185,"[""iiic_crowdsourcing:kong2025""]",other,-0.2981273269548503,0.2535184602212848,-0.7540372360049215,0.13790136881849868,129,0.16279069767441862
10620181,Kong2025 contest user 188468,"[""iiic_crowdsourcing:kong2025""]",other,0.119469369304294,0.06317567446474424,-0.1927239601371293,0.04626862129403124,1073,0.14818266542404473
10620182,Kong2025 contest user 188521,"[""iiic_crowdsourcing:kong2025""]",novice,-0.5942117659215236,0.3232556905682271,-0.9797960621951957,0.164099266711978,105,0.18095238095238095
10620183,Kong2025 contest user 188853,"[""iiic_crowdsourcing:kong2025""]",other,-0.9545142223361942,0.164891008821704,-0.8914058117102001,0.07449952087844319,408,0.125
10620184,Kong2025 contest user 188969,"[""iiic_crowdsourcing:kong2025""]",other,-0.7726454240946693,0.30752259842973506,-1.1167945459631536,0.14542085942153501,148,0.19594594594594594
10620185,Kong2025 contest user 189368,"[""iiic_crowdsourcing:kong2025""]",novice,-0.620012885014012,0.216084432474046,-0.7241766723192126,0.1077103478182893,189,0.12169312169312169
10620186,Kong2025 contest user 190792,"[""iiic_crowdsourcing:kong2025""]",novice,-0.7139756839204513,0.26300631977500105,-0.47865049503475393,0.13833083318387426,105,0.0761904761904762
10620187,Kong2025 contest user 191280,"[""iiic_crowdsourcing:kong2025""]",novice,0.028395087271954573,0.1746466720198898,-0.4474299929817065,0.11812992159303833,174,0.1724137931034483
10620189,Kong2025 contest user 191521,"[""iiic_crowdsourcing:kong2025""]",other,0.11684457590815371,0.16059178176582803,-0.40615782272204887,0.1143711846700956,194,0.20103092783505155
10620191,Kong2025 contest user 192318,"[""iiic_crowdsourcing:kong2025""]",other,-0.022898407213689836,0.2772959066722613,-0.9143472231482925,0.15994728002592376,121,0.2066115702479339
10620193,Kong2025 contest user 192532,"[""iiic_crowdsourcing:kong2025""]",novice,0.117930884127423,0.23690733094564478,-0.7123296302323837,0.1618450629470554,119,0.2184873949579832
10620195,Kong2025 contest user 193336,"[""iiic_crowdsourcing:kong2025""]",novice,0.040444343305319895,0.2462173766458709,-0.568790592691034,0.16074807230952126,106,0.22641509433962265
10620201,Kong2025 contest user 194929,"[""iiic_crowdsourcing:kong2025""]",novice,-0.37142688081185354,0.23563077445816363,-0.686414068279463,0.12863442362703703,137,0.1386861313868613
10620203,Kong2025 contest user 195388,"[""iiic_crowdsourcing:kong2025""]",novice,-0.6385014554808811,0.2564257129903789,-0.6570219803018136,0.1371860878179705,118,0.1271186440677966
10620204,Kong2025 contest user 195678,"[""iiic_crowdsourcing:kong2025""]",novice,0.38328721813522654,0.1256055607206262,-0.5011070996625504,0.09766523783011152,320,0.23125
10620205,Kong2025 contest user 195948,"[""iiic_crowdsourcing:kong2025""]",novice,-0.7421067992490518,0.2572434727514491,-0.6166550600910568,0.1347725948293492,115,0.11304347826086956
10620210,Kong2025 contest user 198478,"[""iiic_crowdsourcing:kong2025""]",other,-0.09445930694260513,0.18554852373395803,-0.5115647537551385,0.11666965152259984,167,0.1497005988023952
10620213,Kong2025 contest user 199067,"[""iiic_crowdsourcing:kong2025""]",novice,-0.44192108838438227,0.3279873455313591,-1.3734837616704199,0.16881304901718627,196,0.2857142857142857
10620221,Kong2025 contest user 202810,"[""iiic_crowdsourcing:kong2025""]",experienced,-0.4037846469377074,0.2744272778202364,-0.6614793615850157,0.14827831245180323,100,0.13
10620224,Kong2025 contest user 203178,"[""iiic_crowdsourcing:kong2025""]",other,-0.07338041844664532,0.20224114600465976,-0.5270037866775067,0.12772672967249987,145,0.15862068965517243
10620227,Kong2025 contest user 203528,"[""iiic_crowdsourcing:kong2025""]",novice,0.5610756846343923,0.07996403705887001,1.1228322727417894,0.18912301367638576,203,0.15763546798029557
10620229,Kong2025 contest user 203808,"[""iiic_crowdsourcing:kong2025""]",novice,-0.2656867964046024,0.19464729195847127,-0.7673172736032376,0.10681276709628769,228,0.18421052631578946
10620234,Kong2025 contest user 204901,"[""iiic_crowdsourcing:kong2025""]",novice,-0.37445114219118264,0.2544175103104317,-0.5094599873044231,0.14280651931622498,102,0.10784313725490197
10620243,Kong2025 contest user 206395,"[""iiic_crowdsourcing:kong2025""]",novice,-0.5204115985689226,0.21805705921175647,-1.0199901901151476,0.10917122984987383,257,0.19844357976653695
10620244,Kong2025 contest user 206725,"[""iiic_crowdsourcing:kong2025""]",novice,0.32764900538301606,0.10447520605113089,-0.1853073437260772,0.08359358815286787,325,0.16615384615384615
10620245,Kong2025 contest user 206850,"[""iiic_crowdsourcing:kong2025""]",novice,-0.21227466875005033,0.1091699430459696,-0.8025235159080005,0.061942455716109304,736,0.19157608695652173
10620247,Kong2025 contest user 207027,"[""iiic_crowdsourcing:kong2025""]",other,-0.5939615923931377,0.22810250651357877,-0.4612434054093101,0.11792871984349211,146,0.0684931506849315
10620249,Kong2025 contest user 207149,"[""iiic_crowdsourcing:kong2025""]",other,-0.3851087901344215,0.2385089721122437,-0.15929788115933616,0.1474503333662472,105,0.05714285714285714
10620252,Kong2025 contest user 207876,"[""iiic_crowdsourcing:kong2025""]",other,-0.44497884033541696,0.1945650247174428,-0.878815407600621,0.10035523934811923,256,0.15625
10620256,Kong2025 contest user 208448,"[""iiic_crowdsourcing:kong2025""]",novice,-0.7557824207029361,0.1366143360472189,-0.6811585034907308,0.06599659245496745,475,0.10736842105263159
10620261,Kong2025 contest user 209380,"[""iiic_crowdsourcing:kong2025""]",other,-1.1605684709329112,0.2561461348296961,-0.5545848266605086,0.1164346124450614,146,0.0547945205479452
10620262,Kong2025 contest user 209755,"[""iiic_crowdsourcing:kong2025""]",other,-0.20756264298321864,0.1867236244519299,-0.04859307966400237,0.12902933614409506,143,0.06993006993006994
10620263,Kong2025 contest user 209927,"[""iiic_crowdsourcing:kong2025""]",other,-0.8734110282426678,0.17801387645968966,-0.9281545870472727,0.08129076314238953,358,0.1340782122905028
10620266,Kong2025 contest user 210313,"[""iiic_crowdsourcing:kong2025""]",other,-0.008071549957321374,0.21078415611183093,-0.5052796795228496,0.13881498743076745,126,0.1746031746031746
10620267,Kong2025 contest user 210659,"[""iiic_crowdsourcing:kong2025""]",novice,-0.16797763939806482,0.285296764403592,-0.97168371256357,0.16323801030208648,128,0.2265625
10620271,Kong2025 contest user 212593,"[""iiic_crowdsourcing:kong2025""]",other,-0.05885932328579073,0.17760740478682469,-0.8216269640900147,0.1080688503529356,278,0.2302158273381295
10620272,Kong2025 contest user 212778,"[""iiic_crowdsourcing:kong2025""]",novice,-0.940229472930057,0.28023542652218836,-1.1060968485116125,0.12228264027875246,184,0.16847826086956522
10620275,Kong2025 contest user 213171,"[""iiic_crowdsourcing:kong2025""]",novice,0.00085881775123286,0.17157398722229344,-0.46282858645652375,0.11858602706720646,179,0.18994413407821228
10620276,Kong2025 contest user 213329,"[""iiic_crowdsourcing:kong2025""]",novice,-0.42236148833725,0.22868849280898845,-0.4734216044232535,0.13236037534459466,124,0.11290322580645161
10620280,Kong2025 contest user 214138,"[""iiic_crowdsourcing:kong2025""]",other,-0.7771456545000635,0.2682773339858349,-0.7388394937787139,0.1284596206740112,129,0.11627906976744186
10620282,Kong2025 contest user 214497,"[""iiic_crowdsourcing:kong2025""]",other,-0.7235802951938737,0.18749561365327672,-0.7486276389880266,0.09082213036847865,265,0.12075471698113208
10620284,Kong2025 contest user 214675,"[""iiic_crowdsourcing:kong2025""]",other,-0.2895081435268499,0.20543474015536553,-0.655051399118087,0.11735571020714856,174,0.16091954022988506
10620285,Kong2025 contest user 214919,"[""iiic_crowdsourcing:kong2025""]",novice,-0.6298045526669204,0.1356400478615125,-0.9304841548397563,0.06551869434642918,614,0.16938110749185667
10620287,Kong2025 contest user 215460,"[""iiic_crowdsourcing:kong2025""]",other,0.4008221787970638,0.11472846485375002,-0.29480966876349324,0.09459585429920857,303,0.2145214521452145
10620288,Kong2025 contest user 215741,"[""iiic_crowdsourcing:kong2025""]",experienced,-0.24947772952294914,0.12824467101218334,-0.6802118283524429,0.07377579605985443,460,0.16521739130434782
10620290,Kong2025 contest user 216202,"[""iiic_crowdsourcing:kong2025""]",other,-0.11606721476934084,0.18706648865689565,-0.406874821585417,0.11968044403332279,154,0.12987012987012986
10620294,Kong2025 contest user 217117,"[""iiic_crowdsourcing:kong2025""]",novice,-0.08864531497637325,0.2361681008462453,-0.5865211261788411,0.14715699403228527,112,0.16964285714285715
10620295,Kong2025 contest user 217241,"[""iiic_crowdsourcing:kong2025""]",experienced,-0.15094305453621057,0.15341090017695447,-0.6453636674479111,0.09472950648154238,301,0.19601328903654486
10620297,Kong2025 contest user 217713,"[""iiic_crowdsourcing:kong2025""]",other,-0.46810392649560456,0.17436722749380887,-0.6396678123724001,0.09421736785218937,251,0.13147410358565736
10620298,Kong2025 contest user 217769,"[""iiic_crowdsourcing:kong2025""]",other,-0.48928254549172173,0.18245921418581637,-0.6341594809834478,0.09787953691691562,234,0.13247863247863248
10620299,Kong2025 contest user 217792,"[""iiic_crowdsourcing:kong2025""]",other,-0.9980519180629721,0.21559089042489377,-0.5450901985115221,0.10359328817293673,188,0.06914893617021277
10620304,Kong2025 contest user 219855,"[""iiic_crowdsourcing:kong2025""]",other,-0.9100549749014953,0.2219468630841504,-0.6606579814428485,0.10352034631323273,189,0.08994708994708994
10620306,Kong2025 contest user 220614,"[""iiic_crowdsourcing:kong2025""]",other,-0.16850282792932184,0.24108027900133375,-0.5457236472522987,0.1434063433344463,108,0.14814814814814814
10620310,Kong2025 contest user 221302,"[""iiic_crowdsourcing:kong2025""]",novice,-0.33186734307409177,0.20068888932231674,-0.6350217555922335,0.11229257888256196,187,0.16042780748663102
10620311,Kong2025 contest user 221416,"[""iiic_crowdsourcing:kong2025""]",novice,-0.20405728345529936,0.2468722311753316,-0.6954247914626793,0.1401815665899923,124,0.1693548387096774
10620312,Kong2025 contest user 221622,"[""iiic_crowdsourcing:kong2025""]",novice,-0.7787907697971694,0.2465273429039487,-0.7016600469114866,0.11970899630191242,148,0.11486486486486487
10620313,Kong2025 contest user 221684,"[""iiic_crowdsourcing:kong2025""]",novice,0.19700489052166095,0.16463500540352868,-0.5944349132787061,0.11411996373771138,226,0.22123893805309736
10620315,Kong2025 contest user 221826,"[""iiic_crowdsourcing:kong2025""]",experienced,-0.6967900202580782,0.1525656545991718,-0.7043841965328566,0.07439284803911761,382,0.112565445026178
10620317,Kong2025 contest user 222541,"[""iiic_crowdsourcing:kong2025""]",novice,0.49264153196350324,0.05035425772683043,0.557027844428445,0.06545025073672667,790,0.14303797468354432
10620319,Kong2025 contest user 222892,"[""iiic_crowdsourcing:kong2025""]",novice,-0.40941161896477557,0.11835620506195461,-0.6791091908031258,0.06309384675929425,569,0.13532513181019332
10620320,Kong2025 contest user 223106,"[""iiic_crowdsourcing:kong2025""]",other,-0.7009017568906305,0.21621531492759247,-0.6721371154806848,0.10552870260442974,188,0.11170212765957446
10620323,Kong2025 contest user 223285,"[""iiic_crowdsourcing:kong2025""]",experienced,0.296115246707852,0.07295096151330407,0.00609050593632285,0.062076477813596924,630,0.14126984126984127
10620325,Kong2025 contest user 223652,"[""iiic_crowdsourcing:kong2025""]",other,-0.6990892878121046,0.25735656591615097,-0.49345409759359543,0.13046520613577373,112,0.0625
10620328,Kong2025 contest user 224761,"[""iiic_crowdsourcing:kong2025""]",novice,0.6140171852171307,0.0320402214689978,0.7867747464681337,0.05209616120388874,1541,0.15704088254380272
10620332,Kong2025 contest user 225261,"[""iiic_crowdsourcing:kong2025""]",novice,-1.0617401864708167,0.2961547179526749,-1.0384536817295704,0.13142308320507018,147,0.14965986394557823
10620334,Kong2025 contest user 225332,"[""iiic_crowdsourcing:kong2025""]",novice,-0.20021307979604971,0.23735060540896707,-0.5307223611771354,0.1417648261645394,109,0.13761467889908258
10620336,Kong2025 contest user 225542,"[""iiic_crowdsourcing:kong2025""]",novice,0.08481994435213008,0.1923687666604576,-0.33382693910908334,0.14616978568466346,104,0.15384615384615385
10620338,Kong2025 contest user 226265,"[""iiic_crowdsourcing:kong2025""]",other,-0.942435368460713,0.29877882044145665,-0.8232269203120715,0.13814885147854378,114,0.11403508771929824
10620341,Kong2025 contest user 226689,"[""iiic_crowdsourcing:kong2025""]",novice,-0.8867979192597804,0.21984092079690826,-0.6585967631044846,0.10320380372120151,188,0.0851063829787234
10620343,Kong2025 contest user 226839,"[""iiic_crowdsourcing:kong2025""]",novice,0.2486375884124106,0.12874099206063291,-0.22401155586937668,0.09712410366496442,242,0.1652892561983471
10620344,Kong2025 contest user 226843,"[""iiic_crowdsourcing:kong2025""]",other,-0.4031126229663129,0.25548955147356783,-0.7172315666064359,0.13539067808520236,122,0.13114754098360656
10620347,Kong2025 contest user 227674,"[""iiic_crowdsourcing:kong2025""]",other,-1.221298951684412,0.2231029040116663,-0.5980598772127349,0.10162876482519474,196,0.05612244897959184
10620349,Kong2025 contest user 227931,"[""iiic_crowdsourcing:kong2025""]",novice,0.08798439917840088,0.10813565932154551,-0.45898762710699753,0.07299671004652741,470,0.1851063829787234
10620351,Kong2025 contest user 228025,"[""iiic_crowdsourcing:kong2025""]",novice,-0.2176114067141707,0.20933228882140525,-0.8064428307876538,0.12120422681704035,195,0.19487179487179487
10620357,Kong2025 contest user 230123,"[""iiic_crowdsourcing:kong2025""]",novice,-0.4879396222356745,0.2699592108033928,-0.5751875340174594,0.14125627731020596,100,0.09
10620363,Kong2025 contest user 231103,"[""iiic_crowdsourcing:kong2025""]",experienced,-0.41034546742911676,0.24939867339361485,-0.8361388545923076,0.13170666453523477,147,0.16326530612244897
10620364,Kong2025 contest user 231870,"[""iiic_crowdsourcing:kong2025""]",novice,-0.6767495282785165,0.22874255574648875,-0.7074885837404796,0.11688824055082332,160,0.125
10620366,Kong2025 contest user 231947,"[""iiic_crowdsourcing:kong2025""]",other,-0.4527288384233494,0.18987692153601948,-0.6509329881356706,0.10883366260772646,198,0.14646464646464646
10620367,Kong2025 contest user 233302,"[""iiic_crowdsourcing:kong2025""]",novice,0.18933668885481653,0.24200068310004968,-0.6024759701227923,0.15898643238513077,105,0.20952380952380953
10620371,Kong2025 contest user 233505,"[""iiic_crowdsourcing:kong2025""]",other,0.45967822246852236,0.07557809551943417,-0.025148408745935907,0.06773003666850806,526,0.1920152091254753
10620373,Kong2025 contest user 233598,"[""iiic_crowdsourcing:kong2025""]",novice,-0.9811340556885906,0.15991628038714675,-0.6822735245830813,0.07265840921068471,369,0.07859078590785908
10620374,Kong2025 contest user 233869,"[""iiic_crowdsourcing:kong2025""]",novice,-0.8492897372462052,0.1774124092993312,-0.6506364902759247,0.08512580750231678,277,0.09386281588447654
10620375,Kong2025 contest user 233881,"[""iiic_crowdsourcing:kong2025""]",other,0.4490159685945376,0.036694216279272655,-0.1332467567997318,0.031354978303575275,2519,0.1980944819372767
10620376,Kong2025 contest user 233957,"[""iiic_crowdsourcing:kong2025""]",novice,-0.31617705190496126,0.2112875225720052,-0.7037807023564387,0.11725832163735739,175,0.16
10620377,Kong2025 contest user 234113,"[""iiic_crowdsourcing:kong2025""]",other,-0.41924502668567615,0.46792007225823795,-1.511869467945443,0.24518372070225616,108,0.2962962962962963
10620381,Kong2025 contest user 234288,"[""iiic_crowdsourcing:kong2025""]",novice,-0.6261944352165477,0.24263609983401635,-0.4885382295990775,0.12552847098180359,128,0.078125
10620382,Kong2025 contest user 234386,"[""iiic_crowdsourcing:kong2025""]",novice,0.58755222228034,0.046564798188616634,0.9558996638687739,0.09126614082678579,695,0.13525179856115108
10620392,Kong2025 contest user 235934,"[""iiic_crowdsourcing:kong2025""]",novice,0.442687438599333,0.13012411680142744,0.08996248831374552,0.11994101420849287,160,0.15
10620393,Kong2025 contest user 235945,"[""iiic_crowdsourcing:kong2025""]",novice,0.6706332575699541,0.09203675662925652,0.9561345710980137,0.17362562863812542,167,0.17365269461077845
10620394,Kong2025 contest user 236043,"[""iiic_crowdsourcing:kong2025""]",experienced,-0.12088236285415575,0.17944551029651643,-0.3931518457701147,0.11260197177532928,170,0.12352941176470589
10620396,Kong2025 contest user 236256,"[""iiic_crowdsourcing:kong2025""]",novice,-0.4881248268139314,0.2344546290064538,-0.42757102592890006,0.12722018802271606,123,0.07317073170731707
10620397,Kong2025 contest user 236481,"[""iiic_crowdsourcing:kong2025""]",other,0.25172687984985065,0.1392975420032643,-0.5236479505188506,0.09452276291763921,290,0.1896551724137931
10620398,Kong2025 contest user 236560,"[""iiic_crowdsourcing:kong2025""]",novice,-0.4875937749248265,0.12712428761177827,-0.6071840070295256,0.06756000226613995,473,0.1226215644820296
10620403,Kong2025 contest user 237642,"[""iiic_crowdsourcing:kong2025""]",novice,0.703078087254126,0.11185447586945328,0.7957455562339406,0.16616196407440242,122,0.1885245901639344
10620404,Kong2025 contest user 237949,"[""iiic_crowdsourcing:kong2025""]",other,0.02533633536519851,0.24361715517003513,-0.842105341270685,0.14785542209856786,143,0.21678321678321677
10620407,Kong2025 contest user 238660,"[""iiic_crowdsourcing:kong2025""]",novice,-0.3153190342680292,0.15752150654641442,-0.7491371534493918,0.08592387792453951,338,0.15976331360946747
10620409,Kong2025 contest user 239241,"[""iiic_crowdsourcing:kong2025""]",novice,-0.7510053312031242,0.11102969441502875,-0.9883581226462405,0.05258125370678216,996,0.1746987951807229
10620410,Kong2025 contest user 239410,"[""iiic_crowdsourcing:kong2025""]",experienced,-0.6727885771519635,0.2331926163785117,-0.8018825443891767,0.11051119523674431,177,0.11864406779661017
10620413,Kong2025 contest user 240082,"[""iiic_crowdsourcing:kong2025""]",novice,-0.29471980534330355,0.22029450898271735,-0.503882981491259,0.1350175802771229,125,0.152
10620419,Kong2025 contest user 241305,"[""iiic_crowdsourcing:kong2025""]",other,0.24118522613027393,0.04342681596506992,-0.3698861959608504,0.03149631888578373,2525,0.18732673267326733
10620420,Kong2025 contest user 241595,"[""iiic_crowdsourcing:kong2025""]",other,-0.592490400181579,0.18428925739084093,-0.5753179307331922,0.09818780755477613,213,0.10328638497652583
10620422,Kong2025 contest user 241770,"[""iiic_crowdsourcing:kong2025""]",other,0.06616115091716052,0.08561254681173067,-0.5562297328971249,0.05602308680048363,842,0.19358669833729217
10620425,Kong2025 contest user 242225,"[""iiic_crowdsourcing:kong2025""]",other,0.052819635308535035,0.17013818609720058,-0.7348441570455011,0.10500356365198008,258,0.1937984496124031
10620426,Kong2025 contest user 242271,"[""iiic_crowdsourcing:kong2025""]",novice,-0.36787243967776495,0.09266599218794742,-0.5445905341375133,0.052639271207048234,803,0.13449564134495642
10620432,Kong2025 contest user 242944,"[""iiic_crowdsourcing:kong2025""]",novice,-0.676888022812838,0.19854783766447096,-0.5795272018543275,0.10316069959091412,198,0.10606060606060606
10620434,Kong2025 contest user 244200,"[""iiic_crowdsourcing:kong2025""]",novice,-0.5927084990830751,0.27183891459596393,-0.9841167140887818,0.13411004699731932,157,0.18471337579617833
10620436,Kong2025 contest user 245158,"[""iiic_crowdsourcing:kong2025""]",other,-0.459909145182146,0.13085203865684455,-0.6817370697990192,0.07164186507646293,451,0.13747228381374724
10620438,Kong2025 contest user 245628,"[""iiic_crowdsourcing:kong2025""]",novice,-0.4378904755303037,0.2513300978268801,-0.9730838835054268,0.13069110874460513,178,0.20224719101123595
10620443,Kong2025 contest user 246466,"[""iiic_crowdsourcing:kong2025""]",novice,-1.025551211018352,0.23286905853870565,-0.689864932654926,0.10586424782764942,176,0.07954545454545454
10620446,Kong2025 contest user 247167,"[""iiic_crowdsourcing:kong2025""]",other,-0.8812882639116166,0.13940147049841287,-0.7389422119515816,0.06526885907122319,488,0.10245901639344263
10620447,Kong2025 contest user 247625,"[""iiic_crowdsourcing:kong2025""]",experienced,-0.5187964415181207,0.18126662092160845,-0.6657738317082356,0.09400119758803754,250,0.132
10620448,Kong2025 contest user 248859,"[""iiic_crowdsourcing:kong2025""]",other,-0.6099180529514506,0.2798990631759039,-0.6693098160809579,0.1392269056553618,105,0.10476190476190476
10620451,Kong2025 contest user 249143,"[""iiic_crowdsourcing:kong2025""]",other,-0.2885994779666262,0.11075136364475592,-0.8267690843526746,0.06065739675281386,743,0.17765814266487215
10620453,Kong2025 contest user 249213,"[""iiic_crowdsourcing:kong2025""]",novice,-0.07572659404970075,0.13489563803711854,-0.5197468646765844,0.08967081068969474,331,0.2054380664652568
10620460,Kong2025 contest user 250027,"[""iiic_crowdsourcing:kong2025""]",novice,0.279164269807338,0.11055397251575078,-0.17633821847530728,0.08723863281192228,302,0.16225165562913907
10620461,Kong2025 contest user 250033,"[""iiic_crowdsourcing:kong2025""]",experienced,-0.6557180372806164,0.19485279896128638,-0.749179603158961,0.09635175193055556,239,0.12552301255230125
10620466,Kong2025 contest user 251531,"[""iiic_crowdsourcing:kong2025""]",other,-0.8597196410723553,0.33674598732943295,-1.0532199807099665,0.1492237909165302,116,0.15517241379310345
10620469,Kong2025 contest user 251817,"[""iiic_crowdsourcing:kong2025""]",novice,0.4023218437997461,0.13197864264214568,0.03582964479730413,0.116728261371021,170,0.15294117647058825
10620471,Kong2025 contest user 251970,"[""iiic_crowdsourcing:kong2025""]",other,0.3167336338960134,0.12306639565455635,-0.5124975583432841,0.09100485244324719,346,0.2138728323699422
10620475,Kong2025 contest user 252347,"[""iiic_crowdsourcing:kong2025""]",novice,0.06471144266546412,0.2929919575137303,-1.2361267181082178,0.18159325803265064,195,0.3230769230769231
10620478,Kong2025 contest user 252998,"[""iiic_crowdsourcing:kong2025""]",other,-0.6506038592894718,0.30874864693420206,-0.9864752542610977,0.16373770051846695,117,0.20512820512820512
10620479,Kong2025 contest user 253170,"[""iiic_crowdsourcing:kong2025""]",novice,0.7545142519299585,0.08466677199676574,-0.06349515049944893,0.08896310047072217,358,0.24581005586592178
10620481,Kong2025 contest user 253328,"[""iiic_crowdsourcing:kong2025""]",experienced,0.028723226895740212,0.09543876652060482,-0.48520336246374934,0.06260563391030341,633,0.17377567140600317
10620483,Kong2025 contest user 253509,"[""iiic_crowdsourcing:kong2025""]",novice,-0.6571294988568704,0.2421963111527993,-0.66591850148841,0.11870713979207179,144,0.10416666666666667
10620485,Kong2025 contest user 253896,"[""iiic_crowdsourcing:kong2025""]",other,-0.5346614950354553,0.23425647672508082,-0.8144825861530869,0.12113874174295187,168,0.15476190476190477
10620486,Kong2025 contest user 254045,"[""iiic_crowdsourcing:kong2025""]",other,-0.6759177359448566,0.27371612994491057,-0.947668456922578,0.12789922232986048,151,0.152317880794702
10620487,Kong2025 contest user 254125,"[""iiic_crowdsourcing:kong2025""]",other,-0.27906466594843654,0.21894165255685868,-0.6578030880952046,0.1217808129477475,157,0.15286624203821655
10620488,Kong2025 contest user 254284,"[""iiic_crowdsourcing:kong2025""]",other,-0.7543865069281794,0.25648427870902624,-1.0266891766970243,0.11937243642412422,191,0.16753926701570682
10620497,Kong2025 contest user 255245,"[""iiic_crowdsourcing:kong2025""]",other,0.029377194687940422,0.11764630875107598,-0.5003006858783512,0.07891063103818872,410,0.18292682926829268
10620504,Kong2025 contest user 255831,"[""iiic_crowdsourcing:kong2025""]",experienced,0.07681166099978388,0.18561721542344098,-0.5623115149083152,0.1221836494976854,174,0.1839080459770115
10620508,Kong2025 contest user 257012,"[""iiic_crowdsourcing:kong2025""]",experienced,-0.6131677212360079,0.2374939935141739,-0.28512698069926584,0.13427864610395354,117,0.05128205128205128
10620509,Kong2025 contest user 257015,"[""iiic_crowdsourcing:kong2025""]",novice,0.2605950829331465,0.10377959399561577,-0.3857741132555596,0.07556693138251866,437,0.17848970251716248
10620511,Kong2025 contest user 257199,"[""iiic_crowdsourcing:kong2025""]",other,-0.36066920415690296,0.17077776679336432,-0.7480949461441697,0.09195241314745342,286,0.15384615384615385
10620513,Kong2025 contest user 257578,"[""iiic_crowdsourcing:kong2025""]",novice,-0.37174309947330464,0.28138112063099463,-0.8239365620967544,0.14963183678240577,112,0.16071428571428573
10620517,Kong2025 contest user 258295,"[""iiic_crowdsourcing:kong2025""]",novice,-0.21868205367294574,0.20325322806107643,-0.7476370771654364,0.11984974205557074,194,0.1958762886597938
10620519,Kong2025 contest user 258572,"[""iiic_crowdsourcing:kong2025""]",novice,0.08831371754567173,0.2404939052523186,-0.5594022122896124,0.1558889358353305,105,0.2
10620522,Kong2025 contest user 258939,"[""iiic_crowdsourcing:kong2025""]",novice,-0.5631584190666047,0.22258211040774722,-0.5596037572186087,0.12180760336057744,145,0.11724137931034483
10620528,Kong2025 contest user 259508,"[""iiic_crowdsourcing:kong2025""]",novice,-0.6074430928865121,0.2194743969019378,-0.5844819886987085,0.11069261054408172,168,0.09523809523809523
10620529,Kong2025 contest user 259517,"[""iiic_crowdsourcing:kong2025""]",novice,-0.3502562148995345,0.2529452092946373,-0.8929878680381003,0.1329197646016947,152,0.17105263157894737
10620530,Kong2025 contest user 259541,"[""iiic_crowdsourcing:kong2025""]",other,-0.6855826203264055,0.20940633716126297,-0.9372556004678461,0.10029519665876817,258,0.16279069767441862
10620531,Kong2025 contest user 259660,"[""iiic_crowdsourcing:kong2025""]",novice,-0.925525105775475,0.1747287666495128,-0.4640571544495111,0.08609648596803131,270,0.05185185185185185
10620532,Kong2025 contest user 260058,"[""iiic_crowdsourcing:kong2025""]",other,-0.3240685261154449,0.1141083831373989,-0.6758325166985895,0.062818964541142,599,0.15025041736227046
10620534,Kong2025 contest user 260272,"[""iiic_crowdsourcing:kong2025""]",novice,-0.6179025449668389,0.1498100401782662,-0.7970701054643651,0.07427917156499386,421,0.13539192399049882
10620535,Kong2025 contest user 260512,"[""iiic_crowdsourcing:kong2025""]",novice,-0.4827387529868337,0.22512568159382762,-0.10316891678191883,0.15211123560217948,105,0.05714285714285714
10620536,Kong2025 contest user 260557,"[""iiic_crowdsourcing:kong2025""]",novice,-1.2074427804085273,0.21333912878383826,-0.3974541263591253,0.1008090629404209,230,0.02608695652173913
10620543,Kong2025 contest user 260949,"[""iiic_crowdsourcing:kong2025""]",experienced,-0.9594516851106437,0.2928038739406851,-1.0645307264986281,0.13000936178870925,155,0.15483870967741936
10620545,Kong2025 contest user 261196,"[""iiic_crowdsourcing:kong2025""]",novice,-0.06279225439348277,0.17443772969285107,-0.38622699776944897,0.11345258341889129,166,0.12048192771084337
10620547,Kong2025 contest user 261915,"[""iiic_crowdsourcing:kong2025""]",other,-0.6050998027843577,0.2774334179574505,-0.876537526695985,0.13755392822557397,129,0.14728682170542637
10620552,Kong2025 contest user 265933,"[""iiic_crowdsourcing:kong2025""]",experienced,0.7653206351348152,0.0839466062410064,1.1788828588091627,0.1964870164305826,192,0.16666666666666666
10620553,Kong2025 contest user 267575,"[""iiic_crowdsourcing:kong2025""]",novice,-0.19621538255540164,0.21434803727425697,-0.5897288604259404,0.12862679273345343,142,0.15492957746478872
10620554,Kong2025 contest user 267892,"[""iiic_crowdsourcing:kong2025""]",novice,-1.2809506891832412,0.13074669408184653,-0.7202876675010694,0.05558229362808235,642,0.0778816199376947
10620555,Kong2025 contest user 268555,"[""iiic_crowdsourcing:kong2025""]",other,-0.6884567533095542,0.12811545111346262,-0.7565318536239761,0.06177887685045366,583,0.12864493996569468
10620556,Kong2025 contest user 268698,"[""iiic_crowdsourcing:kong2025""]",novice,-0.24184494506317514,0.20028574075001387,-0.7561764077965016,0.11376614054194843,207,0.18357487922705315
10620557,Kong2025 contest user 268777,"[""iiic_crowdsourcing:kong2025""]",experienced,-1.0734520678024493,0.15196141683964587,-0.8539851245805156,0.06805953115214466,469,0.11513859275053305
10620560,Kong2025 contest user 269835,"[""iiic_crowdsourcing:kong2025""]",novice,0.061302909398404486,0.17443256206027874,-0.4129075603995838,0.13121131432748565,137,0.15328467153284672
10620561,Kong2025 contest user 270173,"[""iiic_crowdsourcing:kong2025""]",novice,-0.12107072672724456,0.2058946578909232,-0.38429054750107183,0.13916110413956276,118,0.16101694915254236
10620563,Kong2025 contest user 270675,"[""iiic_crowdsourcing:kong2025""]",novice,0.4239805394388661,0.1822427575490187,-0.1383211827565067,0.14630373462264643,104,0.17307692307692307
10620566,Kong2025 contest user 271230,"[""iiic_crowdsourcing:kong2025""]",novice,-0.8409273828380273,0.1926827526681514,-0.5507545494740024,0.09758641711603215,219,0.091324200913242
10620567,Kong2025 contest user 271329,"[""iiic_crowdsourcing:kong2025""]",novice,-0.6870821661778113,0.24553328856943085,-0.6026182364277037,0.12432647099677428,131,0.09923664122137404
10620569,Kong2025 contest user 271478,"[""iiic_crowdsourcing:kong2025""]",other,-0.24671932935796895,0.1975391163798627,-0.5670229110505122,0.1186044065405187,169,0.15976331360946747
10620572,Kong2025 contest user 272178,"[""iiic_crowdsourcing:kong2025""]",novice,-1.066569384010007,0.19924002545010155,-0.46380586796294776,0.09795994831488146,209,0.05263157894736842
10620573,Kong2025 contest user 272892,"[""iiic_crowdsourcing:kong2025""]",experienced,0.2894461258362142,0.1792876677680857,-0.5687068953991434,0.13627424214866268,170,0.2411764705882353
10620574,Kong2025 contest user 273023,"[""iiic_crowdsourcing:kong2025""]",experienced,-0.9394651464082434,0.1863297414641447,-0.8052284005628433,0.08766862691380549,287,0.12195121951219512
10620578,Kong2025 contest user 273520,"[""iiic_crowdsourcing:kong2025""]",novice,0.49104476331119185,0.07796250980209603,0.44805696295426684,0.09725647071786392,324,0.15432098765432098
10620579,Kong2025 contest user 273592,"[""iiic_crowdsourcing:kong2025""]",novice,-0.3960684751439403,0.3063589238517539,-0.9178549363377387,0.17504163423074812,107,0.22429906542056074
10620580,Kong2025 contest user 273766,"[""iiic_crowdsourcing:kong2025""]",novice,-1.1909646983351052,0.1816843869684475,-0.8048824675061721,0.07845769175373202,336,0.09523809523809523
10620587,Kong2025 contest user 274798,"[""iiic_crowdsourcing:kong2025""]",other,-0.47728197471233236,0.2862107408911153,-0.9955548450512071,0.1494752649636148,135,0.1925925925925926
10620588,Kong2025 contest user 275058,"[""iiic_crowdsourcing:kong2025""]",other,-0.01335644139130653,0.20624655137535475,-0.7050971886187015,0.1308000553332774,170,0.21176470588235294
10620590,Kong2025 contest user 275649,"[""iiic_crowdsourcing:kong2025""]",experienced,-0.4214388623850413,0.1151230835701873,-0.5582526609180677,0.06439309911870297,536,0.13432835820895522
10620591,Kong2025 contest user 275689,"[""iiic_crowdsourcing:kong2025""]",novice,-0.4841018240989029,0.30295309257171754,-1.3053356744568565,0.15445999775102612,208,0.27403846153846156
10620596,Kong2025 contest user 276615,"[""iiic_crowdsourcing:kong2025""]",novice,-0.4895825830121961,0.25266148899385804,-0.7489622125909764,0.13064694693055376,133,0.14285714285714285
10620597,Kong2025 contest user 277293,"[""iiic_crowdsourcing:kong2025""]",novice,0.4295101554003466,0.11358865231705254,0.13137425057697544,0.1145860894725721,187,0.20855614973262032
10620599,Kong2025 contest user 277717,"[""iiic_crowdsourcing:kong2025""]",novice,-0.44165256937678526,0.17883292316081303,-0.5701543298230412,0.10103708469512887,218,0.13761467889908258
10620600,Kong2025 contest user 277981,"[""iiic_crowdsourcing:kong2025""]",novice,-0.005925440085613882,0.19805986428410888,-0.4945442540976369,0.1305156897500246,137,0.16058394160583941
10620604,Kong2025 contest user 279880,"[""iiic_crowdsourcing:kong2025""]",other,-1.1450776370160427,0.34589837344752694,-1.0201537268768235,0.14858451516822632,110,0.14545454545454545
10620606,Kong2025 contest user 280445,"[""iiic_crowdsourcing:kong2025""]",experienced,0.48673738549910195,0.08223333033321838,0.08352641307979215,0.07887754300748058,389,0.1953727506426735
10620611,Kong2025 contest user 281023,"[""iiic_crowdsourcing:kong2025""]",other,-0.6340063190670574,0.2308277616179782,-0.7188719620601955,0.11612643517552042,162,0.12345679012345678
10620612,Kong2025 contest user 281174,"[""iiic_crowdsourcing:kong2025""]",novice,-0.3496076257216082,0.14927418064502496,-0.6425875345697978,0.08421492323439334,337,0.1572700296735905
10620618,Kong2025 contest user 281837,"[""iiic_crowdsourcing:kong2025""]",other,-0.6575517370473747,0.31964496142560506,-0.917227749649282,0.15856488347905998,100,0.15
10620627,Kong2025 contest user 283055,"[""iiic_crowdsourcing:kong2025""]",novice,0.4792075664540527,0.19210313995025977,-0.3658038210332133,0.16384022394652145,108,0.25
10620648,Kong2025 contest user 284804,"[""iiic_crowdsourcing:kong2025""]",other,-0.6383844494280893,0.3058742945950472,-1.033473535198365,0.1498917445774152,133,0.19548872180451127
10620652,Kong2025 contest user 285150,"[""iiic_crowdsourcing:kong2025""]",novice,0.8612728342283801,0.10049589403442834,0.7680668948544968,0.15684646036994143,121,0.2396694214876033
10620653,Kong2025 contest user 285180,"[""iiic_crowdsourcing:kong2025""]",novice,-0.37598123897803193,0.13115899290210592,-0.448773087841144,0.07406247734747252,384,0.11197916666666667
10620661,Kong2025 contest user 285746,"[""iiic_crowdsourcing:kong2025""]",novice,-0.7018383662664327,0.2532441826325064,-0.7830927905424715,0.13041049546806086,140,0.15
10620674,Kong2025 contest user 286799,"[""iiic_crowdsourcing:kong2025""]",other,-0.06994550843888564,0.12435147354393628,-0.8171178468180023,0.07558236502361458,565,0.22300884955752212
10620683,Kong2025 contest user 287522,"[""iiic_crowdsourcing:kong2025""]",novice,-0.4666393892405535,0.24169742484897377,-0.7301668460901373,0.12975097165003352,141,0.14893617021276595
10620700,Kong2025 contest user 291464,"[""iiic_crowdsourcing:kong2025""]",novice,-0.635703637856053,0.271062234369211,-0.43470553982825155,0.14108408472625555,100,0.07
10620701,Kong2025 contest user 292079,"[""iiic_crowdsourcing:kong2025""]",other,-1.0331537347598592,0.31388018189700856,-0.7825130038431823,0.14308463405438215,101,0.09900990099009901
10620717,Kong2025 contest user 296373,"[""iiic_crowdsourcing:kong2025""]",experienced,-0.5858537339566947,0.10819992231477962,-0.7422420066313669,0.05492032267825921,775,0.14709677419354839
10620718,Kong2025 contest user 296512,"[""iiic_crowdsourcing:kong2025""]",novice,-0.8651765658238709,0.27769956928236855,-0.9305208945947739,0.12877404206861787,149,0.15436241610738255
10620722,Kong2025 contest user 297052,"[""iiic_crowdsourcing:kong2025""]",experienced,0.14089619440057963,0.14823991526944696,-0.03781859493636209,0.12660592023571857,158,0.16455696202531644
10620736,Kong2025 contest user 300639,"[""iiic_crowdsourcing:kong2025""]",experienced,0.17635573302075172,0.1748056123941405,-0.14580740298978745,0.14755130806956207,117,0.20512820512820512
10620737,Kong2025 contest user 301336,"[""iiic_crowdsourcing:kong2025""]",novice,-0.37376248613544966,0.25480912633851854,-0.8364913901553592,0.1378508197959618,140,0.17857142857142858
10620740,Kong2025 contest user 302475,"[""iiic_crowdsourcing:kong2025""]",novice,-1.0103388357842158,0.1675586042368068,-0.5794011261790843,0.07946558364891945,325,0.07692307692307693
10620756,Kong2025 contest user 305676,"[""iiic_crowdsourcing:kong2025""]",other,-0.5506820699689836,0.22489433593499292,-0.8124202214917898,0.11590869681032165,186,0.16666666666666666
10620758,Kong2025 contest user 305949,"[""iiic_crowdsourcing:kong2025""]",novice,-1.0647363976866773,0.25306429877203745,-1.0381759188565285,0.10831761678852797,213,0.15023474178403756
10620759,Kong2025 contest user 306333,"[""iiic_crowdsourcing:kong2025""]",novice,-0.7335003845477881,0.19472428226697036,-1.031830338614224,0.09181106960931286,341,0.18475073313782991
10620776,Kong2025 contest user 310295,"[""iiic_crowdsourcing:kong2025""]",other,-0.2248210425256174,0.23238319489990925,-0.5362331865506278,0.13518942042695076,120,0.14166666666666666
10620790,Kong2025 contest user 312680,"[""iiic_crowdsourcing:kong2025""]",novice,-0.24906423601523195,0.09225308255997973,-0.7770936389709312,0.05309119834775137,1010,0.19900990099009902
10620792,Kong2025 contest user 314139,"[""iiic_crowdsourcing:kong2025""]",novice,0.2040995253513427,0.2013345768561876,-0.7736763250268166,0.13318092025892178,194,0.24742268041237114
10620801,Kong2025 contest user 316933,"[""iiic_crowdsourcing:kong2025""]",novice,-0.5776959605312216,0.2488607997153605,-0.4682726006305016,0.13288670964785326,114,0.08771929824561403
10620805,Kong2025 contest user 317244,"[""iiic_crowdsourcing:kong2025""]",other,-0.8717041666024532,0.2688278002351508,-0.6309234552570845,0.12964059565845124,118,0.09322033898305085
10620813,Kong2025 contest user 320402,"[""iiic_crowdsourcing:kong2025""]",novice,-0.3509785664046181,0.25336311293909647,-1.1565416599768783,0.13837245579826374,225,0.25333333333333335
10620814,Kong2025 contest user 320705,"[""iiic_crowdsourcing:kong2025""]",novice,-0.7255935889609793,0.1811895030550448,-0.5970002845505583,0.09127880538950633,244,0.10245901639344263
