session_id,trial_index,seg_id,task_code,pattern_class_true,target_present,response_label,response_y,is_correct,reaction_time_ms,answer_changes,n_interactions,select_ms,montage,gain_uv,bandpass,notch,window_s,max_hw,ess,total_var,expected_loss_chosen,rejuv,post_decision
6bb4ec2d-bab2-41b9-993d-aa857de3fd2a,0,6049,spike,spike,0,Yes (spike present),1,False,2725.4,0,3,802.5898782945573,bipolar,100.0,0.5-70 Hz,60 Hz,10.0,0.17923578422821912,458.2831020334533,14.148588333895185,14.061036257730326,False,False
6bb4ec2d-bab2-41b9-993d-aa857de3fd2a,1,7977,spike,spike,1,No (no spike),0,False,1231.3,0,4,13.663786444274226,bipolar,100.0,0.5-70 Hz,60 Hz,10.0,0.17753902314721964,476.05611079257807,13.722751593848766,13.960426614099223,False,False
6bb4ec2d-bab2-41b9-993d-aa857de3fd2a,2,1417,spike,spike,0,Yes (spike present),1,False,5179.0,0,11,698.3504153643449,bipolar,100.0,0.5-70 Hz,60 Hz,10.0,0.17712688857871983,599.9999999999999,13.557897827366139,13.638551476026516,True,False
6bb4ec2d-bab2-41b9-993d-aa857de3fd2a,3,6489,spike,spike,1,No (no spike),0,False,2130.6,0,9,603.5032899672813,bipolar,100.0,0.5-70 Hz,60 Hz,10.0,0.17757057293960438,482.72998129647294,13.39537897619034,13.46531754005778,False,False
6bb4ec2d-bab2-41b9-993d-aa857de3fd2a,4,11870,spike,spike,1,Yes (spike present),1,True,1143.9,0,5,513.5853927285901,bipolar,100.0,0.5-70 Hz,60 Hz,10.0,0.1775646152942617,523.8388585665283,13.385256660408473,13.357110935154243,False,False
6bb4ec2d-bab2-41b9-993d-aa857de3fd2a,5,11067,spike,spike,1,Yes (spike present),1,True,5988.2,0,5,464.7563290931292,bipolar,100.0,0.5-70 Hz,60 Hz,10.0,0.17745679773163192,552.7150903197899,13.353001111856194,13.345177394598561,False,False
6bb4ec2d-bab2-41b9-993d-aa857de3fd2a,6,12089,spike,spike,1,Yes (spike present),1,True,2208.3,0,4,13.290191239437627,bipolar,100.0,0.5-70 Hz,60 Hz,10.0,0.17724467325774423,557.6927181591041,13.307932391793635,13.311917464292124,False,False
6bb4ec2d-bab2-41b9-993d-aa857de3fd2a,7,8146,spike,spike,1,Yes (spike present),1,True,2224.6,0,7,580.0007238886686,bipolar,100.0,0.5-70 Hz,60 Hz,10.0,0.17685696431252107,548.9496107914912,13.228598614735976,13.266037068273754,False,False
6bb4ec2d-bab2-41b9-993d-aa857de3fd2a,8,17207,spike,spike,1,Yes (spike present),1,True,3010.5,0,12,373.85519071195534,bipolar,100.0,0.5-70 Hz,60 Hz,10.0,0.17635846976945335,518.4200207748454,13.156578838181314,13.183729381794427,False,False
6bb4ec2d-bab2-41b9-993d-aa857de3fd2a,9,9213,spike,spike,1,Yes (spike present),1,True,1563.4,0,4,599.2948848981197,bipolar,100.0,0.5-70 Hz,60 Hz,10.0,0.1758230202961074,473.25237850892705,13.071146483841495,13.110305469172097,False,False
6bb4ec2d-bab2-41b9-993d-aa857de3fd2a,10,6983,spike,spike,1,Yes (spike present),1,True,943.4,0,4,7.601282234223881,bipolar,100.0,0.5-70 Hz,60 Hz,10.0,0.17576373472536028,419.9854833191976,12.989632729900663,13.02225558937639,False,False
6bb4ec2d-bab2-41b9-993d-aa857de3fd2a,11,6289,spike,spike,1,Yes (spike present),1,True,1074.2,0,7,844.6573136757978,bipolar,100.0,0.5-70 Hz,60 Hz,10.0,0.1757084037626222,365.65453202595694,12.912066608112127,12.93968730017177,False,False
6bb4ec2d-bab2-41b9-993d-aa857de3fd2a,12,1902,spike,spike,1,No (no spike),0,False,2500.9,0,6,370.15183389983554,bipolar,100.0,0.5-70 Hz,60 Hz,10.0,0.17569010982901812,425.13085506991865,12.90532219813388,12.860467077816045,False,False
6bb4ec2d-bab2-41b9-993d-aa857de3fd2a,13,1230,spike,spike,0,No (no spike),0,True,3401.2,0,3,571.6196277233859,bipolar,100.0,0.5-70 Hz,60 Hz,10.0,0.1750641432931183,403.2837431168069,12.860744028733928,12.866103798672503,False,False
6bb4ec2d-bab2-41b9-993d-aa857de3fd2a,14,866,spike,spike,0,Yes (spike present),1,False,2507.7,0,6,429.9163463111102,bipolar,100.0,0.5-70 Hz,60 Hz,10.0,0.1760512386982856,398.1407813449592,12.77266266455333,12.826202085237092,False,False
6bb4ec2d-bab2-41b9-993d-aa857de3fd2a,15,9345,spike,spike,1,Yes (spike present),1,True,9125.5,0,10,824.9693562153356,bipolar,100.0,0.5-70 Hz,60 Hz,10.0,0.17559930370072874,362.2663895892683,12.69700069525286,12.745089827398626,False,False
6bb4ec2d-bab2-41b9-993d-aa857de3fd2a,16,13612,spike,spike,1,No (no spike),0,False,3703.8,0,4,101.83958096487913,bipolar,100.0,0.5-70 Hz,60 Hz,10.0,0.17711298968928751,423.8173943369827,12.815711335333068,12.672279654915421,False,False
6bb4ec2d-bab2-41b9-993d-aa857de3fd2a,17,12318,spike,spike,1,Yes (spike present),1,True,3303.4,0,8,6.29623041233964,bipolar,100.0,0.5-70 Hz,60 Hz,10.0,0.17673126194782285,397.4091918531779,12.752849553943523,12.794505843780968,False,False
6bb4ec2d-bab2-41b9-993d-aa857de3fd2a,18,851,spike,spike,0,No (no spike),0,True,14234.0,0,4,14.424837696623998,bipolar,100.0,0.5-70 Hz,60 Hz,10.0,0.17633552665287616,396.45833803602454,12.727898311732936,12.732761686878884,False,False
6bb4ec2d-bab2-41b9-993d-aa857de3fd2a,19,10551,spike,spike,1,Yes (spike present),1,True,4374.8,0,5,619.9694546763881,bipolar,100.0,0.5-70 Hz,60 Hz,10.0,0.1756633279342963,367.35799866664814,12.66171134375812,12.709451111700815,False,False
6bb4ec2d-bab2-41b9-993d-aa857de3fd2a,20,36215,sz,grda,0,Seizure,1,False,1993.5,0,6,11.371176430063992,bipolar,100.0,0.5-70 Hz,60 Hz,10.0,0.1791026751226929,599.9999999999999,12.369344182502662,12.281026771536897,True,False
6bb4ec2d-bab2-41b9-993d-aa857de3fd2a,21,57436,gpd,lrda,0,Other,0,False,2604.9,0,4,436.1801965138778,bipolar,100.0,0.5-70 Hz,60 Hz,10.0,0.1831346878997146,404.53402058516804,12.103275866616114,12.068697963352419,False,False
6bb4ec2d-bab2-41b9-993d-aa857de3fd2a,22,63650,lrda,seizure,0,LRDA,1,False,3247.0,0,6,17.483532896890146,bipolar,100.0,0.5-70 Hz,60 Hz,10.0,0.1796125051091681,343.77592942623136,11.681684852314103,11.816069555851296,False,False
6bb4ec2d-bab2-41b9-993d-aa857de3fd2a,23,57261,lpd,lrda,0,LPD,1,False,6300.6,0,9,414.62741204759027,bipolar,100.0,0.5-70 Hz,60 Hz,10.0,0.1773999413039154,599.9999999999999,11.261773002101538,11.386994906545894,True,False
6bb4ec2d-bab2-41b9-993d-aa857de3fd2a,24,51380,lpd,lrda,0,Seizure,0,False,2544.6,0,4,331.62014906243934,bipolar,100.0,0.5-70 Hz,60 Hz,10.0,0.17799703726160487,337.5089817962602,10.80054408841173,11.017521028165335,False,False
6bb4ec2d-bab2-41b9-993d-aa857de3fd2a,25,36453,grda,lrda,0,GRDA,1,False,2304.1,0,6,515.9018737060561,bipolar,100.0,0.5-70 Hz,60 Hz,10.0,0.18461937592844901,599.9999999999999,10.870178888781595,10.561945513239252,True,False
6bb4ec2d-bab2-41b9-993d-aa857de3fd2a,26,55193,grda,lrda,0,GRDA,1,False,1791.8,0,2,423.3606875488872,bipolar,100.0,0.5-70 Hz,60 Hz,10.0,0.18356884808679697,561.7955022125705,10.663019312356717,10.646051155769905,False,False
6bb4ec2d-bab2-41b9-993d-aa857de3fd2a,27,55346,gpd,lrda,0,Other,0,False,2764.1,0,6,16.11924215938374,bipolar,100.0,0.5-70 Hz,60 Hz,10.0,0.17826173653443916,527.8315873733733,10.496801152362677,10.457056618405877,False,False
6bb4ec2d-bab2-41b9-993d-aa857de3fd2a,28,54027,iic,seizure,0,GRDA,0,False,2845.7,0,7,341.44071726831453,bipolar,100.0,0.5-70 Hz,60 Hz,10.0,0.18014634516854816,382.21143891145675,10.394730292975982,10.29312717081837,False,False
6bb4ec2d-bab2-41b9-993d-aa857de3fd2a,29,33250,grda,seizure,0,GRDA,1,False,2785.1,0,5,535.1786797988839,bipolar,100.0,0.5-70 Hz,60 Hz,10.0,0.17732452233541518,331.17552834489084,10.202181921291677,10.198235961090075,False,False
6bb4ec2d-bab2-41b9-993d-aa857de3fd2a,30,61497,gpd,lrda,0,GRDA,0,False,3782.4,0,5,447.3727296639995,bipolar,100.0,0.5-70 Hz,60 Hz,10.0,0.17416013274753606,599.9999999999999,10.178384863890845,10.010371426293805,True,False
6bb4ec2d-bab2-41b9-993d-aa857de3fd2a,31,41096,iic,grda,0,Seizure,0,False,5494.0,0,5,11.548783451209975,bipolar,100.0,0.5-70 Hz,60 Hz,10.0,0.17259166660915182,557.3404631604665,9.892713063974735,9.947751590398436,False,False
6bb4ec2d-bab2-41b9-993d-aa857de3fd2a,32,69661,iic,grda,0,Other,1,False,1106.7,0,7,113.95868331660857,bipolar,100.0,0.5-70 Hz,60 Hz,10.0,0.17749104563025725,461.3730377365126,9.811775660168845,9.702906639441059,False,False
6bb4ec2d-bab2-41b9-993d-aa857de3fd2a,33,26068,lrda,seizure,0,GRDA,0,False,1644.2,0,3,332.03506050125844,bipolar,100.0,0.5-70 Hz,60 Hz,10.0,0.18285311653140546,599.9999999999999,9.43895619125011,9.610069273784642,True,False
6bb4ec2d-bab2-41b9-993d-aa857de3fd2a,34,70220,sz,lrda,0,Seizure,1,False,1696.7,0,10,490.7957842761055,bipolar,100.0,0.5-70 Hz,60 Hz,10.0,0.18167695224484065,565.5209384980209,9.246027018022215,9.252754287817702,False,False
6bb4ec2d-bab2-41b9-993d-aa857de3fd2a,35,22391,sz,grda,0,LRDA,0,False,2691.2,0,2,515.8337633366101,bipolar,100.0,0.5-70 Hz,60 Hz,10.0,0.18100424631996948,447.14575905096353,9.20880709172812,9.08188414176806,False,False
6bb4ec2d-bab2-41b9-993d-aa857de3fd2a,36,22801,grda,seizure,0,LRDA,0,False,28706.2,0,5,589.4197438581485,bipolar,100.0,0.5-70 Hz,60 Hz,10.0,0.1805919610490041,599.9999999999999,8.720867164408286,9.050606409849959,True,False
6bb4ec2d-bab2-41b9-993d-aa857de3fd2a,37,54076,gpd,lrda,0,GPD,1,False,2862.9,0,6,409.71147591406304,bipolar,100.0,0.5-70 Hz,60 Hz,10.0,0.179170058507993,366.794445947963,8.474319668240007,8.57357659032462,False,False
6bb4ec2d-bab2-41b9-993d-aa857de3fd2a,38,33572,lrda,seizure,0,GPD,0,False,1360.0,0,4,673.3627483079657,bipolar,100.0,0.5-70 Hz,60 Hz,10.0,0.1784027435348668,358.55008415826234,8.320343434399847,8.368966367317443,False,False
6bb4ec2d-bab2-41b9-993d-aa857de3fd2a,39,51038,lrda,seizure,0,Other,0,False,2734.1,0,8,548.6628171423934,bipolar,100.0,0.5-70 Hz,60 Hz,10.0,0.178420528469232,330.6986240104777,8.201515878455062,8.221776302405932,False,False
6bb4ec2d-bab2-41b9-993d-aa857de3fd2a,40,65668,lrda,other,0,GPD,0,False,18574.5,0,4,14.787132940295745,bipolar,100.0,0.5-70 Hz,60 Hz,10.0,0.18124604076566592,599.9999999999999,8.542103131796843,8.114016729291869,True,False
6bb4ec2d-bab2-41b9-993d-aa857de3fd2a,41,40673,grda,grda,1,GRDA,1,True,13714.3,0,4,100.20256468901796,bipolar,100.0,0.5-70 Hz,60 Hz,10.0,0.17617966738444973,582.2987553934399,8.439691557700602,8.44714621139433,False,False
6bb4ec2d-bab2-41b9-993d-aa857de3fd2a,42,22123,lrda,seizure,0,Other,0,False,2721.5,0,3,865.8765976824658,bipolar,100.0,0.5-70 Hz,60 Hz,10.0,0.1759935410687451,557.9137854748603,8.266938381856217,8.34890750662697,False,False
6bb4ec2d-bab2-41b9-993d-aa857de3fd2a,43,46932,sz,gpd,0,Seizure,1,False,1538.1,0,3,448.00614621644115,bipolar,100.0,0.5-70 Hz,60 Hz,10.0,0.1790207937728261,439.8597262680651,8.241154199491021,8.178133914956877,False,False
6bb4ec2d-bab2-41b9-993d-aa857de3fd2a,44,40564,grda,grda,1,LPD,0,False,5294.9,0,8,10.72220702437906,bipolar,100.0,0.5-70 Hz,60 Hz,10.0,0.17997882715392632,342.46372199031526,8.39032791083599,8.153164247007759,False,False
6bb4ec2d-bab2-41b9-993d-aa857de3fd2a,45,31149,sz,seizure,1,Seizure,1,True,3354.9,0,5,589.2660037575868,bipolar,100.0,0.5-70 Hz,60 Hz,10.0,0.18216693411648988,326.26223839408004,8.298994442645917,8.295944113662511,False,False
6bb4ec2d-bab2-41b9-993d-aa857de3fd2a,46,53019,lpd,lpd,1,LPD,1,True,1795.0,0,4,394.438467496455,bipolar,100.0,0.5-70 Hz,60 Hz,10.0,0.1810267523880486,309.0750357333796,8.163735764040908,8.205707189882977,False,False
6bb4ec2d-bab2-41b9-993d-aa857de3fd2a,47,36886,lpd,lpd,1,LPD,1,True,4032.3,0,6,469.2578550146789,bipolar,100.0,0.5-70 Hz,60 Hz,10.0,0.17815122251611143,599.9999999999999,8.14495826696937,8.072790938758711,True,False
6bb4ec2d-bab2-41b9-993d-aa857de3fd2a,48,22226,gpd,seizure,0,GRDA,0,False,12229.1,0,8,9.771326573816447,bipolar,100.0,0.5-70 Hz,60 Hz,10.0,0.17762778859425876,581.3324725708105,8.06507598815292,8.054639113824066,False,False
6bb4ec2d-bab2-41b9-993d-aa857de3fd2a,49,27863,gpd,seizure,0,GPD,1,False,1374.8,0,9,460.29164183995744,bipolar,100.0,0.5-70 Hz,60 Hz,10.0,0.1785017175806442,497.974607606787,7.964569720167532,7.9848864746118755,False,False
6bb4ec2d-bab2-41b9-993d-aa857de3fd2a,50,66608,lpd,lpd,1,LPD,1,True,8676.0,0,7,530.721972756592,bipolar,100.0,0.5-70 Hz,60 Hz,10.0,0.17634601630116525,489.97572862019797,7.846021744018228,7.883153634480481,False,False
6bb4ec2d-bab2-41b9-993d-aa857de3fd2a,51,32585,sz,seizure,1,LRDA,0,False,5645.7,0,4,527.2799633277903,bipolar,100.0,0.5-70 Hz,60 Hz,10.0,0.17445948531589506,337.3261462154998,7.6714599286105685,7.768021578967989,False,False
6bb4ec2d-bab2-41b9-993d-aa857de3fd2a,52,56839,iic,other,1,Other,1,True,4564.7,0,6,113.33389737788812,bipolar,100.0,0.5-70 Hz,60 Hz,10.0,0.17509329132681423,331.7468264312429,7.5606089363053695,7.591725714975237,False,False
6bb4ec2d-bab2-41b9-993d-aa857de3fd2a,53,45563,lrda,gpd,0,GPD,0,True,1417.4,0,4,708.7533646869613,bipolar,100.0,0.5-70 Hz,60 Hz,10.0,0.17395627899211097,325.7454921646207,7.3931944765670625,7.486347027063555,False,False
6bb4ec2d-bab2-41b9-993d-aa857de3fd2a,54,69651,lrda,lrda,1,LRDA,1,True,886.1,0,4,201.33867632918745,bipolar,100.0,0.5-70 Hz,60 Hz,10.0,0.17160904504525992,303.8325126818554,7.2569081819648185,7.321006727013314,False,False
6bb4ec2d-bab2-41b9-993d-aa857de3fd2a,55,69995,iic,other,1,Other,1,True,1198.5,0,7,320.69188045128175,bipolar,100.0,0.5-70 Hz,60 Hz,10.0,0.17160963363898596,599.9999999999999,7.442274508250138,7.191658225924279,True,False
6bb4ec2d-bab2-41b9-993d-aa857de3fd2a,56,52096,lrda,lrda,1,Seizure,0,False,5293.0,0,7,434.3363107137687,bipolar,100.0,0.5-70 Hz,60 Hz,10.0,0.17333206722157413,380.8501460108502,7.40975623648505,7.364920279117134,False,False
6bb4ec2d-bab2-41b9-993d-aa857de3fd2a,57,40992,iic,gpd,0,LPD,0,False,12743.0,0,5,345.8788182764964,bipolar,100.0,0.5-70 Hz,60 Hz,10.0,0.17344847709375055,373.51636226047157,7.31219683224759,7.337965010293008,False,False
6bb4ec2d-bab2-41b9-993d-aa857de3fd2a,58,69772,lpd,seizure,0,LPD,1,False,6119.5,0,4,389.5863807031595,bipolar,100.0,0.5-70 Hz,60 Hz,10.0,0.1661246726261073,599.9999999999999,7.087793671638371,7.240781075808773,True,False
6bb4ec2d-bab2-41b9-993d-aa857de3fd2a,59,52296,iic,gpd,0,LRDA,0,False,1622.0,0,4,9.521795719694564,bipolar,100.0,0.5-70 Hz,60 Hz,10.0,0.16438836392713602,582.3189696681967,6.993098169083742,7.020473149403173,False,False
6bb4ec2d-bab2-41b9-993d-aa857de3fd2a,60,56622,lpd,lpd,1,LPD,1,True,1557.3,0,6,96.93326677281107,bipolar,100.0,0.5-70 Hz,60 Hz,10.0,0.16424065778879138,567.1301571531302,6.91819055341897,6.926926695197167,False,False
6bb4ec2d-bab2-41b9-993d-aa857de3fd2a,61,55237,lpd,lpd,1,LPD,1,True,3737.7,0,9,381.938126352795,bipolar,100.0,0.5-70 Hz,60 Hz,10.0,0.16384976418488867,527.0437238863807,6.842261487663694,6.856143186208941,False,False
6bb4ec2d-bab2-41b9-993d-aa857de3fd2a,62,53724,gpd,gpd,1,GPD,1,True,1357.2,0,9,524.6129956074485,bipolar,100.0,0.5-70 Hz,60 Hz,10.0,0.16302694407133467,504.74281637263704,6.763787702306875,6.779940496608759,False,False
6bb4ec2d-bab2-41b9-993d-aa857de3fd2a,63,70791,gpd,gpd,1,GPD,1,True,1439.9,0,6,585.0315863129882,bipolar,100.0,0.5-70 Hz,60 Hz,10.0,0.16194205829628183,454.2996583174302,6.6796367684093685,6.700415914992679,False,False
6bb4ec2d-bab2-41b9-993d-aa857de3fd2a,64,39106,gpd,gpd,1,GRDA,0,False,1156.2,0,6,560.2380194573464,bipolar,100.0,0.5-70 Hz,60 Hz,10.0,0.16406796566537507,481.32104384121567,6.713001357798623,6.617775392909591,False,False
6bb4ec2d-bab2-41b9-993d-aa857de3fd2a,65,25241,iic,other,1,Other,1,True,16652.6,0,10,866.1464022615527,bipolar,100.0,0.5-70 Hz,60 Hz,10.0,0.16346817908910777,449.5632889863425,6.675459751624789,6.654759384397275,False,False
6bb4ec2d-bab2-41b9-993d-aa857de3fd2a,66,44846,iic,other,1,Other,1,True,1620.4,0,5,910.1532451335092,bipolar,100.0,0.5-70 Hz,60 Hz,10.0,0.16301534483613433,394.73422120261563,6.625299797137981,6.618882055749688,False,False
6bb4ec2d-bab2-41b9-993d-aa857de3fd2a,67,63152,iic,grda,0,Other,1,False,1608.8,0,11,10.535877220108715,bipolar,100.0,0.5-70 Hz,60 Hz,10.0,0.16139265615847187,352.4626873891915,6.650394628169945,6.568565034738301,False,False
6bb4ec2d-bab2-41b9-993d-aa857de3fd2a,68,63289,lpd,lpd,1,LPD,1,True,2298.6,0,8,382.8689047113154,bipolar,100.0,0.5-70 Hz,60 Hz,10.0,0.1615927547525417,318.3651443195507,6.555955150783657,6.600897702115278,False,False
6bb4ec2d-bab2-41b9-993d-aa857de3fd2a,69,49371,lpd,lrda,0,GPD,0,False,2197.9,0,4,689.9373339755904,bipolar,100.0,0.5-70 Hz,60 Hz,10.0,0.16015087186226717,309.92543321111,6.4549554963141205,6.504286660352025,False,False
6bb4ec2d-bab2-41b9-993d-aa857de3fd2a,70,49891,grda,grda,1,GRDA,1,True,2906.7,0,9,604.0581162665138,bipolar,100.0,0.5-70 Hz,60 Hz,10.0,0.15914994792985127,300.52816673282825,6.40632891771517,6.40735017229597,False,False
6bb4ec2d-bab2-41b9-993d-aa857de3fd2a,71,56547,lpd,grda,0,LPD,1,False,1878.6,0,4,432.9116472042118,bipolar,100.0,0.5-70 Hz,60 Hz,10.0,0.1592978627776171,307.5617030549276,6.412091312213972,6.361183278475286,False,False
6bb4ec2d-bab2-41b9-993d-aa857de3fd2a,72,55983,lrda,gpd,0,LRDA,1,False,1226.0,0,6,10.54567734695105,bipolar,100.0,0.5-70 Hz,60 Hz,10.0,0.16383624519949042,599.9999999999999,6.635157885461833,6.366295412566761,True,False
6bb4ec2d-bab2-41b9-993d-aa857de3fd2a,73,69036,sz,seizure,1,Seizure,1,True,950.6,0,8,502.66147046397566,bipolar,100.0,0.5-70 Hz,60 Hz,10.0,0.1639734187987975,587.2013696848738,6.566249897666516,6.585582780828057,False,False
6bb4ec2d-bab2-41b9-993d-aa857de3fd2a,74,60905,grda,grda,1,GRDA,1,True,1489.8,0,5,543.902578988043,bipolar,100.0,0.5-70 Hz,60 Hz,10.0,0.16169795711040008,574.1494514034669,6.472580711324959,6.519567797965966,False,False
6bb4ec2d-bab2-41b9-993d-aa857de3fd2a,75,33277,sz,seizure,1,Seizure,1,True,1613.8,0,6,7.4547939806298205,bipolar,100.0,0.5-70 Hz,60 Hz,10.0,0.16199076680499014,541.3867898797231,6.4124900185676665,6.429442274844584,False,False
6bb4ec2d-bab2-41b9-993d-aa857de3fd2a,76,51187,grda,grda,1,GRDA,1,True,1621.3,0,7,423.7290389611263,bipolar,100.0,0.5-70 Hz,60 Hz,10.0,0.1598644585016218,510.11482612322527,6.324141612392498,6.369049792405535,False,False
6bb4ec2d-bab2-41b9-993d-aa857de3fd2a,77,22740,grda,seizure,0,LRDA,0,False,2399.0,0,8,890.099116548325,bipolar,100.0,0.5-70 Hz,60 Hz,10.0,0.15783450811886673,471.95557025401206,6.218525796499606,6.282991023263834,False,False
6bb4ec2d-bab2-41b9-993d-aa857de3fd2a,78,39796,iic,other,1,GRDA,0,False,1493.7,0,9,594.2227019959574,bipolar,100.0,0.5-70 Hz,60 Hz,10.0,0.15522933091550867,317.3339079471251,6.352362785708168,6.177039611807291,False,False
6bb4ec2d-bab2-41b9-993d-aa857de3fd2a,79,68639,grda,lrda,0,LPD,0,False,997.0,0,6,9.115492565777151,bipolar,100.0,0.5-70 Hz,60 Hz,10.0,0.16224856344257965,599.9999999999999,6.320559456907561,6.3114011313295535,True,False
6bb4ec2d-bab2-41b9-993d-aa857de3fd2a,80,20737,grda,seizure,0,LPD,0,False,1046.7,0,2,396.2796281866604,bipolar,100.0,0.5-70 Hz,60 Hz,10.0,0.15832459597144338,578.2477861793782,6.278386598694407,6.274690861289659,False,False
6bb4ec2d-bab2-41b9-993d-aa857de3fd2a,81,45968,lpd,lpd,1,LPD,1,True,817.0,0,5,485.52855123867766,bipolar,100.0,0.5-70 Hz,60 Hz,10.0,0.15834138097426798,565.4165380520705,6.206067582751494,6.2339868252249016,False,False
6bb4ec2d-bab2-41b9-993d-aa857de3fd2a,82,61377,grda,gpd,0,Other,0,False,8257.2,0,4,558.72206861275,bipolar,100.0,0.5-70 Hz,60 Hz,10.0,0.1556444166217687,513.4594465907479,6.158544051758607,6.165289405057166,False,False
6bb4ec2d-bab2-41b9-993d-aa857de3fd2a,83,65579,sz,gpd,0,LPD,0,False,6808.7,0,8,7.224052521710118,bipolar,100.0,0.5-70 Hz,60 Hz,10.0,0.15401938469717852,488.34413667719735,6.117769974710468,6.117218423796081,False,False
6bb4ec2d-bab2-41b9-993d-aa857de3fd2a,84,40008,sz,lrda,0,Seizure,1,False,1169.5,0,3,479.99587255661,bipolar,100.0,0.5-70 Hz,60 Hz,10.0,0.15702203116579833,500.19219152016433,6.09469778452015,6.073953285079702,False,False
6bb4ec2d-bab2-41b9-993d-aa857de3fd2a,85,68697,lrda,lrda,1,LRDA,1,True,1398.6,0,8,13.283266900794821,bipolar,100.0,0.5-70 Hz,60 Hz,10.0,0.15673051981480296,489.04772264373975,6.045683927754967,6.055471465504233,False,False
6bb4ec2d-bab2-41b9-993d-aa857de3fd2a,86,63406,gpd,gpd,1,GPD,1,True,1613.8,0,6,109.83951518172535,bipolar,100.0,0.5-70 Hz,60 Hz,10.0,0.15700145714665364,479.4273702281414,5.9852939591478185,6.008408234223922,False,False
6bb4ec2d-bab2-41b9-993d-aa857de3fd2a,87,41525,lpd,lpd,1,LPD,1,True,8315.6,0,8,9.80463184424965,bipolar,100.0,0.5-70 Hz,60 Hz,10.0,0.15717856946718972,452.87981035841887,5.924281931985118,5.949573636474995,False,False
6bb4ec2d-bab2-41b9-993d-aa857de3fd2a,88,46922,gpd,gpd,1,GPD,1,True,2707.3,0,4,9.5651726806018,bipolar,100.0,0.5-70 Hz,60 Hz,10.0,0.15731871367362832,423.2261942202971,5.8635349957570195,5.888333509327006,False,False
6bb4ec2d-bab2-41b9-993d-aa857de3fd2a,89,32452,grda,seizure,0,LPD,0,False,2064.8,0,13,703.3700751612163,bipolar,100.0,0.5-70 Hz,60 Hz,10.0,0.15291736191921484,376.2509047171733,5.818744393458067,5.828163457936545,False,False
6bb4ec2d-bab2-41b9-993d-aa857de3fd2a,90,67611,gpd,gpd,1,GPD,1,True,5234.7,0,5,957.7475971008769,bipolar,100.0,0.5-70 Hz,60 Hz,10.0,0.1532963748468586,339.7754692485003,5.759823364157388,5.784237367244427,False,False
6bb4ec2d-bab2-41b9-993d-aa857de3fd2a,91,55360,gpd,lrda,0,Seizure,0,False,5634.7,0,3,712.891573262926,bipolar,100.0,0.5-70 Hz,60 Hz,10.0,0.15244090938428184,316.6856965324955,5.707495847424889,5.725175809632956,False,False
6bb4ec2d-bab2-41b9-993d-aa857de3fd2a,92,25399,lrda,seizure,0,LPD,0,False,3781.3,0,5,592.3432645349612,bipolar,100.0,0.5-70 Hz,60 Hz,10.0,0.15302199564604396,302.62311829718686,5.634352140664501,5.670787158215819,False,False
6bb4ec2d-bab2-41b9-993d-aa857de3fd2a,93,38946,gpd,lrda,0,LPD,0,False,3306.0,0,9,673.4002813892096,bipolar,100.0,0.5-70 Hz,60 Hz,10.0,0.15297977793389417,599.9999999999999,5.6837724986118445,5.5982427176412495,True,False
6bb4ec2d-bab2-41b9-993d-aa857de3fd2a,94,68822,lpd,seizure,0,Other,0,False,5420.6,0,8,13.168508804231559,bipolar,100.0,0.5-70 Hz,60 Hz,10.0,0.1524814033541328,464.4826990921863,5.680262299043132,5.646262642766651,False,False
6bb4ec2d-bab2-41b9-993d-aa857de3fd2a,95,69015,sz,seizure,1,LPD,0,False,3687.7,0,6,370.788750756902,bipolar,100.0,0.5-70 Hz,60 Hz,10.0,0.1518075814834049,324.82033642740765,5.817614146416296,5.639148697217511,False,False
6bb4ec2d-bab2-41b9-993d-aa857de3fd2a,96,70144,lrda,grda,0,Seizure,0,False,1532.2,0,7,703.5048939100312,bipolar,100.0,0.5-70 Hz,60 Hz,10.0,0.1506157706396224,303.25112034150834,5.772516401176258,5.777177721896722,False,False
6bb4ec2d-bab2-41b9-993d-aa857de3fd2a,97,59372,lrda,gpd,0,Seizure,0,False,5815.2,0,7,780.9466073227533,bipolar,100.0,0.5-70 Hz,60 Hz,10.0,0.159837396891037,599.9999999999999,5.524401494701982,5.736602896049172,True,False
6bb4ec2d-bab2-41b9-993d-aa857de3fd2a,98,63199,iic,lpd,0,Other,1,False,8210.4,0,12,434.80524983497605,bipolar,100.0,0.5-70 Hz,60 Hz,10.0,0.15640110265982748,474.4170380996418,5.566913335800624,5.484704990599706,False,False
6bb4ec2d-bab2-41b9-993d-aa857de3fd2a,99,40538,iic,other,1,Other,1,True,14219.1,0,9,965.6098898703227,bipolar,100.0,0.5-70 Hz,60 Hz,10.0,0.1545854463114938,480.6059459515701,5.5042082365439775,5.526006995240606,False,False
6bb4ec2d-bab2-41b9-993d-aa857de3fd2a,100,39045,iic,other,1,Other,1,True,1447.7,0,6,9.161615336172117,bipolar,100.0,0.5-70 Hz,60 Hz,10.0,0.1538699171980376,461.9633599258829,5.448748026639241,5.466709630014504,False,False
6bb4ec2d-bab2-41b9-993d-aa857de3fd2a,101,69945,grda,grda,1,GRDA,1,True,2055.1,0,4,499.7752405241984,bipolar,100.0,0.5-70 Hz,60 Hz,10.0,0.15410823857057732,450.07886411305293,5.419319370791939,5.411988432595525,False,False
6bb4ec2d-bab2-41b9-993d-aa857de3fd2a,102,53983,iic,other,1,Other,1,True,1022.6,0,6,755.5246386775223,bipolar,100.0,0.5-70 Hz,60 Hz,10.0,0.1523742597891733,420.64979199934555,5.366409185160993,5.384017834472275,False,False
6bb4ec2d-bab2-41b9-993d-aa857de3fd2a,103,59725,grda,grda,1,GRDA,1,True,798.9,0,7,366.5079238554602,bipolar,100.0,0.5-70 Hz,60 Hz,10.0,0.15165026205921067,389.99029248050795,5.34825400186371,5.332907188327553,False,False
6bb4ec2d-bab2-41b9-993d-aa857de3fd2a,104,60705,gpd,seizure,0,LPD,0,False,1454.3,0,10,646.6266152263946,bipolar,100.0,0.5-70 Hz,60 Hz,10.0,0.15180410541313033,388.90206462356787,5.293727675260543,5.3160550138093505,False,False
6bb4ec2d-bab2-41b9-993d-aa857de3fd2a,105,86955,iic,other,1,Other,1,True,2561.1,0,2,607.5395651827714,bipolar,100.0,0.5-70 Hz,60 Hz,10.0,0.15116347224263244,347.6644734744703,5.252162326954956,5.2618005898838645,False,False
6bb4ec2d-bab2-41b9-993d-aa857de3fd2a,106,88235,grda,grda,1,GRDA,1,True,7443.9,0,7,496.5111894477009,bipolar,100.0,0.5-70 Hz,60 Hz,10.0,0.15260506007634872,312.75132203313206,5.241226249368683,5.221347864207915,False,False
6bb4ec2d-bab2-41b9-993d-aa857de3fd2a,107,32388,iic,other,1,Other,1,True,1755.8,0,8,341.0642896750648,bipolar,100.0,0.5-70 Hz,60 Hz,10.0,0.1537851065578607,599.9999999999999,5.233541707432467,5.211761398858662,True,False
6bb4ec2d-bab2-41b9-993d-aa857de3fd2a,108,31713,gpd,seizure,0,LRDA,0,False,6031.1,0,4,15.949599443531204,bipolar,100.0,0.5-70 Hz,60 Hz,10.0,0.15009501381172663,582.0005428135368,5.16886970903886,5.199669727828163,False,False
6bb4ec2d-bab2-41b9-993d-aa857de3fd2a,109,88383,grda,lrda,0,GRDA,1,False,3194.2,0,5,927.499289694734,bipolar,100.0,0.5-70 Hz,60 Hz,10.0,0.1492661997196395,558.9765536992007,5.169841569923921,5.137342441664094,False,False
6bb4ec2d-bab2-41b9-993d-aa857de3fd2a,110,86212,grda,lrda,0,GRDA,1,False,1343.9,0,2,10.985560463003887,bipolar,100.0,0.5-70 Hz,60 Hz,10.0,0.14925204093999966,506.3648324170348,5.168635699802758,5.137270748227793,False,False
6bb4ec2d-bab2-41b9-993d-aa857de3fd2a,111,32715,grda,seizure,0,GPD,0,False,22132.7,0,11,619.7248069603538,bipolar,100.0,0.5-70 Hz,60 Hz,10.0,0.15176203634682917,531.4037409139913,5.026968900396614,5.135526912030063,False,False
6bb4ec2d-bab2-41b9-993d-aa857de3fd2a,112,55238,gpd,seizure,0,LRDA,0,False,2442.3,0,6,536.2730265463886,bipolar,100.0,0.5-70 Hz,60 Hz,10.0,0.15207095255273367,490.60183161557046,4.9618709033201664,4.995197848483318,False,False
6bb4ec2d-bab2-41b9-993d-aa857de3fd2a,113,30132,lpd,lpd,1,LPD,1,True,644.2,0,6,492.61539421047485,bipolar,100.0,0.5-70 Hz,60 Hz,10.0,0.15150112932437176,483.72701930029774,4.900899625705012,4.932197575052714,False,False
6bb4ec2d-bab2-41b9-993d-aa857de3fd2a,114,31011,grda,seizure,0,GPD,0,False,2121.7,0,11,958.2387845890216,bipolar,100.0,0.5-70 Hz,60 Hz,10.0,0.151899508039115,467.6144550178699,4.844121193206173,4.871355787303374,False,False
6bb4ec2d-bab2-41b9-993d-aa857de3fd2a,115,65542,gpd,seizure,0,GPD,1,False,1049.7,0,4,430.22714854084893,bipolar,100.0,0.5-70 Hz,60 Hz,10.0,0.14856055073347868,503.3954784629502,4.924915896848322,4.816309869041547,False,False
6bb4ec2d-bab2-41b9-993d-aa857de3fd2a,116,48579,iic,lpd,0,LRDA,0,False,647.1,0,4,507.9288740576168,bipolar,100.0,0.5-70 Hz,60 Hz,10.0,0.1482876252879784,491.7692823772996,4.8898403759665126,4.897576433189965,False,False
6bb4ec2d-bab2-41b9-993d-aa857de3fd2a,117,42557,lpd,lpd,1,Seizure,0,False,2176.9,0,2,7.270126043086576,bipolar,100.0,0.5-70 Hz,60 Hz,10.0,0.14957243390833358,388.2914239685326,4.981924811446193,4.862779908856345,False,False
6bb4ec2d-bab2-41b9-993d-aa857de3fd2a,118,42042,lpd,lpd,1,LPD,1,True,7137.2,0,3,883.7832353177693,bipolar,100.0,0.5-70 Hz,60 Hz,10.0,0.1498997980887563,422.16211280836063,4.93246494354157,4.953842638781956,False,False
6bb4ec2d-bab2-41b9-993d-aa857de3fd2a,119,46177,gpd,gpd,1,GPD,1,True,3769.4,0,6,595.0600740082384,bipolar,100.0,0.5-70 Hz,60 Hz,10.0,0.1468937854361123,421.7743147446494,4.872008472201234,4.90569703965898,False,False
6bb4ec2d-bab2-41b9-993d-aa857de3fd2a,120,22553,iic,gpd,0,Seizure,0,False,2476.3,0,9,463.14837187128313,bipolar,100.0,0.5-70 Hz,60 Hz,10.0,0.1484087612988707,390.9601313025718,4.820795848990873,4.846166779644524,False,False
6bb4ec2d-bab2-41b9-993d-aa857de3fd2a,121,52207,lrda,lrda,1,LRDA,1,True,11748.7,0,11,10.581266977046745,bipolar,100.0,0.5-70 Hz,60 Hz,10.0,0.15078756209491073,382.1021357805515,4.776324875804554,4.795382921510728,False,False
6bb4ec2d-bab2-41b9-993d-aa857de3fd2a,122,50577,gpd,gpd,1,GPD,1,True,6858.4,0,6,464.03212209022735,bipolar,100.0,0.5-70 Hz,60 Hz,10.0,0.1474884163647905,367.67987157312245,4.712769961180919,4.750356109444728,False,False
6bb4ec2d-bab2-41b9-993d-aa857de3fd2a,123,57358,iic,seizure,0,GRDA,0,False,5257.3,0,9,8.81722655702699,bipolar,100.0,0.5-70 Hz,60 Hz,10.0,0.1485987613513261,329.27254124337895,4.65832795469796,4.68850790536761,False,False
6bb4ec2d-bab2-41b9-993d-aa857de3fd2a,124,40101,gpd,gpd,1,GPD,1,True,1583.2,0,7,315.48292844674256,bipolar,100.0,0.5-70 Hz,60 Hz,10.0,0.14657125630595041,308.1593930349229,4.594979214435796,4.634025909483476,False,False
6bb4ec2d-bab2-41b9-993d-aa857de3fd2a,125,43389,lrda,grda,0,LRDA,1,False,893.2,0,5,111.73786197288075,bipolar,100.0,0.5-70 Hz,60 Hz,10.0,0.15350029206738092,599.9999999999999,4.544057336219496,4.570678690765971,True,False
6bb4ec2d-bab2-41b9-993d-aa857de3fd2a,126,35768,lrda,lrda,1,LRDA,1,True,2758.9,0,8,704.2506122098123,bipolar,100.0,0.5-70 Hz,60 Hz,10.0,0.15521162403634253,586.7187456385977,4.481683411984475,4.515125661389029,False,False
6bb4ec2d-bab2-41b9-993d-aa857de3fd2a,127,55316,lrda,lrda,1,LRDA,1,True,3859.7,0,7,899.8858675187133,bipolar,100.0,0.5-70 Hz,60 Hz,10.0,0.1556669889435897,552.655214788661,4.428701740126979,4.456376288378262,False,False
6bb4ec2d-bab2-41b9-993d-aa857de3fd2a,128,49249,gpd,gpd,1,LPD,0,False,3170.8,0,6,8.573644199717139,bipolar,100.0,0.5-70 Hz,60 Hz,10.0,0.1426407047019297,411.86813767608805,4.508988644730701,4.403302182317703,False,False
6bb4ec2d-bab2-41b9-993d-aa857de3fd2a,129,87122,sz,seizure,1,LRDA,0,False,3052.2,0,6,7.961641483080353,bipolar,100.0,0.5-70 Hz,60 Hz,10.0,0.14436871430911263,340.9070195027533,4.512897863649727,4.484711707517867,False,False
6bb4ec2d-bab2-41b9-993d-aa857de3fd2a,130,36263,lrda,lrda,1,LRDA,1,True,1596.5,0,2,224.12461071435334,bipolar,100.0,0.5-70 Hz,60 Hz,10.0,0.14355204702254049,309.5421754377057,4.453122500259232,4.4890056175340405,False,False
6bb4ec2d-bab2-41b9-993d-aa857de3fd2a,131,51952,lrda,lrda,1,LRDA,1,True,1616.8,0,6,418.6293846563986,bipolar,100.0,0.5-70 Hz,60 Hz,10.0,0.14233535764576022,599.9999999999999,4.506939344995704,4.43202314346532,True,False
6bb4ec2d-bab2-41b9-993d-aa857de3fd2a,132,34502,lpd,seizure,0,Seizure,0,True,1584.1,0,6,597.7303712351509,bipolar,100.0,0.5-70 Hz,60 Hz,10.0,0.14173666085476616,583.5296312597094,4.490206486373806,4.4866320497307814,False,False
6bb4ec2d-bab2-41b9-993d-aa857de3fd2a,133,59456,lpd,grda,0,LRDA,0,False,11980.5,0,4,767.7405535944208,bipolar,100.0,0.5-70 Hz,60 Hz,10.0,0.14107655458679996,536.2676686325821,4.477006638381216,4.469072973110575,False,False
6bb4ec2d-bab2-41b9-993d-aa857de3fd2a,134,46278,lrda,lrda,1,GPD,0,False,14331.5,0,5,15.259325423234463,bipolar,100.0,0.5-70 Hz,60 Hz,10.0,0.14248320032541428,420.15366399980104,4.567961089894243,4.45530930710288,False,False
6bb4ec2d-bab2-41b9-993d-aa857de3fd2a,135,69933,lpd,gpd,0,Other,0,False,3157.8,0,3,340.6026845995117,bipolar,100.0,0.5-70 Hz,60 Hz,10.0,0.14228734765422563,367.65061544028504,4.544017577174421,4.546122078893848,False,False
6bb4ec2d-bab2-41b9-993d-aa857de3fd2a,136,55303,grda,lrda,0,GPD,0,False,2536.7,0,8,535.250774375634,bipolar,100.0,0.5-70 Hz,60 Hz,10.0,0.14226644466142851,357.6209306097755,4.518078635930388,4.528093804251864,False,False
6bb4ec2d-bab2-41b9-993d-aa857de3fd2a,137,63112,sz,grda,0,LPD,0,False,6595.2,0,5,718.600637884984,bipolar,100.0,0.5-70 Hz,60 Hz,10.0,0.14212353597967858,344.6379029393909,4.503338038542852,4.503481459726012,False,False
6bb4ec2d-bab2-41b9-993d-aa857de3fd2a,138,60073,sz,gpd,0,Seizure,1,False,1029.2,0,3,474.09704011070966,bipolar,100.0,0.5-70 Hz,60 Hz,10.0,0.1423556690759849,358.7565644180402,4.491294561260277,4.486970265198862,False,False
6bb4ec2d-bab2-41b9-993d-aa857de3fd2a,139,21566,grda,grda,1,Seizure,0,False,3801.6,0,6,524.2794575564993,bipolar,100.0,0.5-70 Hz,60 Hz,10.0,0.14115553954979132,599.9999999999999,4.335869925038918,4.476596655224366,True,False
6bb4ec2d-bab2-41b9-993d-aa857de3fd2a,140,68953,grda,lrda,0,GRDA,1,False,1475.2,0,4,523.6522724559215,bipolar,100.0,0.5-70 Hz,60 Hz,10.0,0.1435637693463897,472.91612444692026,4.396794533694185,4.316943975718102,False,False
6bb4ec2d-bab2-41b9-993d-aa857de3fd2a,141,84740,sz,seizure,1,Seizure,1,True,4894.3,0,7,9.554202914169899,bipolar,100.0,0.5-70 Hz,60 Hz,10.0,0.14315491782908796,466.2142344990387,4.342452033276692,4.383932944766532,False,False
6bb4ec2d-bab2-41b9-993d-aa857de3fd2a,142,33829,sz,seizure,1,LRDA,0,False,2445.4,0,9,773.2525180875147,bipolar,100.0,0.5-70 Hz,60 Hz,10.0,0.143790939677175,459.5322395583945,4.4244339359753235,4.330098818461542,False,False
6bb4ec2d-bab2-41b9-993d-aa857de3fd2a,143,87628,sz,seizure,1,Seizure,1,True,5904.8,0,2,531.684804508288,bipolar,100.0,0.5-70 Hz,60 Hz,10.0,0.14377540688967427,468.05146352167617,4.3787320106644705,4.414409868084476,False,False
6bb4ec2d-bab2-41b9-993d-aa857de3fd2a,144,22795,sz,seizure,1,Seizure,1,True,4743.3,0,10,597.1635310440824,bipolar,100.0,0.5-70 Hz,60 Hz,10.0,0.14358640648775306,465.9377040001722,4.330972489728351,4.3687774615776105,False,False
6bb4ec2d-bab2-41b9-993d-aa857de3fd2a,145,89158,sz,seizure,1,Seizure,1,True,1942.6,0,6,356.94826584374454,bipolar,100.0,0.5-70 Hz,60 Hz,10.0,0.14328735866367825,453.5132217260034,4.281752805452506,4.321140206434908,False,False
6bb4ec2d-bab2-41b9-993d-aa857de3fd2a,146,47425,iic,lpd,0,GRDA,0,False,5558.1,0,4,425.50841525264644,bipolar,100.0,0.5-70 Hz,60 Hz,10.0,0.14088942354237183,448.2925647253061,4.208205959806426,4.256658051766869,False,False
6bb4ec2d-bab2-41b9-993d-aa857de3fd2a,147,36177,sz,seizure,1,Other,0,False,3154.1,0,7,484.217347581329,bipolar,100.0,0.5-70 Hz,60 Hz,10.0,0.14136931344938664,458.76640329336686,4.287373954009279,4.198298194014626,False,False
6bb4ec2d-bab2-41b9-993d-aa857de3fd2a,148,49337,lpd,grda,0,LPD,1,False,1860.3,0,5,204.51075751084463,bipolar,100.0,0.5-70 Hz,60 Hz,10.0,0.13865711236406536,402.15957684215533,4.282907901895887,4.262464153350152,False,True
6bb4ec2d-bab2-41b9-993d-aa857de3fd2a,149,39687,iic,lpd,0,Seizure,0,False,5081.8,0,3,808.5592849600047,bipolar,100.0,0.5-70 Hz,60 Hz,10.0,0.1361882666032228,382.0890250761231,4.206956164076006,4.260241321168527,False,True
6bb4ec2d-bab2-41b9-993d-aa857de3fd2a,150,53422,iic,lpd,0,GPD,0,False,5373.7,0,2,824.3694975756833,bipolar,100.0,0.5-70 Hz,60 Hz,10.0,0.1360156752893773,353.6205753967083,4.137653007736024,4.1875964837298545,False,True
6bb4ec2d-bab2-41b9-993d-aa857de3fd2a,151,3027,spike,spike,0,Yes (spike present),1,False,2350.2,0,4,517.4195310263509,bipolar,100.0,0.5-70 Hz,60 Hz,10.0,0.13610888151292105,319.00784793462617,4.11430937937716,4.118267862695041,False,True
6bb4ec2d-bab2-41b9-993d-aa857de3fd2a,152,65293,lpd,grda,0,LRDA,0,False,4131.6,0,5,11.881294303291027,bipolar,100.0,0.5-70 Hz,60 Hz,10.0,0.13617346818906334,353.50775093729186,4.099838419837305,4.096146670686472,False,True
6bb4ec2d-bab2-41b9-993d-aa857de3fd2a,153,22872,lpd,seizure,0,LPD,1,False,11649.3,0,7,398.9628006885266,bipolar,100.0,0.5-70 Hz,60 Hz,10.0,0.13705859350221916,599.9999999999999,4.261223363313208,4.0819793906361515,True,True
6bb4ec2d-bab2-41b9-993d-aa857de3fd2a,154,31930,gpd,seizure,0,LRDA,0,False,35556.3,0,5,362.3308561755083,bipolar,100.0,0.5-70 Hz,60 Hz,10.0,0.1375197851678715,586.4511411071907,4.205995564967637,4.242609776663214,False,True
6bb4ec2d-bab2-41b9-993d-aa857de3fd2a,155,51454,iic,other,1,LRDA,0,False,2561.9,0,4,15.663022949605427,bipolar,100.0,0.5-70 Hz,60 Hz,10.0,0.13963881114904297,479.8503956454152,4.204534352379827,4.187825061721165,False,True
6bb4ec2d-bab2-41b9-993d-aa857de3fd2a,156,61379,iic,seizure,0,LRDA,0,False,1827.6,0,3,711.8997112557544,bipolar,100.0,0.5-70 Hz,60 Hz,10.0,0.13849719817942446,466.3708828555178,4.138616043592003,4.1857597580048544,False,True
6bb4ec2d-bab2-41b9-993d-aa857de3fd2a,157,45297,lrda,lrda,1,LRDA,1,True,7262.7,0,6,606.3056279295788,bipolar,100.0,0.5-70 Hz,60 Hz,10.0,0.1390735440827499,460.73157944575564,4.111839731517009,4.121038516982437,False,True
6bb4ec2d-bab2-41b9-993d-aa857de3fd2a,158,5962,spike,spike,1,Yes (spike present),1,True,5115.2,0,10,921.686264359384,bipolar,100.0,0.5-70 Hz,60 Hz,10.0,0.13698686986485908,452.3407442876871,4.06261638812219,4.0944534935514,False,True
6bb4ec2d-bab2-41b9-993d-aa857de3fd2a,159,85408,gpd,seizure,0,GRDA,0,False,2877.6,0,9,381.2339477972722,bipolar,100.0,0.5-70 Hz,60 Hz,10.0,0.13712359556241133,425.31557952526043,4.008059023833814,4.045569656668549,False,True
6bb4ec2d-bab2-41b9-993d-aa857de3fd2a,160,45189,grda,gpd,0,GRDA,1,False,994.2,0,8,441.07719474399573,bipolar,100.0,0.5-70 Hz,60 Hz,10.0,0.1353048104089239,360.6983098815709,4.078302657458388,3.9916485891849085,False,True
6bb4ec2d-bab2-41b9-993d-aa857de3fd2a,161,40595,iic,gpd,0,Other,1,False,5017.0,0,4,518.1689285725134,bipolar,100.0,0.5-70 Hz,60 Hz,10.0,0.14104334778875277,340.4056445797668,4.244466215329752,4.058389015395594,False,True
6bb4ec2d-bab2-41b9-993d-aa857de3fd2a,162,40526,grda,gpd,0,Other,0,False,5929.3,0,2,12.38196694331881,bipolar,100.0,0.5-70 Hz,60 Hz,10.0,0.14183227471467552,386.0324382967975,4.168053442368065,4.2241963915077445,False,True
6bb4ec2d-bab2-41b9-993d-aa857de3fd2a,163,27313,iic,lpd,0,GRDA,0,False,2002.9,0,5,500.13166503740496,bipolar,100.0,0.5-70 Hz,60 Hz,10.0,0.14124259597669792,403.47374336986684,4.101769872365185,4.150514604739367,False,True
6bb4ec2d-bab2-41b9-993d-aa857de3fd2a,164,21648,iic,seizure,0,Other,1,False,19137.5,0,5,318.2371674195936,bipolar,100.0,0.5-70 Hz,60 Hz,10.0,0.14274181922887008,319.667898155491,4.236935702066309,4.0862894227685125,False,True
6bb4ec2d-bab2-41b9-993d-aa857de3fd2a,165,44977,grda,seizure,0,GRDA,1,False,1060.0,0,3,6.967596566418484,bipolar,100.0,0.5-70 Hz,60 Hz,10.0,0.13098920994607471,599.9999999999999,4.136319179401167,4.217933224681305,True,True
6bb4ec2d-bab2-41b9-993d-aa857de3fd2a,166,50078,lrda,gpd,0,GRDA,0,False,1725.2,0,7,15.273113332475088,bipolar,100.0,0.5-70 Hz,60 Hz,10.0,0.1309577648443298,585.6517072652657,4.110588367840004,4.117135350145179,False,True
6bb4ec2d-bab2-41b9-993d-aa857de3fd2a,167,45227,lpd,lpd,1,LPD,1,True,1476.7,0,5,216.5750498436367,bipolar,100.0,0.5-70 Hz,60 Hz,10.0,0.13090034676722845,575.4255975946404,4.072688825636297,4.092737085553411,False,True
6bb4ec2d-bab2-41b9-993d-aa857de3fd2a,168,40694,lrda,grda,0,Other,0,False,818.5,0,4,102.36882398696513,bipolar,100.0,0.5-70 Hz,60 Hz,10.0,0.13068894392205288,540.6346864375694,4.046768549045187,4.055294388243137,False,True
6bb4ec2d-bab2-41b9-993d-aa857de3fd2a,169,35353,gpd,lrda,0,GPD,1,False,2199.7,0,6,5.290254116048121,bipolar,100.0,0.5-70 Hz,60 Hz,10.0,0.13059228612162432,475.33969252472315,4.068777760275792,4.030552018810104,False,True
6bb4ec2d-bab2-41b9-993d-aa857de3fd2a,170,38614,lrda,gpd,0,Seizure,0,False,6460.3,0,5,773.2375557111568,bipolar,100.0,0.5-70 Hz,60 Hz,10.0,0.13049019581550436,432.37088081013957,4.055122032756589,4.0524714199129415,False,True
6bb4ec2d-bab2-41b9-993d-aa857de3fd2a,171,64879,sz,grda,0,LPD,0,False,5185.0,0,8,8.262770396733478,bipolar,100.0,0.5-70 Hz,60 Hz,10.0,0.13002307753838033,421.6056346188282,4.021668113157803,4.039174374542177,False,True
6bb4ec2d-bab2-41b9-993d-aa857de3fd2a,172,20885,sz,grda,0,Seizure,1,False,1579.3,0,4,487.83712083874025,bipolar,100.0,0.5-70 Hz,60 Hz,10.0,0.13081943645974803,432.28252243445843,4.039004229565851,4.004730187563973,False,True
6bb4ec2d-bab2-41b9-993d-aa857de3fd2a,173,62833,gpd,gpd,1,GPD,1,True,8297.9,0,4,117.88002732881944,bipolar,100.0,0.5-70 Hz,60 Hz,10.0,0.13117755100625306,440.2688225094707,4.019962441548382,4.023404752537969,False,True
6bb4ec2d-bab2-41b9-993d-aa857de3fd2a,174,70790,lrda,gpd,0,LPD,0,False,8272.9,0,5,531.6901446864302,bipolar,100.0,0.5-70 Hz,60 Hz,10.0,0.13103575300785403,392.11128254211997,4.008816309490807,4.005428906950454,False,True
6bb4ec2d-bab2-41b9-993d-aa857de3fd2a,175,87929,gpd,gpd,1,GPD,1,True,5129.7,0,6,443.7101710595006,bipolar,100.0,0.5-70 Hz,60 Hz,10.0,0.13134394301328178,389.32352602599934,3.9878334393571873,3.9940855730360947,False,True
6bb4ec2d-bab2-41b9-993d-aa857de3fd2a,176,68750,lpd,lpd,1,LPD,1,True,6101.3,0,9,400.9435632314302,bipolar,100.0,0.5-70 Hz,60 Hz,10.0,0.13139775156782063,376.19770665849364,3.950795872701997,3.9737717642420565,False,True
6bb4ec2d-bab2-41b9-993d-aa857de3fd2a,177,35152,sz,grda,0,Seizure,1,False,5911.7,0,9,10.287945057944038,bipolar,100.0,0.5-70 Hz,60 Hz,10.0,0.13396792717856804,362.00617470784795,3.9637889510657933,3.9368417979477135,False,True
6bb4ec2d-bab2-41b9-993d-aa857de3fd2a,178,14082,spike,spike,1,No (no spike),0,False,1189.5,0,10,835.1110723612375,bipolar,100.0,0.5-70 Hz,60 Hz,10.0,0.14183160039071907,599.9999999999999,4.122184423981028,3.9501133450749912,True,True
6bb4ec2d-bab2-41b9-993d-aa857de3fd2a,179,35257,grda,grda,1,GRDA,1,True,844.1,0,5,10.014350496329001,bipolar,100.0,0.5-70 Hz,60 Hz,10.0,0.14193756973337762,592.4237686224486,4.1065057492070505,4.1053451161775625,False,True
6bb4ec2d-bab2-41b9-993d-aa857de3fd2a,180,12134,spike,spike,1,Yes (spike present),1,True,1554.8,0,3,650.4339836582938,bipolar,100.0,0.5-70 Hz,60 Hz,10.0,0.13791684296982842,583.6179284575963,4.080728636163854,4.091295680669982,False,True
6bb4ec2d-bab2-41b9-993d-aa857de3fd2a,181,68755,sz,lpd,0,Seizure,1,False,2473.1,0,11,15.06629678729332,bipolar,100.0,0.5-70 Hz,60 Hz,10.0,0.1373387390024733,566.248990102271,4.089322571598762,4.066192842923753,False,True
6bb4ec2d-bab2-41b9-993d-aa857de3fd2a,182,874,spike,spike,0,No (no spike),0,True,20201.4,0,10,13.897309660623238,bipolar,100.0,0.5-70 Hz,60 Hz,10.0,0.13599409098209997,553.6499599644608,4.068752991271514,4.074979734156103,False,True
6bb4ec2d-bab2-41b9-993d-aa857de3fd2a,183,68983,grda,grda,1,GRDA,1,True,3145.7,0,5,107.01125356228086,bipolar,100.0,0.5-70 Hz,60 Hz,10.0,0.13600901340502042,534.7906640056601,4.060943257263126,4.054577182886774,False,True
6bb4ec2d-bab2-41b9-993d-aa857de3fd2a,184,21629,grda,seizure,0,GPD,0,False,1646.9,0,6,218.63516901834745,bipolar,100.0,0.5-70 Hz,60 Hz,10.0,0.138670081517008,519.9439521833718,4.029851351853324,4.047265159972985,False,True
6bb4ec2d-bab2-41b9-993d-aa857de3fd2a,185,56782,iic,other,1,Other,1,True,809.2,0,5,538.4101790658974,bipolar,100.0,0.5-70 Hz,60 Hz,10.0,0.13891334256196003,513.2970210534598,3.999338176956635,4.016408636278495,False,True
6bb4ec2d-bab2-41b9-993d-aa857de3fd2a,186,45479,lpd,seizure,0,LPD,1,False,12239.0,0,2,14.649360254487584,bipolar,100.0,0.5-70 Hz,60 Hz,10.0,0.13917697969854098,478.237155404391,3.9729655106024495,3.9860316675481897,False,True
6bb4ec2d-bab2-41b9-993d-aa857de3fd2a,187,10305,spike,spike,1,Yes (spike present),1,True,3542.7,0,4,777.3201525926464,bipolar,100.0,0.5-70 Hz,60 Hz,10.0,0.13434836402354977,458.43034326560394,3.946706571193464,3.9593106435595393,False,True
6bb4ec2d-bab2-41b9-993d-aa857de3fd2a,188,56105,gpd,other,0,GPD,1,False,1597.3,0,1,466.4105247836646,bipolar,100.0,0.5-70 Hz,60 Hz,10.0,0.13271511892303045,406.411577230611,3.983227245905489,3.9339910759024828,False,True
6bb4ec2d-bab2-41b9-993d-aa857de3fd2a,189,51836,grda,lrda,0,GRDA,1,False,951.3,0,11,6.334894056967346,bipolar,100.0,0.5-70 Hz,60 Hz,10.0,0.13156968352741416,399.35761683557297,4.006190473569249,3.970400375390758,False,True
6bb4ec2d-bab2-41b9-993d-aa857de3fd2a,190,56486,grda,grda,1,GRDA,1,True,2175.4,0,3,483.8867825456617,bipolar,100.0,0.5-70 Hz,60 Hz,10.0,0.13158034986786282,377.21720405424355,4.000271293176864,3.9935209994708423,False,True
6bb4ec2d-bab2-41b9-993d-aa857de3fd2a,191,2230,spike,spike,0,Yes (spike present),1,False,6032.5,0,4,344.2636968366327,bipolar,100.0,0.5-70 Hz,60 Hz,10.0,0.1289313875812088,380.73671846596466,4.011232300443475,3.9876099460962546,False,True
6bb4ec2d-bab2-41b9-993d-aa857de3fd2a,192,65955,gpd,gpd,1,GPD,1,True,2680.0,0,9,135.24453239169665,bipolar,100.0,0.5-70 Hz,60 Hz,10.0,0.12942334360867996,379.398816067977,3.9800637332991315,3.9978850468101124,False,True
6bb4ec2d-bab2-41b9-993d-aa857de3fd2a,193,34869,iic,other,1,GRDA,0,False,1625.4,0,3,5.554744100176693,bipolar,100.0,0.5-70 Hz,60 Hz,10.0,0.12729384088080292,350.58004311779695,4.105177070280071,3.967489469764433,False,True
6bb4ec2d-bab2-41b9-993d-aa857de3fd2a,194,47933,grda,lpd,0,GRDA,1,False,1306.2,0,8,748.4608077825833,bipolar,100.0,0.5-70 Hz,60 Hz,10.0,0.12752877841217714,599.9999999999999,4.144786475166454,4.09074731516943,True,True
6bb4ec2d-bab2-41b9-993d-aa857de3fd2a,195,48572,lpd,lpd,1,LPD,1,True,5019.3,0,7,383.1830333052655,bipolar,100.0,0.5-70 Hz,60 Hz,10.0,0.12727683886764352,592.7159744298128,4.096144354662284,4.129862837084272,False,True
6bb4ec2d-bab2-41b9-993d-aa857de3fd2a,196,86277,lpd,lpd,1,LPD,1,True,1818.7,0,2,556.1088900197975,bipolar,100.0,0.5-70 Hz,60 Hz,10.0,0.12706306555672603,574.0112570606118,4.0571008026573345,4.08382495869063,False,True
6bb4ec2d-bab2-41b9-993d-aa857de3fd2a,197,39726,iic,gpd,0,LPD,0,False,3978.7,0,7,391.20266769930913,bipolar,100.0,0.5-70 Hz,60 Hz,10.0,0.127072358728051,563.2173681453418,4.01896355585305,4.044942269695746,False,True
6bb4ec2d-bab2-41b9-993d-aa857de3fd2a,198,42952,lrda,gpd,0,LRDA,1,False,5012.7,0,8,743.5442551907156,bipolar,100.0,0.5-70 Hz,60 Hz,10.0,0.13207516680173376,470.2175657345653,3.9752794039011325,4.007130709080925,False,True
6bb4ec2d-bab2-41b9-993d-aa857de3fd2a,199,13197,spike,spike,1,Yes (spike present),1,True,984.1,0,6,306.4228201108339,bipolar,100.0,0.5-70 Hz,60 Hz,10.0,0.12978185330218295,459.7567038857821,3.9490259212284227,3.9631335610255394,False,True
6bb4ec2d-bab2-41b9-993d-aa857de3fd2a,200,85383,gpd,seizure,0,Seizure,0,True,2589.6,0,7,476.83150629382186,bipolar,100.0,0.5-70 Hz,60 Hz,10.0,0.1280311498774322,451.5813559490289,3.912388634800039,3.93743211277153,False,True
6bb4ec2d-bab2-41b9-993d-aa857de3fd2a,201,40594,iic,lpd,0,GRDA,0,False,9732.3,0,6,373.1566738178623,bipolar,100.0,0.5-70 Hz,60 Hz,10.0,0.12842159594303082,426.80431977317875,3.882846314334195,3.9010134283793,False,True
6bb4ec2d-bab2-41b9-993d-aa857de3fd2a,202,57301,gpd,lrda,0,Seizure,0,False,2083.7,0,3,423.02486415819277,bipolar,100.0,0.5-70 Hz,60 Hz,10.0,0.12731964500779785,399.6922016523895,3.8492851510779627,3.87176108180202,False,True
6bb4ec2d-bab2-41b9-993d-aa857de3fd2a,203,60421,sz,lpd,0,Seizure,1,False,2036.0,0,2,432.2828423855715,bipolar,100.0,0.5-70 Hz,60 Hz,10.0,0.12765484397967858,382.8451925708253,3.8641428370074653,3.838173890258373,False,True
6bb4ec2d-bab2-41b9-993d-aa857de3fd2a,204,84731,sz,seizure,1,Seizure,1,True,5249.0,0,10,597.2430051191571,bipolar,100.0,0.5-70 Hz,60 Hz,10.0,0.1279589967050227,372.9775891938224,3.847553777817317,3.8527894922464565,False,True
6bb4ec2d-bab2-41b9-993d-aa857de3fd2a,205,87085,sz,seizure,1,Seizure,1,True,1551.9,0,9,8.104294883486272,bipolar,100.0,0.5-70 Hz,60 Hz,10.0,0.12837950410567955,353.50016578598024,3.8262465804332346,3.8361379195817613,False,True
6bb4ec2d-bab2-41b9-993d-aa857de3fd2a,206,53788,iic,gpd,0,GPD,0,True,1019.5,0,7,794.4216086148228,bipolar,100.0,0.5-70 Hz,60 Hz,10.0,0.1293251275105366,314.4651727772081,3.79822550474925,3.814738901485011,False,True
6bb4ec2d-bab2-41b9-993d-aa857de3fd2a,207,41050,gpd,grda,0,Seizure,0,False,10039.0,0,3,10.177632535050765,bipolar,100.0,0.5-70 Hz,60 Hz,10.0,0.13165293556659163,599.9999999999999,3.5621556515244563,3.7865597473980976,True,True
6bb4ec2d-bab2-41b9-993d-aa857de3fd2a,208,34228,lpd,grda,0,GPD,0,False,12628.9,0,7,14.855291878397,bipolar,100.0,0.5-70 Hz,60 Hz,10.0,0.13162622996936252,586.2158329809045,3.533746782973112,3.549271669857982,False,True
6bb4ec2d-bab2-41b9-993d-aa857de3fd2a,209,26501,lpd,seizure,0,GPD,0,False,2816.0,0,3,16.11308305520065,bipolar,100.0,0.5-70 Hz,60 Hz,10.0,0.13153466634209676,549.075223446592,3.5065679005898125,3.52128254895588,False,True
6bb4ec2d-bab2-41b9-993d-aa857de3fd2a,210,60915,lpd,grda,0,Seizure,0,False,3300.7,0,7,846.1140091819674,bipolar,100.0,0.5-70 Hz,60 Hz,10.0,0.1313947809500115,494.43514237047657,3.482438469479513,3.4947374888297054,False,True
6bb4ec2d-bab2-41b9-993d-aa857de3fd2a,211,64650,lpd,other,0,GPD,0,False,1490.0,0,4,7.894803463504255,bipolar,100.0,0.5-70 Hz,60 Hz,10.0,0.13015869414878972,430.13590559645826,3.4616147749691786,3.471216218316613,False,True
6bb4ec2d-bab2-41b9-993d-aa857de3fd2a,212,15802,spike,spike,0,No (no spike),0,True,3467.5,0,11,292.4709035132922,bipolar,100.0,0.5-70 Hz,60 Hz,10.0,0.12766174421646148,424.01891528117636,3.445277663918116,3.4504002300945924,False,True
6bb4ec2d-bab2-41b9-993d-aa857de3fd2a,213,51924,lrda,lrda,1,LRDA,1,True,5874.4,0,7,991.3990847113043,bipolar,100.0,0.5-70 Hz,60 Hz,10.0,0.1271518305492012,417.2819087289757,3.4145326792749477,3.4339887270202096,False,True
6bb4ec2d-bab2-41b9-993d-aa857de3fd2a,214,46398,lpd,gpd,0,Other,0,False,3154.7,0,3,463.44895882713945,bipolar,100.0,0.5-70 Hz,60 Hz,10.0,0.1264152920556807,351.05167573044514,3.3948337085521456,3.4036299016193565,False,True
6bb4ec2d-bab2-41b9-993d-aa857de3fd2a,215,15428,spike,spike,0,Yes (spike present),1,False,1283.8,0,6,112.19965257384199,bipolar,100.0,0.5-70 Hz,60 Hz,10.0,0.12951724560487327,351.0460073964554,3.4048525551829103,3.3840284513400465,False,True
6bb4ec2d-bab2-41b9-993d-aa857de3fd2a,216,53865,sz,seizure,1,Seizure,1,True,3919.3,0,4,288.6593096846676,bipolar,100.0,0.5-70 Hz,60 Hz,10.0,0.1311980335251841,344.14598799447054,3.3707316161150542,3.393800664631856,False,True
6bb4ec2d-bab2-41b9-993d-aa857de3fd2a,217,33532,sz,seizure,1,Seizure,1,True,1593.4,0,8,8.072763851190786,bipolar,100.0,0.5-70 Hz,60 Hz,10.0,0.13139344158088856,329.1616457590474,3.3371088698682962,3.3603160532371064,False,True
6bb4ec2d-bab2-41b9-993d-aa857de3fd2a,218,67854,lpd,grda,0,Other,0,False,4523.2,0,5,812.4677727491784,bipolar,100.0,0.5-70 Hz,60 Hz,10.0,0.12339012487454087,599.9999999999999,3.2955881568699708,3.3265903826418888,True,True
6bb4ec2d-bab2-41b9-993d-aa857de3fd2a,219,53784,lrda,seizure,0,Other,0,False,37073.7,0,5,6.176951110853325,bipolar,100.0,0.5-70 Hz,60 Hz,10.0,0.12264808471716687,589.1440724934695,3.2497850452313326,3.284780740304213,False,True
6bb4ec2d-bab2-41b9-993d-aa857de3fd2a,220,31734,sz,seizure,1,Seizure,1,True,5037.6,0,7,317.1142416713553,bipolar,100.0,0.5-70 Hz,60 Hz,10.0,0.12364122009084089,581.3592509154342,3.2003116542767946,3.23964548385119,False,True
6bb4ec2d-bab2-41b9-993d-aa857de3fd2a,221,44156,lrda,grda,0,GPD,0,False,6339.3,0,8,440.67912193632276,bipolar,100.0,0.5-70 Hz,60 Hz,10.0,0.1231012874241244,553.4366900724563,3.1602188370740074,3.1909203104970545,False,True
6bb4ec2d-bab2-41b9-993d-aa857de3fd2a,222,49803,sz,seizure,1,Seizure,1,True,5906.3,0,6,524.0698924009263,bipolar,100.0,0.5-70 Hz,60 Hz,10.0,0.12423567086950277,532.9554405220038,3.113584098509451,3.1508956704791857,False,True
6bb4ec2d-bab2-41b9-993d-aa857de3fd2a,223,85839,sz,seizure,1,Seizure,1,True,6137.2,0,4,10.88605351845759,bipolar,100.0,0.5-70 Hz,60 Hz,10.0,0.12492936580439096,501.93823689855776,3.069798400854362,3.1049927001997393,False,True
6bb4ec2d-bab2-41b9-993d-aa857de3fd2a,224,67545,gpd,gpd,1,GPD,1,True,6002.9,0,6,521.2448577991195,bipolar,100.0,0.5-70 Hz,60 Hz,10.0,0.12459951634100891,492.28731667684264,3.0480487382601558,3.0613012887658675,False,True
6bb4ec2d-bab2-41b9-993d-aa857de3fd2a,225,67374,lrda,gpd,0,LRDA,1,False,4336.8,0,10,444.77487980187067,bipolar,100.0,0.5-70 Hz,60 Hz,10.0,0.12603642341134985,514.7718278159807,3.1042476421349714,3.0397690618078603,False,True
6bb4ec2d-bab2-41b9-993d-aa857de3fd2a,226,22019,iic,other,1,Seizure,0,False,981.6,0,7,786.410342886529,bipolar,100.0,0.5-70 Hz,60 Hz,10.0,0.12784836663576687,435.62429687204866,3.140282810809513,3.0957433782278643,False,True
6bb4ec2d-bab2-41b9-993d-aa857de3fd2a,227,41666,iic,other,1,Other,1,True,2122.7,0,1,813.0333450868735,bipolar,100.0,0.5-70 Hz,60 Hz,10.0,0.12793945675471052,468.03847374644056,3.1263817835257193,3.1316286517805283,False,True
6bb4ec2d-bab2-41b9-993d-aa857de3fd2a,228,13506,spike,spike,0,Yes (spike present),1,False,2538.8,0,3,1001.1258296137872,bipolar,100.0,0.5-70 Hz,60 Hz,10.0,0.1277231809655056,450.5382923207594,3.116507110096296,3.117868840130675,False,True
6bb4ec2d-bab2-41b9-993d-aa857de3fd2a,229,46275,iic,other,1,Other,1,True,3551.8,0,8,800.5915559606606,bipolar,100.0,0.5-70 Hz,60 Hz,10.0,0.12751718910279963,472.4619292529742,3.101472290725593,3.1081127898003493,False,True
6bb4ec2d-bab2-41b9-993d-aa857de3fd2a,230,61619,lrda,lrda,1,LRDA,1,True,6835.4,0,5,979.1438747289982,bipolar,100.0,0.5-70 Hz,60 Hz,10.0,0.12809571049053692,457.968143218375,3.067054988403205,3.09317422934354,False,True
6bb4ec2d-bab2-41b9-993d-aa857de3fd2a,231,5496,spike,spike,1,No (no spike),0,False,9359.5,0,6,598.282480966383,bipolar,100.0,0.5-70 Hz,60 Hz,10.0,0.12752847617744534,417.8109264852822,3.111497982190932,3.0586556066082458,False,True
6bb4ec2d-bab2-41b9-993d-aa857de3fd2a,232,11710,spike,spike,1,Yes (spike present),1,True,1744.2,0,4,14.059538048209573,bipolar,100.0,0.5-70 Hz,60 Hz,10.0,0.12582216705985905,444.29803497418465,3.088750505433351,3.1015926983973063,False,True
6bb4ec2d-bab2-41b9-993d-aa857de3fd2a,233,15481,spike,spike,1,No (no spike),0,False,5236.7,0,11,9.88433840718154,bipolar,100.0,0.5-70 Hz,60 Hz,10.0,0.12470393315156064,366.76837905457324,3.1144866843277734,3.0806767826652868,False,True
6bb4ec2d-bab2-41b9-993d-aa857de3fd2a,234,12896,spike,spike,1,No (no spike),0,False,4254.2,0,3,490.80377537339456,bipolar,100.0,0.5-70 Hz,60 Hz,10.0,0.11730774463153643,599.9999999999999,3.1072254676814586,3.105166134644672,True,True
6bb4ec2d-bab2-41b9-993d-aa857de3fd2a,235,51846,lrda,lrda,1,LRDA,1,True,4533.2,0,1,469.9614999144024,bipolar,100.0,0.5-70 Hz,60 Hz,10.0,0.11772359212266731,590.9095357937367,3.078441046681558,3.0966826219007095,False,True
6bb4ec2d-bab2-41b9-993d-aa857de3fd2a,236,48443,lrda,lrda,1,LRDA,1,True,2043.2,0,4,880.3945904438277,bipolar,100.0,0.5-70 Hz,60 Hz,10.0,0.11812863758510539,567.191118090511,3.0519239455222795,3.069157084671778,False,True
6bb4ec2d-bab2-41b9-993d-aa857de3fd2a,237,16214,spike,spike,1,Yes (spike present),1,True,1561.3,0,5,537.1460882019892,bipolar,100.0,0.5-70 Hz,60 Hz,10.0,0.11689366334758627,561.2303903145718,3.037682638530198,3.0429978269897746,False,True
6bb4ec2d-bab2-41b9-993d-aa857de3fd2a,238,37451,gpd,gpd,1,GPD,1,True,38130.2,0,5,584.5529072161729,bipolar,100.0,0.5-70 Hz,60 Hz,10.0,0.1164802084703257,554.6866807872876,3.0188376427496664,3.029290307615141,False,True
6bb4ec2d-bab2-41b9-993d-aa857de3fd2a,239,13226,spike,spike,1,No (no spike),0,False,1741.5,0,7,607.508963876539,bipolar,100.0,0.5-70 Hz,60 Hz,10.0,0.11358696535885421,544.517510344123,3.023418016099289,3.010503750231969,False,True
6bb4ec2d-bab2-41b9-993d-aa857de3fd2a,240,68375,lrda,lrda,1,GPD,0,False,1321.8,0,4,359.27999170028824,bipolar,100.0,0.5-70 Hz,60 Hz,10.0,0.11352045257366145,551.511666020523,3.080529917835168,3.0151371145225747,False,True
6bb4ec2d-bab2-41b9-993d-aa857de3fd2a,241,60600,grda,seizure,0,LRDA,0,False,2824.9,0,12,180.6140777140986,bipolar,100.0,0.5-70 Hz,60 Hz,10.0,0.11268695010828639,539.9909263717722,3.0514899150718935,3.0719901869869037,False,True
6bb4ec2d-bab2-41b9-993d-aa857de3fd2a,242,88615,lpd,seizure,0,GRDA,0,False,2727.8,0,3,7.952183071206945,bipolar,100.0,0.5-70 Hz,60 Hz,10.0,0.11379443051802246,531.9878000851252,3.0396079130880524,3.043143102267957,False,True
6bb4ec2d-bab2-41b9-993d-aa857de3fd2a,243,48271,lpd,seizure,0,GRDA,0,False,4335.3,0,8,561.160129558445,bipolar,100.0,0.5-70 Hz,60 Hz,10.0,0.11479568150502484,503.28236550975095,3.0234619516636743,3.031250378074908,False,True
6bb4ec2d-bab2-41b9-993d-aa857de3fd2a,244,37845,lpd,gpd,0,LRDA,0,False,4275.8,0,5,721.7289311554123,bipolar,100.0,0.5-70 Hz,60 Hz,10.0,0.11542103896791905,462.4712588211779,3.0045616363087397,3.015192537380583,False,True
6bb4ec2d-bab2-41b9-993d-aa857de3fd2a,245,66746,lpd,grda,0,Seizure,0,False,1719.7,0,8,828.5166184469334,bipolar,100.0,0.5-70 Hz,60 Hz,10.0,0.1161920223245515,408.28640153553306,2.9806437500140803,2.9964575655940333,False,True
6bb4ec2d-bab2-41b9-993d-aa857de3fd2a,246,41550,sz,seizure,1,Seizure,1,True,1107.2,0,8,754.07910398969,bipolar,100.0,0.5-70 Hz,60 Hz,10.0,0.11759311843458276,400.71599292672977,2.961110992980893,2.9725013943341687,False,True
6bb4ec2d-bab2-41b9-993d-aa857de3fd2a,247,23733,lpd,grda,0,Other,0,False,1566.2,0,7,430.50548928849884,bipolar,100.0,0.5-70 Hz,60 Hz,10.0,0.11795067098057249,339.050692759139,2.930709471199201,2.952906611830321,False,True
6bb4ec2d-bab2-41b9-993d-aa857de3fd2a,248,54035,lpd,gpd,0,GRDA,0,False,5074.8,0,6,599.9964043944904,bipolar,100.0,0.5-70 Hz,60 Hz,10.0,0.12307525240499578,599.9999999999999,3.02234782991074,2.92241536933132,True,True
6bb4ec2d-bab2-41b9-993d-aa857de3fd2a,249,27123,iic,seizure,0,Seizure,0,True,1927.5,0,6,409.03839459305976,bipolar,100.0,0.5-70 Hz,60 Hz,10.0,0.1214156400452433,591.379563655253,2.985940562052015,3.0138644310542073,False,True
6bb4ec2d-bab2-41b9-993d-aa857de3fd2a,250,16356,spike,spike,0,No (no spike),0,True,12720.2,0,5,758.3888807879504,bipolar,100.0,0.5-70 Hz,60 Hz,10.0,0.12417001607821754,582.9738667085945,2.9619430721842575,2.9777174746408823,False,True
6bb4ec2d-bab2-41b9-993d-aa857de3fd2a,251,68637,sz,lrda,0,Seizure,1,False,2977.7,0,7,893.4958532217903,bipolar,100.0,0.5-70 Hz,60 Hz,10.0,0.12396975162859036,573.3292437387812,2.9550573352668104,2.9541026017197236,False,True
6bb4ec2d-bab2-41b9-993d-aa857de3fd2a,252,14059,spike,spike,0,No (no spike),0,True,7907.0,0,5,607.9913805788651,bipolar,100.0,0.5-70 Hz,60 Hz,10.0,0.12387210623688971,547.4305432937715,2.9269483495407114,2.9471745804270606,False,True
6bb4ec2d-bab2-41b9-993d-aa857de3fd2a,253,37521,gpd,gpd,1,LPD,0,False,2631.4,0,7,416.3201150933615,bipolar,100.0,0.5-70 Hz,60 Hz,10.0,0.12642853620522965,445.74348969791606,2.943930853546134,2.9191673923650816,False,True
6bb4ec2d-bab2-41b9-993d-aa857de3fd2a,254,56529,iic,lpd,0,GPD,0,False,3442.9,0,7,450.3273969795549,bipolar,100.0,0.5-70 Hz,60 Hz,10.0,0.1265323518775166,435.4440642056295,2.9104740331749683,2.9355232105444355,False,True
6bb4ec2d-bab2-41b9-993d-aa857de3fd2a,255,15154,spike,spike,0,No (no spike),0,True,3415.7,0,4,224.89056190912794,bipolar,100.0,0.5-70 Hz,60 Hz,10.0,0.12619878564930792,404.82270956659784,2.881619244142687,2.9026920849774482,False,True
6bb4ec2d-bab2-41b9-993d-aa857de3fd2a,256,63378,iic,lpd,0,LRDA,0,False,2218.2,0,5,334.0886778737278,bipolar,100.0,0.5-70 Hz,60 Hz,10.0,0.12685438506120028,387.4588330405006,2.852420777273519,2.873959650735738,False,True
6bb4ec2d-bab2-41b9-993d-aa857de3fd2a,257,14807,spike,spike,1,Yes (spike present),1,True,8322.0,0,5,109.45035212353508,bipolar,100.0,0.5-70 Hz,60 Hz,10.0,0.12644154962453763,383.2369965562445,2.8204758595820065,2.844897724645518,False,True
6bb4ec2d-bab2-41b9-993d-aa857de3fd2a,258,66257,iic,other,1,LRDA,0,False,13784.2,0,9,521.7214661308765,bipolar,100.0,0.5-70 Hz,60 Hz,10.0,0.12934057439984153,325.81822725737123,2.8653599372678213,2.813037655984449,False,True
6bb4ec2d-bab2-41b9-993d-aa857de3fd2a,259,47882,lpd,lpd,1,LPD,1,True,3031.2,0,3,650.1915898146789,bipolar,100.0,0.5-70 Hz,60 Hz,10.0,0.1298908451692417,323.36828101628026,2.8529971902821005,2.8570723620048204,False,True
6bb4ec2d-bab2-41b9-993d-aa857de3fd2a,260,173,spike,spike,0,No (no spike),0,True,3558.7,0,3,716.9537014497354,bipolar,100.0,0.5-70 Hz,60 Hz,10.0,0.11910995485781561,599.9999999999999,2.8503762246655566,2.8448873759414353,True,True
6bb4ec2d-bab2-41b9-993d-aa857de3fd2a,261,2733,spike,spike,0,No (no spike),0,True,1332.1,0,4,431.9971247193396,bipolar,100.0,0.5-70 Hz,60 Hz,10.0,0.12301402986377163,588.5874700813407,2.8290563913106954,2.841794460364775,False,True
6bb4ec2d-bab2-41b9-993d-aa857de3fd2a,262,2657,spike,spike,0,Yes (spike present),1,False,3114.3,0,4,632.1047716771734,bipolar,100.0,0.5-70 Hz,60 Hz,10.0,0.11937279463252398,596.7402626594668,2.8427705271128647,2.820662170657359,False,True
6bb4ec2d-bab2-41b9-993d-aa857de3fd2a,263,14287,spike,spike,0,No (no spike),0,True,4055.0,0,7,367.5970845146679,bipolar,100.0,0.5-70 Hz,60 Hz,10.0,0.11889250573756294,596.2042322081201,2.824365318148037,2.835438371349615,False,True
6bb4ec2d-bab2-41b9-993d-aa857de3fd2a,264,61766,grda,lrda,0,GRDA,1,False,3884.0,0,4,488.5651329599997,bipolar,100.0,0.5-70 Hz,60 Hz,10.0,0.11868448933759745,561.7176382392138,2.825719903204571,2.817370986323664,False,True
6bb4ec2d-bab2-41b9-993d-aa857de3fd2a,265,63145,grda,grda,1,GRDA,1,True,18614.1,0,11,111.43577066335456,bipolar,100.0,0.5-70 Hz,60 Hz,10.0,0.11864315618530774,556.7221568024356,2.8127387669504684,2.8185623285726624,False,True
6bb4ec2d-bab2-41b9-993d-aa857de3fd2a,266,63283,lpd,lpd,1,GPD,0,False,7203.7,0,6,428.152144551863,bipolar,100.0,0.5-70 Hz,60 Hz,10.0,0.12155037523194101,471.50821238846993,2.8047225718964697,2.8059477196888514,False,True
6bb4ec2d-bab2-41b9-993d-aa857de3fd2a,267,88923,lpd,grda,0,Other,0,False,1636.7,0,6,436.1350780256773,bipolar,100.0,0.5-70 Hz,60 Hz,10.0,0.12091257663511329,460.0699040398165,2.7893383016450732,2.79729959118676,False,True
6bb4ec2d-bab2-41b9-993d-aa857de3fd2a,268,84589,gpd,gpd,1,GPD,1,True,1628.1,0,8,7.42617051787142,bipolar,100.0,0.5-70 Hz,60 Hz,10.0,0.12139827052719859,459.40076896750344,2.777118555952588,2.7824185722260903,False,True
6bb4ec2d-bab2-41b9-993d-aa857de3fd2a,269,88376,sz,lpd,0,GRDA,0,False,1873.0,0,6,807.9215485032454,bipolar,100.0,0.5-70 Hz,60 Hz,10.0,0.12133959263904137,453.28878116352837,2.7811491486340425,2.7701777487408146,False,True
6bb4ec2d-bab2-41b9-993d-aa857de3fd2a,270,49579,sz,other,0,GRDA,0,False,14620.7,0,3,651.7552401164331,bipolar,100.0,0.5-70 Hz,60 Hz,10.0,0.12121689336789304,434.94387746874963,2.7824760034827496,2.7740479053079845,False,True
6bb4ec2d-bab2-41b9-993d-aa857de3fd2a,271,35481,sz,lrda,0,Seizure,1,False,1064.6,0,6,214.13372589120596,bipolar,100.0,0.5-70 Hz,60 Hz,10.0,0.12142965814745404,455.7556620183614,2.7688520631975573,2.775197970640621,False,True
6bb4ec2d-bab2-41b9-993d-aa857de3fd2a,272,37805,lpd,gpd,0,GRDA,0,False,1665.6,0,5,749.5655963966943,bipolar,100.0,0.5-70 Hz,60 Hz,10.0,0.12069744371618835,431.48402091589656,2.7540345972048765,2.7620344551489917,False,True
6bb4ec2d-bab2-41b9-993d-aa857de3fd2a,273,45851,grda,gpd,0,GRDA,1,False,1553.6,0,10,425.52658086336027,bipolar,100.0,0.5-70 Hz,60 Hz,10.0,0.12030312062577092,376.32919647707905,2.7606664932732974,2.7473536003834105,False,True
6bb4ec2d-bab2-41b9-993d-aa857de3fd2a,274,60174,lrda,lrda,1,LRDA,1,True,759.2,0,7,409.9961476804629,bipolar,100.0,0.5-70 Hz,60 Hz,10.0,0.12070040923923836,375.53253950699326,2.76241302565559,2.7540586205218704,False,True
6bb4ec2d-bab2-41b9-993d-aa857de3fd2a,275,47935,sz,gpd,0,LPD,0,False,2980.3,0,9,196.8750966131016,bipolar,100.0,0.5-70 Hz,60 Hz,10.0,0.12082878714292772,362.0309250741392,2.763732075208271,2.7556710902892556,False,True
6bb4ec2d-bab2-41b9-993d-aa857de3fd2a,276,38566,sz,gpd,0,LRDA,0,False,1142.1,0,4,587.7853676990894,bipolar,100.0,0.5-70 Hz,60 Hz,10.0,0.12045826805497084,340.94492285191416,2.7614984840558954,2.7568895056543123,False,True
6bb4ec2d-bab2-41b9-993d-aa857de3fd2a,277,21022,sz,gpd,0,LPD,0,False,1115.2,0,9,576.2893748974391,bipolar,100.0,0.5-70 Hz,60 Hz,10.0,0.11990503043576173,313.2790541504446,2.755992220390754,2.7545392890636986,False,True
6bb4ec2d-bab2-41b9-993d-aa857de3fd2a,278,70983,sz,lpd,0,GPD,0,False,1491.5,0,5,13.7984577198984,bipolar,100.0,0.5-70 Hz,60 Hz,10.0,0.12584344985306783,599.9999999999999,2.816890438041707,2.7489225070050756,True,True
6bb4ec2d-bab2-41b9-993d-aa857de3fd2a,279,88796,sz,seizure,1,LRDA,0,False,7984.5,0,13,445.1306427334416,bipolar,100.0,0.5-70 Hz,60 Hz,10.0,0.12589573395191916,556.4092178839666,2.8500555428134993,2.808132469667605,False,True
6bb4ec2d-bab2-41b9-993d-aa857de3fd2a,280,35156,grda,grda,1,GRDA,1,True,3206.3,0,6,806.1166382875949,bipolar,100.0,0.5-70 Hz,60 Hz,10.0,0.1260988830541545,553.7757897591524,2.8363459343542177,2.842277930036722,False,True
6bb4ec2d-bab2-41b9-993d-aa857de3fd2a,281,69204,sz,seizure,1,LPD,0,False,14983.6,0,4,601.2412933111654,bipolar,100.0,0.5-70 Hz,60 Hz,10.0,0.12572899018219935,472.2420077916394,2.8559621060441143,2.8283915385920153,False,True
6bb4ec2d-bab2-41b9-993d-aa857de3fd2a,282,85214,sz,seizure,1,GRDA,0,False,4637.2,0,4,10.342224237372882,bipolar,100.0,0.5-70 Hz,60 Hz,10.0,0.12585868838943481,388.12949475985204,2.8647606871332885,2.8486443242097588,False,True
6bb4ec2d-bab2-41b9-993d-aa857de3fd2a,283,50134,lrda,grda,0,Seizure,0,False,3704.2,0,5,418.21709160226777,bipolar,100.0,0.5-70 Hz,60 Hz,10.0,0.12580190265324415,385.0343667154646,2.828503328691199,2.857513458968298,False,True
6bb4ec2d-bab2-41b9-993d-aa857de3fd2a,284,68092,grda,lpd,0,GRDA,1,False,4969.8,0,1,14.41458971819069,bipolar,100.0,0.5-70 Hz,60 Hz,10.0,0.12585502292233952,364.2980175391281,2.8490054161856895,2.8213821863302,False,True
6bb4ec2d-bab2-41b9-993d-aa857de3fd2a,285,62785,grda,grda,1,Other,0,False,17573.9,0,5,104.45424336659072,bipolar,100.0,0.5-70 Hz,60 Hz,10.0,0.12418294483279424,312.1929567500465,2.8821706201592994,2.841659561291194,False,True
6bb4ec2d-bab2-41b9-993d-aa857de3fd2a,286,87273,grda,grda,1,GRDA,1,True,5920.9,0,9,292.6894382558932,bipolar,100.0,0.5-70 Hz,60 Hz,10.0,0.12582768367928893,332.9415206484138,2.865063219841747,2.8740933185267146,False,True
6bb4ec2d-bab2-41b9-993d-aa857de3fd2a,287,88659,grda,grda,1,LRDA,0,False,3460.6,0,6,648.7594371509846,bipolar,100.0,0.5-70 Hz,60 Hz,10.0,0.12292804734661994,599.9999999999999,2.9374638483371065,2.8580386605260952,True,True
6bb4ec2d-bab2-41b9-993d-aa857de3fd2a,288,65655,iic,other,1,Other,1,True,1559.8,0,7,778.550004151339,bipolar,100.0,0.5-70 Hz,60 Hz,10.0,0.12332036203545282,592.608646420725,2.9222372537750774,2.93052934758039,False,True
6bb4ec2d-bab2-41b9-993d-aa857de3fd2a,289,60313,gpd,gpd,1,GPD,1,True,6397.4,0,3,9.635471454024803,bipolar,100.0,0.5-70 Hz,60 Hz,10.0,0.12302838085976309,585.8615385727529,2.90107973304218,2.9153902548084254,False,True
6bb4ec2d-bab2-41b9-993d-aa857de3fd2a,290,23712,sz,seizure,1,Seizure,1,True,62896.1,0,8,470.9942381794387,bipolar,100.0,0.5-70 Hz,60 Hz,10.0,0.12287135788670606,577.5900951797115,2.882991962555668,2.8942392264569134,False,True
6bb4ec2d-bab2-41b9-993d-aa857de3fd2a,291,86568,grda,grda,1,GRDA,1,True,43143.1,0,5,467.24209516200466,bipolar,100.0,0.5-70 Hz,60 Hz,10.0,0.12290657230438551,572.8531462041061,2.8687010722706496,2.8761968215059186,False,True
6bb4ec2d-bab2-41b9-993d-aa857de3fd2a,292,10876,spike,spike,1,Yes (spike present),1,True,3456.9,0,11,725.3593811109397,bipolar,100.0,0.5-70 Hz,60 Hz,10.0,0.12280049951329897,566.1818819825542,2.837457267814889,2.8620497359594133,False,True
6bb4ec2d-bab2-41b9-993d-aa857de3fd2a,293,61324,sz,seizure,1,Seizure,1,True,1807.2,0,8,365.7176833849403,bipolar,100.0,0.5-70 Hz,60 Hz,10.0,0.1224562078812993,545.6232283805787,2.8183992612626207,2.8309160181123905,False,True
6bb4ec2d-bab2-41b9-993d-aa857de3fd2a,294,88542,gpd,gpd,1,GPD,1,True,6135.3,0,8,401.8157081966893,bipolar,100.0,0.5-70 Hz,60 Hz,10.0,0.12235521770814961,528.1461184271325,2.7982910352590755,2.811993099544874,False,True
6bb4ec2d-bab2-41b9-993d-aa857de3fd2a,295,84837,grda,grda,1,GRDA,1,True,9403.0,0,8,523.0258452498056,bipolar,100.0,0.5-70 Hz,60 Hz,10.0,0.1223305401693427,512.0195442612815,2.783538011994283,2.7917864543476334,False,True
6bb4ec2d-bab2-41b9-993d-aa857de3fd2a,296,65824,iic,other,1,Other,1,True,4170.5,0,8,103.26633357251502,bipolar,100.0,0.5-70 Hz,60 Hz,10.0,0.12258706871222325,493.41986604515046,2.7701830261260825,2.777199524284589,False,True
6bb4ec2d-bab2-41b9-993d-aa857de3fd2a,297,47245,gpd,seizure,0,Other,0,False,5520.0,0,8,512.2019534844095,bipolar,100.0,0.5-70 Hz,60 Hz,10.0,0.12259710837184912,483.5230823954716,2.739062900607996,2.763771363880332,False,True
6bb4ec2d-bab2-41b9-993d-aa857de3fd2a,298,15897,spike,spike,1,Yes (spike present),1,True,1607.9,0,3,331.0847349039695,bipolar,100.0,0.5-70 Hz,60 Hz,10.0,0.12331467989867129,466.6997393049738,2.707002091771913,2.7326385748247777,False,True
6bb4ec2d-bab2-41b9-993d-aa857de3fd2a,299,86382,sz,seizure,1,GRDA,0,False,1501.8,0,4,10.115375230849688,bipolar,100.0,0.5-70 Hz,60 Hz,10.0,0.123866709237061,495.23968419837246,2.7277464989658036,2.7008610318627664,False,True
6bb4ec2d-bab2-41b9-993d-aa857de3fd2a,300,2824,spike,spike,0,No (no spike),0,True,6948.2,0,6,496.130091231625,bipolar,100.0,0.5-70 Hz,60 Hz,10.0,0.1249066430234384,489.6091674743574,2.7095897242243767,2.721488405400596,False,True
6bb4ec2d-bab2-41b9-993d-aa857de3fd2a,301,40569,iic,other,1,Other,1,True,8989.4,0,2,435.7850815348272,bipolar,100.0,0.5-70 Hz,60 Hz,10.0,0.12522689188870434,462.46117929930443,2.6970504399218536,2.703542264372569,False,True
6bb4ec2d-bab2-41b9-993d-aa857de3fd2a,302,51979,gpd,lrda,0,LPD,0,False,3645.7,0,5,543.4461981563592,bipolar,100.0,0.5-70 Hz,60 Hz,10.0,0.1249652532303609,439.7233959885136,2.672080438913828,2.6909677229653584,False,True
6bb4ec2d-bab2-41b9-993d-aa857de3fd2a,303,2717,spike,spike,0,Yes (spike present),1,False,853.2,0,6,766.6165726664723,bipolar,100.0,0.5-70 Hz,60 Hz,10.0,0.12337973427090526,437.3149859284802,2.68032263117102,2.6661452213823784,False,True
6bb4ec2d-bab2-41b9-993d-aa857de3fd2a,304,9054,spike,spike,1,No (no spike),0,False,8512.8,0,4,785.9268851546583,bipolar,100.0,0.5-70 Hz,60 Hz,10.0,0.12036327949064368,466.2030459392033,2.722460704618283,2.674474957025468,False,True
6bb4ec2d-bab2-41b9-993d-aa857de3fd2a,305,52522,grda,lpd,0,Seizure,0,False,3566.3,0,12,804.200804143656,bipolar,100.0,0.5-70 Hz,60 Hz,10.0,0.12008731243714649,462.20188990172704,2.694666372236063,2.716654334561544,False,True
6bb4ec2d-bab2-41b9-993d-aa857de3fd2a,306,4695,spike,spike,0,No (no spike),0,True,3302.0,0,6,6.868633998827718,bipolar,100.0,0.5-70 Hz,60 Hz,10.0,0.12002645247685756,454.5366179827006,2.6784444272466597,2.688846896772503,False,True
6bb4ec2d-bab2-41b9-993d-aa857de3fd2a,307,24709,lrda,seizure,0,GPD,0,False,5930.2,0,9,9.891690165351074,bipolar,100.0,0.5-70 Hz,60 Hz,10.0,0.11995054018033208,451.44746242413333,2.65705700059812,2.672738336463617,False,True
6bb4ec2d-bab2-41b9-993d-aa857de3fd2a,308,2001,spike,spike,0,No (no spike),0,True,3306.9,0,6,437.7566713394831,bipolar,100.0,0.5-70 Hz,60 Hz,10.0,0.12008879106929554,433.7656261639601,2.6303657233097484,2.65151847590591,False,True
6bb4ec2d-bab2-41b9-993d-aa857de3fd2a,309,70065,lrda,lrda,1,LRDA,1,True,2519.3,0,4,597.8421030376261,bipolar,100.0,0.5-70 Hz,60 Hz,10.0,0.12055605948236714,428.5122201451018,2.6062431397266606,2.6249149690322247,False,True
6bb4ec2d-bab2-41b9-993d-aa857de3fd2a,310,26730,iic,seizure,0,GRDA,0,False,1725.3,0,4,6.8590395046840165,bipolar,100.0,0.5-70 Hz,60 Hz,10.0,0.11997699530464134,422.360967358277,2.6050799307980927,2.6007563927343242,False,True
6bb4ec2d-bab2-41b9-993d-aa857de3fd2a,311,68680,iic,other,1,Other,1,True,3124.6,0,10,495.79303125859644,bipolar,100.0,0.5-70 Hz,60 Hz,10.0,0.11988954670766333,396.5090219725655,2.5935826132761166,2.5996685422411367,False,True
6bb4ec2d-bab2-41b9-993d-aa857de3fd2a,312,87706,grda,grda,1,GRDA,1,True,820.3,0,10,547.9871085475011,bipolar,100.0,0.5-70 Hz,60 Hz,10.0,0.12011043943752697,381.1371911443206,2.5826263285912976,2.5881916993730676,False,True
6bb4ec2d-bab2-41b9-993d-aa857de3fd2a,313,44589,lrda,gpd,0,Other,0,False,3781.2,0,9,653.0486427688301,bipolar,100.0,0.5-70 Hz,60 Hz,10.0,0.11983145039501941,369.25004941280656,2.5624299551660887,2.5771790936199905,False,True
6bb4ec2d-bab2-41b9-993d-aa857de3fd2a,314,13630,spike,spike,1,Yes (spike present),1,True,6694.5,0,5,9.101008105482428,bipolar,100.0,0.5-70 Hz,60 Hz,10.0,0.12093787097536884,367.7410543916463,2.542796106817417,2.55703674312939,False,True
6bb4ec2d-bab2-41b9-993d-aa857de3fd2a,315,87764,grda,seizure,0,Other,0,False,3969.6,0,3,567.8215040228133,bipolar,100.0,0.5-70 Hz,60 Hz,10.0,0.12058895004300468,361.1494883698461,2.5219339238039282,2.5375605584106795,False,True
6bb4ec2d-bab2-41b9-993d-aa857de3fd2a,316,1918,spike,spike,0,Yes (spike present),1,False,2471.2,0,4,442.16293991300785,bipolar,100.0,0.5-70 Hz,60 Hz,10.0,0.11929856080241502,367.0335086053216,2.5354483828904284,2.516682567213329,False,True
6bb4ec2d-bab2-41b9-993d-aa857de3fd2a,317,67428,sz,seizure,1,GRDA,0,False,4579.4,0,5,415.10009313571817,bipolar,100.0,0.5-70 Hz,60 Hz,10.0,0.11942051562425932,359.4585080388632,2.549534099111362,2.530153811113242,False,True
6bb4ec2d-bab2-41b9-993d-aa857de3fd2a,318,41440,gpd,lpd,0,GRDA,0,False,4689.4,0,2,646.4048565036121,bipolar,100.0,0.5-70 Hz,60 Hz,10.0,0.11947395023436275,335.0767124437106,2.5389631240990425,2.544257602431715,False,True
6bb4ec2d-bab2-41b9-993d-aa857de3fd2a,319,51960,gpd,lrda,0,GPD,1,False,1049.0,0,7,12.007636111968297,bipolar,100.0,0.5-70 Hz,60 Hz,10.0,0.11973140219609468,373.83112420498514,2.5303350339070443,2.5337782486033262,False,True
6bb4ec2d-bab2-41b9-993d-aa857de3fd2a,320,17208,spike,spike,0,No (no spike),0,True,1447.3,0,10,442.7197514896202,bipolar,100.0,0.5-70 Hz,60 Hz,10.0,0.12077826923097096,362.47475433529763,2.510540225765392,2.5251082584102793,False,True
6bb4ec2d-bab2-41b9-993d-aa857de3fd2a,321,62980,iic,lpd,0,GRDA,0,False,18333.2,0,3,343.5791569886098,bipolar,100.0,0.5-70 Hz,60 Hz,10.0,0.11938760159662876,346.45571343000074,2.5065046425746,2.5053461818852534,False,True
6bb4ec2d-bab2-41b9-993d-aa857de3fd2a,322,62063,lrda,gpd,0,LRDA,1,False,11775.3,0,9,902.4920111547779,bipolar,100.0,0.5-70 Hz,60 Hz,10.0,0.12066505691959939,353.6021138034106,2.5487654240227946,2.501417403843569,False,True
6bb4ec2d-bab2-41b9-993d-aa857de3fd2a,323,39281,grda,seizure,0,GRDA,1,False,10306.6,0,2,372.7178560248882,bipolar,100.0,0.5-70 Hz,60 Hz,10.0,0.12130057476343664,371.17853550224777,2.5705380136058302,2.543470034827739,False,True
6bb4ec2d-bab2-41b9-993d-aa857de3fd2a,324,40322,iic,other,1,LPD,0,False,1284.8,0,3,831.8076137636133,bipolar,100.0,0.5-70 Hz,60 Hz,10.0,0.12094725709020787,429.8066612859881,2.5853182412661906,2.5650077746499074,False,True
6bb4ec2d-bab2-41b9-993d-aa857de3fd2a,325,53899,gpd,gpd,1,GPD,1,True,17520.4,0,4,478.2529666715148,bipolar,100.0,0.5-70 Hz,60 Hz,10.0,0.12090910114394521,410.951268311934,2.5712585929945533,2.579933710712054,False,True
6bb4ec2d-bab2-41b9-993d-aa857de3fd2a,326,86798,sz,seizure,1,Seizure,1,True,2721.6,0,4,1035.0722467570915,bipolar,100.0,0.5-70 Hz,60 Hz,10.0,0.12087534895636076,415.9184471382464,2.560915042733594,2.5658679193579816,False,True
6bb4ec2d-bab2-41b9-993d-aa857de3fd2a,327,89163,sz,seizure,1,Seizure,1,True,823.5,0,12,474.0691851301183,bipolar,100.0,0.5-70 Hz,60 Hz,10.0,0.12081079265101885,413.0358131494063,2.549068709917849,2.555519864865987,False,True
6bb4ec2d-bab2-41b9-993d-aa857de3fd2a,328,69793,sz,seizure,1,Seizure,1,True,1523.0,0,5,9.198429571133305,bipolar,100.0,0.5-70 Hz,60 Hz,10.0,0.12071061817565498,401.876065900514,2.5357337808199745,2.543679712992419,False,True
6bb4ec2d-bab2-41b9-993d-aa857de3fd2a,329,47424,lpd,lpd,1,LPD,1,True,8812.4,0,8,702.6031384525126,bipolar,100.0,0.5-70 Hz,60 Hz,10.0,0.12057015231100326,402.6777271031214,2.525513869604703,2.530274854333164,False,True
6bb4ec2d-bab2-41b9-993d-aa857de3fd2a,330,85159,sz,seizure,1,Seizure,1,True,4838.0,0,5,533.3491866068107,bipolar,100.0,0.5-70 Hz,60 Hz,10.0,0.12043168515649755,385.471288629246,2.5113756903194777,2.520158663682519,False,True
6bb4ec2d-bab2-41b9-993d-aa857de3fd2a,331,21111,sz,grda,0,LRDA,0,False,827.8,0,6,798.914263164945,bipolar,100.0,0.5-70 Hz,60 Hz,10.0,0.12056371380700981,391.45399963149737,2.509451682996981,2.505859963955766,False,True
6bb4ec2d-bab2-41b9-993d-aa857de3fd2a,332,65672,sz,grda,0,Other,0,False,760.1,0,2,583.5021011491621,bipolar,100.0,0.5-70 Hz,60 Hz,10.0,0.12068643972865561,386.4725884437591,2.506107935770703,2.503827479886172,False,True
6bb4ec2d-bab2-41b9-993d-aa857de3fd2a,333,85180,sz,lpd,0,Seizure,1,False,13814.3,0,8,521.8214272359037,bipolar,100.0,0.5-70 Hz,60 Hz,10.0,0.1205208680331245,391.97650396461404,2.4988143008662425,2.500359032915293,False,True
6bb4ec2d-bab2-41b9-993d-aa857de3fd2a,334,37894,iic,gpd,0,Seizure,0,False,12125.5,0,7,566.4630948031804,bipolar,100.0,0.5-70 Hz,60 Hz,10.0,0.12046446302396058,374.20225379450613,2.4945503886409686,2.49355008814227,False,True
6bb4ec2d-bab2-41b9-993d-aa857de3fd2a,335,52268,gpd,gpd,1,GPD,1,True,1513.7,0,6,11.131060305224798,bipolar,100.0,0.5-70 Hz,60 Hz,10.0,0.12002187146474474,351.51830837643956,2.482042379381106,2.489267022388076,False,True
6bb4ec2d-bab2-41b9-993d-aa857de3fd2a,336,36968,sz,seizure,1,LPD,0,False,5839.5,0,7,745.4296389075587,bipolar,100.0,0.5-70 Hz,60 Hz,10.0,0.12073833436402864,372.78733069932656,2.4943726642080595,2.4767204635698183,False,True
6bb4ec2d-bab2-41b9-993d-aa857de3fd2a,337,9649,spike,spike,1,Yes (spike present),1,True,3910.7,0,4,450.48399452025507,bipolar,100.0,0.5-70 Hz,60 Hz,10.0,0.11948436017553987,362.9551203663829,2.4700797767302425,2.4892404348045174,False,True
6bb4ec2d-bab2-41b9-993d-aa857de3fd2a,338,41527,lpd,lpd,1,LPD,1,True,4964.2,0,2,821.1130918402071,bipolar,100.0,0.5-70 Hz,60 Hz,10.0,0.11954516475706806,356.850645806419,2.4612163560079,2.4650475742169307,False,True
6bb4ec2d-bab2-41b9-993d-aa857de3fd2a,339,51681,grda,lrda,0,Other,0,False,2358.0,0,9,441.82132274363687,bipolar,100.0,0.5-70 Hz,60 Hz,10.0,0.11854933414857588,340.9188571989033,2.44077607900322,2.4562472852066657,False,True
6bb4ec2d-bab2-41b9-993d-aa857de3fd2a,340,69263,iic,lpd,0,Other,1,False,8297.6,0,3,649.0091079371649,bipolar,100.0,0.5-70 Hz,60 Hz,10.0,0.12205057470818037,364.0261409350494,2.4313375599727736,2.4358217845271,False,True
6bb4ec2d-bab2-41b9-993d-aa857de3fd2a,341,10301,spike,spike,1,No (no spike),0,False,2565.4,0,4,13.04701760551401,bipolar,100.0,0.5-70 Hz,60 Hz,10.0,0.12066758692094265,374.9459724636217,2.463841832700096,2.4261711241914217,False,True
6bb4ec2d-bab2-41b9-993d-aa857de3fd2a,342,86531,sz,gpd,0,LPD,0,False,741.1,0,9,107.3142241250997,bipolar,100.0,0.5-70 Hz,60 Hz,10.0,0.12074251646561535,371.07867503634276,2.459258977718069,2.4587894823497756,False,True
6bb4ec2d-bab2-41b9-993d-aa857de3fd2a,343,51200,sz,lrda,0,Seizure,1,False,3445.7,0,7,10.251890342682502,bipolar,100.0,0.5-70 Hz,60 Hz,10.0,0.12064985952671486,374.02140841345425,2.4537713676080886,2.4540972449147365,False,True
6bb4ec2d-bab2-41b9-993d-aa857de3fd2a,344,11159,spike,spike,1,No (no spike),0,False,1830.2,0,5,380.89246055156286,bipolar,100.0,0.5-70 Hz,60 Hz,10.0,0.11920461232583635,352.3276330898706,2.4945279267942917,2.448787144048282,False,True
6bb4ec2d-bab2-41b9-993d-aa857de3fd2a,345,15491,spike,spike,1,Yes (spike present),1,True,1785.2,0,4,7.283536556328702,bipolar,100.0,0.5-70 Hz,60 Hz,10.0,0.11889034865734799,363.247850871935,2.473364854882168,2.4894785530203256,False,True
6bb4ec2d-bab2-41b9-993d-aa857de3fd2a,346,3565,spike,spike,0,No (no spike),0,True,4023.7,0,2,837.5427256178216,bipolar,100.0,0.5-70 Hz,60 Hz,10.0,0.11893398845371927,341.9942086723242,2.4523405908622595,2.4684643936366295,False,True
6bb4ec2d-bab2-41b9-993d-aa857de3fd2a,347,70657,iic,seizure,0,LPD,0,False,5192.9,0,4,469.5727867963814,bipolar,100.0,0.5-70 Hz,60 Hz,10.0,0.11844554754200703,341.253568301451,2.4508820076955433,2.4472979105037074,False,True
6bb4ec2d-bab2-41b9-993d-aa857de3fd2a,348,63709,sz,other,0,Seizure,1,False,3066.2,0,6,434.3250991730227,bipolar,100.0,0.5-70 Hz,60 Hz,10.0,0.11823708433046287,328.61351214368085,2.442653022271043,2.4460464282428536,False,True
6bb4ec2d-bab2-41b9-993d-aa857de3fd2a,349,87920,sz,seizure,1,GRDA,0,False,1125.6,0,8,7.895677129775284,bipolar,100.0,0.5-70 Hz,60 Hz,10.0,0.11869063614923475,328.9917835532193,2.4536732793452427,2.4377173992426684,False,True
6bb4ec2d-bab2-41b9-993d-aa857de3fd2a,350,68502,iic,other,1,Other,1,True,4127.1,0,4,7.449972980362104,bipolar,100.0,0.5-70 Hz,60 Hz,10.0,0.11867273803257339,316.69936627462175,2.436202945378933,2.4489587573574725,False,True
6bb4ec2d-bab2-41b9-993d-aa857de3fd2a,351,86215,grda,grda,1,GRDA,1,True,2346.7,0,5,443.7146174110813,bipolar,100.0,0.5-70 Hz,60 Hz,10.0,0.11964022637891442,300.90320020607345,2.427950106634537,2.4315838222127373,False,True
6bb4ec2d-bab2-41b9-993d-aa857de3fd2a,352,12664,spike,spike,1,Yes (spike present),1,True,2308.7,0,10,769.2304726534061,bipolar,100.0,0.5-70 Hz,60 Hz,10.0,0.12049815943427117,307.91422502565825,2.4096934350456634,2.423402271731261,False,True
6bb4ec2d-bab2-41b9-993d-aa857de3fd2a,353,46573,sz,seizure,1,Seizure,1,True,15498.7,0,6,14.023516497506279,bipolar,100.0,0.5-70 Hz,60 Hz,10.0,0.11987972753848924,308.1337334230327,2.398082725091073,2.4051625735271958,False,True
6bb4ec2d-bab2-41b9-993d-aa857de3fd2a,354,53742,lrda,gpd,0,GRDA,0,False,5249.4,0,7,404.5382149129623,bipolar,100.0,0.5-70 Hz,60 Hz,10.0,0.12032307174676043,315.47249777471313,2.3847880941656876,2.393610075362277,False,True
6bb4ec2d-bab2-41b9-993d-aa857de3fd2a,355,38604,iic,gpd,0,GRDA,0,False,4874.0,0,3,13.84472049667568,bipolar,100.0,0.5-70 Hz,60 Hz,10.0,0.12031452000324566,308.1306248045036,2.382303971036456,2.3802745307779194,False,True
6bb4ec2d-bab2-41b9-993d-aa857de3fd2a,356,6130,spike,spike,0,No (no spike),0,True,2454.9,0,5,451.14949069113584,bipolar,100.0,0.5-70 Hz,60 Hz,10.0,0.11591612175504512,599.9999999999999,2.4691842130924964,2.377900463059899,True,True
6bb4ec2d-bab2-41b9-993d-aa857de3fd2a,357,88483,grda,seizure,0,GRDA,1,False,3874.4,0,4,815.9823781374865,bipolar,100.0,0.5-70 Hz,60 Hz,10.0,0.11510119523995094,580.1123807622943,2.484269761997453,2.463368938677462,False,True
6bb4ec2d-bab2-41b9-993d-aa857de3fd2a,358,88194,grda,lpd,0,GRDA,1,False,1130.6,0,4,13.692870070293713,bipolar,100.0,0.5-70 Hz,60 Hz,10.0,0.11493300501412795,533.5051223218153,2.4992015846278974,2.478840764674066,False,True
6bb4ec2d-bab2-41b9-993d-aa857de3fd2a,359,57312,iic,other,1,Seizure,0,False,3015.9,0,7,469.83036582605405,bipolar,100.0,0.5-70 Hz,60 Hz,10.0,0.11552879396677262,479.0568996351717,2.5270220181438607,2.493856926504745,False,True
6bb4ec2d-bab2-41b9-993d-aa857de3fd2a,360,44007,iic,other,1,Other,1,True,2795.1,0,3,10.27099999128471,bipolar,100.0,0.5-70 Hz,60 Hz,10.0,0.1154175734860795,507.0307308553258,2.505059366800343,2.521163200912234,False,True
6bb4ec2d-bab2-41b9-993d-aa857de3fd2a,361,87483,lpd,grda,0,LPD,1,False,1344.3,0,6,12.087120361450289,bipolar,100.0,0.5-70 Hz,60 Hz,10.0,0.11583870273344277,454.258479237308,2.530625485169338,2.500022772442409,False,True
6bb4ec2d-bab2-41b9-993d-aa857de3fd2a,362,30362,iic,lrda,0,Other,1,False,4246.4,0,3,578.8900494881175,bipolar,100.0,0.5-70 Hz,60 Hz,10.0,0.12264947012113914,364.24520988330033,2.6051886180350334,2.5251131186072744,False,True
6bb4ec2d-bab2-41b9-993d-aa857de3fd2a,363,88676,lpd,grda,0,LRDA,0,False,1152.4,0,7,541.2946035568021,bipolar,100.0,0.5-70 Hz,60 Hz,10.0,0.1157585684441893,398.3234503218299,2.576337881230625,2.598926562836479,False,True
6bb4ec2d-bab2-41b9-993d-aa857de3fd2a,364,55766,iic,lpd,0,LRDA,0,False,2520.1,0,2,586.6504865823267,bipolar,100.0,0.5-70 Hz,60 Hz,10.0,0.11570322455793064,433.9950427347416,2.548078397235839,2.5703838899093747,False,True
6bb4ec2d-bab2-41b9-993d-aa857de3fd2a,365,69242,grda,lpd,0,GRDA,1,False,4634.5,0,10,458.07691338512814,bipolar,100.0,0.5-70 Hz,60 Hz,10.0,0.11565701188883182,376.84410877656654,2.5660102193699386,2.5426447952304363,False,True
6bb4ec2d-bab2-41b9-993d-aa857de3fd2a,366,40046,iic,lpd,0,Seizure,0,False,9626.5,0,6,556.0420470734506,bipolar,100.0,0.5-70 Hz,60 Hz,10.0,0.11565366839227137,402.6896014106118,2.5386786505263723,2.5603009250492903,False,True
6bb4ec2d-bab2-41b9-993d-aa857de3fd2a,367,86925,grda,seizure,0,GRDA,1,False,7204.0,0,10,5.4806343718421076,bipolar,100.0,0.5-70 Hz,60 Hz,10.0,0.11566614960272126,341.16101578329545,2.5561300016147466,2.5334642612647107,False,True
6bb4ec2d-bab2-41b9-993d-aa857de3fd2a,368,86333,lpd,grda,0,LPD,1,False,10161.2,0,10,295.57081740072556,bipolar,100.0,0.5-70 Hz,60 Hz,10.0,0.11870342366535092,599.9999999999999,2.483224434134393,2.5507141887855243,True,True
6bb4ec2d-bab2-41b9-993d-aa857de3fd2a,369,70792,lrda,other,0,LRDA,1,False,4378.8,0,5,383.5163632065749,bipolar,100.0,0.5-70 Hz,60 Hz,10.0,0.11863072744654296,594.2736436694761,2.469959849698224,2.4770110619054106,False,True
6bb4ec2d-bab2-41b9-993d-aa857de3fd2a,370,56841,iic,other,1,Other,1,True,4609.3,0,6,200.5204435845283,bipolar,100.0,0.5-70 Hz,60 Hz,10.0,0.11768894295728494,587.9324669153049,2.442006021384821,2.464445518744054,False,True
6bb4ec2d-bab2-41b9-993d-aa857de3fd2a,371,36407,lrda,lrda,1,LRDA,1,True,1088.3,0,7,430.0997822374788,bipolar,100.0,0.5-70 Hz,60 Hz,10.0,0.11764658502839453,573.8141712155352,2.4284033389710284,2.4365752736287574,False,True
6bb4ec2d-bab2-41b9-993d-aa857de3fd2a,372,21118,iic,other,1,Other,1,True,15403.1,0,6,450.14518170452016,bipolar,100.0,0.5-70 Hz,60 Hz,10.0,0.11703128566866483,555.6043180474358,2.402653242153724,2.4233338018060326,False,True
6bb4ec2d-bab2-41b9-993d-aa857de3fd2a,373,87283,lpd,lpd,1,GRDA,0,False,8097.9,0,7,729.4356029457568,bipolar,100.0,0.5-70 Hz,60 Hz,10.0,0.11807114051465162,480.31364653747664,2.4279127875497952,2.397843444375098,False,True
6bb4ec2d-bab2-41b9-993d-aa857de3fd2a,374,86946,lpd,lrda,0,Other,0,False,14285.3,0,2,201.56844773658653,bipolar,100.0,0.5-70 Hz,60 Hz,10.0,0.11760774688252013,480.5524125356482,2.3979016654830865,2.422585460693488,False,True
6bb4ec2d-bab2-41b9-993d-aa857de3fd2a,375,63424,lrda,lrda,1,LPD,0,False,8826.0,0,10,6.975991135539199,bipolar,100.0,0.5-70 Hz,60 Hz,10.0,0.11776003364105891,445.23771550822295,2.4377006629024778,2.392986062233312,False,True
6bb4ec2d-bab2-41b9-993d-aa857de3fd2a,376,70955,lrda,lrda,1,LRDA,1,True,4456.1,0,1,12.973903561096323,bipolar,100.0,0.5-70 Hz,60 Hz,10.0,0.11768244782045134,457.25967986028144,2.427748191303009,2.4325398856430143,False,True
6bb4ec2d-bab2-41b9-993d-aa857de3fd2a,377,88024,lpd,gpd,0,GPD,0,True,3218.2,0,9,297.583114594628,bipolar,100.0,0.5-70 Hz,60 Hz,10.0,0.11709810704372675,449.6936043181806,2.400467710234949,2.422954479327739,False,True
6bb4ec2d-bab2-41b9-993d-aa857de3fd2a,378,87919,sz,grda,0,Seizure,1,False,5325.0,0,3,500.65933742330964,bipolar,100.0,0.5-70 Hz,60 Hz,10.0,0.11572640935001527,445.55072490957684,2.4057563499054027,2.39585394180558,False,True
6bb4ec2d-bab2-41b9-993d-aa857de3fd2a,379,87083,gpd,grda,0,GRDA,0,True,3886.4,0,5,13.530808350499038,bipolar,100.0,0.5-70 Hz,60 Hz,10.0,0.11613982791259753,438.3349308693678,2.379940867301631,2.4012079743198895,False,True
6bb4ec2d-bab2-41b9-993d-aa857de3fd2a,380,53095,iic,other,1,Other,1,True,1793.7,0,5,877.5096587971786,bipolar,100.0,0.5-70 Hz,60 Hz,10.0,0.11556770939469091,413.5370844038888,2.3590856754035454,2.3754762508710403,False,True
6bb4ec2d-bab2-41b9-993d-aa857de3fd2a,381,35634,gpd,grda,0,GRDA,0,True,1998.9,0,6,564.4110328437814,bipolar,100.0,0.5-70 Hz,60 Hz,10.0,0.11546154206114839,394.9060253896502,2.334340077574714,2.354723893763655,False,True
6bb4ec2d-bab2-41b9-993d-aa857de3fd2a,382,87476,grda,gpd,0,GRDA,1,False,3713.3,0,9,876.704469506912,bipolar,100.0,0.5-70 Hz,60 Hz,10.0,0.11592645966295534,392.4565472786245,2.324311439982396,2.330008174496686,False,True
6bb4ec2d-bab2-41b9-993d-aa857de3fd2a,383,63732,iic,other,1,Other,1,True,1722.4,0,4,458.07637886539817,bipolar,100.0,0.5-70 Hz,60 Hz,10.0,0.1144639034654355,362.8579995470752,2.3019771712047277,2.3201913535413894,False,True
6bb4ec2d-bab2-41b9-993d-aa857de3fd2a,384,86095,grda,other,0,Seizure,0,False,2535.6,0,5,116.42226855940511,bipolar,100.0,0.5-70 Hz,60 Hz,10.0,0.11416725013425016,365.5065243097145,2.3058830030317155,2.297869318715101,False,True
6bb4ec2d-bab2-41b9-993d-aa857de3fd2a,385,69159,gpd,grda,0,GPD,1,False,4188.5,0,8,605.8123488320691,bipolar,100.0,0.5-70 Hz,60 Hz,10.0,0.11503247218989737,390.95508359274044,2.347791187009963,2.3017582012230164,False,True
6bb4ec2d-bab2-41b9-993d-aa857de3fd2a,386,22728,lrda,lrda,1,LRDA,1,True,4733.4,0,6,548.6291969821984,bipolar,100.0,0.5-70 Hz,60 Hz,10.0,0.11512821077909591,399.7079528785399,2.3371090609089498,2.3434998624564964,False,True
6bb4ec2d-bab2-41b9-993d-aa857de3fd2a,387,85544,sz,grda,0,GPD,0,False,4786.2,0,6,11.702146027751294,bipolar,100.0,0.5-70 Hz,60 Hz,10.0,0.11591562672131844,402.1945427630558,2.3279595307247556,2.3329990393522,False,True
6bb4ec2d-bab2-41b9-993d-aa857de3fd2a,388,89061,sz,gpd,0,Other,0,False,1146.5,0,4,777.3874392749043,bipolar,100.0,0.5-70 Hz,60 Hz,10.0,0.11700605571985423,398.61606962256377,2.3181932645715464,2.32375603985081,False,True
6bb4ec2d-bab2-41b9-993d-aa857de3fd2a,389,85773,sz,gpd,0,Seizure,1,False,8407.0,0,5,411.52578199225223,bipolar,100.0,0.5-70 Hz,60 Hz,10.0,0.11557573847649505,401.2579376722026,2.321477198046237,2.313887499480884,False,True
6bb4ec2d-bab2-41b9-993d-aa857de3fd2a,390,85856,lpd,seizure,0,LRDA,0,False,2858.4,0,3,788.934732576324,bipolar,100.0,0.5-70 Hz,60 Hz,10.0,0.11495562279234578,386.1978740335993,2.300540084454145,2.3174137639310493,False,True
6bb4ec2d-bab2-41b9-993d-aa857de3fd2a,391,36175,iic,other,1,Other,1,True,7905.7,0,3,726.8261084276238,bipolar,100.0,0.5-70 Hz,60 Hz,10.0,0.11480731232050406,354.175934459038,2.284437212519802,2.2965473628826323,False,True
6bb4ec2d-bab2-41b9-993d-aa857de3fd2a,392,44664,gpd,gpd,1,Other,0,False,2227.0,0,6,728.3313440976059,bipolar,100.0,0.5-70 Hz,60 Hz,10.0,0.11452343163480722,315.5718505093385,2.2738814668333074,2.2803379080119894,False,True
6bb4ec2d-bab2-41b9-993d-aa857de3fd2a,393,86524,gpd,lrda,0,GRDA,0,False,3188.1,0,4,748.836047334495,bipolar,100.0,0.5-70 Hz,60 Hz,10.0,0.11445641164559545,306.2957716315276,2.246997137567782,2.2695407429573144,False,True
6bb4ec2d-bab2-41b9-993d-aa857de3fd2a,394,51824,grda,lpd,0,GRDA,1,False,1691.9,0,8,343.2874027514809,bipolar,100.0,0.5-70 Hz,60 Hz,10.0,0.1142340709837259,303.39018261012694,2.2291166264472917,2.24285025543777,False,True
6bb4ec2d-bab2-41b9-993d-aa857de3fd2a,395,86763,gpd,lrda,0,GPD,1,False,2974.5,0,6,105.1332532740481,bipolar,100.0,0.5-70 Hz,60 Hz,10.0,0.11437933705667974,314.71329032845034,2.2820880228663367,2.2251203949028655,False,True
6bb4ec2d-bab2-41b9-993d-aa857de3fd2a,396,44829,lrda,gpd,0,LRDA,1,False,2299.9,0,9,662.4940851195213,bipolar,100.0,0.5-70 Hz,60 Hz,10.0,0.11492364556689871,309.8155244841657,2.263315743422358,2.2775707643098153,False,True
6bb4ec2d-bab2-41b9-993d-aa857de3fd2a,397,36724,lrda,lrda,1,LRDA,1,True,1484.1,0,5,810.0888758605353,bipolar,100.0,0.5-70 Hz,60 Hz,10.0,0.11629265335253985,312.1046647970375,2.253105872209373,2.259061053437385,False,True
6bb4ec2d-bab2-41b9-993d-aa857de3fd2a,398,87726,gpd,lrda,0,LPD,0,False,1571.9,0,13,230.14901666058844,bipolar,100.0,0.5-70 Hz,60 Hz,10.0,0.1153814218392335,311.4137402017605,2.226936845042414,2.249032167343863,False,True
6bb4ec2d-bab2-41b9-993d-aa857de3fd2a,399,87400,sz,lrda,0,Seizure,1,False,2771.4,0,6,799.0994102041575,bipolar,100.0,0.5-70 Hz,60 Hz,10.0,0.11419614295560176,307.78222216077774,2.2321061410392904,2.223053362046474,False,True
6bb4ec2d-bab2-41b9-993d-aa857de3fd2a,400,85309,gpd,seizure,0,GPD,1,False,5847.2,0,4,534.3468747620855,bipolar,100.0,0.5-70 Hz,60 Hz,10.0,0.11703187104361107,599.9999999999999,2.452861729339162,2.22818568776893,True,True
6bb4ec2d-bab2-41b9-993d-aa857de3fd2a,401,54261,lpd,lpd,1,LPD,1,True,1162.1,0,6,9.196414335073344,bipolar,100.0,0.5-70 Hz,60 Hz,10.0,0.11733787466052642,595.0211213200466,2.436308962279168,2.448211666803475,False,True
6bb4ec2d-bab2-41b9-993d-aa857de3fd2a,402,36902,gpd,lrda,0,LRDA,0,True,4306.9,0,3,691.569731946298,bipolar,100.0,0.5-70 Hz,60 Hz,10.0,0.11780824038450749,587.0905034909898,2.416849403000564,2.4321875963628536,False,True
6bb4ec2d-bab2-41b9-993d-aa857de3fd2a,403,86656,sz,gpd,0,Seizure,1,False,1324.0,0,2,467.07494561055427,bipolar,100.0,0.5-70 Hz,60 Hz,10.0,0.11680219336621944,580.21217777291,2.426341811209417,2.412787621483913,False,True
6bb4ec2d-bab2-41b9-993d-aa857de3fd2a,404,42519,lpd,lpd,1,GPD,0,False,4202.1,0,4,15.012172580217158,bipolar,100.0,0.5-70 Hz,60 Hz,10.0,0.11519250209268389,540.0620271597176,2.460152371486696,2.422271799357158,False,True
6bb4ec2d-bab2-41b9-993d-aa857de3fd2a,405,88785,lpd,lpd,1,LPD,1,True,10747.4,0,7,860.5656616942523,bipolar,100.0,0.5-70 Hz,60 Hz,10.0,0.1153507308870077,561.2924618660917,2.4428114384683854,2.455797406105577,False,True
6bb4ec2d-bab2-41b9-993d-aa857de3fd2a,406,68672,grda,grda,1,Seizure,0,False,10353.8,0,3,574.1125373867322,bipolar,100.0,0.5-70 Hz,60 Hz,10.0,0.11491530051774845,483.9552126600274,2.436691382555259,2.4386168638749286,False,True
6bb4ec2d-bab2-41b9-993d-aa857de3fd2a,407,64862,sz,grda,0,Seizure,1,False,4652.1,0,11,14.241435542065286,bipolar,100.0,0.5-70 Hz,60 Hz,10.0,0.11478136645012538,470.0356444033167,2.444820190978081,2.4325845432091837,False,True
6bb4ec2d-bab2-41b9-993d-aa857de3fd2a,408,44861,lpd,lpd,1,LRDA,0,False,3654.0,0,5,554.1860969164269,bipolar,100.0,0.5-70 Hz,60 Hz,10.0,0.11516338036950613,385.05446474955045,2.4739344883593635,2.440837136748181,False,True
6bb4ec2d-bab2-41b9-993d-aa857de3fd2a,409,62669,lpd,lpd,1,LPD,1,True,8467.3,0,3,622.2936003471591,bipolar,100.0,0.5-70 Hz,60 Hz,10.0,0.11505015560734205,415.57039032811775,2.459462295827403,2.4694742421948064,False,True
6bb4ec2d-bab2-41b9-993d-aa857de3fd2a,410,88824,sz,lrda,0,GRDA,0,False,1275.1,0,8,850.1995672573313,bipolar,100.0,0.5-70 Hz,60 Hz,10.0,0.1151691902081049,426.92986888523467,2.4462394327372543,2.455416419722027,False,True
6bb4ec2d-bab2-41b9-993d-aa857de3fd2a,411,27416,sz,grda,0,Seizure,1,False,1748.1,0,6,8.97218934140618,bipolar,100.0,0.5-70 Hz,60 Hz,10.0,0.11502122649850277,413.0920234343005,2.4533305687832785,2.442172627448458,False,True
6bb4ec2d-bab2-41b9-993d-aa857de3fd2a,412,47385,iic,other,1,Other,1,True,8577.5,0,5,524.8818943304034,bipolar,100.0,0.5-70 Hz,60 Hz,10.0,0.11461930906159945,412.0015786632215,2.434747446562122,2.4493765414288973,False,True
6bb4ec2d-bab2-41b9-993d-aa857de3fd2a,413,88508,sz,lrda,0,Seizure,1,False,25641.4,0,7,8.242050975019929,bipolar,100.0,0.5-70 Hz,60 Hz,10.0,0.11449627778780519,393.0181694289298,2.4416193884951225,2.4308850252269982,False,True
6bb4ec2d-bab2-41b9-993d-aa857de3fd2a,414,44995,lpd,lpd,1,LPD,1,True,2369.8,0,8,334.78608774159466,bipolar,100.0,0.5-70 Hz,60 Hz,10.0,0.11442469269360916,414.76860513808526,2.4284092820481176,2.437603606569641,False,True
6bb4ec2d-bab2-41b9-993d-aa857de3fd2a,415,3688,spike,spike,0,Yes (spike present),1,False,2107.4,0,5,419.78544323164675,bipolar,100.0,0.5-70 Hz,60 Hz,10.0,0.11408212305256471,405.8435455058286,2.4470346708454036,2.4244942339930917,False,True
6bb4ec2d-bab2-41b9-993d-aa857de3fd2a,416,472,spike,spike,0,No (no spike),0,True,1423.6,0,5,773.2835291422067,bipolar,100.0,0.5-70 Hz,60 Hz,10.0,0.1145889323373031,413.9142350584874,2.4295025923418665,2.443082485233443,False,True
6bb4ec2d-bab2-41b9-993d-aa857de3fd2a,417,86565,gpd,lrda,0,GPD,1,False,1737.6,0,7,651.7897344770389,bipolar,100.0,0.5-70 Hz,60 Hz,10.0,0.1145217036919427,407.6929389474449,2.4633447348789606,2.4256577651771787,False,True
6bb4ec2d-bab2-41b9-993d-aa857de3fd2a,418,85649,grda,gpd,0,GRDA,1,False,2067.8,0,4,8.677195554538274,bipolar,100.0,0.5-70 Hz,60 Hz,10.0,0.11413043636321935,407.49460928236874,2.467502012625391,2.4595245807427957,False,True
6bb4ec2d-bab2-41b9-993d-aa857de3fd2a,419,87269,lrda,lrda,1,LRDA,1,True,3360.8,0,6,846.3171426012628,bipolar,100.0,0.5-70 Hz,60 Hz,10.0,0.1133146266133973,406.6169061693788,2.446867514123981,2.46364148760059,False,True
6bb4ec2d-bab2-41b9-993d-aa857de3fd2a,420,65399,iic,other,1,Other,1,True,2740.7,0,6,769.6521428251713,bipolar,100.0,0.5-70 Hz,60 Hz,10.0,0.11262393781350422,395.16932031888007,2.429304470185511,2.443064804072347,False,True
6bb4ec2d-bab2-41b9-993d-aa857de3fd2a,421,37440,lrda,gpd,0,GRDA,0,False,8554.8,0,5,493.28339896615336,bipolar,100.0,0.5-70 Hz,60 Hz,10.0,0.11176987305070302,386.09506848235384,2.4170232444737896,2.425528540009136,False,True
6bb4ec2d-bab2-41b9-993d-aa857de3fd2a,422,20870,sz,grda,0,Seizure,1,False,5885.8,0,5,439.6327751924162,bipolar,100.0,0.5-70 Hz,60 Hz,10.0,0.11101477561355666,362.01845077648983,2.4203580321466798,2.413256607583281,False,True
6bb4ec2d-bab2-41b9-993d-aa857de3fd2a,423,63317,grda,other,0,GRDA,1,False,7795.9,0,3,358.733245219982,bipolar,100.0,0.5-70 Hz,60 Hz,10.0,0.11037892948269779,353.2672191958344,2.421410638952931,2.4165496756905154,False,True
6bb4ec2d-bab2-41b9-993d-aa857de3fd2a,424,88496,lpd,lpd,1,LPD,1,True,2566.3,0,5,531.539366950685,bipolar,100.0,0.5-70 Hz,60 Hz,10.0,0.11039224175328616,364.83547787528113,2.4086083376047833,2.4175058827502562,False,True
6bb4ec2d-bab2-41b9-993d-aa857de3fd2a,425,88045,sz,seizure,1,Seizure,1,True,2239.6,0,9,435.25304573519844,bipolar,100.0,0.5-70 Hz,60 Hz,10.0,0.11036069276525484,351.2378985402628,2.378606763372158,2.404939604035903,False,True
6bb4ec2d-bab2-41b9-993d-aa857de3fd2a,426,84687,sz,lrda,0,Other,0,False,1151.7,0,7,13.325003464271198,bipolar,100.0,0.5-70 Hz,60 Hz,10.0,0.11061958662933069,375.27890827017285,2.3700091835918116,2.3749963869115756,False,True
6bb4ec2d-bab2-41b9-993d-aa857de3fd2a,427,87383,sz,grda,0,LRDA,0,False,992.8,0,6,631.9764980946201,bipolar,100.0,0.5-70 Hz,60 Hz,10.0,0.11088443054535263,396.55269855294455,2.3599429214044,2.3663660801842585,False,True
6bb4ec2d-bab2-41b9-993d-aa857de3fd2a,428,85411,sz,lrda,0,Seizure,1,False,2147.9,0,9,106.5663907855541,bipolar,100.0,0.5-70 Hz,60 Hz,10.0,0.11058305600281704,372.7220829039776,2.364996028004463,2.3562875762409665,False,True
6bb4ec2d-bab2-41b9-993d-aa857de3fd2a,429,49329,iic,other,1,Other,1,True,1510.7,0,3,401.83679118862716,bipolar,100.0,0.5-70 Hz,60 Hz,10.0,0.11053087092516556,354.16838000553105,2.3476617875239016,2.3614687729393244,False,True
6bb4ec2d-bab2-41b9-993d-aa857de3fd2a,430,88232,grda,lpd,0,LRDA,0,False,1782.5,0,9,924.1551884157191,bipolar,100.0,0.5-70 Hz,60 Hz,10.0,0.11066516233811047,361.71718405835435,2.341708787100711,2.344122591557586,False,True
6bb4ec2d-bab2-41b9-993d-aa857de3fd2a,431,52083,grda,lpd,0,LRDA,0,False,3935.4,0,5,720.226708829636,bipolar,100.0,0.5-70 Hz,60 Hz,10.0,0.11086218516675789,359.21874777490405,2.3349936742420043,2.3381395257627586,False,True
6bb4ec2d-bab2-41b9-993d-aa857de3fd2a,432,14156,spike,spike,1,Yes (spike present),1,True,4726.2,0,3,403.22752609261335,bipolar,100.0,0.5-70 Hz,60 Hz,10.0,0.11206435852241725,362.29439114393836,2.316916982749145,2.3314044946714545,False,True
6bb4ec2d-bab2-41b9-993d-aa857de3fd2a,433,21244,grda,lrda,0,Seizure,0,False,4964.0,0,4,664.9329245430555,bipolar,100.0,0.5-70 Hz,60 Hz,10.0,0.11214132966059165,353.40492770086547,2.3086528430146402,2.3134038047204513,False,True
6bb4ec2d-bab2-41b9-993d-aa857de3fd2a,434,88393,gpd,lrda,0,Seizure,0,False,43591.2,0,5,422.70288596264203,bipolar,100.0,0.5-70 Hz,60 Hz,10.0,0.11215701180971116,361.1427620827924,2.292757301431824,2.3051466463911368,False,True
6bb4ec2d-bab2-41b9-993d-aa857de3fd2a,435,88629,lrda,gpd,0,Seizure,0,False,4858.7,0,12,587.4505633009952,bipolar,100.0,0.5-70 Hz,60 Hz,10.0,0.11203931713581888,344.1474065952259,2.2825683560167835,2.289229042127792,False,True
6bb4ec2d-bab2-41b9-993d-aa857de3fd2a,436,45494,sz,seizure,1,Seizure,1,True,1128.6,0,7,171.73415334593508,bipolar,100.0,0.5-70 Hz,60 Hz,10.0,0.1116784493955576,328.09513020418893,2.2548323012790643,2.2790376086054214,False,True
6bb4ec2d-bab2-41b9-993d-aa857de3fd2a,437,50548,iic,other,1,GRDA,0,False,5734.9,0,6,5.153174185156012,bipolar,100.0,0.5-70 Hz,60 Hz,10.0,0.11219811184671108,365.8196263874619,2.29157911583979,2.251263551983387,False,True
6bb4ec2d-bab2-41b9-993d-aa857de3fd2a,438,3029,spike,spike,0,Yes (spike present),1,False,1087.6,0,7,521.1273730946767,bipolar,100.0,0.5-70 Hz,60 Hz,10.0,0.11202548495151021,357.2216206914275,2.3028187199631303,2.2879284928552526,False,True
6bb4ec2d-bab2-41b9-993d-aa857de3fd2a,439,4664,spike,spike,0,No (no spike),0,True,15094.6,0,12,8.858288190272706,bipolar,100.0,0.5-70 Hz,60 Hz,10.0,0.11210242593539765,365.1273586604194,2.289673325025947,2.299225145044779,False,True
6bb4ec2d-bab2-41b9-993d-aa857de3fd2a,440,62692,iic,other,1,Other,1,True,7510.0,0,8,679.9842030390521,bipolar,100.0,0.5-70 Hz,60 Hz,10.0,0.11206865287820289,359.65350178289697,2.272598610551615,2.2863020441395268,False,True
6bb4ec2d-bab2-41b9-993d-aa857de3fd2a,441,88189,grda,lrda,0,LPD,0,False,1946.5,0,9,15.4495194331009,bipolar,100.0,0.5-70 Hz,60 Hz,10.0,0.11218349312661613,344.9446585364062,2.2663176829279443,2.2692716559478248,False,True
6bb4ec2d-bab2-41b9-993d-aa857de3fd2a,442,15935,spike,spike,0,No (no spike),0,True,1558.2,0,5,711.7016950945755,bipolar,100.0,0.5-70 Hz,60 Hz,10.0,0.11185739348641788,340.0762591634102,2.2518759315210897,2.26298587619217,False,True
6bb4ec2d-bab2-41b9-993d-aa857de3fd2a,443,88087,sz,seizure,1,Seizure,1,True,1037.3,0,3,592.6293792921194,bipolar,100.0,0.5-70 Hz,60 Hz,10.0,0.11173417223767607,320.61979076158127,2.2236957153523487,2.24850890783817,False,True
6bb4ec2d-bab2-41b9-993d-aa857de3fd2a,444,87290,lrda,gpd,0,Seizure,0,False,3431.2,0,8,8.019677301301234,bipolar,100.0,0.5-70 Hz,60 Hz,10.0,0.11153960194699292,301.27321846870416,2.2179292299350153,2.2203983410466765,False,True
6bb4ec2d-bab2-41b9-993d-aa857de3fd2a,445,56609,iic,other,1,Other,1,True,4847.5,0,6,860.7238709534982,bipolar,100.0,0.5-70 Hz,60 Hz,10.0,0.1219247251119911,599.9999999999999,2.2939927048555253,2.214587637867081,True,True
6bb4ec2d-bab2-41b9-993d-aa857de3fd2a,446,87770,gpd,gpd,1,GPD,1,True,2084.4,0,8,112.16865804032808,bipolar,100.0,0.5-70 Hz,60 Hz,10.0,0.12199640061490652,594.3579111210298,2.2873197323377337,2.2893699087226573,False,True
6bb4ec2d-bab2-41b9-993d-aa857de3fd2a,447,85222,gpd,gpd,1,GRDA,0,False,2670.5,0,5,497.2934915652187,bipolar,100.0,0.5-70 Hz,60 Hz,10.0,0.12158573670069467,555.3388036689889,2.2879547642560585,2.2831615058300954,False,True
6bb4ec2d-bab2-41b9-993d-aa857de3fd2a,448,69952,grda,grda,1,GRDA,1,True,2118.5,0,5,558.8264214931402,bipolar,100.0,0.5-70 Hz,60 Hz,10.0,0.12037971429856953,551.0232490464912,2.2755764356888974,2.283729164873172,False,True
6bb4ec2d-bab2-41b9-993d-aa857de3fd2a,449,88892,gpd,gpd,1,GPD,1,True,1680.6,0,8,12.530504301849671,bipolar,100.0,0.5-70 Hz,60 Hz,10.0,0.1205637981760414,572.9732876923567,2.2691980056077545,2.2713275146275578,False,True
6bb4ec2d-bab2-41b9-993d-aa857de3fd2a,450,85513,grda,grda,1,GRDA,1,True,1952.9,0,3,7.893819520062851,bipolar,100.0,0.5-70 Hz,60 Hz,10.0,0.12010531227556637,558.6755861712976,2.2587997505377686,2.265284624355853,False,True
6bb4ec2d-bab2-41b9-993d-aa857de3fd2a,451,88156,gpd,gpd,1,GPD,1,True,2189.9,0,7,470.2946771141228,bipolar,100.0,0.5-70 Hz,60 Hz,10.0,0.12009165267591526,569.7467360055273,2.254287983436828,2.254919742497786,False,True
6bb4ec2d-bab2-41b9-993d-aa857de3fd2a,452,50319,grda,lpd,0,Other,0,False,3164.7,0,4,307.3751774907195,bipolar,100.0,0.5-70 Hz,60 Hz,10.0,0.12132036250321765,567.0016303929384,2.2516068206682354,2.2505003382781816,False,True
6bb4ec2d-bab2-41b9-993d-aa857de3fd2a,453,69121,grda,lpd,0,LRDA,0,False,1598.1,0,12,334.61213315124814,bipolar,100.0,0.5-70 Hz,60 Hz,10.0,0.12246403522356247,547.4311527770947,2.2474586032176425,2.2478646843224723,False,True
6bb4ec2d-bab2-41b9-993d-aa857de3fd2a,454,88515,grda,grda,1,GRDA,1,True,1700.4,0,3,106.76192244495546,bipolar,100.0,0.5-70 Hz,60 Hz,10.0,0.12185669496941309,529.2585785325194,2.2400871537833393,2.2437108364220024,False,True
6bb4ec2d-bab2-41b9-993d-aa857de3fd2a,455,47884,sz,seizure,1,Seizure,1,True,1257.0,0,3,11.422683779472184,bipolar,100.0,0.5-70 Hz,60 Hz,10.0,0.1214890076489063,525.402747854473,2.2195364716298567,2.236392725198949,False,True
6bb4ec2d-bab2-41b9-993d-aa857de3fd2a,456,85431,grda,lpd,0,Other,0,False,1993.2,0,2,395.299132664034,bipolar,100.0,0.5-70 Hz,60 Hz,10.0,0.12243887517670815,495.1245311012885,2.213502627727517,2.215954315039212,False,True
6bb4ec2d-bab2-41b9-993d-aa857de3fd2a,457,85931,sz,seizure,1,Seizure,1,True,2469.4,0,7,436.6670724543781,bipolar,100.0,0.5-70 Hz,60 Hz,10.0,0.12205662637362186,483.64632369594227,2.1916039507968064,2.209918823155893,False,True
6bb4ec2d-bab2-41b9-993d-aa857de3fd2a,458,84582,grda,grda,1,GRDA,1,True,1583.9,0,7,579.5161415211059,bipolar,100.0,0.5-70 Hz,60 Hz,10.0,0.1217446598860561,462.06418638580243,2.1849693414206466,2.1880104994749487,False,True
6bb4ec2d-bab2-41b9-993d-aa857de3fd2a,459,45464,gpd,lpd,0,Other,0,False,1503.0,0,4,735.2631250874961,bipolar,100.0,0.5-70 Hz,60 Hz,10.0,0.12214449973264219,457.2878984887997,2.1662807293537436,2.18144853312127,False,True
6bb4ec2d-bab2-41b9-993d-aa857de3fd2a,460,53316,sz,seizure,1,Seizure,1,True,995.0,0,6,365.0009371383521,bipolar,100.0,0.5-70 Hz,60 Hz,10.0,0.12167728256762311,439.17549463311474,2.1443342236784915,2.16286814218262,False,True
6bb4ec2d-bab2-41b9-993d-aa857de3fd2a,461,70788,iic,gpd,0,GRDA,0,False,3668.4,0,6,14.433898403115345,bipolar,100.0,0.5-70 Hz,60 Hz,10.0,0.12067449389871981,433.1879108551893,2.1298475039481053,2.140891295733713,False,True
6bb4ec2d-bab2-41b9-993d-aa857de3fd2a,462,40550,grda,grda,1,GRDA,1,True,2024.8,0,9,99.17012869537027,bipolar,100.0,0.5-70 Hz,60 Hz,10.0,0.12008149496600162,408.3908118452528,2.1235294129723896,2.1264824046869717,False,True
6bb4ec2d-bab2-41b9-993d-aa857de3fd2a,463,50630,lpd,lpd,1,Other,0,False,22588.4,0,7,549.8963838736809,bipolar,100.0,0.5-70 Hz,60 Hz,10.0,0.11976239514329645,387.1837426979523,2.1321009083366924,2.120147517299179,False,True
6bb4ec2d-bab2-41b9-993d-aa857de3fd2a,464,86795,gpd,seizure,0,Other,0,False,2672.9,0,10,484.1527979599018,bipolar,100.0,0.5-70 Hz,60 Hz,10.0,0.11972044136571952,375.8988942486391,2.115142425771501,2.128705716523,False,True
6bb4ec2d-bab2-41b9-993d-aa857de3fd2a,465,34589,lrda,seizure,0,Other,0,False,11887.8,0,8,450.56959293449927,bipolar,100.0,0.5-70 Hz,60 Hz,10.0,0.11973251625012105,367.33468953174946,2.1128816290027306,2.111829475924494,False,True
6bb4ec2d-bab2-41b9-993d-aa857de3fd2a,466,45043,lpd,lpd,1,GPD,0,False,2574.7,0,4,345.37676526439805,bipolar,100.0,0.5-70 Hz,60 Hz,10.0,0.11678659168963701,599.9999999999999,2.1331164499000352,2.1095927269745007,True,True
6bb4ec2d-bab2-41b9-993d-aa857de3fd2a,467,88551,lpd,gpd,0,Other,0,False,4655.8,0,8,563.5701440738643,bipolar,100.0,0.5-70 Hz,60 Hz,10.0,0.11618220980453303,593.3820160508991,2.1095794052445007,2.128482263529321,False,True
6bb4ec2d-bab2-41b9-993d-aa857de3fd2a,468,84976,lpd,grda,0,LRDA,0,False,65172.6,0,6,533.639700721575,bipolar,100.0,0.5-70 Hz,60 Hz,10.0,0.11531060105066365,575.4922944129788,2.0880151661649515,2.1052299023272667,False,True
6bb4ec2d-bab2-41b9-993d-aa857de3fd2a,469,69733,lpd,lrda,0,LPD,1,False,958.8,0,6,7.549293490459148,bipolar,100.0,0.5-70 Hz,60 Hz,10.0,0.11686076955091013,596.0806844853324,2.126524075642969,2.083947564427652,False,True
6bb4ec2d-bab2-41b9-993d-aa857de3fd2a,470,88663,lpd,grda,0,Seizure,0,False,2578.8,0,5,394.1455046031968,bipolar,100.0,0.5-70 Hz,60 Hz,10.0,0.11640213120154735,596.4392868906866,2.104510551985152,2.1225210517674533,False,True
6bb4ec2d-bab2-41b9-993d-aa857de3fd2a,471,27598,iic,lpd,0,Seizure,0,False,9769.9,0,6,5.490227840395268,bipolar,100.0,0.5-70 Hz,60 Hz,10.0,0.11670660516585257,589.830208948231,2.089301856647474,2.1006668058876428,False,True
6bb4ec2d-bab2-41b9-993d-aa857de3fd2a,472,50557,lpd,other,0,Seizure,0,False,7626.5,0,4,14.663522849204917,bipolar,100.0,0.5-70 Hz,60 Hz,10.0,0.11615268888853997,580.1742015282122,2.068886583357501,2.085563975086899,False,True
6bb4ec2d-bab2-41b9-993d-aa857de3fd2a,473,41260,iic,gpd,0,Other,1,False,15185.7,0,8,421.99751099857815,bipolar,100.0,0.5-70 Hz,60 Hz,10.0,0.11455845857267355,568.638748548466,2.0927617132507836,2.0653413985166753,False,True
6bb4ec2d-bab2-41b9-993d-aa857de3fd2a,474,88347,lpd,lrda,0,GRDA,0,False,2605.4,0,8,581.0191136728167,bipolar,100.0,0.5-70 Hz,60 Hz,10.0,0.11435290687327426,549.3272841784595,2.073193592203401,2.089131811797562,False,True
6bb4ec2d-bab2-41b9-993d-aa857de3fd2a,475,56466,iic,lpd,0,GPD,0,False,29466.8,0,5,328.78857789232364,bipolar,100.0,0.5-70 Hz,60 Hz,10.0,0.11478582264307446,560.8897859328831,2.0587258904800763,2.069583878870522,False,True
6bb4ec2d-bab2-41b9-993d-aa857de3fd2a,476,45910,lpd,other,0,Seizure,0,False,5393.5,0,4,542.8264824090028,bipolar,100.0,0.5-70 Hz,60 Hz,10.0,0.11537634855135503,534.7545251790484,2.0406708153023962,2.055365471542453,False,True
6bb4ec2d-bab2-41b9-993d-aa857de3fd2a,477,53763,iic,gpd,0,Other,1,False,5780.8,0,3,536.1649565132209,bipolar,100.0,0.5-70 Hz,60 Hz,10.0,0.11519967882182253,482.6632235262804,2.0637191739564678,2.037367664961198,False,True
6bb4ec2d-bab2-41b9-993d-aa857de3fd2a,478,49990,iic,grda,0,Seizure,0,False,1422.0,0,5,697.3443029346452,bipolar,100.0,0.5-70 Hz,60 Hz,10.0,0.11585942561194734,504.9998248461577,2.049058729181148,2.060254215494793,False,True
6bb4ec2d-bab2-41b9-993d-aa857de3fd2a,479,54440,lrda,lrda,1,LRDA,1,True,11745.3,0,12,212.12703773153902,bipolar,100.0,0.5-70 Hz,60 Hz,10.0,0.11709523171760094,501.69020757169085,2.043548608912536,2.0457201474894346,False,True
6bb4ec2d-bab2-41b9-993d-aa857de3fd2a,480,70646,sz,seizure,1,Seizure,1,True,5462.6,0,3,524.2796147495326,bipolar,100.0,0.5-70 Hz,60 Hz,10.0,0.11712758825200892,500.7683294738611,2.026269768880749,2.040305675903625,False,True
6bb4ec2d-bab2-41b9-993d-aa857de3fd2a,481,35617,lpd,other,0,LPD,1,False,17518.9,0,11,739.1283325222829,bipolar,100.0,0.5-70 Hz,60 Hz,10.0,0.11686276600238943,544.4838392150804,2.0564088309487394,2.0230678974273935,False,True
6bb4ec2d-bab2-41b9-993d-aa857de3fd2a,482,40436,lpd,other,0,GPD,0,False,1076.2,0,2,817.6823564607396,bipolar,100.0,0.5-70 Hz,60 Hz,10.0,0.11695094164033898,530.9609976219031,2.0381723691981053,2.0531934862149135,False,True
6bb4ec2d-bab2-41b9-993d-aa857de3fd2a,483,34942,grda,grda,1,GRDA,1,True,763.2,0,4,8.115455141914222,bipolar,100.0,0.5-70 Hz,60 Hz,10.0,0.11804078861509798,528.011187367089,2.030536644002265,2.035008170060611,False,True
6bb4ec2d-bab2-41b9-993d-aa857de3fd2a,484,49855,iic,lrda,0,Seizure,0,False,4385.8,0,3,5.857124613037004,bipolar,100.0,0.5-70 Hz,60 Hz,10.0,0.11904040068538457,543.3385141739618,2.0178050345140877,2.027305481180309,False,True
6bb4ec2d-bab2-41b9-993d-aa857de3fd2a,485,22837,lpd,seizure,0,LPD,1,False,3192.3,0,6,8.164240172386794,bipolar,100.0,0.5-70 Hz,60 Hz,10.0,0.11756862674750979,556.575000492919,2.047699327236708,2.014744220670532,False,True
6bb4ec2d-bab2-41b9-993d-aa857de3fd2a,486,54058,sz,grda,0,GPD,0,False,3409.6,0,6,469.54857921624046,bipolar,100.0,0.5-70 Hz,60 Hz,10.0,0.11959140391595952,555.5034950319848,2.0411054473527375,2.0444619468094327,False,True
6bb4ec2d-bab2-41b9-993d-aa857de3fd2a,487,42229,sz,other,0,LPD,0,False,2138.9,0,9,763.5821958021555,bipolar,100.0,0.5-70 Hz,60 Hz,10.0,0.12099175117764233,544.6547376905962,2.034006883178753,2.037910809587729,False,True
6bb4ec2d-bab2-41b9-993d-aa857de3fd2a,488,37959,sz,grda,0,LPD,0,False,1533.8,0,2,227.06961516003577,bipolar,100.0,0.5-70 Hz,60 Hz,10.0,0.12162874722041639,524.5734624375843,2.026633514970447,2.0308515505101683,False,True
6bb4ec2d-bab2-41b9-993d-aa857de3fd2a,489,88980,sz,grda,0,GPD,0,False,1355.6,0,5,562.4287022741534,bipolar,100.0,0.5-70 Hz,60 Hz,10.0,0.12243851620739438,496.09031524235536,2.0187484727026193,2.023504048510402,False,True
6bb4ec2d-bab2-41b9-993d-aa857de3fd2a,490,86864,gpd,lrda,0,Other,0,False,4502.1,0,6,648.179377258894,bipolar,100.0,0.5-70 Hz,60 Hz,10.0,0.12241310239892478,482.91238810430576,2.0086094771000003,2.0155776894206507,False,True
6bb4ec2d-bab2-41b9-993d-aa857de3fd2a,491,69755,sz,lrda,0,Other,0,False,1350.5,0,5,630.1407785858779,bipolar,100.0,0.5-70 Hz,60 Hz,10.0,0.12275924600394245,445.11255108778863,2.0003554510733217,2.00544209393399,False,True
6bb4ec2d-bab2-41b9-993d-aa857de3fd2a,492,87220,gpd,lrda,0,GPD,1,False,7970.8,0,4,584.3177897120901,bipolar,100.0,0.5-70 Hz,60 Hz,10.0,0.1230426310230826,465.3054353962862,2.011898332989648,1.9971536452624976,False,True
6bb4ec2d-bab2-41b9-993d-aa857de3fd2a,493,46931,gpd,gpd,1,GPD,1,True,5382.0,0,2,863.3847789535748,bipolar,100.0,0.5-70 Hz,60 Hz,10.0,0.12302147104804467,457.87217870748356,2.003977070396349,2.0087292474605354,False,True
6bb4ec2d-bab2-41b9-993d-aa857de3fd2a,494,56180,lrda,lrda,1,LPD,0,False,954.2,0,4,6.285614659504736,bipolar,100.0,0.5-70 Hz,60 Hz,10.0,0.11809569109271179,409.8242002981629,1.9995437168116676,2.0009450374172295,False,True
6bb4ec2d-bab2-41b9-993d-aa857de3fd2a,495,88909,lrda,lrda,1,LRDA,1,True,1277.2,0,7,8.34483111172282,bipolar,100.0,0.5-70 Hz,60 Hz,10.0,0.12023497235586283,430.70513065809257,1.99546058214292,1.996409669279226,False,True
6bb4ec2d-bab2-41b9-993d-aa857de3fd2a,496,38832,sz,other,0,Seizure,1,False,1683.5,0,1,372.564425859588,bipolar,100.0,0.5-70 Hz,60 Hz,10.0,0.11879961722289456,468.0766580234117,2.00096100935066,1.992437792889818,False,True
6bb4ec2d-bab2-41b9-993d-aa857de3fd2a,497,85581,sz,lrda,0,Seizure,1,False,3545.4,0,8,698.4186249581539,bipolar,100.0,0.5-70 Hz,60 Hz,10.0,0.11705003544621556,494.96937119657383,2.005319739755175,1.9980209653001324,False,True
6bb4ec2d-bab2-41b9-993d-aa857de3fd2a,498,87700,grda,grda,1,Other,0,False,9514.5,0,12,500.91134758228696,bipolar,100.0,0.5-70 Hz,60 Hz,10.0,0.11115706952490861,459.15491768226383,2.022000772179723,2.002380023075881,False,True
6bb4ec2d-bab2-41b9-993d-aa857de3fd2a,499,45938,sz,lpd,0,Seizure,1,False,3551.7,0,7,581.7298276696567,bipolar,100.0,0.5-70 Hz,60 Hz,10.0,0.11141759944205931,456.2053585059222,2.003720989987497,2.018970136913789,False,True
