rater_id,canonical_name,groups,expertise_level,t_mean,t_sd,ell_mean,ell_sd,n_labels,pos_rate
0,Aaron F. Struck,"[""Bonobo"", ""profiler_iiic"", ""sparcnet50K"", ""iiic_crowdsourcing:kong2025""]",expert,-0.2295061455516863,0.0068367379886963035,1.04229285964305,0.013564773223619563,17384,0.09738840312931431
5,Alice Lam,"[""Super8"", ""sparcnet50K""]",expert,0.4043511257003181,0.0341715363838027,1.8027248731569774,0.1591565776401761,418,0.8086124401913876
6,Aline Herlopian,"[""Super8"", ""sparcnet50K""]",expert,-0.11196776839824356,0.006075461163183762,1.2069620940005172,0.015035496511592694,16831,0.09262670073079436
8,Ammar Kheder,"[""sparcnet50K""]",expert,0.6216880725140522,0.035486600767194634,2.4703215020908478,0.2946165183684361,205,0.8926829268292683
10,Andres Rodriguez,"[""sparcnet50K"", ""iiic_crowdsourcing:kong2025""]",expert,-0.17351836277315988,0.017977352379074257,1.2436109993292868,0.03880828986031487,3324,0.029482551143200964
16,Arcot Jayagopal Lakshman Narain,"[""sparcnet50K""]",expert,-0.04552828183322233,0.008415171767363899,1.4330380791963597,0.027638033460880763,6259,0.0632688927943761
20,Brian Appavu,"[""sparcnet50K""]",expert,-0.052379305490156756,0.007838204340961368,1.4004834898503749,0.022692805181213114,9800,0.04663265306122449
22,Carlos Muniz,"[""sparcnet50K""]",expert,0.511192842814008,0.017163758170075042,3.0,0.2555273440458018,767,0.9256844850065189
23,Catherine Chu,"[""sparcnet50K""]",expert,1.0039559214988467,0.11927953955593959,1.8596863604493443,0.3660730681882529,290,0.9793103448275862
26,Christa Swisher,"[""sparcnet50K""]",expert,-0.06917824988915156,0.013316530500877485,1.776207281895032,0.05425504402145934,3804,0.02392218717139853
29,Christopher McGraw,"[""sparcnet50K""]",expert,0.336493784589333,0.09123551899961119,2.067114310899709,0.3104728445636115,117,0.7435897435897436
38,Deepti Zutshi,"[""sparcnet50K""]",expert,-0.008195004900516504,0.028341045349584856,1.4097340956559214,0.08968703920502352,518,0.0694980694980695
39,Deirdre O''Rourke,"[""sparcnet50K""]",expert,0.5324176104640265,0.0434003645680456,1.6116973836278603,0.1796343441490277,314,0.8439490445859873
40,Diego Carvalho,"[""sparcnet50K""]",expert,0.4740724706019209,0.027194690417008983,2.2258895387010535,0.24088644052851527,567,0.9347442680776014
42,Eddy Amorim,"[""sparcnet50K""]",expert,0.5845162085767488,0.0392232418634029,1.442591486794674,0.12625602285143975,515,0.8854368932038835
43,Eliezer Sternberg,"[""sparcnet50K""]",expert,0.3503056075860987,0.030178880042392907,2.2831754269224427,0.27129162101819954,339,0.831858407079646
46,Emily Gilmore,"[""sparcnet50K""]",expert,-0.04348899574947987,0.015840060588144533,1.364598109169801,0.04572604583606983,2266,0.05339805825242718
47,Emily Johnson,"[""sparcnet50K""]",expert,-0.04663980303118293,0.007005495929620548,1.714645909626981,0.028452882134335354,9864,0.03801703163017032
49,Eric S. Rosenthal,"[""sparcnet50K""]",expert,-0.09791738599981618,0.01902672222524453,1.2427241855214786,0.03567459726617412,2712,0.04056047197640118
52,Expert_x,"[""sparcnet50K""]",expert,0.47958129757157814,0.0642972576823314,1.577464557338166,0.25179014642237,245,0.9510204081632653
55,Fabio A. Nascimento,"[""Bonobo"", ""iiic_crowdsourcing:kong2025""]",expert,0.08795178604734367,0.013119240128718745,1.627043145606515,0.05474524736262276,1036,0.16602316602316602
57,Fonda Chan,"[""sparcnet50K""]",expert,0.44967077979646436,0.019502846911275556,2.44966024436115,0.15923772107038406,655,0.8198473282442749
60,Gamal Osman,"[""Bonobo"", ""sparcnet50K""]",expert,-0.009826951643968388,0.007817661513398983,1.2225860538051154,0.019633095213965286,8844,0.07202623247399367
62,Gina Deck,"[""sparcnet50K""]",expert,0.6570384477501576,0.04551018752415287,1.8177195585983357,0.17678200661566185,498,0.9477911646586346
63,Gireesh Elakkat,"[""sparcnet50K""]",expert,-0.04609710527256531,0.04885629354848021,1.206883545106756,0.12708081014587339,198,0.10101010101010101
66,Hiba A. Haider,"[""Bonobo"", ""sparcnet50K""]",expert,-0.09406702259927706,0.010735630101870335,1.4909385539878783,0.03323470752806683,5818,0.03832932279133723
67,Holmes Manisha,"[""sparcnet50K""]",expert,0.1082616410142619,0.014047918431686722,1.4564779446738314,0.053595699918326835,1372,0.11588921282798834
69,Illya Tolokh,"[""sparcnet50K""]",expert,0.291019144769013,0.0286091396106789,2.040672750193705,0.17821303607367595,571,0.8178633975481612
70,Ioannis Karakis,"[""Super8"", ""sparcnet50K""]",expert,0.021634941232959386,0.004218928331711979,1.5391298875168362,0.017788107640512862,16531,0.13217591192305367
72,Jay Pathmanathan,"[""sparcnet50K""]",expert,-0.24010124041448092,0.039622923235785826,1.407719152370055,0.09391203421733743,1001,0.017982017982017984
73,Jenn Kim,"[""New28"", ""sparcnet50K""]",experienced,-0.07631482553273612,0.010974987212082206,1.4103284547367427,0.03123599476525577,5452,0.040719002201027144
74,Jennifer William,"[""sparcnet50K""]",expert,0.44275410947344396,0.020740620350395495,2.153729567379279,0.14867193703940224,1237,0.9062247372675829
76,Ji Yeoun Yoo,"[""Bonobo"", ""sparcnet50K""]",expert,-0.010240533397953284,0.014644043728168446,1.9282552278931202,0.07931469499682398,1474,0.05359565807327001
77,Jimmy Yang,"[""sparcnet50K""]",experienced,0.4829165782142985,0.07102664791960546,1.725586467574285,0.3122845961889119,377,0.9708222811671088
78,Jin Jing,"[""New28"", ""sparcnet50K"", ""iiic_crowdsourcing:kong2025""]",experienced,0.21156793397020587,0.0033522926833919157,1.8357507340337018,0.01680929359989911,21321,0.6365086065381549
79,Jonathan J. Halford,"[""Super8"", ""sparcnet50K""]",expert,-0.05015632882952602,0.006540262709340973,1.2853645443723996,0.017465487964818206,13143,0.0640645210378148
80,Jong Woo Lee,"[""sparcnet50K"", ""iiic_crowdsourcing:kong2025""]",expert,-0.03934200212357785,0.014273596020924584,1.2393194411224564,0.03429603542715973,3066,0.05675146771037182
81,Joseph Cohen,"[""sparcnet50K""]",expert,0.6694296743620668,0.18840053293851453,1.367911730392,0.378005378607556,104,0.9519230769230769
84,Karan Poddar,"[""sparcnet50K""]",experienced,0.42415757560988243,0.021372151414953224,2.736315705095696,0.28355817427056834,541,0.8927911275415896
90,Lidia Moura,"[""sparcnet50K""]",expert,0.49847448903779595,0.036473378613385066,1.8950343765328563,0.19631147465768753,237,0.759493670886076
91,Lily Grossmann,"[""sparcnet50K""]",experienced,0.3566036485031842,0.0775552402400209,1.9932139423731143,0.3232695585015184,117,0.7606837606837606
97,M. Brandon Westover,"[""Super8"", ""profiler_iiic"", ""sparcnet50K"", ""iiic_crowdsourcing:kong2025""]",expert,0.17692466809367058,0.002655252137298036,1.828217610597505,0.012602237268204083,34037,0.44049123013191527
98,Mackenzie C. Cervenka,"[""sparcnet50K""]",expert,-0.008233166201732495,0.010231345451994087,1.5422494915886789,0.03788309149821021,3394,0.06540954625810254
100,Marcus Ng,"[""Super8"", ""sparcnet50K""]",expert,-0.012591556742523394,0.006293067733999193,1.4886026989715038,0.020554717182834553,12965,0.0712688006170459
101,Marjan Dolatshahi,"[""sparcnet50K""]",expert,0.5203376355569969,0.0242408449707395,2.212190087698859,0.15843322797773562,902,0.9190687361419069
108,Michael Ho,"[""sparcnet50K""]",expert,0.5177030577328335,0.05262139212578849,1.7000654172670526,0.2706609920340103,226,0.9070796460176991
109,Mo Shafi,"[""New28"", ""sparcnet50K""]",expert,-0.080881480307793,0.04199558257581472,1.5114144718820066,0.1337603970708574,340,0.04411764705882353
110,Mohammad Tabaeizadeh F.,"[""sparcnet50K""]",expert,-0.06857294757852408,0.016309131363449525,1.0740349016468451,0.030703163853140536,2663,0.07547878332707472
112,Monica Dhakar,"[""sparcnet50K""]",expert,-0.09193588200969002,0.01068469233556445,1.5083145438588383,0.033301859502869124,6484,0.03346699568167798
114,Neishay Ayub,"[""sparcnet50K""]",expert,0.35295677110016843,0.03769274140185136,1.937917556820125,0.17088349999143243,483,0.8198757763975155
115,Nicolas Gaspard,"[""sparcnet50K""]",expert,0.11230586385556113,0.009327806205830647,1.4801868577685915,0.03472043462448359,3535,0.11173974540311174
116,Nigel Pedersen,"[""sparcnet50K""]",expert,0.5549543856809263,0.03974421829762839,2.6134208116559052,0.33975321888896337,180,0.8944444444444445
120,Olga Taraschenko,"[""Bonobo"", ""sparcnet50K""]",expert,0.2205224159933331,0.006835076129756193,1.2135532726335643,0.021545736434885724,6256,0.19884910485933505
125,Peter Kaplan,"[""New28"", ""sparcnet50K""]",expert,-0.3873314005794774,0.015411600617564216,0.99194439048215,0.02450835493631743,6781,0.026102344786904586
126,Peter Wrigley,"[""sparcnet50K""]",novice,0.43295008594060136,0.02578078225570604,2.568417504225858,0.24921600326736984,724,0.9337016574585635
175,Rani Sarkis,"[""New28"", ""sparcnet50K""]",expert,-0.1194351573021435,0.008847132027698322,1.4675386816566098,0.02742962778242122,8938,0.0380398299395838
176,Rodrigo Zepeda,"[""sparcnet50K""]",expert,0.5385877439860786,0.028287571468268775,2.0993057899277012,0.17676738959282373,588,0.8877551020408163
180,Sahar Zafar,"[""New28"", ""profiler_iiic"", ""sparcnet50K""]",expert,-0.21828518335323757,0.011319899844719353,1.2064487402679822,0.024287670635380215,7725,0.04854368932038835
182,Sameen Jafari,"[""sparcnet50K""]",expert,0.3826907009698914,0.032672286677143475,2.1960056969549395,0.2367890789392851,472,0.9004237288135594
184,Sandipan Pati,"[""sparcnet50K""]",expert,0.42841438812263766,0.030595263634083717,2.3623211871421907,0.2404509315013775,287,0.8466898954703833
185,Sarah Schmitt,"[""Bonobo"", ""sparcnet50K""]",expert,-0.017482185399545262,0.009567254584186204,1.682009532372812,0.036563902101207184,5950,0.035126050420168066
192,Sue Herman,"[""sparcnet50K""]",expert,0.008523309137255386,0.01749739347975763,1.6088348737910474,0.06980365235893887,1333,0.058514628657164294
202,Yuan Fan,"[""sparcnet50K""]",expert,0.9199348021163836,0.10355426445893849,0.9169179512907033,0.159213540930578,215,0.958139534883721
204,Zubeda Sheikh,"[""Bonobo"", ""sparcnet50K""]",expert,-0.013360630841930237,0.007815740602045233,1.4913682736047533,0.028048129154801735,6259,0.06902061032113756
10007884,centaur_7884,"[""Centaur"", ""iiic_crowdsourcing:kong2025""]",novice,-0.27738335675809134,0.09044220881533391,0.20946105009523197,0.12029269068408106,185,0.1945945945945946
10043096,centaur_43096,"[""Centaur"", ""iiic_crowdsourcing:kong2025""]",novice,0.405409746221553,0.025599863238357144,1.0065030433025726,0.10660701518162218,428,0.4322429906542056
10044529,centaur_44529,"[""Centaur"", ""iiic_crowdsourcing:kong2025""]",borderline,0.06853111671011537,0.00813508951078042,1.6988025094090065,0.03406731251147866,2842,0.1358198451794511
10046967,centaur_46967,"[""Centaur"", ""iiic_crowdsourcing:kong2025""]",expert,0.23236261516734896,0.02097157217320799,1.5033380091125337,0.10076605857612382,330,0.24545454545454545
10065588,centaur_65588,"[""Centaur"", ""iiic_crowdsourcing:kong2025""]",unknown,0.17165491123724605,0.0028590934691499095,2.097490330709953,0.019003874287155924,11673,0.17364859076501327
10065621,centaur_65621,"[""Centaur"", ""iiic_crowdsourcing:kong2025""]",unknown,0.11416312533597697,0.03741840066295197,1.495902288313881,0.139944210300974,140,0.17142857142857143
10069061,centaur_69061,"[""Centaur"", ""iiic_crowdsourcing:kong2025""]",borderline,0.11313228604516741,0.009063227410170016,1.8981439085185925,0.048671205967944255,1682,0.17954815695600476
10075969,centaur_75969,"[""Centaur""]",novice,0.3315412852693308,0.02749600359653091,0.8464158343037828,0.09713513531736288,523,0.33460803059273425
10112839,centaur_112839,"[""Centaur"", ""iiic_crowdsourcing:kong2025""]",expert,-0.8149684502381956,0.10965493023301287,-0.03505067403020513,0.08864745037787172,257,0.11673151750972763
10123180,centaur_123180,"[""Centaur""]",unknown,0.2038659560113239,0.008164596274938951,2.0992166696567893,0.061283807208571184,1248,0.14583333333333334
10123559,centaur_123559,"[""Centaur"", ""iiic_crowdsourcing:kong2025""]",novice,0.35580346691064385,0.00962546629935958,0.7666333459985216,0.03144961701501089,4907,0.35805991440798857
10127225,centaur_127225,"[""Centaur"", ""iiic_crowdsourcing:kong2025""]",unknown,0.050477767834831586,0.0612197405319558,0.5252775666558022,0.1307286740325554,201,0.27860696517412936
10131059,centaur_131059,"[""Centaur"", ""iiic_crowdsourcing:kong2025""]",unknown,0.15571064249397426,0.007476793076233463,2.110922618166368,0.050496520359208055,1844,0.18492407809110628
10132535,centaur_132535,"[""Centaur""]",novice,0.12215914198084513,0.10128601679181468,0.08270564272234068,0.17429037621079427,155,0.3032258064516129
10139516,centaur_139516,"[""Centaur"", ""iiic_crowdsourcing:kong2025""]",unknown,-0.023375408482963825,0.04468847753493887,1.17819644842272,0.13657529903515434,153,0.1895424836601307
10147908,centaur_147908,"[""Centaur"", ""iiic_crowdsourcing:kong2025""]",unknown,-0.5314133106140163,0.11485135889008687,-0.053518552602541326,0.11699801714094142,186,0.1827956989247312
10154419,centaur_154419,"[""Centaur""]",novice,0.2145580425685471,0.018323048717151184,1.529052044223228,0.09315016030543276,468,0.21367521367521367
10159195,centaur_159195,"[""Centaur"", ""iiic_crowdsourcing:kong2025""]",novice,0.06116286178595644,0.03379930722843062,1.4278537252261871,0.12412248598614815,189,0.2275132275132275
10187180,centaur_187180,"[""Centaur""]",novice,0.1070406531477312,0.010231754964850301,1.287812438043791,0.03576178572408168,2580,0.14651162790697675
10191971,centaur_191971,"[""Centaur""]",borderline,0.30147426064422606,0.017593663426712827,1.3646332714705403,0.09190543619411247,561,0.29590017825311943
10195961,centaur_195961,"[""Centaur"", ""iiic_crowdsourcing:kong2025""]",novice,0.10236249300698895,0.017428574648781996,1.4482818129646515,0.0621131456906741,693,0.18037518037518038
10202841,centaur_202841,"[""Centaur"", ""iiic_crowdsourcing:kong2025""]",unknown,0.10742673457379455,0.01819475008999109,0.9729914318412192,0.05418908570664797,1087,0.2575896964121435
10226864,centaur_226864,"[""Centaur"", ""iiic_crowdsourcing:kong2025""]",unknown,0.12833431586307392,0.027642457677896737,0.9241398378149488,0.08466089049049053,482,0.2925311203319502
10235741,centaur_235741,"[""Centaur"", ""iiic_crowdsourcing:kong2025""]",unknown,0.12223869277987895,0.0311838247322742,1.114284446120182,0.09834886466739076,322,0.2080745341614907
10242033,centaur_242033,"[""Centaur"", ""iiic_crowdsourcing:kong2025""]",unknown,0.09791898851845973,0.041333820218443756,0.8473682901671622,0.11763025128569203,247,0.27530364372469635
10242375,centaur_242375,"[""Centaur"", ""iiic_crowdsourcing:kong2025""]",unknown,0.09542531350677544,0.07025415734710708,0.5151768377204122,0.14851474220825428,156,0.28846153846153844
10260963,centaur_260963,"[""Centaur"", ""iiic_crowdsourcing:kong2025""]",unknown,0.18456772756394035,0.050575004427432256,1.068974364213101,0.17502749759537065,102,0.38235294117647056
10262204,centaur_262204,"[""Centaur"", ""iiic_crowdsourcing:kong2025""]",novice,0.3351426060896637,0.02027390594163862,1.1282148767384483,0.09246345655767582,558,0.3817204301075269
10268686,centaur_268686,"[""Centaur""]",unknown,-0.08468898813427114,0.05208296304153383,1.0080594290549785,0.11723317540350567,200,0.095
10268689,centaur_268689,"[""Centaur""]",unknown,-0.029953078420711546,0.034507078897086846,1.0333720662010524,0.08285872952066661,381,0.11548556430446194
10273445,centaur_273445,"[""Centaur""]",unknown,-0.1851006561124619,0.08357905285621774,0.7710336811995417,0.14138837424281445,116,0.09482758620689655
10274523,centaur_274523,"[""Centaur"", ""iiic_crowdsourcing:kong2025""]",unknown,0.14427487553900448,0.026515717254748987,1.279046532194021,0.09572800585314842,307,0.24429967426710097
10277850,centaur_277850,"[""Centaur""]",unknown,-0.1710012226595201,0.07471576874230408,0.42422042903977114,0.10917269587310979,206,0.14563106796116504
10280197,centaur_280197,"[""Centaur"", ""iiic_crowdsourcing:kong2025""]",unknown,0.3354738938069988,0.01773804636969784,1.9053655985026956,0.12523082406334624,254,0.2755905511811024
10282558,centaur_282558,"[""Centaur"", ""iiic_crowdsourcing:kong2025""]",borderline,0.22955918502508665,0.003041307722979671,2.379709498643848,0.0297670837317684,6313,0.16996673530809442
10292444,centaur_292444,"[""Centaur""]",unknown,-0.5331368309767228,0.09987460892600854,-0.0038035331743533746,0.09172107300012572,266,0.14285714285714285
10295478,centaur_295478,"[""Centaur""]",unknown,0.4133692540897207,0.032318681476745034,1.5131504919818533,0.19083153745053028,125,0.376
10295624,centaur_295624,"[""Centaur""]",unknown,-0.07071320122780363,0.054651395923309455,0.8901790422699727,0.11129648962724553,213,0.107981220657277
10296241,centaur_296241,"[""Centaur"", ""iiic_crowdsourcing:kong2025""]",unknown,0.12946625194982708,0.011567630181297315,1.5319498644468843,0.04819558866427317,1437,0.15309672929714682
10299374,centaur_299374,"[""Centaur""]",novice,0.25708604207196517,0.003988205466488351,2.4591131744668853,0.04387246990832595,2945,0.17351443123938878
10299866,centaur_299866,"[""Centaur"", ""iiic_crowdsourcing:kong2025""]",unknown,0.1663131057905168,0.01732455684302264,1.71163010204628,0.08151507983643692,488,0.22131147540983606
10316516,centaur_316516,"[""Centaur"", ""iiic_crowdsourcing:kong2025""]",expert,0.02786491034239844,0.056356570987556615,0.7575747010652699,0.13415608000010032,171,0.21052631578947367
10323079,centaur_323079,"[""Centaur""]",unknown,0.24597696601373673,0.04277657696110564,1.093876587878927,0.17477766676716777,158,0.2721518987341772
10335323,centaur_335323,"[""Centaur""]",unknown,0.09958159979195283,0.07748896546344317,0.7078793289579368,0.1801831823947468,109,0.2018348623853211
10343797,centaur_343797,"[""Centaur""]",unknown,0.21156111524990437,0.02410036472935991,1.7866527476323588,0.1417384768829318,183,0.16939890710382513
10357322,centaur_357322,"[""Centaur""]",unknown,0.23754233851770257,0.04190332870458702,1.0225756861944646,0.14851844686006738,180,0.26666666666666666
10358060,centaur_358060,"[""Centaur""]",expert,0.26107078338962814,0.0049978521415896555,1.7385350028967754,0.030787556635729622,4443,0.22124690524420437
10363653,centaur_363653,"[""Centaur""]",unknown,-0.005316683109414375,0.03293154498317996,1.03043039314624,0.08159441029985501,409,0.12469437652811736
10363949,centaur_363949,"[""Centaur""]",unknown,0.20643811180907282,0.014603152455314902,1.6732319087812946,0.07756834479781727,661,0.15431164901664146
10364505,centaur_364505,"[""Centaur""]",novice,0.3056203878218629,0.04180022813776115,1.1420079319381156,0.16916629831410232,145,0.30344827586206896
10381562,centaur_381562,"[""Centaur""]",unknown,0.07035453115405607,0.02357839112558115,1.5052388256390863,0.08808675159916762,420,0.09523809523809523
10382225,centaur_382225,"[""Centaur""]",novice,0.29635336019097047,0.021528793243966355,1.9183305104142223,0.15485518991859384,178,0.21348314606741572
10383439,centaur_383439,"[""Centaur""]",unknown,0.4469107364418615,0.04016015428525592,1.0944261570895226,0.17191894308833033,159,0.4088050314465409
10388028,centaur_388028,"[""Centaur""]",novice,0.19848157121572657,0.009756534836010402,1.9193138098164273,0.06215919425478978,1077,0.14763231197771587
10393526,centaur_393526,"[""Centaur""]",unknown,0.2431584800395068,0.020052986144011367,2.0017834838991355,0.15546605088907675,198,0.18181818181818182
10395045,centaur_395045,"[""Centaur""]",unknown,0.28166786638062674,0.011074274378627555,2.467393555722252,0.12284385146169062,331,0.22054380664652568
10406335,centaur_406335,"[""Centaur""]",novice,-0.9708668435491677,0.1712295995635552,0.14146042290903527,0.1262688568646045,124,0.04838709677419355
10410661,centaur_410661,"[""Centaur""]",novice,0.347577943755782,0.02771692621357881,1.4501545345296787,0.14260940912674197,203,0.29064039408866993
10421122,centaur_421122,"[""Centaur""]",borderline,0.24588310243041023,0.002541425745233176,2.862510195719315,0.03998121284658002,4997,0.16249749849909945
10427272,centaur_427272,"[""Centaur""]",novice,-0.27535687394792785,0.07860114535251556,0.2667118788917568,0.09897357796196044,247,0.15789473684210525
10427522,centaur_427522,"[""Centaur""]",borderline,0.2524614711017632,0.002331929194454382,3.0,0.04275742992864315,4991,0.16770186335403728
10427523,centaur_427523,"[""Centaur""]",borderline,0.24827518208096397,0.0023539188238363338,3.0,0.043404288042237775,4999,0.16343268653730747
10436223,centaur_436223,"[""Centaur""]",expert,0.10345966701544353,0.06662253341746957,0.4721605783061683,0.1387267089235742,189,0.24867724867724866
10441554,centaur_441554,"[""Centaur""]",unknown,0.3412108003271018,0.03426963078717825,1.448316904444787,0.17410985209962404,126,0.31746031746031744
10445500,centaur_445500,"[""Centaur""]",unknown,-0.012128148452166369,0.06005400525958486,0.8351606922723925,0.13085711298745048,171,0.13450292397660818
10452632,centaur_452632,"[""Centaur""]",unknown,-0.041931826971025654,0.06528728294743963,1.0362605195053631,0.14586695100437994,118,0.1016949152542373
10456497,centaur_456497,"[""Centaur""]",novice,0.20078042447760658,0.04282392768854619,1.3457611505953535,0.19265978157637356,102,0.23529411764705882
10463110,centaur_463110,"[""Centaur""]",unknown,0.22351025176905534,0.02381566189093745,1.277816783411212,0.10015485062246794,379,0.22163588390501318
10467362,centaur_467362,"[""Centaur""]",borderline,0.19053058113529286,0.006156991639074344,1.9918273062972212,0.040501515368961474,2675,0.13383177570093457
10474366,centaur_474366,"[""Centaur""]",expert,0.20581036636050573,0.02280608065644037,0.9529453819320277,0.07679278354381999,694,0.24351585014409222
10479788,centaur_479788,"[""Centaur""]",borderline,0.20948915947550906,0.04890390925711003,0.5545264589094321,0.13109589952577655,276,0.3115942028985507
10487681,centaur_487681,"[""Centaur""]",novice,0.11773320263939095,0.02812438392430454,1.1979546682158895,0.09536613721530542,368,0.15760869565217392
10489707,centaur_489707,"[""Centaur""]",novice,0.23563580459583422,0.00325162739589269,2.4270880120869935,0.03411939334589557,4999,0.16363272654530905
10492981,centaur_492981,"[""Centaur""]",novice,0.22880500460108183,0.030651676820939017,1.4718755355377295,0.14306512276931782,164,0.21341463414634146
10501111,centaur_501111,"[""Centaur""]",unknown,0.2468856250432942,0.04334813547476724,0.9698771358875722,0.153069407267935,188,0.25
10504297,centaur_504297,"[""Centaur""]",unknown,-0.15329685071954444,0.11369047226920512,0.06012046725571607,0.15122148604922087,142,0.2323943661971831
10504728,centaur_504728,"[""Centaur""]",unknown,0.39281269157597726,0.1043495944331568,0.23090774601593603,0.2713554180662491,100,0.42
10508956,centaur_508956,"[""Centaur""]",unknown,0.035256771608127124,0.04682201399785587,0.6717235883654277,0.10477166843879206,290,0.20689655172413793
10509395,centaur_509395,"[""Centaur""]",novice,0.26190343754312423,0.018765945493984713,1.7417288606985344,0.10747821293162271,325,0.19384615384615383
10517927,centaur_517927,"[""Centaur""]",unknown,0.32845865508105887,0.033903680846811425,1.0935776005028923,0.13977229800251936,240,0.2916666666666667
10518592,centaur_518592,"[""Centaur""]",novice,0.48826677953464415,0.0364642316283149,0.9012058790283377,0.13050433334530728,264,0.42424242424242425
10521719,centaur_521719,"[""Centaur""]",unknown,0.0458561238922528,0.017657479424617914,1.2650678112890157,0.05378205303304148,1024,0.1220703125
10526153,centaur_526153,"[""Centaur""]",unknown,-0.035812483673963884,0.09004160053055411,0.4046243986546798,0.16414832621311212,123,0.21951219512195122
10528018,centaur_528018,"[""Centaur""]",unknown,-0.0188821260554143,0.06887511654986184,0.5992140234018687,0.1289111239920491,167,0.17365269461077845
10528824,centaur_528824,"[""Centaur""]",unknown,0.21248391799494265,0.01662237265446369,1.4518383555654395,0.07742723256073489,604,0.20695364238410596
10533257,centaur_533257,"[""Centaur""]",novice,0.1923452411714595,0.029118798789176937,1.7516088394573623,0.14816622950889674,151,0.1390728476821192
10544224,centaur_544224,"[""Centaur""]",unknown,0.19716495480392082,0.010066650167122437,1.9067431643386035,0.06348420836788173,1001,0.14985014985014986
10545704,centaur_545704,"[""Centaur""]",unknown,0.17758689295474825,0.036533127166964406,1.473998301229433,0.14805277843623063,148,0.17567567567567569
10545920,centaur_545920,"[""Centaur""]",unknown,0.16099773454774327,0.01117577917443775,1.4907164207599686,0.047894469448506505,1518,0.152832674571805
10548261,centaur_548261,"[""Centaur""]",unknown,-0.03934504600713243,0.03758920640858961,0.6588145506805143,0.07292786087313043,523,0.16061185468451242
10554066,centaur_554066,"[""Centaur""]",novice,0.23426655124856996,0.013976159808432762,2.1152706546695272,0.108716713618831,379,0.15567282321899736
10556359,centaur_556359,"[""Centaur""]",unknown,0.19287663087726822,0.029442855406062056,1.4855550106832702,0.127506729915497,219,0.1643835616438356
10562756,centaur_562756,"[""Centaur""]",novice,0.195098994286834,0.028610769077663894,1.4771061806522152,0.12285363177556521,226,0.15486725663716813
10565246,centaur_565246,"[""Centaur""]",novice,0.19965977993111408,0.00810743722266624,1.6674415856624172,0.042385299383139445,2103,0.17641464574417498
10566370,centaur_566370,"[""Centaur""]",unknown,-0.08876564584714315,0.02068494052215385,0.5704981715685635,0.037003615325023935,2034,0.16224188790560473
10567616,centaur_567616,"[""Centaur""]",unknown,0.1850811536851677,0.014009390211449127,1.6709242534219568,0.0709969513517877,765,0.1411764705882353
10569668,centaur_569668,"[""Centaur""]",novice,0.1904864280195473,0.009422191238655382,1.2188292013675752,0.03731474507834853,2801,0.2070689039628704
10570381,centaur_570381,"[""Centaur""]",unknown,0.15104141199876928,0.03773718221035812,1.5108463168356252,0.16644719887682533,125,0.144
10572980,centaur_572980,"[""Centaur""]",novice,0.22333510321703395,0.007830418263556363,1.809545584190547,0.047891415127638656,1741,0.1820792647903504
10575292,centaur_575292,"[""Centaur""]",unknown,-0.41847436047112474,0.2363029553671922,-0.6040702679417321,0.22424706672590233,102,0.29411764705882354
10578973,centaur_578973,"[""Centaur""]",novice,0.23440264779057315,0.003291259009609985,2.4128665879768665,0.03405432205992524,4973,0.16348280715865673
10582334,centaur_582334,"[""Centaur""]",novice,0.19360353942735062,0.005996054647637052,1.6781732918336745,0.031746145625638766,3857,0.16567280269639617
10585806,centaur_585806,"[""Centaur""]",unknown,0.30930466000520157,0.0322595005231549,0.703700959635624,0.10281645756962757,478,0.34518828451882844
10592156,centaur_592156,"[""Centaur""]",novice,0.17489262350242732,0.012297203433354737,0.9891617943952187,0.04046172473025222,2364,0.22588832487309646
10594185,centaur_594185,"[""Centaur""]",unknown,-0.22005437409524517,0.12915849839995075,-0.1662180999723318,0.1469555767573874,164,0.25
10594521,centaur_594521,"[""Centaur""]",unknown,-1.2965719515869947,0.16074054994427492,-0.4351306968110805,0.08597211155374293,260,0.1076923076923077
10596802,centaur_596802,"[""Centaur""]",borderline,-0.17517829150616107,0.023201405806096333,0.6802986906829194,0.03845431449087639,1668,0.11031175059952038
10599968,centaur_599968,"[""Centaur""]",unknown,-0.5446587663165164,0.22490533001870594,-0.5314130539990125,0.19130387531183043,104,0.25
10600024,centaur_600024,"[""Centaur""]",unknown,-1.097780542949582,0.21545058622446178,-0.28965162159167973,0.13089233743252265,111,0.0990990990990991
10600039,centaur_600039,"[""Centaur""]",unknown,0.18686236559943029,0.0241204148618716,1.5434193581187143,0.10991549789463277,305,0.14426229508196722
10600264,centaur_600264,"[""Centaur""]",unknown,0.03336359742833058,0.033928498771978136,1.2372673039953248,0.09941638832899041,313,0.1182108626198083
10601639,centaur_601639,"[""Centaur""]",novice,-0.15030821447594775,0.10874779307632364,0.3039383095492051,0.15453546797361906,113,0.17699115044247787
10601918,centaur_601918,"[""Centaur""]",novice,0.21080031839606678,0.003940033828132093,2.1605354567155937,0.03160718326107577,4991,0.1514726507713885
10602929,centaur_602929,"[""Centaur""]",unknown,-0.25462536254641815,0.11781165663779564,0.25068184760171736,0.151388447172999,111,0.16216216216216217
10602990,centaur_602990,"[""Centaur""]",novice,0.27256969620963134,0.009807367902035983,1.750188102637267,0.06276583740907296,1092,0.22344322344322345
10603490,centaur_603490,"[""Centaur""]",unknown,0.13935325329495243,0.06470133735063294,0.6711162278776905,0.14386255597685235,158,0.20253164556962025
10604555,centaur_604555,"[""Centaur""]",novice,0.20658949964533754,0.01827991663025113,1.0480873660833459,0.06600474410944873,954,0.23689727463312368
10605833,centaur_605833,"[""Centaur""]",unknown,0.1518600650515066,0.025856338813803587,1.1021883720015648,0.08456703956794796,477,0.19077568134171907
10605875,centaur_605875,"[""Centaur""]",unknown,0.0880638444867516,0.09916353274289684,0.020736318961418063,0.1603961829798066,183,0.3114754098360656
10606111,centaur_606111,"[""Centaur""]",novice,0.24471150033422098,0.007592963650839418,1.8876243098715675,0.05073105825287439,1653,0.17725347852389595
10606228,centaur_606228,"[""Centaur""]",novice,-0.2718529881501699,0.10261689934545307,0.30847334218593725,0.13091779587994445,139,0.1510791366906475
10606748,centaur_606748,"[""Centaur""]",unknown,0.33579014622235304,0.015653531514537973,1.59729217414088,0.09640313134972302,473,0.30021141649048627
10607669,centaur_607669,"[""Centaur""]",unknown,0.22714638151901761,0.008184838405561005,2.106786775266251,0.06266749196593058,1144,0.17395104895104896
10607826,centaur_607826,"[""Centaur""]",unknown,-0.09576372842990648,0.0824896149334825,0.5126319688268465,0.1418194187613349,136,0.16176470588235295
10607840,centaur_607840,"[""Centaur""]",unknown,0.1591825678022653,0.13084975842534743,-0.27716996742172223,0.20579534264351934,174,0.367816091954023
10608004,centaur_608004,"[""Centaur""]",unknown,0.11426361491631715,0.1696425660360163,-0.41046303578115867,0.2694843763161916,130,0.3769230769230769
10608031,centaur_608031,"[""Centaur""]",unknown,-0.7800478118353246,0.2237622156005286,-0.5380978445443386,0.1672470668605297,112,0.21428571428571427
10608295,centaur_608295,"[""Centaur""]",unknown,0.1154936415482189,0.07484088293799711,0.6762139701565268,0.18160100023684106,111,0.22522522522522523
10608365,centaur_608365,"[""Centaur""]",unknown,-0.10183050646702373,0.04365218026916251,0.32138344097517785,0.066220979151873,652,0.19171779141104295
10608409,centaur_608409,"[""Centaur""]",unknown,-0.9772694319198166,0.17743571697353183,-0.6569022806666827,0.11150609727106162,236,0.2033898305084746
10608438,centaur_608438,"[""Centaur""]",unknown,-0.95957368968709,0.27310831002422575,-0.7008721010658137,0.17544871589754552,101,0.2079207920792079
10608451,centaur_608451,"[""Centaur""]",unknown,0.23473838937598296,0.01618166955140587,1.5355289399646213,0.08068768626605538,595,0.2
10608452,centaur_608452,"[""Centaur""]",unknown,-0.18309290503850145,0.11569988968717827,0.05936873702931985,0.14732838299968307,142,0.21830985915492956
10608484,centaur_608484,"[""Centaur""]",unknown,0.20234632642733633,0.020586519634646968,1.3865186527822875,0.08557954863063265,493,0.18864097363083165
10608494,centaur_608494,"[""Centaur""]",expert,0.2210723393366859,0.013012090704282542,1.8052824411836272,0.07806862876595567,659,0.1669195751138088
10608577,centaur_608577,"[""Centaur""]",unknown,-0.11711807859528472,0.14246203635204155,-0.2556328215121401,0.17450734809748575,150,0.2866666666666667
10608634,centaur_608634,"[""Centaur""]",unknown,-0.10763497742800256,0.11767433306249862,0.12019195331343707,0.17707904784290424,114,0.2543859649122807
10608642,centaur_608642,"[""Centaur""]",unknown,0.26623779640974377,0.03678959407303594,1.4772696560902867,0.18264960203028174,115,0.23478260869565218
10608786,centaur_608786,"[""Centaur""]",unknown,-1.254151229463686,0.23824852017226925,-0.3839152157019876,0.13239953060801274,106,0.09433962264150944
10608807,centaur_608807,"[""Centaur""]",unknown,0.26361113305267014,0.018130980134871178,1.4340915502982114,0.08877086822627336,512,0.232421875
10608852,centaur_608852,"[""Centaur""]",unknown,-0.33620074179688525,0.13480494066186027,0.11435339840399558,0.14335788133677788,113,0.1504424778761062
10609056,centaur_609056,"[""Centaur""]",unknown,-0.030121879366924547,0.08908035000086195,0.18499669281134073,0.148839396891493,174,0.25862068965517243
10609435,centaur_609435,"[""Centaur""]",unknown,-0.2886485076479203,0.11052874513043048,-0.28735659584965273,0.12173356136328731,275,0.2690909090909091
10609640,centaur_609640,"[""Centaur""]",unknown,0.2981873935983829,0.15330038552176697,-0.326265641856435,0.2567415385921573,136,0.40441176470588236
10609709,centaur_609709,"[""Centaur""]",unknown,0.33482110606865884,0.023835792744034145,1.47229517431786,0.13990415837860234,226,0.3185840707964602
10609837,centaur_609837,"[""Centaur""]",unknown,-0.1765741265025433,0.03220640646520338,0.5755111433295463,0.05118313161752628,944,0.125
10609849,centaur_609849,"[""Centaur""]",unknown,-0.6942275689867294,0.24633220093879063,-0.7052273750157013,0.18397381789845577,119,0.25210084033613445
10609947,centaur_609947,"[""Centaur""]",novice,0.18348226694453051,0.009305057387284434,1.532524500194525,0.043080094934969636,1970,0.1700507614213198
10609973,centaur_609973,"[""Centaur""]",unknown,-0.5845977976314642,0.38185118781171945,-1.226730358658818,0.30019394674528643,114,0.3508771929824561
10610137,centaur_610137,"[""Centaur""]",unknown,0.2539769482357139,0.023725496237703602,0.9753320036333958,0.08941907541505831,595,0.2823529411764706
10610275,centaur_610275,"[""Centaur""]",unknown,-0.010140416489479082,0.07358706890366132,0.09111630132263676,0.10819429925005704,312,0.2564102564102564
10610308,centaur_610308,"[""Centaur""]",unknown,0.15798061962555562,0.022854376657211694,0.41882123546601835,0.051671887822889506,1663,0.29164161154539986
10610313,centaur_610313,"[""Centaur""]",unknown,-0.5201108473508445,0.19948431687518123,-0.43893969468472316,0.166242190697424,117,0.23076923076923078
10610384,centaur_610384,"[""Centaur""]",unknown,-0.7884590704348245,0.20700861339339346,-0.32279453421281495,0.1531137297637469,100,0.16
10610469,centaur_610469,"[""Centaur""]",unknown,0.2791692852605461,0.02984177479553869,1.4484147650692862,0.1477545765529111,184,0.24456521739130435
10610653,centaur_610653,"[""Centaur""]",unknown,-0.847063999307846,0.19746662910978507,-0.2513242218335067,0.14267857355577054,104,0.1346153846153846
10610664,centaur_610664,"[""Centaur""]",unknown,0.25926613018754874,0.016965574271952978,1.1376735368522573,0.07263521926546804,891,0.2648709315375982
10610685,centaur_610685,"[""Centaur""]",unknown,-1.5582484618180794,0.07925203549408184,-0.7718596431418061,0.03678868438206454,1721,0.16269610691458455
10611283,centaur_611283,"[""Centaur""]",unknown,0.19216248446113016,0.037375870904074016,1.1801887940989733,0.14819301320898717,180,0.25
10611633,centaur_611633,"[""Centaur""]",unknown,0.2942091138568623,0.08111958795266934,0.5528658462994351,0.2141822688263688,100,0.34
10612072,centaur_612072,"[""Centaur""]",unknown,-0.0356564219686563,0.05945487103953589,0.33273404434793624,0.09708442276179576,331,0.21450151057401812
10612157,centaur_612157,"[""Centaur""]",unknown,0.26967241610665627,0.03262660071671314,1.4640353036424545,0.16199599220838462,148,0.23648648648648649
10614287,centaur_614287,"[""Centaur""]",novice,-0.33359794281695654,0.1560794361294141,-0.09365572439459169,0.17140322116223589,102,0.21568627450980393
10614477,centaur_614477,"[""Centaur""]",novice,-0.5859072543445788,0.08870102024861704,-0.1907605240993367,0.07604139971816654,431,0.1740139211136891
10618553,centaur_618553,"[""Centaur""]",novice,-0.2750688704549352,0.07995750549855069,0.4725034578920866,0.109375117631064,189,0.1164021164021164
10619321,Masoom Desai,"[""iiic_crowdsourcing:kong2025""]",expert,0.06528739548014388,0.026197080800479545,1.4284584140770284,0.08828211860378342,353,0.16147308781869688
10619322,Gregory Kapinos,"[""iiic_crowdsourcing:kong2025""]",expert,0.06149137549305696,0.021981910161191966,1.3964886674993249,0.07560551759903085,493,0.1744421906693712
10619324,Kong2025 contest user 1858,"[""iiic_crowdsourcing:kong2025""]",other,-0.5353588156556559,0.15464540020037215,-0.31072942550891064,0.150746131722957,150,0.23333333333333334
10619327,Kong2025 contest user 7280,"[""iiic_crowdsourcing:kong2025""]",novice,0.12318511868835895,0.005826510057248236,1.644663055939877,0.024876569739691875,4844,0.1676300578034682
10619328,Kong2025 contest user 8864,"[""iiic_crowdsourcing:kong2025""]",experienced,0.06518142721775433,0.04825827991052106,1.0536382940745568,0.13199435958614908,154,0.17532467532467533
10619330,Kong2025 contest user 11839,"[""iiic_crowdsourcing:kong2025""]",novice,0.09948313940635238,0.03374903511425176,0.9099156279185819,0.10139888478930907,326,0.254601226993865
10619331,Kong2025 contest user 13017,"[""iiic_crowdsourcing:kong2025""]",novice,-0.11714296451191039,0.07641675819442517,0.5067148494134193,0.13219203412009498,154,0.18831168831168832
10619334,Kong2025 contest user 18219,"[""iiic_crowdsourcing:kong2025""]",experienced,0.13801458941964526,0.03284496938937538,1.3234964182431317,0.12082459174817242,187,0.1925133689839572
10619335,Kong2025 contest user 19769,"[""iiic_crowdsourcing:kong2025""]",experienced,-0.3357124312746099,0.09498831989681832,0.4035393669626039,0.13598806993721604,130,0.16153846153846155
10619337,Kong2025 contest user 23646,"[""iiic_crowdsourcing:kong2025""]",novice,0.1622915155350867,0.009300662526511096,1.788291355535337,0.04684373972297944,1453,0.16930488644184447
10619338,Kong2025 contest user 23996,"[""iiic_crowdsourcing:kong2025""]",novice,-0.2998964119797456,0.10305820591946434,-0.05031127327445256,0.1211071994329148,213,0.22065727699530516
10619340,Kong2025 contest user 27965,"[""iiic_crowdsourcing:kong2025""]",other,0.21238005726805728,0.01366049357053001,1.3679804402503546,0.059260353989552594,966,0.2349896480331263
10619342,Kong2025 contest user 30879,"[""iiic_crowdsourcing:kong2025""]",experienced,0.014044719260815885,0.02322841542911571,1.0540738309673652,0.06586461297860813,662,0.20996978851963746
10619343,Kong2025 contest user 32212,"[""iiic_crowdsourcing:kong2025""]",novice,-0.16533872101670735,0.11557322308700552,0.12401627042550184,0.17965630597986731,113,0.24778761061946902
10619344,Kong2025 contest user 32449,"[""iiic_crowdsourcing:kong2025""]",novice,0.21572356068754472,0.01512796934273495,1.9423356790714812,0.0933596251981315,421,0.18052256532066507
10619346,Kong2025 contest user 38593,"[""iiic_crowdsourcing:kong2025""]",novice,0.15896079132549534,0.00826179360448319,1.401575008096233,0.0325872583979268,2788,0.2069583931133429
10619349,Kong2025 contest user 43707,"[""iiic_crowdsourcing:kong2025""]",novice,0.13855480488461344,0.04040694798629505,1.099472590660943,0.13445192982704382,179,0.27932960893854747
10619350,Kong2025 contest user 44164,"[""iiic_crowdsourcing:kong2025""]",novice,0.22649254900087842,0.01215157674057902,1.8979777619794507,0.07084142057243832,670,0.2208955223880597
10619351,Kong2025 contest user 44340,"[""iiic_crowdsourcing:kong2025""]",novice,0.23627986301699597,0.032246632082212213,1.5547402313521532,0.1524457075937898,133,0.24812030075187969
10619352,Kong2025 contest user 44512,"[""iiic_crowdsourcing:kong2025""]",novice,0.23481557758371202,0.029444580485026465,1.565992470908436,0.14411131538266556,164,0.27439024390243905
10619353,Kong2025 contest user 44761,"[""iiic_crowdsourcing:kong2025""]",novice,0.2108919865404332,0.012150101760063842,1.6471965959951802,0.057997566078888375,931,0.2534908700322234
10619354,Kong2025 contest user 45254,"[""iiic_crowdsourcing:kong2025""]",other,-0.17614466310315255,0.09757584240197846,0.2201725337078925,0.15355426738932182,139,0.2446043165467626
10619355,Kong2025 contest user 45825,"[""iiic_crowdsourcing:kong2025""]",novice,0.08459038564021662,0.012112134320342789,1.7055882020232664,0.05400748755733039,1195,0.16150627615062763
10619357,Kong2025 contest user 46403,"[""iiic_crowdsourcing:kong2025""]",novice,-0.33391081650726406,0.0696283195041866,0.5883393214622227,0.10676506609158959,201,0.12935323383084577
10619358,Kong2025 contest user 46875,"[""iiic_crowdsourcing:kong2025""]",novice,0.06159435461450821,0.037017667430414784,1.290577667380625,0.11334987266255346,176,0.14772727272727273
10619359,Kong2025 contest user 47705,"[""iiic_crowdsourcing:kong2025""]",novice,0.07179267057627074,0.05346966264719492,1.0248380589621475,0.14607974795098658,124,0.1935483870967742
10619361,Kong2025 contest user 48870,"[""iiic_crowdsourcing:kong2025""]",other,0.08276216600767967,0.016927488010502742,1.12640363339842,0.05249549720956877,1037,0.21600771456123433
10619362,Kong2025 contest user 48971,"[""iiic_crowdsourcing:kong2025""]",experienced,0.0620439108478676,0.02674840721920653,1.5181505346432567,0.09399369124642884,310,0.16774193548387098
10619365,Kong2025 contest user 49560,"[""iiic_crowdsourcing:kong2025""]",novice,0.1529826247058064,0.02007859160290123,1.498129567386799,0.08294324496852998,425,0.23529411764705882
10619366,Kong2025 contest user 49916,"[""iiic_crowdsourcing:kong2025""]",other,-0.1003158105366634,0.08091949520083418,0.41525929575432274,0.14469939884311664,145,0.2413793103448276
10619367,Kong2025 contest user 50004,"[""iiic_crowdsourcing:kong2025""]",novice,0.1612629203202051,0.03520660962584436,1.4212989242663925,0.14219483086381035,148,0.19594594594594594
10619368,Kong2025 contest user 50023,"[""iiic_crowdsourcing:kong2025""]",novice,0.14762468936802908,0.03774276494857329,1.5971001045675437,0.16005147371358205,109,0.24770642201834864
10619369,Kong2025 contest user 50205,"[""iiic_crowdsourcing:kong2025""]",other,0.22914035974657898,0.019242886419796466,1.8770662306324095,0.11684821176459685,254,0.21653543307086615
10619370,Kong2025 contest user 50342,"[""iiic_crowdsourcing:kong2025""]",novice,0.12166204583938493,0.009035872954468057,1.670633835286872,0.04063617305940238,1879,0.2006386375731772
10619371,Kong2025 contest user 50759,"[""iiic_crowdsourcing:kong2025""]",novice,0.1798271495844805,0.03481009917865791,1.331895970929735,0.14182841704019683,147,0.23809523809523808
10619372,Kong2025 contest user 51197,"[""iiic_crowdsourcing:kong2025""]",experienced,0.1548331594988952,0.01749999876303839,1.4554711232774789,0.0736333026576302,556,0.24100719424460432
10619376,Kong2025 contest user 52355,"[""iiic_crowdsourcing:kong2025""]",novice,0.17901123754165071,0.021726316914079682,1.9397979597877013,0.12714979326139972,209,0.1674641148325359
10619377,Kong2025 contest user 52359,"[""iiic_crowdsourcing:kong2025""]",novice,0.05588335060977116,0.020614937899801473,1.424081228818587,0.06592137779189672,594,0.10774410774410774
10619378,Kong2025 contest user 52882,"[""iiic_crowdsourcing:kong2025""]",novice,0.2018465378066203,0.0122813719676194,1.907440629938607,0.07376101068677851,643,0.27838258164852253
10619380,Kong2025 contest user 52979,"[""iiic_crowdsourcing:kong2025""]",novice,-0.13340786332283064,0.0497089328658413,0.8048861451892091,0.10307826959303101,233,0.1630901287553648
10619382,Kong2025 contest user 53036,"[""iiic_crowdsourcing:kong2025""]",novice,-0.08832967016637544,0.024985789618011088,0.9861313130879726,0.05636712669479057,784,0.125
10619383,Kong2025 contest user 53098,"[""iiic_crowdsourcing:kong2025""]",experienced,0.0775692215823492,0.05295173610939764,1.4355013818044666,0.16126244315337518,105,0.14285714285714285
10619384,Kong2025 contest user 53129,"[""iiic_crowdsourcing:kong2025""]",novice,0.08844915699133889,0.007629537900691758,1.584372394975063,0.03027764853162343,3272,0.1552567237163814
10619388,Kong2025 contest user 53717,"[""iiic_crowdsourcing:kong2025""]",novice,-0.18285654405365198,0.0629275476674506,0.6378888945162317,0.10243949661854555,214,0.1308411214953271
10619389,Kong2025 contest user 53744,"[""iiic_crowdsourcing:kong2025""]",novice,0.17432541112930072,0.012452252372025288,2.11079904113506,0.08702678705633766,623,0.20064205457463885
10619391,Kong2025 contest user 54019,"[""iiic_crowdsourcing:kong2025""]",novice,-0.018028219076160798,0.06352746325850575,0.566967997629342,0.1308185324426146,178,0.21348314606741572
10619392,Kong2025 contest user 54178,"[""iiic_crowdsourcing:kong2025""]",novice,0.10619973811467276,0.024033209553758258,1.191031229091191,0.07698495051990802,494,0.18016194331983806
10619393,Kong2025 contest user 54294,"[""iiic_crowdsourcing:kong2025""]",experienced,-0.018926906812032945,0.04975556273849941,1.1950818328114432,0.1309934084067397,141,0.10638297872340426
10619397,Kong2025 contest user 54802,"[""iiic_crowdsourcing:kong2025""]",experienced,0.0134009546108743,0.03273995603251024,1.13411908644043,0.0899755516794258,315,0.17142857142857143
10619401,Kong2025 contest user 55058,"[""iiic_crowdsourcing:kong2025""]",experienced,0.1839075256849203,0.0019213083338418442,2.122095702789734,0.013291971704182259,24176,0.1899404367968233
10619402,Kong2025 contest user 55188,"[""iiic_crowdsourcing:kong2025""]",novice,0.15227810138040104,0.014671300759730636,2.007311590474205,0.08555383173348252,559,0.18783542039355994
10619403,Kong2025 contest user 55313,"[""iiic_crowdsourcing:kong2025""]",novice,-0.015791544684918057,0.03293683630390261,1.628289079334021,0.12287012597090649,206,0.1262135922330097
10619405,Kong2025 contest user 55386,"[""iiic_crowdsourcing:kong2025""]",novice,0.15408899818831495,0.012261426498872217,1.8335226999396008,0.06498987433814003,818,0.20904645476772615
10619406,Kong2025 contest user 55411,"[""iiic_crowdsourcing:kong2025""]",novice,0.1700646902248398,0.008812634690629,2.10424959329128,0.05793535149973393,1235,0.2089068825910931
10619407,Kong2025 contest user 55422,"[""iiic_crowdsourcing:kong2025""]",novice,0.19280360728013052,0.0177625787925888,1.7290258660010467,0.08881768916789015,435,0.21149425287356322
10619408,Kong2025 contest user 55477,"[""iiic_crowdsourcing:kong2025""]",other,0.10774463957280428,0.040114942883227915,1.2847869495493507,0.13494830059529633,146,0.2328767123287671
10619409,Kong2025 contest user 55602,"[""iiic_crowdsourcing:kong2025""]",novice,0.046128941151205145,0.013912565972570864,1.208335254892491,0.04132157219394473,1547,0.1603102779573368
10619410,Kong2025 contest user 55672,"[""iiic_crowdsourcing:kong2025""]",novice,0.1691631001426082,0.0077334508477686055,2.0525178206033328,0.04909401826011652,1674,0.18339307048984468
10619411,Kong2025 contest user 56548,"[""iiic_crowdsourcing:kong2025""]",novice,0.13410060449166752,0.024281438130687675,1.679545947274793,0.10915525432338537,262,0.15648854961832062
10619413,Kong2025 contest user 56963,"[""iiic_crowdsourcing:kong2025""]",other,-0.28904462726155583,0.123769907465334,0.07325669264728595,0.1592267055125743,119,0.226890756302521
10619415,Kong2025 contest user 57287,"[""iiic_crowdsourcing:kong2025""]",novice,0.07799509553344308,0.013518432361371855,1.5922603357929066,0.05282977446177628,1027,0.12658227848101267
10619416,Kong2025 contest user 57507,"[""iiic_crowdsourcing:kong2025""]",novice,0.1084615165632527,0.0019072708818324612,2.058034899826801,0.011555533929047597,35838,0.14473463920977733
10619419,Kong2025 contest user 57851,"[""iiic_crowdsourcing:kong2025""]",novice,0.04202091628984947,0.016601016006308374,1.6671199933711478,0.06948610591775699,707,0.14144271570014144
10619420,Kong2025 contest user 58070,"[""iiic_crowdsourcing:kong2025""]",novice,0.0882157158044247,0.023329961300056913,1.4143251033197033,0.08064386495674576,411,0.145985401459854
10619421,Kong2025 contest user 58723,"[""iiic_crowdsourcing:kong2025""]",novice,-0.18062928340643192,0.06551019143032363,0.9122665432087744,0.12924580629816082,133,0.11278195488721804
10619422,Kong2025 contest user 58864,"[""iiic_crowdsourcing:kong2025""]",novice,0.1223200710223508,0.04428827954465563,1.4660642595527922,0.15814407431279295,108,0.19444444444444445
10619423,Kong2025 contest user 59359,"[""iiic_crowdsourcing:kong2025""]",novice,0.20214702403497598,0.02389969095051759,1.7394770672858657,0.12127218228243204,217,0.1382488479262673
10619424,Kong2025 contest user 59761,"[""iiic_crowdsourcing:kong2025""]",novice,0.10771462137724733,0.013696469581876845,1.3568129358317997,0.0480311222778188,1202,0.1464226289517471
10619426,Kong2025 contest user 60983,"[""iiic_crowdsourcing:kong2025""]",novice,-0.03365622078906056,0.030223481099380552,0.8367756329487407,0.06660911449455627,577,0.15771230502599654
10619431,Kong2025 contest user 63590,"[""iiic_crowdsourcing:kong2025""]",novice,0.16491207170627137,0.022090442468701437,1.5140961638833819,0.0931423020601275,349,0.2693409742120344
10619433,Kong2025 contest user 64118,"[""iiic_crowdsourcing:kong2025""]",novice,0.20701801185136695,0.038512031768297046,1.339968008756517,0.16159667604584324,126,0.23015873015873015
10619434,Kong2025 contest user 64472,"[""iiic_crowdsourcing:kong2025""]",novice,0.08271874368420745,0.004550132186314886,1.6483752379645267,0.018615236993333804,9120,0.13355263157894737
10619435,Kong2025 contest user 64485,"[""iiic_crowdsourcing:kong2025""]",novice,0.07232597616413455,0.017358025619083825,1.3712317170783992,0.06077328304977358,757,0.18229854689564068
10619436,Kong2025 contest user 64569,"[""iiic_crowdsourcing:kong2025""]",experienced,0.06947143913393661,0.014096211499233601,1.3646642072450994,0.047526407772999414,1188,0.16498316498316498
10619437,Kong2025 contest user 64572,"[""iiic_crowdsourcing:kong2025""]",novice,0.1956367341111713,0.013888800238908304,1.5219644356218769,0.06267928348047092,792,0.20707070707070707
10619438,Kong2025 contest user 64706,"[""iiic_crowdsourcing:kong2025""]",novice,-0.03394759175310651,0.034831550565725615,0.8577622283897584,0.07865885491336672,415,0.1686746987951807
10619442,Kong2025 contest user 64978,"[""iiic_crowdsourcing:kong2025""]",novice,-0.41555503591440995,0.11915505361605319,0.049138406078229564,0.1402825576279169,140,0.2
10619443,Kong2025 contest user 65046,"[""iiic_crowdsourcing:kong2025""]",novice,0.14407901282470378,0.011665865687657853,1.8148967545316879,0.05888894734075854,1013,0.19940769990128332
10619444,Kong2025 contest user 65094,"[""iiic_crowdsourcing:kong2025""]",novice,0.018670594746879716,0.03890823877882328,1.1986218133173565,0.1169101467561533,195,0.22564102564102564
10619447,Kong2025 contest user 65244,"[""iiic_crowdsourcing:kong2025""]",novice,-1.087744626556956,0.17245330556705388,0.18699068161884694,0.1248038984155893,126,0.03968253968253968
10619448,Kong2025 contest user 65281,"[""iiic_crowdsourcing:kong2025""]",novice,0.19440215983262518,0.03999069009067801,1.564833277053179,0.16760176115387113,100,0.25
10619449,Kong2025 contest user 65368,"[""iiic_crowdsourcing:kong2025""]",other,0.1618326692806421,0.013076164494545952,1.7337391229163504,0.06290613346480595,796,0.2449748743718593
10619454,Kong2025 contest user 66136,"[""iiic_crowdsourcing:kong2025""]",novice,0.15216716678930334,0.006475433180793672,1.886996302997186,0.035368465081972424,2825,0.2063716814159292
10619455,Kong2025 contest user 66276,"[""iiic_crowdsourcing:kong2025""]",novice,0.07847104991007887,0.04123093856055208,0.9475167366940147,0.11050057392481463,231,0.18181818181818182
10619459,Kong2025 contest user 66654,"[""iiic_crowdsourcing:kong2025""]",novice,0.12140330890811861,0.00780606376398184,2.014417057473975,0.04601971955816646,1962,0.1834862385321101
10619461,Kong2025 contest user 66850,"[""iiic_crowdsourcing:kong2025""]",novice,0.04942575629922248,0.030995925943628256,0.8292503997452466,0.07837303056661014,483,0.21325051759834368
10619464,Kong2025 contest user 66915,"[""iiic_crowdsourcing:kong2025""]",novice,0.1425240202938419,0.03645958644597363,1.4665259433659512,0.15508948444330592,121,0.2231404958677686
10619465,Kong2025 contest user 66922,"[""iiic_crowdsourcing:kong2025""]",other,-0.04725872826468754,0.035194169834053865,1.5267433486457096,0.12158197992352023,216,0.14351851851851852
10619470,Kong2025 contest user 67217,"[""iiic_crowdsourcing:kong2025""]",novice,0.16157717806999583,0.005344137539683469,2.0470841444211128,0.03367569291508925,3655,0.18002735978112175
10619471,Kong2025 contest user 67350,"[""iiic_crowdsourcing:kong2025""]",other,0.2470193768841425,0.017706574051610743,1.5381049990808147,0.08629258339599077,444,0.2905405405405405
10619474,Kong2025 contest user 67740,"[""iiic_crowdsourcing:kong2025""]",novice,0.07388568431499896,0.021631100235224274,1.112752696065063,0.06594547867572667,650,0.19846153846153847
10619475,Kong2025 contest user 67879,"[""iiic_crowdsourcing:kong2025""]",novice,0.154357173215117,0.029301444627753553,1.405751596643967,0.11764903754048506,210,0.26666666666666666
10619476,Kong2025 contest user 68151,"[""iiic_crowdsourcing:kong2025""]",novice,-0.6274706748722728,0.13215662311757545,0.15106480516643278,0.12243968362356564,128,0.1015625
10619478,Kong2025 contest user 68333,"[""iiic_crowdsourcing:kong2025""]",novice,0.03778761577117025,0.011807150656648219,1.4570798224462316,0.0393033666951753,1742,0.12112514351320322
10619479,Kong2025 contest user 68357,"[""iiic_crowdsourcing:kong2025""]",novice,-0.9552479879742476,0.13753518497892522,-0.3870826686895496,0.09855702095201854,254,0.1732283464566929
10619483,Kong2025 contest user 69599,"[""iiic_crowdsourcing:kong2025""]",novice,-0.4056936563010205,0.13568349924393572,0.09783575003900415,0.16092728066240902,102,0.18627450980392157
10619485,Kong2025 contest user 70137,"[""iiic_crowdsourcing:kong2025""]",other,-0.7261581906039631,0.07787537636539263,-0.30389220033585645,0.06256028712371133,668,0.18562874251497005
10619489,Kong2025 contest user 71379,"[""iiic_crowdsourcing:kong2025""]",novice,0.1122506539156985,0.016940359123981476,1.4234540562856863,0.06297605664208528,712,0.1853932584269663
10619490,Kong2025 contest user 71806,"[""iiic_crowdsourcing:kong2025""]",novice,0.09454365603470673,0.0044965506084332744,1.8038087406303585,0.02115143288563763,7959,0.13808267370272648
10619491,Kong2025 contest user 72211,"[""iiic_crowdsourcing:kong2025""]",novice,0.40345448720303,0.1257866111966786,-0.5007319765452486,0.3444450974083732,274,0.48175182481751827
10619493,Kong2025 contest user 73534,"[""iiic_crowdsourcing:kong2025""]",novice,0.045098043478793405,0.04725146416265263,1.119827712552425,0.12982345736428522,151,0.1456953642384106
10619495,Kong2025 contest user 73770,"[""iiic_crowdsourcing:kong2025""]",other,-0.10696726836351482,0.0857333356974169,0.2712124579437792,0.1357388021376979,169,0.21893491124260356
10619496,Kong2025 contest user 77066,"[""iiic_crowdsourcing:kong2025""]",novice,0.14486836788177665,0.042816931173616665,0.8411076535735901,0.12456657422281245,220,0.34545454545454546
10619497,Kong2025 contest user 78098,"[""iiic_crowdsourcing:kong2025""]",other,-0.17729665425281793,0.030594318583267666,0.6772060416271548,0.0528336071046341,845,0.13372781065088757
10619508,Kong2025 contest user 86076,"[""iiic_crowdsourcing:kong2025""]",experienced,-0.12359092090732779,0.07364520505253261,0.5579226603519233,0.15248442704115495,136,0.25735294117647056
10619509,Kong2025 contest user 86608,"[""iiic_crowdsourcing:kong2025""]",novice,-0.14698478575438048,0.06627532218735259,0.5433788310116702,0.11629833396924387,190,0.1736842105263158
10619510,Kong2025 contest user 87206,"[""iiic_crowdsourcing:kong2025""]",other,0.1765226898414945,0.01220185795821708,1.7528339078788686,0.060683061194863774,801,0.17103620474406991
10619511,Kong2025 contest user 88545,"[""iiic_crowdsourcing:kong2025""]",other,-0.5982402324678227,0.13802872344975803,-0.0636572495325359,0.12678766410628342,142,0.15492957746478872
10619513,Kong2025 contest user 88765,"[""iiic_crowdsourcing:kong2025""]",novice,0.21315055628631352,0.046266812409181596,1.1096834503109536,0.18144067099817254,112,0.36607142857142855
10619515,Kong2025 contest user 90170,"[""iiic_crowdsourcing:kong2025""]",novice,0.21761187478684815,0.017328807205384593,1.5446745578258645,0.08488240481985185,462,0.22943722943722944
10619516,Kong2025 contest user 90679,"[""iiic_crowdsourcing:kong2025""]",novice,0.05887634328633866,0.028750306924245607,1.0576451286677577,0.0771993159912092,429,0.20512820512820512
10619518,Kong2025 contest user 93174,"[""iiic_crowdsourcing:kong2025""]",novice,-0.03579849362488798,0.043414424728100774,0.5449742754535833,0.08719745242868601,409,0.21515892420537897
10619522,Kong2025 contest user 94530,"[""iiic_crowdsourcing:kong2025""]",novice,-0.050877738662530585,0.04723884308356731,1.1313733890068058,0.11872752306345621,177,0.11864406779661017
10619533,Kong2025 contest user 98795,"[""iiic_crowdsourcing:kong2025""]",experienced,0.1353946437634444,0.03619072760681888,1.5041245221507509,0.13987943708122294,140,0.15
10619534,Kong2025 contest user 99033,"[""iiic_crowdsourcing:kong2025""]",novice,0.17958616786471276,0.02444664503637256,2.44207272563691,0.22577590541955972,131,0.19083969465648856
10619535,Kong2025 contest user 99130,"[""iiic_crowdsourcing:kong2025""]",experienced,-0.17812635389733344,0.07529853919818126,0.5998436494779179,0.13977519807342723,137,0.1897810218978102
10619536,Kong2025 contest user 99146,"[""iiic_crowdsourcing:kong2025""]",novice,0.13937762030667628,0.01610948463379221,1.175042118157629,0.056147793552651544,989,0.23356926188068755
10619541,Kong2025 contest user 100195,"[""iiic_crowdsourcing:kong2025""]",experienced,-0.9719474484999544,0.1846341737127412,-0.625568810141127,0.13271154923534695,195,0.23076923076923078
10619542,Kong2025 contest user 100865,"[""iiic_crowdsourcing:kong2025""]",novice,0.11476019882358433,0.006210338078274214,1.5558985232618388,0.024918066528866845,4730,0.1613107822410148
10619544,Kong2025 contest user 100977,"[""iiic_crowdsourcing:kong2025""]",novice,0.10431058708622962,0.04816393751792616,1.212780663250527,0.15253370295655386,109,0.1743119266055046
10619545,Kong2025 contest user 101051,"[""iiic_crowdsourcing:kong2025""]",novice,0.19026603498465489,0.015322399568796718,1.478293581038015,0.06860956494801422,683,0.2342606149341142
10619546,Kong2025 contest user 101062,"[""iiic_crowdsourcing:kong2025""]",other,0.14308788329617525,0.02959894787315157,1.5265639396840063,0.11607449136588999,211,0.15639810426540285
10619547,Kong2025 contest user 101072,"[""iiic_crowdsourcing:kong2025""]",other,0.13228870751968427,0.04779117180683565,0.883232310918297,0.12811362735670795,191,0.23036649214659685
10619548,Kong2025 contest user 101396,"[""iiic_crowdsourcing:kong2025""]",novice,0.10127220911707542,0.04495679080060474,1.1883266620159392,0.14328897574133648,128,0.2578125
10619549,Kong2025 contest user 101978,"[""iiic_crowdsourcing:kong2025""]",novice,0.0796172428233232,0.03533689923004412,1.2842187299910512,0.12392173055760913,182,0.23626373626373626
10619554,Kong2025 contest user 102777,"[""iiic_crowdsourcing:kong2025""]",other,0.018431157148111964,0.018861102931642625,1.200992507549518,0.05480026305541303,882,0.17687074829931973
10619555,Kong2025 contest user 102779,"[""iiic_crowdsourcing:kong2025""]",novice,-1.0757177118838241,0.15653925672039193,-0.06820966319144496,0.10366915113443548,166,0.07228915662650602
10619556,Kong2025 contest user 102996,"[""iiic_crowdsourcing:kong2025""]",novice,0.44501694978950834,0.06360261277841743,-0.04729169394687378,0.1542116437008565,458,0.49563318777292575
10619558,Kong2025 contest user 103139,"[""iiic_crowdsourcing:kong2025""]",other,0.1501872508029105,0.0041510286417097515,1.285291885209353,0.015304333007436607,13017,0.21625566566797266
10619559,Kong2025 contest user 103152,"[""iiic_crowdsourcing:kong2025""]",other,0.07285965577504612,0.018672349496689424,0.9018752962710147,0.050623885214354625,1197,0.21386800334168754
10619562,Kong2025 contest user 103424,"[""iiic_crowdsourcing:kong2025""]",novice,0.2181346168156105,0.01649337299679335,1.4916256349830785,0.07507027876108904,548,0.23357664233576642
10619563,Kong2025 contest user 103503,"[""iiic_crowdsourcing:kong2025""]",experienced,-1.0849107685021615,0.20222336310881908,-0.35876123510179286,0.1306653104254383,122,0.13114754098360656
10619565,Kong2025 contest user 103880,"[""iiic_crowdsourcing:kong2025""]",novice,0.05381871911262179,0.03880522670616877,1.1396197879173997,0.12006671783285913,201,0.19900497512437812
10619566,Kong2025 contest user 104231,"[""iiic_crowdsourcing:kong2025""]",novice,0.14261778545025852,0.011149907337915948,1.2258265525018923,0.03948317507421669,1899,0.2480252764612954
10619567,Kong2025 contest user 104240,"[""iiic_crowdsourcing:kong2025""]",novice,0.10523627808933178,0.028479210592149803,1.456850729257952,0.10269044982097612,263,0.20532319391634982
10619568,Kong2025 contest user 104357,"[""iiic_crowdsourcing:kong2025""]",novice,0.13701769370855324,0.007799109299582282,1.8283572181456904,0.03992231167544792,2191,0.1757188498402556
10619569,Kong2025 contest user 104704,"[""iiic_crowdsourcing:kong2025""]",novice,0.0961613692426756,0.0632864805955077,0.8971702043349209,0.16141447075365356,103,0.23300970873786409
10619571,Kong2025 contest user 105711,"[""iiic_crowdsourcing:kong2025""]",novice,0.08260038510650655,0.005676690080078692,1.5210787007738593,0.02173482834856619,6204,0.1710186976144423
10619572,Kong2025 contest user 106130,"[""iiic_crowdsourcing:kong2025""]",novice,0.1375481005466265,0.022625521352246523,1.173513633416532,0.08122670910196912,492,0.21747967479674796
10619575,Kong2025 contest user 106743,"[""iiic_crowdsourcing:kong2025""]",novice,0.03160464752315839,0.07289924916850145,0.5490492210681456,0.17519281571467413,129,0.31007751937984496
10619578,Kong2025 contest user 107650,"[""iiic_crowdsourcing:kong2025""]",other,0.06276339540802611,0.0058536598929460355,1.68973983319442,0.024542402795846255,5527,0.13750678487425366
10619579,Kong2025 contest user 108015,"[""iiic_crowdsourcing:kong2025""]",novice,0.055574831084000055,0.05943576920838192,0.9118753687741473,0.154540711628259,115,0.19130434782608696
10619585,Kong2025 contest user 109953,"[""iiic_crowdsourcing:kong2025""]",novice,0.1853526813797087,0.012980268676726617,2.0720171435971984,0.08569272433939404,548,0.24817518248175183
10619586,Kong2025 contest user 110433,"[""iiic_crowdsourcing:kong2025""]",novice,0.13801710014979574,0.009310609253612146,2.1883263494721197,0.06597657490409475,1186,0.2166947723440135
10619589,Kong2025 contest user 111397,"[""iiic_crowdsourcing:kong2025""]",novice,0.1042821758039618,0.053568007328765474,1.0337261234908,0.15368366910951836,116,0.1810344827586207
10619590,Kong2025 contest user 111956,"[""iiic_crowdsourcing:kong2025""]",novice,0.08990356686077591,0.025444962615148094,1.4827170358546131,0.09115728728749421,290,0.1413793103448276
10619591,Kong2025 contest user 112301,"[""iiic_crowdsourcing:kong2025""]",novice,0.19212840971982523,0.026050624346044413,2.189400721003659,0.19653256635895636,102,0.17647058823529413
10619592,Kong2025 contest user 112330,"[""iiic_crowdsourcing:kong2025""]",experienced,0.09648041977448878,0.013160414128454836,1.3698895148420125,0.046196450367261166,1271,0.15184893784421716
10619593,Kong2025 contest user 112547,"[""iiic_crowdsourcing:kong2025""]",novice,0.13849028819443915,0.05330349383288821,0.6782236348206452,0.1426102258666363,195,0.3282051282051282
10619596,Kong2025 contest user 113491,"[""iiic_crowdsourcing:kong2025""]",experienced,0.18160691586424238,0.0050567450837521516,1.8309475210964887,0.027262487991149206,4496,0.18972419928825623
10619597,Kong2025 contest user 113524,"[""iiic_crowdsourcing:kong2025""]",other,0.1013003155486381,0.0693453357365524,0.511793792449305,0.15771669453617504,153,0.27450980392156865
10619599,Kong2025 contest user 113988,"[""iiic_crowdsourcing:kong2025""]",novice,0.25324022183594885,0.03451033468178454,1.5449348030917174,0.17455608142595405,108,0.3888888888888889
10619600,Kong2025 contest user 114138,"[""iiic_crowdsourcing:kong2025""]",other,0.1549961399504477,0.033800331715222474,1.4997646415678993,0.13096708848143435,162,0.1419753086419753
10619601,Kong2025 contest user 114385,"[""iiic_crowdsourcing:kong2025""]",other,0.13475059977139695,0.014712434086344496,1.6884283532140891,0.06771981369630464,663,0.17345399698340874
10619604,Kong2025 contest user 114554,"[""iiic_crowdsourcing:kong2025""]",novice,0.20383449953797458,0.04027026377137289,1.2568255056781188,0.1464063421900671,136,0.2647058823529412
10619606,Kong2025 contest user 114753,"[""iiic_crowdsourcing:kong2025""]",novice,0.1678514464977971,0.027707446907841462,2.0915896209759794,0.18888880474455597,107,0.2616822429906542
10619609,Kong2025 contest user 115295,"[""iiic_crowdsourcing:kong2025""]",novice,0.005208875964230874,0.04366800928465723,0.9584539072897583,0.11072642942076802,218,0.18807339449541285
10619610,Kong2025 contest user 115339,"[""iiic_crowdsourcing:kong2025""]",experienced,-0.5865767427881937,0.12606816064466025,0.014491965291736731,0.129177433343542,142,0.16901408450704225
10619611,Kong2025 contest user 115413,"[""iiic_crowdsourcing:kong2025""]",experienced,0.18695106146161766,0.022639835578203385,1.519186664530946,0.09546105971403301,314,0.16878980891719744
10619614,Kong2025 contest user 115761,"[""iiic_crowdsourcing:kong2025""]",novice,0.19052469625959298,0.010468755593435452,1.6743726490462674,0.051794205076569365,1186,0.19983136593591905
10619615,Kong2025 contest user 115885,"[""iiic_crowdsourcing:kong2025""]",novice,0.213222934848402,0.02625833331355885,1.6098044812608705,0.1278191120731096,190,0.18947368421052632
10619616,Kong2025 contest user 115940,"[""iiic_crowdsourcing:kong2025""]",novice,-0.10444087815319507,0.06583708365052268,0.9509978032376504,0.13718378864851202,123,0.12195121951219512
10619617,Kong2025 contest user 116239,"[""iiic_crowdsourcing:kong2025""]",novice,0.15857644456152428,0.01672089671598346,1.5607509608733314,0.07407488141940233,530,0.25471698113207547
10619618,Kong2025 contest user 116268,"[""iiic_crowdsourcing:kong2025""]",novice,-0.4486832622806047,0.11125241860873808,0.35641169029024755,0.1291173723789268,118,0.11016949152542373
10619619,Kong2025 contest user 116324,"[""iiic_crowdsourcing:kong2025""]",novice,0.10478715136416922,0.014786387423226048,1.736580376471597,0.06724523594813192,690,0.13623188405797101
10619622,Kong2025 contest user 116799,"[""iiic_crowdsourcing:kong2025""]",novice,-0.0013057584243561047,0.03092016545427779,0.9934439655622924,0.07449985556311818,450,0.14
10619624,Kong2025 contest user 116909,"[""iiic_crowdsourcing:kong2025""]",other,-1.1874470698284185,0.17801967995017515,-0.27983927666185077,0.10954225517553949,156,0.10256410256410256
10619625,Kong2025 contest user 116950,"[""iiic_crowdsourcing:kong2025""]",novice,0.15309955904821967,0.010350725166234488,1.5742106841466967,0.04490542928095521,1490,0.24161073825503357
10619626,Kong2025 contest user 116972,"[""iiic_crowdsourcing:kong2025""]",novice,-0.056691055337705486,0.05162279292081083,0.7955936321916033,0.10842145064908411,212,0.15566037735849056
10619628,Kong2025 contest user 117069,"[""iiic_crowdsourcing:kong2025""]",novice,0.1475639154110832,0.01681548261367478,1.549790371404576,0.07198341606857897,558,0.24193548387096775
10619629,Kong2025 contest user 117101,"[""iiic_crowdsourcing:kong2025""]",novice,-0.039181207917751315,0.0260428621565202,0.9756775781597286,0.05940911894009332,681,0.12922173274596183
10619633,Kong2025 contest user 117146,"[""iiic_crowdsourcing:kong2025""]",novice,-0.5935371102097126,0.11425273105446535,0.34622689267628004,0.11252787916317682,151,0.0728476821192053
10619634,Kong2025 contest user 117180,"[""iiic_crowdsourcing:kong2025""]",novice,0.13815635823637695,0.028363495680529018,1.1452768662761639,0.0975335047175262,332,0.3042168674698795
10619638,Kong2025 contest user 117488,"[""iiic_crowdsourcing:kong2025""]",novice,0.12650885918417334,0.01414706975142559,1.9665856372276465,0.08388022423193442,571,0.17513134851138354
10619640,Kong2025 contest user 118041,"[""iiic_crowdsourcing:kong2025""]",other,0.2000624584893567,0.03121346126555338,1.4752108699661732,0.13985980225202876,161,0.18633540372670807
10619642,Kong2025 contest user 118064,"[""iiic_crowdsourcing:kong2025""]",novice,0.16895004114456055,0.0019237107117446165,2.0156075502615045,0.011831511808027526,28216,0.18081939325205557
10619643,Kong2025 contest user 118583,"[""iiic_crowdsourcing:kong2025""]",other,-1.3926456486172427,0.17112277410556764,-0.4652315961681209,0.09394555507035235,225,0.12
10619647,Kong2025 contest user 118903,"[""iiic_crowdsourcing:kong2025""]",novice,0.14258352805178806,0.03924713146027838,1.037588102201182,0.12256281692318288,205,0.22926829268292684
10619648,Kong2025 contest user 119217,"[""iiic_crowdsourcing:kong2025""]",novice,0.13586154066515868,0.03924965294084748,1.241717132045343,0.13628964330645557,158,0.189873417721519
10619649,Kong2025 contest user 119221,"[""iiic_crowdsourcing:kong2025""]",novice,0.05326764144074719,0.05110795409104356,0.9311235023141141,0.13591482331923582,164,0.1951219512195122
10619651,Kong2025 contest user 119391,"[""iiic_crowdsourcing:kong2025""]",other,0.08144624871740223,0.059734288297684,1.0468514755470328,0.16542398038074999,101,0.19801980198019803
10619652,Kong2025 contest user 119656,"[""iiic_crowdsourcing:kong2025""]",novice,-0.05221882892207966,0.05907268024136358,1.0775344026019653,0.15555380737057925,101,0.16831683168316833
10619654,Kong2025 contest user 119939,"[""iiic_crowdsourcing:kong2025""]",novice,0.12774271639919355,0.006998118804318997,1.8834356195601296,0.03696409944591213,2715,0.1697974217311234
10619656,Kong2025 contest user 120022,"[""iiic_crowdsourcing:kong2025""]",novice,0.007489381436681845,0.02194654488776397,1.4534536538467069,0.0690484152973052,571,0.09982486865148861
10619658,Kong2025 contest user 120104,"[""iiic_crowdsourcing:kong2025""]",novice,0.35260112671641647,0.056738344788711155,0.38498791982044783,0.18241942563624317,251,0.43824701195219123
10619660,Kong2025 contest user 120310,"[""iiic_crowdsourcing:kong2025""]",novice,0.15705372064414505,0.017088609879513723,1.8774389498314317,0.09119119723972834,415,0.12530120481927712
10619662,Kong2025 contest user 120425,"[""iiic_crowdsourcing:kong2025""]",novice,-0.008183286340201509,0.03926480215088443,0.9973909042209185,0.0992910258135091,255,0.1568627450980392
10619664,Kong2025 contest user 120668,"[""iiic_crowdsourcing:kong2025""]",other,-0.07697969523631497,0.05135689145835296,0.892630910067852,0.11996044618422072,175,0.2
10619665,Kong2025 contest user 120669,"[""iiic_crowdsourcing:kong2025""]",novice,0.16734040871386474,0.05925703211900603,0.4638727701780984,0.16994220483092035,207,0.34299516908212563
10619667,Kong2025 contest user 120695,"[""iiic_crowdsourcing:kong2025""]",other,-0.42640305049629396,0.1217873664141466,-0.30704839875266626,0.12441939383106844,239,0.24686192468619247
10619669,Kong2025 contest user 120776,"[""iiic_crowdsourcing:kong2025""]",novice,0.09224771903165935,0.020070784611481995,1.5242482456882878,0.0808704880353577,433,0.21939953810623555
10619670,Kong2025 contest user 120782,"[""iiic_crowdsourcing:kong2025""]",novice,0.01945555939857528,0.043511505206434056,1.1810695993847704,0.12552732352322352,168,0.19047619047619047
10619671,Kong2025 contest user 120830,"[""iiic_crowdsourcing:kong2025""]",experienced,-0.10542495490698148,0.07312763598624822,0.7755810384406971,0.15820709833448127,105,0.2
10619672,Kong2025 contest user 120905,"[""iiic_crowdsourcing:kong2025""]",novice,0.12148921840323076,0.06452696696102483,0.5279926134875859,0.16087160749966675,164,0.2804878048780488
10619674,Kong2025 contest user 120988,"[""iiic_crowdsourcing:kong2025""]",other,0.04806001257482971,0.022348812126908982,1.0436804632861512,0.0631439562549887,705,0.18439716312056736
10619677,Kong2025 contest user 121161,"[""iiic_crowdsourcing:kong2025""]",experienced,0.2476278469745562,0.011742691049084673,2.240781891528026,0.09554106689217687,422,0.1848341232227488
10619678,Kong2025 contest user 121289,"[""iiic_crowdsourcing:kong2025""]",novice,0.16767662158570054,0.025143098892916632,1.8002458097630198,0.12684648241552998,192,0.15104166666666666
10619679,Kong2025 contest user 121474,"[""iiic_crowdsourcing:kong2025""]",novice,-0.0896308628165204,0.013836615033191195,1.0976869518630752,0.03160265125186404,2411,0.09995852343425965
10619680,Kong2025 contest user 121506,"[""iiic_crowdsourcing:kong2025""]",novice,0.0404004332742358,0.01187382053198485,1.3582733687232689,0.037998533804165055,1860,0.1338709677419355
10619681,Kong2025 contest user 121610,"[""iiic_crowdsourcing:kong2025""]",novice,-0.8949193403378857,0.1649050175331783,-0.2034967258013066,0.12519990030849423,137,0.1386861313868613
10619685,Kong2025 contest user 121780,"[""iiic_crowdsourcing:kong2025""]",novice,0.267592982844512,0.01575793330128625,1.5099938038906893,0.08251902769260809,533,0.24953095684803
10619687,Kong2025 contest user 121820,"[""iiic_crowdsourcing:kong2025""]",novice,-0.6452089993791364,0.11667699283775547,-0.12157339504832974,0.10426505249041382,218,0.1651376146788991
10619689,Kong2025 contest user 121909,"[""iiic_crowdsourcing:kong2025""]",experienced,0.1607586523235055,0.023176878524488985,1.5976801949473693,0.10869229126991092,273,0.2783882783882784
10619691,Kong2025 contest user 121993,"[""iiic_crowdsourcing:kong2025""]",novice,-1.1109232848260757,0.20368626500928275,-0.5326616062526144,0.127431462726205,150,0.16666666666666666
10619693,Kong2025 contest user 122127,"[""iiic_crowdsourcing:kong2025""]",other,-0.37723227317412467,0.12623768178142922,-0.02706942483785476,0.14668323277659284,137,0.2116788321167883
10619695,Kong2025 contest user 122240,"[""iiic_crowdsourcing:kong2025""]",novice,-0.2910576952643251,0.05817679572063526,0.9519771959866317,0.09459064982425631,274,0.051094890510948905
10619696,Kong2025 contest user 122271,"[""iiic_crowdsourcing:kong2025""]",other,0.27946975236356575,0.017110698663337084,1.7294628763623803,0.10105765070529829,329,0.2948328267477204
10619697,Kong2025 contest user 122283,"[""iiic_crowdsourcing:kong2025""]",novice,-0.164698467998064,0.05333978101838376,0.8308141291591926,0.09554731678822721,243,0.09465020576131687
10619699,Kong2025 contest user 122329,"[""iiic_crowdsourcing:kong2025""]",other,0.08402230656931806,0.020133859755814373,1.0656029985453037,0.060315987403796185,806,0.19851116625310175
10619700,Kong2025 contest user 122607,"[""iiic_crowdsourcing:kong2025""]",other,0.1373961337061493,0.003892251057068146,1.7298764174507064,0.01834560815116697,9605,0.18198854763144195
10619701,Kong2025 contest user 122754,"[""iiic_crowdsourcing:kong2025""]",other,-0.2800716279715482,0.09831945126311692,0.4306297567622121,0.13456229034534684,123,0.13008130081300814
10619702,Kong2025 contest user 122760,"[""iiic_crowdsourcing:kong2025""]",other,0.09520319702933404,0.025261488525719182,1.6618970862702593,0.1021756016328391,278,0.11870503597122302
10619703,Kong2025 contest user 122770,"[""iiic_crowdsourcing:kong2025""]",other,-0.14790011333946335,0.09526063547912458,0.2580568461107532,0.15226947469851168,139,0.23741007194244604
10619707,Kong2025 contest user 122883,"[""iiic_crowdsourcing:kong2025""]",other,0.1426250720458273,0.05049645949087833,0.3972604371240457,0.12367451296181756,334,0.3263473053892216
10619710,Kong2025 contest user 122904,"[""iiic_crowdsourcing:kong2025""]",experienced,0.25909898540983295,0.01748648423615573,1.6836456061151142,0.10135274654338834,339,0.25958702064896755
10619711,Kong2025 contest user 122907,"[""iiic_crowdsourcing:kong2025""]",other,0.03641461800412542,0.049184066836824955,0.8969103341440133,0.13008149302442626,173,0.23699421965317918
10619712,Kong2025 contest user 122929,"[""iiic_crowdsourcing:kong2025""]",other,0.09138367417050627,0.031711283667195396,1.2815891268416033,0.10507407274747348,242,0.17355371900826447
10619713,Kong2025 contest user 122951,"[""iiic_crowdsourcing:kong2025""]",novice,0.1104983696526763,0.07060329625351215,0.5623772335046108,0.17128540201293765,132,0.2803030303030303
10619717,Kong2025 contest user 123011,"[""iiic_crowdsourcing:kong2025""]",other,0.19634106105235977,0.038732731524005345,1.1861493308212487,0.13763264975324235,159,0.2138364779874214
10619718,Kong2025 contest user 123024,"[""iiic_crowdsourcing:kong2025""]",other,-0.16670517146777325,0.05946143579415871,0.9226195155757368,0.1227331182138625,154,0.12987012987012986
10619719,Kong2025 contest user 123103,"[""iiic_crowdsourcing:kong2025""]",novice,-0.1403369165646972,0.08350400570313925,0.5907816444730871,0.15129359784172386,111,0.18018018018018017
10619720,Kong2025 contest user 123159,"[""iiic_crowdsourcing:kong2025""]",experienced,-0.13546731703050913,0.04845039193668452,0.6797072574517838,0.08775589742516647,312,0.14423076923076922
10619721,Kong2025 contest user 123206,"[""iiic_crowdsourcing:kong2025""]",experienced,0.11204396290853477,0.006206208982303947,1.4428846123001857,0.02316317698817367,5318,0.1594584430236931
10619722,Kong2025 contest user 123313,"[""iiic_crowdsourcing:kong2025""]",novice,0.13430572847575523,0.043998424476937976,0.771879393171857,0.1256499702087221,235,0.28936170212765955
10619723,Kong2025 contest user 123392,"[""iiic_crowdsourcing:kong2025""]",novice,0.058641156847192843,0.007109794903604184,1.6714556250346235,0.02878829203578821,4061,0.12484609702043832
10619724,Kong2025 contest user 123403,"[""iiic_crowdsourcing:kong2025""]",novice,-1.1559280504242913,0.2298942017764817,-0.439273490516439,0.1402703036846896,106,0.1320754716981132
10619725,Kong2025 contest user 123466,"[""iiic_crowdsourcing:kong2025""]",experienced,0.2865013848341006,0.0237422151235351,1.577282686310902,0.12395487194151608,221,0.248868778280543
10619726,Kong2025 contest user 123472,"[""iiic_crowdsourcing:kong2025""]",other,0.20169441310232722,0.05766933849112511,0.48850478997990054,0.15770331653124484,213,0.3380281690140845
10619727,Kong2025 contest user 123544,"[""iiic_crowdsourcing:kong2025""]",novice,-0.05472605769131455,0.01971814432772726,0.9583134679498291,0.0451534045803779,1180,0.1423728813559322
10619728,Kong2025 contest user 123754,"[""iiic_crowdsourcing:kong2025""]",experienced,0.1936653326489696,0.045488741026673045,1.130962282591203,0.1579135600132477,129,0.3178294573643411
10619729,Kong2025 contest user 123943,"[""iiic_crowdsourcing:kong2025""]",novice,-1.5754658098551433,0.18667757610980545,-0.7357954384032842,0.09039858634266232,280,0.15357142857142858
10619730,Kong2025 contest user 123961,"[""iiic_crowdsourcing:kong2025""]",other,-0.09703741806625615,0.03195843911494501,0.5485292861507755,0.060109737120870504,793,0.19293820933165196
10619733,Kong2025 contest user 124062,"[""iiic_crowdsourcing:kong2025""]",other,0.07748928383975603,0.02054501066078312,1.1468956023123107,0.0617268268430287,713,0.1753155680224404
10619736,Kong2025 contest user 124307,"[""iiic_crowdsourcing:kong2025""]",novice,-0.020023364886196098,0.04284582863309418,0.9461170165385658,0.10264587875197001,241,0.14937759336099585
10619737,Kong2025 contest user 124314,"[""iiic_crowdsourcing:kong2025""]",other,0.3301093057819457,0.046480236548198536,0.9196081304527142,0.18740703595046843,149,0.3691275167785235
10619738,Kong2025 contest user 124358,"[""iiic_crowdsourcing:kong2025""]",novice,-0.8143075508172192,0.13453282461733387,-0.08717569342851647,0.10470787786061543,179,0.11731843575418995
10619739,Kong2025 contest user 124429,"[""iiic_crowdsourcing:kong2025""]",other,0.28034443215265026,0.017822505748992287,1.5263503269753913,0.09788914401986787,390,0.2948717948717949
10619740,Kong2025 contest user 124480,"[""iiic_crowdsourcing:kong2025""]",novice,-0.11973451306832844,0.034577036162345476,0.9249540825961863,0.07038994967287818,472,0.10805084745762712
10619744,Kong2025 contest user 124711,"[""iiic_crowdsourcing:kong2025""]",novice,0.1849069409573513,0.0016399711542000245,2.112934560463076,0.011301463104456181,33489,0.20134969691540505
10619745,Kong2025 contest user 124748,"[""iiic_crowdsourcing:kong2025""]",novice,-0.9651240783230519,0.22626769168457128,-0.45317024040723364,0.1546358193087633,102,0.16666666666666666
10619749,Kong2025 contest user 125012,"[""iiic_crowdsourcing:kong2025""]",novice,-0.580217094635064,0.10939644224527335,-0.10739668770830706,0.10191326145399336,236,0.17372881355932204
10619751,Kong2025 contest user 125043,"[""iiic_crowdsourcing:kong2025""]",novice,-0.010821866959385513,0.06788561518890233,0.5860319017470863,0.14674123144278722,149,0.22818791946308725
10619752,Kong2025 contest user 125048,"[""iiic_crowdsourcing:kong2025""]",other,-0.40913388955359664,0.08613388912143136,0.04797617826178983,0.09611130986572258,279,0.1827956989247312
10619753,Kong2025 contest user 125106,"[""iiic_crowdsourcing:kong2025""]",other,0.08307711993714342,0.04819303674954475,0.7756349420467337,0.12475082422508314,216,0.22685185185185186
10619756,Kong2025 contest user 125232,"[""iiic_crowdsourcing:kong2025""]",experienced,-1.5101715227115642,0.17159508500354,-0.6124099360597121,0.08971085517726698,271,0.14391143911439114
10619764,Kong2025 contest user 125530,"[""iiic_crowdsourcing:kong2025""]",novice,0.13225936049116985,0.05246940076210702,1.117616982795512,0.16929602746452008,103,0.2815533980582524
10619767,Kong2025 contest user 125691,"[""iiic_crowdsourcing:kong2025""]",other,0.18570202592827,0.02390868425847982,1.7598007391367414,0.1160335285170255,215,0.14883720930232558
10619773,Kong2025 contest user 125937,"[""iiic_crowdsourcing:kong2025""]",novice,-1.1082094890472436,0.22901915114232907,-0.8979513993629809,0.1415911733201522,204,0.25
10619774,Kong2025 contest user 125944,"[""iiic_crowdsourcing:kong2025""]",novice,-0.5230903140764509,0.1835453063234826,-0.49160451610842676,0.17266703639358644,143,0.26573426573426573
10619776,Kong2025 contest user 125954,"[""iiic_crowdsourcing:kong2025""]",other,-0.015430454895925523,0.060267869648952775,0.8099498715653926,0.13878020101184282,134,0.1791044776119403
10619777,Kong2025 contest user 126013,"[""iiic_crowdsourcing:kong2025""]",novice,0.16503437289211095,0.03381207414955379,1.2799317015122589,0.12176878401735572,190,0.19473684210526315
10619778,Kong2025 contest user 126116,"[""iiic_crowdsourcing:kong2025""]",other,-0.491069625151569,0.09196870585443552,0.1797585765451415,0.096089666133983,228,0.12719298245614036
10619779,Kong2025 contest user 126201,"[""iiic_crowdsourcing:kong2025""]",novice,0.14947583093789293,0.024990383841085578,1.4422481661437223,0.09736630278034178,297,0.15824915824915825
10619781,Kong2025 contest user 126442,"[""iiic_crowdsourcing:kong2025""]",novice,-0.4702097714908613,0.13931220823539658,-0.09345410165289923,0.14540497679287165,131,0.1984732824427481
10619782,Kong2025 contest user 126453,"[""iiic_crowdsourcing:kong2025""]",novice,0.13439366677756284,0.02482768250215664,1.4113531484123574,0.09002800277208718,332,0.19879518072289157
10619783,Kong2025 contest user 126494,"[""iiic_crowdsourcing:kong2025""]",novice,0.17684283769888196,0.030346251235864923,1.823834784652348,0.16461173356883455,132,0.2727272727272727
10619786,Kong2025 contest user 126618,"[""iiic_crowdsourcing:kong2025""]",other,-1.5420817787295091,0.222990836822014,-0.6134359288752977,0.11276251298269181,163,0.12883435582822086
10619787,Kong2025 contest user 126648,"[""iiic_crowdsourcing:kong2025""]",other,-0.16402669274592108,0.051105623378793756,0.5192341940906581,0.08425828799308956,354,0.16101694915254236
10619788,Kong2025 contest user 126709,"[""iiic_crowdsourcing:kong2025""]",other,0.18447396562144888,0.03151052899787673,1.3575376343798273,0.12214565033212221,194,0.20103092783505155
10619789,Kong2025 contest user 126717,"[""iiic_crowdsourcing:kong2025""]",novice,-0.5395765733031643,0.12291180502344752,0.1400495878945884,0.12364706247258041,135,0.1259259259259259
10619790,Kong2025 contest user 126719,"[""iiic_crowdsourcing:kong2025""]",novice,-0.02958958893732913,0.060770443932236594,0.9915536466441647,0.1494165771347468,111,0.16216216216216217
10619791,Kong2025 contest user 126735,"[""iiic_crowdsourcing:kong2025""]",novice,-1.0514624932419476,0.15887029550161022,-0.04697921003314297,0.10596188822623734,160,0.06875
10619792,Kong2025 contest user 126746,"[""iiic_crowdsourcing:kong2025""]",other,-0.27600260775060803,0.0906294692391855,0.34345286744070563,0.1251836213936755,157,0.16560509554140126
10619793,Kong2025 contest user 126753,"[""iiic_crowdsourcing:kong2025""]",novice,-0.11984228018736756,0.08496343027384691,0.42752798819263665,0.15692494639086219,126,0.23015873015873015
10619797,Kong2025 contest user 126862,"[""iiic_crowdsourcing:kong2025""]",novice,0.24258606819921066,0.011444892498608953,1.5627173497858153,0.05932007653143887,991,0.23107971745711403
10619800,Kong2025 contest user 127013,"[""iiic_crowdsourcing:kong2025""]",novice,-1.0973095361544059,0.14244598409920475,-0.02520856501596647,0.09400861864190585,203,0.06403940886699508
10619801,Kong2025 contest user 127025,"[""iiic_crowdsourcing:kong2025""]",experienced,0.1887325587663371,0.03227275320216999,1.4598155786922133,0.13755280535527525,161,0.2484472049689441
10619803,Kong2025 contest user 127131,"[""iiic_crowdsourcing:kong2025""]",novice,-0.43028283236959486,0.07545027053090751,0.10239273753481479,0.08897573946407354,330,0.18787878787878787
10619805,Kong2025 contest user 127241,"[""iiic_crowdsourcing:kong2025""]",novice,0.1876681461355608,0.036396517850291105,0.4536935786549122,0.10034846686663752,565,0.3752212389380531
10619807,Kong2025 contest user 127283,"[""iiic_crowdsourcing:kong2025""]",other,0.2074799190332129,0.02063806880496274,1.5243611071430507,0.09730269207254136,338,0.21893491124260356
10619808,Kong2025 contest user 127394,"[""iiic_crowdsourcing:kong2025""]",novice,-0.09617561847826421,0.05052056220622482,0.6994217318691752,0.10479642467743888,244,0.20081967213114754
10619811,Kong2025 contest user 127739,"[""iiic_crowdsourcing:kong2025""]",novice,0.1811973072194401,0.07468869368521514,0.38679468148710544,0.19647502035300674,150,0.34
10619812,Kong2025 contest user 127751,"[""iiic_crowdsourcing:kong2025""]",novice,0.1249570285119204,0.02993548347401442,1.3602769789914368,0.11125405093978935,224,0.22767857142857142
10619813,Kong2025 contest user 127794,"[""iiic_crowdsourcing:kong2025""]",novice,0.14283654987596964,0.0313111245239166,1.678186850492091,0.1403352093144978,156,0.16025641025641027
10619819,Kong2025 contest user 128190,"[""iiic_crowdsourcing:kong2025""]",novice,0.15224079136219282,0.042107685565301485,1.190263525344538,0.1435782506459685,139,0.2302158273381295
10619821,Kong2025 contest user 128382,"[""iiic_crowdsourcing:kong2025""]",novice,0.02999145421013856,0.04048347541161366,1.5413786826688645,0.1445817158460866,161,0.13043478260869565
10619823,Kong2025 contest user 128688,"[""iiic_crowdsourcing:kong2025""]",novice,0.09164985107000727,0.01697873802287746,1.7644470332133835,0.07859852036048884,572,0.15384615384615385
10619824,Kong2025 contest user 128788,"[""iiic_crowdsourcing:kong2025""]",novice,0.16461858784576258,0.023291272432768555,1.5218653185333106,0.10475588914296222,286,0.2762237762237762
10619825,Kong2025 contest user 128820,"[""iiic_crowdsourcing:kong2025""]",novice,0.0618988388176013,0.04398345559526723,0.9960234196418485,0.13291855277049566,178,0.25280898876404495
10619828,Kong2025 contest user 129201,"[""iiic_crowdsourcing:kong2025""]",novice,-0.25264654078742593,0.0788412196167369,0.8894133092627338,0.1506609316929373,103,0.11650485436893204
10619833,Kong2025 contest user 129490,"[""iiic_crowdsourcing:kong2025""]",novice,0.19584975941152907,0.025429079995006695,2.0692485595172787,0.16536697448958582,158,0.22151898734177214
10619834,Kong2025 contest user 129560,"[""iiic_crowdsourcing:kong2025""]",other,0.21338775923049572,0.030026177673145096,1.5368128504496665,0.13828510037488811,157,0.25477707006369427
10619835,Kong2025 contest user 129567,"[""iiic_crowdsourcing:kong2025""]",novice,0.10627802534317715,0.05178600109000972,0.6399947233495166,0.13786150117785095,212,0.2971698113207547
10619836,Kong2025 contest user 129619,"[""iiic_crowdsourcing:kong2025""]",novice,-0.0175168341645496,0.02588581269141126,2.0587175100498443,0.1752273829358735,254,0.11811023622047244
10619837,Kong2025 contest user 129640,"[""iiic_crowdsourcing:kong2025""]",novice,0.13632786644708697,0.024336027493780114,1.4515724204184526,0.09662627276991573,320,0.209375
10619841,Kong2025 contest user 129941,"[""iiic_crowdsourcing:kong2025""]",other,0.15873684475769506,0.025104925582369587,1.060060359613118,0.08261695615025777,483,0.2732919254658385
10619846,Kong2025 contest user 130168,"[""iiic_crowdsourcing:kong2025""]",novice,0.052410716609829676,0.029702045031041062,1.3951394399161738,0.10147425491912763,273,0.1794871794871795
10619847,Kong2025 contest user 130230,"[""iiic_crowdsourcing:kong2025""]",novice,0.11998303327687933,0.011403278621151494,1.7788620529534396,0.05510650735370852,1117,0.21038495971351837
10619853,Kong2025 contest user 130491,"[""iiic_crowdsourcing:kong2025""]",novice,0.1752322973300462,0.019398584857963978,1.9731919013211718,0.11314501201615948,281,0.16370106761565836
10619854,Kong2025 contest user 130541,"[""iiic_crowdsourcing:kong2025""]",novice,0.12052811153219317,0.023412167114560022,2.470036001059283,0.22250246648149158,150,0.18666666666666668
10619856,Kong2025 contest user 130561,"[""iiic_crowdsourcing:kong2025""]",novice,0.148797666326585,0.04600800061926606,0.9343813024582802,0.14452208030464178,164,0.3475609756097561
10619857,Kong2025 contest user 130659,"[""iiic_crowdsourcing:kong2025""]",novice,-0.03174136208712262,0.028476080430169505,1.5171679634476631,0.10098788260972621,307,0.17263843648208468
10619860,Kong2025 contest user 130926,"[""iiic_crowdsourcing:kong2025""]",novice,0.08816000153773475,0.012774628257608693,1.6641364521191486,0.056528918710803205,1023,0.18377321603128055
10619861,Kong2025 contest user 130928,"[""iiic_crowdsourcing:kong2025""]",other,0.09925499668017328,0.0846016386139471,0.485782687615699,0.194941629690849,107,0.3177570093457944
10619863,Kong2025 contest user 130997,"[""iiic_crowdsourcing:kong2025""]",other,-1.6531334664306436,0.19585641371953683,-0.27289600955314747,0.10046830580638492,175,0.05714285714285714
10619864,Kong2025 contest user 131000,"[""iiic_crowdsourcing:kong2025""]",novice,0.1600384810842777,0.056559370440417915,0.1703907546847949,0.12649971158035325,400,0.37
10619865,Kong2025 contest user 131001,"[""iiic_crowdsourcing:kong2025""]",other,0.12777296438699462,0.14010335079883404,-0.22453942850580103,0.28129914556042024,132,0.3939393939393939
10619867,Kong2025 contest user 131118,"[""iiic_crowdsourcing:kong2025""]",other,0.10614535020446603,0.03739395702562338,1.5962594629683426,0.16696670056112672,110,0.21818181818181817
10619868,Kong2025 contest user 131174,"[""iiic_crowdsourcing:kong2025""]",other,0.23623291203423993,0.014583336752980925,1.6884360240350407,0.07698518851685708,543,0.2965009208103131
10619869,Kong2025 contest user 131287,"[""iiic_crowdsourcing:kong2025""]",experienced,-0.6917230470712366,0.19371350203390145,-0.5540282134283396,0.16387707497392537,147,0.25170068027210885
10619870,Kong2025 contest user 131314,"[""iiic_crowdsourcing:kong2025""]",novice,0.17354379513239515,0.005293853288771717,2.241953853867219,0.041991749141006875,2842,0.24243490499648135
10619871,Kong2025 contest user 131412,"[""iiic_crowdsourcing:kong2025""]",novice,0.08421871093972179,0.03844036938516177,1.1708023179146863,0.12157289026083128,191,0.2513089005235602
10619872,Kong2025 contest user 131435,"[""iiic_crowdsourcing:kong2025""]",other,-0.07904233628331406,0.03519684261777133,0.8077572268414269,0.08030437248274667,438,0.19406392694063926
10619873,Kong2025 contest user 131450,"[""iiic_crowdsourcing:kong2025""]",experienced,0.0704310734709933,0.03396092019973142,1.0978294159320652,0.10596139369775104,268,0.2537313432835821
10619874,Kong2025 contest user 131457,"[""iiic_crowdsourcing:kong2025""]",novice,0.11339201920548106,0.03454917897285354,1.3018935805125935,0.12937139411831958,187,0.27807486631016043
10619875,Kong2025 contest user 131466,"[""iiic_crowdsourcing:kong2025""]",novice,-0.19845833594732934,0.10092081075643097,0.09231237726291606,0.153016627534396,161,0.2795031055900621
10619877,Kong2025 contest user 131544,"[""iiic_crowdsourcing:kong2025""]",novice,0.0010607527896870082,0.08023020466710441,0.44628557102245486,0.17314169923393172,130,0.2923076923076923
10619878,Kong2025 contest user 131571,"[""iiic_crowdsourcing:kong2025""]",other,-0.07443756937184719,0.027257828991124083,1.2518983475583074,0.08127675854653989,413,0.17675544794188863
10619882,Kong2025 contest user 131906,"[""iiic_crowdsourcing:kong2025""]",other,0.04897323019675524,0.03082986154751203,1.1493320108814236,0.09174778973022593,301,0.19601328903654486
10619883,Kong2025 contest user 131945,"[""iiic_crowdsourcing:kong2025""]",novice,0.218672917144921,0.038652368075512936,1.375967749701355,0.1651694953182588,121,0.3305785123966942
10619884,Kong2025 contest user 132095,"[""iiic_crowdsourcing:kong2025""]",other,0.009603163937245768,0.04791091215680714,1.0802804015110261,0.13435577897358,143,0.1958041958041958
10619885,Kong2025 contest user 132243,"[""iiic_crowdsourcing:kong2025""]",experienced,0.29448518021753106,0.027817577372676393,1.9747991290648572,0.19052145656827896,108,0.3888888888888889
10619887,Kong2025 contest user 132272,"[""iiic_crowdsourcing:kong2025""]",novice,0.20950882548913982,0.013450831102007432,2.072052537641572,0.08694356125170724,541,0.22920517560073936
10619888,Kong2025 contest user 132459,"[""iiic_crowdsourcing:kong2025""]",other,0.08145838565640719,0.011678233044905091,1.5408239849534973,0.04690816518222358,1393,0.19382627422828427
10619889,Kong2025 contest user 133064,"[""iiic_crowdsourcing:kong2025""]",novice,0.09543191451812617,0.0231392679944221,1.3083298425837244,0.07977192222684978,435,0.2
10619893,Kong2025 contest user 134082,"[""iiic_crowdsourcing:kong2025""]",other,0.17734395217077387,0.03403439569092958,1.2706323922158136,0.12612407219951605,186,0.27956989247311825
10619894,Kong2025 contest user 134321,"[""iiic_crowdsourcing:kong2025""]",novice,-0.6932105423580944,0.18727620289463645,-0.38248895831179375,0.16035268858135854,120,0.21666666666666667
10619896,Kong2025 contest user 134865,"[""iiic_crowdsourcing:kong2025""]",novice,0.1247319585650508,0.020854909669955127,2.0652981058559003,0.12430918922555158,274,0.19708029197080293
10619897,Kong2025 contest user 135031,"[""iiic_crowdsourcing:kong2025""]",novice,0.15281804921068853,0.03000155289417102,2.3342036430752997,0.24399210410842967,102,0.16666666666666666
10619900,Kong2025 contest user 135543,"[""iiic_crowdsourcing:kong2025""]",other,0.15311064273704303,0.04123889172155482,1.2840498824163777,0.15281860760122415,125,0.256
10619902,Kong2025 contest user 136027,"[""iiic_crowdsourcing:kong2025""]",novice,-0.41342806450178754,0.12810822608846897,0.16434024524124505,0.1539476944863933,105,0.17142857142857143
10619906,Kong2025 contest user 136738,"[""iiic_crowdsourcing:kong2025""]",novice,0.007730710337189999,0.04658085235374569,1.0295003366868323,0.12205855440105041,178,0.20224719101123595
10619909,Kong2025 contest user 137488,"[""iiic_crowdsourcing:kong2025""]",other,0.18342031505382528,0.02484959834430391,1.501532823848673,0.10570133685009976,272,0.25
10619911,Kong2025 contest user 137745,"[""iiic_crowdsourcing:kong2025""]",novice,0.14930574184165588,0.03728626685472663,1.299395416615456,0.14277942713361713,148,0.21621621621621623
10619915,Kong2025 contest user 138292,"[""iiic_crowdsourcing:kong2025""]",novice,-0.06231595171952649,0.1367691483155648,-0.21349473058548077,0.22683603917080244,140,0.35
10619916,Kong2025 contest user 138331,"[""iiic_crowdsourcing:kong2025""]",experienced,0.18551309097664093,0.049729596205325376,1.0790830081472225,0.17967996345841983,106,0.3018867924528302
10619918,Kong2025 contest user 138471,"[""iiic_crowdsourcing:kong2025""]",novice,0.07904083004805038,0.02421033329452618,1.5602139801767898,0.09597703152380593,315,0.20634920634920634
10619925,Kong2025 contest user 139696,"[""iiic_crowdsourcing:kong2025""]",novice,0.17139278985754863,0.018016196254968937,2.3382653866317717,0.14953964994194782,223,0.25112107623318386
10619927,Kong2025 contest user 139763,"[""iiic_crowdsourcing:kong2025""]",novice,0.14298933600033947,0.012006951768665383,1.531954425832871,0.04983617087613677,1179,0.2357930449533503
10619933,Kong2025 contest user 141485,"[""iiic_crowdsourcing:kong2025""]",novice,0.004329522759174808,0.06860621105977868,0.9393228533338406,0.1543494928535153,100,0.14
10619939,Kong2025 contest user 142316,"[""iiic_crowdsourcing:kong2025""]",novice,0.012495167282481758,0.02491315607759511,1.074263561884436,0.07113560310813129,569,0.21616871704745166
10619942,Kong2025 contest user 142622,"[""iiic_crowdsourcing:kong2025""]",experienced,-0.00979975076384218,0.046006253024521875,1.5379132050995563,0.17260297888151238,109,0.1743119266055046
10619945,Kong2025 contest user 143127,"[""iiic_crowdsourcing:kong2025""]",novice,0.1737076536441418,0.028972148664971845,1.4801217609630737,0.11700274819244187,207,0.2028985507246377
10619949,Kong2025 contest user 143562,"[""iiic_crowdsourcing:kong2025""]",novice,0.1026207383872091,0.03805001028713488,1.086282465160217,0.11905374182406038,212,0.25
10619954,Kong2025 contest user 144712,"[""iiic_crowdsourcing:kong2025""]",novice,0.09487341977101921,0.050499291860846104,0.8613902613557474,0.1374879197262674,161,0.2546583850931677
10619956,Kong2025 contest user 145011,"[""iiic_crowdsourcing:kong2025""]",other,0.0338468439198902,0.05627503043031828,0.9183763278051613,0.14830995614984047,122,0.2540983606557377
10619959,Kong2025 contest user 145652,"[""iiic_crowdsourcing:kong2025""]",novice,0.16344380843680556,0.01713338834382447,1.771206124843103,0.08122746941440477,488,0.1885245901639344
10619960,Kong2025 contest user 145713,"[""iiic_crowdsourcing:kong2025""]",novice,-0.29354459246879816,0.09104252628539242,0.06354198843097125,0.12244850401526915,220,0.2318181818181818
10619966,Kong2025 contest user 146602,"[""iiic_crowdsourcing:kong2025""]",other,0.12798855677787319,0.01969010110318449,1.8322388513576153,0.10491521919233893,306,0.21568627450980393
10619968,Kong2025 contest user 146716,"[""iiic_crowdsourcing:kong2025""]",novice,0.11159949614645702,0.04849069099485693,1.1027806051726343,0.1492426464738348,133,0.2556390977443609
10619971,Kong2025 contest user 147030,"[""iiic_crowdsourcing:kong2025""]",novice,0.0982049260374017,0.016215300819450218,1.596210658156263,0.06615113496787316,710,0.19577464788732393
10619974,Kong2025 contest user 147761,"[""iiic_crowdsourcing:kong2025""]",novice,-0.28114176802977964,0.06794703734039544,0.3654487431653705,0.10731672383816372,246,0.2032520325203252
10619978,Kong2025 contest user 148435,"[""iiic_crowdsourcing:kong2025""]",novice,0.06876488126576018,0.05649418697322214,0.8348995443179376,0.14805056979157477,136,0.2426470588235294
10619979,Kong2025 contest user 148452,"[""iiic_crowdsourcing:kong2025""]",novice,0.045474685780429645,0.06812790704556702,0.3272512365464933,0.14641065598176384,215,0.3209302325581395
10619980,Kong2025 contest user 148499,"[""iiic_crowdsourcing:kong2025""]",novice,0.13030582407469243,0.012578776576495821,1.6384442344217156,0.05503746913407758,991,0.2250252270433905
10619981,Kong2025 contest user 148605,"[""iiic_crowdsourcing:kong2025""]",experienced,0.08739022140998184,0.031940080182302794,1.1821850415546944,0.10641717100257643,252,0.2698412698412698
10619983,Kong2025 contest user 149372,"[""iiic_crowdsourcing:kong2025""]",other,0.19702453135668652,0.018551159673852128,1.7238581048966652,0.09277178752872126,360,0.2722222222222222
10619984,Kong2025 contest user 149394,"[""iiic_crowdsourcing:kong2025""]",novice,0.023953365113024712,0.025246513969895235,0.7490307561785547,0.05901733454935936,874,0.22540045766590389
10619985,Kong2025 contest user 149421,"[""iiic_crowdsourcing:kong2025""]",experienced,0.032527395892965015,0.03449832807404336,1.285953032584955,0.11806432201272432,207,0.21739130434782608
10619989,Kong2025 contest user 150586,"[""iiic_crowdsourcing:kong2025""]",novice,-0.04540872638070579,0.054907459815830124,0.9941238904534294,0.14542912842619335,134,0.208955223880597
10619991,Kong2025 contest user 150871,"[""iiic_crowdsourcing:kong2025""]",novice,0.1675590083468259,0.06601114694743326,0.41952004141535715,0.16536241336618576,188,0.3404255319148936
10619994,Kong2025 contest user 151355,"[""iiic_crowdsourcing:kong2025""]",novice,0.23792515424797758,0.007364412928815726,1.7507727703197067,0.04194053261813198,1971,0.3191273465246068
10619995,Kong2025 contest user 151414,"[""iiic_crowdsourcing:kong2025""]",other,-0.10618603394378393,0.05734766329658269,1.2373961062150027,0.12358435613139707,144,0.0625
10619996,Kong2025 contest user 151723,"[""iiic_crowdsourcing:kong2025""]",other,0.2704697638989079,0.03270668261138798,1.6718881802999457,0.16905010251718733,120,0.25833333333333336
10619997,Kong2025 contest user 151869,"[""iiic_crowdsourcing:kong2025""]",novice,0.13563638090486624,0.020763076295873,1.774509588552263,0.10439734602841302,298,0.27181208053691275
10619999,Kong2025 contest user 152121,"[""iiic_crowdsourcing:kong2025""]",novice,0.1204945234988637,0.021823757083899532,1.3508543197098821,0.07455327373674843,457,0.21444201312910285
10620004,Kong2025 contest user 153289,"[""iiic_crowdsourcing:kong2025""]",novice,0.2179273340713632,0.02440426020855148,1.4302713348801932,0.10356514240415182,284,0.33098591549295775
10620006,Kong2025 contest user 153628,"[""iiic_crowdsourcing:kong2025""]",novice,-0.12227817685679952,0.08146118885319677,0.6974164133451667,0.16150721642750882,100,0.2
10620007,Kong2025 contest user 153797,"[""iiic_crowdsourcing:kong2025""]",novice,0.11859277414735633,0.03082017732932101,1.8602559511135874,0.1517461269452304,154,0.16233766233766234
10620013,Kong2025 contest user 155260,"[""iiic_crowdsourcing:kong2025""]",other,0.12159946295965582,0.02037258781399322,1.2879038041945672,0.06944032533553622,544,0.24632352941176472
10620014,Kong2025 contest user 155278,"[""iiic_crowdsourcing:kong2025""]",novice,2.12242764007444,0.1957596274317339,-0.9143204912436657,0.11483525372000046,296,0.7601351351351351
10620021,Kong2025 contest user 156537,"[""iiic_crowdsourcing:kong2025""]",novice,0.03695292238419391,0.08405137174359302,0.23300982959756736,0.1587737438142552,170,0.3176470588235294
10620023,Kong2025 contest user 157004,"[""iiic_crowdsourcing:kong2025""]",novice,0.24772268692197086,0.010030185883230704,1.7056517720171762,0.05638921619110927,1130,0.31327433628318585
10620027,Kong2025 contest user 158223,"[""iiic_crowdsourcing:kong2025""]",novice,0.1603199493271992,0.03152148827832187,1.274113167451991,0.11520811551354666,232,0.25
10620036,Kong2025 contest user 160389,"[""iiic_crowdsourcing:kong2025""]",other,0.0887767392503947,0.04153354581536195,0.9743172290838727,0.12533401260839944,203,0.30049261083743845
10620039,Kong2025 contest user 160728,"[""iiic_crowdsourcing:kong2025""]",other,-0.020215849796417967,0.03146413088457698,1.1112414772066657,0.08410051968081284,370,0.17027027027027028
10620047,Kong2025 contest user 162086,"[""iiic_crowdsourcing:kong2025""]",novice,-1.2588836688366865,0.17150430815903636,-0.5771265544565651,0.10268730542121945,234,0.17094017094017094
10620050,Kong2025 contest user 162961,"[""iiic_crowdsourcing:kong2025""]",novice,0.08027374052097547,0.03610215303768537,0.960169978743465,0.09975439512917911,293,0.24232081911262798
10620057,Kong2025 contest user 165276,"[""iiic_crowdsourcing:kong2025""]",novice,-0.11730214837166388,0.059708891196035216,0.8755062901432038,0.1381174609919508,138,0.18115942028985507
10620062,Kong2025 contest user 166493,"[""iiic_crowdsourcing:kong2025""]",novice,0.05681121294408398,0.02667480211921207,1.135110150148731,0.08068614768676687,435,0.22298850574712645
10620067,Kong2025 contest user 167384,"[""iiic_crowdsourcing:kong2025""]",other,0.12778003067210006,0.020673077071111087,1.6689457891896293,0.08800620979246615,344,0.2063953488372093
10620069,Kong2025 contest user 167599,"[""iiic_crowdsourcing:kong2025""]",other,0.09438013638411609,0.05875597595461407,0.47897874825212783,0.14348948249670537,215,0.31627906976744186
10620072,Kong2025 contest user 168243,"[""iiic_crowdsourcing:kong2025""]",novice,0.08060669012033445,0.0327773813696289,1.4854193407417458,0.12048319815114426,196,0.16326530612244897
10620073,Kong2025 contest user 168462,"[""iiic_crowdsourcing:kong2025""]",novice,-0.29717664646700215,0.10286894820066292,0.297011457665978,0.14835779302101004,119,0.20168067226890757
10620074,Kong2025 contest user 168674,"[""iiic_crowdsourcing:kong2025""]",other,0.06089868715290556,0.019212844275221755,1.578515663091343,0.07784548277750716,512,0.19921875
10620078,Kong2025 contest user 169073,"[""iiic_crowdsourcing:kong2025""]",novice,0.03133300923559054,0.056005816664537855,0.8848576449451646,0.1480030381940005,133,0.23308270676691728
10620079,Kong2025 contest user 169118,"[""iiic_crowdsourcing:kong2025""]",other,-0.08708289345474746,0.03931387225231124,0.3357418486359414,0.0688249759310474,701,0.24964336661911554
10620080,Kong2025 contest user 169281,"[""iiic_crowdsourcing:kong2025""]",novice,0.04827554040550822,0.016231313619159582,1.1769165402836201,0.05037342963357074,1118,0.2146690518783542
10620081,Kong2025 contest user 169299,"[""iiic_crowdsourcing:kong2025""]",other,0.15084479328872558,0.03769881592593551,1.454418507442187,0.1582233562798971,120,0.275
10620082,Kong2025 contest user 169435,"[""iiic_crowdsourcing:kong2025""]",novice,0.2280111837681299,0.026795277888150525,1.4687106706374613,0.1282887424652297,211,0.2985781990521327
10620084,Kong2025 contest user 169859,"[""iiic_crowdsourcing:kong2025""]",novice,0.10326994322306632,0.04067130145126657,1.1340576102716715,0.13645063551834888,170,0.23529411764705882
10620085,Kong2025 contest user 169995,"[""iiic_crowdsourcing:kong2025""]",novice,0.10230074227716324,0.04268400513084691,1.1552013484240047,0.13699314219701875,152,0.23684210526315788
10620086,Kong2025 contest user 170325,"[""iiic_crowdsourcing:kong2025""]",other,0.060426416519298184,0.023147502344351718,1.4908567488869682,0.08360790925017493,411,0.18491484184914841
10620090,Kong2025 contest user 171030,"[""iiic_crowdsourcing:kong2025""]",other,0.20320511992824442,0.022216418609525595,1.577651323185294,0.10614307047581577,277,0.30685920577617326
10620091,Kong2025 contest user 171070,"[""iiic_crowdsourcing:kong2025""]",other,0.052974133687141996,0.031487486206763685,1.3586564803588872,0.1045182480668043,248,0.1814516129032258
10620092,Kong2025 contest user 171437,"[""iiic_crowdsourcing:kong2025""]",novice,-0.18349826137843767,0.05097292901173402,0.9179334703667449,0.09930427693356111,237,0.10548523206751055
10620093,Kong2025 contest user 171790,"[""iiic_crowdsourcing:kong2025""]",other,-1.4992194876280394,0.19592105838503604,-0.2676268365738408,0.10899591596285037,150,0.07333333333333333
10620097,Kong2025 contest user 172411,"[""iiic_crowdsourcing:kong2025""]",novice,0.17631096183355918,0.013306848144050957,1.2976637225612582,0.050727803581660125,1181,0.26756985605419137
10620099,Kong2025 contest user 172553,"[""iiic_crowdsourcing:kong2025""]",other,-0.061558948937938146,0.049910542177962425,1.1337005911261864,0.12762507656151623,158,0.13924050632911392
10620101,Kong2025 contest user 172770,"[""iiic_crowdsourcing:kong2025""]",novice,0.15258719248672972,0.01588452214415866,1.5528803067508843,0.06580686776186462,663,0.2368024132730015
10620103,Kong2025 contest user 172890,"[""iiic_crowdsourcing:kong2025""]",novice,0.14646021018817157,0.019853033186456894,1.285379605347206,0.07457896370270418,555,0.2810810810810811
10620104,Kong2025 contest user 172953,"[""iiic_crowdsourcing:kong2025""]",other,0.058507945907830206,0.01854199982107796,1.5460187399658276,0.06983387285151325,623,0.18459069020866772
10620105,Kong2025 contest user 172968,"[""iiic_crowdsourcing:kong2025""]",novice,-0.557793709509031,0.09796878852734082,0.7035363950880593,0.11252274937329183,170,0.041176470588235294
10620106,Kong2025 contest user 173194,"[""iiic_crowdsourcing:kong2025""]",novice,0.1100297591812821,0.03514520604211689,2.0442569975185334,0.2304469111309573,106,0.24528301886792453
10620107,Kong2025 contest user 173466,"[""iiic_crowdsourcing:kong2025""]",novice,0.13256532156538256,0.012806000975819255,1.9373721790443177,0.0728131435593108,780,0.20256410256410257
10620113,Kong2025 contest user 175195,"[""iiic_crowdsourcing:kong2025""]",novice,-0.28482280762605666,0.0677212580606596,0.435342081773051,0.10236798794070465,234,0.17094017094017094
10620116,Kong2025 contest user 175850,"[""iiic_crowdsourcing:kong2025""]",other,0.21524510515414894,0.02000972316599346,1.84717845903951,0.11623768676285048,256,0.30078125
10620117,Kong2025 contest user 175988,"[""iiic_crowdsourcing:kong2025""]",novice,-0.18892684520299236,0.07472863453728555,0.3706543294689098,0.12538683464709047,189,0.2275132275132275
10620119,Kong2025 contest user 176287,"[""iiic_crowdsourcing:kong2025""]",experienced,-1.291087115045651,0.19726160424975597,-0.5023203389557931,0.11873922087464855,160,0.15
10620123,Kong2025 contest user 177520,"[""iiic_crowdsourcing:kong2025""]",novice,0.15165460751305385,0.021699482403795843,1.60726789324027,0.09435615862664934,347,0.2478386167146974
10620126,Kong2025 contest user 177819,"[""iiic_crowdsourcing:kong2025""]",novice,0.25991023128786417,0.04269191683863363,1.1872527780585935,0.17116381978319364,127,0.31496062992125984
10620127,Kong2025 contest user 177873,"[""iiic_crowdsourcing:kong2025""]",other,0.0778700722091946,0.03326682035225301,1.3169739648524612,0.11358455065577264,202,0.2524752475247525
10620128,Kong2025 contest user 178091,"[""iiic_crowdsourcing:kong2025""]",experienced,0.032946299510904505,0.044547606118829616,1.5707727274855479,0.17654468056108957,103,0.1553398058252427
10620129,Kong2025 contest user 178219,"[""iiic_crowdsourcing:kong2025""]",other,0.15044588257450356,0.030307462372295275,1.321227814239392,0.11101069150906513,229,0.26200873362445415
10620130,Kong2025 contest user 178284,"[""iiic_crowdsourcing:kong2025""]",experienced,0.11214460278282022,0.042528955799161036,1.0568148132990594,0.12657809020614627,184,0.20652173913043478
10620131,Kong2025 contest user 178840,"[""iiic_crowdsourcing:kong2025""]",other,0.26504055929682296,0.03861239434166796,1.3053171295124533,0.16197749225380423,134,0.3208955223880597
10620132,Kong2025 contest user 179452,"[""iiic_crowdsourcing:kong2025""]",other,-0.24806920156287346,0.056047689610541865,0.9449375651708715,0.10657903339714585,221,0.09049773755656108
10620133,Kong2025 contest user 179667,"[""iiic_crowdsourcing:kong2025""]",novice,0.08863085618270343,0.032628726050057774,1.4507639492997508,0.13165582675279242,181,0.23756906077348067
10620135,Kong2025 contest user 180044,"[""iiic_crowdsourcing:kong2025""]",other,0.18656961586681878,0.025595506060390294,2.2172579299739725,0.20097068131613005,111,0.2972972972972973
10620137,Kong2025 contest user 180491,"[""iiic_crowdsourcing:kong2025""]",novice,0.189687280505572,0.029126423818352537,1.317695123426064,0.11436550969993219,238,0.29411764705882354
10620140,Kong2025 contest user 180958,"[""iiic_crowdsourcing:kong2025""]",novice,0.16169431350187052,0.03167435082287671,1.699085218603613,0.14678335533941025,141,0.22695035460992907
10620141,Kong2025 contest user 181320,"[""iiic_crowdsourcing:kong2025""]",novice,0.11917119706210608,0.03054575471994643,1.4866980434169323,0.11873571556478596,186,0.1989247311827957
10620143,Kong2025 contest user 181965,"[""iiic_crowdsourcing:kong2025""]",other,-0.02255833242582241,0.034832916606040834,1.520260040233665,0.12526807676148333,201,0.14925373134328357
10620144,Kong2025 contest user 181978,"[""iiic_crowdsourcing:kong2025""]",other,0.06144386444613978,0.03544767616856692,0.930633588836213,0.09654439948879501,317,0.22397476340694006
10620145,Kong2025 contest user 182080,"[""iiic_crowdsourcing:kong2025""]",other,0.2619763245862138,0.013205814550385381,1.3811256332053083,0.060603703215235005,970,0.35670103092783506
10620146,Kong2025 contest user 182257,"[""iiic_crowdsourcing:kong2025""]",experienced,0.10797676860776115,0.03382012425209146,1.0584540789001593,0.10580321174390908,284,0.2746478873239437
10620153,Kong2025 contest user 183170,"[""iiic_crowdsourcing:kong2025""]",novice,0.18151951550379242,0.01896062237347199,1.442979248068534,0.07767378292385009,489,0.26789366053169733
10620154,Kong2025 contest user 183219,"[""iiic_crowdsourcing:kong2025""]",other,-0.07484856060642495,0.04427106633886048,1.2494007231662263,0.13588343478603152,151,0.17880794701986755
10620159,Kong2025 contest user 183581,"[""iiic_crowdsourcing:kong2025""]",other,0.17884754587815527,0.08160590800171176,0.3821049232327396,0.20862109911750762,127,0.3700787401574803
10620160,Kong2025 contest user 183611,"[""iiic_crowdsourcing:kong2025""]",other,-0.10586211925879303,0.05967375994447639,0.7300037025467438,0.12071303490552905,182,0.1813186813186813
10620161,Kong2025 contest user 183648,"[""iiic_crowdsourcing:kong2025""]",other,0.010043094489464121,0.030340202278050402,0.97033681251156,0.0775682224220669,444,0.19594594594594594
10620165,Kong2025 contest user 184043,"[""iiic_crowdsourcing:kong2025""]",other,0.10238318154065335,0.013344037390771111,1.4447281886559025,0.05003697839277935,1129,0.21523472099202834
10620169,Kong2025 contest user 184961,"[""iiic_crowdsourcing:kong2025""]",novice,0.04016508878116922,0.07503812034566273,0.5428638693290992,0.1710450270077308,125,0.272
10620170,Kong2025 contest user 185843,"[""iiic_crowdsourcing:kong2025""]",novice,0.16332438505315974,0.024715267114717672,1.4525850929895077,0.0983711187588335,295,0.22033898305084745
10620173,Kong2025 contest user 186914,"[""iiic_crowdsourcing:kong2025""]",novice,0.181885173416904,0.03518317661434288,1.3054212570084227,0.14461789426230406,159,0.3270440251572327
10620174,Kong2025 contest user 187036,"[""iiic_crowdsourcing:kong2025""]",other,0.14397362073093542,0.011769482754942615,1.600638135303127,0.051331818071454476,1149,0.24717145343777197
10620175,Kong2025 contest user 187606,"[""iiic_crowdsourcing:kong2025""]",experienced,0.0977561434866855,0.02638318279314044,1.5234042522394358,0.09966160404305713,281,0.22419928825622776
10620178,Kong2025 contest user 188061,"[""iiic_crowdsourcing:kong2025""]",other,0.08274263247510093,0.022575352325946076,1.400096454417643,0.07832208824653393,440,0.20909090909090908
10620180,Kong2025 contest user 188185,"[""iiic_crowdsourcing:kong2025""]",other,-0.18743755093306294,0.08689281756744621,0.454585680987867,0.1426441868193577,129,0.1937984496124031
10620181,Kong2025 contest user 188468,"[""iiic_crowdsourcing:kong2025""]",other,0.11392803422773037,0.013918476561616776,1.403615986803807,0.05140958213376434,1073,0.22460391425908668
10620182,Kong2025 contest user 188521,"[""iiic_crowdsourcing:kong2025""]",novice,0.00505436100663176,0.06990401981100387,0.8150373401869387,0.1616385931602658,105,0.2
10620183,Kong2025 contest user 188853,"[""iiic_crowdsourcing:kong2025""]",other,-1.2425780488337907,0.12626836660632443,-0.5098496950535522,0.0742016178104716,408,0.15441176470588236
10620184,Kong2025 contest user 188969,"[""iiic_crowdsourcing:kong2025""]",other,0.0720971305673002,0.041522476384629727,1.3514394331115023,0.14019334424804225,148,0.1891891891891892
10620185,Kong2025 contest user 189368,"[""iiic_crowdsourcing:kong2025""]",novice,0.15542772580882114,0.02973121052690865,1.480872577770197,0.12127244828529804,189,0.2698412698412698
10620186,Kong2025 contest user 190792,"[""iiic_crowdsourcing:kong2025""]",novice,-0.5013621779342632,0.1584084952636105,-0.10770733361396652,0.1625536096789021,105,0.2
10620187,Kong2025 contest user 191280,"[""iiic_crowdsourcing:kong2025""]",novice,0.15917286013345808,0.029401413623555726,1.566679522826265,0.13028386712454698,174,0.29310344827586204
10620189,Kong2025 contest user 191521,"[""iiic_crowdsourcing:kong2025""]",other,0.1821720162818077,0.027029540268990872,1.5898599479905,0.12128293015678387,194,0.25773195876288657
10620191,Kong2025 contest user 192318,"[""iiic_crowdsourcing:kong2025""]",other,-0.17119014241906508,0.07680589772049705,0.7118389043032325,0.14293648991085883,121,0.1652892561983471
10620193,Kong2025 contest user 192532,"[""iiic_crowdsourcing:kong2025""]",novice,-0.6517026767918389,0.15613106515429462,-0.08994427463958371,0.13715027648068465,119,0.15126050420168066
10620195,Kong2025 contest user 193336,"[""iiic_crowdsourcing:kong2025""]",novice,-0.06851501655562721,0.06476504452185307,0.9388312290816835,0.16206030722001913,106,0.19811320754716982
10620201,Kong2025 contest user 194929,"[""iiic_crowdsourcing:kong2025""]",novice,0.18171679170863514,0.038327306864543824,1.2997283721089654,0.15011400306260853,137,0.27007299270072993
10620203,Kong2025 contest user 195388,"[""iiic_crowdsourcing:kong2025""]",novice,0.08467281188632754,0.045677882868293246,1.311371986908415,0.15531374408631035,118,0.22033898305084745
10620204,Kong2025 contest user 195678,"[""iiic_crowdsourcing:kong2025""]",novice,0.08468632298634668,0.025722162558515702,1.4123946432695176,0.08899962788154533,320,0.203125
10620205,Kong2025 contest user 195948,"[""iiic_crowdsourcing:kong2025""]",novice,0.11120337910690445,0.06194057407027529,0.8020316068045128,0.17415152460136638,115,0.2782608695652174
10620210,Kong2025 contest user 198478,"[""iiic_crowdsourcing:kong2025""]",other,0.15314377337052273,0.029022538190560856,1.660039857433777,0.129918139723313,167,0.20958083832335328
10620213,Kong2025 contest user 199067,"[""iiic_crowdsourcing:kong2025""]",novice,0.12214826953156604,0.034577416471971205,1.2926730762070489,0.12547080876770708,196,0.20918367346938777
10620221,Kong2025 contest user 202810,"[""iiic_crowdsourcing:kong2025""]",experienced,0.24098773874561807,0.06455306048640239,0.8213892680993411,0.19595081258851216,100,0.35
10620224,Kong2025 contest user 203178,"[""iiic_crowdsourcing:kong2025""]",other,0.13659082329620656,0.035332561212993774,1.4815116631116707,0.14062823207872024,145,0.2413793103448276
10620227,Kong2025 contest user 203528,"[""iiic_crowdsourcing:kong2025""]",novice,0.18701636695623047,0.020313737197338803,2.212895201908119,0.14938055575879539,203,0.21182266009852216
10620229,Kong2025 contest user 203808,"[""iiic_crowdsourcing:kong2025""]",novice,-0.026063426710484974,0.044001006849046884,0.9799431027294214,0.1098005192586483,228,0.18859649122807018
10620234,Kong2025 contest user 204901,"[""iiic_crowdsourcing:kong2025""]",novice,-0.09394877947956179,0.08134145743612763,0.732949508273244,0.16219411946078968,102,0.18627450980392157
10620243,Kong2025 contest user 206395,"[""iiic_crowdsourcing:kong2025""]",novice,0.15507440317196497,0.02936601733852769,1.2511083536764955,0.11016769814371193,257,0.26848249027237353
10620244,Kong2025 contest user 206725,"[""iiic_crowdsourcing:kong2025""]",novice,-0.14367462778469856,0.044370409066080946,0.7299065827502002,0.08733935633167816,325,0.16923076923076924
10620245,Kong2025 contest user 206850,"[""iiic_crowdsourcing:kong2025""]",novice,0.10030995709041735,0.014932372437288585,1.6556144616644655,0.06522199801525308,736,0.21331521739130435
10620247,Kong2025 contest user 207027,"[""iiic_crowdsourcing:kong2025""]",other,-0.5299768206776894,0.14464903966967793,-0.21915076375265374,0.15353483322703,146,0.2465753424657534
10620249,Kong2025 contest user 207149,"[""iiic_crowdsourcing:kong2025""]",other,-0.12511991097584169,0.10758804492422216,0.23315523299105123,0.19852252561757433,105,0.2857142857142857
10620252,Kong2025 contest user 207876,"[""iiic_crowdsourcing:kong2025""]",other,-0.08849093028280346,0.04740406818725163,0.7459481859800908,0.10569840763267188,256,0.2109375
10620256,Kong2025 contest user 208448,"[""iiic_crowdsourcing:kong2025""]",novice,0.07735635217791352,0.022951770193199276,1.2797138695675414,0.0785097933995946,475,0.20421052631578948
10620261,Kong2025 contest user 209380,"[""iiic_crowdsourcing:kong2025""]",other,-1.1709778172608842,0.16934181946064097,-0.1683822168325641,0.11275073749364294,146,0.0958904109589041
10620262,Kong2025 contest user 209755,"[""iiic_crowdsourcing:kong2025""]",other,0.04584141968200007,0.03629830678449699,1.7370561858160283,0.1563892727504739,143,0.21678321678321677
10620263,Kong2025 contest user 209927,"[""iiic_crowdsourcing:kong2025""]",other,-1.777618555988723,0.16138214088405678,-0.6453235756907808,0.07464016442941922,358,0.12290502793296089
10620266,Kong2025 contest user 210313,"[""iiic_crowdsourcing:kong2025""]",other,-0.059507515023706534,0.06502462075409438,0.77300577235241,0.14492989341031348,126,0.1984126984126984
10620267,Kong2025 contest user 210659,"[""iiic_crowdsourcing:kong2025""]",novice,-0.06124619770233769,0.07177409767490395,0.6300712446063493,0.15121055669399647,128,0.234375
10620271,Kong2025 contest user 212593,"[""iiic_crowdsourcing:kong2025""]",other,0.12890749423998657,0.0259991988969513,1.413813330541999,0.0999490574237502,278,0.2517985611510791
10620272,Kong2025 contest user 212778,"[""iiic_crowdsourcing:kong2025""]",novice,-1.2715098811820411,0.19966027587643168,-0.6143279140143044,0.11542037893090626,184,0.16847826086956522
10620275,Kong2025 contest user 213171,"[""iiic_crowdsourcing:kong2025""]",novice,0.04793648824251642,0.036444338410816395,1.459299623977514,0.12518149965229713,179,0.16201117318435754
10620276,Kong2025 contest user 213329,"[""iiic_crowdsourcing:kong2025""]",novice,0.17473585641507172,0.03480190644185249,1.568362030257255,0.16208426748918886,124,0.28225806451612906
10620280,Kong2025 contest user 214138,"[""iiic_crowdsourcing:kong2025""]",other,-0.014093742829636026,0.06336091232930392,0.7765907186165641,0.14958562339912762,129,0.2248062015503876
10620282,Kong2025 contest user 214497,"[""iiic_crowdsourcing:kong2025""]",other,0.15909946742314215,0.030408828780269296,1.2014864309603386,0.10598315520446762,265,0.30566037735849055
10620284,Kong2025 contest user 214675,"[""iiic_crowdsourcing:kong2025""]",other,0.15831729488078547,0.028927211496674383,1.7373756432473737,0.1322673587505843,174,0.20114942528735633
10620285,Kong2025 contest user 214919,"[""iiic_crowdsourcing:kong2025""]",novice,0.15729562614111514,0.019126523018946302,1.2851665946799158,0.06994371100817953,614,0.24429967426710097
10620287,Kong2025 contest user 215460,"[""iiic_crowdsourcing:kong2025""]",other,0.15869135996811554,0.022046757141621017,1.5732734162684883,0.10028197640236473,303,0.24092409240924093
10620288,Kong2025 contest user 215741,"[""iiic_crowdsourcing:kong2025""]",experienced,0.1152617984533583,0.02054162737955374,1.4551763973745817,0.08189545958126267,460,0.2391304347826087
10620290,Kong2025 contest user 216202,"[""iiic_crowdsourcing:kong2025""]",other,-0.06134065781991486,0.04858369705507843,1.081612359800141,0.1325685325800838,154,0.18831168831168832
10620294,Kong2025 contest user 217117,"[""iiic_crowdsourcing:kong2025""]",novice,0.15092543759389748,0.043575367306625826,1.3331549459322773,0.1681569816104073,112,0.26785714285714285
10620295,Kong2025 contest user 217241,"[""iiic_crowdsourcing:kong2025""]",experienced,0.06670742309003434,0.027332012845320434,1.40143791252844,0.09673989962032624,301,0.18604651162790697
10620297,Kong2025 contest user 217713,"[""iiic_crowdsourcing:kong2025""]",other,0.03538913532655113,0.038021259459387474,1.023501469382011,0.10443099523373496,251,0.2151394422310757
10620298,Kong2025 contest user 217769,"[""iiic_crowdsourcing:kong2025""]",other,0.18125599111544166,0.023807682122557506,1.7437935470255805,0.11789166212034426,234,0.2692307692307692
10620299,Kong2025 contest user 217792,"[""iiic_crowdsourcing:kong2025""]",other,0.12867637633201398,0.03361759202244058,1.4037844394203831,0.12173220946496689,188,0.2074468085106383
10620304,Kong2025 contest user 219855,"[""iiic_crowdsourcing:kong2025""]",other,0.09743181978856091,0.04324643945428127,1.0080132351873883,0.1283900570466969,189,0.24867724867724866
10620306,Kong2025 contest user 220614,"[""iiic_crowdsourcing:kong2025""]",other,-0.020088757589695857,0.055158878820461096,1.1024336046423682,0.1555783143682572,108,0.2037037037037037
10620310,Kong2025 contest user 221302,"[""iiic_crowdsourcing:kong2025""]",novice,-0.03706592008630958,0.05271493101331113,0.7987824070329785,0.12441661003733383,187,0.21390374331550802
10620311,Kong2025 contest user 221416,"[""iiic_crowdsourcing:kong2025""]",novice,0.1032311024350449,0.03444212448684507,1.7222286291192281,0.17033169251859645,124,0.20161290322580644
10620312,Kong2025 contest user 221622,"[""iiic_crowdsourcing:kong2025""]",novice,-0.06590686447510845,0.059619898417148154,0.8738403092806355,0.1305064048858726,148,0.18243243243243243
10620313,Kong2025 contest user 221684,"[""iiic_crowdsourcing:kong2025""]",novice,0.22577919443766642,0.02073420826387381,1.9215693013500816,0.12314336145447478,226,0.2831858407079646
10620315,Kong2025 contest user 221826,"[""iiic_crowdsourcing:kong2025""]",experienced,0.15435938429749133,0.020307282300518727,1.5495118790036337,0.08964689737060365,382,0.27486910994764396
10620317,Kong2025 contest user 222541,"[""iiic_crowdsourcing:kong2025""]",novice,0.1216921759189683,0.012807097066980005,1.9765275665390414,0.07484538931743155,790,0.17721518987341772
10620319,Kong2025 contest user 222892,"[""iiic_crowdsourcing:kong2025""]",novice,0.06316152446803537,0.02013253845310724,1.3683967904004333,0.0723813570344025,569,0.2126537785588752
10620320,Kong2025 contest user 223106,"[""iiic_crowdsourcing:kong2025""]",other,0.24968933673865132,0.05569654268838882,0.6140668615820721,0.15379277478424028,188,0.3723404255319149
10620323,Kong2025 contest user 223285,"[""iiic_crowdsourcing:kong2025""]",experienced,0.06654216856701872,0.017287115270797737,1.6355687508314893,0.07050827768164468,630,0.18412698412698414
10620325,Kong2025 contest user 223652,"[""iiic_crowdsourcing:kong2025""]",other,1.0743703098642843,0.10609592092435105,0.28729479953891746,0.15289571324794227,112,0.7767857142857143
10620328,Kong2025 contest user 224761,"[""iiic_crowdsourcing:kong2025""]",novice,0.1348516930646096,0.00952928667548861,1.7728475822884517,0.04655240718697923,1541,0.22063595068137573
10620332,Kong2025 contest user 225261,"[""iiic_crowdsourcing:kong2025""]",novice,0.0599001296616049,0.05023726036837769,0.9378350202444231,0.14166560849694992,147,0.23809523809523808
10620334,Kong2025 contest user 225332,"[""iiic_crowdsourcing:kong2025""]",novice,-0.2925362826267331,0.0865844516710568,0.7132075575256693,0.14593859435767523,109,0.12844036697247707
10620336,Kong2025 contest user 225542,"[""iiic_crowdsourcing:kong2025""]",novice,-0.6887544912282404,0.14002243139421072,0.41186668830120066,0.12923622838936127,104,0.04807692307692308
10620338,Kong2025 contest user 226265,"[""iiic_crowdsourcing:kong2025""]",other,0.16876797184372394,0.036659798805116516,1.5763059223084517,0.16095753504788554,114,0.21052631578947367
10620341,Kong2025 contest user 226689,"[""iiic_crowdsourcing:kong2025""]",novice,-0.008849396481440697,0.048618741210519865,0.9185988151935396,0.12327575040194799,188,0.20212765957446807
10620343,Kong2025 contest user 226839,"[""iiic_crowdsourcing:kong2025""]",novice,0.11566422331648958,0.03042241183972701,1.2855876174482428,0.10425216692292497,242,0.24380165289256198
10620344,Kong2025 contest user 226843,"[""iiic_crowdsourcing:kong2025""]",other,-0.0008665019765978269,0.0551466807938926,1.0888399464002076,0.14380982888027988,122,0.20491803278688525
10620347,Kong2025 contest user 227674,"[""iiic_crowdsourcing:kong2025""]",other,-1.5422806501140165,0.20479048544036918,-0.6370997797160299,0.10575731207278329,196,0.14285714285714285
10620349,Kong2025 contest user 227931,"[""iiic_crowdsourcing:kong2025""]",novice,-0.011330029616167048,0.025905355971013715,1.1722177385601074,0.0777921825095919,470,0.19361702127659575
10620351,Kong2025 contest user 228025,"[""iiic_crowdsourcing:kong2025""]",novice,-0.1931488665220819,0.061736304563345404,0.69094566459195,0.11068785717236032,195,0.14871794871794872
10620357,Kong2025 contest user 230123,"[""iiic_crowdsourcing:kong2025""]",novice,-0.041287744497932696,0.06477203608530496,1.0800400698960115,0.15552152728628305,100,0.19
10620363,Kong2025 contest user 231103,"[""iiic_crowdsourcing:kong2025""]",experienced,0.033781711374683804,0.04330927384745805,1.2658976008529257,0.13141528855488513,147,0.20408163265306123
10620364,Kong2025 contest user 231870,"[""iiic_crowdsourcing:kong2025""]",novice,0.25268028350659527,0.025345345782891486,1.833656172309895,0.14507576513335044,160,0.30625
10620366,Kong2025 contest user 231947,"[""iiic_crowdsourcing:kong2025""]",other,0.05517275496267025,0.054189902267806296,0.6443163351942065,0.13229801813831052,198,0.2676767676767677
10620367,Kong2025 contest user 233302,"[""iiic_crowdsourcing:kong2025""]",novice,-0.10509657096474348,0.07211906305002297,0.8456650904752191,0.15590540013826099,105,0.18095238095238095
10620371,Kong2025 contest user 233505,"[""iiic_crowdsourcing:kong2025""]",other,0.011975555687125347,0.020770354661003194,1.5002156756910563,0.0766489431151068,526,0.16539923954372623
10620373,Kong2025 contest user 233598,"[""iiic_crowdsourcing:kong2025""]",novice,0.10283557404367846,0.025078851476707194,1.2979445758593247,0.08652165966133114,369,0.22764227642276422
10620374,Kong2025 contest user 233869,"[""iiic_crowdsourcing:kong2025""]",novice,-0.015497036684070344,0.037572894362035154,1.0329878119734648,0.09756828742993932,277,0.17689530685920576
10620375,Kong2025 contest user 233881,"[""iiic_crowdsourcing:kong2025""]",other,0.20614609266475206,0.007453669061761375,1.6037400537750193,0.03540068296636285,2519,0.2691544263596665
10620376,Kong2025 contest user 233957,"[""iiic_crowdsourcing:kong2025""]",novice,-0.002703519267483933,0.04712968010383582,1.0305888619615322,0.12413548949178978,175,0.2
10620377,Kong2025 contest user 234113,"[""iiic_crowdsourcing:kong2025""]",other,-1.1895607318094337,0.19365233855118485,-0.0649011127651326,0.13090038866130424,108,0.07407407407407407
10620381,Kong2025 contest user 234288,"[""iiic_crowdsourcing:kong2025""]",novice,0.03088009883910725,0.058426731865420765,0.8511369240983472,0.15177569850077438,128,0.265625
10620382,Kong2025 contest user 234386,"[""iiic_crowdsourcing:kong2025""]",novice,0.1665037798140791,0.011489407161343175,2.147938829798446,0.0824867369010338,695,0.2460431654676259
10620392,Kong2025 contest user 235934,"[""iiic_crowdsourcing:kong2025""]",novice,0.020672701565890128,0.039540085817747136,1.3377491797443375,0.12355241715435664,160,0.21875
10620393,Kong2025 contest user 235945,"[""iiic_crowdsourcing:kong2025""]",novice,0.1408135439292443,0.027982659349122776,1.8316510515418247,0.1415511976995175,167,0.17365269461077845
10620394,Kong2025 contest user 236043,"[""iiic_crowdsourcing:kong2025""]",experienced,0.03812510822361534,0.0404348069892977,1.237242578272115,0.12166893610063362,170,0.22941176470588234
10620396,Kong2025 contest user 236256,"[""iiic_crowdsourcing:kong2025""]",novice,-0.07149755110463919,0.06246753689625456,0.8277065898179435,0.15039248857925014,123,0.23577235772357724
10620397,Kong2025 contest user 236481,"[""iiic_crowdsourcing:kong2025""]",other,0.0772131386045321,0.035920269424929666,0.9619124590685648,0.10335904227400047,290,0.2620689655172414
10620398,Kong2025 contest user 236560,"[""iiic_crowdsourcing:kong2025""]",novice,0.16160003865807482,0.02179624622619485,1.2664387648581257,0.08016764663856077,473,0.2832980972515856
10620403,Kong2025 contest user 237642,"[""iiic_crowdsourcing:kong2025""]",novice,0.11963223892311745,0.03612615562747921,1.8648047243411756,0.16420419106513226,122,0.12295081967213115
10620404,Kong2025 contest user 237949,"[""iiic_crowdsourcing:kong2025""]",other,-0.32344976539862114,0.08399794612124342,0.5168718080184742,0.12746224837769712,143,0.15384615384615385
10620407,Kong2025 contest user 238660,"[""iiic_crowdsourcing:kong2025""]",novice,0.0975271280125317,0.023198791678656686,1.6022676489789534,0.0928057851923533,338,0.23076923076923078
10620409,Kong2025 contest user 239241,"[""iiic_crowdsourcing:kong2025""]",novice,0.14277459490262606,0.012687906658878851,1.5892542660788238,0.05308474210933049,996,0.19979919678714858
10620410,Kong2025 contest user 239410,"[""iiic_crowdsourcing:kong2025""]",experienced,0.14231838373063366,0.0333363654461811,1.3870542292385486,0.12493702732544752,177,0.2598870056497175
10620413,Kong2025 contest user 240082,"[""iiic_crowdsourcing:kong2025""]",novice,0.2015364401476753,0.037103086039229474,1.3824323487510684,0.16607566146898867,125,0.28
10620419,Kong2025 contest user 241305,"[""iiic_crowdsourcing:kong2025""]",other,-0.04158281952357962,0.010697927432075939,1.361330395997751,0.03391486602429449,2525,0.15168316831683168
10620420,Kong2025 contest user 241595,"[""iiic_crowdsourcing:kong2025""]",other,0.12139877314517708,0.03887991438605594,1.0114649533128963,0.1220912360081146,213,0.27230046948356806
10620422,Kong2025 contest user 241770,"[""iiic_crowdsourcing:kong2025""]",other,0.11209450138648709,0.017504329222134237,1.209015674845178,0.05907902854023461,842,0.2589073634204275
10620425,Kong2025 contest user 242225,"[""iiic_crowdsourcing:kong2025""]",other,0.04565828074238608,0.043325483153616395,0.7669874597124182,0.11576768289818756,258,0.28294573643410853
10620426,Kong2025 contest user 242271,"[""iiic_crowdsourcing:kong2025""]",novice,0.1851822994749614,0.014635283393022195,1.460609813041975,0.06257997368838633,803,0.26650062266500624
10620432,Kong2025 contest user 242944,"[""iiic_crowdsourcing:kong2025""]",novice,0.06471157724394905,0.038228790200486994,1.2232300248077532,0.11655071573353531,198,0.2222222222222222
10620434,Kong2025 contest user 244200,"[""iiic_crowdsourcing:kong2025""]",novice,0.15606110643416207,0.0354681684566907,1.3520754825621168,0.1330421059773281,157,0.28662420382165604
10620436,Kong2025 contest user 245158,"[""iiic_crowdsourcing:kong2025""]",other,0.03331657697924115,0.02513662431153325,1.2234758565744055,0.0747270861571679,451,0.19290465631929046
10620438,Kong2025 contest user 245628,"[""iiic_crowdsourcing:kong2025""]",novice,0.21136074807368835,0.028832066819766633,1.5571845516996419,0.1283029117110323,178,0.2303370786516854
10620443,Kong2025 contest user 246466,"[""iiic_crowdsourcing:kong2025""]",novice,0.03974242995531724,0.04589779979306564,0.9820378229602462,0.12198291611574641,176,0.23295454545454544
10620446,Kong2025 contest user 247167,"[""iiic_crowdsourcing:kong2025""]",other,0.10442781182377407,0.026658502233937436,0.9778710923517014,0.07784710517415157,488,0.2540983606557377
10620447,Kong2025 contest user 247625,"[""iiic_crowdsourcing:kong2025""]",experienced,0.16200118368451916,0.025798089182959963,1.4962244636459165,0.10866181580509468,250,0.308
10620448,Kong2025 contest user 248859,"[""iiic_crowdsourcing:kong2025""]",other,0.12109575746521295,0.03004437701087846,2.3981553536174833,0.25400945851384565,105,0.19047619047619047
10620451,Kong2025 contest user 249143,"[""iiic_crowdsourcing:kong2025""]",other,-0.07627152401829142,0.029087800917762547,0.6677827822239012,0.06350370185226907,743,0.2234185733512786
10620453,Kong2025 contest user 249213,"[""iiic_crowdsourcing:kong2025""]",novice,0.10510030718262454,0.027918278508825264,1.2954743963574002,0.09322862310420481,331,0.19939577039274925
10620460,Kong2025 contest user 250027,"[""iiic_crowdsourcing:kong2025""]",novice,0.08036934884102608,0.02641889789268102,1.3408535937542303,0.09380904025333478,302,0.23841059602649006
10620461,Kong2025 contest user 250033,"[""iiic_crowdsourcing:kong2025""]",experienced,0.15118514702895922,0.03585935559501792,1.02906781572415,0.11589179273816375,239,0.3179916317991632
10620466,Kong2025 contest user 251531,"[""iiic_crowdsourcing:kong2025""]",other,-1.306781453545928,0.2847056685181401,-0.8265719693448437,0.16996504205713728,116,0.21551724137931033
10620469,Kong2025 contest user 251817,"[""iiic_crowdsourcing:kong2025""]",novice,0.0032854071692538364,0.030125661092367317,1.9326016445423735,0.167346152527236,170,0.17058823529411765
10620471,Kong2025 contest user 251970,"[""iiic_crowdsourcing:kong2025""]",other,0.06953311950395298,0.024948211947753176,1.4271614532532584,0.0920140166607873,346,0.19653179190751446
10620475,Kong2025 contest user 252347,"[""iiic_crowdsourcing:kong2025""]",novice,-0.2077849300717562,0.052225641918785926,1.0870108700170593,0.12028052887032989,195,0.10256410256410256
10620478,Kong2025 contest user 252998,"[""iiic_crowdsourcing:kong2025""]",other,0.041941025096679185,0.055995785547975296,1.0276000808410055,0.14705352404350575,117,0.17094017094017094
10620479,Kong2025 contest user 253170,"[""iiic_crowdsourcing:kong2025""]",novice,-0.01815563079562863,0.02706053343331032,1.5078696982606044,0.09294087371085834,358,0.12569832402234637
10620481,Kong2025 contest user 253328,"[""iiic_crowdsourcing:kong2025""]",experienced,0.14531279098031605,0.016656566090440448,1.4733391423266164,0.06959325006416835,633,0.25908372827804105
10620483,Kong2025 contest user 253509,"[""iiic_crowdsourcing:kong2025""]",novice,-0.6049466003960907,0.15644107192959777,-0.27013803934987374,0.14322884048438522,144,0.2152777777777778
10620485,Kong2025 contest user 253896,"[""iiic_crowdsourcing:kong2025""]",other,-0.13479025187125987,0.05291388285520947,1.008159152773607,0.12620207167808742,168,0.16071428571428573
10620486,Kong2025 contest user 254045,"[""iiic_crowdsourcing:kong2025""]",other,-0.7098300564763919,0.16449175134370508,-0.36661173371863537,0.14645174260058372,151,0.2251655629139073
10620487,Kong2025 contest user 254125,"[""iiic_crowdsourcing:kong2025""]",other,-0.5960819552518637,0.11133517867550514,0.15401094207831334,0.11697027002711172,157,0.14012738853503184
10620488,Kong2025 contest user 254284,"[""iiic_crowdsourcing:kong2025""]",other,-1.3906469383101878,0.17027840990442417,-0.27108154031018616,0.09722703035702296,191,0.08376963350785341
10620497,Kong2025 contest user 255245,"[""iiic_crowdsourcing:kong2025""]",other,0.08889320432229893,0.021317191591480922,1.5122513766815795,0.08623681134347133,410,0.22195121951219512
10620504,Kong2025 contest user 255831,"[""iiic_crowdsourcing:kong2025""]",experienced,0.12312895754845367,0.03024861544955352,1.794093992898974,0.13699906266153367,174,0.21839080459770116
10620508,Kong2025 contest user 257012,"[""iiic_crowdsourcing:kong2025""]",experienced,-0.5343965363556078,0.1361738933016549,0.05011096509599021,0.14079657851101496,117,0.1623931623931624
10620509,Kong2025 contest user 257015,"[""iiic_crowdsourcing:kong2025""]",novice,0.19388819237797866,0.017319462297088726,1.7137156565353677,0.08650845515163283,437,0.2929061784897025
10620511,Kong2025 contest user 257199,"[""iiic_crowdsourcing:kong2025""]",other,-0.22441612295060545,0.044757518730530695,1.078649157026383,0.09981528140870884,286,0.0979020979020979
10620513,Kong2025 contest user 257578,"[""iiic_crowdsourcing:kong2025""]",novice,0.11049731717422333,0.0666391684173128,0.7499582736250973,0.17047119102029112,112,0.29464285714285715
10620517,Kong2025 contest user 258295,"[""iiic_crowdsourcing:kong2025""]",novice,-0.034647424708939945,0.04451406200289434,1.02247459326816,0.11676586397965168,194,0.21649484536082475
10620519,Kong2025 contest user 258572,"[""iiic_crowdsourcing:kong2025""]",novice,0.1171859028088817,0.04540959038725786,1.3540368673126364,0.15833524310543343,105,0.23809523809523808
10620522,Kong2025 contest user 258939,"[""iiic_crowdsourcing:kong2025""]",novice,0.23632800000967305,0.06559229636118069,0.5593729091351909,0.1876267484821456,145,0.4
10620528,Kong2025 contest user 259508,"[""iiic_crowdsourcing:kong2025""]",novice,0.009929102121255707,0.04322723934438524,1.1425093321212751,0.13009187291003663,168,0.23809523809523808
10620529,Kong2025 contest user 259517,"[""iiic_crowdsourcing:kong2025""]",novice,0.18013563866410157,0.032366452224554254,1.4980131476237377,0.13962968540783613,152,0.2894736842105263
10620530,Kong2025 contest user 259541,"[""iiic_crowdsourcing:kong2025""]",other,-0.251327629158203,0.09274831521226445,-0.06958460376719384,0.12319693037268471,258,0.26356589147286824
10620531,Kong2025 contest user 259660,"[""iiic_crowdsourcing:kong2025""]",novice,-0.7639396647625474,0.17160649897089653,-0.7558853499559735,0.13775603120526886,270,0.2851851851851852
10620532,Kong2025 contest user 260058,"[""iiic_crowdsourcing:kong2025""]",other,0.15788730554648794,0.01643293406192573,1.5659661096388695,0.07077917586784063,599,0.2637729549248748
10620534,Kong2025 contest user 260272,"[""iiic_crowdsourcing:kong2025""]",novice,0.056605768307658844,0.030920310014484982,0.8972228743701689,0.08548759375713269,421,0.25415676959619954
10620535,Kong2025 contest user 260512,"[""iiic_crowdsourcing:kong2025""]",novice,-0.16939322680348204,0.0798680679157279,0.7797426779854583,0.14304122939069014,105,0.13333333333333333
10620536,Kong2025 contest user 260557,"[""iiic_crowdsourcing:kong2025""]",novice,0.1020751655411373,0.044543793992978545,0.818231416632838,0.12368327113889202,230,0.3
10620543,Kong2025 contest user 260949,"[""iiic_crowdsourcing:kong2025""]",experienced,-0.2953988738439026,0.09606123702714782,0.23980930717744237,0.1326111046616692,155,0.1935483870967742
10620545,Kong2025 contest user 261196,"[""iiic_crowdsourcing:kong2025""]",novice,0.05630479321263254,0.03354872110767797,1.6279650209454957,0.13052196968287663,166,0.15060240963855423
10620547,Kong2025 contest user 261915,"[""iiic_crowdsourcing:kong2025""]",other,0.18447250074890273,0.04933654748106601,0.9917587966730387,0.16219509081540495,129,0.3178294573643411
10620552,Kong2025 contest user 265933,"[""iiic_crowdsourcing:kong2025""]",experienced,0.16279814053801023,0.020061348249558106,2.44436695025269,0.19195079172114934,192,0.1875
10620553,Kong2025 contest user 267575,"[""iiic_crowdsourcing:kong2025""]",novice,0.16941607353265842,0.03249651294836667,1.7007344793083523,0.15077791876126362,142,0.23943661971830985
10620554,Kong2025 contest user 267892,"[""iiic_crowdsourcing:kong2025""]",novice,0.26900975591902054,0.01767506704952718,1.2866699010485652,0.07623793632333098,642,0.308411214953271
10620555,Kong2025 contest user 268555,"[""iiic_crowdsourcing:kong2025""]",other,0.17264805645576753,0.020501802898525528,1.2025443164157905,0.07066482126284164,583,0.28987993138936535
10620556,Kong2025 contest user 268698,"[""iiic_crowdsourcing:kong2025""]",novice,-0.017672518090768845,0.04092223858707476,1.1383583939773159,0.11186136423442593,207,0.18357487922705315
10620557,Kong2025 contest user 268777,"[""iiic_crowdsourcing:kong2025""]",experienced,0.11561752992167246,0.025096218385765486,1.1195085437487255,0.07833233185812473,469,0.21961620469083157
10620560,Kong2025 contest user 269835,"[""iiic_crowdsourcing:kong2025""]",novice,-0.7865730507109591,0.13382649612033978,0.36469210665861174,0.11498965458682711,137,0.043795620437956206
10620561,Kong2025 contest user 270173,"[""iiic_crowdsourcing:kong2025""]",novice,-0.1404866620481379,0.06935136225038654,0.8721734158405984,0.1433904571273864,118,0.1440677966101695
10620563,Kong2025 contest user 270675,"[""iiic_crowdsourcing:kong2025""]",novice,-0.3488729561756794,0.09208530568412301,0.9220115177452097,0.15485497774048784,104,0.0673076923076923
10620566,Kong2025 contest user 271230,"[""iiic_crowdsourcing:kong2025""]",novice,0.08883124650092988,0.032402399258056686,1.404731226349269,0.11429936177017586,219,0.1917808219178082
10620567,Kong2025 contest user 271329,"[""iiic_crowdsourcing:kong2025""]",novice,0.0027891660783468334,0.050907380741909286,1.1456614353160959,0.1364039248728664,131,0.16030534351145037
10620569,Kong2025 contest user 271478,"[""iiic_crowdsourcing:kong2025""]",other,0.10590051497136008,0.0533621040381364,0.7886527111284272,0.13980408384645177,169,0.26627218934911245
10620572,Kong2025 contest user 272178,"[""iiic_crowdsourcing:kong2025""]",novice,0.17379840845141795,0.029068306708916348,1.5832024128112896,0.11918659338893106,209,0.17703349282296652
10620573,Kong2025 contest user 272892,"[""iiic_crowdsourcing:kong2025""]",experienced,0.059910857482646865,0.0379950396520677,1.3141048206479953,0.11858376472327693,170,0.17647058823529413
10620574,Kong2025 contest user 273023,"[""iiic_crowdsourcing:kong2025""]",experienced,-0.5152406226015874,0.11317857266349665,-0.31555087458182696,0.11009758556566367,287,0.24041811846689895
10620578,Kong2025 contest user 273520,"[""iiic_crowdsourcing:kong2025""]",novice,0.03694257817126704,0.029541515440160683,1.242702848730505,0.09134915970883634,324,0.18518518518518517
10620579,Kong2025 contest user 273592,"[""iiic_crowdsourcing:kong2025""]",novice,-0.19969673219409523,0.07483473356997682,0.9682498964132812,0.15322011083189768,107,0.102803738317757
10620580,Kong2025 contest user 273766,"[""iiic_crowdsourcing:kong2025""]",novice,-0.001196172727755499,0.03459668720556631,1.0298240619159291,0.08818961284275674,336,0.18154761904761904
10620587,Kong2025 contest user 274798,"[""iiic_crowdsourcing:kong2025""]",other,-0.2901810460546054,0.08974267959442055,0.4404757803965895,0.13392311155293557,135,0.16296296296296298
10620588,Kong2025 contest user 275058,"[""iiic_crowdsourcing:kong2025""]",other,-0.014710210359390127,0.04618349431010457,1.1824384487444237,0.12060478842418336,170,0.1411764705882353
10620590,Kong2025 contest user 275649,"[""iiic_crowdsourcing:kong2025""]",experienced,0.20963237119452277,0.014424591205843738,1.81948426603434,0.07885282263061509,536,0.21641791044776118
10620591,Kong2025 contest user 275689,"[""iiic_crowdsourcing:kong2025""]",novice,-0.21283327342818892,0.06976531494878603,0.4763751139487436,0.11084647085203675,208,0.17307692307692307
10620596,Kong2025 contest user 276615,"[""iiic_crowdsourcing:kong2025""]",novice,-1.2772889265567762,0.19830510645197022,-0.2736859654262246,0.11794465545757447,133,0.09022556390977443
10620597,Kong2025 contest user 277293,"[""iiic_crowdsourcing:kong2025""]",novice,0.08070831984231541,0.037429898747798826,1.2781848434138332,0.12183291738162397,187,0.18181818181818182
10620599,Kong2025 contest user 277717,"[""iiic_crowdsourcing:kong2025""]",novice,0.15265469978467697,0.02492803832904879,1.7416817489675827,0.11863330030472027,218,0.1926605504587156
10620600,Kong2025 contest user 277981,"[""iiic_crowdsourcing:kong2025""]",novice,0.12623316309273502,0.03694826858079687,1.5819021544093417,0.1394478041029438,137,0.1678832116788321
10620604,Kong2025 contest user 279880,"[""iiic_crowdsourcing:kong2025""]",other,0.1569954899324193,0.04336884506908282,1.4971028882910482,0.15236737956561242,110,0.21818181818181817
10620606,Kong2025 contest user 280445,"[""iiic_crowdsourcing:kong2025""]",experienced,0.08434926548985014,0.024931783218718532,1.344471263919307,0.08237342490068092,389,0.17737789203084833
10620611,Kong2025 contest user 281023,"[""iiic_crowdsourcing:kong2025""]",other,-0.16672286036696046,0.06981232130417295,0.5810184485993346,0.1255023006496357,162,0.18518518518518517
10620612,Kong2025 contest user 281174,"[""iiic_crowdsourcing:kong2025""]",novice,0.14012536590440536,0.021357177684299133,1.6777490638779882,0.09570119500025559,337,0.20474777448071216
10620618,Kong2025 contest user 281837,"[""iiic_crowdsourcing:kong2025""]",other,-0.26570452200787165,0.09886608355119807,0.5488431034134148,0.15683556816350577,100,0.15
10620627,Kong2025 contest user 283055,"[""iiic_crowdsourcing:kong2025""]",novice,-0.10454608428568277,0.06886033405465526,1.2228558197857309,0.15842723032166012,108,0.07407407407407407
10620648,Kong2025 contest user 284804,"[""iiic_crowdsourcing:kong2025""]",other,0.030294801310795254,0.04478463826541723,1.38967237137868,0.14268958972834558,133,0.16541353383458646
10620652,Kong2025 contest user 285150,"[""iiic_crowdsourcing:kong2025""]",novice,0.06345080895488307,0.04119940511177058,1.651697035274682,0.16082572949938045,121,0.1322314049586777
10620653,Kong2025 contest user 285180,"[""iiic_crowdsourcing:kong2025""]",novice,0.06807970593849516,0.024345431628914303,1.5075386586319346,0.08731927544545155,384,0.1640625
10620661,Kong2025 contest user 285746,"[""iiic_crowdsourcing:kong2025""]",novice,0.17876965505938536,0.038940694380332506,1.2991249627825354,0.1500785808026935,140,0.25
10620674,Kong2025 contest user 286799,"[""iiic_crowdsourcing:kong2025""]",other,0.07527840360483586,0.024703683869890698,1.069111338108652,0.0700486127813246,565,0.1929203539823009
10620683,Kong2025 contest user 287522,"[""iiic_crowdsourcing:kong2025""]",novice,0.04633711389211498,0.043500567406799646,1.3461462506301007,0.13605677143519126,141,0.18439716312056736
10620700,Kong2025 contest user 291464,"[""iiic_crowdsourcing:kong2025""]",novice,0.008175034320303615,0.1357795597028834,-0.007558834165663401,0.22451718110044894,100,0.33
10620701,Kong2025 contest user 292079,"[""iiic_crowdsourcing:kong2025""]",other,-0.12698281320782992,0.09699120470820419,0.45973921231296777,0.16640866418678735,101,0.19801980198019803
10620717,Kong2025 contest user 296373,"[""iiic_crowdsourcing:kong2025""]",experienced,0.14310686572700848,0.014455605647154854,1.6573279551030138,0.06390531538093946,775,0.20258064516129032
10620718,Kong2025 contest user 296512,"[""iiic_crowdsourcing:kong2025""]",novice,-0.3297504857217774,0.09267993162175865,0.4045242973685205,0.12486682046470785,149,0.1476510067114094
10620722,Kong2025 contest user 297052,"[""iiic_crowdsourcing:kong2025""]",experienced,0.057284435584742534,0.040694252044067424,1.2871049527545109,0.12325661080656994,158,0.17088607594936708
10620736,Kong2025 contest user 300639,"[""iiic_crowdsourcing:kong2025""]",experienced,0.18811154139347747,0.0386966159204076,1.4908066276554384,0.16330079273299464,117,0.2564102564102564
10620737,Kong2025 contest user 301336,"[""iiic_crowdsourcing:kong2025""]",novice,-0.040532982220372826,0.056478860485516584,0.9676581309652499,0.13325040508349953,140,0.17142857142857143
10620740,Kong2025 contest user 302475,"[""iiic_crowdsourcing:kong2025""]",novice,0.15623834520278249,0.02549160374483226,1.3776143973885486,0.09706362694269716,325,0.23384615384615384
10620756,Kong2025 contest user 305676,"[""iiic_crowdsourcing:kong2025""]",other,0.07261453169677014,0.040068019673235866,1.2812655428882493,0.12321751135439657,186,0.1881720430107527
10620758,Kong2025 contest user 305949,"[""iiic_crowdsourcing:kong2025""]",novice,-0.1582259904692923,0.05816442943274566,0.6931563960054012,0.1093305711227363,213,0.1643192488262911
10620759,Kong2025 contest user 306333,"[""iiic_crowdsourcing:kong2025""]",novice,0.050950659152568266,0.030000377853822147,1.1857586463441687,0.08792736873477362,341,0.17595307917888564
10620776,Kong2025 contest user 310295,"[""iiic_crowdsourcing:kong2025""]",other,0.16568191864412374,0.04093210602220176,1.419636711094128,0.14879562611145786,120,0.20833333333333334
10620790,Kong2025 contest user 312680,"[""iiic_crowdsourcing:kong2025""]",novice,0.22005288395420664,0.011075326808967105,1.7074939748682298,0.05539644878693466,1010,0.23663366336633662
10620792,Kong2025 contest user 314139,"[""iiic_crowdsourcing:kong2025""]",novice,-0.016327669467607674,0.038614348229237046,1.3497229772053492,0.11997301548302262,194,0.12886597938144329
10620801,Kong2025 contest user 316933,"[""iiic_crowdsourcing:kong2025""]",novice,0.21541738299015306,0.09486322703680394,0.2960934268800805,0.2164172455801925,114,0.3684210526315789
10620805,Kong2025 contest user 317244,"[""iiic_crowdsourcing:kong2025""]",other,-0.38555166494485577,0.21298203452392364,-0.5668069225248926,0.21042955235126642,118,0.2966101694915254
10620813,Kong2025 contest user 320402,"[""iiic_crowdsourcing:kong2025""]",novice,-1.6145071219243103,0.18469297835245344,-0.5068543974615718,0.09103454213471915,225,0.10222222222222223
10620814,Kong2025 contest user 320705,"[""iiic_crowdsourcing:kong2025""]",novice,-0.0732674285759435,0.05927665535329707,0.5373599259413456,0.10488923503867284,244,0.1885245901639344
