rater_id,canonical_name,groups,expertise_level,t_mean,t_sd,ell_mean,ell_sd,n_labels,pos_rate
0,Aaron F. Struck,"[""Bonobo"", ""profiler_iiic"", ""sparcnet50K"", ""iiic_crowdsourcing:kong2025""]",expert,0.5153882085857896,0.0036086032807967914,1.8824705176311358,0.015644145909737252,17384,0.034917165209387944
5,Alice Lam,"[""Super8"", ""sparcnet50K""]",expert,0.7045037155814506,0.015189839138837782,2.6930665085799803,0.11459496313835263,418,0.050239234449760764
6,Aline Herlopian,"[""Super8"", ""sparcnet50K""]",expert,0.4318452200671355,0.0049411589500924415,1.660335369783861,0.015181537768739624,16831,0.026142237537876537
8,Ammar Kheder,"[""sparcnet50K""]",expert,0.6395861674235238,0.02598853591819711,2.423175547262848,0.163628418215217,205,0.03902439024390244
10,Andres Rodriguez,"[""sparcnet50K"", ""iiic_crowdsourcing:kong2025""]",expert,0.4069181596917827,0.012728908583922203,1.5471412502570954,0.034191889350671786,3324,0.023465703971119134
16,Arcot Jayagopal Lakshman Narain,"[""sparcnet50K""]",expert,0.6731504085155926,0.002304236453100133,2.6007014760259373,0.02992782392620249,6259,0.11263780156574532
20,Brian Appavu,"[""sparcnet50K""]",expert,0.6058285863583832,0.0035543535501049678,1.9499071023375845,0.020643592317372044,9800,0.07275510204081632
22,Carlos Muniz,"[""sparcnet50K""]",expert,0.5172899252994546,0.026005386604228145,2.0626750294663103,0.08741777305049338,767,0.007822685788787484
26,Christa Swisher,"[""sparcnet50K""]",expert,0.5740833765057521,0.007192383063661516,2.226319779990626,0.04301444411715722,3804,0.02260778128286015
29,Christopher McGraw,"[""sparcnet50K""]",expert,0.6593886924694836,0.0359647031781254,2.370872214735453,0.18773787156984517,117,0.042735042735042736
38,Deepti Zutshi,"[""sparcnet50K""]",expert,0.7337882148315925,0.006285938184904577,3.0,0.1161599971019704,518,0.08301158301158301
39,Deirdre O''Rourke,"[""sparcnet50K""]",expert,0.7086562469657206,0.013648651805630851,2.8310304818661267,0.15096128465549044,314,0.05732484076433121
40,Diego Carvalho,"[""sparcnet50K""]",expert,0.6578884707497596,0.015893792572082354,2.581643867213605,0.11211062254557895,567,0.02821869488536155
42,Eddy Amorim,"[""sparcnet50K""]",expert,0.5641425102170963,0.021350630396786995,2.0144043285251625,0.08255776238934787,515,0.03300970873786408
43,Eliezer Sternberg,"[""sparcnet50K""]",expert,0.6656277534586506,0.019989380725045188,2.568931236136492,0.1352912271581938,339,0.038348082595870206
46,Emily Gilmore,"[""sparcnet50K""]",expert,0.5270776610783274,0.009763828013245275,1.7885351748740814,0.041151154922664315,2266,0.04677846425419241
47,Emily Johnson,"[""sparcnet50K""]",expert,0.7186800106305538,0.002383236541669826,2.215013935352987,0.023391238867671138,9864,0.14568126520681265
49,Eric S. Rosenthal,"[""sparcnet50K""]",expert,0.6581942547408689,0.005579952000301068,2.1621441153996757,0.03743470237443324,2712,0.09918879056047197
55,Fabio A. Nascimento,"[""Bonobo"", ""iiic_crowdsourcing:kong2025""]",expert,0.6547282271929177,0.007320723862700555,2.2107076022853205,0.061094003349986124,1036,0.1361003861003861
57,Fonda Chan,"[""sparcnet50K""]",expert,0.6895077794603962,0.011175448433002697,2.843779114078042,0.1348633186013334,655,0.06259541984732825
60,Gamal Osman,"[""Bonobo"", ""sparcnet50K""]",expert,0.1826128745562946,0.010958467834647026,1.0873292509090453,0.01714486531964349,8844,0.025214834916327453
63,Gireesh Elakkat,"[""sparcnet50K""]",expert,0.7079548896984701,0.018823412756358796,2.152561193624537,0.15635930324001396,198,0.11616161616161616
66,Hiba A. Haider,"[""Bonobo"", ""sparcnet50K""]",expert,0.5990911632676523,0.004670594567372321,2.1689111581259777,0.030839904256759188,5818,0.04726710209694053
67,Holmes Manisha,"[""sparcnet50K""]",expert,0.4813314927817262,0.014467645141859112,1.7387111755761766,0.05056986698719588,1372,0.03134110787172012
69,Illya Tolokh,"[""sparcnet50K""]",expert,0.7108068220892662,0.011772565386333747,2.9022623904352605,0.1265061183009561,571,0.03502626970227671
70,Ioannis Karakis,"[""Super8"", ""sparcnet50K""]",expert,0.644934606599265,0.0023662644624446423,2.0350486582366516,0.01585978073845876,16531,0.09473111124553868
72,Jay Pathmanathan,"[""sparcnet50K""]",expert,0.7104474602078179,0.0073101517251509505,2.2213282730850428,0.07153746519823674,1001,0.16583416583416583
73,Jenn Kim,"[""New28"", ""sparcnet50K""]",experienced,0.4550631238244261,0.008292884734874877,1.7420928743359945,0.028441411053411473,5452,0.02457813646368305
74,Jennifer William,"[""sparcnet50K""]",expert,0.6769455552821844,0.010484426786812337,2.548401364469551,0.06492509050914501,1237,0.0274858528698464
76,Ji Yeoun Yoo,"[""Bonobo"", ""sparcnet50K""]",expert,0.25314337098751954,0.024270352483737597,1.123962443411849,0.04018837483898836,1474,0.029172320217096336
77,Jimmy Yang,"[""sparcnet50K""]",experienced,0.6867880136447959,0.023768141479758257,2.885540928106928,0.23365309206185364,377,0.013262599469496022
78,Jin Jing,"[""New28"", ""sparcnet50K"", ""iiic_crowdsourcing:kong2025""]",experienced,0.6992137660068605,0.0015145335518080573,2.7437586163352514,0.017770485546157448,20084,0.08115913164708226
79,Jonathan J. Halford,"[""Super8"", ""sparcnet50K""]",expert,0.6501169710855902,0.0028861652832481576,1.840174808507649,0.016099470460456188,13143,0.11565091683786045
80,Jong Woo Lee,"[""sparcnet50K"", ""iiic_crowdsourcing:kong2025""]",expert,0.631515786109807,0.005620308410159085,2.2812031314036743,0.04460404631734721,3066,0.055446836268754074
84,Karan Poddar,"[""sparcnet50K""]",experienced,0.6683394723070052,0.01712025987542644,3.0,0.31653426782608507,541,0.018484288354898338
90,Lidia Moura,"[""sparcnet50K""]",expert,0.7047532627744991,0.016195310433990633,2.7834029494850934,0.16740457114607607,237,0.1308016877637131
97,M. Brandon Westover,"[""Super8"", ""profiler_iiic"", ""sparcnet50K"", ""iiic_crowdsourcing:kong2025""]",expert,0.6840304113113772,0.001061461227516586,2.7219237729318033,0.014450419548724504,37800,0.0866931216931217
98,Mackenzie C. Cervenka,"[""sparcnet50K""]",expert,0.7478627899577059,0.0030229477191595568,2.46558956799959,0.04128314952843963,3394,0.20182675309369474
100,Marcus Ng,"[""Super8"", ""sparcnet50K""]",expert,0.7095256867047719,0.0018477502907460186,2.457160439927692,0.021139159915417968,12965,0.1280370227535673
101,Marjan Dolatshahi,"[""sparcnet50K""]",expert,0.4495373240285935,0.031123577497370276,1.9012875456926224,0.08131615500595343,902,0.009977827050997782
108,Michael Ho,"[""sparcnet50K""]",expert,0.609330338918929,0.027132162605409075,2.2406030191852198,0.13291512538598102,226,0.02654867256637168
109,Mo Shafi,"[""New28"", ""sparcnet50K""]",expert,0.692619943987007,0.012206381385761175,2.406821741414055,0.11730055791007149,340,0.10588235294117647
110,Mohammad Tabaeizadeh F.,"[""sparcnet50K""]",expert,0.2999474919758518,0.01584168832970893,1.2794259654244193,0.030897751644536085,2663,0.03191888847164852
112,Monica Dhakar,"[""sparcnet50K""]",expert,0.439193490639387,0.00829074374874307,1.7496654617499734,0.027543859369049118,6484,0.01974090067859346
114,Neishay Ayub,"[""sparcnet50K""]",expert,0.7162965694775912,0.0128157396288605,2.888602401692601,0.1328883135098869,483,0.035196687370600416
115,Nicolas Gaspard,"[""sparcnet50K""]",expert,0.5858695222789777,0.006291801789997253,2.0599319084354706,0.03860714810431004,3535,0.05431400282885431
120,Olga Taraschenko,"[""Bonobo"", ""sparcnet50K""]",expert,0.7102908794009003,0.002525770629990289,2.3289441477984067,0.0301741901266261,6256,0.17679028132992328
125,Peter Kaplan,"[""New28"", ""sparcnet50K""]",expert,0.5011506381848377,0.005629814562097136,1.7198116088069149,0.02203500884342687,6781,0.05131986432679546
126,Peter Wrigley,"[""sparcnet50K""]",novice,0.6948731612422409,0.013768488772248485,2.893733797766453,0.14858130391246413,724,0.019337016574585635
175,Rani Sarkis,"[""New28"", ""sparcnet50K""]",expert,0.6676815287438002,0.002748248147443813,2.2145312981155163,0.024764088988967224,8938,0.10337883195345715
176,Rodrigo Zepeda,"[""sparcnet50K""]",expert,0.5339717477850457,0.025854225844637986,2.2239746129077367,0.12526452968225343,588,0.013605442176870748
180,Sahar Zafar,"[""New28"", ""profiler_iiic"", ""sparcnet50K""]",expert,0.5645740910307327,0.004275076102204676,1.9819379021161014,0.022992831592324802,7725,0.059676375404530746
182,Sameen Jafari,"[""sparcnet50K""]",expert,0.7188422499714486,0.011869596341795985,3.0,0.21543780532110438,472,0.04449152542372881
184,Sandipan Pati,"[""sparcnet50K""]",expert,0.6879704641059208,0.016516951029029833,2.7295465463359525,0.1603472141062247,287,0.09059233449477352
185,Sarah Schmitt,"[""Bonobo"", ""sparcnet50K""]",expert,0.5969685623929281,0.005076062959844021,2.08154671618799,0.0293889074526487,5950,0.038487394957983194
192,Sue Herman,"[""sparcnet50K""]",expert,0.6737136789985056,0.006517830189309781,2.4201057153535683,0.06690442406925717,1333,0.09827456864216054
202,Yuan Fan,"[""sparcnet50K""]",expert,0.30796223709869985,0.05980791493725986,1.400286927880195,0.1110092989292663,215,0.023255813953488372
204,Zubeda Sheikh,"[""Bonobo"", ""sparcnet50K""]",expert,0.6087516708053378,0.003661892502798386,2.119925875031925,0.02643213500666939,6259,0.07892634606167119
10007884,centaur_7884,"[""Centaur"", ""iiic_crowdsourcing:kong2025""]",novice,0.19873189227093294,0.11674663089734051,-0.14177194593967848,0.1505320872008526,185,0.2648648648648649
10043096,centaur_43096,"[""Centaur"", ""iiic_crowdsourcing:kong2025""]",novice,-1.1356668801229106,0.13643352383183643,-0.10960867907261035,0.06745080774484606,428,0.030373831775700934
10044529,centaur_44529,"[""Centaur"", ""iiic_crowdsourcing:kong2025""]",borderline,0.6688046818187008,0.005058553601207905,1.9361994394153765,0.035947997605592544,2842,0.16432090077410275
10046967,centaur_46967,"[""Centaur"", ""iiic_crowdsourcing:kong2025""]",expert,-0.5895570058198424,0.11104140506188083,-0.12346681762573225,0.07481590892585989,330,0.09393939393939393
10065588,centaur_65588,"[""Centaur"", ""iiic_crowdsourcing:kong2025""]",unknown,0.7198849422672754,0.0018027611097501978,2.3012204580541287,0.01839746540459716,11673,0.2112567463377024
10065621,centaur_65621,"[""Centaur"", ""iiic_crowdsourcing:kong2025""]",unknown,0.5291355404658172,0.04269018433047015,1.173646192724844,0.14637805739094517,140,0.17142857142857143
10069061,centaur_69061,"[""Centaur"", ""iiic_crowdsourcing:kong2025""]",borderline,0.5758670016274808,0.010328018151252444,1.4520796375507161,0.04309973096641412,1682,0.13733650416171225
10075969,centaur_75969,"[""Centaur""]",novice,-0.3952366938405259,0.08089411713802983,0.003931742674159002,0.06077423933590815,523,0.08795411089866156
10112839,centaur_112839,"[""Centaur"", ""iiic_crowdsourcing:kong2025""]",expert,-0.8429773589259277,0.15824337566651409,-0.42089757757826124,0.08697833796409489,257,0.11284046692607004
10123180,centaur_123180,"[""Centaur""]",unknown,0.6858785018240869,0.004071998317024533,3.0,0.07543589998932122,1248,0.1330128205128205
10123559,centaur_123559,"[""Centaur"", ""iiic_crowdsourcing:kong2025""]",novice,-2.343689056357106,0.07109329426833823,-0.40155856317088895,0.0221030953422518,4907,0.013857754228652945
10127225,centaur_127225,"[""Centaur"", ""iiic_crowdsourcing:kong2025""]",unknown,0.20299467587733075,0.09895994874973184,0.05789285127930375,0.12225043721152418,201,0.20398009950248755
10131059,centaur_131059,"[""Centaur"", ""iiic_crowdsourcing:kong2025""]",unknown,0.7093876752135024,0.003639729996765846,2.7601269489580886,0.053139615349353776,1844,0.16919739696312364
10132535,centaur_132535,"[""Centaur""]",novice,-1.144711075899379,0.215131411650015,-0.28521857095341135,0.10576109776564532,155,0.05161290322580645
10139516,centaur_139516,"[""Centaur"", ""iiic_crowdsourcing:kong2025""]",unknown,-0.6658900569692119,0.20681152371496428,-0.5407466081097291,0.12500548470970405,153,0.16339869281045752
10147908,centaur_147908,"[""Centaur"", ""iiic_crowdsourcing:kong2025""]",unknown,-1.1866190946627782,0.2149637746463527,-0.6384720169941953,0.10503050341846855,186,0.12903225806451613
10154419,centaur_154419,"[""Centaur""]",novice,-0.23901807249546603,0.07987135551449692,0.03239609260638102,0.0649658521730496,468,0.10042735042735043
10159195,centaur_159195,"[""Centaur"", ""iiic_crowdsourcing:kong2025""]",novice,-0.2081723264208192,0.1331062604416564,-0.15113998966657236,0.11215595298222471,189,0.15343915343915343
10187180,centaur_187180,"[""Centaur""]",novice,-0.14871887037033404,0.030546045531324312,0.11835943339724495,0.028485090461679005,2580,0.1127906976744186
10191971,centaur_191971,"[""Centaur""]",borderline,-0.14731549298395102,0.06483531876834436,0.16998281425789175,0.06022685294673546,561,0.09803921568627451
10195961,centaur_195961,"[""Centaur"", ""iiic_crowdsourcing:kong2025""]",novice,-0.7208435669800245,0.08595848128802515,-0.27327054595092676,0.05254967868790031,693,0.10678210678210678
10202841,centaur_202841,"[""Centaur"", ""iiic_crowdsourcing:kong2025""]",unknown,-0.5691526094809051,0.06707771465890205,-0.2915158074561139,0.043343065846349435,1087,0.12603495860165592
10226864,centaur_226864,"[""Centaur"", ""iiic_crowdsourcing:kong2025""]",unknown,0.2557840354236828,0.06691811297717612,-0.028542007947760913,0.08709673789571197,482,0.24066390041493776
10235741,centaur_235741,"[""Centaur"", ""iiic_crowdsourcing:kong2025""]",unknown,-0.1012415096818097,0.09289298902119762,-0.08435990354666373,0.0882541551954948,322,0.17080745341614906
10242033,centaur_242033,"[""Centaur"", ""iiic_crowdsourcing:kong2025""]",unknown,-0.5113303739884257,0.15799478701544795,-0.5407989597143866,0.10603366503762046,247,0.19433198380566802
10242375,centaur_242375,"[""Centaur"", ""iiic_crowdsourcing:kong2025""]",unknown,-0.5667548288771771,0.17901895992580044,-0.359252614244906,0.11750773333658761,156,0.14102564102564102
10260963,centaur_260963,"[""Centaur"", ""iiic_crowdsourcing:kong2025""]",unknown,-0.6660689271368487,0.21468907353088745,-0.023537557014843197,0.1346851112487431,102,0.049019607843137254
10262204,centaur_262204,"[""Centaur"", ""iiic_crowdsourcing:kong2025""]",novice,-1.3580250426549367,0.12663159964466716,-0.45763360807212433,0.05569166707782508,558,0.07168458781362007
10268686,centaur_268686,"[""Centaur""]",unknown,0.6327928490478755,0.0342127899666286,1.240007681143805,0.14657726057023104,200,0.195
10268689,centaur_268689,"[""Centaur""]",unknown,0.5908726681310976,0.025966557461385008,1.1910501056037721,0.10179337070836122,381,0.1837270341207349
10273445,centaur_273445,"[""Centaur""]",unknown,0.7186827144632877,0.017065127626145586,2.5247972667276963,0.19639967247419024,116,0.19827586206896552
10274523,centaur_274523,"[""Centaur"", ""iiic_crowdsourcing:kong2025""]",unknown,-1.1804015450680874,0.17730274230420673,-0.7076945626282615,0.08384272879824575,307,0.14332247557003258
10277850,centaur_277850,"[""Centaur""]",unknown,0.7868814893678785,0.09483875685676926,-0.05082553388994598,0.22695963128098864,206,0.42718446601941745
10280197,centaur_280197,"[""Centaur"", ""iiic_crowdsourcing:kong2025""]",unknown,-0.8808794537441479,0.1522022686174403,-0.3049008221723924,0.08427160952387217,254,0.08661417322834646
10282558,centaur_282558,"[""Centaur"", ""iiic_crowdsourcing:kong2025""]",borderline,0.6948110632830887,0.0017884156556555474,2.900426994432251,0.030587916967896176,6313,0.1679074924758435
10292444,centaur_292444,"[""Centaur""]",unknown,-0.22417533318556754,0.12157647909409543,-0.27945747088684786,0.09718808099505864,266,0.17669172932330826
10295478,centaur_295478,"[""Centaur""]",unknown,-0.43585506615213393,0.18065097658382723,-0.2463364760366033,0.12942249750964216,125,0.136
10295624,centaur_295624,"[""Centaur""]",unknown,-0.16604174201596777,0.10365744549422114,0.24067513068850818,0.09575060029895624,213,0.07981220657276995
10296241,centaur_296241,"[""Centaur"", ""iiic_crowdsourcing:kong2025""]",unknown,0.09850430475475382,0.033386368555159314,0.27238094075193864,0.04076658695322604,1437,0.13917884481558804
10299374,centaur_299374,"[""Centaur""]",novice,0.6968705560419173,0.002818639986816713,2.7326344840454646,0.04309520845293954,2945,0.17181663837011885
10299866,centaur_299866,"[""Centaur"", ""iiic_crowdsourcing:kong2025""]",unknown,-0.10661107687990239,0.07342979301614445,-0.02319123996605341,0.07036276311041223,488,0.1557377049180328
10316516,centaur_316516,"[""Centaur"", ""iiic_crowdsourcing:kong2025""]",expert,-0.6641833462885994,0.17104245466592854,-0.27756394611704077,0.10594490554638854,171,0.10526315789473684
10323079,centaur_323079,"[""Centaur""]",unknown,-0.35285543811541226,0.14096999178791436,-0.027607539899883852,0.11211802965967069,158,0.10759493670886076
10335323,centaur_335323,"[""Centaur""]",unknown,-0.2987513174745752,0.15605847168568787,0.26138082797049234,0.13202040340547208,109,0.05504587155963303
10343797,centaur_343797,"[""Centaur""]",unknown,-0.0541708043936268,0.10704546340127478,0.16856418362111883,0.10863523890619776,183,0.12021857923497267
10357322,centaur_357322,"[""Centaur""]",unknown,0.12032831139600389,0.1028839038432272,0.12443368799481395,0.11781738101466493,180,0.16666666666666666
10358060,centaur_358060,"[""Centaur""]",expert,0.7007261307210255,0.0028846154483497767,2.3737483016381224,0.03352780253863125,4443,0.19401305424262885
10363653,centaur_363653,"[""Centaur""]",unknown,0.5750281824931182,0.030214444616721473,1.0120101440611942,0.09443896832126987,409,0.1784841075794621
10363949,centaur_363949,"[""Centaur""]",unknown,0.5141501966745176,0.01912255318669353,1.4385082506289593,0.06983026428971761,661,0.09379727685325265
10364505,centaur_364505,"[""Centaur""]",novice,-0.38007641638469264,0.14712372741349983,0.34469749407308375,0.11982082359128679,145,0.034482758620689655
10381562,centaur_381562,"[""Centaur""]",unknown,0.5299779679559206,0.024696234106106676,1.337394144622395,0.08945553550304249,420,0.11666666666666667
10382225,centaur_382225,"[""Centaur""]",novice,0.1463841533159613,0.08109226248598261,0.6801032119320732,0.11487233148739201,178,0.06741573033707865
10383439,centaur_383439,"[""Centaur""]",unknown,-0.003182898276921516,0.12898259606066995,-0.08211646243150486,0.12781012809221176,159,0.18238993710691823
10388028,centaur_388028,"[""Centaur""]",novice,0.6006146065905729,0.010371622872084237,1.818248046123984,0.06197931716554076,1077,0.11606313834726091
10393526,centaur_393526,"[""Centaur""]",unknown,0.578931949897777,0.034729121862919564,1.2883090204373377,0.13639839656669067,198,0.15656565656565657
10395045,centaur_395045,"[""Centaur""]",unknown,0.5085691137083741,0.0271206783763969,1.5380378728087403,0.10116308724370925,331,0.07250755287009064
10406335,centaur_406335,"[""Centaur""]",novice,-0.6508856137266846,0.19053175694899607,-0.037322968736555565,0.12130832135132937,124,0.056451612903225805
10410661,centaur_410661,"[""Centaur""]",novice,0.28526681308424956,0.06216017626990656,0.7651040009414523,0.11072793174163408,203,0.09852216748768473
10421122,centaur_421122,"[""Centaur""]",borderline,0.6953178360885944,0.0018497578337884786,3.0,0.03511937179167137,4997,0.17150290174104463
10427272,centaur_427272,"[""Centaur""]",novice,0.015402219604928418,0.11329636684216465,-0.21948957621860446,0.11223972439842186,247,0.21862348178137653
10427522,centaur_427522,"[""Centaur""]",borderline,0.6982932508769967,0.001868738374883966,2.9768689384940634,0.03433173931094704,4991,0.17611701061911442
10427523,centaur_427523,"[""Centaur""]",borderline,0.696517836234059,0.001844835717395807,3.0,0.03515519624323727,4999,0.17283456691338267
10436223,centaur_436223,"[""Centaur""]",expert,-0.7965562587465851,0.1694582128149691,-0.19696170239605307,0.09707145172612174,189,0.06878306878306878
10441554,centaur_441554,"[""Centaur""]",unknown,-0.524464579891114,0.17639098012589388,0.10492163481401102,0.12331174546343888,126,0.047619047619047616
10445500,centaur_445500,"[""Centaur""]",unknown,0.03149882065012684,0.09180366438235436,0.4904200000290481,0.11225926905362552,171,0.08187134502923976
10452632,centaur_452632,"[""Centaur""]",unknown,0.5124306069969643,0.06220381498956053,0.9895478352085919,0.15591515677103393,118,0.1271186440677966
10453167,centaur_453167,"[""Centaur""]",borderline,-0.025888884512199666,0.12903934822046048,0.3181341647786118,0.1394500641933827,106,0.09433962264150944
10456497,centaur_456497,"[""Centaur""]",novice,0.03223211634016013,0.14004811175227827,0.1721925644373693,0.14592872711811206,102,0.12745098039215685
10463110,centaur_463110,"[""Centaur""]",unknown,-0.08724099327406291,0.06985530929021297,0.4274955179333808,0.07405410165732346,379,0.06596306068601583
10467362,centaur_467362,"[""Centaur""]",borderline,0.6696293610011357,0.004517843019061606,2.1740865700831966,0.04223599983542951,2675,0.16
10474366,centaur_474366,"[""Centaur""]",expert,0.16942292897923486,0.041535770899015195,0.5073885418834011,0.05744216495770542,694,0.10662824207492795
10479788,centaur_479788,"[""Centaur""]",borderline,-0.15718219617286067,0.10007287960995923,0.018778700992392795,0.08704324318505871,276,0.11956521739130435
10487681,centaur_487681,"[""Centaur""]",novice,0.2885359176452858,0.056162218439521586,0.38967029026452915,0.08543324987630128,368,0.16576086956521738
10489707,centaur_489707,"[""Centaur""]",novice,0.6968512841147149,0.0018434096738709266,3.0,0.034677026667576945,4999,0.1736347269453891
10492981,centaur_492981,"[""Centaur""]",novice,0.227892910228186,0.07735618915289756,0.6041477231534085,0.11935703203401128,164,0.10975609756097561
10501111,centaur_501111,"[""Centaur""]",unknown,-0.3852307386939744,0.13121386112117886,0.07692779673761507,0.1004433642036702,188,0.07446808510638298
10504297,centaur_504297,"[""Centaur""]",unknown,-0.28349550282581837,0.1572190956394488,-0.18715044873361159,0.12439430649735714,142,0.14788732394366197
10508956,centaur_508956,"[""Centaur""]",unknown,-0.7039154134829044,0.13017919161549088,-0.1568849496987017,0.07929107215570383,290,0.07586206896551724
10509395,centaur_509395,"[""Centaur""]",novice,0.5946929732996413,0.021023607689268583,1.664201513985763,0.10346034646509163,325,0.11692307692307692
10517927,centaur_517927,"[""Centaur""]",unknown,0.1752870882349145,0.0705883704547499,0.45356572544167023,0.09835960934436207,240,0.125
10518592,centaur_518592,"[""Centaur""]",novice,-0.5522392342220754,0.12419336620582719,0.0632225939276506,0.08456092869691825,264,0.05303030303030303
10521719,centaur_521719,"[""Centaur""]",unknown,-0.14639605928176702,0.049084706161103234,0.10659339174678724,0.04513426404097425,1024,0.1123046875
10526153,centaur_526153,"[""Centaur""]",unknown,-0.5842830139332985,0.19937162318243543,-0.29933888099946476,0.12585730546391277,123,0.11382113821138211
10528018,centaur_528018,"[""Centaur""]",unknown,-0.9614732841076986,0.19074567155934882,-0.11555480886172163,0.1035648667371053,167,0.041916167664670656
10528824,centaur_528824,"[""Centaur""]",unknown,-0.21150484361622512,0.0662095617795223,0.09506201681481707,0.05794776915961057,604,0.10264900662251655
10533257,centaur_533257,"[""Centaur""]",novice,0.6769554736354235,0.020170615898176043,2.1244513328350503,0.17679578916540015,151,0.16556291390728478
10544224,centaur_544224,"[""Centaur""]",unknown,0.48667047649475675,0.019757687565837224,1.0800512698057638,0.056800643973896565,1001,0.1258741258741259
10545704,centaur_545704,"[""Centaur""]",unknown,0.3954273342698626,0.13605213534860383,-0.22333115156860772,0.19990312285742212,148,0.32432432432432434
10545920,centaur_545920,"[""Centaur""]",unknown,0.3572773577712162,0.02018690704934869,0.8316250285120538,0.04209184994543618,1518,0.11923583662714098
10548261,centaur_548261,"[""Centaur""]",unknown,-0.42132072462065423,0.1035274219281995,-0.485489099257615,0.07257354810103156,523,0.1950286806883365
10554066,centaur_554066,"[""Centaur""]",novice,0.14892075542299876,0.0535863177959158,0.7211018566858517,0.07759477202421587,379,0.06596306068601583
10556359,centaur_556359,"[""Centaur""]",unknown,0.605626996168441,0.04939212570411449,0.739204634410245,0.13425614761719637,219,0.2374429223744292
10562756,centaur_562756,"[""Centaur""]",novice,0.24277101138444418,0.09501684926012198,-0.0018452146687402068,0.12238426703526482,226,0.2345132743362832
10565246,centaur_565246,"[""Centaur""]",novice,0.6055472221880301,0.00866170131413352,1.5463825631315349,0.04347323677238265,2103,0.1459819305753685
10566370,centaur_566370,"[""Centaur""]",unknown,0.3767158041701637,0.019252271737930066,0.647779914928255,0.03797605952979789,2034,0.1553588987217306
10567616,centaur_567616,"[""Centaur""]",unknown,0.579397170619677,0.01425524012863686,1.5980206648496087,0.06740324496156731,765,0.12418300653594772
10569668,centaur_569668,"[""Centaur""]",novice,0.09558974596198234,0.02480458669643771,0.21265713305328035,0.029475729392620952,2801,0.14958943234559086
10570381,centaur_570381,"[""Centaur""]",unknown,-0.007104351454520512,0.11602444458402329,0.34441752054394614,0.12877348405131528,125,0.096
10572980,centaur_572980,"[""Centaur""]",novice,-0.5847732038938058,0.04900046469792647,0.03409369400444811,0.03292330710747821,1741,0.05858701895462378
10575292,centaur_575292,"[""Centaur""]",unknown,-0.815685089056086,0.23048308703000012,-0.2987311244736777,0.13335532752404405,102,0.08823529411764706
10578973,centaur_578973,"[""Centaur""]",novice,0.6787356805308788,0.002870936720338344,2.333325781024852,0.03130229182452047,4973,0.16951538306857028
10582334,centaur_582334,"[""Centaur""]",novice,0.4515224438346313,0.012242963086150393,0.7641272470204377,0.02928440393510516,3857,0.1718952553798289
10585806,centaur_585806,"[""Centaur""]",unknown,-1.0607138321664555,0.1234140602081308,-0.13501919033118803,0.062472698413030305,478,0.03765690376569038
10592156,centaur_592156,"[""Centaur""]",novice,-0.31376696019374395,0.03830245167646851,-0.10946175263539791,0.029759369877784842,2364,0.12648054145516074
10594185,centaur_594185,"[""Centaur""]",unknown,-0.9166547734747839,0.18870705758072245,-0.23930697747092247,0.10350087095674078,164,0.06707317073170732
10594521,centaur_594521,"[""Centaur""]",unknown,-0.7599883362450816,0.1507632826373464,-0.37516856711323854,0.08609929535185289,260,0.11153846153846154
10596802,centaur_596802,"[""Centaur""]",borderline,0.2738802253894416,0.02642462200289006,0.39565304413175506,0.04024198309928171,1668,0.16366906474820145
10599968,centaur_599968,"[""Centaur""]",unknown,-0.29914102108994606,0.16098615408087807,0.24543580696621584,0.13634263385429068,104,0.057692307692307696
10600024,centaur_600024,"[""Centaur""]",unknown,-0.6545014800710979,0.20709975919079493,-0.2519128074775292,0.12940306270491883,111,0.0990990990990991
10600039,centaur_600039,"[""Centaur""]",unknown,-0.3107601384311154,0.09831466080815907,0.10413981862437942,0.07921750554066039,305,0.08196721311475409
10600264,centaur_600264,"[""Centaur""]",unknown,0.2564062380817936,0.05489749499310626,0.665919137705021,0.08906569820762299,313,0.10223642172523961
10601639,centaur_601639,"[""Centaur""]",novice,-0.17501149087894335,0.14360367657516424,0.125686878529518,0.13276419760292457,113,0.10619469026548672
10601918,centaur_601918,"[""Centaur""]",novice,0.6224155973853619,0.004925491352977501,1.6600990002350928,0.028775360320840788,4991,0.16149068322981366
10602929,centaur_602929,"[""Centaur""]",unknown,-0.26669179295206313,0.16412424459356517,-0.028348047821245996,0.13511086213399237,111,0.11711711711711711
10602990,centaur_602990,"[""Centaur""]",novice,0.47969498839883706,0.021772947286155975,0.8462668958518562,0.05482920662465899,1092,0.16025641025641027
10603490,centaur_603490,"[""Centaur""]",unknown,0.27431367937351075,0.07906939609024798,0.5062216737677905,0.126260048518697,158,0.14556962025316456
10604555,centaur_604555,"[""Centaur""]",novice,-0.4994730975729736,0.06698315320678717,-0.17969965724271345,0.04527467197241685,954,0.1090146750524109
10605833,centaur_605833,"[""Centaur""]",unknown,-1.010192315879638,0.11976086564076394,-0.32682241650060884,0.060971387747553556,477,0.07547169811320754
10605875,centaur_605875,"[""Centaur""]",unknown,-0.847388533892835,0.17824199102337923,0.01827030492032694,0.10485166942212074,183,0.03278688524590164
10606111,centaur_606111,"[""Centaur""]",novice,0.632390061986426,0.006633148715675033,2.0679992725773357,0.0512873362364957,1653,0.12401693889897157
10606228,centaur_606228,"[""Centaur""]",novice,0.23087034548437535,0.12569297339354923,-0.02460032703878097,0.15008250898586317,139,0.22302158273381295
10606748,centaur_606748,"[""Centaur""]",unknown,-0.21112938512907872,0.07058427886203356,0.25494618429536287,0.0641336376591187,473,0.07399577167019028
10607669,centaur_607669,"[""Centaur""]",unknown,0.6872267787989624,0.005016721474866168,2.610212554668944,0.06905583719272972,1144,0.1486013986013986
10607826,centaur_607826,"[""Centaur""]",unknown,-0.47701164060953505,0.17004149312083724,-0.14673386713863654,0.11855475000579496,136,0.10294117647058823
10607840,centaur_607840,"[""Centaur""]",unknown,-0.40416631546396664,0.13967361235442424,0.050108682446611166,0.10496117970901442,174,0.07471264367816093
10608004,centaur_608004,"[""Centaur""]",unknown,-1.0203784767505026,0.21903466970353405,-0.11956449287459636,0.11737992624603881,130,0.038461538461538464
10608031,centaur_608031,"[""Centaur""]",unknown,-1.0182655140687389,0.25255011922722875,-0.4580221192152818,0.1271639527814358,112,0.08928571428571429
10608153,centaur_608153,"[""Centaur""]",unknown,-0.9945395965288247,0.2556320230688216,-0.6136678297790646,0.13297253342586943,119,0.13445378151260504
10608295,centaur_608295,"[""Centaur""]",unknown,-0.023819373417659717,0.15157348340025956,0.0011688771347730343,0.14206197259765005,111,0.14414414414414414
10608365,centaur_608365,"[""Centaur""]",unknown,-0.4641684778118355,0.09573556906052501,-0.507506244717399,0.06390437214372818,652,0.18865030674846625
10608405,centaur_608405,"[""Centaur""]",unknown,2.030525257734391,0.1993579330670347,-0.4249798609126697,0.19230591247388398,106,0.7547169811320755
10608409,centaur_608409,"[""Centaur""]",unknown,-0.32124723709511604,0.11305482064381653,0.05272405976815073,0.09062999139570421,236,0.08898305084745763
10608438,centaur_608438,"[""Centaur""]",unknown,0.0820429670299179,0.13600582023509622,0.13210938062569255,0.15458211989637227,101,0.15841584158415842
10608451,centaur_608451,"[""Centaur""]",unknown,0.2961594295693342,0.040197791952156295,0.5691458764366015,0.06636601768934966,595,0.13109243697478992
10608452,centaur_608452,"[""Centaur""]",unknown,-0.38442220858669846,0.16979649260320645,-0.26860763448540453,0.124400539687005,142,0.14788732394366197
10608484,centaur_608484,"[""Centaur""]",unknown,-0.448675591329058,0.08774545127943432,-0.10973869872395407,0.06293589652989727,493,0.10547667342799188
10608494,centaur_608494,"[""Centaur""]",expert,0.6527983704749152,0.008955351756852905,2.3541961857586915,0.08817388433991007,659,0.1047040971168437
10608577,centaur_608577,"[""Centaur""]",unknown,-0.8233370192258581,0.1949292950736854,-0.1874050864881731,0.10929795675555927,150,0.06
10608634,centaur_608634,"[""Centaur""]",unknown,-0.8664595387983973,0.224485052744636,-0.21403775156313515,0.12485934638882498,114,0.06140350877192982
10608642,centaur_608642,"[""Centaur""]",unknown,-0.5508258985042961,0.20574996422245653,-0.37344378916963233,0.13826067784010254,115,0.14782608695652175
10608786,centaur_608786,"[""Centaur""]",unknown,-0.2599174132709294,0.1815057525408671,-0.1890172275128127,0.145408993067828,106,0.1509433962264151
10608807,centaur_608807,"[""Centaur""]",unknown,-0.20246057238681506,0.07215175630099663,0.07022559404097285,0.06316223363982061,512,0.109375
10608852,centaur_608852,"[""Centaur""]",unknown,0.01381002720127112,0.11943807964198075,0.2970673206334312,0.13580412772229,113,0.11504424778761062
10609056,centaur_609056,"[""Centaur""]",unknown,-0.8599506514999757,0.18540942337974084,-0.3220729658147997,0.10195452730682449,174,0.08620689655172414
10609435,centaur_609435,"[""Centaur""]",unknown,-0.6230294872701733,0.1371446859451028,-0.32268843850314316,0.08501000666201801,275,0.12
10609640,centaur_609640,"[""Centaur""]",unknown,-0.7816665734151134,0.19675253884528615,-0.2068113382476818,0.11495060617781162,136,0.07352941176470588
10609709,centaur_609709,"[""Centaur""]",unknown,-0.5213157060661303,0.14221967363980217,-0.2809647726989027,0.09535143126917676,226,0.12831858407079647
10609837,centaur_609837,"[""Centaur""]",unknown,0.32106100796578796,0.03084732107237893,0.566197445000663,0.053282816464397906,944,0.1472457627118644
10609947,centaur_609947,"[""Centaur""]",novice,0.3760471315144445,0.018638866592666562,0.7392308876935393,0.03793607468167326,1970,0.13553299492385787
10609973,centaur_609973,"[""Centaur""]",unknown,-0.5273305535365875,0.18004936150173545,-0.0020775470122202672,0.12619016946276243,114,0.07017543859649122
10610137,centaur_610137,"[""Centaur""]",unknown,-0.5524781539711625,0.09346796492618689,-0.37502125392449404,0.060649631364238454,595,0.146218487394958
10610275,centaur_610275,"[""Centaur""]",unknown,0.08399515105195567,0.11688600174514929,-0.41209847773825375,0.11438288806789948,312,0.26282051282051283
10610308,centaur_610308,"[""Centaur""]",unknown,-1.0391522993257518,0.06555257057408612,-0.333894539462095,0.0326877151946377,1663,0.07396271797955502
10610313,centaur_610313,"[""Centaur""]",unknown,-0.8186734776276342,0.2564630718466254,-0.6474255842401784,0.1426805425382189,117,0.1623931623931624
10610384,centaur_610384,"[""Centaur""]",unknown,-0.7219950460317682,0.21543235447018044,-0.09267161340443948,0.1329995604825061,100,0.06
10610469,centaur_610469,"[""Centaur""]",unknown,-0.30850909161853995,0.15892646637678384,-0.3742491017304098,0.11731906922292362,184,0.1793478260869565
10610653,centaur_610653,"[""Centaur""]",unknown,-0.41999320119792416,0.20732637969022788,-0.3117538151601692,0.14438688703117583,104,0.14423076923076922
10610664,centaur_610664,"[""Centaur""]",unknown,-0.779324392591513,0.07768545237533715,0.0032316760864414987,0.04638397372094674,891,0.04264870931537598
10610685,centaur_610685,"[""Centaur""]",unknown,-0.5767953808491024,0.0607459459321437,-0.5128809540316105,0.03773975963610342,1721,0.1725740848343986
10610887,centaur_610887,"[""Centaur""]",unknown,0.0015028585698310193,0.27583163375355074,-0.7817758744378067,0.2673064736930724,100,0.33
10611283,centaur_611283,"[""Centaur""]",unknown,0.049702885553508394,0.12404255586866433,-0.13043932337926314,0.1267966069837501,180,0.20555555555555555
10611633,centaur_611633,"[""Centaur""]",unknown,-0.44343796496278315,0.18930945392847318,-0.09971386779016757,0.13729006914122888,100,0.1
10612072,centaur_612072,"[""Centaur""]",unknown,-0.10998288189936566,0.09064989219396473,-0.026553846440220363,0.08259185491566341,331,0.14501510574018128
10612157,centaur_612157,"[""Centaur""]",unknown,-0.011789212717956457,0.10750241898625507,0.39972423513297173,0.11899155640217246,148,0.08108108108108109
10614287,centaur_614287,"[""Centaur""]",novice,0.12484008145091861,0.11600523524048727,0.5313541748397498,0.14645066346311175,102,0.0784313725490196
10614477,centaur_614477,"[""Centaur""]",novice,-0.470451809097832,0.09688216510281307,-0.1071292335127531,0.06652392436918063,431,0.09280742459396751
10618553,centaur_618553,"[""Centaur""]",novice,-0.25757950822286374,0.14949432589273787,-0.32750892108002255,0.11584150469118512,189,0.17989417989417988
10619321,Masoom Desai,"[""iiic_crowdsourcing:kong2025""]",expert,0.6160665171329308,0.01448872850221364,2.0402763918093862,0.09989938024459817,353,0.11614730878186968
10619322,Gregory Kapinos,"[""iiic_crowdsourcing:kong2025""]",expert,0.6368757136014823,0.012480244123361663,1.961483882108124,0.08221585302051505,493,0.13995943204868155
10619324,Kong2025 contest user 1858,"[""iiic_crowdsourcing:kong2025""]",other,-0.9942244485333904,0.22574481083244904,-0.6005830191857511,0.11940906188505525,150,0.14
10619327,Kong2025 contest user 7280,"[""iiic_crowdsourcing:kong2025""]",novice,0.6780807255605551,0.0034194985606023675,2.0707795006751764,0.027735512238869987,4844,0.1736168455821635
10619328,Kong2025 contest user 8864,"[""iiic_crowdsourcing:kong2025""]",experienced,0.34791800216569563,0.0755660050098888,0.4796579200661288,0.13722486091011513,154,0.19480519480519481
10619330,Kong2025 contest user 11839,"[""iiic_crowdsourcing:kong2025""]",novice,-0.6921728191992179,0.12762684274559377,-0.3358342182070867,0.07812977178586551,326,0.1196319018404908
10619331,Kong2025 contest user 13017,"[""iiic_crowdsourcing:kong2025""]",novice,0.1751507555021159,0.11825245356300805,-0.0453501762425485,0.15248132166367045,154,0.24025974025974026
10619334,Kong2025 contest user 18219,"[""iiic_crowdsourcing:kong2025""]",experienced,0.6142648522432733,0.020815470426461972,1.997057113823167,0.12468665421921317,187,0.10160427807486631
10619335,Kong2025 contest user 19769,"[""iiic_crowdsourcing:kong2025""]",experienced,-0.9330830916706354,0.21220675865622668,-0.3240746190871322,0.11656512100202707,130,0.08461538461538462
10619337,Kong2025 contest user 23646,"[""iiic_crowdsourcing:kong2025""]",novice,0.6574566748334192,0.006627995907080864,2.0466832971239977,0.04999200577679498,1453,0.14728148657949072
10619338,Kong2025 contest user 23996,"[""iiic_crowdsourcing:kong2025""]",novice,-0.6300424819502687,0.13258418185945564,0.016818198886593534,0.09061651762645133,213,0.06572769953051644
10619340,Kong2025 contest user 27965,"[""iiic_crowdsourcing:kong2025""]",other,-0.1749766008513228,0.05972503294678571,-0.22965292630810352,0.05352472816707317,966,0.19461697722567287
10619342,Kong2025 contest user 30879,"[""iiic_crowdsourcing:kong2025""]",experienced,-0.07460064874069404,0.0547642854688917,0.22181051500957555,0.055897511031678476,662,0.10876132930513595
10619343,Kong2025 contest user 32212,"[""iiic_crowdsourcing:kong2025""]",novice,-0.31186350069691554,0.18078195726886523,-0.2800598826637819,0.15182688405740596,113,0.18584070796460178
10619344,Kong2025 contest user 32449,"[""iiic_crowdsourcing:kong2025""]",novice,0.6673426453195963,0.012895817756172007,1.9393723869054387,0.09315000174875408,421,0.171021377672209
10619346,Kong2025 contest user 38593,"[""iiic_crowdsourcing:kong2025""]",novice,0.6763713484588171,0.005229990860622528,1.8432103390114174,0.03626268522979852,2788,0.19117647058823528
10619349,Kong2025 contest user 43707,"[""iiic_crowdsourcing:kong2025""]",novice,0.03017160337582974,0.1217050702729677,-0.08308307234249203,0.12548004820404543,179,0.18994413407821228
10619350,Kong2025 contest user 44164,"[""iiic_crowdsourcing:kong2025""]",novice,0.3772624869095809,0.03238907240617063,0.6401596613208164,0.06464131083944578,670,0.16865671641791044
10619351,Kong2025 contest user 44340,"[""iiic_crowdsourcing:kong2025""]",novice,0.5303140010011644,0.04687494359711114,1.1502871539804969,0.1459852749657526,133,0.15037593984962405
10619352,Kong2025 contest user 44512,"[""iiic_crowdsourcing:kong2025""]",novice,0.4123718951691762,0.05892615772519566,0.757711277690278,0.13010487808385648,164,0.16463414634146342
10619353,Kong2025 contest user 44761,"[""iiic_crowdsourcing:kong2025""]",novice,-0.2672410151721215,0.058936015769882416,-0.10101837552830618,0.04869870542083314,931,0.1385606874328679
10619354,Kong2025 contest user 45254,"[""iiic_crowdsourcing:kong2025""]",other,-0.36732729624699023,0.1687254656942178,-0.23992341549639,0.1261868709122055,139,0.14388489208633093
10619355,Kong2025 contest user 45825,"[""iiic_crowdsourcing:kong2025""]",novice,0.48340039047614114,0.019632710854176488,0.8731859502273178,0.0500879785523691,1195,0.16903765690376568
10619357,Kong2025 contest user 46403,"[""iiic_crowdsourcing:kong2025""]",novice,0.6627502100045839,0.02877452003459213,1.3824442111052762,0.14322595557477807,201,0.208955223880597
10619358,Kong2025 contest user 46875,"[""iiic_crowdsourcing:kong2025""]",novice,0.6596739045206036,0.02290080742493576,1.606705278995851,0.14790307844824374,176,0.24431818181818182
10619359,Kong2025 contest user 47705,"[""iiic_crowdsourcing:kong2025""]",novice,-0.732899861279774,0.21951024311461936,-0.4726944048190677,0.13356317548353175,124,0.14516129032258066
10619361,Kong2025 contest user 48870,"[""iiic_crowdsourcing:kong2025""]",other,-0.39627116375913785,0.05705603419671033,-0.061198544323825474,0.04351176489138453,1037,0.10896817743490839
10619362,Kong2025 contest user 48971,"[""iiic_crowdsourcing:kong2025""]",experienced,0.5584223979094705,0.02154188655276847,1.6898282545568653,0.09667545698602212,310,0.0967741935483871
10619365,Kong2025 contest user 49560,"[""iiic_crowdsourcing:kong2025""]",novice,0.5564718684992023,0.02652133823703956,1.1313789854875151,0.08572867263093424,425,0.15764705882352942
10619366,Kong2025 contest user 49916,"[""iiic_crowdsourcing:kong2025""]",other,-0.5754606142465556,0.1785332758117597,-0.2493731830128271,0.11631025692582476,145,0.1103448275862069
10619367,Kong2025 contest user 50004,"[""iiic_crowdsourcing:kong2025""]",novice,-0.7462996738733876,0.18653628079244158,-0.2707692147404873,0.11152040039685421,148,0.0945945945945946
10619368,Kong2025 contest user 50023,"[""iiic_crowdsourcing:kong2025""]",novice,0.45720666287960676,0.075584070378588,0.6626004560596125,0.17728994208489296,109,0.2018348623853211
10619369,Kong2025 contest user 50205,"[""iiic_crowdsourcing:kong2025""]",other,0.346433920254109,0.049881200477727886,0.7773294925186176,0.09911820461709978,254,0.12992125984251968
10619370,Kong2025 contest user 50342,"[""iiic_crowdsourcing:kong2025""]",novice,0.6474539253198697,0.0076180694945353405,1.6833939662346484,0.04284026399310749,1879,0.16285258116019158
10619371,Kong2025 contest user 50759,"[""iiic_crowdsourcing:kong2025""]",novice,0.4309032856699691,0.044812527979080634,1.3914177033657709,0.12660431399350228,147,0.06802721088435375
10619372,Kong2025 contest user 51197,"[""iiic_crowdsourcing:kong2025""]",experienced,0.4859372225262848,0.027409825595604852,0.9559450711710119,0.07221050945781723,556,0.1528776978417266
10619376,Kong2025 contest user 52355,"[""iiic_crowdsourcing:kong2025""]",novice,0.3352575118447006,0.05899948710823136,0.6470104814616857,0.110403847692815,209,0.15311004784688995
10619377,Kong2025 contest user 52359,"[""iiic_crowdsourcing:kong2025""]",novice,0.5506315270367146,0.0179592951150501,1.3755813872856006,0.0691201463409541,594,0.1447811447811448
10619378,Kong2025 contest user 52882,"[""iiic_crowdsourcing:kong2025""]",novice,0.6899424369347599,0.014433046320273644,1.505112270698863,0.08066816590842651,643,0.223950233281493
10619380,Kong2025 contest user 52979,"[""iiic_crowdsourcing:kong2025""]",novice,-0.9232243823279284,0.19471429774216703,-0.7009318886669879,0.1022031348512145,233,0.16738197424892703
10619382,Kong2025 contest user 53036,"[""iiic_crowdsourcing:kong2025""]",novice,0.566942329909468,0.01781699914327757,1.1530048789187168,0.0649881674051662,784,0.19387755102040816
10619383,Kong2025 contest user 53098,"[""iiic_crowdsourcing:kong2025""]",experienced,0.7175734725977337,0.019022091841280266,2.284772292536591,0.18307410733813537,105,0.23809523809523808
10619384,Kong2025 contest user 53129,"[""iiic_crowdsourcing:kong2025""]",novice,0.4764971511843858,0.010712310718851238,1.0189293627549187,0.02921167914031485,3272,0.1470048899755501
10619388,Kong2025 contest user 53717,"[""iiic_crowdsourcing:kong2025""]",novice,-0.10476558037443921,0.10018744585851357,0.09375209925462763,0.1007744920889823,214,0.14018691588785046
10619389,Kong2025 contest user 53744,"[""iiic_crowdsourcing:kong2025""]",novice,0.6956758642564035,0.007817662012215768,2.5023391014498593,0.08448617737330437,623,0.1508828250401284
10619391,Kong2025 contest user 54019,"[""iiic_crowdsourcing:kong2025""]",novice,0.1719680208377333,0.10821487050812482,-0.023667765475285516,0.13995835169040227,178,0.23595505617977527
10619392,Kong2025 contest user 54178,"[""iiic_crowdsourcing:kong2025""]",novice,0.6331023256385561,0.01405054519840367,1.7503324265585765,0.08305817654018795,494,0.15789473684210525
10619393,Kong2025 contest user 54294,"[""iiic_crowdsourcing:kong2025""]",experienced,0.12834394130461357,0.09631812961672709,0.324441556163881,0.12966682120497755,141,0.15602836879432624
10619397,Kong2025 contest user 54802,"[""iiic_crowdsourcing:kong2025""]",experienced,-0.6402353997403917,0.11992722237857122,-0.20355675339660428,0.07695384586710137,315,0.10158730158730159
10619401,Kong2025 contest user 55058,"[""iiic_crowdsourcing:kong2025""]",experienced,0.7209515792180018,0.001193632026439574,2.3798023306798193,0.0128855437721619,24176,0.20665122435473196
10619402,Kong2025 contest user 55188,"[""iiic_crowdsourcing:kong2025""]",novice,0.7044254330075064,0.0066267132251464,2.6836691714864456,0.08910188930398814,559,0.1806797853309481
10619403,Kong2025 contest user 55313,"[""iiic_crowdsourcing:kong2025""]",novice,0.503435693543495,0.04205723534000892,1.0254440232086086,0.11741917822431733,206,0.15048543689320387
10619405,Kong2025 contest user 55386,"[""iiic_crowdsourcing:kong2025""]",novice,0.6781894927635911,0.009276615455450646,1.9581848279198506,0.0667848114970144,818,0.1687041564792176
10619406,Kong2025 contest user 55411,"[""iiic_crowdsourcing:kong2025""]",novice,0.7015244771738932,0.005069634819694466,2.5664391422574955,0.06025129420154194,1235,0.17651821862348177
10619407,Kong2025 contest user 55422,"[""iiic_crowdsourcing:kong2025""]",novice,0.12185689127552739,0.056678080679145246,0.3282971180906548,0.07245099131613225,435,0.14022988505747128
10619408,Kong2025 contest user 55477,"[""iiic_crowdsourcing:kong2025""]",other,0.06090712466990492,0.11026875352740335,0.1782361017335781,0.12701647656807769,146,0.1506849315068493
10619409,Kong2025 contest user 55602,"[""iiic_crowdsourcing:kong2025""]",novice,0.6096709288152761,0.012319624838303782,1.1619821677540962,0.04926202245123313,1547,0.21525533290239174
10619410,Kong2025 contest user 55672,"[""iiic_crowdsourcing:kong2025""]",novice,0.6937652223071672,0.004634120268726336,2.3688714153424417,0.04911798671108625,1674,0.17383512544802868
10619411,Kong2025 contest user 56548,"[""iiic_crowdsourcing:kong2025""]",novice,0.618358945847691,0.018349489882786958,1.900182527040448,0.11152334835508224,262,0.1297709923664122
10619413,Kong2025 contest user 56963,"[""iiic_crowdsourcing:kong2025""]",other,-0.8741662019312205,0.29064906969711857,-0.8441042218055996,0.15879568739092267,119,0.20168067226890757
10619415,Kong2025 contest user 57287,"[""iiic_crowdsourcing:kong2025""]",novice,0.6766792320136749,0.009307028959410045,1.7012696799116072,0.06197234682754989,1027,0.2181110029211295
10619416,Kong2025 contest user 57507,"[""iiic_crowdsourcing:kong2025""]",novice,0.7074893429142006,0.0009919464573650656,2.4101265214469367,0.010794485187727403,35838,0.18410625592946034
10619419,Kong2025 contest user 57851,"[""iiic_crowdsourcing:kong2025""]",novice,0.6755442000052935,0.009665308800040327,1.9900183197029244,0.07010473227789461,707,0.17114568599717114
10619420,Kong2025 contest user 58070,"[""iiic_crowdsourcing:kong2025""]",novice,0.6874478771304217,0.011291663061018404,2.0893922886268563,0.09515051696449425,411,0.17518248175182483
10619421,Kong2025 contest user 58723,"[""iiic_crowdsourcing:kong2025""]",novice,0.1462344592107697,0.09828291134148749,0.3578471656266949,0.13168827853609716,133,0.14285714285714285
10619422,Kong2025 contest user 58864,"[""iiic_crowdsourcing:kong2025""]",novice,-0.24772013841631285,0.18815895186920661,-0.27849591080661984,0.15227824742521456,108,0.17592592592592593
10619423,Kong2025 contest user 59359,"[""iiic_crowdsourcing:kong2025""]",novice,0.39027218330591024,0.04857114532566274,0.8642412632502844,0.10480431818061563,217,0.1336405529953917
10619424,Kong2025 contest user 59761,"[""iiic_crowdsourcing:kong2025""]",novice,-0.5586178722297587,0.05676077214193575,-0.09227555887194396,0.03912282976308948,1202,0.09400998336106489
10619426,Kong2025 contest user 60983,"[""iiic_crowdsourcing:kong2025""]",novice,0.35512008727229216,0.03251877156391085,0.7609494974323269,0.06607029673544339,577,0.14211438474870017
10619431,Kong2025 contest user 63590,"[""iiic_crowdsourcing:kong2025""]",novice,-0.947326447800393,0.1372364800097596,-0.3486578078478726,0.07241575341010907,349,0.08595988538681948
10619433,Kong2025 contest user 64118,"[""iiic_crowdsourcing:kong2025""]",novice,-0.16928137784848374,0.1824148735821616,-0.388452177480718,0.16299160674759733,126,0.23015873015873015
10619434,Kong2025 contest user 64472,"[""iiic_crowdsourcing:kong2025""]",novice,0.6913501984998699,0.002158133156926154,2.2800196669375556,0.020891417606608457,9120,0.16907894736842105
10619435,Kong2025 contest user 64485,"[""iiic_crowdsourcing:kong2025""]",novice,0.5968281132738491,0.015307298465531357,1.3988574753902563,0.06557907049871414,757,0.16248348745046234
10619436,Kong2025 contest user 64569,"[""iiic_crowdsourcing:kong2025""]",experienced,0.4895007324855826,0.01596363002499199,1.1279193622785606,0.04844471689299671,1188,0.14646464646464646
10619437,Kong2025 contest user 64572,"[""iiic_crowdsourcing:kong2025""]",novice,0.3960118758479959,0.02414815145981594,0.9365224556916005,0.05494401053270388,792,0.1275252525252525
10619438,Kong2025 contest user 64706,"[""iiic_crowdsourcing:kong2025""]",novice,-0.5359442917040198,0.09531238566861559,-0.08475111447908712,0.06638685284523213,415,0.09397590361445783
10619442,Kong2025 contest user 64978,"[""iiic_crowdsourcing:kong2025""]",novice,-0.07494141104960399,0.13536658086815234,-0.032766061408418805,0.13020982388989316,140,0.15714285714285714
10619443,Kong2025 contest user 65046,"[""iiic_crowdsourcing:kong2025""]",novice,0.6836684609771377,0.006351088410993692,2.4061444330105886,0.06694577614636646,1013,0.14906219151036526
10619444,Kong2025 contest user 65094,"[""iiic_crowdsourcing:kong2025""]",novice,0.4557694800014999,0.0455709703676577,1.1481522823711323,0.11680799067009506,195,0.09230769230769231
10619447,Kong2025 contest user 65244,"[""iiic_crowdsourcing:kong2025""]",novice,-0.27107364735828765,0.23781959652044316,-0.6958014785947968,0.18212227599866893,126,0.2619047619047619
10619448,Kong2025 contest user 65281,"[""iiic_crowdsourcing:kong2025""]",novice,0.6874951996233654,0.03923951535096368,1.4080471143557927,0.2004518774592119,100,0.23
10619449,Kong2025 contest user 65368,"[""iiic_crowdsourcing:kong2025""]",other,0.6915309586093129,0.008153987578257048,2.1687840231365705,0.06888220442354001,796,0.16331658291457288
10619454,Kong2025 contest user 66136,"[""iiic_crowdsourcing:kong2025""]",novice,0.6911943518530539,0.004360833008417328,2.140143543737805,0.037046204124508424,2825,0.16778761061946904
10619455,Kong2025 contest user 66276,"[""iiic_crowdsourcing:kong2025""]",novice,0.4619919854734335,0.04441835311313271,0.831870567109457,0.11312979297546326,231,0.18614718614718614
10619459,Kong2025 contest user 66654,"[""iiic_crowdsourcing:kong2025""]",novice,0.6623631389790671,0.006625097348323469,1.8261253165980718,0.04331808507535006,1962,0.16870540265035677
10619461,Kong2025 contest user 66850,"[""iiic_crowdsourcing:kong2025""]",novice,-0.4971144836200607,0.09257367471977324,-0.2190590258657254,0.06510478462068789,483,0.12836438923395446
10619464,Kong2025 contest user 66915,"[""iiic_crowdsourcing:kong2025""]",novice,0.07882398173360909,0.1203666557816671,0.15315307752753632,0.14282896888147797,121,0.1652892561983471
10619465,Kong2025 contest user 66922,"[""iiic_crowdsourcing:kong2025""]",other,-0.3764191510516985,0.14030418331672537,-0.3003422334672321,0.10469606231822996,216,0.16203703703703703
10619470,Kong2025 contest user 67217,"[""iiic_crowdsourcing:kong2025""]",novice,0.6927769188246388,0.003395705865741202,2.305318932971678,0.03332341410539434,3655,0.16744186046511628
10619471,Kong2025 contest user 67350,"[""iiic_crowdsourcing:kong2025""]",other,-0.41857710034566115,0.100654796706499,-0.3318459918002623,0.07366646381190081,444,0.16666666666666666
10619474,Kong2025 contest user 67740,"[""iiic_crowdsourcing:kong2025""]",novice,0.07429520817654871,0.044331570063748646,0.45778964889334034,0.056811092536990106,650,0.10615384615384615
10619475,Kong2025 contest user 67879,"[""iiic_crowdsourcing:kong2025""]",novice,-0.11350146643406998,0.1163468624736569,-0.10052809530365918,0.10902981416581033,210,0.17142857142857143
10619476,Kong2025 contest user 68151,"[""iiic_crowdsourcing:kong2025""]",novice,0.4690751922531603,0.05425208841231337,0.9301954215600143,0.14426412615672793,128,0.1796875
10619478,Kong2025 contest user 68333,"[""iiic_crowdsourcing:kong2025""]",novice,0.6776903658559364,0.005530854596871781,2.0868102881847608,0.04514716807156902,1742,0.17336394948335246
10619479,Kong2025 contest user 68357,"[""iiic_crowdsourcing:kong2025""]",novice,-0.8400549595670403,0.18788611101590355,-0.7364120209479904,0.10349703968506171,254,0.1889763779527559
10619483,Kong2025 contest user 69599,"[""iiic_crowdsourcing:kong2025""]",novice,-0.30524069250785685,0.22260782403456378,-0.48050149746268717,0.1735778394421658,102,0.21568627450980393
10619485,Kong2025 contest user 70137,"[""iiic_crowdsourcing:kong2025""]",other,-1.1807324960715933,0.12096175382466523,-0.707550586195534,0.05720492364940589,668,0.14820359281437126
10619489,Kong2025 contest user 71379,"[""iiic_crowdsourcing:kong2025""]",novice,0.6786183543867339,0.009049293345938602,2.036446823388948,0.07225239664856407,712,0.17696629213483145
10619490,Kong2025 contest user 71806,"[""iiic_crowdsourcing:kong2025""]",novice,0.672275734132386,0.003698037020706667,1.613559499339718,0.021963796278500036,7959,0.210704862419902
10619491,Kong2025 contest user 72211,"[""iiic_crowdsourcing:kong2025""]",novice,-0.7185454649850284,0.13119007327122684,-0.20192439444206042,0.08126945279299086,274,0.09124087591240876
10619493,Kong2025 contest user 73534,"[""iiic_crowdsourcing:kong2025""]",novice,0.6268561855471829,0.03022531134338525,1.438305402055525,0.1528470066181928,151,0.2185430463576159
10619495,Kong2025 contest user 73770,"[""iiic_crowdsourcing:kong2025""]",other,-0.12721008251708282,0.26388155993365975,-1.004454001188007,0.23890346787472466,169,0.34911242603550297
10619496,Kong2025 contest user 77066,"[""iiic_crowdsourcing:kong2025""]",novice,0.0009672071936188825,0.13491104120130892,-0.3383811791930967,0.1224494671308867,220,0.22727272727272727
10619497,Kong2025 contest user 78098,"[""iiic_crowdsourcing:kong2025""]",other,-0.911627685742393,0.09286820973455144,-0.5335969601987599,0.04997326502249075,845,0.13964497041420118
10619508,Kong2025 contest user 86076,"[""iiic_crowdsourcing:kong2025""]",experienced,-0.016529180506372476,0.15660211643709113,-0.22810334460724183,0.14820283143613008,136,0.20588235294117646
10619509,Kong2025 contest user 86608,"[""iiic_crowdsourcing:kong2025""]",novice,-0.2355335994222394,0.1763625848150823,-0.5870229529827198,0.14738326356160592,190,0.2578947368421053
10619510,Kong2025 contest user 87206,"[""iiic_crowdsourcing:kong2025""]",other,0.017078624255332072,0.05439763956322678,-0.04000420330450915,0.0601174435180308,801,0.19850187265917604
10619511,Kong2025 contest user 88545,"[""iiic_crowdsourcing:kong2025""]",other,-0.29595611294494323,0.18544334729773418,-0.4617824523954685,0.1492780845289127,142,0.21830985915492956
10619513,Kong2025 contest user 88765,"[""iiic_crowdsourcing:kong2025""]",novice,-0.502506158699471,0.18516466273925114,-0.1516597967778562,0.1312044581612004,112,0.10714285714285714
10619515,Kong2025 contest user 90170,"[""iiic_crowdsourcing:kong2025""]",novice,-0.30766970049312586,0.08409889939485847,-0.12489299253773763,0.06865986140309543,462,0.14285714285714285
10619516,Kong2025 contest user 90679,"[""iiic_crowdsourcing:kong2025""]",novice,-0.21021947936142643,0.10582649284319418,-0.43410540042530266,0.0873023171806227,429,0.22377622377622378
10619518,Kong2025 contest user 93174,"[""iiic_crowdsourcing:kong2025""]",novice,-0.6703553361966896,0.1358921450356111,-0.6476217377532562,0.08322332146459135,409,0.1980440097799511
10619522,Kong2025 contest user 94530,"[""iiic_crowdsourcing:kong2025""]",novice,1.0844589260181257,0.11853207526125767,-0.21326115350638322,0.32207054428213705,177,0.5536723163841808
10619533,Kong2025 contest user 98795,"[""iiic_crowdsourcing:kong2025""]",experienced,0.22784431779691153,0.11667286856722478,0.010879822849001282,0.16432361600125206,140,0.25
10619534,Kong2025 contest user 99033,"[""iiic_crowdsourcing:kong2025""]",novice,0.5900858868877714,0.028700026557596403,1.8686633964356636,0.16234470442176865,131,0.10687022900763359
10619535,Kong2025 contest user 99130,"[""iiic_crowdsourcing:kong2025""]",experienced,-0.4780429931375713,0.1749415546338334,-0.28159885281230046,0.12627209349634702,137,0.145985401459854
10619536,Kong2025 contest user 99146,"[""iiic_crowdsourcing:kong2025""]",novice,-0.22782849665636432,0.05386571631385265,-0.04121633813293299,0.04664138802906612,989,0.1365015166835187
10619541,Kong2025 contest user 100195,"[""iiic_crowdsourcing:kong2025""]",experienced,-1.428452121814229,0.2781365328298796,-1.0097020634227851,0.1143408050714714,195,0.16923076923076924
10619542,Kong2025 contest user 100865,"[""iiic_crowdsourcing:kong2025""]",novice,0.07597036008823559,0.01874981564251722,0.2083323078974093,0.022715005876110805,4730,0.15687103594080337
10619544,Kong2025 contest user 100977,"[""iiic_crowdsourcing:kong2025""]",novice,0.0654767745726563,0.10924012216608643,0.39423094157511357,0.13647816863911408,109,0.11926605504587157
10619545,Kong2025 contest user 101051,"[""iiic_crowdsourcing:kong2025""]",novice,-0.564183835849536,0.09124085238143896,-0.46006032214938947,0.05983872994677361,683,0.17130307467057102
10619546,Kong2025 contest user 101062,"[""iiic_crowdsourcing:kong2025""]",other,-0.9042581771374011,0.19589074508077042,-0.6641475120400394,0.10789483411017728,211,0.17061611374407584
10619547,Kong2025 contest user 101072,"[""iiic_crowdsourcing:kong2025""]",other,-0.49452151968858554,0.13761089352952463,-0.055830087609662966,0.09761491101042333,191,0.08900523560209424
10619548,Kong2025 contest user 101396,"[""iiic_crowdsourcing:kong2025""]",novice,-0.12455605659825061,0.165328391969437,-0.23150370033121645,0.14556073275145734,128,0.1875
10619549,Kong2025 contest user 101978,"[""iiic_crowdsourcing:kong2025""]",novice,0.6281342688739723,0.03381641743465609,1.2679367172334464,0.14848286276216596,182,0.2087912087912088
10619554,Kong2025 contest user 102777,"[""iiic_crowdsourcing:kong2025""]",other,-1.1407941511211093,0.09565077307390465,-0.4796036616538818,0.04561119563170316,882,0.0963718820861678
10619555,Kong2025 contest user 102779,"[""iiic_crowdsourcing:kong2025""]",novice,0.09852971257806596,0.11067270550264209,0.014649736933221132,0.13360819917230296,166,0.21084337349397592
10619556,Kong2025 contest user 102996,"[""iiic_crowdsourcing:kong2025""]",novice,-0.17350976120180583,0.09043248073302942,-0.2778893802913854,0.07858271246388808,458,0.19868995633187772
10619558,Kong2025 contest user 103139,"[""iiic_crowdsourcing:kong2025""]",other,0.5541986142904933,0.004266400506704915,1.240481961915348,0.015401275718646069,13017,0.1613274948144734
10619559,Kong2025 contest user 103152,"[""iiic_crowdsourcing:kong2025""]",other,0.29687175533371485,0.027861379361435405,0.49627832057115684,0.04757324601969968,1197,0.1670843776106934
10619562,Kong2025 contest user 103424,"[""iiic_crowdsourcing:kong2025""]",novice,0.20654591159104196,0.05974617383620982,0.018503249947484368,0.08103273154314375,548,0.2354014598540146
10619563,Kong2025 contest user 103503,"[""iiic_crowdsourcing:kong2025""]",experienced,-0.5803034432016739,0.2513465115092749,-0.7210837050626913,0.16878501904518706,122,0.22950819672131148
10619565,Kong2025 contest user 103880,"[""iiic_crowdsourcing:kong2025""]",novice,0.2024103222375555,0.10318696184051837,-0.02638774060337498,0.13277009154259306,201,0.23383084577114427
10619566,Kong2025 contest user 104231,"[""iiic_crowdsourcing:kong2025""]",novice,0.4100734252269452,0.021940867326781785,0.4377874308373474,0.04384221524063032,1899,0.22064244339125855
10619567,Kong2025 contest user 104240,"[""iiic_crowdsourcing:kong2025""]",novice,0.5468229590688187,0.037222116610940645,0.9649483169197075,0.11307946891612435,263,0.19011406844106463
10619568,Kong2025 contest user 104357,"[""iiic_crowdsourcing:kong2025""]",novice,0.6705970700247678,0.005102602178628485,2.1230625088371005,0.04095837938039038,2191,0.1501597444089457
10619569,Kong2025 contest user 104704,"[""iiic_crowdsourcing:kong2025""]",novice,-0.3065619650883525,0.19318850341756189,-0.27017520619157165,0.15217794282221922,103,0.1650485436893204
10619571,Kong2025 contest user 105711,"[""iiic_crowdsourcing:kong2025""]",novice,0.6395877997042346,0.003588251561679289,1.9374759537473993,0.023784746324223848,6204,0.13346228239845262
10619572,Kong2025 contest user 106130,"[""iiic_crowdsourcing:kong2025""]",novice,0.233849516494217,0.05680919252339926,0.14037538214336426,0.08226055081173529,492,0.22154471544715448
10619575,Kong2025 contest user 106743,"[""iiic_crowdsourcing:kong2025""]",novice,-0.4219979278167308,0.18719649777295624,-0.30472529100191914,0.12986814028949312,129,0.13953488372093023
10619578,Kong2025 contest user 107650,"[""iiic_crowdsourcing:kong2025""]",other,0.6799055132124472,0.004338481074540639,1.6352888470744718,0.026867049528469977,5527,0.21349737651528858
10619579,Kong2025 contest user 108015,"[""iiic_crowdsourcing:kong2025""]",novice,-0.17589313854127964,0.22623157769896443,-0.6022942247575137,0.19517932255453857,115,0.26956521739130435
10619585,Kong2025 contest user 109953,"[""iiic_crowdsourcing:kong2025""]",novice,0.7141703076129836,0.0080023071261452,2.4650299880813193,0.08803880508811342,548,0.15693430656934307
10619586,Kong2025 contest user 110433,"[""iiic_crowdsourcing:kong2025""]",novice,0.7109029921834908,0.00480454039889869,2.6809743808848028,0.06585733121585893,1186,0.1627318718381113
10619589,Kong2025 contest user 111397,"[""iiic_crowdsourcing:kong2025""]",novice,0.5669879814963589,0.049032586069830075,1.112546390850422,0.1581210018212223,116,0.1810344827586207
10619590,Kong2025 contest user 111956,"[""iiic_crowdsourcing:kong2025""]",novice,0.6566770667719259,0.014751456209352485,1.9992430586495267,0.10719307165190937,290,0.15172413793103448
10619591,Kong2025 contest user 112301,"[""iiic_crowdsourcing:kong2025""]",novice,0.6467413589742573,0.02997215354740779,1.7357837712503983,0.17437889616086139,102,0.18627450980392157
10619592,Kong2025 contest user 112330,"[""iiic_crowdsourcing:kong2025""]",experienced,0.49012522083864096,0.01476586379398815,1.1874374561267909,0.0452549554732973,1271,0.13690007867820614
10619593,Kong2025 contest user 112547,"[""iiic_crowdsourcing:kong2025""]",novice,-0.6071917632967972,0.1818771395590964,-0.547356665645667,0.1129450856652944,195,0.17435897435897435
10619596,Kong2025 contest user 113491,"[""iiic_crowdsourcing:kong2025""]",experienced,0.6777864680984611,0.0033490786075280146,2.1786663464165343,0.029346714481039517,4496,0.16436832740213522
10619597,Kong2025 contest user 113524,"[""iiic_crowdsourcing:kong2025""]",other,-0.1925063247372533,0.1183794335139481,0.23733376910223933,0.1113395542821753,153,0.08496732026143791
10619599,Kong2025 contest user 113988,"[""iiic_crowdsourcing:kong2025""]",novice,0.16096534258793577,0.10085351496468863,0.6217366129690561,0.142534375335419,108,0.08333333333333333
10619600,Kong2025 contest user 114138,"[""iiic_crowdsourcing:kong2025""]",other,-0.4389273876761829,0.1719373490276067,-0.40861327153648963,0.12692860388490576,162,0.18518518518518517
10619601,Kong2025 contest user 114385,"[""iiic_crowdsourcing:kong2025""]",other,0.13720872369730053,0.04551448618947938,0.30615845241649564,0.060852213148198775,663,0.1568627450980392
10619604,Kong2025 contest user 114554,"[""iiic_crowdsourcing:kong2025""]",novice,-0.31635258687373446,0.1581655656796025,-0.16981761569759518,0.1267724068207299,136,0.14705882352941177
10619606,Kong2025 contest user 114753,"[""iiic_crowdsourcing:kong2025""]",novice,0.7238271331161271,0.01864503405641146,2.357045047743115,0.21501257124727,107,0.17757009345794392
10619609,Kong2025 contest user 115295,"[""iiic_crowdsourcing:kong2025""]",novice,0.41746147087501995,0.05172416427291321,0.7476483029616701,0.1123172135561965,218,0.1651376146788991
10619610,Kong2025 contest user 115339,"[""iiic_crowdsourcing:kong2025""]",experienced,-0.17972631953013693,0.1485296431144416,-0.15963948830521837,0.13165136141482262,142,0.16901408450704225
10619611,Kong2025 contest user 115413,"[""iiic_crowdsourcing:kong2025""]",experienced,0.676282402467709,0.016438083283164092,1.7664311235995995,0.10565563813367417,314,0.20063694267515925
10619614,Kong2025 contest user 115761,"[""iiic_crowdsourcing:kong2025""]",novice,0.20703455321685008,0.028394604487826654,0.5725254751472699,0.04334205797767387,1186,0.1205733558178752
10619615,Kong2025 contest user 115885,"[""iiic_crowdsourcing:kong2025""]",novice,-0.6928539402626707,0.16608872368563948,-0.3419970051218847,0.10186967797497305,190,0.12105263157894737
10619616,Kong2025 contest user 115940,"[""iiic_crowdsourcing:kong2025""]",novice,-0.32615701094882277,0.21943778271337663,-0.5754623646254672,0.16976284841795247,123,0.23577235772357724
10619617,Kong2025 contest user 116239,"[""iiic_crowdsourcing:kong2025""]",novice,0.4068360572791399,0.028612844728671406,1.1095620932143317,0.06784067964471523,530,0.08679245283018867
10619618,Kong2025 contest user 116268,"[""iiic_crowdsourcing:kong2025""]",novice,0.3662799805568341,0.08808648880456857,0.4007382301030123,0.17264239404711731,118,0.23728813559322035
10619619,Kong2025 contest user 116324,"[""iiic_crowdsourcing:kong2025""]",novice,0.6899354209755644,0.008858254064250788,2.0252366875324284,0.07072110962379932,690,0.1956521739130435
10619622,Kong2025 contest user 116799,"[""iiic_crowdsourcing:kong2025""]",novice,-0.6464626649879261,0.0981797428538705,-0.18470027899921673,0.06412072746681385,450,0.10222222222222223
10619624,Kong2025 contest user 116909,"[""iiic_crowdsourcing:kong2025""]",other,-0.45927242458022305,0.2675098281975254,-0.9536550461496045,0.18639015181075927,156,0.28846153846153844
10619625,Kong2025 contest user 116950,"[""iiic_crowdsourcing:kong2025""]",novice,0.6217740674118577,0.008969082711179063,1.748199479666941,0.04687289388426417,1490,0.11812080536912752
10619626,Kong2025 contest user 116972,"[""iiic_crowdsourcing:kong2025""]",novice,-1.151163555024096,0.1910748066593287,-0.5296440825765439,0.09416271062878981,212,0.10849056603773585
10619628,Kong2025 contest user 117069,"[""iiic_crowdsourcing:kong2025""]",novice,0.6724429077830748,0.01124037927084558,1.9513096368833576,0.081082492768555,558,0.16308243727598568
10619629,Kong2025 contest user 117101,"[""iiic_crowdsourcing:kong2025""]",novice,0.45317978604542963,0.02964280420062156,0.6622262457435568,0.0700401858473545,681,0.20851688693098386
10619633,Kong2025 contest user 117146,"[""iiic_crowdsourcing:kong2025""]",novice,0.6261481020276014,0.04963862181416023,0.846581265589347,0.1739702702339474,151,0.2847682119205298
10619634,Kong2025 contest user 117180,"[""iiic_crowdsourcing:kong2025""]",novice,-0.20506812978590935,0.09899058550202833,-0.14499528734463513,0.08448815394713971,332,0.1566265060240964
10619638,Kong2025 contest user 117488,"[""iiic_crowdsourcing:kong2025""]",novice,0.5726231204689812,0.019043010482224985,1.3166989186804063,0.07438549301375226,571,0.1628721541155867
10619640,Kong2025 contest user 118041,"[""iiic_crowdsourcing:kong2025""]",other,-0.5639659574816129,0.17794251768440308,-0.40611313049833236,0.12060433019949393,161,0.16149068322981366
10619642,Kong2025 contest user 118064,"[""iiic_crowdsourcing:kong2025""]",novice,0.6925832977206481,0.0012064530433537628,2.321480651004642,0.01207495940347104,28216,0.16990360079387581
10619643,Kong2025 contest user 118583,"[""iiic_crowdsourcing:kong2025""]",other,-1.191033342461721,0.23201298334267645,-0.8974011854738019,0.10907737478038362,225,0.18222222222222223
10619647,Kong2025 contest user 118903,"[""iiic_crowdsourcing:kong2025""]",novice,0.12208525027631671,0.07259791109936353,0.5254747506925312,0.10188728474473562,205,0.11219512195121951
10619648,Kong2025 contest user 119217,"[""iiic_crowdsourcing:kong2025""]",novice,0.3887611108334637,0.07789284002265669,0.3834432711344145,0.153195775352775,158,0.24050632911392406
10619649,Kong2025 contest user 119221,"[""iiic_crowdsourcing:kong2025""]",novice,0.05976490656402269,0.12429765805941508,-0.0888490254169413,0.13445797271592083,164,0.2073170731707317
10619651,Kong2025 contest user 119391,"[""iiic_crowdsourcing:kong2025""]",other,-0.06933938372029769,0.1469615953965914,0.0453769045072496,0.15092065490578652,101,0.15841584158415842
10619652,Kong2025 contest user 119656,"[""iiic_crowdsourcing:kong2025""]",novice,-0.14314754667875754,0.16400041292575757,-0.06978359598785208,0.1518895017037988,101,0.15841584158415842
10619654,Kong2025 contest user 119939,"[""iiic_crowdsourcing:kong2025""]",novice,0.6687788184032499,0.004852266108045009,2.031516462443807,0.036993993479129995,2715,0.1591160220994475
10619656,Kong2025 contest user 120022,"[""iiic_crowdsourcing:kong2025""]",novice,0.35030651475251057,0.035760615322279546,0.6124018620139444,0.06843516558536325,571,0.16987740805604204
10619658,Kong2025 contest user 120104,"[""iiic_crowdsourcing:kong2025""]",novice,-0.7337658198996648,0.13563955025383662,-0.119084767229929,0.08404576428145659,251,0.07171314741035857
10619660,Kong2025 contest user 120310,"[""iiic_crowdsourcing:kong2025""]",novice,0.5692394378883008,0.019889048059238287,1.4704583631669932,0.08416293105372544,415,0.14457831325301204
10619662,Kong2025 contest user 120425,"[""iiic_crowdsourcing:kong2025""]",novice,0.5653304852913219,0.028978508251592903,1.287595612888541,0.10940331555719418,255,0.1607843137254902
10619664,Kong2025 contest user 120668,"[""iiic_crowdsourcing:kong2025""]",other,-0.6232841707414284,0.18297848754428261,-0.4557359193448472,0.11321200819742745,175,0.14857142857142858
10619665,Kong2025 contest user 120669,"[""iiic_crowdsourcing:kong2025""]",novice,-0.14534880316970686,0.11135591364898813,-0.02968875301625591,0.10571856357578803,207,0.15458937198067632
10619667,Kong2025 contest user 120695,"[""iiic_crowdsourcing:kong2025""]",other,-0.5838038291483966,0.15119772195744222,-0.45195961476307756,0.10030883934925747,239,0.16736401673640167
10619669,Kong2025 contest user 120776,"[""iiic_crowdsourcing:kong2025""]",novice,0.6058758560887901,0.020246395624741335,1.4170197980058896,0.08730085637624427,433,0.16166281755196305
10619670,Kong2025 contest user 120782,"[""iiic_crowdsourcing:kong2025""]",novice,0.28505869727791466,0.07703518745251925,0.4739515775667777,0.1259323814607097,168,0.16071428571428573
10619671,Kong2025 contest user 120830,"[""iiic_crowdsourcing:kong2025""]",experienced,0.3199522196939479,0.11388833810692922,0.2180096354721892,0.18162624957478618,105,0.22857142857142856
10619672,Kong2025 contest user 120905,"[""iiic_crowdsourcing:kong2025""]",novice,-0.0016314778097641204,0.11674867815659476,-0.030550685942150567,0.13219428516597886,164,0.20121951219512196
10619674,Kong2025 contest user 120988,"[""iiic_crowdsourcing:kong2025""]",other,0.447014622462439,0.028371321687136592,0.7109108898995926,0.06595858646771725,705,0.19290780141843972
10619677,Kong2025 contest user 121161,"[""iiic_crowdsourcing:kong2025""]",experienced,0.7062198919790222,0.012314704327622505,1.8702447449914004,0.0975473051111731,422,0.24407582938388625
10619678,Kong2025 contest user 121289,"[""iiic_crowdsourcing:kong2025""]",novice,0.6531900172262726,0.021149982135860595,1.7645357807455915,0.13455354861307256,192,0.19270833333333334
10619679,Kong2025 contest user 121474,"[""iiic_crowdsourcing:kong2025""]",novice,0.673651732710951,0.0058839897557093485,1.7600102193603353,0.039396193212502144,2411,0.20033181252592286
10619680,Kong2025 contest user 121506,"[""iiic_crowdsourcing:kong2025""]",novice,0.5172663881749531,0.010843242254851225,1.3600176400548063,0.03784615889235712,1860,0.12150537634408602
10619681,Kong2025 contest user 121610,"[""iiic_crowdsourcing:kong2025""]",novice,0.17549135796756313,0.14311539844714102,-0.19355669548323393,0.1677399952785422,137,0.25547445255474455
10619685,Kong2025 contest user 121780,"[""iiic_crowdsourcing:kong2025""]",novice,0.472193392492364,0.04789603757623379,0.2025329334003455,0.10547708651564289,533,0.3076923076923077
10619687,Kong2025 contest user 121820,"[""iiic_crowdsourcing:kong2025""]",novice,-0.7742638575655104,0.20303227925431988,-0.7615798640211179,0.11738062895027368,218,0.20642201834862386
10619689,Kong2025 contest user 121909,"[""iiic_crowdsourcing:kong2025""]",experienced,0.14369983432074643,0.06846074577112383,0.4428159852157574,0.0909758072920787,273,0.11355311355311355
10619691,Kong2025 contest user 121993,"[""iiic_crowdsourcing:kong2025""]",novice,-0.686442688739675,0.21947415702295311,-0.6510877107642711,0.13872754550758135,150,0.2
10619693,Kong2025 contest user 122127,"[""iiic_crowdsourcing:kong2025""]",other,-0.8908132737765796,0.2223914085932674,-0.5167528450754686,0.12328645145845547,137,0.13138686131386862
10619695,Kong2025 contest user 122240,"[""iiic_crowdsourcing:kong2025""]",novice,1.211918043694739,0.08381365385357768,-0.07074908577649161,0.20022562147527015,274,0.6058394160583942
10619696,Kong2025 contest user 122271,"[""iiic_crowdsourcing:kong2025""]",other,-0.2924688913119597,0.08654137332769278,0.2988371183218572,0.07524595747265866,329,0.057750759878419454
10619697,Kong2025 contest user 122283,"[""iiic_crowdsourcing:kong2025""]",novice,-0.19751808888675962,0.11389946811748448,-0.1843870054796503,0.10366231423929326,243,0.18518518518518517
10619699,Kong2025 contest user 122329,"[""iiic_crowdsourcing:kong2025""]",other,-0.22697849228260464,0.0788959038856906,-0.4632579511757892,0.06562444705693113,806,0.23325062034739455
10619700,Kong2025 contest user 122607,"[""iiic_crowdsourcing:kong2025""]",other,0.684396069901271,0.0022306262700191775,2.2065917247722364,0.020298062108102352,9605,0.16824570536179073
10619701,Kong2025 contest user 122754,"[""iiic_crowdsourcing:kong2025""]",other,-0.0514559038292009,0.14957715675604344,-0.15106257084779054,0.1560155263169721,123,0.21138211382113822
10619702,Kong2025 contest user 122760,"[""iiic_crowdsourcing:kong2025""]",other,0.703561316415119,0.018158674089395813,1.6489533192737018,0.12441714631231514,278,0.24820143884892087
10619703,Kong2025 contest user 122770,"[""iiic_crowdsourcing:kong2025""]",other,0.023742956684844295,0.2104422871720323,-0.6379874758322724,0.19916831674380622,139,0.302158273381295
10619707,Kong2025 contest user 122883,"[""iiic_crowdsourcing:kong2025""]",other,-0.24208439121445854,0.10933855119772229,-0.31498722702551285,0.09163915719943869,334,0.19760479041916168
10619710,Kong2025 contest user 122904,"[""iiic_crowdsourcing:kong2025""]",experienced,0.13507564630601512,0.0632447115949842,0.3228912137174161,0.0845123497386872,339,0.1504424778761062
10619711,Kong2025 contest user 122907,"[""iiic_crowdsourcing:kong2025""]",other,-0.8628051820014766,0.1948000516029582,-0.46949367921583135,0.10684234199282289,173,0.12138728323699421
10619712,Kong2025 contest user 122929,"[""iiic_crowdsourcing:kong2025""]",other,0.45074319578688077,0.049481516583722976,0.6943768491321843,0.1129836708988896,242,0.19008264462809918
10619713,Kong2025 contest user 122951,"[""iiic_crowdsourcing:kong2025""]",novice,-0.7919691585037465,0.2131694370770727,-0.4637313847496142,0.12620359267136014,132,0.13636363636363635
10619717,Kong2025 contest user 123011,"[""iiic_crowdsourcing:kong2025""]",other,0.5168162765344031,0.040353354600699644,1.1841089657305468,0.12700276750396386,159,0.1509433962264151
10619718,Kong2025 contest user 123024,"[""iiic_crowdsourcing:kong2025""]",other,-0.264130138799041,0.1386033906881696,-0.08354180538905397,0.11984999486119827,154,0.14285714285714285
10619719,Kong2025 contest user 123103,"[""iiic_crowdsourcing:kong2025""]",novice,-0.7233561372797156,0.260243525540896,-0.6694745305835422,0.15720815272610617,111,0.1891891891891892
10619720,Kong2025 contest user 123159,"[""iiic_crowdsourcing:kong2025""]",experienced,-0.9950255034198007,0.17869815158718666,-0.7866688337226079,0.09260143748589543,312,0.1858974358974359
10619721,Kong2025 contest user 123206,"[""iiic_crowdsourcing:kong2025""]",experienced,0.6346206172050279,0.005087923543336083,1.4901655995797267,0.02576640218319132,5318,0.19161338849191425
10619722,Kong2025 contest user 123313,"[""iiic_crowdsourcing:kong2025""]",novice,-0.14426094211511906,0.10955253604308973,-0.059629458008323824,0.09857546456228376,235,0.14893617021276595
10619723,Kong2025 contest user 123392,"[""iiic_crowdsourcing:kong2025""]",novice,0.6946425084330884,0.0031322893305265795,2.31024060948024,0.03133657900617946,4061,0.18098990396454076
10619724,Kong2025 contest user 123403,"[""iiic_crowdsourcing:kong2025""]",novice,-0.7665999270893128,0.27001808315003056,-0.6900290031307743,0.16066132109757647,106,0.18867924528301888
10619725,Kong2025 contest user 123466,"[""iiic_crowdsourcing:kong2025""]",experienced,0.18574249915818153,0.06268973834386565,0.6616432286478268,0.09623920380702246,221,0.10407239819004525
10619726,Kong2025 contest user 123472,"[""iiic_crowdsourcing:kong2025""]",other,-0.686423427371692,0.17221152122966268,-0.5218653156266704,0.10569035858825815,213,0.1643192488262911
10619727,Kong2025 contest user 123544,"[""iiic_crowdsourcing:kong2025""]",novice,0.3254028824940438,0.02335508566979936,0.7359367835289333,0.04512449075840782,1180,0.13728813559322034
10619728,Kong2025 contest user 123754,"[""iiic_crowdsourcing:kong2025""]",experienced,-0.5974579202317587,0.19442210666315277,-0.2961243665031628,0.12421636626293021,129,0.11627906976744186
10619729,Kong2025 contest user 123943,"[""iiic_crowdsourcing:kong2025""]",novice,-0.24995553872448092,0.11368016687498045,-0.2539577920308294,0.09702604251303379,280,0.18571428571428572
10619730,Kong2025 contest user 123961,"[""iiic_crowdsourcing:kong2025""]",other,0.12680550394156367,0.0668980304454394,-0.3303099025560923,0.08071812218891015,793,0.28877679697351827
10619733,Kong2025 contest user 124062,"[""iiic_crowdsourcing:kong2025""]",other,0.32068410275905634,0.033326372667707084,0.5717135034708887,0.061054283619851026,713,0.16830294530154277
10619736,Kong2025 contest user 124307,"[""iiic_crowdsourcing:kong2025""]",novice,0.5937602267929778,0.021858578128891765,1.7952239303192372,0.1092424852505462,241,0.0995850622406639
10619737,Kong2025 contest user 124314,"[""iiic_crowdsourcing:kong2025""]",other,-0.07297615988553348,0.1738027066184804,-0.44772314195712654,0.16670326744512623,149,0.26174496644295303
10619738,Kong2025 contest user 124358,"[""iiic_crowdsourcing:kong2025""]",novice,-0.9920978618077442,0.2564436677974493,-0.9240974190962817,0.13378757753318918,179,0.2122905027932961
10619739,Kong2025 contest user 124429,"[""iiic_crowdsourcing:kong2025""]",other,-0.46590374711059657,0.09052767828682792,0.0966901359727331,0.06758007887632295,390,0.06923076923076923
10619740,Kong2025 contest user 124480,"[""iiic_crowdsourcing:kong2025""]",novice,-0.25274703689353206,0.08489524286090387,-0.1829143331972221,0.07105210542837749,472,0.1652542372881356
10619744,Kong2025 contest user 124711,"[""iiic_crowdsourcing:kong2025""]",novice,0.6977322794047148,0.0012137872414185646,2.1658690879259392,0.010832600415089124,33489,0.18456806712651916
10619745,Kong2025 contest user 124748,"[""iiic_crowdsourcing:kong2025""]",novice,-0.5494188682083462,0.3607824987919106,-1.0805531829267592,0.24042685447051587,102,0.29411764705882354
10619749,Kong2025 contest user 125012,"[""iiic_crowdsourcing:kong2025""]",novice,-0.524074020542313,0.17537962723741032,-0.6651894150627139,0.11888597535777998,236,0.2245762711864407
10619751,Kong2025 contest user 125043,"[""iiic_crowdsourcing:kong2025""]",novice,0.5797502899002303,0.03112212203304043,1.526261106849511,0.13907674410136397,149,0.1476510067114094
10619752,Kong2025 contest user 125048,"[""iiic_crowdsourcing:kong2025""]",other,-0.7193041930507711,0.15784966836379116,-0.5883209729153449,0.09558515399742723,279,0.17921146953405018
10619753,Kong2025 contest user 125106,"[""iiic_crowdsourcing:kong2025""]",other,0.6104225461462954,0.021209179634545706,1.8583670012735487,0.11915124633698469,216,0.12037037037037036
10619756,Kong2025 contest user 125232,"[""iiic_crowdsourcing:kong2025""]",experienced,-0.5630786979930305,0.13469241096279447,-0.3477580574667571,0.09026129765663751,271,0.14391143911439114
10619764,Kong2025 contest user 125530,"[""iiic_crowdsourcing:kong2025""]",novice,-0.4182122471347298,0.2160486386477665,-0.40243147572247323,0.15553410808836868,103,0.17475728155339806
10619767,Kong2025 contest user 125691,"[""iiic_crowdsourcing:kong2025""]",other,0.05324736226114499,0.13916490166568068,-0.41854607885402034,0.15132530022960466,215,0.2837209302325581
10619773,Kong2025 contest user 125937,"[""iiic_crowdsourcing:kong2025""]",novice,-0.6276667862653014,0.14955596565001877,-0.2495572732264966,0.0977343690921567,204,0.11274509803921569
10619774,Kong2025 contest user 125944,"[""iiic_crowdsourcing:kong2025""]",novice,-0.605475926584822,0.20956388795036682,-0.5522637684109974,0.1346974496431821,143,0.18181818181818182
10619776,Kong2025 contest user 125954,"[""iiic_crowdsourcing:kong2025""]",other,0.011693594794632747,0.11714586103329418,0.12854172449431261,0.13417590326390702,134,0.16417910447761194
10619777,Kong2025 contest user 126013,"[""iiic_crowdsourcing:kong2025""]",novice,0.5562091157358077,0.02901523802898182,1.491428336908378,0.12245807253869735,190,0.14210526315789473
10619778,Kong2025 contest user 126116,"[""iiic_crowdsourcing:kong2025""]",other,-0.8127308869678255,0.18011842503308492,-0.6218930158149318,0.10512171594028813,228,0.17543859649122806
10619779,Kong2025 contest user 126201,"[""iiic_crowdsourcing:kong2025""]",novice,0.509566807935871,0.040816477511270016,0.7516955996752127,0.1107392947784735,297,0.2222222222222222
10619781,Kong2025 contest user 126442,"[""iiic_crowdsourcing:kong2025""]",novice,-0.9653434511267562,0.24270097279236294,-0.6207961510680571,0.12976876681963992,131,0.1450381679389313
10619782,Kong2025 contest user 126453,"[""iiic_crowdsourcing:kong2025""]",novice,0.6693017838412448,0.0154756335895924,1.844690706233825,0.10470050152837117,332,0.18674698795180722
10619783,Kong2025 contest user 126494,"[""iiic_crowdsourcing:kong2025""]",novice,0.64029037370763,0.024481916542575036,2.1835847027416753,0.17740675516746016,132,0.08333333333333333
10619786,Kong2025 contest user 126618,"[""iiic_crowdsourcing:kong2025""]",other,-0.8636634128766049,0.26981842775930703,-0.9421638322798644,0.14636745326297634,163,0.22699386503067484
10619787,Kong2025 contest user 126648,"[""iiic_crowdsourcing:kong2025""]",other,-0.8293870098454468,0.1476670663625516,-0.6402317566537145,0.08469400629109783,354,0.17796610169491525
10619788,Kong2025 contest user 126709,"[""iiic_crowdsourcing:kong2025""]",other,-0.6533198068165895,0.1552163069983058,-0.26609017717032385,0.09933797808954199,194,0.1134020618556701
10619789,Kong2025 contest user 126717,"[""iiic_crowdsourcing:kong2025""]",novice,0.5328892094583908,0.048932456584261104,0.981206497377673,0.15764381460361088,135,0.21481481481481482
10619790,Kong2025 contest user 126719,"[""iiic_crowdsourcing:kong2025""]",novice,0.5634291756160352,0.03954099251698754,1.432307226404978,0.15687340197614483,111,0.14414414414414414
10619791,Kong2025 contest user 126735,"[""iiic_crowdsourcing:kong2025""]",novice,0.25820935389830985,0.2727414270863334,-1.0290840207840957,0.33752801609317185,160,0.40625
10619792,Kong2025 contest user 126746,"[""iiic_crowdsourcing:kong2025""]",other,-0.4856544692911801,0.1886933154122473,-0.49670878900869525,0.1314798398421754,157,0.1910828025477707
10619793,Kong2025 contest user 126753,"[""iiic_crowdsourcing:kong2025""]",novice,-0.9058311978511198,0.29106877970947465,-0.8797813378956699,0.1569264189228041,126,0.20634920634920634
10619797,Kong2025 contest user 126862,"[""iiic_crowdsourcing:kong2025""]",novice,-1.0927938757023783,0.0977720691453018,-0.7060316013964044,0.04813832850551268,991,0.15943491422805248
10619800,Kong2025 contest user 127013,"[""iiic_crowdsourcing:kong2025""]",novice,-0.6338320301442836,0.21101816157451653,-0.7951944791621228,0.1339957760676283,203,0.23645320197044334
10619801,Kong2025 contest user 127025,"[""iiic_crowdsourcing:kong2025""]",experienced,-0.3092242538629401,0.14138014173848112,-0.09795658761514756,0.11442935500503446,161,0.13043478260869565
10619803,Kong2025 contest user 127131,"[""iiic_crowdsourcing:kong2025""]",novice,-0.44987847698076366,0.15671192051159025,-0.7244731416888194,0.10495789112103193,330,0.23939393939393938
10619805,Kong2025 contest user 127241,"[""iiic_crowdsourcing:kong2025""]",novice,-0.6121311784866373,0.09305538580747712,-0.2992833407092896,0.059961260216546575,565,0.1256637168141593
10619807,Kong2025 contest user 127283,"[""iiic_crowdsourcing:kong2025""]",other,-1.0615661001981396,0.14679809435369512,-0.46530604811039655,0.07415444533174304,338,0.10355029585798817
10619808,Kong2025 contest user 127394,"[""iiic_crowdsourcing:kong2025""]",novice,-0.9652971396258595,0.17176467199351456,-0.5125637222579781,0.09041951948710732,244,0.12295081967213115
10619811,Kong2025 contest user 127739,"[""iiic_crowdsourcing:kong2025""]",novice,-0.854039321457921,0.18990346226765487,-0.34114676651667897,0.11149441321828069,150,0.10666666666666667
10619812,Kong2025 contest user 127751,"[""iiic_crowdsourcing:kong2025""]",novice,0.6832874922564177,0.017374311841406608,2.0209129064382534,0.12948076876934872,224,0.16517857142857142
10619813,Kong2025 contest user 127794,"[""iiic_crowdsourcing:kong2025""]",novice,-0.3102412482187953,0.15770234993042048,-0.2866096988843842,0.1273678316712379,156,0.1794871794871795
10619819,Kong2025 contest user 128190,"[""iiic_crowdsourcing:kong2025""]",novice,-0.6196243447034555,0.179591565636849,-0.2506894400320944,0.11895674841559248,139,0.11510791366906475
10619821,Kong2025 contest user 128382,"[""iiic_crowdsourcing:kong2025""]",novice,0.5833176149736798,0.032815156035111745,1.4163163394603446,0.14137381200322743,161,0.17391304347826086
10619823,Kong2025 contest user 128688,"[""iiic_crowdsourcing:kong2025""]",novice,0.7044997367816177,0.009003690294522079,2.2339292316323385,0.08335754388183995,572,0.1853146853146853
10619824,Kong2025 contest user 128788,"[""iiic_crowdsourcing:kong2025""]",novice,0.6082221407740592,0.0245977092063937,1.4527759863891676,0.10491780142609906,286,0.15034965034965034
10619825,Kong2025 contest user 128820,"[""iiic_crowdsourcing:kong2025""]",novice,-0.2894549621311328,0.15262540703900362,-0.32723574403611283,0.12151316129150594,178,0.1853932584269663
10619828,Kong2025 contest user 129201,"[""iiic_crowdsourcing:kong2025""]",novice,-0.2320123938573367,0.1523795189008626,0.2605940434415632,0.13733479916963862,103,0.06796116504854369
10619833,Kong2025 contest user 129490,"[""iiic_crowdsourcing:kong2025""]",novice,0.6982002217938206,0.020410022201278643,1.91362052629519,0.1491713430386224,158,0.22151898734177214
10619834,Kong2025 contest user 129560,"[""iiic_crowdsourcing:kong2025""]",other,0.09312104653832376,0.1139309958997064,0.027869068034491063,0.13710493043799077,157,0.20382165605095542
10619835,Kong2025 contest user 129567,"[""iiic_crowdsourcing:kong2025""]",novice,0.2603895930955862,0.05541566309094169,0.9980066658858188,0.10039785955095809,212,0.06132075471698113
10619836,Kong2025 contest user 129619,"[""iiic_crowdsourcing:kong2025""]",novice,0.6530928039007955,0.017787546602152655,1.9785947263913333,0.11914254163424079,254,0.1220472440944882
10619837,Kong2025 contest user 129640,"[""iiic_crowdsourcing:kong2025""]",novice,0.057899973047958374,0.08210679743739363,0.03237062641124137,0.092562929130248,320,0.184375
10619841,Kong2025 contest user 129941,"[""iiic_crowdsourcing:kong2025""]",other,-0.4045454179636771,0.09175832621261712,-0.24102789870354188,0.06755281981690829,483,0.14492753623188406
10619846,Kong2025 contest user 130168,"[""iiic_crowdsourcing:kong2025""]",novice,-0.36216206453821853,0.11325618724880157,-0.11381083959552804,0.08697379532530158,273,0.12087912087912088
10619847,Kong2025 contest user 130230,"[""iiic_crowdsourcing:kong2025""]",novice,0.7063420797123902,0.005685245401804128,2.384705772272546,0.0625695141193234,1117,0.1727842435094002
10619853,Kong2025 contest user 130491,"[""iiic_crowdsourcing:kong2025""]",novice,0.5783770252388638,0.024154451932532767,1.4665134209561579,0.09970193257256259,281,0.14590747330960854
10619854,Kong2025 contest user 130541,"[""iiic_crowdsourcing:kong2025""]",novice,0.7241101300602848,0.013862346156521536,2.583034301714105,0.18117547268255615,150,0.16
10619856,Kong2025 contest user 130561,"[""iiic_crowdsourcing:kong2025""]",novice,0.4955225039003555,0.05926208542580647,0.796068515259998,0.13906601892323156,164,0.15853658536585366
10619857,Kong2025 contest user 130659,"[""iiic_crowdsourcing:kong2025""]",novice,0.3260686583754897,0.069687285359968,0.18616568997873156,0.1077897190544098,307,0.2247557003257329
10619860,Kong2025 contest user 130926,"[""iiic_crowdsourcing:kong2025""]",novice,0.6927947716353857,0.023562348139052215,0.6114230643557427,0.08167892820699205,1023,0.33235581622678395
10619861,Kong2025 contest user 130928,"[""iiic_crowdsourcing:kong2025""]",other,-0.5919751467518537,0.26042496821298594,-0.6402454201805641,0.15865614772405393,107,0.18691588785046728
10619863,Kong2025 contest user 130997,"[""iiic_crowdsourcing:kong2025""]",other,-0.21483542579319836,0.29763561143846107,-1.1507942302263614,0.22414758152097253,175,0.34285714285714286
10619864,Kong2025 contest user 131000,"[""iiic_crowdsourcing:kong2025""]",novice,-1.1580111424587844,0.1630656993370412,-0.7902896369905896,0.07784045538356005,400,0.1675
10619865,Kong2025 contest user 131001,"[""iiic_crowdsourcing:kong2025""]",other,-0.7514828662763587,0.19446458200844288,-0.33810815240319253,0.12178933047662459,132,0.12121212121212122
10619867,Kong2025 contest user 131118,"[""iiic_crowdsourcing:kong2025""]",other,0.5842124640981482,0.07133079213248132,0.6748651299821463,0.1979608630223055,110,0.2545454545454545
10619868,Kong2025 contest user 131174,"[""iiic_crowdsourcing:kong2025""]",other,0.36517777121047945,0.0552099839155836,0.09957224576452493,0.08707657758727634,543,0.2559852670349908
10619869,Kong2025 contest user 131287,"[""iiic_crowdsourcing:kong2025""]",experienced,-0.0316043931786642,0.11982540431667245,0.05378014879287882,0.12826392351593371,147,0.16326530612244897
10619870,Kong2025 contest user 131314,"[""iiic_crowdsourcing:kong2025""]",novice,0.7233265090258529,0.0029574955602932962,2.716253000987048,0.04196112512585576,2842,0.17593244194229415
10619871,Kong2025 contest user 131412,"[""iiic_crowdsourcing:kong2025""]",novice,0.6348310078878591,0.02545505751798053,1.6520196852857627,0.1305830163190742,191,0.1518324607329843
10619872,Kong2025 contest user 131435,"[""iiic_crowdsourcing:kong2025""]",other,-0.4165634469325187,0.14063774746087382,-0.7672023091711743,0.0956279859405048,438,0.2534246575342466
10619873,Kong2025 contest user 131450,"[""iiic_crowdsourcing:kong2025""]",experienced,0.604075415965844,0.02675640269433974,1.3713050186539597,0.11540746480116804,268,0.16791044776119404
10619874,Kong2025 contest user 131457,"[""iiic_crowdsourcing:kong2025""]",novice,0.07735326504697645,0.09464869366275086,0.2757118236159862,0.10987320947336254,187,0.12299465240641712
10619875,Kong2025 contest user 131466,"[""iiic_crowdsourcing:kong2025""]",novice,-1.1970223453153934,0.2880706706527585,-0.9713245450679691,0.13159988200321568,161,0.18633540372670807
10619877,Kong2025 contest user 131544,"[""iiic_crowdsourcing:kong2025""]",novice,-0.5193410072640434,0.2233242697578216,-0.5933573240690433,0.14828624431350462,130,0.2
10619878,Kong2025 contest user 131571,"[""iiic_crowdsourcing:kong2025""]",other,-0.9467474728213886,0.14605984192752489,-0.662152269856287,0.07389804180560004,413,0.15254237288135594
10619882,Kong2025 contest user 131906,"[""iiic_crowdsourcing:kong2025""]",other,-0.40124024544261383,0.10729881878500998,-0.11225021577111736,0.08202965439724412,301,0.11960132890365449
10619883,Kong2025 contest user 131945,"[""iiic_crowdsourcing:kong2025""]",novice,-0.2101783950126855,0.16644772599317445,-0.17123379052461693,0.13872999561196336,121,0.15702479338842976
10619884,Kong2025 contest user 132095,"[""iiic_crowdsourcing:kong2025""]",other,-0.4126660549814078,0.1618826733148682,-0.21062188786518676,0.12109910318563637,143,0.13986013986013987
10619885,Kong2025 contest user 132243,"[""iiic_crowdsourcing:kong2025""]",experienced,0.06306760782057606,0.13022486036879755,0.22466224319409223,0.14726026026901107,108,0.12962962962962962
10619887,Kong2025 contest user 132272,"[""iiic_crowdsourcing:kong2025""]",novice,0.6968330535844057,0.007488139800909411,2.6516121843798643,0.09911674084901742,541,0.16081330868761554
10619888,Kong2025 contest user 132459,"[""iiic_crowdsourcing:kong2025""]",other,0.5590552829633666,0.012297991328818177,1.3681658818036833,0.04727699284904406,1393,0.13854989231873654
10619889,Kong2025 contest user 133064,"[""iiic_crowdsourcing:kong2025""]",novice,0.48012547446712334,0.04562328761092234,0.40062744027091046,0.10001654413672725,435,0.2597701149425287
10619893,Kong2025 contest user 134082,"[""iiic_crowdsourcing:kong2025""]",other,0.45798001550851813,0.06269988036752064,0.5455586990872526,0.1389780434685185,186,0.22580645161290322
10619894,Kong2025 contest user 134321,"[""iiic_crowdsourcing:kong2025""]",novice,-0.35874801147463714,0.21558293488224237,-0.5410762107303918,0.1661192102550296,120,0.225
10619896,Kong2025 contest user 134865,"[""iiic_crowdsourcing:kong2025""]",novice,0.6567190370957142,0.016695166721129827,2.046998898690814,0.11631900884792118,274,0.12773722627737227
10619897,Kong2025 contest user 135031,"[""iiic_crowdsourcing:kong2025""]",novice,0.7081083212374829,0.01926118198892565,2.363868860662551,0.19771017517416284,102,0.18627450980392157
10619900,Kong2025 contest user 135543,"[""iiic_crowdsourcing:kong2025""]",other,-0.0887145739835144,0.11975211418905968,0.29585337964166114,0.12533755817737782,125,0.096
10619902,Kong2025 contest user 136027,"[""iiic_crowdsourcing:kong2025""]",novice,-0.4149367419892936,0.2553145058594989,-0.6421692993849972,0.17405973215425047,105,0.21904761904761905
10619906,Kong2025 contest user 136738,"[""iiic_crowdsourcing:kong2025""]",novice,-0.25618855545543917,0.15359670173147447,-0.3472675887880887,0.12509122254077965,178,0.19662921348314608
10619909,Kong2025 contest user 137488,"[""iiic_crowdsourcing:kong2025""]",other,-1.1957067531122707,0.16882764256060792,-0.3890222209461319,0.08005718522016889,272,0.06985294117647059
10619911,Kong2025 contest user 137745,"[""iiic_crowdsourcing:kong2025""]",novice,-0.27491123140231266,0.1487616202581299,-0.17125754375489297,0.12600643222181576,148,0.16216216216216217
10619915,Kong2025 contest user 138292,"[""iiic_crowdsourcing:kong2025""]",novice,-0.25642730368191546,0.2258292838744993,-0.6960427553965338,0.17433120748395484,140,0.2642857142857143
10619916,Kong2025 contest user 138331,"[""iiic_crowdsourcing:kong2025""]",experienced,-0.09162239719209196,0.16013117007764374,-0.09811990263178093,0.15521769365967325,106,0.1792452830188679
10619918,Kong2025 contest user 138471,"[""iiic_crowdsourcing:kong2025""]",novice,-0.5719107724605663,0.11336105536521614,-0.02125584094927881,0.07627439168564713,315,0.06984126984126984
10619925,Kong2025 contest user 139696,"[""iiic_crowdsourcing:kong2025""]",novice,0.6853290932435636,0.014001160494145886,2.4033123990880503,0.13792029668378622,223,0.12556053811659193
10619927,Kong2025 contest user 139763,"[""iiic_crowdsourcing:kong2025""]",novice,0.41558891074550686,0.02240647330660565,0.7692917976205834,0.04895598994776889,1179,0.15267175572519084
10619933,Kong2025 contest user 141485,"[""iiic_crowdsourcing:kong2025""]",novice,0.43513440346178367,0.15199449977829435,-0.14618706619695992,0.2613850636214613,100,0.34
10619939,Kong2025 contest user 142316,"[""iiic_crowdsourcing:kong2025""]",novice,0.11664770216724739,0.04670179373890775,0.5491044748744695,0.06219432672947801,569,0.08787346221441125
10619942,Kong2025 contest user 142622,"[""iiic_crowdsourcing:kong2025""]",experienced,0.08527490171794587,0.1314640148361335,0.14693070038033976,0.1497546673025398,109,0.1559633027522936
10619945,Kong2025 contest user 143127,"[""iiic_crowdsourcing:kong2025""]",novice,-0.14470317812718328,0.2132083943674791,-0.8637742791815293,0.18150067846506066,207,0.3188405797101449
10619949,Kong2025 contest user 143562,"[""iiic_crowdsourcing:kong2025""]",novice,-0.2138685994357416,0.10928245592114631,0.11365018230685935,0.09590399602622755,212,0.09905660377358491
10619954,Kong2025 contest user 144712,"[""iiic_crowdsourcing:kong2025""]",novice,-0.011039075627807616,0.134171929705374,-0.18492886894563043,0.14270971974119842,161,0.2236024844720497
10619956,Kong2025 contest user 145011,"[""iiic_crowdsourcing:kong2025""]",other,-0.1615744663769679,0.1576485918778876,-0.14851978108992153,0.1422923807347355,122,0.1721311475409836
10619959,Kong2025 contest user 145652,"[""iiic_crowdsourcing:kong2025""]",novice,-0.43315756351391915,0.09538870132444091,-0.3058462021595941,0.0685673467827839,488,0.1557377049180328
10619960,Kong2025 contest user 145713,"[""iiic_crowdsourcing:kong2025""]",novice,-0.8767852001158026,0.17978435938668558,-0.543844557566941,0.09889538757406029,220,0.1409090909090909
10619966,Kong2025 contest user 146602,"[""iiic_crowdsourcing:kong2025""]",other,-0.578318380994862,0.11327760366275114,0.10732264492084095,0.07798153056829239,306,0.049019607843137254
10619968,Kong2025 contest user 146716,"[""iiic_crowdsourcing:kong2025""]",novice,-0.2788497811286005,0.16916238648471318,-0.23972998451253158,0.1329219186650982,133,0.15789473684210525
10619971,Kong2025 contest user 147030,"[""iiic_crowdsourcing:kong2025""]",novice,0.6638633275142178,0.00995289698567,1.9882831584470568,0.07237909745418668,710,0.14788732394366197
10619974,Kong2025 contest user 147761,"[""iiic_crowdsourcing:kong2025""]",novice,-0.9376442096335452,0.20061839540689788,-0.771043998322969,0.10136113276916103,246,0.17479674796747968
10619978,Kong2025 contest user 148435,"[""iiic_crowdsourcing:kong2025""]",novice,-0.9539969084549852,0.20705045090607946,-0.30852562553416224,0.11353915894096353,136,0.08088235294117647
10619979,Kong2025 contest user 148452,"[""iiic_crowdsourcing:kong2025""]",novice,-0.7137290019384888,0.16011404508140684,-0.3533879723301596,0.0957107303889818,215,0.11627906976744186
10619980,Kong2025 contest user 148499,"[""iiic_crowdsourcing:kong2025""]",novice,0.6003063873256507,0.01225768435724765,1.563082598027383,0.05633877221485958,991,0.13723511604439959
10619981,Kong2025 contest user 148605,"[""iiic_crowdsourcing:kong2025""]",experienced,-0.10729885478483424,0.11868282171890139,-0.2451099479690641,0.10557378907357949,252,0.19444444444444445
10619983,Kong2025 contest user 149372,"[""iiic_crowdsourcing:kong2025""]",other,-0.922762623143051,0.12909948012077332,-0.17561746109662338,0.0707715858909421,360,0.058333333333333334
10619984,Kong2025 contest user 149394,"[""iiic_crowdsourcing:kong2025""]",novice,-1.35507777170495,0.11588199778853797,-0.7845459857795716,0.049400259458958866,874,0.14187643020594964
10619985,Kong2025 contest user 149421,"[""iiic_crowdsourcing:kong2025""]",experienced,-0.11990280254612388,0.12973469595837958,-0.23788456714164735,0.11554053051771385,207,0.1932367149758454
10619989,Kong2025 contest user 150586,"[""iiic_crowdsourcing:kong2025""]",novice,-0.8158532895715686,0.20597127973807736,-0.3553320205040076,0.11903560266922025,134,0.1044776119402985
10619991,Kong2025 contest user 150871,"[""iiic_crowdsourcing:kong2025""]",novice,0.270061632743183,0.09660435737699223,0.06827577129153775,0.13831353066042246,188,0.2393617021276596
10619994,Kong2025 contest user 151355,"[""iiic_crowdsourcing:kong2025""]",novice,0.30267961234233,0.024331869222677296,0.35664699483123175,0.03908171193219548,1971,0.18518518518518517
10619995,Kong2025 contest user 151414,"[""iiic_crowdsourcing:kong2025""]",other,-0.19658293649195926,0.11230327706881163,0.40153892815877656,0.10848861359338927,144,0.0625
10619996,Kong2025 contest user 151723,"[""iiic_crowdsourcing:kong2025""]",other,0.47848501201352467,0.11485087612548191,0.07010880934941317,0.21147928644489003,120,0.30833333333333335
10619997,Kong2025 contest user 151869,"[""iiic_crowdsourcing:kong2025""]",novice,-0.3647836149868741,0.10144337922891304,0.31673254857418226,0.08183296850054103,298,0.040268456375838924
10619999,Kong2025 contest user 152121,"[""iiic_crowdsourcing:kong2025""]",novice,0.029315975182251736,0.06029619936474079,0.22535213259490958,0.0708533710409004,457,0.14442013129102846
10620004,Kong2025 contest user 153289,"[""iiic_crowdsourcing:kong2025""]",novice,0.23124069412198847,0.060454752964286776,0.5095003830159299,0.09276674784659772,284,0.13380281690140844
10620006,Kong2025 contest user 153628,"[""iiic_crowdsourcing:kong2025""]",novice,0.29762221162702507,0.10196517558434803,0.4950991152506691,0.1662028287628709,100,0.15
10620007,Kong2025 contest user 153797,"[""iiic_crowdsourcing:kong2025""]",novice,0.6848267674254107,0.013846221914911477,2.617710087406102,0.1837865018398175,154,0.15584415584415584
10620013,Kong2025 contest user 155260,"[""iiic_crowdsourcing:kong2025""]",other,0.39889724392831083,0.03353387302150566,0.701337602749206,0.0734566760363155,544,0.17279411764705882
10620014,Kong2025 contest user 155278,"[""iiic_crowdsourcing:kong2025""]",novice,-1.5051405239094053,0.23082921770674686,-1.0112216199511175,0.09199731988629319,296,0.16891891891891891
10620021,Kong2025 contest user 156537,"[""iiic_crowdsourcing:kong2025""]",novice,-0.4864278534405718,0.19520622507098165,-0.5819032315175159,0.1297498190717221,170,0.2
10620023,Kong2025 contest user 157004,"[""iiic_crowdsourcing:kong2025""]",novice,0.23583292698868288,0.033619812619252405,0.3308263553347662,0.049142606665785356,1130,0.16902654867256636
10620027,Kong2025 contest user 158223,"[""iiic_crowdsourcing:kong2025""]",novice,0.49033127859762177,0.03590841386198446,1.2467492244792588,0.10527747624231891,232,0.10775862068965517
10620036,Kong2025 contest user 160389,"[""iiic_crowdsourcing:kong2025""]",other,0.19048339827175406,0.07851091364039497,0.4158610785576649,0.10984053481754201,203,0.1330049261083744
10620039,Kong2025 contest user 160728,"[""iiic_crowdsourcing:kong2025""]",other,0.5486476421009727,0.05417342957645564,0.28220038983705376,0.11956622793312781,370,0.3
10620047,Kong2025 contest user 162086,"[""iiic_crowdsourcing:kong2025""]",novice,-0.3232318960864875,0.1414330202970524,-0.39501118294038784,0.10808933226713986,234,0.19230769230769232
10620050,Kong2025 contest user 162961,"[""iiic_crowdsourcing:kong2025""]",novice,-0.2762301250016448,0.11704484566760459,-0.2985557654906785,0.09463902998392457,293,0.18430034129692832
10620057,Kong2025 contest user 165276,"[""iiic_crowdsourcing:kong2025""]",novice,-0.4388820936705546,0.19683964501354342,-0.45992924526773965,0.13670728328808932,138,0.18115942028985507
10620062,Kong2025 contest user 166493,"[""iiic_crowdsourcing:kong2025""]",novice,-0.9638181808551669,0.14592336353912266,-0.7084700379066026,0.0741923920363643,435,0.16551724137931034
10620067,Kong2025 contest user 167384,"[""iiic_crowdsourcing:kong2025""]",other,0.16271251587078553,0.06477489719447849,0.24086784654621643,0.08890922047227778,344,0.17732558139534885
10620069,Kong2025 contest user 167599,"[""iiic_crowdsourcing:kong2025""]",other,0.343142052041523,0.06623124833092539,0.4288503920472876,0.12303073722349975,215,0.20465116279069767
10620072,Kong2025 contest user 168243,"[""iiic_crowdsourcing:kong2025""]",novice,0.2910054206024966,0.06676864557371431,0.5275296702224938,0.11710207075254853,196,0.1683673469387755
10620073,Kong2025 contest user 168462,"[""iiic_crowdsourcing:kong2025""]",novice,-0.255892370101617,0.1816657751525799,-0.28872237432414877,0.14602039972834013,119,0.17647058823529413
10620074,Kong2025 contest user 168674,"[""iiic_crowdsourcing:kong2025""]",other,0.6518253059594522,0.013240184338572764,1.8845827315948287,0.08445959407965464,512,0.134765625
10620078,Kong2025 contest user 169073,"[""iiic_crowdsourcing:kong2025""]",novice,0.2396599968107289,0.10275635755057272,0.25058286631199866,0.14836745859051462,133,0.18796992481203006
10620079,Kong2025 contest user 169118,"[""iiic_crowdsourcing:kong2025""]",other,-0.68521380705806,0.0938751282564732,-0.4708296289856368,0.05655994781643859,701,0.15263908701854492
10620080,Kong2025 contest user 169281,"[""iiic_crowdsourcing:kong2025""]",novice,-0.25726784590999,0.05000549936570782,0.062479964482932936,0.042490248139431634,1118,0.1037567084078712
10620081,Kong2025 contest user 169299,"[""iiic_crowdsourcing:kong2025""]",other,0.23252941766153137,0.10938948643513603,0.22920407236943263,0.1546356943954025,120,0.19166666666666668
10620082,Kong2025 contest user 169435,"[""iiic_crowdsourcing:kong2025""]",novice,0.4316151958443162,0.04494299588323571,0.9716839624857835,0.1089103525944869,211,0.13270142180094788
10620084,Kong2025 contest user 169859,"[""iiic_crowdsourcing:kong2025""]",novice,0.2879323147876767,0.07760696774280687,0.4264120047690882,0.125184841689312,170,0.17647058823529413
10620085,Kong2025 contest user 169995,"[""iiic_crowdsourcing:kong2025""]",novice,0.056696901784997325,0.1255351649371881,-0.04768326999890324,0.13742461284474872,152,0.19736842105263158
10620086,Kong2025 contest user 170325,"[""iiic_crowdsourcing:kong2025""]",other,0.12411967070639483,0.08111213368671077,-0.14242805993314078,0.09241358080963162,411,0.23357664233576642
10620090,Kong2025 contest user 171030,"[""iiic_crowdsourcing:kong2025""]",other,-0.36039708268843007,0.1099915304858188,-0.05461659354839998,0.08502519867241831,277,0.10830324909747292
10620091,Kong2025 contest user 171070,"[""iiic_crowdsourcing:kong2025""]",other,-0.6522202450487427,0.16039557276859573,-0.5342775175051503,0.09985902685231825,248,0.17338709677419356
10620092,Kong2025 contest user 171437,"[""iiic_crowdsourcing:kong2025""]",novice,-0.16120120491438364,0.14829794849089042,-0.5120382596028854,0.12904562096866504,237,0.25316455696202533
10620093,Kong2025 contest user 171790,"[""iiic_crowdsourcing:kong2025""]",other,-0.11996385821459381,0.13712620530539613,-0.07751954153422233,0.12486503112569801,150,0.15333333333333332
10620097,Kong2025 contest user 172411,"[""iiic_crowdsourcing:kong2025""]",novice,0.0186333695125058,0.03551637181367009,0.43044697520956043,0.04168891643295513,1181,0.09144792548687553
10620099,Kong2025 contest user 172553,"[""iiic_crowdsourcing:kong2025""]",other,0.04420538734784928,0.12250504757216782,-0.03383940152384458,0.13096475119261142,158,0.189873417721519
10620101,Kong2025 contest user 172770,"[""iiic_crowdsourcing:kong2025""]",novice,-0.5266869997354038,0.08226790884794152,-0.24605253911126307,0.05556594047406044,663,0.12518853695324283
10620103,Kong2025 contest user 172890,"[""iiic_crowdsourcing:kong2025""]",novice,-0.19540090100624335,0.07848535235393073,-0.18238440963747418,0.06689338209237568,555,0.16756756756756758
10620104,Kong2025 contest user 172953,"[""iiic_crowdsourcing:kong2025""]",other,0.6193491024939818,0.014877064891503665,1.5760386687701229,0.07483274959854118,623,0.15569823434991975
10620105,Kong2025 contest user 172968,"[""iiic_crowdsourcing:kong2025""]",novice,0.2937231394484886,0.0625007396285105,0.6697598978917134,0.11480259247747787,170,0.14705882352941177
10620106,Kong2025 contest user 173194,"[""iiic_crowdsourcing:kong2025""]",novice,0.7162823230512343,0.014441378554647246,2.8575772316283357,0.22721808776157748,106,0.16981132075471697
10620107,Kong2025 contest user 173466,"[""iiic_crowdsourcing:kong2025""]",novice,0.6883713274354107,0.007541435726928225,2.309002307541873,0.0730005463180963,780,0.15897435897435896
10620113,Kong2025 contest user 175195,"[""iiic_crowdsourcing:kong2025""]",novice,0.403045030431634,0.04750842281042806,0.8497055548659065,0.10454437756937794,234,0.13675213675213677
10620116,Kong2025 contest user 175850,"[""iiic_crowdsourcing:kong2025""]",other,0.25696892466609605,0.07386793957577409,0.26639070109050506,0.10731634943763087,256,0.18359375
10620117,Kong2025 contest user 175988,"[""iiic_crowdsourcing:kong2025""]",novice,-0.7323581348772327,0.18014883225755177,-0.43666025923965596,0.10428767647259757,189,0.12698412698412698
10620119,Kong2025 contest user 176287,"[""iiic_crowdsourcing:kong2025""]",experienced,-1.2127686020143862,0.2838753077435878,-0.9476028518161812,0.1301507983171442,160,0.18125
10620123,Kong2025 contest user 177520,"[""iiic_crowdsourcing:kong2025""]",novice,-0.8079363545634852,0.12858510843121287,-0.30302652357426607,0.07334354828014246,347,0.09510086455331412
10620126,Kong2025 contest user 177819,"[""iiic_crowdsourcing:kong2025""]",novice,-0.7912655873440206,0.20049105227761607,-0.2514016643789009,0.11864380292648763,127,0.08661417322834646
10620127,Kong2025 contest user 177873,"[""iiic_crowdsourcing:kong2025""]",other,-0.8599156768418812,0.18107336694505713,-0.4594093196074317,0.09901904709513387,202,0.1188118811881188
10620128,Kong2025 contest user 178091,"[""iiic_crowdsourcing:kong2025""]",experienced,0.2124611272838756,0.1177864127984975,0.2451810234722791,0.16463839255057713,103,0.18446601941747573
10620129,Kong2025 contest user 178219,"[""iiic_crowdsourcing:kong2025""]",other,-0.3951865011713302,0.1316832628968973,-0.23084632377015415,0.09801321722917768,229,0.14410480349344978
10620130,Kong2025 contest user 178284,"[""iiic_crowdsourcing:kong2025""]",experienced,-0.6240425663871144,0.15848534783399373,-0.259608155328802,0.1028568302247574,184,0.11413043478260869
10620131,Kong2025 contest user 178840,"[""iiic_crowdsourcing:kong2025""]",other,-0.35067935481238155,0.16428392892175733,-0.17286663829020302,0.12553800202909232,134,0.13432835820895522
10620132,Kong2025 contest user 179452,"[""iiic_crowdsourcing:kong2025""]",other,-0.09997680047642087,0.135841219819052,-0.3598103430045911,0.1241440446386085,221,0.23076923076923078
10620133,Kong2025 contest user 179667,"[""iiic_crowdsourcing:kong2025""]",novice,-0.3146759318183015,0.1386997364279843,-0.15425400141908172,0.10878412490879869,181,0.13812154696132597
10620135,Kong2025 contest user 180044,"[""iiic_crowdsourcing:kong2025""]",other,0.4989268988503633,0.06618946000912884,0.8837457489035827,0.17650828855559028,111,0.16216216216216217
10620137,Kong2025 contest user 180491,"[""iiic_crowdsourcing:kong2025""]",novice,-0.4758363049421763,0.13752072637300009,-0.30444542108705613,0.09656336959503384,238,0.14705882352941177
10620140,Kong2025 contest user 180958,"[""iiic_crowdsourcing:kong2025""]",novice,-0.234500230553252,0.13233724329645588,0.1249724417027887,0.11817991313383303,141,0.09929078014184398
10620141,Kong2025 contest user 181320,"[""iiic_crowdsourcing:kong2025""]",novice,-0.1230090972638255,0.12297459935123335,-0.10140701231840371,0.11573603381157314,186,0.17204301075268819
10620143,Kong2025 contest user 181965,"[""iiic_crowdsourcing:kong2025""]",other,-0.011908047428553743,0.09712331327985849,0.15721239895560157,0.10743971211365119,201,0.14427860696517414
10620144,Kong2025 contest user 181978,"[""iiic_crowdsourcing:kong2025""]",other,-0.6577145712547177,0.12281354587824983,-0.2587764559544395,0.07760059866892409,317,0.11041009463722397
10620145,Kong2025 contest user 182080,"[""iiic_crowdsourcing:kong2025""]",other,0.11233066980590874,0.038903794813655704,0.33008261246029225,0.04891705217874088,970,0.1309278350515464
10620146,Kong2025 contest user 182257,"[""iiic_crowdsourcing:kong2025""]",experienced,0.32920625923309593,0.06801034752366114,0.2733181789934959,0.10618979878365192,284,0.2007042253521127
10620153,Kong2025 contest user 183170,"[""iiic_crowdsourcing:kong2025""]",novice,-0.11996725567059899,0.07371589091992277,-0.014248911484792539,0.06811894395284102,489,0.14519427402862986
10620154,Kong2025 contest user 183219,"[""iiic_crowdsourcing:kong2025""]",other,-0.6677546888485947,0.19548407045488908,-0.4494632555631263,0.12027834976878336,151,0.1456953642384106
10620159,Kong2025 contest user 183581,"[""iiic_crowdsourcing:kong2025""]",other,-0.7247648816266848,0.20373026608469152,-0.3306955869622534,0.12375937068257739,127,0.11023622047244094
10620160,Kong2025 contest user 183611,"[""iiic_crowdsourcing:kong2025""]",other,-0.4876504633353119,0.17330327953689634,-0.4490530798772971,0.11639222479621629,182,0.17032967032967034
10620161,Kong2025 contest user 183648,"[""iiic_crowdsourcing:kong2025""]",other,0.9659820822545532,0.05907654606996489,0.04221296564502036,0.1654806354459994,444,0.48873873873873874
10620165,Kong2025 contest user 184043,"[""iiic_crowdsourcing:kong2025""]",other,0.08460406246792335,0.0380027412881127,0.24479625706812708,0.04592099860954666,1129,0.14437555358724535
10620169,Kong2025 contest user 184961,"[""iiic_crowdsourcing:kong2025""]",novice,-0.3468397931216202,0.2580762461457165,-0.7895952841047584,0.19177208825922182,125,0.272
10620170,Kong2025 contest user 185843,"[""iiic_crowdsourcing:kong2025""]",novice,-0.5940214281667306,0.1409975956463125,-0.4813180357220307,0.09076702181522127,295,0.1694915254237288
10620173,Kong2025 contest user 186914,"[""iiic_crowdsourcing:kong2025""]",novice,-0.44792851811864554,0.1881491799909055,-0.49450694323243477,0.1298630981074141,159,0.18867924528301888
10620174,Kong2025 contest user 187036,"[""iiic_crowdsourcing:kong2025""]",other,-0.049278203972757534,0.04495448046395036,0.0599077474617941,0.04538473243413037,1149,0.14708442123585727
10620175,Kong2025 contest user 187606,"[""iiic_crowdsourcing:kong2025""]",experienced,0.5085006436292654,0.04668283053105225,0.6769423166313641,0.11394219503025269,281,0.2099644128113879
10620178,Kong2025 contest user 188061,"[""iiic_crowdsourcing:kong2025""]",other,0.3602789132998549,0.03822019020858126,0.7544874984786415,0.07522827300186999,440,0.1340909090909091
10620180,Kong2025 contest user 188185,"[""iiic_crowdsourcing:kong2025""]",other,0.4577380396337823,0.13327261593809608,-0.12772506913034984,0.21840879025210844,129,0.32558139534883723
10620181,Kong2025 contest user 188468,"[""iiic_crowdsourcing:kong2025""]",other,0.4353708986198078,0.026101432900830116,0.5946526465834873,0.055879687117916535,1073,0.19478098788443615
10620182,Kong2025 contest user 188521,"[""iiic_crowdsourcing:kong2025""]",novice,0.07733606369009162,0.13999358922979901,0.01992111691146023,0.1642598645164368,105,0.2
10620183,Kong2025 contest user 188853,"[""iiic_crowdsourcing:kong2025""]",other,-1.8616766460445395,0.2052253001300481,-1.0186346646307183,0.07398549077570132,408,0.14705882352941177
10620184,Kong2025 contest user 188969,"[""iiic_crowdsourcing:kong2025""]",other,-0.7329249578402639,0.1926359010803324,-0.3802487847640082,0.11597076385200918,148,0.12162162162162163
10620185,Kong2025 contest user 189368,"[""iiic_crowdsourcing:kong2025""]",novice,-0.2547828065827231,0.12366853820680061,-0.0014689444668008148,0.10428700676378681,189,0.1164021164021164
10620186,Kong2025 contest user 190792,"[""iiic_crowdsourcing:kong2025""]",novice,-0.0824008597308305,0.17119943721874065,-0.20655552523485446,0.16809523362176196,105,0.20952380952380953
10620187,Kong2025 contest user 191280,"[""iiic_crowdsourcing:kong2025""]",novice,0.17049950278341505,0.1017879725253932,0.12667452625685457,0.12680764495111574,174,0.1839080459770115
10620189,Kong2025 contest user 191521,"[""iiic_crowdsourcing:kong2025""]",other,0.5583796449380383,0.05222515700138221,0.7197316869924496,0.1437203760718301,194,0.23195876288659795
10620191,Kong2025 contest user 192318,"[""iiic_crowdsourcing:kong2025""]",other,-0.46840349705931483,0.18298149025250993,-0.23389579985033448,0.1317572529876074,121,0.1322314049586777
10620193,Kong2025 contest user 192532,"[""iiic_crowdsourcing:kong2025""]",novice,-0.09446535947302713,0.14404309292653192,-0.053370781613080204,0.1441966462039091,119,0.17647058823529413
10620195,Kong2025 contest user 193336,"[""iiic_crowdsourcing:kong2025""]",novice,0.03013056379843959,0.12192983403001452,0.3835585341419475,0.1385359150036569,106,0.09433962264150944
10620201,Kong2025 contest user 194929,"[""iiic_crowdsourcing:kong2025""]",novice,-0.5364363204360899,0.20217125056390647,-0.48110931251888356,0.13515921719783525,137,0.17518248175182483
10620203,Kong2025 contest user 195388,"[""iiic_crowdsourcing:kong2025""]",novice,-0.009152524087383915,0.15952969646249743,-0.16160050323778696,0.1540758439452818,118,0.19491525423728814
10620204,Kong2025 contest user 195678,"[""iiic_crowdsourcing:kong2025""]",novice,0.4041092934856853,0.04838395127827172,0.5868605317626286,0.0998372898163152,320,0.1875
10620205,Kong2025 contest user 195948,"[""iiic_crowdsourcing:kong2025""]",novice,-0.18766242764241767,0.14005731678552846,0.20660789927063936,0.12907880566075164,115,0.08695652173913043
10620210,Kong2025 contest user 198478,"[""iiic_crowdsourcing:kong2025""]",other,0.358361334280513,0.08691937315544766,0.23395800118733184,0.150931062017606,167,0.24550898203592814
10620213,Kong2025 contest user 199067,"[""iiic_crowdsourcing:kong2025""]",novice,-0.9739950623336489,0.1802875287152025,-0.33852066032757866,0.095187530656452,196,0.08163265306122448
10620221,Kong2025 contest user 202810,"[""iiic_crowdsourcing:kong2025""]",experienced,-0.6003755470296899,0.2088187445283736,-0.26127463558309405,0.14040077673488116,100,0.12
10620224,Kong2025 contest user 203178,"[""iiic_crowdsourcing:kong2025""]",other,-0.37150186667298635,0.16613336652903743,-0.24363385262492743,0.12402489470099656,145,0.14482758620689656
10620227,Kong2025 contest user 203528,"[""iiic_crowdsourcing:kong2025""]",novice,0.6450461732669502,0.02035717134046021,1.9083340438826235,0.13186934907697923,203,0.14285714285714285
10620229,Kong2025 contest user 203808,"[""iiic_crowdsourcing:kong2025""]",novice,-0.40893790810148756,0.13951542788720703,-0.31652129533473694,0.10079186841785222,228,0.15789473684210525
10620234,Kong2025 contest user 204901,"[""iiic_crowdsourcing:kong2025""]",novice,-0.9138187280115095,0.2911030185996869,-0.725821076185682,0.15623054334268213,102,0.16666666666666666
10620243,Kong2025 contest user 206395,"[""iiic_crowdsourcing:kong2025""]",novice,-0.3026438412116562,0.11231960770764284,-0.08396216952720574,0.08989245811676971,257,0.1245136186770428
10620244,Kong2025 contest user 206725,"[""iiic_crowdsourcing:kong2025""]",novice,-1.2012962226553392,0.1800101744603959,-0.7682250982679718,0.08378818433032052,325,0.15384615384615385
10620245,Kong2025 contest user 206850,"[""iiic_crowdsourcing:kong2025""]",novice,0.16794460561012473,0.04758437659204653,0.18321650430039152,0.06077120324889865,736,0.17527173913043478
10620247,Kong2025 contest user 207027,"[""iiic_crowdsourcing:kong2025""]",other,-0.5680295728881158,0.2031560045659011,-0.4982204323747552,0.12814862287164583,146,0.1643835616438356
10620249,Kong2025 contest user 207149,"[""iiic_crowdsourcing:kong2025""]",other,-0.32001959396733537,0.19251447591943316,-0.2682685178413081,0.14982325894029674,105,0.1619047619047619
10620252,Kong2025 contest user 207876,"[""iiic_crowdsourcing:kong2025""]",other,-0.06435260287312715,0.105407319569947,-0.11664914349932518,0.10251165860369896,256,0.18359375
10620256,Kong2025 contest user 208448,"[""iiic_crowdsourcing:kong2025""]",novice,0.1962637728775926,0.05759072199119322,0.18507018589495144,0.07899221345899317,475,0.19157894736842104
10620261,Kong2025 contest user 209380,"[""iiic_crowdsourcing:kong2025""]",other,-0.4049423673954785,0.17074824179233178,-0.29116203060697654,0.12470970899834301,146,0.1506849315068493
10620262,Kong2025 contest user 209755,"[""iiic_crowdsourcing:kong2025""]",other,0.2637051036045742,0.08851942226000119,0.43794792914719277,0.1389951304796447,143,0.15384615384615385
10620263,Kong2025 contest user 209927,"[""iiic_crowdsourcing:kong2025""]",other,-0.23027906475639148,0.14694613277849694,-0.7305708663388439,0.11536788217756297,358,0.276536312849162
10620266,Kong2025 contest user 210313,"[""iiic_crowdsourcing:kong2025""]",other,0.1409362931205235,0.12278273588576336,0.043517720281460344,0.15606719392747373,126,0.21428571428571427
10620267,Kong2025 contest user 210659,"[""iiic_crowdsourcing:kong2025""]",novice,-0.21993810088006024,0.1494785574484713,-0.023791436178690537,0.1286380156593509,128,0.125
10620271,Kong2025 contest user 212593,"[""iiic_crowdsourcing:kong2025""]",other,0.06139965072036863,0.08739472939298369,0.05814704562438852,0.09677023781387278,278,0.17266187050359713
10620272,Kong2025 contest user 212778,"[""iiic_crowdsourcing:kong2025""]",novice,-0.0071139144610129846,0.1436057525791623,-0.3399336399997554,0.1422884469252201,184,0.24456521739130435
10620275,Kong2025 contest user 213171,"[""iiic_crowdsourcing:kong2025""]",novice,0.21690962124824217,0.07815835334137808,0.463294897865612,0.11496594654716664,179,0.13966480446927373
10620276,Kong2025 contest user 213329,"[""iiic_crowdsourcing:kong2025""]",novice,0.42735344204590625,0.06256261824550347,0.9402655277449042,0.13998218249091432,124,0.12096774193548387
10620280,Kong2025 contest user 214138,"[""iiic_crowdsourcing:kong2025""]",other,0.20823021041064013,0.10331960997393967,0.279002660995103,0.14215226214992358,129,0.17054263565891473
10620282,Kong2025 contest user 214497,"[""iiic_crowdsourcing:kong2025""]",other,0.1467364306606691,0.08857917045543733,0.03904690308858314,0.10487276428648576,265,0.19622641509433963
10620284,Kong2025 contest user 214675,"[""iiic_crowdsourcing:kong2025""]",other,-0.33622621146426945,0.15778735660782764,-0.3356554989758918,0.1212983532904028,174,0.1781609195402299
10620285,Kong2025 contest user 214919,"[""iiic_crowdsourcing:kong2025""]",novice,-0.2544326646254533,0.08064980101306388,-0.2894345395626484,0.06559195259041141,614,0.18403908794788273
10620287,Kong2025 contest user 215460,"[""iiic_crowdsourcing:kong2025""]",other,0.5949289626344321,0.02786099129990899,1.2067580848338724,0.10706753865464698,303,0.18811881188118812
10620288,Kong2025 contest user 215741,"[""iiic_crowdsourcing:kong2025""]",experienced,0.2745660205670726,0.05203470662908324,0.33347479623398346,0.07829655138426372,460,0.17608695652173914
10620290,Kong2025 contest user 216202,"[""iiic_crowdsourcing:kong2025""]",other,-0.2501506340445952,0.17883128133204723,-0.44981694687248674,0.1408651392974365,154,0.21428571428571427
10620294,Kong2025 contest user 217117,"[""iiic_crowdsourcing:kong2025""]",novice,0.5485644915567731,0.06220663592712375,0.8544841446537675,0.18578593377659758,112,0.21428571428571427
10620295,Kong2025 contest user 217241,"[""iiic_crowdsourcing:kong2025""]",experienced,0.4691821071053325,0.05254727651784391,0.463961484415179,0.11112750155574021,301,0.23920265780730898
10620297,Kong2025 contest user 217713,"[""iiic_crowdsourcing:kong2025""]",other,0.061092276751884465,0.10686963032881203,-0.17326954458999025,0.11528221093129287,251,0.22709163346613545
10620298,Kong2025 contest user 217769,"[""iiic_crowdsourcing:kong2025""]",other,0.03947627919550665,0.08800243815978065,0.20628741424955413,0.09925986735111586,234,0.13675213675213677
10620299,Kong2025 contest user 217792,"[""iiic_crowdsourcing:kong2025""]",other,0.02761153363740957,0.1385978131039123,-0.3167430870339024,0.14253709219430086,188,0.25
10620304,Kong2025 contest user 219855,"[""iiic_crowdsourcing:kong2025""]",other,-0.32933960935996576,0.15957964288709348,-0.4146695818335927,0.12125746543345989,189,0.19576719576719576
10620306,Kong2025 contest user 220614,"[""iiic_crowdsourcing:kong2025""]",other,-0.4951221213443395,0.2764094638635473,-0.7586296247525605,0.17911397068603072,108,0.23148148148148148
10620310,Kong2025 contest user 221302,"[""iiic_crowdsourcing:kong2025""]",novice,0.365716636923741,0.06449277327032694,0.6042858961234583,0.12021124062681014,187,0.16042780748663102
10620311,Kong2025 contest user 221416,"[""iiic_crowdsourcing:kong2025""]",novice,-0.0034282947860338475,0.14415372491164516,-0.09506857090884367,0.1525497153401512,124,0.20161290322580644
10620312,Kong2025 contest user 221622,"[""iiic_crowdsourcing:kong2025""]",novice,0.4044176320688251,0.058638489189659256,0.9027903026156201,0.1316056875101209,148,0.12837837837837837
10620313,Kong2025 contest user 221684,"[""iiic_crowdsourcing:kong2025""]",novice,-0.4262481762700737,0.12171287310179353,0.07599106924831109,0.09209243062637028,226,0.07079646017699115
10620315,Kong2025 contest user 221826,"[""iiic_crowdsourcing:kong2025""]",experienced,0.5225473749639246,0.04439241148680851,0.5310551200980355,0.10523460534444365,382,0.24083769633507854
10620317,Kong2025 contest user 222541,"[""iiic_crowdsourcing:kong2025""]",novice,0.7014384884775993,0.007203786331863991,2.308846032033926,0.07149340215505737,790,0.18354430379746836
10620319,Kong2025 contest user 222892,"[""iiic_crowdsourcing:kong2025""]",novice,0.12541965611894765,0.06687731085127811,-0.0965489592071426,0.07593290453498015,569,0.22144112478031636
10620320,Kong2025 contest user 223106,"[""iiic_crowdsourcing:kong2025""]",other,-1.194251051640838,0.20852581735171344,-0.5075371886710512,0.09815372838379788,188,0.09042553191489362
10620323,Kong2025 contest user 223285,"[""iiic_crowdsourcing:kong2025""]",experienced,0.5053693674065775,0.02743916497555429,0.8387441844629422,0.07326355579207838,630,0.18571428571428572
10620328,Kong2025 contest user 224761,"[""iiic_crowdsourcing:kong2025""]",novice,0.6977209282295121,0.004848943034391786,2.4792627267245755,0.055880606918864095,1541,0.15444516547696302
10620332,Kong2025 contest user 225261,"[""iiic_crowdsourcing:kong2025""]",novice,-0.26424121374668563,0.16175397436801908,-0.27544067979094733,0.13101501422307738,147,0.17687074829931973
10620334,Kong2025 contest user 225332,"[""iiic_crowdsourcing:kong2025""]",novice,0.1666497261261449,0.11056859073950315,0.34000699554211467,0.14958653066372676,109,0.14678899082568808
10620338,Kong2025 contest user 226265,"[""iiic_crowdsourcing:kong2025""]",other,-0.23388184857613661,0.1557916949076748,-0.0030746454173109427,0.13520443294163043,114,0.12280701754385964
10620341,Kong2025 contest user 226689,"[""iiic_crowdsourcing:kong2025""]",novice,0.14481756489947786,0.12904565121097128,-0.24258222058455517,0.1437397988846926,188,0.2553191489361702
10620343,Kong2025 contest user 226839,"[""iiic_crowdsourcing:kong2025""]",novice,0.22274809312946306,0.0698446515201316,0.3938892326320457,0.10331230515832,242,0.15702479338842976
10620344,Kong2025 contest user 226843,"[""iiic_crowdsourcing:kong2025""]",other,0.1084495090997407,0.11707640026971794,0.19400960451079524,0.14336849812526903,122,0.16393442622950818
10620347,Kong2025 contest user 227674,"[""iiic_crowdsourcing:kong2025""]",other,0.9441720614620676,0.35819149194274874,-1.4444892039183497,0.5887889328457954,196,0.5
10620349,Kong2025 contest user 227931,"[""iiic_crowdsourcing:kong2025""]",novice,0.5596628407885498,0.027758243429520237,0.9887975339532786,0.08650622441146852,470,0.1851063829787234
10620351,Kong2025 contest user 228025,"[""iiic_crowdsourcing:kong2025""]",novice,-0.11034697058999401,0.11890870430402238,-0.07910748479293109,0.11127187858072841,195,0.1641025641025641
10620357,Kong2025 contest user 230123,"[""iiic_crowdsourcing:kong2025""]",novice,0.8130752180231925,0.035026880823485804,1.4630651194117876,0.24492435307690794,100,0.39
10620363,Kong2025 contest user 231103,"[""iiic_crowdsourcing:kong2025""]",experienced,-0.07493136273027419,0.1291149676141313,0.01363734361436366,0.12753489026056555,147,0.14965986394557823
10620364,Kong2025 contest user 231870,"[""iiic_crowdsourcing:kong2025""]",novice,-0.1918130689974263,0.1280850405356867,0.0417801178820714,0.1140891258989933,160,0.11875
10620366,Kong2025 contest user 231947,"[""iiic_crowdsourcing:kong2025""]",other,-0.2624831354387244,0.12801532378861935,-0.15410880318186956,0.10841176287653423,198,0.15656565656565657
10620367,Kong2025 contest user 233302,"[""iiic_crowdsourcing:kong2025""]",novice,0.5558941606281511,0.06308741592578558,0.8695270632824356,0.1999853821635461,105,0.21904761904761905
10620371,Kong2025 contest user 233505,"[""iiic_crowdsourcing:kong2025""]",other,0.5259365104763478,0.030574498650563792,0.7969822516854005,0.08418544887036084,526,0.20342205323193915
10620373,Kong2025 contest user 233598,"[""iiic_crowdsourcing:kong2025""]",novice,-0.9672480059916541,0.14896684376487898,-0.6112389214539097,0.07660412758864124,369,0.14363143631436315
10620374,Kong2025 contest user 233869,"[""iiic_crowdsourcing:kong2025""]",novice,0.14787051348944297,0.1187479339898212,-0.3814038994941228,0.1348661254603539,277,0.2888086642599278
10620375,Kong2025 contest user 233881,"[""iiic_crowdsourcing:kong2025""]",other,0.1708953479997151,0.019919926012454126,0.6661704507465817,0.02922570818116405,2519,0.0853513298928146
10620376,Kong2025 contest user 233957,"[""iiic_crowdsourcing:kong2025""]",novice,0.3575592013421401,0.05487123676573342,0.9433064000493747,0.11573581799467345,175,0.10285714285714286
10620377,Kong2025 contest user 234113,"[""iiic_crowdsourcing:kong2025""]",other,-0.2505848579905899,0.23763581598727468,-0.5986052699686429,0.18248865818423154,108,0.24074074074074073
10620381,Kong2025 contest user 234288,"[""iiic_crowdsourcing:kong2025""]",novice,-0.2646362746353134,0.20532229899390958,-0.5063406688382187,0.1562076316486936,128,0.21875
10620382,Kong2025 contest user 234386,"[""iiic_crowdsourcing:kong2025""]",novice,0.693613782385901,0.00715191217656857,2.5180414957826964,0.08572163886831273,695,0.13956834532374102
10620392,Kong2025 contest user 235934,"[""iiic_crowdsourcing:kong2025""]",novice,0.19720802583770364,0.0764699057357091,0.6939557745986977,0.1178071988656522,160,0.0875
10620393,Kong2025 contest user 235945,"[""iiic_crowdsourcing:kong2025""]",novice,0.6801621911244607,0.015214884471183313,2.525233094285658,0.16077532071410255,167,0.1377245508982036
10620394,Kong2025 contest user 236043,"[""iiic_crowdsourcing:kong2025""]",experienced,-0.6464087938709054,0.1737518569139184,-0.3337045801815181,0.1095293722379744,170,0.12352941176470589
10620396,Kong2025 contest user 236256,"[""iiic_crowdsourcing:kong2025""]",novice,-0.28749354116395426,0.26500023464294764,-0.8027654073250122,0.1878444135385623,123,0.2682926829268293
10620397,Kong2025 contest user 236481,"[""iiic_crowdsourcing:kong2025""]",other,0.13680608365160116,0.07647025674704032,0.18042813140569022,0.0968359606294635,290,0.1724137931034483
10620398,Kong2025 contest user 236560,"[""iiic_crowdsourcing:kong2025""]",novice,-0.34292704219496756,0.09677511456331897,-0.33513906175833263,0.07309424992737239,473,0.17547568710359407
10620403,Kong2025 contest user 237642,"[""iiic_crowdsourcing:kong2025""]",novice,0.6676457198935021,0.017726223451618405,2.5408337352884804,0.18887121689859998,122,0.12295081967213115
10620404,Kong2025 contest user 237949,"[""iiic_crowdsourcing:kong2025""]",other,-1.087299366623591,0.2503251288821248,-0.6898468367639138,0.12286635248561184,143,0.13986013986013987
10620407,Kong2025 contest user 238660,"[""iiic_crowdsourcing:kong2025""]",novice,0.08169467323650026,0.09255496678498813,-0.172065124097266,0.10027732835715042,338,0.22781065088757396
10620409,Kong2025 contest user 239241,"[""iiic_crowdsourcing:kong2025""]",novice,-0.07651315630726571,0.05456087999020586,-0.13539310881244762,0.052262217524470016,996,0.18674698795180722
10620410,Kong2025 contest user 239410,"[""iiic_crowdsourcing:kong2025""]",experienced,0.15210322763188,0.11471805415866328,-0.0636723480730528,0.13688334746851485,177,0.22598870056497175
10620413,Kong2025 contest user 240082,"[""iiic_crowdsourcing:kong2025""]",novice,-0.10773426547667188,0.12324525202817717,0.36125426774963765,0.12269236558405253,125,0.072
10620419,Kong2025 contest user 241305,"[""iiic_crowdsourcing:kong2025""]",other,0.536562236912224,0.012155768232451495,0.980233175267053,0.03646235318203255,2525,0.17663366336633662
10620420,Kong2025 contest user 241595,"[""iiic_crowdsourcing:kong2025""]",other,-0.11666521504704132,0.12064079172212111,-0.16577773768199888,0.11133330089403148,213,0.18309859154929578
10620422,Kong2025 contest user 241770,"[""iiic_crowdsourcing:kong2025""]",other,0.25289132158650274,0.031175527200809492,0.7573501698305766,0.05200872052588658,842,0.09144893111638955
10620425,Kong2025 contest user 242225,"[""iiic_crowdsourcing:kong2025""]",other,-1.4609834153682366,0.20975457614463713,-0.7269911096721853,0.08633069777621598,258,0.10852713178294573
10620426,Kong2025 contest user 242271,"[""iiic_crowdsourcing:kong2025""]",novice,0.32813070742422484,0.028609001065875255,0.8003712977601982,0.05527341616072127,803,0.11457036114570361
10620432,Kong2025 contest user 242944,"[""iiic_crowdsourcing:kong2025""]",novice,0.1452431970427138,0.10560380520469685,-0.013349670459993567,0.12616660822559841,198,0.21212121212121213
10620434,Kong2025 contest user 244200,"[""iiic_crowdsourcing:kong2025""]",novice,-0.4329044637031341,0.1632547968275212,-0.2303782018293678,0.11528350045199685,157,0.12738853503184713
10620436,Kong2025 contest user 245158,"[""iiic_crowdsourcing:kong2025""]",other,-0.156784559224972,0.08354862040574962,-0.1598534899240141,0.07561480018518514,451,0.17738359201773837
10620438,Kong2025 contest user 245628,"[""iiic_crowdsourcing:kong2025""]",novice,0.10306667257589591,0.10141337098958511,0.10939376208179058,0.12318489924344243,178,0.1853932584269663
10620443,Kong2025 contest user 246466,"[""iiic_crowdsourcing:kong2025""]",novice,0.004464092356363455,0.0966211408240186,0.300477383984825,0.10977508106583975,176,0.11363636363636363
10620446,Kong2025 contest user 247167,"[""iiic_crowdsourcing:kong2025""]",other,0.3440889875796267,0.054997858066782965,0.1718333257640867,0.08672614863550415,488,0.23565573770491804
10620447,Kong2025 contest user 247625,"[""iiic_crowdsourcing:kong2025""]",experienced,0.11371101816730154,0.08381685103676455,0.21499314807147749,0.0990392092681895,250,0.144
10620448,Kong2025 contest user 248859,"[""iiic_crowdsourcing:kong2025""]",other,0.517853277804963,0.08732570276089775,0.4538168255583544,0.20125575577709784,105,0.2761904761904762
10620451,Kong2025 contest user 249143,"[""iiic_crowdsourcing:kong2025""]",other,-1.2493404617515396,0.13420896061323218,-0.9168146068677371,0.05914546874596409,743,0.1816958277254374
10620453,Kong2025 contest user 249213,"[""iiic_crowdsourcing:kong2025""]",novice,-0.1895970998464235,0.08268855113507713,0.227405590801062,0.07594308973812014,331,0.08459214501510574
10620460,Kong2025 contest user 250027,"[""iiic_crowdsourcing:kong2025""]",novice,0.08630149617077036,0.06753031423850574,0.4452245757022412,0.08433179753256209,302,0.09933774834437085
10620461,Kong2025 contest user 250033,"[""iiic_crowdsourcing:kong2025""]",experienced,0.08076660010230731,0.10344598879454395,-0.08294732112095277,0.11212279272507368,239,0.20502092050209206
10620466,Kong2025 contest user 251531,"[""iiic_crowdsourcing:kong2025""]",other,-0.5849454028239379,0.287423139167546,-0.8319851523787454,0.16978048204926055,116,0.22413793103448276
10620469,Kong2025 contest user 251817,"[""iiic_crowdsourcing:kong2025""]",novice,0.5717202211761164,0.040869840961824166,1.1124024858023382,0.141682317163685,170,0.18235294117647058
10620471,Kong2025 contest user 251970,"[""iiic_crowdsourcing:kong2025""]",other,0.42514080620294664,0.036122414643133524,0.9707019206407991,0.0853888692797562,346,0.12427745664739884
10620475,Kong2025 contest user 252347,"[""iiic_crowdsourcing:kong2025""]",novice,-0.4616261039239081,0.14557440487077464,-0.2258297366555281,0.10304049314590592,195,0.1282051282051282
10620478,Kong2025 contest user 252998,"[""iiic_crowdsourcing:kong2025""]",other,-0.4074381992935283,0.16381859006746166,-0.031959306237742395,0.12611126262886288,117,0.10256410256410256
10620479,Kong2025 contest user 253170,"[""iiic_crowdsourcing:kong2025""]",novice,0.6218661787416941,0.020181947121486687,1.494837965037937,0.09771078977323464,358,0.17039106145251395
10620481,Kong2025 contest user 253328,"[""iiic_crowdsourcing:kong2025""]",experienced,-0.3768783769154683,0.07039893720922526,0.09610493708738228,0.0549586623828018,633,0.07582938388625593
10620483,Kong2025 contest user 253509,"[""iiic_crowdsourcing:kong2025""]",novice,-0.7625829845392472,0.2355745157710544,-0.6794343269563787,0.13475885568125995,144,0.18055555555555555
10620485,Kong2025 contest user 253896,"[""iiic_crowdsourcing:kong2025""]",other,-0.9342532566590452,0.20744431987058404,-0.515632519190947,0.10870474056108392,168,0.11904761904761904
10620486,Kong2025 contest user 254045,"[""iiic_crowdsourcing:kong2025""]",other,-0.01890927017567045,0.14207825272302668,-0.18306999509680577,0.13982758076066126,151,0.2052980132450331
10620487,Kong2025 contest user 254125,"[""iiic_crowdsourcing:kong2025""]",other,0.06275992039170077,0.11913476338971843,-0.00017633781803572313,0.13375435560847054,157,0.1910828025477707
10620488,Kong2025 contest user 254284,"[""iiic_crowdsourcing:kong2025""]",other,-0.9380328344564405,0.2621539140789865,-0.9892692392350698,0.1345515016507283,191,0.225130890052356
10620497,Kong2025 contest user 255245,"[""iiic_crowdsourcing:kong2025""]",other,-0.6833603270998648,0.11520086727085971,-0.3288195764845704,0.06917698808977679,410,0.11463414634146342
10620504,Kong2025 contest user 255831,"[""iiic_crowdsourcing:kong2025""]",experienced,0.30533470226675513,0.07122909974723488,0.5762974925746805,0.1214158934123869,174,0.14367816091954022
10620508,Kong2025 contest user 257012,"[""iiic_crowdsourcing:kong2025""]",experienced,0.09578800506301027,0.13932812751683027,-0.04870273780852388,0.16277465491136875,117,0.21367521367521367
10620509,Kong2025 contest user 257015,"[""iiic_crowdsourcing:kong2025""]",novice,0.4456330095098516,0.03696685121402349,0.7552505304327908,0.0846571642620299,437,0.16475972540045766
10620511,Kong2025 contest user 257199,"[""iiic_crowdsourcing:kong2025""]",other,0.38268487322107253,0.09590474860181965,-0.1886564554052177,0.14377698390895347,286,0.3146853146853147
10620513,Kong2025 contest user 257578,"[""iiic_crowdsourcing:kong2025""]",novice,0.07625547233420822,0.11970302867497647,0.2508818519574411,0.1454180556489083,112,0.14285714285714285
10620517,Kong2025 contest user 258295,"[""iiic_crowdsourcing:kong2025""]",novice,-0.07095868387879416,0.15073424677763547,-0.39344860779005547,0.1297924181891134,194,0.2268041237113402
10620519,Kong2025 contest user 258572,"[""iiic_crowdsourcing:kong2025""]",novice,0.022852008772705785,0.19861008248455003,-0.40092808127626156,0.19294914638421928,105,0.2571428571428571
10620522,Kong2025 contest user 258939,"[""iiic_crowdsourcing:kong2025""]",novice,-0.5797845884054833,0.16695230844162054,-0.04054417758991977,0.11154091677579386,145,0.06896551724137931
10620528,Kong2025 contest user 259508,"[""iiic_crowdsourcing:kong2025""]",novice,-0.5805811665855339,0.1722079145306231,-0.3016071293902919,0.10986465243815309,168,0.11904761904761904
10620529,Kong2025 contest user 259517,"[""iiic_crowdsourcing:kong2025""]",novice,-0.4455877045983578,0.1534204484518009,-0.11577016648752873,0.11331785291274145,152,0.1118421052631579
10620530,Kong2025 contest user 259541,"[""iiic_crowdsourcing:kong2025""]",other,-1.0334016604493745,0.1763279861748161,-0.5891187784283106,0.08946464286040826,258,0.13178294573643412
10620531,Kong2025 contest user 259660,"[""iiic_crowdsourcing:kong2025""]",novice,-0.5986992713741965,0.20031232697651652,-0.9013748225839915,0.1260731197851161,270,0.25925925925925924
10620532,Kong2025 contest user 260058,"[""iiic_crowdsourcing:kong2025""]",other,-0.283764759522267,0.08506099601667208,-0.3190097199049136,0.06571762043294334,599,0.17863105175292154
10620534,Kong2025 contest user 260272,"[""iiic_crowdsourcing:kong2025""]",novice,-0.2579335987446445,0.09961699105995486,-0.3139999737266666,0.07894688188288215,421,0.1828978622327791
10620535,Kong2025 contest user 260512,"[""iiic_crowdsourcing:kong2025""]",novice,0.4499918789842736,0.08622674708661972,0.48759060217867045,0.19389671344223963,105,0.24761904761904763
10620536,Kong2025 contest user 260557,"[""iiic_crowdsourcing:kong2025""]",novice,-0.6810154816868216,0.14606161979212104,-0.22654743455974974,0.09117174563840985,230,0.09565217391304348
10620543,Kong2025 contest user 260949,"[""iiic_crowdsourcing:kong2025""]",experienced,-0.6695884904836165,0.2070499759118662,-0.5699964669210519,0.1274625907984256,155,0.17419354838709677
10620545,Kong2025 contest user 261196,"[""iiic_crowdsourcing:kong2025""]",novice,0.541647455934016,0.036567896877929586,1.2541415046187336,0.1318896647662099,166,0.16265060240963855
10620547,Kong2025 contest user 261915,"[""iiic_crowdsourcing:kong2025""]",other,0.002046936916242155,0.10724284802957891,0.376746636993211,0.12367745628021558,129,0.10077519379844961
10620552,Kong2025 contest user 265933,"[""iiic_crowdsourcing:kong2025""]",experienced,0.6826110233725681,0.015923599244561822,2.233298201583926,0.13810415111653088,192,0.171875
10620553,Kong2025 contest user 267575,"[""iiic_crowdsourcing:kong2025""]",novice,-0.19421559558143833,0.1244789440790487,0.2933938807449975,0.11581924723286605,142,0.07042253521126761
10620554,Kong2025 contest user 267892,"[""iiic_crowdsourcing:kong2025""]",novice,-0.7038748962006182,0.09627706675252935,-0.44523694021507426,0.05838649128604092,642,0.14797507788161993
10620555,Kong2025 contest user 268555,"[""iiic_crowdsourcing:kong2025""]",other,-0.07330204334111347,0.07302832509811642,-0.16522234281782622,0.06885115841384541,583,0.19039451114922812
10620556,Kong2025 contest user 268698,"[""iiic_crowdsourcing:kong2025""]",novice,-0.7795620715516688,0.1956121481312534,-0.6449692899534487,0.10883797918048423,207,0.16908212560386474
10620557,Kong2025 contest user 268777,"[""iiic_crowdsourcing:kong2025""]",experienced,-0.6427732563445911,0.13557351652382477,-0.7411960951957591,0.08406152487827202,469,0.22388059701492538
10620560,Kong2025 contest user 269835,"[""iiic_crowdsourcing:kong2025""]",novice,0.09995684414241451,0.14044435948133793,-0.2102651883276227,0.18621337384724512,137,0.2773722627737226
10620561,Kong2025 contest user 270173,"[""iiic_crowdsourcing:kong2025""]",novice,-0.20541766612806608,0.16366340152631476,-0.1370517733599237,0.13910068511935283,118,0.15254237288135594
10620563,Kong2025 contest user 270675,"[""iiic_crowdsourcing:kong2025""]",novice,-0.09613012745584508,0.13032119883529258,0.33513945962740765,0.13554804083711364,104,0.08653846153846154
10620566,Kong2025 contest user 271230,"[""iiic_crowdsourcing:kong2025""]",novice,0.17319840581980492,0.08591990353385999,0.18401868548915162,0.11238198547878067,219,0.182648401826484
10620567,Kong2025 contest user 271329,"[""iiic_crowdsourcing:kong2025""]",novice,-0.2570828228114312,0.1905811998098144,-0.43501635283458295,0.1521243748126262,131,0.21374045801526717
10620569,Kong2025 contest user 271478,"[""iiic_crowdsourcing:kong2025""]",other,0.1571803640153447,0.09731960513172806,0.17925217075734198,0.12634873156250656,169,0.1834319526627219
10620572,Kong2025 contest user 272178,"[""iiic_crowdsourcing:kong2025""]",novice,0.32197202104914946,0.07795380509960642,0.2524320748285808,0.12697921414172092,209,0.22488038277511962
10620573,Kong2025 contest user 272892,"[""iiic_crowdsourcing:kong2025""]",experienced,-0.06125912367533322,0.14378845422088823,-0.28755028377956676,0.1406561734545609,170,0.22941176470588234
10620574,Kong2025 contest user 273023,"[""iiic_crowdsourcing:kong2025""]",experienced,-0.34555263726448343,0.14295309245581592,-0.5565270015445427,0.1093887512413698,287,0.22996515679442509
10620578,Kong2025 contest user 273520,"[""iiic_crowdsourcing:kong2025""]",novice,0.6484130990350946,0.018401377487049973,1.677357635201213,0.0985256820381731,324,0.16666666666666666
10620579,Kong2025 contest user 273592,"[""iiic_crowdsourcing:kong2025""]",novice,-0.036218227052185394,0.17247091252529953,-0.24171161939357902,0.17301176522298087,107,0.22429906542056074
10620580,Kong2025 contest user 273766,"[""iiic_crowdsourcing:kong2025""]",novice,-0.435443744073001,0.14574884385828563,-0.6483489356731497,0.09971946936405089,336,0.2261904761904762
10620587,Kong2025 contest user 274798,"[""iiic_crowdsourcing:kong2025""]",other,-1.0703039652422732,0.27346926309157893,-0.7927246921923777,0.13453057571751628,135,0.16296296296296298
10620588,Kong2025 contest user 275058,"[""iiic_crowdsourcing:kong2025""]",other,-0.47523454338359467,0.16187192900003977,-0.31778852273075475,0.1153815779867984,170,0.15294117647058825
10620590,Kong2025 contest user 275649,"[""iiic_crowdsourcing:kong2025""]",experienced,0.6055817343722386,0.030007454494297942,0.7267225552746103,0.09785278969360342,536,0.27798507462686567
10620591,Kong2025 contest user 275689,"[""iiic_crowdsourcing:kong2025""]",novice,-1.0768070760693023,0.19970383531580177,-0.5888409331389852,0.09759939774567053,208,0.1201923076923077
10620596,Kong2025 contest user 276615,"[""iiic_crowdsourcing:kong2025""]",novice,-0.9003295592821505,0.2813739492796317,-0.8652391139877851,0.1508562330126389,133,0.20300751879699247
10620597,Kong2025 contest user 277293,"[""iiic_crowdsourcing:kong2025""]",novice,0.3979817137689743,0.061714451746107624,0.6340468838282665,0.12313768205086174,187,0.1711229946524064
10620599,Kong2025 contest user 277717,"[""iiic_crowdsourcing:kong2025""]",novice,0.013002648770389057,0.08949206084184565,0.1886208362796484,0.1014792230355155,218,0.14678899082568808
10620600,Kong2025 contest user 277981,"[""iiic_crowdsourcing:kong2025""]",novice,0.23271969072423582,0.0877506185449932,0.40636520772138746,0.13817363572572494,137,0.17518248175182483
10620604,Kong2025 contest user 279880,"[""iiic_crowdsourcing:kong2025""]",other,-0.4466269777747173,0.20563026989247352,-0.3348585672775103,0.1410676279837236,110,0.14545454545454545
10620606,Kong2025 contest user 280445,"[""iiic_crowdsourcing:kong2025""]",experienced,0.5722763294599325,0.02206830466022123,1.4165780831585835,0.0881777484961877,389,0.14652956298200515
10620611,Kong2025 contest user 281023,"[""iiic_crowdsourcing:kong2025""]",other,-0.29900339824679967,0.16031708915213275,-0.3282031026879055,0.12752034610110555,162,0.18518518518518517
10620612,Kong2025 contest user 281174,"[""iiic_crowdsourcing:kong2025""]",novice,0.17597091697470815,0.06608120676726066,0.24543427021703898,0.0886327159034575,337,0.17210682492581603
10620618,Kong2025 contest user 281837,"[""iiic_crowdsourcing:kong2025""]",other,-0.4080290055367381,0.1812502433049898,-0.07573827833301608,0.13948656720410701,100,0.11
10620627,Kong2025 contest user 283055,"[""iiic_crowdsourcing:kong2025""]",novice,0.5709961687547328,0.04051327438765995,1.352617180870931,0.16378878078350723,108,0.17592592592592593
10620648,Kong2025 contest user 284804,"[""iiic_crowdsourcing:kong2025""]",other,-0.6514347642954992,0.21353197970738025,-0.4974779029994276,0.13167231453436642,133,0.15789473684210525
10620652,Kong2025 contest user 285150,"[""iiic_crowdsourcing:kong2025""]",novice,0.6928184649583375,0.02175802608088715,2.085441481532139,0.18431916892191674,121,0.19834710743801653
10620653,Kong2025 contest user 285180,"[""iiic_crowdsourcing:kong2025""]",novice,0.470492829082177,0.04048048477173857,0.6510113417957939,0.09776949877372018,384,0.21354166666666666
10620661,Kong2025 contest user 285746,"[""iiic_crowdsourcing:kong2025""]",novice,-0.8055572974954844,0.2038461217361979,-0.3767251120361672,0.11670678280558486,140,0.10714285714285714
10620674,Kong2025 contest user 286799,"[""iiic_crowdsourcing:kong2025""]",other,-0.8150256821405486,0.10911520206060663,-0.5158800616770018,0.06260617010343356,565,0.1504424778761062
10620683,Kong2025 contest user 287522,"[""iiic_crowdsourcing:kong2025""]",novice,-0.6472842829376739,0.20967992559120682,-0.5162679103070478,0.12995763072463853,141,0.16312056737588654
10620700,Kong2025 contest user 291464,"[""iiic_crowdsourcing:kong2025""]",novice,0.31027532562349025,0.09900146551288987,0.44776498405666315,0.17142518986878616,100,0.18
10620701,Kong2025 contest user 292079,"[""iiic_crowdsourcing:kong2025""]",other,0.10458730957980816,0.1803383950387232,-0.27919239803102885,0.1954905984397999,101,0.25742574257425743
10620717,Kong2025 contest user 296373,"[""iiic_crowdsourcing:kong2025""]",experienced,0.12522190241724396,0.04473004139006553,0.26437823823803447,0.056123313312472965,775,0.14967741935483872
10620718,Kong2025 contest user 296512,"[""iiic_crowdsourcing:kong2025""]",novice,-0.2778056934528953,0.21004579706278814,-0.6458657196931588,0.16402894751570377,149,0.2550335570469799
10620722,Kong2025 contest user 297052,"[""iiic_crowdsourcing:kong2025""]",experienced,0.3957232942883161,0.052012557191365064,1.0904091770108462,0.12182787914721964,158,0.0949367088607595
10620736,Kong2025 contest user 300639,"[""iiic_crowdsourcing:kong2025""]",experienced,0.01733053978761774,0.11160382440124753,0.5896499515257808,0.1337252732781285,117,0.05982905982905983
10620737,Kong2025 contest user 301336,"[""iiic_crowdsourcing:kong2025""]",novice,-0.8227244810090515,0.2028489831986432,-0.34929483164395303,0.11533165260382892,140,0.1
10620740,Kong2025 contest user 302475,"[""iiic_crowdsourcing:kong2025""]",novice,-0.1319746367467731,0.12498927866798003,-0.48726424988383815,0.10842336124382429,325,0.24923076923076923
10620756,Kong2025 contest user 305676,"[""iiic_crowdsourcing:kong2025""]",other,-0.6334007515000838,0.20651442358769262,-0.6920252582364961,0.1258621331422078,186,0.20430107526881722
10620758,Kong2025 contest user 305949,"[""iiic_crowdsourcing:kong2025""]",novice,-0.5847244473127342,0.1613936261604912,-0.43216239081045793,0.10363430833207692,213,0.15492957746478872
10620759,Kong2025 contest user 306333,"[""iiic_crowdsourcing:kong2025""]",novice,-1.152166420963273,0.1709628852648294,-0.7232888196202043,0.08022506764870087,341,0.1466275659824047
10620776,Kong2025 contest user 310295,"[""iiic_crowdsourcing:kong2025""]",other,0.1437887277951667,0.10215403159472446,0.3855105338473005,0.13961603912879533,120,0.14166666666666666
10620790,Kong2025 contest user 312680,"[""iiic_crowdsourcing:kong2025""]",novice,0.10487242683995775,0.045179335133694404,0.03753263892002793,0.05358183401057457,1010,0.19801980198019803
10620792,Kong2025 contest user 314139,"[""iiic_crowdsourcing:kong2025""]",novice,-0.3031178555510378,0.11478611201952822,0.12068882318058104,0.09837426990682345,194,0.09278350515463918
10620801,Kong2025 contest user 316933,"[""iiic_crowdsourcing:kong2025""]",novice,-0.26856269396929006,0.14986909025989037,0.09720118185166125,0.1287704756207037,114,0.09649122807017543
10620805,Kong2025 contest user 317244,"[""iiic_crowdsourcing:kong2025""]",other,-0.6832282410586648,0.20021657895455736,-0.2494646053503789,0.12702112902355567,118,0.1016949152542373
10620813,Kong2025 contest user 320402,"[""iiic_crowdsourcing:kong2025""]",novice,-1.3050724837736325,0.2082313612630086,-0.6895430515310904,0.0947031924519797,225,0.12444444444444444
10620814,Kong2025 contest user 320705,"[""iiic_crowdsourcing:kong2025""]",novice,-0.546651417447952,0.1399675635267164,-0.3374341802736407,0.09441250278576631,244,0.14344262295081966
99000001,Centaur-IIIC gold expert: cal,"[""centaur_iiic_expert""]",expert,0.6639092992830382,0.002469656006075813,2.6312282259187363,0.032968977770410954,5000,0.1364
99000002,Centaur-IIIC gold expert: matt,"[""centaur_iiic_expert""]",expert,0.6502930548154103,0.0027012307350394366,2.5393117069161186,0.03256163181386072,5000,0.1222
99000003,Centaur-IIIC gold expert: tianyu,"[""centaur_iiic_expert""]",expert,0.6992802545865909,0.001945259476317892,2.8998331510184427,0.03372836342899605,5000,0.1796
