session_id,trial_index,seg_id,task_code,pattern_class_true,target_present,response_label,response_y,is_correct,reaction_time_ms,answer_changes,n_interactions,select_ms,montage,gain_uv,bandpass,notch,window_s,max_hw,ess,total_var,expected_loss_chosen,rejuv,post_decision
9be287ac-20ae-466a-8b20-94eb5b3435cd,0,7977,spike,spike,1,Yes (spike present),1,True,91.2,0,3,31.91826646211292,bipolar,50.0,0.5-70 Hz,60 Hz,10.0,0.17768558084929498,474.8276988300514,13.817739498732085,13.770429522290854,False,False
9be287ac-20ae-466a-8b20-94eb5b3435cd,1,1902,spike,spike,1,Yes (spike present),1,True,428.0,0,7,205.06219008034702,laplacian,300.0,0.5-70 Hz,60 Hz,10.0,0.17771571642636713,355.04886484306087,13.703941946681313,13.62684890423841,False,False
9be287ac-20ae-466a-8b20-94eb5b3435cd,2,9949,spike,spike,0,Yes (spike present),1,False,349.8,0,3,55.80152403916586,average,200.0,0.5-70 Hz,60 Hz,10.0,0.17159495942742253,599.9999999999999,13.089180422945617,13.536341614476711,True,False
9be287ac-20ae-466a-8b20-94eb5b3435cd,3,9213,spike,spike,1,Yes (spike present),1,True,101.8,0,4,32.66705277460634,bipolar,200.0,0.5-70 Hz,60 Hz,10.0,0.17152336522945355,581.7107994196617,13.000471869535708,12.96505444048325,False,False
9be287ac-20ae-466a-8b20-94eb5b3435cd,4,1417,spike,spike,0,No (no spike),0,True,146.8,0,5,314.91796720020955,bipolar,50.0,0.5-70 Hz,60 Hz,10.0,0.17421049884217898,521.2018961161604,12.895552804226105,12.881081898456854,False,False
9be287ac-20ae-466a-8b20-94eb5b3435cd,5,6983,spike,spike,1,Yes (spike present),1,True,410.0,0,10,169.9561482384792,bipolar,100.0,0.5-70 Hz,60 Hz,10.0,0.17489754689509773,489.03385114448815,12.82235554874846,12.81456338825512,False,False
9be287ac-20ae-466a-8b20-94eb5b3435cd,6,1230,spike,spike,0,No (no spike),0,True,1101.3,0,3,317.07834055081514,bipolar,100.0,0.5-70 Hz,60 Hz,10.0,0.17546254398196198,428.12982689869347,12.746559951313134,12.749127035375595,False,False
9be287ac-20ae-466a-8b20-94eb5b3435cd,7,7949,spike,spike,0,No (no spike),0,True,267.1,0,9,178.87347931911904,bipolar,200.0,0.5-20 Hz,60 Hz,10.0,0.17518925646731948,304.65692911179667,12.708692555729154,12.690096652619282,False,False
9be287ac-20ae-466a-8b20-94eb5b3435cd,8,866,spike,spike,0,No (no spike),0,True,403.3,0,4,118.66706717304203,bipolar,70.0,0.5-70 Hz,60 Hz,10.0,0.17612108784713043,599.9999999999999,12.544297664389774,12.640607210082743,True,False
9be287ac-20ae-466a-8b20-94eb5b3435cd,9,3027,spike,spike,0,No (no spike),0,True,474.5,0,6,38.187688616324145,bipolar,100.0,0.5-70 Hz,60 Hz,10.0,0.1763746055565007,567.3439548974862,12.5156344878923,12.475706605316395,False,False
9be287ac-20ae-466a-8b20-94eb5b3435cd,10,2717,spike,spike,0,No (no spike),0,True,689.4,0,6,55.78562519902398,bipolar,200.0,0.5-70 Hz,60 Hz,10.0,0.17686101094022244,495.34567693145107,12.5033558325005,12.459071662697086,False,False
9be287ac-20ae-466a-8b20-94eb5b3435cd,11,1918,spike,spike,0,No (no spike),0,True,967.5,0,5,309.89019142941993,average,70.0,0.5-70 Hz,60 Hz,10.0,0.17727721220941833,418.58322391348986,12.496862483152643,12.45860862391757,False,False
9be287ac-20ae-466a-8b20-94eb5b3435cd,12,8146,spike,spike,1,Yes (spike present),1,True,265.3,0,5,305.82672314507516,bipolar,200.0,0.5-70 Hz,60 Hz,10.0,0.17725868891112923,405.2249357706603,12.476623122366785,12.453731541090919,False,False
9be287ac-20ae-466a-8b20-94eb5b3435cd,13,472,spike,spike,0,No (no spike),0,True,21228.6,0,1,88.76698488682061,bipolar,100.0,0.5-70 Hz,60 Hz,10.0,0.17992073270657744,330.65020745359163,12.479018355786737,12.445213365332583,False,False
9be287ac-20ae-466a-8b20-94eb5b3435cd,14,6130,spike,spike,0,No (no spike),0,True,791.3,0,2,315.35341231503577,bipolar,100.0,0.5-70 Hz,60 Hz,10.0,0.1725580880409967,599.9999999999999,11.87381190176585,12.45272376356309,True,False
9be287ac-20ae-466a-8b20-94eb5b3435cd,15,6289,spike,spike,1,Yes (spike present),1,True,344.2,0,4,282.7187519181175,bipolar,50.0,0.5-70 Hz,60 Hz,15.0,0.17276674843590295,587.3413313266557,11.86592603308861,11.85039675575808,False,False
9be287ac-20ae-466a-8b20-94eb5b3435cd,16,6465,spike,spike,0,No (no spike),0,True,160.4,0,5,41.26703178659532,bipolar,200.0,0.5-70 Hz,60 Hz,10.0,0.17139285742473215,565.2677592796148,11.889648276394283,11.85083531704165,False,False
9be287ac-20ae-466a-8b20-94eb5b3435cd,17,4755,spike,spike,0,No (no spike),0,True,1222.9,0,2,105.50230308714494,bipolar,70.0,0.5-70 Hz,60 Hz,10.0,0.16866546696732299,512.6382529125638,11.917042361126066,11.875397725694786,False,False
9be287ac-20ae-466a-8b20-94eb5b3435cd,18,13197,spike,spike,1,Yes (spike present),1,True,667.2,0,4,85.2973311108859,bipolar,200.0,0.5-70 Hz,60 Hz,10.0,0.16976602915559708,503.67038885927764,11.905433476402724,11.905608883135429,False,False
9be287ac-20ae-466a-8b20-94eb5b3435cd,19,9748,spike,spike,0,No (no spike),0,True,319.9,0,6,164.64801568867952,bipolar,70.0,0.5-70 Hz,60 Hz,10.0,0.16819436153921136,443.5157731637247,11.944746059657778,11.896525211573184,False,False
9be287ac-20ae-466a-8b20-94eb5b3435cd,20,32305,lpd,seizure,0,LPD,1,False,150.4,0,10,100.32903796427276,bipolar,100.0,0.5-70 Hz,60 Hz,10.0,0.1704773932858269,348.25960672079486,11.5961164573867,11.583835074148565,False,False
9be287ac-20ae-466a-8b20-94eb5b3435cd,21,68953,sz,lrda,0,LPD,0,False,108.2,0,7,35.13972025216034,bipolar,200.0,0.5-70 Hz,60 Hz,10.0,0.17289771345200095,599.9999999999999,11.105440416189872,11.28620143971576,True,False
9be287ac-20ae-466a-8b20-94eb5b3435cd,22,36215,gpd,grda,0,GPD,1,False,102.7,0,4,165.15003588482028,average,200.0,0.5-70 Hz,60 Hz,10.0,0.17121816369548853,470.975497669131,10.866704788715527,10.826150622793218,False,False
9be287ac-20ae-466a-8b20-94eb5b3435cd,23,68822,lrda,seizure,0,LRDA,1,False,114.8,0,4,102.89068707668544,laplacian,100.0,0.5-70 Hz,60 Hz,10.0,0.16806398526601368,357.2658125915589,10.590746460708166,10.614624343231178,False,False
9be287ac-20ae-466a-8b20-94eb5b3435cd,24,49371,grda,lrda,0,GRDA,1,False,151.3,0,0,74.03108438728603,bipolar,100.0,0.5-70 Hz,60 Hz,15.0,0.17377787854164967,599.9999999999999,10.456531680510514,10.364823550474172,True,False
9be287ac-20ae-466a-8b20-94eb5b3435cd,25,56031,gpd,lpd,0,GPD,1,False,546.9,0,6,37.805671964579936,bipolar,100.0,0.5-70 Hz,60 Hz,15.0,0.17337564002379058,566.2208667455776,10.235901922567624,10.220849051228525,False,False
9be287ac-20ae-466a-8b20-94eb5b3435cd,26,46278,iic,lrda,0,LRDA,0,True,153.7,0,5,48.2696472664893,bipolar,200.0,0.5-70 Hz,60 Hz,10.0,0.1740119232700475,416.1781639029172,9.999607629038655,10.01552422345613,False,False
9be287ac-20ae-466a-8b20-94eb5b3435cd,27,63650,lrda,seizure,0,LRDA,1,False,154.8,0,3,85.79274563986313,bipolar,100.0,0.5-70 Hz,60 Hz,15.0,0.17308239178865914,382.88869077195085,9.753641174822775,9.787544285143287,False,False
9be287ac-20ae-466a-8b20-94eb5b3435cd,28,57436,iic,lrda,0,LPD,0,False,146.1,0,7,176.86357744429088,bipolar,70.0,0.5-70 Hz,60 Hz,10.0,0.1680881623048529,309.3266965755984,9.512841192110285,9.551694336638498,False,False
9be287ac-20ae-466a-8b20-94eb5b3435cd,29,59725,gpd,grda,0,GPD,1,False,153.4,0,9,47.47738309853693,bipolar,100.0,0.5-70 Hz,60 Hz,10.0,0.1672016852101833,599.9999999999999,9.269252702779678,9.325906890715032,True,False
9be287ac-20ae-466a-8b20-94eb5b3435cd,30,54076,iic,lrda,0,LRDA,0,True,103.3,0,4,43.03926668837118,bipolar,100.0,0.5-70 Hz,60 Hz,10.0,0.16547024609289807,578.362380835072,8.997037962212659,9.086559811310172,False,False
9be287ac-20ae-466a-8b20-94eb5b3435cd,31,57261,lpd,lrda,0,LPD,1,False,100.5,0,2,139.350920854727,laplacian,100.0,0.5-70 Hz,60 Hz,10.0,0.16407600250622423,512.5116699409008,8.779604333687097,8.830473156744972,False,False
9be287ac-20ae-466a-8b20-94eb5b3435cd,32,51380,sz,lrda,0,Seizure,1,False,198.7,0,4,30.98712205811458,bipolar,70.0,0.5-70 Hz,60 Hz,10.0,0.1706795231833072,335.45283551256375,8.687721145495447,8.611468609203556,False,False
9be287ac-20ae-466a-8b20-94eb5b3435cd,33,33250,grda,seizure,0,GRDA,1,False,421.0,0,4,188.76177765872941,average,70.0,0.5-70 Hz,60 Hz,10.0,0.172267002110276,311.9877292977626,8.59137254447274,8.525733282891398,False,False
9be287ac-20ae-466a-8b20-94eb5b3435cd,34,41096,iic,grda,0,GRDA,0,True,394.0,0,6,324.68980616600425,average,100.0,0.5-20 Hz,60 Hz,15.0,0.16320262852838824,599.9999999999999,8.387202677851189,8.441077384229438,True,False
9be287ac-20ae-466a-8b20-94eb5b3435cd,35,22801,grda,seizure,0,GRDA,1,False,3127.6,0,2,54.67652962711698,laplacian,200.0,0.5-70 Hz,60 Hz,10.0,0.16222507436739858,580.2725678205298,8.197980624536578,8.235396636739768,False,False
9be287ac-20ae-466a-8b20-94eb5b3435cd,36,55346,gpd,lrda,0,LRDA,0,True,632.2,0,4,130.74927477637308,bipolar,70.0,0.5-70 Hz,60 Hz,10.0,0.16593060069633325,451.8940349257573,8.251361085118193,8.071838809166595,False,False
9be287ac-20ae-466a-8b20-94eb5b3435cd,37,48271,lrda,seizure,0,Seizure,0,True,163.4,0,3,33.764811759940834,bipolar,300.0,0.5-70 Hz,60 Hz,15.0,0.16492928201193208,599.9999999999999,8.316571846212147,8.126116471863662,True,False
9be287ac-20ae-466a-8b20-94eb5b3435cd,38,63317,lpd,other,0,LPD,1,False,100.2,0,2,423.48883836909107,bipolar,100.0,0.5-70 Hz,60 Hz,10.0,0.16544650613587086,575.7316125949876,8.214729723333084,8.175197716995081,False,False
9be287ac-20ae-466a-8b20-94eb5b3435cd,39,47245,sz,seizure,1,Seizure,1,True,98.7,0,7,43.695216088578604,bipolar,100.0,0.5-70 Hz,60 Hz,15.0,0.16193411628443205,540.5429034530986,8.082694393371,8.09086377216335,False,False
9be287ac-20ae-466a-8b20-94eb5b3435cd,40,25241,iic,other,1,Other,1,True,142.4,0,7,47.25354883224978,bipolar,100.0,0.5-70 Hz,60 Hz,15.0,0.158484377317835,467.3150468172525,7.892876412327846,7.9639958397770885,False,False
9be287ac-20ae-466a-8b20-94eb5b3435cd,41,55193,grda,lrda,0,GRDA,1,False,144.7,0,7,335.6773458304836,average,300.0,0.5-70 Hz,60 Hz,10.0,0.15327826128449,453.8792398828246,7.789238199916523,7.774752638516365,False,False
9be287ac-20ae-466a-8b20-94eb5b3435cd,42,51038,grda,seizure,0,GPD,0,False,232.5,0,2,138.2694768272994,bipolar,100.0,0.5-70 Hz,60 Hz,10.0,0.15294252012427073,413.22645059846803,7.641498099862071,7.6739078792358395,False,False
9be287ac-20ae-466a-8b20-94eb5b3435cd,43,70220,sz,lrda,0,Seizure,1,False,234.0,0,4,36.43043544928752,bipolar,200.0,0.5-70 Hz,60 Hz,10.0,0.14913755106176524,362.7639773406259,7.55366286223653,7.5294125168843635,False,False
9be287ac-20ae-466a-8b20-94eb5b3435cd,44,65668,lrda,other,0,Other,0,True,111.2,0,3,114.18170107101398,bipolar,100.0,0.5-20 Hz,60 Hz,10.0,0.14808324221161795,327.9273393324292,7.445213064284099,7.443500145576956,False,False
9be287ac-20ae-466a-8b20-94eb5b3435cd,45,33572,gpd,seizure,0,Seizure,0,True,103.9,0,2,133.80775578890223,average,50.0,0.5-70 Hz,60 Hz,10.0,0.14578264898964627,599.9999999999999,7.005566238011067,7.338913209515862,True,False
9be287ac-20ae-466a-8b20-94eb5b3435cd,46,44846,iic,other,1,Other,1,True,87.3,0,4,170.75297225164985,bipolar,70.0,0.5-70 Hz,60 Hz,10.0,0.14127215285586658,568.3710615312021,6.89354604299637,6.897935742425158,False,False
9be287ac-20ae-466a-8b20-94eb5b3435cd,47,27863,lrda,seizure,0,Seizure,0,True,97.4,0,6,121.7218296213575,bipolar,50.0,0.5-70 Hz,60 Hz,10.0,0.13801925242755986,554.8883964448536,6.816360652215266,6.803436284569509,False,False
9be287ac-20ae-466a-8b20-94eb5b3435cd,48,42952,lpd,gpd,0,LPD,1,False,102.7,0,3,121.7819894796646,laplacian,100.0,0.5-70 Hz,60 Hz,10.0,0.13777478253369552,532.8527894041855,6.735067298975458,6.725053604336796,False,False
9be287ac-20ae-466a-8b20-94eb5b3435cd,49,68639,sz,lrda,0,GPD,0,False,153.4,0,3,100.48268035232653,bipolar,100.0,0.5-70 Hz,60 Hz,10.0,0.1338429752927851,484.32852218124526,6.651535520714443,6.652377471461742,False,False
9be287ac-20ae-466a-8b20-94eb5b3435cd,50,45563,grda,gpd,0,GPD,0,True,264.2,0,5,281.9099658429443,laplacian,200.0,0.5-70 Hz,60 Hz,10.0,0.1313739901131556,437.58738397157435,6.592960233552242,6.5713450382000556,False,False
9be287ac-20ae-466a-8b20-94eb5b3435cd,51,22123,lrda,seizure,0,Seizure,0,True,157.5,0,2,56.528111279448424,bipolar,200.0,0.5-70 Hz,60 Hz,10.0,0.12770545043435227,397.50371398585145,6.532688565108436,6.50973484133341,False,False
9be287ac-20ae-466a-8b20-94eb5b3435cd,52,69945,lrda,grda,0,LRDA,1,False,120.2,0,3,57.95018039255966,laplacian,100.0,0.5-70 Hz,60 Hz,10.0,0.1247981968993192,374.12721876159594,6.514163747054364,6.454645274005313,False,False
9be287ac-20ae-466a-8b20-94eb5b3435cd,53,22391,sz,grda,0,Seizure,1,False,99.2,0,5,42.378098800957446,bipolar,100.0,0.5-70 Hz,60 Hz,10.0,0.12155686521636849,351.4842529105592,6.468530541033855,6.4353957662559615,False,False
9be287ac-20ae-466a-8b20-94eb5b3435cd,54,60705,gpd,seizure,0,Other,0,False,98.3,0,1,330.2556640596155,bipolar,70.0,0.5-70 Hz,60 Hz,10.0,0.12125784554218044,320.7992801512695,6.349380502187899,6.386065789843273,False,False
9be287ac-20ae-466a-8b20-94eb5b3435cd,55,32388,iic,other,1,Other,1,True,273.0,0,5,30.811443505414786,average,70.0,0.5-70 Hz,60 Hz,10.0,0.12731339923774354,599.9999999999999,6.076299458526042,6.276193579836307,True,False
9be287ac-20ae-466a-8b20-94eb5b3435cd,56,43389,lpd,grda,0,LRDA,0,False,161.6,0,5,28.766274337322667,bipolar,70.0,0.5-70 Hz,60 Hz,10.0,0.12750688033813617,427.14679053306105,5.836295132562498,5.992710599097164,False,False
9be287ac-20ae-466a-8b20-94eb5b3435cd,57,40008,iic,lrda,0,GPD,0,False,85.9,0,8,42.05573167728108,bipolar,200.0,0.5-70 Hz,60 Hz,10.0,0.12751487480575685,399.8545761203969,5.743714742575804,5.77121029593367,False,False
9be287ac-20ae-466a-8b20-94eb5b3435cd,58,61497,sz,lrda,0,Seizure,1,False,93.1,0,4,39.274665873828894,average,100.0,0.5-20 Hz,60 Hz,10.0,0.12750203014319095,387.13307337397094,5.690910464562926,5.679655747695224,False,False
9be287ac-20ae-466a-8b20-94eb5b3435cd,59,53422,gpd,lpd,0,GPD,1,False,91.7,0,4,45.887804616846395,bipolar,200.0,0.5-70 Hz,60 Hz,10.0,0.12746380192732765,383.9383026337308,5.645983276729154,5.629925676359374,False,False
9be287ac-20ae-466a-8b20-94eb5b3435cd,60,66746,lrda,grda,0,LRDA,1,False,83.6,0,5,68.70782896393708,bipolar,50.0,0.5-70 Hz,60 Hz,15.0,0.1205607712355285,378.94949305137,5.562602460995466,5.587490896461108,False,False
9be287ac-20ae-466a-8b20-94eb5b3435cd,61,36453,gpd,lrda,0,LRDA,0,True,106.1,0,7,148.85145974059776,bipolar,100.0,0.5-70 Hz,60 Hz,10.0,0.12013704310949797,347.28557756028835,5.430391568715017,5.510791290656517,False,False
9be287ac-20ae-466a-8b20-94eb5b3435cd,62,70790,sz,gpd,0,Seizure,1,False,106.5,0,7,106.62206128069938,bipolar,70.0,0.5-70 Hz,60 Hz,10.0,0.12037276385089102,327.6929713770842,5.392129821809666,5.378265706383659,False,False
9be287ac-20ae-466a-8b20-94eb5b3435cd,63,31011,grda,seizure,0,Seizure,0,True,141.0,0,2,93.67399448481311,bipolar,200.0,0.5-70 Hz,60 Hz,10.0,0.12564891762016367,304.7645174001137,5.387538597918339,5.338253595460582,False,False
9be287ac-20ae-466a-8b20-94eb5b3435cd,64,52296,lrda,gpd,0,GRDA,0,False,853.3,0,6,217.12524664670755,bipolar,200.0,0.5-70 Hz,60 Hz,10.0,0.10801809202886936,599.9999999999999,5.463771273374138,5.3358232195012505,True,False
9be287ac-20ae-466a-8b20-94eb5b3435cd,65,70977,gpd,seizure,0,GPD,1,False,107.1,0,9,70.55722460292336,bipolar,70.0,0.5-70 Hz,60 Hz,15.0,0.10767471422973712,584.5700428395542,5.390468239854229,5.406354812452315,False,False
9be287ac-20ae-466a-8b20-94eb5b3435cd,66,46932,sz,gpd,0,GPD,0,True,267.9,0,6,128.21233460938436,laplacian,100.0,0.5-70 Hz,60 Hz,10.0,0.1054269790922811,565.453795670549,5.3172564911923565,5.3326643032443215,False,False
9be287ac-20ae-466a-8b20-94eb5b3435cd,67,62695,grda,lrda,0,GRDA,1,False,502.9,0,3,66.96341847854121,bipolar,200.0,0.5-70 Hz,60 Hz,10.0,0.10644471452993959,555.9413986754902,5.23776490715513,5.257245138910771,False,False
9be287ac-20ae-466a-8b20-94eb5b3435cd,68,60905,lrda,grda,0,LPD,0,False,1839.7,0,5,100.35503915783464,bipolar,200.0,0.5-70 Hz,60 Hz,10.0,0.1030953522174719,534.8048263797618,5.204686317906156,5.186721154730181,False,False
9be287ac-20ae-466a-8b20-94eb5b3435cd,69,41050,iic,grda,0,GRDA,0,True,472.1,0,4,38.312061821241855,bipolar,70.0,0.5-20 Hz,60 Hz,15.0,0.1033553494957068,512.8057576702039,5.140181021073392,5.155864592737743,False,False
9be287ac-20ae-466a-8b20-94eb5b3435cd,70,35353,sz,lrda,0,Other,0,False,680.0,0,4,40.832597876177616,average,100.0,0.5-70 Hz,60 Hz,10.0,0.10315742206237039,473.31876308302486,5.07212098433433,5.09703132672329,False,False
9be287ac-20ae-466a-8b20-94eb5b3435cd,71,41525,gpd,lpd,0,LPD,0,True,291.7,0,6,389.2726853497203,bipolar,100.0,0.5-20 Hz,60 Hz,10.0,0.1161361373388412,301.2644368481456,5.177237407933864,5.028890383375027,False,False
9be287ac-20ae-466a-8b20-94eb5b3435cd,72,67854,gpd,grda,0,GPD,1,False,729.4,0,4,33.245104367101135,bipolar,100.0,0.5-20 Hz,60 Hz,15.0,0.10811229830550251,327.02065068447206,5.113638030695509,5.111651438629481,False,False
9be287ac-20ae-466a-8b20-94eb5b3435cd,73,45297,lpd,lrda,0,LPD,1,False,2564.0,0,2,114.04059791345708,bipolar,100.0,0.5-20 Hz,60 Hz,15.0,0.10354826368693487,323.1374000928447,5.019395709674947,5.060123183612562,False,False
9be287ac-20ae-466a-8b20-94eb5b3435cd,74,88662,lrda,lpd,0,LRDA,1,False,503.8,0,4,133.56559188949117,bipolar,200.0,0.5-20 Hz,60 Hz,10.0,0.10028520197698282,312.20883568115994,4.94320095752478,4.971945775220114,False,False
9be287ac-20ae-466a-8b20-94eb5b3435cd,75,35152,gpd,grda,0,GPD,1,False,146.4,0,6,34.663281189793906,average,70.0,0.5-70 Hz,60 Hz,10.0,0.10020008049952378,322.11326153275184,4.906040467249756,4.896319199535107,False,False
9be287ac-20ae-466a-8b20-94eb5b3435cd,76,55316,iic,lrda,0,GRDA,0,False,442.0,0,3,66.69205993019006,bipolar,200.0,0.5-70 Hz,60 Hz,10.0,0.08568858167921889,599.9999999999999,4.670126292962671,4.864322937662118,True,False
9be287ac-20ae-466a-8b20-94eb5b3435cd,77,49337,lpd,grda,0,Seizure,0,False,241.8,0,4,122.68635718496449,laplacian,70.0,0.5-70 Hz,60 Hz,10.0,0.08749611968213228,572.9281822300446,4.615758894536097,4.630302256127058,False,False
9be287ac-20ae-466a-8b20-94eb5b3435cd,78,44977,lpd,seizure,0,LPD,1,False,96.9,0,9,87.4360403798428,bipolar,100.0,0.5-70 Hz,60 Hz,15.0,0.08703439231254229,568.6908111281452,4.5563705730910256,4.574748878156009,False,False
9be287ac-20ae-466a-8b20-94eb5b3435cd,79,41260,grda,gpd,0,GRDA,1,False,101.4,0,5,285.99076724184096,bipolar,200.0,0.5-70 Hz,60 Hz,15.0,0.07959651416685493,561.2446151167197,4.502272902984145,4.518545132976003,False,False
9be287ac-20ae-466a-8b20-94eb5b3435cd,80,51846,gpd,lrda,0,GPD,1,False,109.4,0,5,123.00481547258882,bipolar,100.0,0.5-70 Hz,60 Hz,10.0,0.08478821296368139,396.0560983864755,4.502661748079763,4.465439490047459,False,False
9be287ac-20ae-466a-8b20-94eb5b3435cd,81,70791,grda,gpd,0,Other,0,False,92.0,0,7,47.56123101416171,bipolar,200.0,0.5-20 Hz,60 Hz,10.0,0.08474816590508488,372.9328108374834,4.491179724481498,4.461527846807879,False,False
9be287ac-20ae-466a-8b20-94eb5b3435cd,82,34942,gpd,grda,0,GPD,1,False,162.9,0,4,71.12466742099153,average,300.0,0.5-70 Hz,60 Hz,10.0,0.08654003872752741,354.4928935041013,4.444627616803856,4.4570106576588255,False,False
9be287ac-20ae-466a-8b20-94eb5b3435cd,83,51454,iic,other,1,Other,1,True,93.2,0,4,64.87506285740933,average,100.0,0.5-70 Hz,60 Hz,15.0,0.0843032416261813,335.5776825253109,4.458202550239166,4.412610869025284,False,False
9be287ac-20ae-466a-8b20-94eb5b3435cd,84,67374,lrda,gpd,0,GPD,0,True,86.1,0,4,109.38441772379176,bipolar,100.0,0.5-70 Hz,60 Hz,10.0,0.0771354000727334,315.1577951247229,4.457272585885662,4.426945371803339,False,False
9be287ac-20ae-466a-8b20-94eb5b3435cd,85,55983,iic,gpd,0,GPD,0,True,96.8,0,6,268.24519267275394,bipolar,100.0,0.5-70 Hz,60 Hz,10.0,0.07510346801848683,316.01593916442414,4.387125855017466,4.424939450458655,False,False
9be287ac-20ae-466a-8b20-94eb5b3435cd,86,68983,gpd,grda,0,GPD,1,False,97.4,0,1,169.93547191410713,average,100.0,0.5-70 Hz,60 Hz,10.0,0.07085783952287761,599.9999999999999,4.321615383772691,4.357585272984347,True,False
9be287ac-20ae-466a-8b20-94eb5b3435cd,87,38078,lrda,lpd,0,LRDA,1,False,146.4,0,5,32.367809899756,bipolar,100.0,0.5-70 Hz,60 Hz,10.0,0.071100922384297,588.2237756765504,4.301376969906656,4.28684439428173,False,False
9be287ac-20ae-466a-8b20-94eb5b3435cd,88,36886,grda,lpd,0,LPD,0,True,107.2,0,9,50.31395284222194,bipolar,200.0,0.5-70 Hz,60 Hz,10.0,0.07124892864164695,574.931233069054,4.228096001652353,4.268863588281694,False,False
9be287ac-20ae-466a-8b20-94eb5b3435cd,89,26068,lrda,seizure,0,LRDA,1,False,92.9,0,6,44.85187862152277,bipolar,100.0,0.5-70 Hz,60 Hz,10.0,0.07149680510418366,544.4151877437812,4.207942791441672,4.199765049677661,False,False
9be287ac-20ae-466a-8b20-94eb5b3435cd,90,51836,gpd,lrda,0,GPD,1,False,108.0,0,4,99.68134467118745,average,100.0,0.5-70 Hz,60 Hz,10.0,0.0698733588959391,532.3592614640072,4.2154916429959925,4.181085462853462,False,False
9be287ac-20ae-466a-8b20-94eb5b3435cd,91,38566,grda,gpd,0,GPD,0,True,109.6,0,2,105.97457835290378,average,100.0,0.5-20 Hz,60 Hz,10.0,0.0880918600806464,599.9999999999999,4.268264672582865,4.189125031492043,True,False
9be287ac-20ae-466a-8b20-94eb5b3435cd,92,35768,grda,lrda,0,GRDA,1,False,102.4,0,7,33.52000520805982,bipolar,100.0,0.5-70 Hz,60 Hz,10.0,0.08030826074938513,592.3330154786358,4.226738715937172,4.235227627900738,False,False
9be287ac-20ae-466a-8b20-94eb5b3435cd,93,44664,sz,gpd,0,GPD,0,True,88.9,0,3,89.90996432806672,bipolar,70.0,0.5-70 Hz,60 Hz,10.0,0.07748048721187467,565.9469259280296,4.166487951469511,4.195313242688308,False,False
9be287ac-20ae-466a-8b20-94eb5b3435cd,94,40101,grda,gpd,0,GPD,0,True,462.1,0,4,28.16365524918481,laplacian,100.0,0.5-70 Hz,60 Hz,10.0,0.06683139742788646,547.2549854323144,4.101741490500976,4.138021794284668,False,False
9be287ac-20ae-466a-8b20-94eb5b3435cd,95,37612,sz,gpd,0,Seizure,1,False,146.8,0,1,37.989525732712295,bipolar,100.0,0.5-70 Hz,60 Hz,10.0,0.06699483537856588,542.7163742263972,4.080427262241079,4.074384923475365,False,False
9be287ac-20ae-466a-8b20-94eb5b3435cd,96,70144,gpd,grda,0,GPD,1,False,136.7,0,6,127.60496542389996,laplacian,200.0,0.5-70 Hz,60 Hz,10.0,0.06558528139438635,528.3277528418131,4.056190116085656,4.053279953882816,False,False
9be287ac-20ae-466a-8b20-94eb5b3435cd,97,39106,lpd,gpd,0,GPD,0,True,104.5,0,6,72.14598834050403,bipolar,100.0,0.5-70 Hz,60 Hz,10.0,0.06624691356819523,485.633213574842,4.001121699158704,4.030558625454321,False,False
9be287ac-20ae-466a-8b20-94eb5b3435cd,98,53019,gpd,lpd,0,GPD,1,False,98.5,0,5,110.66486625405477,bipolar,70.0,0.5-70 Hz,60 Hz,10.0,0.06553496354611366,464.475724941416,3.977121338115147,3.975945308914813,False,False
9be287ac-20ae-466a-8b20-94eb5b3435cd,99,54035,grda,gpd,0,Other,0,False,104.1,0,5,356.50459182774415,bipolar,100.0,0.5-70 Hz,60 Hz,10.0,0.08876566405453623,334.26953762852077,4.024481379086738,3.9538253285617673,False,False
9be287ac-20ae-466a-8b20-94eb5b3435cd,100,47249,grda,seizure,0,Seizure,0,True,102.4,0,4,107.70793644348564,bipolar,200.0,0.5-20 Hz,60 Hz,10.0,0.0800292099587609,301.23501860811336,3.9765938749005985,3.9961023719995894,False,False
9be287ac-20ae-466a-8b20-94eb5b3435cd,101,68092,lrda,lpd,0,LRDA,1,False,165.8,0,8,44.826015761039365,average,70.0,0.5-70 Hz,60 Hz,10.0,0.08117448829073981,304.28970500875505,3.9579590857598763,3.9508786961002045,False,False
9be287ac-20ae-466a-8b20-94eb5b3435cd,102,70983,gpd,lpd,0,GPD,1,False,110.9,0,4,48.71796787680431,average,100.0,0.5-70 Hz,60 Hz,10.0,0.08525864143018308,599.9999999999999,4.043964106662909,3.9328421596946077,True,False
9be287ac-20ae-466a-8b20-94eb5b3435cd,103,22837,iic,seizure,0,Other,1,False,92.6,0,5,260.42001245993487,bipolar,300.0,0.5-70 Hz,60 Hz,10.0,0.08525787713278726,584.2372356307803,4.025431254596569,4.016128077350145,False,False
9be287ac-20ae-466a-8b20-94eb5b3435cd,104,38946,grda,lrda,0,GRDA,1,False,112.4,0,6,207.64699269576647,bipolar,100.0,0.5-70 Hz,60 Hz,10.0,0.07966395931244441,577.0425419449754,4.000056441344829,3.998265668837721,False,False
9be287ac-20ae-466a-8b20-94eb5b3435cd,105,40595,lpd,gpd,0,LPD,1,False,102.3,0,8,36.95372372533879,bipolar,100.0,0.5-70 Hz,60 Hz,10.0,0.0801070771580808,573.4549638622193,3.981538906650584,3.976929613464122,False,False
9be287ac-20ae-466a-8b20-94eb5b3435cd,106,50078,grda,gpd,0,GRDA,1,False,103.9,0,4,47.64255650950881,bipolar,70.0,0.5-20 Hz,60 Hz,10.0,0.07094918442120429,554.2102144561646,3.9584551009606908,3.9587936847967367,False,False
9be287ac-20ae-466a-8b20-94eb5b3435cd,107,44134,iic,other,1,Other,1,True,163.5,0,4,101.71717982362553,laplacian,200.0,0.5-70 Hz,60 Hz,15.0,0.0710246079501759,520.8651099910109,3.9470762247219886,3.936444424805817,False,False
9be287ac-20ae-466a-8b20-94eb5b3435cd,108,35634,lrda,grda,0,LRDA,1,False,87.7,0,4,421.07993912923627,bipolar,100.0,0.5-70 Hz,60 Hz,15.0,0.0709179809654017,515.7994474981945,3.915398745945702,3.925529579641215,False,False
9be287ac-20ae-466a-8b20-94eb5b3435cd,109,70065,sz,lrda,0,Seizure,1,False,93.9,0,4,67.67218851852878,bipolar,100.0,0.5-20 Hz,60 Hz,10.0,0.07093284969791902,506.89257300109347,3.899671791169541,3.894513848289283,False,False
9be287ac-20ae-466a-8b20-94eb5b3435cd,110,69661,sz,grda,0,LRDA,0,False,100.2,0,6,165.6079947206955,bipolar,70.0,0.5-70 Hz,60 Hz,10.0,0.07084838285350242,492.992223077816,3.9011287960186873,3.879207272044593,False,False
9be287ac-20ae-466a-8b20-94eb5b3435cd,111,65579,lrda,gpd,0,GPD,0,True,101.8,0,3,56.87895673007659,bipolar,100.0,0.5-70 Hz,60 Hz,10.0,0.07104543101337962,477.74794018352367,3.8896902889648453,3.8814394379445303,False,False
9be287ac-20ae-466a-8b20-94eb5b3435cd,112,68375,sz,lrda,0,Seizure,1,False,191.5,0,5,302.8432341994219,bipolar,100.0,0.5-70 Hz,60 Hz,10.0,0.07114076210462705,463.4766233917857,3.8781078545216285,3.870401017281882,False,False
9be287ac-20ae-466a-8b20-94eb5b3435cd,113,40564,gpd,grda,0,GRDA,0,True,149.5,0,2,41.045696428352365,bipolar,200.0,0.5-70 Hz,60 Hz,10.0,0.069646610951072,599.9999999999999,3.6754331020207074,3.859285726356366,True,False
9be287ac-20ae-466a-8b20-94eb5b3435cd,114,55303,gpd,lrda,0,LRDA,0,True,103.4,0,8,50.111399784273935,laplacian,100.0,0.5-70 Hz,60 Hz,10.0,0.06964022429491773,580.548202597652,3.6474692608578896,3.6420832710935223,False,False
9be287ac-20ae-466a-8b20-94eb5b3435cd,115,51979,gpd,lrda,0,LRDA,0,True,112.6,0,4,109.1862456017669,average,300.0,0.5-70 Hz,60 Hz,10.0,0.06903434177319262,535.6970829838531,3.630806261498391,3.6203283680413754,False,False
9be287ac-20ae-466a-8b20-94eb5b3435cd,116,55360,grda,lrda,0,Other,0,False,95.2,0,3,39.49816793362395,bipolar,200.0,0.5-20 Hz,60 Hz,10.0,0.06542757124349347,518.3344875611028,3.604001047545394,3.607773868399646,False,False
9be287ac-20ae-466a-8b20-94eb5b3435cd,117,51952,gpd,lrda,0,Other,0,False,148.6,0,4,257.11975063508186,bipolar,100.0,0.5-20 Hz,60 Hz,10.0,0.06544941458751652,466.2988536842024,3.5960835492507566,3.581529269476751,False,False
9be287ac-20ae-466a-8b20-94eb5b3435cd,118,64879,iic,grda,0,Other,1,False,184.8,0,5,120.34130241422578,bipolar,100.0,0.5-70 Hz,60 Hz,15.0,0.06062746094147747,444.0485973466626,3.558829793214681,3.575091643084848,False,False
9be287ac-20ae-466a-8b20-94eb5b3435cd,119,54027,gpd,seizure,0,GPD,1,False,141.2,0,6,104.71414525932445,bipolar,70.0,0.5-70 Hz,60 Hz,10.0,0.060320436742402284,523.5181996996321,3.483823282496853,3.5400464754410654,False,False
9be287ac-20ae-466a-8b20-94eb5b3435cd,120,52096,grda,lrda,0,LRDA,0,True,151.8,0,7,145.61066232376865,bipolar,100.0,0.5-70 Hz,60 Hz,10.0,0.05286863448901824,487.36276685783037,3.4577749990218476,3.46502531662032,False,False
9be287ac-20ae-466a-8b20-94eb5b3435cd,121,63424,lpd,lrda,0,LPD,1,False,99.6,0,3,128.25981010073372,bipolar,70.0,0.5-70 Hz,60 Hz,10.0,0.05580536902508476,480.5936822051202,3.4328565280282612,3.439916571430203,False,False
9be287ac-20ae-466a-8b20-94eb5b3435cd,122,59372,grda,gpd,0,GRDA,1,False,102.4,0,5,49.63864112274546,laplacian,100.0,0.5-70 Hz,60 Hz,10.0,0.052613361617494414,470.6523901206206,3.4086327583913287,3.4169619721450535,False,False
9be287ac-20ae-466a-8b20-94eb5b3435cd,123,55238,gpd,seizure,0,Seizure,0,True,96.7,0,6,117.9171672608134,bipolar,100.0,0.5-70 Hz,60 Hz,10.0,0.0498276611784087,457.47189850360184,3.398794552147063,3.3929713426479693,False,False
9be287ac-20ae-466a-8b20-94eb5b3435cd,124,51924,grda,lrda,0,LRDA,0,True,90.3,0,6,299.04813176450494,bipolar,100.0,0.5-70 Hz,60 Hz,10.0,0.049317408147960096,416.9555415241197,3.376607422950107,3.3834828039883567,False,False
9be287ac-20ae-466a-8b20-94eb5b3435cd,125,21022,iic,gpd,0,GPD,0,True,95.9,0,1,132.9236081368679,bipolar,200.0,0.5-70 Hz,60 Hz,10.0,0.04825199552819287,414.39934859150407,3.3738857614837574,3.361110000217284,False,False
9be287ac-20ae-466a-8b20-94eb5b3435cd,126,21111,lpd,grda,0,LPD,1,False,101.3,0,8,36.087646070681394,bipolar,100.0,0.5-70 Hz,60 Hz,10.0,0.04671830810678551,357.2915305081814,3.323675754984404,3.3582522685460034,False,False
9be287ac-20ae-466a-8b20-94eb5b3435cd,127,63709,iic,other,1,Other,1,True,112.7,0,6,41.263697898858055,average,100.0,0.5-70 Hz,60 Hz,10.0,0.04574294179651822,342.4487010535573,3.301156636355834,3.309337267991286,False,False
9be287ac-20ae-466a-8b20-94eb5b3435cd,128,37521,lrda,gpd,0,GPD,0,True,204.6,0,2,25.18737756311691,bipolar,200.0,0.5-70 Hz,60 Hz,10.0,0.046421432927106376,334.0731292249464,3.292943094857259,3.287439283315992,False,False
9be287ac-20ae-466a-8b20-94eb5b3435cd,129,21244,gpd,lrda,0,GPD,1,False,194.2,0,4,30.883835266288656,bipolar,100.0,0.5-70 Hz,60 Hz,10.0,0.04278069620628189,326.2625007111544,3.2859942336259356,3.2793553387751104,False,False
9be287ac-20ae-466a-8b20-94eb5b3435cd,130,88483,lrda,seizure,0,LRDA,1,False,435.1,0,3,381.64942559198454,laplacian,100.0,0.5-70 Hz,60 Hz,10.0,0.04231178873235131,323.3498319983145,3.26290492498504,3.2732263011080445,False,False
9be287ac-20ae-466a-8b20-94eb5b3435cd,131,31149,gpd,seizure,0,Other,0,False,399.3,0,4,32.06972262790909,bipolar,100.0,0.5-70 Hz,60 Hz,10.0,0.041852264987743915,312.41291259466,3.2532468570350357,3.2503259297426634,False,False
9be287ac-20ae-466a-8b20-94eb5b3435cd,132,69651,sz,lrda,0,Seizure,1,False,158.9,0,3,244.47621311482024,bipolar,200.0,0.5-70 Hz,60 Hz,10.0,0.04754994328033696,599.9999999999999,3.098766722782127,3.240847637177582,True,False
9be287ac-20ae-466a-8b20-94eb5b3435cd,133,53724,sz,gpd,0,Seizure,1,False,96.5,0,4,105.05796373835292,bipolar,100.0,0.5-70 Hz,60 Hz,10.0,0.04776281943113142,594.6648865977585,3.0953343379396725,3.0856802120087563,False,False
9be287ac-20ae-466a-8b20-94eb5b3435cd,134,40550,sz,grda,0,Seizure,1,False,189.2,0,4,74.77871164903588,laplacian,100.0,0.5-70 Hz,60 Hz,10.0,0.04551211863188542,491.87660519025275,3.108040420018651,3.0825338605594843,False,False
9be287ac-20ae-466a-8b20-94eb5b3435cd,135,46922,lrda,gpd,0,GPD,0,True,152.0,0,5,306.9606603607577,average,200.0,0.5-70 Hz,60 Hz,10.0,0.04555591540337911,486.84041770184194,3.0759249417658925,3.093644487687266,False,False
9be287ac-20ae-466a-8b20-94eb5b3435cd,136,63121,sz,grda,0,GPD,0,False,323.1,0,6,63.390652821355204,laplacian,100.0,0.5-70 Hz,60 Hz,15.0,0.04620817549084144,536.8890240273596,3.0562448823702426,3.063272531990988,False,False
9be287ac-20ae-466a-8b20-94eb5b3435cd,137,46177,grda,gpd,0,GRDA,1,False,98.5,0,7,132.34270953149,laplacian,100.0,0.5-20 Hz,60 Hz,10.0,0.05747133871763038,418.94120503853054,3.124659515721942,3.0440047493551434,False,False
9be287ac-20ae-466a-8b20-94eb5b3435cd,138,53784,grda,seizure,0,Other,0,False,95.3,0,4,35.88368575171562,bipolar,70.0,0.5-70 Hz,60 Hz,10.0,0.07189406252433223,599.9999999999999,3.203623147552027,3.1114502028409667,True,False
9be287ac-20ae-466a-8b20-94eb5b3435cd,139,67611,grda,gpd,0,GPD,0,True,98.3,0,3,113.86293700299228,bipolar,50.0,0.5-70 Hz,60 Hz,15.0,0.0653557463807643,592.2836015935598,3.1773747073479157,3.188043203498331,False,False
9be287ac-20ae-466a-8b20-94eb5b3435cd,140,32585,lpd,seizure,0,Seizure,0,True,93.3,0,4,91.15461466534761,average,200.0,0.5-20 Hz,60 Hz,10.0,0.06511801707193976,573.7541651191964,3.1479389715201718,3.1620121673005666,False,False
9be287ac-20ae-466a-8b20-94eb5b3435cd,141,39045,sz,other,0,Seizure,1,False,212.9,0,4,70.44849131330348,average,200.0,0.5-70 Hz,60 Hz,15.0,0.06530211853149337,569.3448055426287,3.1337201239325627,3.134574452785208,False,False
9be287ac-20ae-466a-8b20-94eb5b3435cd,142,38614,grda,gpd,0,GRDA,1,False,519.1,0,3,149.19422999847654,bipolar,100.0,0.5-70 Hz,60 Hz,10.0,0.099048081161626,482.71158042722027,3.1556037699457358,3.121236267160347,False,False
9be287ac-20ae-466a-8b20-94eb5b3435cd,143,22226,grda,seizure,0,Seizure,0,True,611.9,0,3,45.01871551862222,bipolar,100.0,0.5-70 Hz,60 Hz,10.0,0.08098588801277196,503.9950598089405,3.1331031578486295,3.1389769816882946,False,False
9be287ac-20ae-466a-8b20-94eb5b3435cd,144,69772,grda,seizure,0,Seizure,0,True,507.8,0,4,27.924910229657048,bipolar,100.0,0.5-70 Hz,60 Hz,10.0,0.07067757582383816,520.1617282344205,3.1157168335705716,3.1207144580823964,False,False
9be287ac-20ae-466a-8b20-94eb5b3435cd,145,36263,iic,lrda,0,Other,1,False,182.2,0,1,38.18582969293294,average,200.0,0.5-70 Hz,60 Hz,10.0,0.0712510087620376,372.49098763606383,2.9816717545758276,3.1044835262580666,False,False
9be287ac-20ae-466a-8b20-94eb5b3435cd,146,48443,iic,lrda,0,Other,1,False,165.7,0,11,108.82166909551302,average,100.0,0.5-70 Hz,60 Hz,10.0,0.07400418032513745,340.1998739161662,2.9449703989216114,2.9669506062317605,False,False
9be287ac-20ae-466a-8b20-94eb5b3435cd,147,40673,lpd,grda,0,GRDA,0,True,96.1,0,5,333.73072879215175,bipolar,100.0,0.5-70 Hz,60 Hz,10.0,0.07909746000163764,310.80044339966855,2.9058669360317335,2.9310190407186765,False,False
9be287ac-20ae-466a-8b20-94eb5b3435cd,148,41440,iic,lpd,0,Other,1,False,231.6,0,6,37.111848512573914,bipolar,100.0,0.5-70 Hz,60 Hz,10.0,0.07707364578699227,599.9999999999999,2.973900891576229,2.8928545975886117,True,False
9be287ac-20ae-466a-8b20-94eb5b3435cd,149,88383,grda,lrda,0,GRDA,1,False,199.5,0,6,184.89939508347538,bipolar,100.0,0.5-70 Hz,60 Hz,10.0,0.07094348544142925,593.5412276323674,2.9636934585048893,2.9630194856893257,False,False
9be287ac-20ae-466a-8b20-94eb5b3435cd,150,25399,gpd,seizure,0,Seizure,0,True,250.5,0,5,43.96589130110541,laplacian,50.0,0.5-70 Hz,60 Hz,10.0,0.0699105108813124,586.7932892059717,2.9567622500987842,2.953838533619191,False,False
9be287ac-20ae-466a-8b20-94eb5b3435cd,151,86212,grda,lrda,0,LRDA,0,True,252.8,0,7,29.27297219989608,bipolar,50.0,0.5-70 Hz,60 Hz,10.0,0.08917257997113953,455.2727342880507,2.962597487360913,2.9473745029716922,False,False
9be287ac-20ae-466a-8b20-94eb5b3435cd,152,35177,gpd,grda,0,GPD,1,False,180.8,0,4,112.25901933467686,bipolar,70.0,0.5-20 Hz,60 Hz,15.0,0.08925373222656496,450.66246787984863,2.9678620224596277,2.9526402567079355,False,False
9be287ac-20ae-466a-8b20-94eb5b3435cd,153,57301,gpd,lrda,0,Seizure,0,False,146.9,0,6,344.6544383928257,bipolar,70.0,0.5-70 Hz,60 Hz,10.0,0.08922278844849846,439.5493395636212,2.9709157721447683,2.958303560665802,False,False
9be287ac-20ae-466a-8b20-94eb5b3435cd,154,23733,lpd,grda,0,GRDA,0,True,549.1,0,4,53.79692938626701,bipolar,100.0,0.5-70 Hz,60 Hz,10.0,0.08917849741063455,415.12751088628534,2.9523939837182205,2.961608595340175,False,False
9be287ac-20ae-466a-8b20-94eb5b3435cd,155,88235,grda,grda,1,GRDA,1,True,164.5,0,8,419.5346197149834,bipolar,100.0,0.5-70 Hz,60 Hz,10.0,0.08303390704992147,444.977721212933,2.947424115063318,2.9431169543844655,False,False
9be287ac-20ae-466a-8b20-94eb5b3435cd,156,85342,gpd,lrda,0,GPD,1,False,164.4,0,6,191.38777182753486,laplacian,200.0,0.5-70 Hz,60 Hz,15.0,0.08316568076452097,434.4727261773474,2.951690507159451,2.939050624795027,False,False
9be287ac-20ae-466a-8b20-94eb5b3435cd,157,54058,grda,grda,1,GRDA,1,True,139.9,0,5,114.70939788478762,average,100.0,0.5-70 Hz,60 Hz,10.0,0.07928716362102528,459.5593248624786,2.9465687980599164,2.9433960551004206,False,False
9be287ac-20ae-466a-8b20-94eb5b3435cd,158,32715,gpd,seizure,0,Seizure,0,True,103.1,0,4,76.09457260870741,bipolar,100.0,0.5-70 Hz,60 Hz,10.0,0.07863730568652033,434.5081512034534,2.945833187430863,2.9387692543456962,False,False
9be287ac-20ae-466a-8b20-94eb5b3435cd,159,51960,lpd,lrda,0,LPD,1,False,108.6,0,6,49.19106481029055,bipolar,70.0,0.5-70 Hz,60 Hz,10.0,0.07938227689240207,438.13011764247625,2.9454633198405884,2.9377608713856818,False,False
9be287ac-20ae-466a-8b20-94eb5b3435cd,160,84687,grda,lrda,0,GRDA,1,False,213.5,0,5,60.688640486772,average,70.0,0.5-70 Hz,60 Hz,10.0,0.07417611562004656,453.87212755653235,2.938128438985762,2.937899911004977,False,False
9be287ac-20ae-466a-8b20-94eb5b3435cd,161,44156,gpd,grda,0,GPD,1,False,421.6,0,2,102.8500311587151,bipolar,70.0,0.5-70 Hz,60 Hz,15.0,0.07485386312565201,436.3702804790595,2.949186658590894,2.9308690177556276,False,False
9be287ac-20ae-466a-8b20-94eb5b3435cd,162,21566,gpd,grda,0,GPD,1,False,484.2,0,6,329.2866678623123,bipolar,100.0,0.5-70 Hz,60 Hz,10.0,0.07506864379065947,410.8469970917804,2.958030246501778,2.9417099795963626,False,False
9be287ac-20ae-466a-8b20-94eb5b3435cd,163,68755,grda,lpd,0,LPD,0,True,1772.6,0,6,373.1354213031677,bipolar,100.0,0.5-70 Hz,60 Hz,10.0,0.0695972059468759,404.80808387313994,2.957129068605943,2.9510047394771117,False,False
9be287ac-20ae-466a-8b20-94eb5b3435cd,164,50577,lpd,gpd,0,LPD,1,False,255.2,0,6,290.24494764510126,bipolar,200.0,0.5-70 Hz,60 Hz,10.0,0.06967042190881323,414.14796444882506,2.9603106861897404,2.95039940856151,False,False
9be287ac-20ae-466a-8b20-94eb5b3435cd,165,69995,lpd,other,0,LRDA,0,False,150.2,0,4,94.71665455185308,average,300.0,0.5-70 Hz,60 Hz,10.0,0.06970365377204202,410.4694257403492,2.9522670307751664,2.953997112675467,False,False
9be287ac-20ae-466a-8b20-94eb5b3435cd,166,88314,grda,gpd,0,GRDA,1,False,100.6,0,7,58.85976994587707,bipolar,100.0,0.5-70 Hz,60 Hz,10.0,0.06397790691639488,418.55809137702533,2.9470042575269764,2.9458124398184253,False,False
9be287ac-20ae-466a-8b20-94eb5b3435cd,167,40694,lpd,grda,0,LPD,1,False,102.5,0,5,110.4237925321476,bipolar,50.0,0.5-70 Hz,60 Hz,10.0,0.06382530989530888,407.8398189037242,2.9466846406525695,2.940448170447729,False,False
9be287ac-20ae-466a-8b20-94eb5b3435cd,168,87400,grda,lrda,0,GRDA,1,False,102.5,0,5,57.305588184611416,bipolar,100.0,0.5-70 Hz,60 Hz,10.0,0.060126558898290494,410.5537215662294,2.940292334195722,2.940915906417867,False,False
9be287ac-20ae-466a-8b20-94eb5b3435cd,169,60421,grda,lpd,0,GRDA,1,False,94.5,0,7,187.28803470873177,bipolar,100.0,0.5-70 Hz,60 Hz,15.0,0.07474594384307909,384.204021214172,2.893720057183585,2.9348811914431274,False,False
9be287ac-20ae-466a-8b20-94eb5b3435cd,170,45968,grda,lpd,0,LPD,0,True,88.7,0,7,30.92736904429879,laplacian,200.0,0.5-70 Hz,60 Hz,10.0,0.0689750922784872,395.26612035324104,2.893120226687703,2.8870392105138674,False,False
9be287ac-20ae-466a-8b20-94eb5b3435cd,171,56839,grda,other,0,Other,0,True,141.1,0,2,302.7888986307861,laplacian,200.0,0.5-20 Hz,60 Hz,15.0,0.06333011671678124,403.2510746552354,2.8967364247489957,2.887527070752767,False,False
9be287ac-20ae-466a-8b20-94eb5b3435cd,172,86946,grda,lrda,0,GRDA,1,False,106.9,0,5,34.14731247616285,bipolar,100.0,0.5-70 Hz,60 Hz,10.0,0.0597275780034614,401.62354995365934,2.8902880386188,2.8915348726962655,False,False
9be287ac-20ae-466a-8b20-94eb5b3435cd,173,50641,lpd,other,0,LPD,1,False,100.3,0,5,47.260665666752814,bipolar,200.0,0.5-70 Hz,60 Hz,10.0,0.05958230480581811,394.4654257519995,2.8876335059630285,2.885371297889337,False,False
9be287ac-20ae-466a-8b20-94eb5b3435cd,174,88264,grda,lrda,0,GRDA,1,False,90.2,0,2,125.23096303333564,bipolar,100.0,0.5-70 Hz,60 Hz,10.0,0.05869541722021021,390.0304765603323,2.8812440829203267,2.8830046646729235,False,False
9be287ac-20ae-466a-8b20-94eb5b3435cd,175,61619,grda,lrda,0,LRDA,0,True,100.4,0,4,198.46666820079898,bipolar,300.0,0.5-70 Hz,60 Hz,15.0,0.05391971087410824,393.3920061268925,2.8892999171305553,2.8767904449351844,False,False
9be287ac-20ae-466a-8b20-94eb5b3435cd,176,88376,grda,lpd,0,GRDA,1,False,163.4,0,4,301.47115660654197,bipolar,50.0,0.5-70 Hz,60 Hz,10.0,0.05309151172029669,387.14368129756804,2.883426064087642,2.8853186839163847,False,False
9be287ac-20ae-466a-8b20-94eb5b3435cd,177,63406,grda,gpd,0,GPD,0,True,236.6,0,8,56.955013361765154,laplacian,200.0,0.5-70 Hz,60 Hz,10.0,0.05122910416225879,385.78116438018515,2.8934896215160384,2.8796989202564287,False,False
9be287ac-20ae-466a-8b20-94eb5b3435cd,178,38682,grda,lpd,0,GRDA,1,False,147.9,0,4,61.59435929094622,bipolar,300.0,0.5-70 Hz,60 Hz,10.0,0.04844787966672759,378.5603078648304,2.8877580122660267,2.890024373368416,False,False
9be287ac-20ae-466a-8b20-94eb5b3435cd,179,49579,iic,other,1,Other,1,True,103.3,0,6,292.8884015369836,bipolar,300.0,0.5-20 Hz,60 Hz,10.0,0.048502311575093215,373.59818866822127,2.8536523823883697,2.8742539541602503,False,False
9be287ac-20ae-466a-8b20-94eb5b3435cd,180,52083,grda,lpd,0,LPD,0,True,211.2,0,4,67.18037519437851,bipolar,300.0,0.5-70 Hz,60 Hz,10.0,0.044560267704801315,368.3882035074671,2.8612677432855222,2.8504366244827004,False,False
9be287ac-20ae-466a-8b20-94eb5b3435cd,181,88026,grda,grda,1,GRDA,1,True,418.1,0,2,103.9422487862738,average,100.0,0.5-70 Hz,60 Hz,15.0,0.04306134446522586,361.06373186679343,2.8550677137407474,2.858231953151943,False,False
9be287ac-20ae-466a-8b20-94eb5b3435cd,182,45479,grda,seizure,0,Seizure,0,True,172.9,0,5,44.94054600008359,bipolar,100.0,0.5-70 Hz,60 Hz,10.0,0.03972719781717704,350.39697281470825,2.864684551800906,2.852260659162918,False,False
9be287ac-20ae-466a-8b20-94eb5b3435cd,183,88393,grda,lrda,0,GRDA,1,False,369.3,0,2,104.65490428706318,bipolar,50.0,0.5-70 Hz,60 Hz,15.0,0.03826136126817359,343.10986958089177,2.8578710735567032,2.8619583434284177,False,False
9be287ac-20ae-466a-8b20-94eb5b3435cd,184,56529,grda,lpd,0,LPD,0,True,371.8,0,2,43.46820232150542,average,100.0,0.5-70 Hz,60 Hz,10.0,0.035564312704406076,329.0325607440394,2.8644210978428557,2.8553171520200573,False,False
9be287ac-20ae-466a-8b20-94eb5b3435cd,185,46043,iic,other,1,Other,1,True,428.1,0,7,116.61190732350863,average,100.0,0.5-70 Hz,60 Hz,15.0,0.03476524389712504,321.13030243644334,2.832505904160725,2.852252052022853,False,False
9be287ac-20ae-466a-8b20-94eb5b3435cd,186,86496,grda,lrda,0,GRDA,1,False,97.6,0,6,123.70835840675328,laplacian,100.0,0.5-70 Hz,60 Hz,10.0,0.03423531884221637,314.08336802781105,2.8245048857877975,2.830020940427717,False,False
9be287ac-20ae-466a-8b20-94eb5b3435cd,187,62063,grda,gpd,0,GPD,0,True,157.1,0,4,119.18748622311868,bipolar,100.0,0.5-70 Hz,60 Hz,10.0,0.03885981430496438,599.9999999999999,2.7416575177267806,2.8222006408055376,True,False
9be287ac-20ae-466a-8b20-94eb5b3435cd,188,85296,grda,gpd,0,GRDA,1,False,274.1,0,9,346.28473958902646,bipolar,50.0,0.5-70 Hz,60 Hz,15.0,0.03904079611160571,596.5916175988124,2.742192534581427,2.7391264883311495,False,False
9be287ac-20ae-466a-8b20-94eb5b3435cd,189,88087,grda,seizure,0,GRDA,1,False,138.8,0,3,119.84824770291443,average,50.0,0.5-20 Hz,60 Hz,10.0,0.039474920451605555,587.5515940880796,2.742569503776116,2.739827520245004,False,False
9be287ac-20ae-466a-8b20-94eb5b3435cd,190,89162,grda,lpd,0,GRDA,1,False,158.1,0,3,53.353983905642885,bipolar,70.0,0.5-70 Hz,60 Hz,10.0,0.04063747660148753,573.7199475629619,2.742942123434304,2.7403490831906407,False,False
9be287ac-20ae-466a-8b20-94eb5b3435cd,191,46398,sz,gpd,0,Seizure,1,False,107.6,0,5,303.23506094950847,bipolar,100.0,0.5-70 Hz,60 Hz,10.0,0.038623043648596256,570.5802726704338,2.730968283832145,2.7323731301419265,False,False
9be287ac-20ae-466a-8b20-94eb5b3435cd,192,64650,grda,other,0,GRDA,1,False,97.7,0,7,34.86768381904222,bipolar,200.0,0.5-70 Hz,60 Hz,15.0,0.03878621094625884,552.7958421885082,2.730662125513416,2.7289018849158477,False,False
9be287ac-20ae-466a-8b20-94eb5b3435cd,193,37451,grda,gpd,0,GRDA,1,False,97.8,0,1,289.78991853482614,bipolar,100.0,0.5-70 Hz,60 Hz,10.0,0.03885360055426473,496.8448085036787,2.70547065281373,2.728643608155336,False,False
9be287ac-20ae-466a-8b20-94eb5b3435cd,194,85411,grda,lrda,0,LRDA,0,True,97.4,0,5,273.95260315470205,bipolar,200.0,0.5-70 Hz,60 Hz,10.0,0.03645956417121671,534.861731975697,2.6944200205199507,2.703381520638013,False,False
9be287ac-20ae-466a-8b20-94eb5b3435cd,195,36407,grda,lrda,0,GRDA,1,False,107.2,0,6,125.94808512123029,laplacian,100.0,0.5-70 Hz,60 Hz,10.0,0.04024854574218767,406.55222766391745,2.6715927169212526,2.692338489498093,False,False
9be287ac-20ae-466a-8b20-94eb5b3435cd,196,31734,grda,seizure,0,LPD,0,False,113.6,0,5,317.85501984106753,bipolar,100.0,0.5-20 Hz,60 Hz,10.0,0.03800934993356375,440.7306841071518,2.6761255458472064,2.6693268161892334,False,False
9be287ac-20ae-466a-8b20-94eb5b3435cd,197,44589,iic,gpd,0,GPD,0,True,541.1,0,4,217.4523159314701,bipolar,50.0,0.5-70 Hz,60 Hz,10.0,0.03806514366247482,437.58900627528897,2.6680357021469234,2.6667197683128414,False,False
9be287ac-20ae-466a-8b20-94eb5b3435cd,198,33829,grda,seizure,0,Seizure,0,True,1195.2,0,5,172.4881009382517,average,70.0,0.5-70 Hz,60 Hz,10.0,0.036254732266495227,462.1147199187611,2.6703685322965027,2.666002395903287,False,False
9be287ac-20ae-466a-8b20-94eb5b3435cd,199,47935,grda,gpd,0,GPD,0,True,627.1,0,4,366.2180068090257,bipolar,50.0,0.5-70 Hz,60 Hz,10.0,0.0362511597837773,486.2854692384906,2.672826482263967,2.668504194413952,False,False
9be287ac-20ae-466a-8b20-94eb5b3435cd,200,65672,grda,grda,1,GRDA,1,True,705.1,0,5,32.35737338634349,average,70.0,0.5-70 Hz,60 Hz,10.0,0.03599484443679435,490.2786322530017,2.671961791564745,2.6710505502345656,False,False
9be287ac-20ae-466a-8b20-94eb5b3435cd,201,68637,grda,lrda,0,LRDA,0,True,167.6,0,4,44.030425630971784,bipolar,100.0,0.5-70 Hz,60 Hz,10.0,0.035731520380386905,513.3648809570668,2.6749128518759866,2.670252763969733,False,False
9be287ac-20ae-466a-8b20-94eb5b3435cd,202,85998,grda,lrda,0,GRDA,1,False,325.7,0,9,112.38785462160416,bipolar,100.0,0.5-70 Hz,60 Hz,15.0,0.03414923093500538,514.6059894442378,2.6740770184935805,2.6732943689572584,False,False
9be287ac-20ae-466a-8b20-94eb5b3435cd,203,69242,sz,lpd,0,Seizure,1,False,103.4,0,4,383.53376873903346,bipolar,100.0,0.5-70 Hz,60 Hz,10.0,0.033924166947924606,505.0639927628002,2.6675102347852677,2.665466476773694,False,False
9be287ac-20ae-466a-8b20-94eb5b3435cd,204,87920,grda,seizure,0,GRDA,1,False,88.6,0,1,354.5558040623199,bipolar,200.0,0.5-70 Hz,60 Hz,15.0,0.03360590831301857,504.2574255673423,2.6662239410081554,2.6659994069622717,False,False
9be287ac-20ae-466a-8b20-94eb5b3435cd,205,38677,grda,gpd,0,GRDA,1,False,83.6,0,4,191.6848171420758,bipolar,100.0,0.5-70 Hz,60 Hz,10.0,0.03513885603229411,421.5093311843704,2.648303536984107,2.6647341108722538,False,False
9be287ac-20ae-466a-8b20-94eb5b3435cd,206,63289,grda,lpd,0,LPD,0,True,106.4,0,6,204.25807521902323,bipolar,200.0,0.5-70 Hz,60 Hz,15.0,0.03400304749389216,443.0506186077449,2.6510961697567845,2.6467782162199565,False,False
9be287ac-20ae-466a-8b20-94eb5b3435cd,207,68479,lrda,lpd,0,LRDA,1,False,213.8,0,2,113.17757558271687,bipolar,100.0,0.5-70 Hz,60 Hz,10.0,0.03406586687858726,443.14440983776615,2.646888250559517,2.642450933076386,False,True
9be287ac-20ae-466a-8b20-94eb5b3435cd,208,34228,sz,grda,0,Seizure,1,False,101.6,0,2,47.25285483665455,bipolar,100.0,0.5-70 Hz,60 Hz,10.0,0.03395920549093712,432.6309080229877,2.638690157141413,2.638856767020806,False,True
9be287ac-20ae-466a-8b20-94eb5b3435cd,209,60174,iic,lrda,0,LPD,0,False,97.8,0,6,275.04905251776734,bipolar,200.0,0.5-70 Hz,60 Hz,10.0,0.03366276027350373,420.18133126642977,2.629544364259702,2.631456042491118,False,True
9be287ac-20ae-466a-8b20-94eb5b3435cd,210,63112,lrda,grda,0,Other,0,False,91.5,0,2,154.0446347287112,average,300.0,0.5-70 Hz,60 Hz,10.0,0.03379978754835178,414.49590969265296,2.6256175058294144,2.622460668361757,False,True
9be287ac-20ae-466a-8b20-94eb5b3435cd,211,47933,iic,lpd,0,Other,1,False,105.4,0,3,345.6583936691751,bipolar,100.0,0.5-70 Hz,60 Hz,10.0,0.03394630455139541,419.2053053031949,2.6176611643366097,2.6185023062364734,False,True
9be287ac-20ae-466a-8b20-94eb5b3435cd,212,85431,lrda,lpd,0,LRDA,1,False,103.7,0,10,311.46988461830654,average,200.0,0.5-20 Hz,60 Hz,10.0,0.03394326258628921,418.10835973043095,2.614193581922088,2.610456786642143,False,True
9be287ac-20ae-466a-8b20-94eb5b3435cd,213,60915,sz,grda,0,LPD,0,False,94.5,0,3,38.485854031465834,bipolar,200.0,0.5-70 Hz,60 Hz,10.0,0.03419362096027473,407.58683924953806,2.5897735306649867,2.6073899688669515,False,True
9be287ac-20ae-466a-8b20-94eb5b3435cd,214,56105,sz,other,0,Other,0,True,165.2,0,6,298.0395294292357,average,70.0,0.5-70 Hz,60 Hz,10.0,0.04070246589895499,326.1697312258872,2.6170942789163796,2.5833362914404043,False,True
9be287ac-20ae-466a-8b20-94eb5b3435cd,215,37690,sz,gpd,0,Seizure,1,False,94.5,0,6,49.41547276590335,bipolar,200.0,0.5-70 Hz,60 Hz,10.0,0.04048993674089685,337.97924242859744,2.6047923858805793,2.605756565377774,False,True
9be287ac-20ae-466a-8b20-94eb5b3435cd,216,27853,sz,lrda,0,Seizure,1,False,104.6,0,6,217.48699739927716,bipolar,100.0,0.5-70 Hz,60 Hz,10.0,0.03883268383731209,351.8510683745707,2.5955256456659135,2.595426335036748,False,True
9be287ac-20ae-466a-8b20-94eb5b3435cd,217,56180,sz,lrda,0,Seizure,1,False,103.8,0,6,88.68856818842292,average,100.0,0.5-20 Hz,60 Hz,15.0,0.0440883645565342,376.86814639547373,2.6350767871692518,2.5873088135268234,False,True
9be287ac-20ae-466a-8b20-94eb5b3435cd,218,38648,lrda,grda,0,LRDA,1,False,404.5,0,1,131.0517069976022,bipolar,200.0,0.5-70 Hz,60 Hz,10.0,0.04757513043358502,321.3381412234756,2.6261181039582153,2.627993628145401,False,True
9be287ac-20ae-466a-8b20-94eb5b3435cd,219,53742,sz,gpd,0,Seizure,1,False,492.3,0,5,180.3892514794001,bipolar,70.0,0.5-20 Hz,60 Hz,10.0,0.04706466480785482,333.5187864084994,2.6167883948385393,2.615184749373721,False,True
9be287ac-20ae-466a-8b20-94eb5b3435cd,220,36902,sz,lrda,0,Seizure,1,False,130.2,0,3,320.70922721067154,average,100.0,0.5-70 Hz,60 Hz,10.0,0.044189212220901775,340.95861289605574,2.6075528440645885,2.6080639657897624,False,True
9be287ac-20ae-466a-8b20-94eb5b3435cd,221,27416,sz,grda,0,GRDA,0,True,440.7,0,6,118.43392497863795,bipolar,50.0,0.5-70 Hz,60 Hz,15.0,0.0392840695032356,344.83662285504914,2.5885242669631663,2.5994344273075214,False,True
9be287ac-20ae-466a-8b20-94eb5b3435cd,222,35257,sz,grda,0,Seizure,1,False,502.0,0,5,151.76139379442273,bipolar,300.0,0.5-70 Hz,60 Hz,10.0,0.04095603987133517,599.9999999999999,2.604160614243667,2.581759982462829,True,True
9be287ac-20ae-466a-8b20-94eb5b3435cd,223,59456,lrda,grda,0,Seizure,0,False,222.2,0,4,282.9739723874692,bipolar,100.0,0.5-70 Hz,60 Hz,10.0,0.04073178901991603,593.5720504860135,2.601235530781101,2.5954871656406526,False,True
9be287ac-20ae-466a-8b20-94eb5b3435cd,224,35481,sz,lrda,0,Other,0,False,3512.1,0,5,105.94259742936232,bipolar,70.0,0.5-70 Hz,60 Hz,15.0,0.0337568575391064,588.2520884590883,2.5866389078107086,2.593619782497564,False,True
9be287ac-20ae-466a-8b20-94eb5b3435cd,225,39796,lrda,other,0,LRDA,1,False,957.9,0,7,106.49788610877282,average,200.0,0.5-70 Hz,60 Hz,10.0,0.03620805447487896,536.8363259679534,2.555738609717498,2.5790900372280836,False,True
9be287ac-20ae-466a-8b20-94eb5b3435cd,226,51681,iic,lrda,0,Other,1,False,13450.1,0,3,126.14983224036425,bipolar,70.0,0.5-20 Hz,60 Hz,15.0,0.036215754435152236,535.0325320651451,2.552331225609626,2.5482304822239983,False,True
9be287ac-20ae-466a-8b20-94eb5b3435cd,227,44829,lrda,gpd,0,GPD,0,True,1028.0,0,5,93.53460704884321,bipolar,50.0,0.5-70 Hz,60 Hz,15.0,0.03497263082622026,559.8242771616735,2.548713303234197,2.5451406689019858,False,True
9be287ac-20ae-466a-8b20-94eb5b3435cd,228,20885,sz,grda,0,Other,0,False,679.8,0,5,111.59625445678867,bipolar,200.0,0.5-70 Hz,60 Hz,10.0,0.03193006866506087,550.5245985156253,2.5369778837732153,2.542236767669111,False,True
9be287ac-20ae-466a-8b20-94eb5b3435cd,229,34502,lrda,seizure,0,Seizure,0,True,144.5,0,5,127.97425766103972,average,200.0,0.5-70 Hz,60 Hz,10.0,0.03192298908265534,557.6569111949669,2.5324384312608474,2.530743852595377,False,True
9be287ac-20ae-466a-8b20-94eb5b3435cd,230,87083,lrda,grda,0,LRDA,1,False,241.9,0,3,45.056877262648115,bipolar,100.0,0.5-70 Hz,60 Hz,10.0,0.03193703376097762,545.8973179128309,2.528330433182414,2.526792151007901,False,True
9be287ac-20ae-466a-8b20-94eb5b3435cd,231,60073,lrda,gpd,0,GRDA,0,False,189.7,0,6,46.35021053188711,average,100.0,0.5-70 Hz,60 Hz,10.0,0.03193896108256833,552.5770359063392,2.522926073397769,2.522783035749224,False,True
9be287ac-20ae-466a-8b20-94eb5b3435cd,232,65293,sz,grda,0,Seizure,1,False,95.2,0,7,134.38314661005856,bipolar,200.0,0.5-70 Hz,60 Hz,10.0,0.031388874160823144,549.888395365379,2.530740081101696,2.5175495482120125,False,True
9be287ac-20ae-466a-8b20-94eb5b3435cd,233,31713,gpd,seizure,0,Seizure,0,True,103.4,0,5,118.9359066548487,bipolar,100.0,0.5-70 Hz,60 Hz,10.0,0.03139962571021848,545.4070219855164,2.523715960011479,2.5255038342981204,False,True
9be287ac-20ae-466a-8b20-94eb5b3435cd,234,87604,lrda,lpd,0,LRDA,1,False,153.4,0,4,95.61741354160502,bipolar,200.0,0.5-70 Hz,60 Hz,10.0,0.03142244668460037,534.6768245939934,2.5199239487891707,2.5186045116272116,False,True
9be287ac-20ae-466a-8b20-94eb5b3435cd,235,49891,sz,grda,0,LPD,0,False,149.4,0,3,114.34381306679131,average,100.0,0.5-70 Hz,60 Hz,10.0,0.029594744585391686,519.1578001146594,2.5055074334354437,2.5148734323084714,False,True
9be287ac-20ae-466a-8b20-94eb5b3435cd,236,85268,lrda,gpd,0,GPD,0,True,102.4,0,3,63.223962319344075,laplacian,70.0,0.5-70 Hz,60 Hz,10.0,0.029558370854696203,517.1960337719855,2.4988969082358192,2.5005360319850056,False,True
9be287ac-20ae-466a-8b20-94eb5b3435cd,237,40538,gpd,other,0,LRDA,0,False,107.6,0,1,127.61466489120153,bipolar,100.0,0.5-70 Hz,60 Hz,10.0,0.02956316765990924,499.91221492290254,2.4887115655596586,2.4942561834217924,False,True
9be287ac-20ae-466a-8b20-94eb5b3435cd,238,28457,sz,grda,0,Seizure,1,False,111.7,0,8,69.90253229722623,bipolar,50.0,0.5-70 Hz,60 Hz,10.0,0.029578225581193218,493.04162178438577,2.5021885582951535,2.484222914866033,False,True
9be287ac-20ae-466a-8b20-94eb5b3435cd,239,69159,sz,grda,0,Seizure,1,False,184.0,0,0,301.44118559870736,bipolar,100.0,0.5-70 Hz,60 Hz,10.0,0.02959449938869768,483.0618461152625,2.505965677670204,2.497720959145837,False,True
9be287ac-20ae-466a-8b20-94eb5b3435cd,240,86333,lrda,grda,0,LRDA,1,False,359.8,0,6,177.0685907041964,bipolar,300.0,0.5-70 Hz,60 Hz,15.0,0.02951732672814661,472.0266312390879,2.502509718306881,2.501469253726669,False,True
9be287ac-20ae-466a-8b20-94eb5b3435cd,241,6049,spike,spike,0,Yes (spike present),1,False,1744.1,0,4,307.8575345949108,bipolar,200.0,0.5-70 Hz,60 Hz,15.0,0.02981964234874518,437.20928348928527,2.485033830978477,2.4979489373479176,False,True
9be287ac-20ae-466a-8b20-94eb5b3435cd,242,51187,lpd,grda,0,LPD,1,False,452.2,0,5,27.299413278135454,bipolar,200.0,0.5-70 Hz,60 Hz,10.0,0.028663203314417796,418.63470888629,2.462164207665475,2.4804900753013737,False,True
9be287ac-20ae-466a-8b20-94eb5b3435cd,243,49249,lrda,gpd,0,GPD,0,True,253.5,0,6,41.040161162415906,bipolar,100.0,0.5-70 Hz,60 Hz,10.0,0.028668347866013022,411.44871222771064,2.45221872047177,2.457747811347369,False,True
9be287ac-20ae-466a-8b20-94eb5b3435cd,244,22728,iic,lrda,0,LRDA,0,True,541.2,0,5,298.37017606367607,bipolar,100.0,0.5-70 Hz,60 Hz,10.0,0.02867420984994068,395.44649493985315,2.44954932333769,2.4479286858952976,False,True
9be287ac-20ae-466a-8b20-94eb5b3435cd,245,48579,gpd,lpd,0,LRDA,0,False,571.8,0,1,321.4526586764155,bipolar,100.0,0.5-20 Hz,60 Hz,10.0,0.028561614711396177,363.70388274516245,2.4335677885450964,2.4453897660148995,False,True
9be287ac-20ae-466a-8b20-94eb5b3435cd,246,45189,lrda,gpd,0,LRDA,1,False,602.4,0,12,64.64049662617354,bipolar,70.0,0.5-70 Hz,60 Hz,10.0,0.028571635602296475,347.8150466460163,2.4556651965314846,2.429776499166447,False,True
9be287ac-20ae-466a-8b20-94eb5b3435cd,247,86925,iic,seizure,0,Other,1,False,522.4,0,11,92.22217565413006,average,70.0,0.5-70 Hz,60 Hz,10.0,0.0285671421113608,346.80880122020847,2.4530895990896857,2.451657090694527,False,True
9be287ac-20ae-466a-8b20-94eb5b3435cd,248,51306,sz,lrda,0,LRDA,0,True,223.4,0,4,37.95616321510577,bipolar,100.0,0.5-70 Hz,60 Hz,10.0,0.02854256868726529,330.08193845964286,2.428047249815415,2.4491383668955535,False,True
9be287ac-20ae-466a-8b20-94eb5b3435cd,249,40992,lrda,gpd,0,LRDA,1,False,2715.8,0,1,52.64900149459015,bipolar,70.0,0.5-70 Hz,60 Hz,10.0,0.033541495318272,599.9999999999999,2.446282845647573,2.4241131458669276,True,True
9be287ac-20ae-466a-8b20-94eb5b3435cd,250,84661,lrda,grda,0,LRDA,1,False,270.1,0,4,106.80408938246099,bipolar,300.0,0.5-70 Hz,60 Hz,15.0,0.03356639918742643,595.649125841861,2.446829540682321,2.440164590650391,False,True
9be287ac-20ae-466a-8b20-94eb5b3435cd,251,56574,lrda,grda,0,LRDA,1,False,420.4,0,2,40.08764385323351,bipolar,100.0,0.5-70 Hz,60 Hz,10.0,0.0335810796266357,589.7812670188707,2.4458119120252872,2.4421932091555787,False,True
9be287ac-20ae-466a-8b20-94eb5b3435cd,252,88155,sz,gpd,0,Seizure,1,False,170.1,0,8,129.3251246654592,bipolar,100.0,0.5-70 Hz,60 Hz,10.0,0.031892432088046985,588.3637627822993,2.4428994593214095,2.4414532387812895,False,True
9be287ac-20ae-466a-8b20-94eb5b3435cd,253,45851,iic,gpd,0,Other,1,False,161.3,0,6,75.75817034859492,bipolar,200.0,0.5-20 Hz,60 Hz,10.0,0.031909030913343295,566.7987109911832,2.4494518209756637,2.4386961999686285,False,True
9be287ac-20ae-466a-8b20-94eb5b3435cd,254,55237,sz,lpd,0,Seizure,1,False,162.1,0,5,91.35569034459819,bipolar,100.0,0.5-70 Hz,60 Hz,10.0,0.03152390862395904,555.8883694653238,2.453135927669841,2.445237158963783,False,True
9be287ac-20ae-466a-8b20-94eb5b3435cd,255,20737,lrda,seizure,0,Seizure,0,True,143.3,0,4,108.71080021537676,average,50.0,0.5-70 Hz,60 Hz,10.0,0.03109751044196074,556.0044924896545,2.4521947550081378,2.4490785343904813,False,True
9be287ac-20ae-466a-8b20-94eb5b3435cd,256,60416,gpd,lpd,0,GPD,1,False,318.9,0,5,286.7787100929466,bipolar,200.0,0.5-70 Hz,60 Hz,10.0,0.03147113948008429,553.229620725292,2.453781809646697,2.4481793239679006,False,True
9be287ac-20ae-466a-8b20-94eb5b3435cd,257,52207,gpd,lrda,0,GPD,1,False,850.7,0,5,129.9042219459957,bipolar,70.0,0.5-70 Hz,60 Hz,10.0,0.032149096938569155,496.2443289061498,2.442753652699534,2.449850525709225,False,True
9be287ac-20ae-466a-8b20-94eb5b3435cd,258,89163,gpd,seizure,0,GPD,1,False,635.7,0,6,47.60212656756265,bipolar,100.0,0.5-20 Hz,60 Hz,10.0,0.03284176787105947,483.1989683597553,2.4440587069449715,2.438809043199125,False,True
9be287ac-20ae-466a-8b20-94eb5b3435cd,259,88121,sz,lrda,0,Seizure,1,False,341.1,0,3,131.78994404813596,bipolar,200.0,0.5-70 Hz,60 Hz,15.0,0.0329794387559072,476.0750392513434,2.4425159607019267,2.440161895459903,False,True
9be287ac-20ae-466a-8b20-94eb5b3435cd,260,38812,lpd,other,0,Seizure,0,False,254.2,0,4,49.07925128617944,bipolar,100.0,0.5-70 Hz,60 Hz,10.0,0.03407617986526623,315.04987802338417,2.4406951580956995,2.438871711165205,False,True
9be287ac-20ae-466a-8b20-94eb5b3435cd,261,54440,lpd,lrda,0,LPD,1,False,162.7,0,2,153.30504239312228,bipolar,100.0,0.5-70 Hz,60 Hz,10.0,0.034093880565360724,334.66357428159085,2.4356854798997407,2.430958846893179,False,True
9be287ac-20ae-466a-8b20-94eb5b3435cd,262,85408,lpd,seizure,0,LPD,1,False,154.1,0,3,32.82224745237166,bipolar,100.0,0.5-70 Hz,60 Hz,10.0,0.03410655049590694,351.40646372245027,2.431721260965909,2.4284310433421186,False,True
9be287ac-20ae-466a-8b20-94eb5b3435cd,263,38832,lpd,other,0,LPD,1,False,225.4,0,5,275.9321075298082,bipolar,300.0,0.5-70 Hz,60 Hz,10.0,0.034114655595988974,365.2337496935336,2.4284217886966104,2.4261167476457843,False,True
9be287ac-20ae-466a-8b20-94eb5b3435cd,264,49803,lpd,seizure,0,Other,0,False,242.6,0,5,84.86209161094129,bipolar,70.0,0.5-70 Hz,60 Hz,10.0,0.03688824586362899,599.9999999999999,2.5210888170720294,2.4239882675335362,True,True
9be287ac-20ae-466a-8b20-94eb5b3435cd,265,85896,lrda,grda,0,LRDA,1,False,212.5,0,2,105.11413608132848,average,200.0,0.5-70 Hz,60 Hz,10.0,0.035521641363112755,594.2811637303014,2.5121000268781235,2.516560726101964,False,True
9be287ac-20ae-466a-8b20-94eb5b3435cd,266,52402,lpd,grda,0,GRDA,0,True,176.5,0,3,40.02429126059613,bipolar,100.0,0.5-70 Hz,60 Hz,10.0,0.05152328075043916,370.7937885709023,2.4430700194647947,2.5027910770187294,False,True
9be287ac-20ae-466a-8b20-94eb5b3435cd,267,70788,lpd,gpd,0,LPD,1,False,153.3,0,2,107.72437557809056,bipolar,70.0,0.5-70 Hz,60 Hz,15.0,0.05041709206152756,404.8958293199899,2.4488504088295437,2.429612478555108,False,True
9be287ac-20ae-466a-8b20-94eb5b3435cd,268,70646,lpd,seizure,0,LPD,1,False,801.1,0,3,134.6406795999007,bipolar,300.0,0.5-70 Hz,60 Hz,10.0,0.04904321717906146,434.6951206557578,2.4529869404065994,2.437297650981332,False,True
9be287ac-20ae-466a-8b20-94eb5b3435cd,269,85931,lpd,seizure,0,LPD,1,False,241.1,0,5,50.586833809419716,average,200.0,0.5-70 Hz,60 Hz,10.0,0.04846501109882728,465.6196525668367,2.4576561846087768,2.442481249484022,False,True
9be287ac-20ae-466a-8b20-94eb5b3435cd,270,39281,lpd,seizure,0,LPD,1,False,291.3,0,6,110.91365017147798,bipolar,50.0,0.5-70 Hz,60 Hz,15.0,0.04720616191909299,484.23192208712345,2.4572270437499064,2.447852953327818,False,True
9be287ac-20ae-466a-8b20-94eb5b3435cd,271,60313,sz,gpd,0,LPD,0,False,360.5,0,5,55.26436361995788,bipolar,100.0,0.5-70 Hz,60 Hz,10.0,0.04647135085628551,478.90524904928634,2.4443990415046475,2.453518890767045,False,True
9be287ac-20ae-466a-8b20-94eb5b3435cd,272,56547,lpd,grda,0,GRDA,0,True,426.6,0,6,109.95263427463478,bipolar,100.0,0.5-70 Hz,60 Hz,10.0,0.041020631721390144,477.97522739513283,2.429946116013676,2.4355538342290655,False,True
9be287ac-20ae-466a-8b20-94eb5b3435cd,273,69755,lpd,lrda,0,LPD,1,False,157.9,0,4,267.0195750448734,average,50.0,0.5-70 Hz,60 Hz,10.0,0.03900107699013361,497.63680017323884,2.4309231287764774,2.4215255691936477,False,True
9be287ac-20ae-466a-8b20-94eb5b3435cd,274,50685,lpd,other,0,LPD,1,False,160.2,0,6,114.75534831844743,bipolar,200.0,0.5-70 Hz,60 Hz,10.0,0.03803507625691388,516.7779574877738,2.4321311868761466,2.4231746273536006,False,True
9be287ac-20ae-466a-8b20-94eb5b3435cd,275,61377,lpd,gpd,0,GRDA,0,False,357.0,0,7,154.40567956404615,bipolar,200.0,0.5-70 Hz,60 Hz,10.0,0.034247726680806556,501.3711907372813,2.4188171875374147,2.424649730845681,False,True
9be287ac-20ae-466a-8b20-94eb5b3435cd,276,22951,lpd,other,0,LPD,1,False,661.5,0,5,36.59424946128188,bipolar,70.0,0.5-70 Hz,60 Hz,10.0,0.033562276365178834,513.6957331869801,2.4180392538047237,2.4117324525514268,False,True
9be287ac-20ae-466a-8b20-94eb5b3435cd,277,63070,gpd,other,0,GPD,1,False,296.0,0,6,45.06810636233809,bipolar,200.0,0.5-70 Hz,60 Hz,10.0,0.033565151244408176,513.1536354530109,2.419817744459922,2.414399204260829,False,True
9be287ac-20ae-466a-8b20-94eb5b3435cd,278,56486,lpd,grda,0,Other,0,False,150.1,0,7,302.21388326537965,bipolar,200.0,0.5-20 Hz,60 Hz,10.0,0.03172036705474213,483.4910351421592,2.4102192732826113,2.413142873981845,False,True
9be287ac-20ae-466a-8b20-94eb5b3435cd,279,49855,lpd,lrda,0,LPD,1,False,349.3,0,9,49.17326388989826,bipolar,200.0,0.5-70 Hz,60 Hz,10.0,0.03167155245077752,494.93536144787083,2.408785112413851,2.403741128587035,False,True
9be287ac-20ae-466a-8b20-94eb5b3435cd,280,87570,lpd,gpd,0,LPD,1,False,529.2,0,3,179.88153588364995,bipolar,100.0,0.5-70 Hz,60 Hz,10.0,0.030083455056439112,505.7119002953497,2.40743094842407,2.4027396089977677,False,True
9be287ac-20ae-466a-8b20-94eb5b3435cd,281,64862,lpd,grda,0,LPD,1,False,112.0,0,7,52.70044769437237,bipolar,70.0,0.5-70 Hz,60 Hz,10.0,0.03232439093327483,549.5904007552645,2.401160478376366,2.401658707687908,False,True
9be287ac-20ae-466a-8b20-94eb5b3435cd,282,53763,lpd,gpd,0,LPD,1,False,764.2,0,2,138.97953907748368,bipolar,100.0,0.5-70 Hz,60 Hz,10.0,0.03170680931773329,553.1352188994174,2.4017363789146877,2.394859488964798,False,True
9be287ac-20ae-466a-8b20-94eb5b3435cd,283,69793,iic,seizure,0,LPD,0,False,698.5,0,1,73.05635098899711,average,200.0,0.5-70 Hz,60 Hz,10.0,0.031697958414640515,547.4783330480055,2.4000306209363598,2.398157178945452,False,True
9be287ac-20ae-466a-8b20-94eb5b3435cd,284,84705,lpd,lrda,0,LPD,1,False,519.5,0,5,34.930204171451656,bipolar,200.0,0.5-70 Hz,60 Hz,10.0,0.03165203674670153,548.9803945750526,2.4004978461594293,2.3942858577954285,False,True
9be287ac-20ae-466a-8b20-94eb5b3435cd,285,45494,lpd,seizure,0,Seizure,0,True,791.9,0,5,102.9733330769853,average,100.0,0.5-70 Hz,60 Hz,10.0,0.030289547142578865,540.6536416256182,2.3853176262471947,2.395406193732831,False,True
9be287ac-20ae-466a-8b20-94eb5b3435cd,286,41410,lpd,other,0,LPD,1,False,403.6,0,4,28.444100911823487,bipolar,200.0,0.5-70 Hz,60 Hz,15.0,0.03026686270919715,541.0174291949119,2.3850448113669143,2.3806819284516734,False,True
9be287ac-20ae-466a-8b20-94eb5b3435cd,287,37805,lpd,gpd,0,Other,0,False,150.6,0,2,123.33077135929983,bipolar,100.0,0.5-70 Hz,60 Hz,10.0,0.030113021039091747,527.2545459006238,2.373988012281681,2.380554172877213,False,True
9be287ac-20ae-466a-8b20-94eb5b3435cd,288,88131,lpd,grda,0,GRDA,0,True,171.6,0,6,179.76072460277194,laplacian,50.0,0.5-70 Hz,60 Hz,10.0,0.029988238862199756,505.95255163419955,2.3659170473636686,2.3698833015977483,False,True
9be287ac-20ae-466a-8b20-94eb5b3435cd,289,88663,gpd,grda,0,GPD,1,False,199.1,0,1,101.53578185426151,bipolar,200.0,0.5-70 Hz,60 Hz,10.0,0.029968056476576466,501.9112913921829,2.367777569079095,2.3623151332402976,False,True
9be287ac-20ae-466a-8b20-94eb5b3435cd,290,86795,lpd,seizure,0,LPD,1,False,201.7,0,4,86.77727810506346,bipolar,100.0,0.5-70 Hz,60 Hz,10.0,0.029948760921447493,500.3258779727534,2.365852662906008,2.3637746405849747,False,True
9be287ac-20ae-466a-8b20-94eb5b3435cd,291,37894,lpd,gpd,0,GPD,0,True,350.2,0,5,80.12830075564482,bipolar,50.0,0.5-70 Hz,60 Hz,10.0,0.029893474681516097,478.4524086079344,2.3605035627004587,2.3620980380514216,False,True
9be287ac-20ae-466a-8b20-94eb5b3435cd,292,85124,lpd,lrda,0,LPD,1,False,384.9,0,4,108.42003287938779,average,100.0,0.5-70 Hz,60 Hz,10.0,0.029889466494841976,477.5706244911023,2.358862941139513,2.356895367220762,False,True
9be287ac-20ae-466a-8b20-94eb5b3435cd,293,37440,lpd,gpd,0,LPD,1,False,98.6,0,3,172.67944265311164,bipolar,100.0,0.5-20 Hz,60 Hz,10.0,0.030216944883564134,514.7272365716902,2.3519352949854784,2.3552881603109723,False,True
9be287ac-20ae-466a-8b20-94eb5b3435cd,294,47987,lpd,other,0,LPD,1,False,155.7,0,3,130.1754010836132,bipolar,200.0,0.5-70 Hz,60 Hz,10.0,0.030206996384056994,511.9306082274275,2.3521504464629404,2.348379637955686,False,True
9be287ac-20ae-466a-8b20-94eb5b3435cd,295,59629,gpd,other,0,GPD,1,False,377.8,0,5,187.08357671030853,bipolar,70.0,0.5-70 Hz,60 Hz,10.0,0.030197860336236948,506.2732144363341,2.353870069180653,2.3487526124248848,False,True
9be287ac-20ae-466a-8b20-94eb5b3435cd,296,55420,lpd,other,0,LPD,1,False,99.0,0,5,436.8837535063666,bipolar,50.0,0.5-70 Hz,60 Hz,10.0,0.030187776597564164,503.1337021388584,2.352982819574779,2.35061909304671,False,True
9be287ac-20ae-466a-8b20-94eb5b3435cd,297,27123,lpd,seizure,0,Seizure,0,True,98.2,0,6,66.05254889017928,bipolar,70.0,0.5-20 Hz,60 Hz,10.0,0.030141966721208058,491.62797754414265,2.344957012925638,2.3498889405184435,False,True
9be287ac-20ae-466a-8b20-94eb5b3435cd,298,44141,gpd,other,0,GPD,1,False,105.5,0,5,116.50745286257872,bipolar,300.0,0.5-70 Hz,60 Hz,15.0,0.030129188188536105,483.3891891576938,2.346266392172778,2.3419007356126853,False,True
9be287ac-20ae-466a-8b20-94eb5b3435cd,299,22740,gpd,seizure,0,Seizure,0,True,154.0,0,6,328.18394613051885,bipolar,100.0,0.5-70 Hz,60 Hz,10.0,0.030138869428258608,482.061715625862,2.3594060260409986,2.343316768181481,False,True
9be287ac-20ae-466a-8b20-94eb5b3435cd,300,69036,lpd,seizure,0,GPD,0,False,94.0,0,7,29.466401708390304,average,100.0,0.5-70 Hz,60 Hz,10.0,0.030100759688391543,467.70938573008516,2.3529437357800993,2.3564981170128085,False,True
9be287ac-20ae-466a-8b20-94eb5b3435cd,301,52522,sz,lpd,0,Seizure,1,False,91.0,0,6,304.0747574641818,bipolar,50.0,0.5-70 Hz,60 Hz,10.0,0.030105347061383736,468.58658296545724,2.376218278099139,2.3500767759152206,False,True
9be287ac-20ae-466a-8b20-94eb5b3435cd,302,50319,gpd,lpd,0,GPD,1,False,87.4,0,4,37.6958155368305,average,100.0,0.5-70 Hz,60 Hz,10.0,0.030099510796025797,458.8727922997747,2.3765961285292687,2.3732952342927742,False,True
9be287ac-20ae-466a-8b20-94eb5b3435cd,303,63392,iic,lpd,0,LPD,0,True,92.4,0,1,65.51769608671822,bipolar,100.0,0.5-70 Hz,60 Hz,15.0,0.03011476543630104,447.0091783134562,2.3711558669076127,2.3737676931289635,False,True
9be287ac-20ae-466a-8b20-94eb5b3435cd,304,84976,sz,grda,0,LRDA,0,False,99.0,0,1,43.6167870187388,bipolar,70.0,0.5-70 Hz,60 Hz,15.0,0.029910993451534806,394.88720566092576,2.2711307899642947,2.3684517880259253,False,True
9be287ac-20ae-466a-8b20-94eb5b3435cd,305,35818,sz,lrda,0,Seizure,1,False,98.7,0,6,107.05128130674083,laplacian,200.0,0.5-70 Hz,60 Hz,10.0,0.03006118493922938,414.83135108218073,2.2721481289928405,2.2681252137926164,False,True
9be287ac-20ae-466a-8b20-94eb5b3435cd,306,88156,sz,gpd,0,Seizure,1,False,99.9,0,7,63.19895705432085,average,300.0,0.5-70 Hz,60 Hz,10.0,0.03009951775437031,421.7686224854024,2.2785944840939885,2.2694067004151877,False,True
9be287ac-20ae-466a-8b20-94eb5b3435cd,307,88037,lpd,gpd,0,LPD,1,False,188.5,0,6,67.02423716751606,average,100.0,0.5-70 Hz,60 Hz,10.0,0.030103270196480514,420.47207641836087,2.279560219631296,2.275866197907665,False,True
9be287ac-20ae-466a-8b20-94eb5b3435cd,308,36463,sz,lpd,0,GRDA,0,False,427.5,0,4,37.07670924589535,laplacian,100.0,0.5-70 Hz,60 Hz,10.0,0.030114005521955367,415.8187253291081,2.279467535040582,2.276872311314197,False,True
9be287ac-20ae-466a-8b20-94eb5b3435cd,309,86565,gpd,lrda,0,GRDA,0,False,232.7,0,8,126.37582860873522,bipolar,70.0,0.5-70 Hz,60 Hz,10.0,0.030133289808692176,409.8029365012981,2.29024976303321,2.2768343417371915,False,True
9be287ac-20ae-466a-8b20-94eb5b3435cd,310,53983,lpd,other,0,Other,0,True,331.5,0,3,110.81326052141183,bipolar,100.0,0.5-70 Hz,60 Hz,10.0,0.030074000982487747,397.98324059616795,2.2867439046980733,2.2876676791706414,False,True
9be287ac-20ae-466a-8b20-94eb5b3435cd,311,34589,gpd,seizure,0,GPD,1,False,96.2,0,9,86.79518507748573,average,70.0,0.5-70 Hz,60 Hz,10.0,0.029774057510709606,391.37461792283085,2.234461465771298,2.2841671569070607,False,True
9be287ac-20ae-466a-8b20-94eb5b3435cd,312,84794,gpd,grda,0,GPD,1,False,186.8,0,3,96.94343147376739,laplacian,50.0,0.5-70 Hz,60 Hz,10.0,0.029461583575307204,375.02565559845675,2.236936812635644,2.2314563249968216,False,True
9be287ac-20ae-466a-8b20-94eb5b3435cd,313,86763,lpd,lrda,0,LPD,1,False,147.0,0,3,160.12281913555375,bipolar,200.0,0.5-70 Hz,60 Hz,15.0,0.029400917592874276,372.71626016426245,2.236171381434336,2.234459995323621,False,True
9be287ac-20ae-466a-8b20-94eb5b3435cd,314,85214,gpd,seizure,0,GPD,1,False,340.9,0,6,53.0436760279458,bipolar,50.0,0.5-70 Hz,60 Hz,10.0,0.029236467668102784,350.74089736028463,2.2364693539938867,2.233768384163187,False,True
9be287ac-20ae-466a-8b20-94eb5b3435cd,315,86849,gpd,grda,0,GPD,1,False,146.1,0,4,39.13064307720624,average,300.0,0.5-70 Hz,60 Hz,10.0,0.029194369271424547,328.690815676307,2.236442478516648,2.2340904836539934,False,True
9be287ac-20ae-466a-8b20-94eb5b3435cd,316,11851,spike,spike,0,No (no spike),0,True,104.4,0,5,105.92894493767497,laplacian,100.0,0.5-70 Hz,60 Hz,10.0,0.02918189400669491,315.66350309210753,2.2448682860736513,2.23401530275914,False,True
9be287ac-20ae-466a-8b20-94eb5b3435cd,317,65399,lrda,other,0,LRDA,1,False,162.4,0,3,72.48535178387125,bipolar,100.0,0.5-70 Hz,60 Hz,10.0,0.0291793971498428,311.6777645164283,2.2358193618704436,2.2423481072815377,False,True
9be287ac-20ae-466a-8b20-94eb5b3435cd,318,53813,lpd,gpd,0,LPD,1,False,288.4,0,3,308.6898680281941,bipolar,100.0,0.5-70 Hz,60 Hz,10.0,0.029179447959005955,309.22124394109454,2.2361603694797654,2.2334397966456887,False,True
9be287ac-20ae-466a-8b20-94eb5b3435cd,319,84752,gpd,grda,0,GRDA,0,True,165.0,0,3,50.81574712036832,bipolar,200.0,0.5-70 Hz,60 Hz,10.0,0.029901554993602975,378.9943811156986,2.2191559760205704,2.233799756661438,False,True
9be287ac-20ae-466a-8b20-94eb5b3435cd,320,61766,gpd,lrda,0,LRDA,0,True,177.2,0,5,38.944612126434315,bipolar,200.0,0.5-70 Hz,60 Hz,10.0,0.030063634714328658,378.8060930643731,2.2293531840760266,2.216446200124183,False,True
9be287ac-20ae-466a-8b20-94eb5b3435cd,321,87602,gpd,lpd,0,GPD,1,False,266.9,0,4,288.77872113823366,bipolar,100.0,0.5-70 Hz,60 Hz,10.0,0.02919526246654147,355.87911264742246,2.178518119688729,2.2267606623239513,False,True
9be287ac-20ae-466a-8b20-94eb5b3435cd,322,84888,sz,lrda,0,Seizure,1,False,397.6,0,9,49.66689678194286,bipolar,70.0,0.5-70 Hz,60 Hz,10.0,0.02919628575748634,360.2066627405584,2.182756304972342,2.176162523664449,False,True
9be287ac-20ae-466a-8b20-94eb5b3435cd,323,69933,sz,gpd,0,GPD,0,True,897.6,0,8,103.03746078533499,average,100.0,0.5-20 Hz,60 Hz,15.0,0.029199304453066233,353.1814205230936,2.185522115395799,2.1804850782015563,False,True
9be287ac-20ae-466a-8b20-94eb5b3435cd,324,51200,gpd,lrda,0,LRDA,0,True,97.0,0,8,36.667594522964336,bipolar,200.0,0.5-70 Hz,60 Hz,10.0,0.029265143839340868,362.6284781398778,2.1984457434099336,2.1832813697964397,False,True
9be287ac-20ae-466a-8b20-94eb5b3435cd,325,88542,lpd,gpd,0,Other,0,False,142.0,0,4,319.8780171241348,bipolar,100.0,0.5-70 Hz,60 Hz,10.0,0.029196081637401505,352.36492500591305,2.199135201017743,2.1961866932730136,False,True
9be287ac-20ae-466a-8b20-94eb5b3435cd,326,21629,gpd,seizure,0,Seizure,0,True,239.2,0,4,96.65201991756162,bipolar,70.0,0.5-70 Hz,60 Hz,15.0,0.02924085327208442,357.0147044191355,2.209754038521886,2.196887004605365,False,True
9be287ac-20ae-466a-8b20-94eb5b3435cd,327,88909,gpd,lrda,0,LRDA,0,True,145.6,0,5,264.17674390877494,bipolar,100.0,0.5-70 Hz,60 Hz,15.0,0.029516377343847322,359.6545515441651,2.2220181604834686,2.2075265112550815,False,True
9be287ac-20ae-466a-8b20-94eb5b3435cd,328,87383,lpd,grda,0,GRDA,0,True,236.9,0,5,44.672659518834784,average,100.0,0.5-70 Hz,60 Hz,15.0,0.029263972556776874,346.79256154763664,2.223970875569124,2.219807854127242,False,True
9be287ac-20ae-466a-8b20-94eb5b3435cd,329,85856,iic,seizure,0,Other,1,False,494.0,0,6,185.84002547567877,bipolar,70.0,0.5-70 Hz,60 Hz,10.0,0.029267980849533137,349.8711643504009,2.228140589077057,2.22170137696124,False,True
9be287ac-20ae-466a-8b20-94eb5b3435cd,330,86095,sz,other,0,Seizure,1,False,1062.8,0,2,276.71383927844204,bipolar,70.0,0.5-70 Hz,60 Hz,10.0,0.02928885546959281,355.2070170981243,2.2345472450485095,2.2258841014859656,False,True
9be287ac-20ae-466a-8b20-94eb5b3435cd,331,32452,gpd,seizure,0,Seizure,0,True,228.2,0,4,342.2775579102571,bipolar,100.0,0.5-70 Hz,60 Hz,10.0,0.029446688767037155,354.1758589325381,2.2417219965196398,2.2323160788731977,False,True
9be287ac-20ae-466a-8b20-94eb5b3435cd,332,87273,gpd,grda,0,GPD,1,False,165.0,0,7,160.10976300766959,bipolar,100.0,0.5-20 Hz,60 Hz,10.0,0.029168560970480262,336.77758125878336,2.1992533167291697,2.2395335925332684,False,True
9be287ac-20ae-466a-8b20-94eb5b3435cd,333,37845,iic,gpd,0,GRDA,0,False,98.6,0,8,50.06464671003722,bipolar,100.0,0.5-70 Hz,60 Hz,10.0,0.034465479844346114,599.9999999999999,2.2799880351911437,2.1971005951617184,True,True
9be287ac-20ae-466a-8b20-94eb5b3435cd,334,87053,sz,lrda,0,Seizure,1,False,102.7,0,4,115.84569852427461,bipolar,100.0,0.5-70 Hz,60 Hz,10.0,0.034395998530701244,598.3101333418873,2.284564457073992,2.2774503080607924,False,True
9be287ac-20ae-466a-8b20-94eb5b3435cd,335,22597,sz,gpd,0,Seizure,1,False,154.6,0,7,122.91836686959076,bipolar,70.0,0.5-70 Hz,60 Hz,10.0,0.03435493271911072,594.8593931137888,2.287845569790546,2.282203691496175,False,True
9be287ac-20ae-466a-8b20-94eb5b3435cd,336,86656,lrda,gpd,0,GPD,0,True,159.3,0,4,131.60634588525141,bipolar,70.0,0.5-70 Hz,60 Hz,10.0,0.03413979117542687,589.8810653029502,2.283507851396959,2.2855033707321772,False,True
9be287ac-20ae-466a-8b20-94eb5b3435cd,337,88923,sz,grda,0,Seizure,1,False,261.5,0,5,59.726961695415554,bipolar,100.0,0.5-70 Hz,60 Hz,10.0,0.03405958342351234,579.1877414636364,2.292096360089859,2.281338913880193,False,True
9be287ac-20ae-466a-8b20-94eb5b3435cd,338,87726,sz,lrda,0,Seizure,1,False,100.4,0,7,97.65196883653911,bipolar,200.0,0.5-70 Hz,60 Hz,10.0,0.03402470010111275,569.0363952394569,2.297874314992688,2.2899003479922886,False,True
9be287ac-20ae-466a-8b20-94eb5b3435cd,339,35617,iic,other,1,GRDA,0,False,153.6,0,5,46.633282175022195,laplacian,70.0,0.5-70 Hz,60 Hz,15.0,0.03394510481731,564.296493324366,2.2948248533111273,2.2957372391417996,False,True
9be287ac-20ae-466a-8b20-94eb5b3435cd,340,17207,spike,spike,1,Yes (spike present),1,True,99.1,0,2,37.19028284300839,bipolar,100.0,0.5-70 Hz,60 Hz,10.0,0.03398849845069779,563.617655012928,2.2802619794783396,2.2927728977724273,False,True
9be287ac-20ae-466a-8b20-94eb5b3435cd,341,22872,lrda,seizure,0,GRDA,0,False,97.5,0,5,139.0856090141019,average,200.0,0.5-70 Hz,60 Hz,10.0,0.03397168972272435,553.4511877090066,2.2753454658997376,2.27829225115564,False,True
9be287ac-20ae-466a-8b20-94eb5b3435cd,342,16464,spike,spike,1,Yes (spike present),1,True,111.2,0,6,112.0771317896958,bipolar,70.0,0.5-70 Hz,60 Hz,10.0,0.034112919464479086,536.0787204884497,2.25527183991927,2.2735265936378783,False,True
9be287ac-20ae-466a-8b20-94eb5b3435cd,343,20870,sz,grda,0,GRDA,0,True,152.6,0,5,46.98659107540172,average,100.0,0.5-70 Hz,60 Hz,10.0,0.034207838998193574,540.4768976379825,2.2526286032805913,2.253400115681927,False,True
9be287ac-20ae-466a-8b20-94eb5b3435cd,344,22729,iic,grda,0,GRDA,0,True,150.6,0,6,36.27444001252657,bipolar,300.0,0.5-70 Hz,60 Hz,10.0,0.03403620405444485,531.4914728471335,2.249325966811714,2.2508923607399374,False,True
9be287ac-20ae-466a-8b20-94eb5b3435cd,345,22348,lrda,gpd,0,LRDA,1,False,166.7,0,6,315.0500300278999,bipolar,70.0,0.5-70 Hz,60 Hz,10.0,0.0342033164432593,538.4691333670596,2.26022368131087,2.247652120152829,False,True
9be287ac-20ae-466a-8b20-94eb5b3435cd,346,68388,lpd,lrda,0,LPD,1,False,525.5,0,6,282.44927326366036,average,100.0,0.5-70 Hz,60 Hz,10.0,0.03428326433286216,534.6629036344203,2.259368657671392,2.258584133725675,False,True
9be287ac-20ae-466a-8b20-94eb5b3435cd,347,4695,spike,spike,0,No (no spike),0,True,105.2,0,4,66.9400891361773,bipolar,300.0,0.5-70 Hz,60 Hz,10.0,0.03414789808610841,539.9400354449612,2.253477196482853,2.2577560695305645,False,True
9be287ac-20ae-466a-8b20-94eb5b3435cd,348,65955,lpd,gpd,0,GPD,0,True,108.6,0,10,223.66766054550385,bipolar,100.0,0.5-70 Hz,60 Hz,10.0,0.03398918107318816,538.5469419362184,2.2565680691989165,2.251880320899472,False,True
9be287ac-20ae-466a-8b20-94eb5b3435cd,349,88615,iic,seizure,0,Other,1,False,103.1,0,3,49.57713989461862,bipolar,100.0,0.5-70 Hz,60 Hz,10.0,0.03399478347037954,539.0401136175204,2.257786451664553,2.254995980582782,False,True
9be287ac-20ae-466a-8b20-94eb5b3435cd,350,87283,gpd,lpd,0,Other,0,False,185.2,0,8,150.77645267348456,laplacian,100.0,0.5-70 Hz,60 Hz,15.0,0.034015297133409894,535.8180500297484,2.260309158304284,2.2562013366850584,False,True
9be287ac-20ae-466a-8b20-94eb5b3435cd,351,50832,lpd,other,0,LPD,1,False,450.5,0,3,155.02254990915827,bipolar,50.0,0.5-70 Hz,60 Hz,10.0,0.03406270344130474,528.244451064734,2.2605195091988977,2.258729008477535,False,True
9be287ac-20ae-466a-8b20-94eb5b3435cd,352,40526,iic,gpd,0,GPD,0,True,524.6,0,4,274.12126632414333,bipolar,100.0,0.5-70 Hz,60 Hz,10.0,0.03401970608412064,515.196619762107,2.257661859153036,2.2589638829817087,False,True
9be287ac-20ae-466a-8b20-94eb5b3435cd,353,89158,gpd,seizure,0,GPD,1,False,2141.3,0,5,127.01197940336635,bipolar,200.0,0.5-70 Hz,60 Hz,10.0,0.03398798789072727,499.816467039271,2.240594731064085,2.2561319674502056,False,True
9be287ac-20ae-466a-8b20-94eb5b3435cd,354,88785,gpd,lpd,0,GPD,1,False,1341.7,0,3,272.34137154467805,bipolar,100.0,0.5-70 Hz,60 Hz,10.0,0.03386836617312783,484.29782785840047,2.2450878615460454,2.238840520829512,False,True
9be287ac-20ae-466a-8b20-94eb5b3435cd,355,87483,lrda,grda,0,LRDA,1,False,739.1,0,6,104.506623854536,bipolar,100.0,0.5-20 Hz,60 Hz,15.0,0.03455939900379512,475.736324467604,2.2648445058707147,2.2434150439355816,False,True
9be287ac-20ae-466a-8b20-94eb5b3435cd,356,36177,lpd,seizure,0,Seizure,0,True,248.6,0,3,27.408111295404588,bipolar,100.0,0.5-20 Hz,60 Hz,10.0,0.0342438003014639,472.7364176472504,2.2670182746502006,2.2632015515814903,False,True
9be287ac-20ae-466a-8b20-94eb5b3435cd,357,86499,lrda,gpd,0,GPD,0,True,108.9,0,4,30.265534720181506,average,50.0,0.5-70 Hz,60 Hz,10.0,0.034132715144274184,478.4474608936625,2.2628687117923123,2.26538470424423,False,True
9be287ac-20ae-466a-8b20-94eb5b3435cd,358,85222,lrda,gpd,0,GPD,0,True,102.2,0,6,347.4572687760308,average,100.0,0.5-70 Hz,60 Hz,10.0,0.03397759361786029,480.9376661856789,2.256554975433708,2.2613374265404262,False,True
9be287ac-20ae-466a-8b20-94eb5b3435cd,359,47150,iic,other,1,LRDA,0,False,531.3,0,4,286.34414864818626,bipolar,200.0,0.5-70 Hz,60 Hz,10.0,0.03371878200707906,447.07736002941,2.2584897510848148,2.255027107593554,False,True
9be287ac-20ae-466a-8b20-94eb5b3435cd,360,89005,lpd,lrda,0,LPD,1,False,191.2,0,1,103.50344101388926,average,70.0,0.5-70 Hz,60 Hz,10.0,0.03432592982637084,444.2589504917386,2.2451884421321227,2.2569996690862553,False,True
9be287ac-20ae-466a-8b20-94eb5b3435cd,361,87290,lpd,gpd,0,GPD,0,True,107.1,0,4,108.56059076203816,bipolar,70.0,0.5-70 Hz,60 Hz,10.0,0.034090927410698246,448.2613507702134,2.2484397492513413,2.243522061107012,False,True
9be287ac-20ae-466a-8b20-94eb5b3435cd,362,69231,iic,lpd,0,GRDA,0,False,97.9,0,5,25.499712344982274,bipolar,100.0,0.5-70 Hz,60 Hz,10.0,0.0338958941957358,419.5807116943186,2.251916037692315,2.246912908170901,False,True
9be287ac-20ae-466a-8b20-94eb5b3435cd,363,69015,lpd,seizure,0,LPD,1,False,104.2,0,5,192.91294590046135,bipolar,100.0,0.5-20 Hz,60 Hz,10.0,0.034540713097125586,393.5388455256698,2.2360984189540876,2.2503553966059617,False,True
9be287ac-20ae-466a-8b20-94eb5b3435cd,364,68680,lpd,other,0,Other,0,True,140.4,0,5,407.447233671536,bipolar,100.0,0.5-70 Hz,60 Hz,10.0,0.03438178197451924,405.9700143766325,2.239449945750631,2.234310378156936,False,True
9be287ac-20ae-466a-8b20-94eb5b3435cd,365,45910,lpd,other,0,GPD,0,False,177.7,0,5,130.2331377523727,bipolar,200.0,0.5-20 Hz,60 Hz,10.0,0.03417321804935991,413.4841719725522,2.242649975700303,2.237814125860769,False,True
9be287ac-20ae-466a-8b20-94eb5b3435cd,366,42119,lpd,other,0,LPD,1,False,105.7,0,4,273.7525922661388,average,200.0,0.5-70 Hz,60 Hz,10.0,0.0343065109738202,400.55724693654076,2.244048512845389,2.241087891655885,False,True
9be287ac-20ae-466a-8b20-94eb5b3435cd,367,87700,lrda,grda,0,LRDA,1,False,190.1,0,5,57.06610446931435,bipolar,300.0,0.5-70 Hz,60 Hz,10.0,0.03450228594473248,388.3381720075779,2.2566948462588776,2.242510212001426,False,True
9be287ac-20ae-466a-8b20-94eb5b3435cd,368,52268,lpd,gpd,0,GPD,0,True,736.1,0,8,302.1710523252093,bipolar,200.0,0.5-70 Hz,60 Hz,10.0,0.03425103381109801,394.13749084446096,2.2598457273056125,2.2551599994026814,False,True
9be287ac-20ae-466a-8b20-94eb5b3435cd,369,53989,iic,lpd,0,LPD,0,True,219.6,0,7,37.571768239185936,bipolar,100.0,0.5-70 Hz,60 Hz,10.0,0.033664315688300805,351.88743166160003,2.2684566802286166,2.2583977764461824,False,True
9be287ac-20ae-466a-8b20-94eb5b3435cd,370,39726,lpd,gpd,0,Seizure,0,False,100.7,0,7,61.06543486878135,bipolar,70.0,0.5-70 Hz,60 Hz,10.0,0.03311802395419383,353.1105436358133,2.270959202736674,2.2669999022068463,False,True
9be287ac-20ae-466a-8b20-94eb5b3435cd,371,60784,gpd,grda,0,GRDA,0,True,548.8,0,8,109.42669342444512,average,200.0,0.5-20 Hz,60 Hz,10.0,0.03403409138683966,359.48758233009585,2.239427369270895,2.2695178542931274,False,True
9be287ac-20ae-466a-8b20-94eb5b3435cd,372,36724,gpd,lrda,0,Other,0,False,206.2,0,2,98.88769165727678,bipolar,100.0,0.5-70 Hz,60 Hz,10.0,0.03405082426178224,356.889972820122,2.2433024962054344,2.237751457220355,False,True
9be287ac-20ae-466a-8b20-94eb5b3435cd,373,55248,lpd,other,0,LRDA,0,False,177.4,0,6,316.03266014211505,bipolar,200.0,0.5-70 Hz,60 Hz,15.0,0.03395292898467911,368.15910732251797,2.207353476903802,2.241619492057429,False,True
9be287ac-20ae-466a-8b20-94eb5b3435cd,374,65542,gpd,seizure,0,Seizure,0,True,100.8,0,3,36.1943667098682,average,100.0,0.5-70 Hz,60 Hz,10.0,0.033947091393811635,366.9140850194646,2.208721754179737,2.2058208117070626,False,True
9be287ac-20ae-466a-8b20-94eb5b3435cd,375,87628,gpd,seizure,0,LPD,0,False,319.8,0,5,24.70189971713139,bipolar,50.0,0.5-70 Hz,60 Hz,10.0,0.03394236355992869,362.227229462388,2.2097408671326053,2.207246027155263,False,True
9be287ac-20ae-466a-8b20-94eb5b3435cd,376,53316,lpd,seizure,0,LPD,1,False,190.1,0,6,125.87073279269288,bipolar,300.0,0.5-70 Hz,60 Hz,10.0,0.03393517253253164,361.3541096582592,2.2095270001039973,2.208324588183304,False,True
9be287ac-20ae-466a-8b20-94eb5b3435cd,377,86864,gpd,lrda,0,Seizure,0,False,208.4,0,3,272.10876199355727,bipolar,200.0,0.5-70 Hz,60 Hz,10.0,0.03392812934681505,353.6555989261402,2.2101137607574417,2.2081033160094043,False,True
9be287ac-20ae-466a-8b20-94eb5b3435cd,378,56609,lrda,other,0,LRDA,1,False,689.9,0,9,31.693771179383084,bipolar,70.0,0.5-70 Hz,60 Hz,10.0,0.033926408002621755,350.2656871699852,2.210549195007059,2.2087088417438854,False,True
9be287ac-20ae-466a-8b20-94eb5b3435cd,379,87220,gpd,lrda,0,GPD,1,False,952.5,0,4,102.5682151152691,bipolar,200.0,0.5-70 Hz,60 Hz,10.0,0.033917374037446546,362.2363378357776,2.20297433628645,2.2091719255084956,False,True
9be287ac-20ae-466a-8b20-94eb5b3435cd,380,60047,lpd,other,0,LPD,1,False,164.1,0,8,35.46176513595217,bipolar,100.0,0.5-70 Hz,60 Hz,10.0,0.033881948205718604,361.3983989400153,2.2030314140717784,2.2016243706810004,False,True
9be287ac-20ae-466a-8b20-94eb5b3435cd,381,86445,lpd,grda,0,GPD,0,False,987.1,0,5,36.74423068763118,bipolar,200.0,0.5-70 Hz,60 Hz,10.0,0.03364650253055523,351.3698636772808,2.203979997854784,2.2017059254112894,False,True
9be287ac-20ae-466a-8b20-94eb5b3435cd,382,86830,sz,gpd,0,Seizure,1,False,946.7,0,6,46.83360034121731,bipolar,70.0,0.5-70 Hz,60 Hz,15.0,0.03347591185002746,342.4184226968148,2.2165598607124846,2.2026649824314726,False,True
9be287ac-20ae-466a-8b20-94eb5b3435cd,383,22795,gpd,seizure,0,Seizure,0,True,1730.5,0,6,27.07626865617393,bipolar,100.0,0.5-70 Hz,60 Hz,15.0,0.033614393281208466,342.70699585967157,2.2179725886867514,2.2152576423941093,False,True
9be287ac-20ae-466a-8b20-94eb5b3435cd,384,55246,lpd,other,0,LPD,1,False,291.8,0,4,160.81431478838417,bipolar,300.0,0.5-70 Hz,60 Hz,15.0,0.0334880487792808,341.8346761560318,2.2183299933144642,2.216687605238033,False,True
9be287ac-20ae-466a-8b20-94eb5b3435cd,385,27598,sz,lpd,0,Seizure,1,False,268.2,0,4,204.15540410285303,bipolar,70.0,0.5-20 Hz,60 Hz,10.0,0.033579353619760444,338.9113650904963,2.221191932783341,2.217056052142889,False,True
9be287ac-20ae-466a-8b20-94eb5b3435cd,386,68128,lrda,lpd,0,LRDA,1,False,531.9,0,4,175.38542572510516,bipolar,100.0,0.5-70 Hz,60 Hz,10.0,0.03350161158534165,335.3753194560781,2.221355173160011,2.219916244964453,False,True
9be287ac-20ae-466a-8b20-94eb5b3435cd,387,88194,gpd,lpd,0,Other,0,False,176.9,0,5,48.74230493583262,average,70.0,0.5-70 Hz,60 Hz,10.0,0.03366439654485204,333.5734612891487,2.2221642720409367,2.2201061551193946,False,True
9be287ac-20ae-466a-8b20-94eb5b3435cd,388,87764,iic,seizure,0,Seizure,0,True,151.0,0,3,32.07865618665614,bipolar,300.0,0.5-70 Hz,60 Hz,10.0,0.036263859338183546,599.9999999999999,2.2487180425700317,2.2209428287149984,True,True
9be287ac-20ae-466a-8b20-94eb5b3435cd,389,42229,iic,other,1,Other,1,True,101.0,0,1,314.0957563911913,bipolar,100.0,0.5-70 Hz,60 Hz,10.0,0.03630342571801809,597.6494572611507,2.2519540159157785,2.2465823662460696,False,True
9be287ac-20ae-466a-8b20-94eb5b3435cd,390,56622,sz,lpd,0,Seizure,1,False,92.2,0,4,124.10644519292997,bipolar,200.0,0.5-70 Hz,60 Hz,10.0,0.03560421928583024,572.4431025576902,2.2604877228107223,2.2500609892858487,False,True
9be287ac-20ae-466a-8b20-94eb5b3435cd,391,50134,sz,grda,0,GRDA,0,True,94.2,0,4,110.14145707953374,bipolar,200.0,0.5-70 Hz,60 Hz,10.0,0.0358530082837073,587.5264709760917,2.254657928372659,2.2585456810008604,False,True
9be287ac-20ae-466a-8b20-94eb5b3435cd,392,34734,sz,grda,0,Seizure,1,False,105.9,0,4,37.75758565875567,bipolar,100.0,0.5-70 Hz,60 Hz,10.0,0.03464582937040639,536.0380968575199,2.262787598863104,2.252942253045199,False,True
9be287ac-20ae-466a-8b20-94eb5b3435cd,393,54086,sz,other,0,Seizure,1,False,110.6,0,6,253.30195562517795,bipolar,100.0,0.5-20 Hz,60 Hz,10.0,0.03439975029321729,453.2556830102644,2.2715430874985376,2.260955406478392,False,True
9be287ac-20ae-466a-8b20-94eb5b3435cd,394,70955,sz,lrda,0,LRDA,0,True,102.7,0,3,56.22724437413618,bipolar,200.0,0.5-70 Hz,60 Hz,10.0,0.03438023678656288,491.0305203503203,2.264541266176123,2.269633322753206,False,True
9be287ac-20ae-466a-8b20-94eb5b3435cd,395,41731,iic,other,1,Other,1,True,94.6,0,5,73.77230458361652,bipolar,200.0,0.5-70 Hz,60 Hz,10.0,0.0346038494822547,482.6574317766102,2.267273363206565,2.263011269499949,False,True
9be287ac-20ae-466a-8b20-94eb5b3435cd,396,62833,sz,gpd,0,GPD,0,True,103.4,0,5,39.220688695233825,laplacian,70.0,0.5-20 Hz,60 Hz,10.0,0.034625034256819176,514.5025676654225,2.2608818373536193,2.2654705277578553,False,True
9be287ac-20ae-466a-8b20-94eb5b3435cd,397,23901,sz,lpd,0,Seizure,1,False,104.4,0,4,315.3550266924544,bipolar,200.0,0.5-70 Hz,60 Hz,10.0,0.03462978649819681,513.8009386294036,2.262207310100728,2.259118056136408,False,True
9be287ac-20ae-466a-8b20-94eb5b3435cd,398,46782,sz,gpd,0,Other,0,False,197.2,0,2,40.6223602696043,bipolar,70.0,0.5-70 Hz,60 Hz,10.0,0.03492231259034523,538.6033170507123,2.2564827435032413,2.260529334301607,False,True
9be287ac-20ae-466a-8b20-94eb5b3435cd,399,39687,sz,lpd,0,LPD,0,True,232.6,0,6,65.3319246422876,laplacian,200.0,0.5-70 Hz,60 Hz,10.0,0.03547341304193208,556.0663355445981,2.2516769523940456,2.254925110901355,False,True
9be287ac-20ae-466a-8b20-94eb5b3435cd,400,66608,sz,lpd,0,GRDA,0,False,97.1,0,4,126.81243314419399,bipolar,70.0,0.5-70 Hz,60 Hz,10.0,0.03570435607036321,569.2839671068867,2.2469280761151276,2.2502353967305333,False,True
9be287ac-20ae-466a-8b20-94eb5b3435cd,401,13538,spike,spike,1,No (no spike),0,False,150.7,0,4,305.92843740191154,average,300.0,0.5-70 Hz,60 Hz,15.0,0.034342073453811794,541.0897697791607,2.274071067398265,2.2455347083270283,False,True
9be287ac-20ae-466a-8b20-94eb5b3435cd,402,66421,iic,other,1,Other,1,True,286.5,0,8,116.5712019993141,average,300.0,0.5-70 Hz,60 Hz,10.0,0.03447861191472995,527.3166291390411,2.274487372950644,2.272650622583823,False,True
9be287ac-20ae-466a-8b20-94eb5b3435cd,403,3952,spike,spike,1,No (no spike),0,False,566.2,0,4,33.998577575329485,average,50.0,0.5-70 Hz,60 Hz,10.0,0.03385859561387716,454.431334987556,2.2928749977458813,2.27306731973244,False,True
9be287ac-20ae-466a-8b20-94eb5b3435cd,404,13612,spike,spike,1,Yes (spike present),1,True,1130.8,0,9,320.66010614467757,bipolar,100.0,0.5-70 Hz,60 Hz,10.0,0.03396113911098053,475.17557168768747,2.2866688942580935,2.2912628044819985,False,True
9be287ac-20ae-466a-8b20-94eb5b3435cd,405,62980,sz,lpd,0,Seizure,1,False,1532.3,0,5,51.1571925635022,average,100.0,0.5-70 Hz,60 Hz,10.0,0.033860626534276905,469.68383153973787,2.2909484027012015,2.285256225502205,False,True
9be287ac-20ae-466a-8b20-94eb5b3435cd,406,88045,iic,seizure,0,Other,1,False,193.3,0,2,35.407876274406966,bipolar,100.0,0.5-70 Hz,60 Hz,10.0,0.03406326947111715,439.625933525658,2.2887028534859484,2.2895770093788026,False,True
9be287ac-20ae-466a-8b20-94eb5b3435cd,407,13630,spike,spike,1,Yes (spike present),1,True,162.8,0,7,488.21387868499824,bipolar,100.0,0.5-70 Hz,60 Hz,10.0,0.034295457468837554,461.90260503231684,2.2839321610358696,2.2873430330771054,False,True
9be287ac-20ae-466a-8b20-94eb5b3435cd,408,87675,iic,gpd,0,Other,1,False,104.9,0,4,335.77042459489195,bipolar,100.0,0.5-70 Hz,60 Hz,10.0,0.03454752310104042,419.247872334715,2.2859617732055044,2.282594853821804,False,True
9be287ac-20ae-466a-8b20-94eb5b3435cd,409,89081,lrda,gpd,0,GPD,0,True,102.1,0,6,50.359660006845765,average,100.0,0.5-70 Hz,60 Hz,10.0,0.03566670710665015,420.4436942587095,2.286514784962745,2.2846153094463983,False,True
9be287ac-20ae-466a-8b20-94eb5b3435cd,410,43225,sz,other,0,Seizure,1,False,115.6,0,7,50.77130583121185,bipolar,100.0,0.5-70 Hz,60 Hz,15.0,0.03562734683027691,417.60402300513914,2.287871630232654,2.285179005315605,False,True
9be287ac-20ae-466a-8b20-94eb5b3435cd,411,43658,iic,other,1,Other,1,True,106.7,0,6,88.57144335104906,bipolar,100.0,0.5-70 Hz,60 Hz,10.0,0.035709350823781294,396.82232689991855,2.288689356600415,2.28655896005267,False,True
9be287ac-20ae-466a-8b20-94eb5b3435cd,412,88024,iic,gpd,0,Seizure,0,False,179.2,0,6,42.13174143793141,average,100.0,0.5-70 Hz,60 Hz,10.0,0.03479155171512832,476.63715979966594,2.269952374340332,2.287438886552501,False,True
9be287ac-20ae-466a-8b20-94eb5b3435cd,413,64414,iic,lpd,0,LPD,0,True,132.5,0,5,30.842691491755872,laplacian,200.0,0.5-70 Hz,60 Hz,10.0,0.03439068191407646,478.32700734137603,2.2682104974864252,2.268572081931899,False,True
9be287ac-20ae-466a-8b20-94eb5b3435cd,414,86568,lpd,grda,0,LPD,1,False,102.1,0,6,110.83769206070943,bipolar,70.0,0.5-70 Hz,60 Hz,10.0,0.034550471019807405,470.74285981352773,2.2797753594674997,2.2669290176859445,False,True
9be287ac-20ae-466a-8b20-94eb5b3435cd,415,85383,lpd,seizure,0,Seizure,0,True,148.5,0,3,109.91264890163262,bipolar,300.0,0.5-70 Hz,60 Hz,15.0,0.03439055756106435,476.71767800025737,2.2736718466196284,2.2783230445612768,False,True
9be287ac-20ae-466a-8b20-94eb5b3435cd,416,50557,lpd,other,0,Other,0,True,102.5,0,5,299.5764273735687,bipolar,50.0,0.5-20 Hz,60 Hz,10.0,0.03433606596866223,479.1467759383847,2.2684753835638,2.2723427846016517,False,True
9be287ac-20ae-466a-8b20-94eb5b3435cd,417,62785,lrda,grda,0,LRDA,1,False,93.6,0,6,168.87993856098987,bipolar,200.0,0.5-70 Hz,60 Hz,10.0,0.034308710496409656,479.8377287797506,2.270407929355561,2.2672209509824457,False,True
9be287ac-20ae-466a-8b20-94eb5b3435cd,418,15481,spike,spike,1,Yes (spike present),1,True,146.8,0,3,34.71000870483692,bipolar,50.0,0.5-20 Hz,60 Hz,10.0,0.03474538102461455,495.1501520394438,2.2631777964402535,2.2691600993754117,False,True
9be287ac-20ae-466a-8b20-94eb5b3435cd,419,61536,grda,seizure,0,GPD,0,False,153.6,0,10,258.45635116487523,bipolar,200.0,0.5-70 Hz,60 Hz,10.0,0.03375793935844562,490.0212372884987,2.2550989882423242,2.2619394483829627,False,True
9be287ac-20ae-466a-8b20-94eb5b3435cd,420,53095,lpd,other,0,Other,0,True,309.8,0,6,107.46567767982773,bipolar,100.0,0.5-70 Hz,60 Hz,10.0,0.033760426252465725,489.4379100067854,2.2505601795862553,2.2538831009077147,False,True
9be287ac-20ae-466a-8b20-94eb5b3435cd,421,48263,sz,lpd,0,Seizure,1,False,142.6,0,4,42.110504342931975,laplacian,100.0,0.5-70 Hz,60 Hz,10.0,0.0330535700518349,452.5226830480088,2.251230769532438,2.2493717349022035,False,True
9be287ac-20ae-466a-8b20-94eb5b3435cd,422,35104,sz,other,0,Other,0,True,338.6,0,6,283.7712524007266,bipolar,200.0,0.5-70 Hz,60 Hz,15.0,0.03310563196926014,467.89498083255626,2.2483255955624935,2.2499711460719274,False,True
9be287ac-20ae-466a-8b20-94eb5b3435cd,423,62275,sz,other,0,Seizure,1,False,182.6,0,3,35.75842653878018,bipolar,300.0,0.5-70 Hz,60 Hz,15.0,0.03323642124532733,421.9387575889046,2.250140522703925,2.247154028939193,False,True
9be287ac-20ae-466a-8b20-94eb5b3435cd,424,70792,sz,other,0,Other,0,True,375.9,0,5,291.8377380632859,bipolar,300.0,0.5-70 Hz,60 Hz,10.0,0.03305203025544756,442.52706068194976,2.2464274296477913,2.248911608896176,False,True
9be287ac-20ae-466a-8b20-94eb5b3435cd,425,68672,iic,grda,0,GRDA,0,True,103.1,0,10,130.06549635562968,bipolar,200.0,0.5-70 Hz,60 Hz,10.0,0.03274070847845095,441.87782942527133,2.242983219880048,2.245253201415946,False,True
9be287ac-20ae-466a-8b20-94eb5b3435cd,426,87035,gpd,grda,0,GRDA,0,True,101.1,0,2,139.81649759359556,bipolar,70.0,0.5-70 Hz,60 Hz,10.0,0.03300088867282813,438.1899520515118,2.2373669578107807,2.241824546441415,False,True
9be287ac-20ae-466a-8b20-94eb5b3435cd,427,84820,lrda,gpd,0,GPD,0,True,156.9,0,5,78.9277339579774,average,200.0,0.5-70 Hz,60 Hz,15.0,0.033107671069312505,420.7080801686948,2.2323270962241537,2.23620721308953,False,True
9be287ac-20ae-466a-8b20-94eb5b3435cd,428,87437,grda,gpd,0,GRDA,1,False,373.1,0,8,34.02942958941499,bipolar,200.0,0.5-70 Hz,60 Hz,10.0,0.0328999444490114,416.88574843258925,2.2339267102029745,2.231155981342763,False,True
9be287ac-20ae-466a-8b20-94eb5b3435cd,429,67545,grda,gpd,0,GPD,0,True,245.5,0,3,86.85445341764489,average,100.0,0.5-70 Hz,60 Hz,10.0,0.031208451122537006,403.8260017491876,2.2225831172163324,2.2327907844810877,False,True
9be287ac-20ae-466a-8b20-94eb5b3435cd,430,88347,gpd,lrda,0,Seizure,0,False,377.8,0,3,249.38433681919426,bipolar,200.0,0.5-70 Hz,60 Hz,10.0,0.031528240234786786,391.37965730964953,2.2158666618010185,2.221442730200672,False,True
9be287ac-20ae-466a-8b20-94eb5b3435cd,431,86277,lrda,lpd,0,LRDA,1,False,391.3,0,9,319.8643386441527,bipolar,100.0,0.5-70 Hz,60 Hz,10.0,0.030486028985152736,411.3084313206067,2.225095778116717,2.214730284711814,False,True
9be287ac-20ae-466a-8b20-94eb5b3435cd,432,87122,gpd,seizure,0,Seizure,0,True,285.7,0,6,46.57778641268138,bipolar,200.0,0.5-70 Hz,60 Hz,10.0,0.030552984817131035,398.6569648754144,2.221970413468206,2.22391009712144,False,True
9be287ac-20ae-466a-8b20-94eb5b3435cd,433,24709,lrda,seizure,0,Seizure,0,True,745.8,0,4,49.77140278600567,bipolar,200.0,0.5-70 Hz,60 Hz,10.0,0.030520355949040845,399.54776615199796,2.2214501266183753,2.220781595108667,False,True
9be287ac-20ae-466a-8b20-94eb5b3435cd,434,37959,sz,grda,0,LPD,0,False,142.5,0,6,294.2979733019182,bipolar,100.0,0.5-70 Hz,60 Hz,10.0,0.030491242340560887,412.2794827168974,2.2182356944814883,2.220300098432128,False,True
9be287ac-20ae-466a-8b20-94eb5b3435cd,435,49990,lpd,grda,0,LPD,1,False,189.3,0,6,306.89014319410853,bipolar,100.0,0.5-70 Hz,60 Hz,15.0,0.03048656843617742,411.01589111921635,2.2256710393729575,2.217097395191187,False,True
9be287ac-20ae-466a-8b20-94eb5b3435cd,436,85544,gpd,grda,0,GRDA,0,True,155.4,0,4,51.54342663283732,average,100.0,0.5-70 Hz,60 Hz,10.0,0.030558753733910593,389.4411588539394,2.2213104627238303,2.2245366945976217,False,True
9be287ac-20ae-466a-8b20-94eb5b3435cd,437,68296,lpd,seizure,0,Seizure,0,True,102.7,0,3,50.9931423467071,bipolar,200.0,0.5-70 Hz,60 Hz,10.0,0.03227200684306153,367.3761054858642,2.159511797892687,2.220168736029119,False,True
9be287ac-20ae-466a-8b20-94eb5b3435cd,438,88824,lpd,lrda,0,LPD,1,False,104.6,0,0,284.7994461780154,bipolar,70.0,0.5-70 Hz,60 Hz,10.0,0.03214785306724399,367.97861266212243,2.1583469453967674,2.1582059375124696,False,True
9be287ac-20ae-466a-8b20-94eb5b3435cd,439,88089,grda,lrda,0,GRDA,1,False,153.9,0,6,40.54154040211741,bipolar,100.0,0.5-70 Hz,60 Hz,10.0,0.03042898505370417,364.0717336821502,2.1593583823092874,2.157236572923852,False,True
9be287ac-20ae-466a-8b20-94eb5b3435cd,440,45834,lpd,other,0,LPD,1,False,142.1,0,5,99.67657014699518,bipolar,100.0,0.5-70 Hz,60 Hz,10.0,0.03041314339012713,364.7552030514762,2.1593082755774633,2.158256933878247,False,True
9be287ac-20ae-466a-8b20-94eb5b3435cd,441,38604,sz,gpd,0,Seizure,1,False,133.3,0,8,353.0601387892138,bipolar,100.0,0.5-70 Hz,60 Hz,10.0,0.0304187008109158,363.61641880940573,2.1600668687392592,2.158207895394821,False,True
9be287ac-20ae-466a-8b20-94eb5b3435cd,442,88676,lrda,grda,0,LPD,0,False,339.6,0,7,35.338166932460204,average,200.0,0.5-70 Hz,60 Hz,10.0,0.03061239600163651,362.2922234777687,2.160095282939835,2.158970026433159,False,True
9be287ac-20ae-466a-8b20-94eb5b3435cd,443,63152,lpd,grda,0,GRDA,0,True,143.1,0,9,315.77034613501786,laplacian,70.0,0.5-70 Hz,60 Hz,10.0,0.03062618916617349,340.7641315623309,2.148791621369556,2.1590199342121195,False,True
9be287ac-20ae-466a-8b20-94eb5b3435cd,444,88173,grda,lrda,0,GRDA,1,False,104.9,0,6,66.6328128507068,average,70.0,0.5-20 Hz,60 Hz,10.0,0.030347175992260833,335.0039872603861,2.152842951420707,2.1477456294318715,False,True
9be287ac-20ae-466a-8b20-94eb5b3435cd,445,13367,spike,spike,0,No (no spike),0,True,166.8,0,6,331.73657730760164,bipolar,50.0,0.5-70 Hz,60 Hz,10.0,0.027997013443634478,599.9999999999999,2.2106282273012274,2.151793441327553,True,True
9be287ac-20ae-466a-8b20-94eb5b3435cd,446,51824,gpd,lpd,0,LPD,0,True,108.7,0,2,169.76528300805964,bipolar,100.0,0.5-70 Hz,60 Hz,10.0,0.028071715201212266,598.0888006604166,2.209193888691961,2.209293845808662,False,True
9be287ac-20ae-466a-8b20-94eb5b3435cd,447,41504,iic,seizure,0,Seizure,0,True,385.3,0,2,322.80549646786363,bipolar,200.0,0.5-20 Hz,60 Hz,10.0,0.028154230010912995,596.0826560353486,2.2030309216158717,2.2079308164955602,False,True
9be287ac-20ae-466a-8b20-94eb5b3435cd,448,86382,gpd,seizure,0,GPD,1,False,166.9,0,3,155.9654187470358,bipolar,100.0,0.5-70 Hz,60 Hz,10.0,0.027986341571963058,579.2484040958597,2.2059974962852906,2.2017984839697755,False,True
9be287ac-20ae-466a-8b20-94eb5b3435cd,449,45464,gpd,lpd,0,LPD,0,True,558.5,0,3,196.84269454455614,bipolar,100.0,0.5-70 Hz,60 Hz,10.0,0.02799435363304309,589.1868299614575,2.205124719634113,2.2046774823062267,False,True
9be287ac-20ae-466a-8b20-94eb5b3435cd,450,86215,gpd,grda,0,GRDA,0,True,2158.4,0,9,123.66147550051923,bipolar,100.0,0.5-70 Hz,60 Hz,10.0,0.02807507214395516,595.5712101023738,2.2033352653157965,2.2038813907034287,False,True
9be287ac-20ae-466a-8b20-94eb5b3435cd,451,6489,spike,spike,1,Yes (spike present),1,True,17961.5,0,5,129.49019452305532,average,200.0,0.5-20 Hz,60 Hz,10.0,0.028087885679660807,595.1407019523019,2.198343800681939,2.202167424689011,False,True
9be287ac-20ae-466a-8b20-94eb5b3435cd,452,87269,gpd,lrda,0,GPD,1,False,1103.6,0,2,72.06056532277991,bipolar,70.0,0.5-70 Hz,60 Hz,10.0,0.027981017444523137,556.0025536338933,2.2008377478436056,2.19716866773457,False,True
9be287ac-20ae-466a-8b20-94eb5b3435cd,453,31930,gpd,seizure,0,Seizure,0,True,99.2,0,5,52.16817776476472,average,100.0,0.5-70 Hz,60 Hz,10.0,0.027985322630028675,565.1935775189686,2.200828339369389,2.19957729453893,False,True
9be287ac-20ae-466a-8b20-94eb5b3435cd,454,69733,gpd,lrda,0,LRDA,0,True,96.3,0,6,185.804506055813,average,100.0,0.5-70 Hz,60 Hz,10.0,0.02800247775121867,579.361880635175,2.1997207364684845,2.1996506338365824,False,True
9be287ac-20ae-466a-8b20-94eb5b3435cd,455,88629,grda,gpd,0,GPD,0,True,101.7,0,5,326.9612834614616,bipolar,200.0,0.5-70 Hz,60 Hz,10.0,0.030886017028096624,505.41814483447706,2.165804145351628,2.1985737156438345,False,True
9be287ac-20ae-466a-8b20-94eb5b3435cd,456,86240,gpd,grda,0,GPD,1,False,145.8,0,5,39.529413649017826,laplacian,300.0,0.5-70 Hz,60 Hz,10.0,0.03030882802992152,448.3486962010795,2.1628701058968205,2.1645494622718866,False,True
9be287ac-20ae-466a-8b20-94eb5b3435cd,457,86524,gpd,lrda,0,LRDA,0,True,92.6,0,6,67.1641784417625,bipolar,70.0,0.5-70 Hz,60 Hz,10.0,0.030478428709601324,463.4042616597202,2.163566779352155,2.161570257186903,False,True
9be287ac-20ae-466a-8b20-94eb5b3435cd,458,85839,gpd,seizure,0,Seizure,0,True,96.0,0,3,109.54022130075393,average,100.0,0.5-20 Hz,60 Hz,10.0,0.030713911874658273,484.1358603341002,2.1638899909733516,2.1623457931090178,False,True
9be287ac-20ae-466a-8b20-94eb5b3435cd,459,85309,gpd,seizure,0,Seizure,0,True,153.2,0,3,34.18806080259789,bipolar,200.0,0.5-70 Hz,60 Hz,10.0,0.030912207277835002,494.8099107762689,2.163793240727459,2.162728423992204,False,True
9be287ac-20ae-466a-8b20-94eb5b3435cd,460,16671,spike,spike,0,Yes (spike present),1,False,225.5,0,3,108.37434696305623,laplacian,100.0,0.5-70 Hz,60 Hz,10.0,0.030875970794805696,483.61461106206184,2.1564149812700597,2.1626447407117686,False,True
9be287ac-20ae-466a-8b20-94eb5b3435cd,461,42557,gpd,lpd,0,LPD,0,True,870.6,0,5,83.51969625426271,bipolar,50.0,0.5-70 Hz,60 Hz,10.0,0.031085608151849353,495.56015545833856,2.1552291538629182,2.1552480673693664,False,True
9be287ac-20ae-466a-8b20-94eb5b3435cd,462,68697,lpd,lrda,0,LPD,1,False,262.5,0,3,52.19648692435921,bipolar,300.0,0.5-70 Hz,60 Hz,15.0,0.031183051257204608,490.652853585985,2.167025423834088,2.1541368280071214,False,True
9be287ac-20ae-466a-8b20-94eb5b3435cd,463,88659,gpd,grda,0,GRDA,0,True,231.8,0,6,132.28099197287838,bipolar,300.0,0.5-20 Hz,60 Hz,10.0,0.03135507111577379,496.81004610276784,2.164661028424707,2.1659231578846336,False,True
9be287ac-20ae-466a-8b20-94eb5b3435cd,464,49542,iic,lpd,0,LPD,0,True,150.0,0,5,54.25718295342418,bipolar,300.0,0.5-70 Hz,60 Hz,10.0,0.031707274070871594,486.9930064407358,2.1519396251717238,2.1635842712731788,False,True
9be287ac-20ae-466a-8b20-94eb5b3435cd,465,27313,sz,lpd,0,Seizure,1,False,523.7,0,6,110.79098259427415,bipolar,300.0,0.5-20 Hz,60 Hz,10.0,0.03093969311377215,475.45025620361855,2.1651816760986096,2.1509030386347265,False,True
9be287ac-20ae-466a-8b20-94eb5b3435cd,466,40936,grda,other,0,GRDA,1,False,305.1,0,4,53.83044270869027,bipolar,70.0,0.5-70 Hz,60 Hz,10.0,0.029734107832601497,490.9197852892136,2.164673112627235,2.1641510484223727,False,True
9be287ac-20ae-466a-8b20-94eb5b3435cd,467,60600,lrda,seizure,0,LRDA,1,False,154.0,0,4,32.53481676896186,bipolar,100.0,0.5-70 Hz,60 Hz,10.0,0.02937437035434337,460.891093328179,2.1435905752368876,2.163634298645764,False,True
9be287ac-20ae-466a-8b20-94eb5b3435cd,468,46099,lrda,other,0,LRDA,1,False,138.5,0,3,122.29959907847537,bipolar,100.0,0.5-20 Hz,60 Hz,10.0,0.029555338909372675,456.1734847886856,2.1437569836278314,2.1425289917973553,False,True
9be287ac-20ae-466a-8b20-94eb5b3435cd,469,84740,gpd,seizure,0,Seizure,0,True,190.3,0,11,87.5726753583257,bipolar,100.0,0.5-70 Hz,60 Hz,10.0,0.029219043671100342,458.66109745939383,2.141069323743002,2.142738579186741,False,True
9be287ac-20ae-466a-8b20-94eb5b3435cd,470,84664,lrda,grda,0,LRDA,1,False,173.4,0,6,37.9842918498021,bipolar,100.0,0.5-70 Hz,60 Hz,10.0,0.030448931193652995,373.77565018563433,2.109697973271112,2.1400787841575273,False,True
9be287ac-20ae-466a-8b20-94eb5b3435cd,471,68692,lrda,other,0,LRDA,1,False,104.1,0,2,73.43809733020335,average,100.0,0.5-70 Hz,60 Hz,10.0,0.030461818917063677,365.12832174644126,2.108576150365158,2.1086211965649393,False,True
9be287ac-20ae-466a-8b20-94eb5b3435cd,472,85956,lrda,grda,0,Seizure,0,False,138.2,0,7,311.03306472377864,bipolar,100.0,0.5-70 Hz,60 Hz,15.0,0.03034435858783935,393.7309022175349,2.119102157787615,2.1075751132281852,False,True
9be287ac-20ae-466a-8b20-94eb5b3435cd,473,47240,iic,other,1,LRDA,0,False,154.9,0,7,105.64329142474422,bipolar,50.0,0.5-70 Hz,60 Hz,10.0,0.03052184334009239,385.5400475609986,2.1094602023548097,2.1181244677199507,False,True
9be287ac-20ae-466a-8b20-94eb5b3435cd,474,54303,sz,gpd,0,GPD,0,True,440.6,0,5,51.33625178422498,bipolar,70.0,0.5-70 Hz,60 Hz,10.0,0.03077081071185306,390.92313180484683,2.109849604439641,2.1084995381659244,False,True
9be287ac-20ae-466a-8b20-94eb5b3435cd,475,85513,gpd,grda,0,Seizure,0,False,424.0,0,5,52.857432432444,bipolar,70.0,0.5-70 Hz,60 Hz,10.0,0.03066648458274901,391.41799174418753,2.1065768781689993,2.1089100680876807,False,True
9be287ac-20ae-466a-8b20-94eb5b3435cd,476,26501,lrda,seizure,0,Seizure,0,True,58744.5,0,5,140.51390314993094,bipolar,200.0,0.5-70 Hz,60 Hz,10.0,0.030632923276892488,401.7787041029934,2.1109621592123964,2.105648164100439,False,True
9be287ac-20ae-466a-8b20-94eb5b3435cd,477,4980,spike,spike,1,Yes (spike present),1,True,155323.5,0,3,96.82585002711104,bipolar,300.0,0.5-70 Hz,60 Hz,10.0,0.03056120040870486,382.86196447357986,2.10140612502662,2.110036827608571,False,True
9be287ac-20ae-466a-8b20-94eb5b3435cd,478,88980,gpd,grda,0,GRDA,0,True,2272.4,0,5,42.7600841140418,bipolar,100.0,0.5-20 Hz,60 Hz,15.0,0.030175928806640606,380.96596207682427,2.0960941179080805,2.1004979240887462,False,True
9be287ac-20ae-466a-8b20-94eb5b3435cd,479,88496,lrda,lpd,0,Other,0,False,54529.0,0,4,40.18520359249196,bipolar,100.0,0.5-20 Hz,60 Hz,10.0,0.028691432823223117,405.45596462608086,2.107265829471434,2.095176140470003,False,True
9be287ac-20ae-466a-8b20-94eb5b3435cd,480,85180,grda,lpd,0,LPD,0,True,27204.2,0,8,160.6988237319174,bipolar,100.0,0.5-70 Hz,60 Hz,10.0,0.027141998059490857,403.603837178799,2.1064676363791524,2.1063677822975544,False,True
9be287ac-20ae-466a-8b20-94eb5b3435cd,481,85159,grda,seizure,0,LRDA,0,False,241.8,0,7,40.637254128624264,laplacian,100.0,0.5-70 Hz,60 Hz,10.0,0.02731021070292111,389.85574784267124,2.1015711918452458,2.105573344865663,False,True
9be287ac-20ae-466a-8b20-94eb5b3435cd,482,88508,grda,lrda,0,Seizure,0,False,182.2,0,5,105.21872671757491,bipolar,100.0,0.5-70 Hz,60 Hz,15.0,0.027520586452221107,374.00194568760605,2.097071563370883,2.1006549715472738,False,True
9be287ac-20ae-466a-8b20-94eb5b3435cd,483,23712,grda,seizure,0,Seizure,0,True,92.6,0,5,122.86343010891424,average,70.0,0.5-70 Hz,60 Hz,10.0,0.02715640459706925,356.864895318705,2.092464295933532,2.0961305654543305,False,True
9be287ac-20ae-466a-8b20-94eb5b3435cd,484,41666,gpd,other,0,Other,0,True,196.3,0,7,99.69492187421636,bipolar,50.0,0.5-70 Hz,60 Hz,10.0,0.027092722577997774,351.60438259115,2.0871726176298573,2.09152694630402,False,True
9be287ac-20ae-466a-8b20-94eb5b3435cd,485,89061,grda,gpd,0,LPD,0,False,354.7,0,8,76.08605103431351,average,70.0,0.5-70 Hz,60 Hz,15.0,0.02687484850938182,334.5733747534629,2.082506790002219,2.0862737500985293,False,True
9be287ac-20ae-466a-8b20-94eb5b3435cd,486,88189,grda,lrda,0,LPD,0,False,181.5,0,5,45.84609390213197,bipolar,100.0,0.5-70 Hz,60 Hz,10.0,0.025888399142773466,319.81322711050575,2.0784132713758465,2.0816054715434693,False,True
9be287ac-20ae-466a-8b20-94eb5b3435cd,487,63145,gpd,grda,0,GPD,1,False,168.9,0,5,64.9347180445456,bipolar,100.0,0.5-70 Hz,60 Hz,10.0,0.02596684039593533,321.72952228114593,2.0793247362087466,2.0774994850114243,False,True
9be287ac-20ae-466a-8b20-94eb5b3435cd,488,47882,gpd,lpd,0,GPD,1,False,107.8,0,5,35.52082904413727,bipolar,200.0,0.5-70 Hz,60 Hz,10.0,0.026494122089834482,325.6670627854355,2.0908797014215685,2.078428095865646,False,True
9be287ac-20ae-466a-8b20-94eb5b3435cd,489,86955,gpd,other,0,GPD,1,False,337.6,0,5,99.06137731184648,average,200.0,0.5-20 Hz,60 Hz,10.0,0.026738275289872493,310.5538492917325,2.099377372934487,2.089915581059906,False,True
9be287ac-20ae-466a-8b20-94eb5b3435cd,490,88515,gpd,grda,0,GRDA,0,True,98.4,0,3,95.73252428485156,bipolar,100.0,0.5-70 Hz,60 Hz,10.0,0.02676366728291546,316.080954603694,2.097601822931099,2.098366587817143,False,True
9be287ac-20ae-466a-8b20-94eb5b3435cd,491,88779,grda,seizure,0,LPD,0,False,187.0,0,6,38.398875511331624,bipolar,100.0,0.5-70 Hz,60 Hz,10.0,0.025167207069098252,599.9999999999999,2.1098354240593307,2.096629507787791,True,True
9be287ac-20ae-466a-8b20-94eb5b3435cd,492,54608,sz,lpd,0,LRDA,0,False,840.2,0,5,30.29387507081958,average,100.0,0.5-70 Hz,60 Hz,10.0,0.025001622301400295,596.4456598817952,2.1147460881394817,2.108694440621388,False,True
9be287ac-20ae-466a-8b20-94eb5b3435cd,493,54213,sz,other,0,Other,0,True,307.1,0,5,49.08756796431604,laplacian,200.0,0.5-70 Hz,60 Hz,15.0,0.024850913162770105,586.394719057501,2.1192117455040234,2.1137016502755364,False,True
9be287ac-20ae-466a-8b20-94eb5b3435cd,494,46452,sz,grda,0,GPD,0,False,116.7,0,2,125.34628720649334,bipolar,300.0,0.5-20 Hz,60 Hz,10.0,0.024745784505501023,572.3242433551973,2.122950632102841,2.118239628491138,False,True
9be287ac-20ae-466a-8b20-94eb5b3435cd,495,56466,sz,lpd,0,LPD,0,True,221.6,0,3,47.771511048417004,bipolar,70.0,0.5-70 Hz,60 Hz,10.0,0.024686829226147178,552.4719281894202,2.1266787707130566,2.1220345442331587,False,True
9be287ac-20ae-466a-8b20-94eb5b3435cd,496,84698,grda,lpd,0,Other,0,False,420.1,0,5,138.0747128172148,bipolar,100.0,0.5-70 Hz,60 Hz,10.0,0.02418939155253058,545.4479655555022,2.122836525908477,2.125772646572353,False,True
9be287ac-20ae-466a-8b20-94eb5b3435cd,497,86356,grda,gpd,0,GPD,0,True,143.3,0,5,264.5743330530278,laplacian,100.0,0.5-70 Hz,60 Hz,10.0,0.02395498726979045,521.69465318129,2.120045167565027,2.121904404038319,False,True
9be287ac-20ae-466a-8b20-94eb5b3435cd,498,30132,sz,lpd,0,LPD,0,True,89.3,0,3,45.340798898219475,bipolar,100.0,0.5-70 Hz,60 Hz,10.0,0.023855259162572195,467.60565350753683,2.129079184455413,2.1190625555279397,False,True
9be287ac-20ae-466a-8b20-94eb5b3435cd,499,39826,iic,other,1,Other,1,True,137.8,0,4,311.8306220974384,bipolar,70.0,0.5-20 Hz,60 Hz,10.0,0.023873998223226278,468.23008851302427,2.1272632529719955,2.128142254266975,False,True
