session_id,trial_index,seg_id,task_code,pattern_class_true,target_present,response_label,response_y,is_correct,reaction_time_ms,answer_changes,n_interactions,select_ms,montage,gain_uv,bandpass,notch,window_s,max_hw,ess,total_var,expected_loss_chosen,rejuv,post_decision
34f73f67-8b2a-4822-824a-7d2a97683fc0,0,9748,spike,spike,0,No (no spike),0,True,1215.5,0,7,190.52508077896917,bipolar,100.0,0.5-70 Hz,60 Hz,10.0,0.1746756323658668,487.2749147061792,13.597361823589502,13.69430521594684,False,False
34f73f67-8b2a-4822-824a-7d2a97683fc0,1,472,spike,spike,0,Yes (spike present),1,False,747.3,0,9,84.58001905336316,bipolar,100.0,0.5-70 Hz,60 Hz,10.0,0.1793136760113574,467.69015794520163,13.27798478940381,13.417489971633172,False,False
34f73f67-8b2a-4822-824a-7d2a97683fc0,2,8146,spike,spike,1,No (no spike),0,False,1194.8,0,7,135.22402473254877,bipolar,100.0,0.5-70 Hz,60 Hz,10.0,0.18174658134558536,378.43483942483886,13.175592037070487,13.176277995002987,False,False
34f73f67-8b2a-4822-824a-7d2a97683fc0,3,1417,spike,spike,0,No (no spike),0,True,2805.3,0,13,218.2870324639199,bipolar,100.0,0.5-70 Hz,60 Hz,10.0,0.17716589544180655,391.12517133123544,12.99514021426653,13.069997781430555,False,False
34f73f67-8b2a-4822-824a-7d2a97683fc0,4,866,spike,spike,0,No (no spike),0,True,1815.9,0,4,97.75040635447239,bipolar,100.0,0.5-70 Hz,60 Hz,10.0,0.17701854056694533,381.77744895830205,12.842920031941354,12.901681470253953,False,False
34f73f67-8b2a-4822-824a-7d2a97683fc0,5,3027,spike,spike,0,No (no spike),0,True,1204.1,0,7,222.31275955669335,bipolar,100.0,0.5-70 Hz,60 Hz,10.0,0.17735349989738225,359.79581496719976,12.724680891611396,12.759614248630498,False,False
34f73f67-8b2a-4822-824a-7d2a97683fc0,6,2717,spike,spike,0,No (no spike),0,True,1050.7,0,4,104.0784159277488,bipolar,100.0,0.5-70 Hz,60 Hz,10.0,0.1774166871038061,333.8759063932429,12.64143519750607,12.652675507413086,False,False
34f73f67-8b2a-4822-824a-7d2a97683fc0,7,9213,spike,spike,1,No (no spike),0,False,2183.5,0,4,153.680226097322,bipolar,100.0,0.5-70 Hz,60 Hz,10.0,0.17199583706513272,599.9999999999999,12.861503640557927,12.575776635015906,True,False
34f73f67-8b2a-4822-824a-7d2a97683fc0,8,7977,spike,spike,1,Yes (spike present),1,True,950.1,0,8,110.34561965322683,bipolar,100.0,0.5-70 Hz,60 Hz,10.0,0.17124153099321698,469.77503411294595,12.648774915025864,12.797394027310531,False,False
34f73f67-8b2a-4822-824a-7d2a97683fc0,9,1230,spike,spike,0,Yes (spike present),1,False,1843.5,0,9,202.0667397704261,bipolar,100.0,0.5-70 Hz,60 Hz,10.0,0.17154461485245692,599.9999999999999,12.67734079202788,12.603356867558785,True,False
34f73f67-8b2a-4822-824a-7d2a97683fc0,10,851,spike,spike,0,No (no spike),0,True,3275.7,0,6,68.57474049747076,bipolar,100.0,0.5-70 Hz,60 Hz,10.0,0.17174479262566472,586.3650776159456,12.566215613038434,12.638298179059916,False,False
34f73f67-8b2a-4822-824a-7d2a97683fc0,11,2230,spike,spike,0,Yes (spike present),1,False,6242.5,0,5,92.39273297821147,bipolar,100.0,0.5-70 Hz,60 Hz,10.0,0.17196612012336904,548.0794837279788,12.759143988705143,12.53374703901209,False,False
34f73f67-8b2a-4822-824a-7d2a97683fc0,12,11870,spike,spike,1,No (no spike),0,False,5618.6,0,8,115.36600007059072,bipolar,100.0,0.5-70 Hz,60 Hz,10.0,0.17263118584455145,483.28616317743956,12.860483567066023,12.728889801570027,False,False
34f73f67-8b2a-4822-824a-7d2a97683fc0,13,874,spike,spike,0,Yes (spike present),1,False,667.9,0,8,159.43917386936926,bipolar,100.0,0.5-70 Hz,60 Hz,10.0,0.17459531860354882,360.0129969522531,12.977620658998571,12.832176553627244,False,False
34f73f67-8b2a-4822-824a-7d2a97683fc0,14,15428,spike,spike,0,Yes (spike present),1,False,1330.9,0,10,132.68222585028474,bipolar,100.0,0.5-70 Hz,60 Hz,10.0,0.1787387480018458,599.9999999999999,12.652496065495662,12.955660819342464,True,False
34f73f67-8b2a-4822-824a-7d2a97683fc0,15,15802,spike,spike,0,Yes (spike present),1,False,1121.5,0,7,157.3168476533742,bipolar,100.0,0.5-70 Hz,60 Hz,10.0,0.17880445178955234,565.7787481483977,12.693377307634528,12.635696463290753,False,False
34f73f67-8b2a-4822-824a-7d2a97683fc0,16,12318,spike,spike,1,Yes (spike present),1,True,1819.7,0,10,111.09404788840259,bipolar,100.0,0.5-70 Hz,60 Hz,10.0,0.17898690148658558,554.9557943308249,12.648169767729701,12.677764505393203,False,False
34f73f67-8b2a-4822-824a-7d2a97683fc0,17,12089,spike,spike,1,Yes (spike present),1,True,297.5,0,6,90.77921752318926,bipolar,100.0,0.5-70 Hz,60 Hz,10.0,0.17926749396546038,522.3427329284223,12.596757330974723,12.63152289924723,False,False
34f73f67-8b2a-4822-824a-7d2a97683fc0,18,14082,spike,spike,1,Yes (spike present),1,True,1210.3,0,5,113.29982640524747,bipolar,100.0,0.5-70 Hz,60 Hz,10.0,0.1797090356793235,473.362832783164,12.535561524553271,12.578963633926868,False,False
34f73f67-8b2a-4822-824a-7d2a97683fc0,19,11067,spike,spike,1,Yes (spike present),1,True,385.1,0,3,137.77468087612147,bipolar,100.0,0.5-70 Hz,60 Hz,10.0,0.18013531430610924,408.8417978799873,12.468527327325578,12.51744849776553,False,False
34f73f67-8b2a-4822-824a-7d2a97683fc0,20,32305,lpd,seizure,0,GRDA,0,False,273.6,0,6,120.6081593832911,bipolar,100.0,0.5-70 Hz,60 Hz,10.0,0.17102333649864854,599.9999999999999,12.365954707974058,12.156719817251613,True,False
34f73f67-8b2a-4822-824a-7d2a97683fc0,21,36215,gpd,grda,0,Other,0,False,175.7,0,2,117.43002591931683,bipolar,100.0,0.5-70 Hz,60 Hz,10.0,0.17362266667822496,456.45329423039504,12.236971873701966,12.072100683112208,False,False
34f73f67-8b2a-4822-824a-7d2a97683fc0,22,54027,iic,seizure,0,LRDA,0,False,244.3,0,6,115.1592184378768,bipolar,100.0,0.5-70 Hz,60 Hz,10.0,0.17809540697531595,321.7723900166844,12.011688999064138,11.954702329243421,False,False
34f73f67-8b2a-4822-824a-7d2a97683fc0,23,57261,lpd,lrda,0,LPD,1,False,368.7,0,9,10.622104787307787,bipolar,100.0,0.5-70 Hz,60 Hz,10.0,0.1798658171945201,599.9999999999999,11.466772737880195,11.723695179778568,True,False
34f73f67-8b2a-4822-824a-7d2a97683fc0,24,48271,lrda,seizure,0,LPD,0,False,1215.7,0,3,90.58148903720469,bipolar,100.0,0.5-70 Hz,60 Hz,10.0,0.1799693113751818,444.0533181613951,11.254758542891697,11.223490825414768,False,False
34f73f67-8b2a-4822-824a-7d2a97683fc0,25,55346,sz,lrda,0,GRDA,0,False,1301.9,0,9,150.28706939418865,bipolar,100.0,0.5-70 Hz,60 Hz,10.0,0.17946773925790238,318.51223657681703,11.293716867272913,10.981117887761437,False,False
34f73f67-8b2a-4822-824a-7d2a97683fc0,26,33250,grda,seizure,0,GRDA,1,False,1664.3,0,10,241.33894907023367,bipolar,100.0,0.5-70 Hz,60 Hz,10.0,0.17541609438796546,599.9999999999999,11.11722216035852,11.039160159995056,True,False
34f73f67-8b2a-4822-824a-7d2a97683fc0,27,68953,gpd,lrda,0,LRDA,0,True,1294.6,0,6,182.46668465110426,bipolar,100.0,0.5-70 Hz,60 Hz,10.0,0.17441510376245173,549.1143495249402,10.893983587343527,10.859778923310522,False,False
34f73f67-8b2a-4822-824a-7d2a97683fc0,28,60905,gpd,grda,0,Other,0,False,1240.9,0,7,83.57911525750363,bipolar,100.0,0.5-70 Hz,60 Hz,10.0,0.1737129846059024,477.37352196900935,10.666342285101749,10.67185719471506,False,False
34f73f67-8b2a-4822-824a-7d2a97683fc0,29,51979,sz,lrda,0,Seizure,1,False,295.5,0,9,104.79407146753942,bipolar,100.0,0.5-70 Hz,60 Hz,10.0,0.1784117549717401,325.1551464927973,10.524294144940317,10.45026662810556,False,False
34f73f67-8b2a-4822-824a-7d2a97683fc0,30,22123,grda,seizure,0,GRDA,1,False,586.8,0,10,100.53323362524812,bipolar,100.0,0.5-70 Hz,60 Hz,10.0,0.17795186696202175,303.44724898175747,10.281281703201369,10.315555256197367,False,False
34f73f67-8b2a-4822-824a-7d2a97683fc0,31,52296,lrda,gpd,0,Seizure,0,False,252.5,0,3,16.01776901922191,bipolar,100.0,0.5-70 Hz,60 Hz,10.0,0.18180924746503524,599.9999999999999,9.860332680290972,10.075349076410479,True,False
34f73f67-8b2a-4822-824a-7d2a97683fc0,32,57436,iic,lrda,0,Other,1,False,408.4,0,7,94.78774242987427,bipolar,100.0,0.5-70 Hz,60 Hz,10.0,0.18669160780838306,355.9945093067733,9.597826318452814,9.68671658357872,False,False
34f73f67-8b2a-4822-824a-7d2a97683fc0,33,55193,grda,lrda,0,Other,0,False,802.2,0,10,194.88831179778418,bipolar,100.0,0.5-70 Hz,60 Hz,10.0,0.17907404581603842,599.9999999999999,9.293553445788056,9.440458125155056,True,False
34f73f67-8b2a-4822-824a-7d2a97683fc0,34,43389,lrda,grda,0,GPD,0,False,953.0,0,8,139.7214314893051,bipolar,100.0,0.5-70 Hz,60 Hz,10.0,0.17739695914297793,570.4157549615081,9.128742165892596,9.126741233178135,False,False
34f73f67-8b2a-4822-824a-7d2a97683fc0,35,54076,gpd,lrda,0,GPD,1,False,3152.7,0,5,186.2024905439293,bipolar,100.0,0.5-70 Hz,60 Hz,10.0,0.1799297750277561,317.81204322838187,8.899181613926574,8.986936931601228,False,False
34f73f67-8b2a-4822-824a-7d2a97683fc0,36,67374,lrda,gpd,0,LRDA,1,False,1983.0,0,7,165.54382745980496,bipolar,100.0,0.5-70 Hz,60 Hz,10.0,0.18181596029922714,599.9999999999999,9.10042460029632,8.763689550141267,True,False
34f73f67-8b2a-4822-824a-7d2a97683fc0,37,22226,lrda,seizure,0,LRDA,1,False,426.3,0,7,126.10619317758736,bipolar,100.0,0.5-70 Hz,60 Hz,10.0,0.18053353867987026,365.530220162826,9.42563102124047,8.982741863334274,False,False
34f73f67-8b2a-4822-824a-7d2a97683fc0,38,51038,gpd,seizure,0,Other,0,False,439.7,0,3,95.69051069512551,bipolar,100.0,0.5-70 Hz,60 Hz,10.0,0.1801899160247899,360.71029312730667,9.232609233493747,9.308073849294809,False,False
34f73f67-8b2a-4822-824a-7d2a97683fc0,39,36886,lpd,lpd,1,LPD,1,True,322.5,0,6,101.92429838935358,bipolar,100.0,0.5-70 Hz,60 Hz,10.0,0.18067220245807958,349.52123405298266,9.166609653251818,9.126725073277623,False,False
34f73f67-8b2a-4822-824a-7d2a97683fc0,40,33572,gpd,seizure,0,Other,0,False,529.7,0,8,56.260100898510146,bipolar,100.0,0.5-70 Hz,60 Hz,10.0,0.1806680939930695,321.5292112920446,8.95886984079019,9.059954049073994,False,False
34f73f67-8b2a-4822-824a-7d2a97683fc0,41,56622,lpd,lpd,1,LPD,1,True,655.1,0,7,182.5072659028693,bipolar,100.0,0.5-70 Hz,60 Hz,10.0,0.17965023952843234,599.9999999999999,8.773429513378034,8.859329131340216,True,False
34f73f67-8b2a-4822-824a-7d2a97683fc0,42,31149,sz,seizure,1,Seizure,1,True,895.6,0,5,118.03014557270019,bipolar,100.0,0.5-70 Hz,60 Hz,10.0,0.17992976955184936,580.4961718043537,8.670560953341926,8.67507551089674,False,False
34f73f67-8b2a-4822-824a-7d2a97683fc0,43,25399,sz,seizure,1,LRDA,0,False,2793.2,0,8,93.18572709392008,bipolar,100.0,0.5-70 Hz,60 Hz,10.0,0.17787724230245622,452.5727190399094,8.691684114387686,8.57830175022384,False,False
34f73f67-8b2a-4822-824a-7d2a97683fc0,44,68639,grda,lrda,0,GRDA,1,False,715.0,0,9,104.59381435279585,bipolar,100.0,0.5-70 Hz,60 Hz,10.0,0.17725881960477713,326.7984301509855,8.637672643856803,8.59621945894057,False,False
34f73f67-8b2a-4822-824a-7d2a97683fc0,45,56839,iic,other,1,GPD,0,False,569.1,0,8,88.69351993964118,bipolar,100.0,0.5-70 Hz,60 Hz,10.0,0.17527427098782306,599.9999999999999,8.54210585556206,8.558297205605594,True,False
34f73f67-8b2a-4822-824a-7d2a97683fc0,46,53019,lpd,lpd,1,LPD,1,True,242.8,0,11,161.56151226724384,bipolar,100.0,0.5-70 Hz,60 Hz,10.0,0.17533136787983516,584.1863273948178,8.365724143515749,8.46623196787322,False,False
34f73f67-8b2a-4822-824a-7d2a97683fc0,47,27863,lpd,seizure,0,GRDA,0,False,144.6,0,5,199.16283653509032,bipolar,100.0,0.5-70 Hz,60 Hz,10.0,0.17382422166498457,552.4482365489895,8.24867362059599,8.293841995208956,False,False
34f73f67-8b2a-4822-824a-7d2a97683fc0,48,46922,gpd,gpd,1,GPD,1,True,163.5,0,8,175.29011691210508,bipolar,100.0,0.5-70 Hz,60 Hz,10.0,0.1746741497321389,530.3039792804834,8.204075386342028,8.177184334575523,False,False
34f73f67-8b2a-4822-824a-7d2a97683fc0,49,70220,gpd,lrda,0,Other,0,False,417.9,0,7,96.37820380382911,bipolar,100.0,0.5-70 Hz,60 Hz,10.0,0.17521288978527294,498.77122649624346,8.133233917027823,8.136695363980293,False,False
34f73f67-8b2a-4822-824a-7d2a97683fc0,50,46932,sz,gpd,0,LPD,0,False,289.6,0,5,63.116672260649175,bipolar,100.0,0.5-70 Hz,60 Hz,10.0,0.17701566382054462,468.05558435024943,8.080507291167518,8.065293099960236,False,False
34f73f67-8b2a-4822-824a-7d2a97683fc0,51,68637,sz,lrda,0,LPD,0,False,838.8,0,4,122.91498171899156,bipolar,100.0,0.5-70 Hz,60 Hz,10.0,0.17871889377626715,408.3349446682756,8.024279645818305,8.00799215537372,False,False
34f73f67-8b2a-4822-824a-7d2a97683fc0,52,45563,sz,gpd,0,GRDA,0,False,336.4,0,6,135.7293965617868,bipolar,100.0,0.5-70 Hz,60 Hz,10.0,0.1799476416876975,338.77141827158,7.96985171667791,7.950407519353291,False,False
34f73f67-8b2a-4822-824a-7d2a97683fc0,53,35353,sz,lrda,0,LPD,0,False,897.3,0,4,220.45264409076816,bipolar,100.0,0.5-70 Hz,60 Hz,10.0,0.172155833427247,599.9999999999999,7.883480875333985,7.898156290213864,True,False
34f73f67-8b2a-4822-824a-7d2a97683fc0,54,69661,grda,grda,1,LPD,0,False,419.4,0,8,155.74638376998547,bipolar,100.0,0.5-70 Hz,60 Hz,10.0,0.17485479734971687,403.61502412090863,7.755789777788889,7.805198643828224,False,False
34f73f67-8b2a-4822-824a-7d2a97683fc0,55,40101,gpd,gpd,1,GRDA,0,False,526.9,0,6,95.5485878236584,bipolar,100.0,0.5-70 Hz,60 Hz,10.0,0.17392725414691784,599.9999999999999,7.913801736842415,7.68958592335384,True,False
34f73f67-8b2a-4822-824a-7d2a97683fc0,56,55360,gpd,lrda,0,LRDA,0,True,1041.4,0,7,119.52505877861225,bipolar,100.0,0.5-70 Hz,60 Hz,10.0,0.17134277065300058,583.9772474821777,7.774994594761262,7.83529025419905,False,False
34f73f67-8b2a-4822-824a-7d2a97683fc0,57,41096,lpd,grda,0,Other,0,False,149.5,0,5,214.16312783613662,bipolar,100.0,0.5-70 Hz,60 Hz,10.0,0.1707230965373835,552.5764084172745,7.697299392083038,7.703308637577452,False,False
34f73f67-8b2a-4822-824a-7d2a97683fc0,58,49371,lpd,lrda,0,Other,0,False,575.7,0,6,118.41871458357673,bipolar,100.0,0.5-70 Hz,60 Hz,10.0,0.17095955800703155,500.2904604329311,7.599321476528474,7.628829107033485,False,False
34f73f67-8b2a-4822-824a-7d2a97683fc0,59,60705,gpd,seizure,0,GPD,1,False,476.1,0,8,106.4152612169376,bipolar,100.0,0.5-70 Hz,60 Hz,10.0,0.1683291904683789,424.28671074923005,7.751812902916999,7.535531961904901,False,False
34f73f67-8b2a-4822-824a-7d2a97683fc0,60,35152,sz,grda,0,Seizure,1,False,392.0,0,12,107.68181567195198,bipolar,100.0,0.5-70 Hz,60 Hz,10.0,0.16501402054391906,599.9999999999999,7.423770124586827,7.6846016347603125,True,False
34f73f67-8b2a-4822-824a-7d2a97683fc0,61,69772,lpd,seizure,0,GPD,0,False,2084.3,0,8,218.52699339531733,bipolar,100.0,0.5-70 Hz,60 Hz,10.0,0.16645723287090985,585.9147420669594,7.352782533803632,7.365393396297624,False,False
34f73f67-8b2a-4822-824a-7d2a97683fc0,62,69036,iic,seizure,0,GRDA,0,False,1262.4,0,8,104.8324156955061,bipolar,100.0,0.5-70 Hz,60 Hz,10.0,0.16681633806860852,565.0032084219604,7.271949095150912,7.296961689813684,False,False
34f73f67-8b2a-4822-824a-7d2a97683fc0,63,40992,iic,gpd,0,LRDA,0,False,486.5,0,5,13.340929749885689,bipolar,100.0,0.5-70 Hz,60 Hz,10.0,0.16696333065246993,515.6316926320789,7.186246485937829,7.21402259778329,False,False
34f73f67-8b2a-4822-824a-7d2a97683fc0,64,63199,iic,lpd,0,Other,1,False,514.5,0,10,169.84570264200258,bipolar,100.0,0.5-70 Hz,60 Hz,10.0,0.1671198142344123,554.3600633915723,7.225126173827729,7.128760965612383,False,False
34f73f67-8b2a-4822-824a-7d2a97683fc0,65,40008,lrda,lrda,1,LRDA,1,True,399.0,0,8,208.54249543607685,bipolar,100.0,0.5-70 Hz,60 Hz,10.0,0.1674084485175651,539.1412285402818,7.201615022358435,7.175545208436609,False,False
34f73f67-8b2a-4822-824a-7d2a97683fc0,66,57301,lrda,lrda,1,LRDA,1,True,2269.1,0,6,220.37715036295546,bipolar,100.0,0.5-70 Hz,60 Hz,10.0,0.16675663018337045,498.90847013555634,7.174670300778394,7.152139163817793,False,False
34f73f67-8b2a-4822-824a-7d2a97683fc0,67,45297,lrda,lrda,1,GPD,0,False,1103.7,0,6,10.708538890340142,bipolar,100.0,0.5-70 Hz,60 Hz,10.0,0.16100000722195462,501.4996354992843,7.066451364597018,7.12560788217705,False,False
34f73f67-8b2a-4822-824a-7d2a97683fc0,68,56547,lpd,grda,0,GPD,0,False,950.4,0,6,70.43262394739271,bipolar,100.0,0.5-70 Hz,60 Hz,10.0,0.1571995692030917,473.75571759223504,6.992309969062928,7.016386031567039,False,False
34f73f67-8b2a-4822-824a-7d2a97683fc0,69,45968,lpd,lpd,1,LPD,1,True,1900.7,0,7,54.86723847618548,bipolar,100.0,0.5-70 Hz,60 Hz,10.0,0.1548609397462588,451.3263896906766,6.892134605267488,6.946902732342849,False,False
34f73f67-8b2a-4822-824a-7d2a97683fc0,70,49891,grda,grda,1,GRDA,1,True,725.8,0,10,60.19818186748782,bipolar,100.0,0.5-70 Hz,60 Hz,10.0,0.1588536111910313,441.31875189012396,6.855146950443215,6.848674601590596,False,False
34f73f67-8b2a-4822-824a-7d2a97683fc0,71,51187,grda,grda,1,GRDA,1,True,1195.2,0,7,139.85608493164898,bipolar,100.0,0.5-70 Hz,60 Hz,10.0,0.15790337047004765,410.11230584140316,6.806552363294064,6.81082898669287,False,False
34f73f67-8b2a-4822-824a-7d2a97683fc0,72,35257,grda,grda,1,Other,0,False,1406.4,0,7,84.30448325101509,bipolar,100.0,0.5-70 Hz,60 Hz,10.0,0.14946928074483912,415.56413392569635,6.809232142376847,6.762442423169986,False,False
34f73f67-8b2a-4822-824a-7d2a97683fc0,73,60421,lpd,lpd,1,Other,0,False,882.6,0,6,171.9081050396334,bipolar,100.0,0.5-70 Hz,60 Hz,10.0,0.15451939431408712,355.24576339583615,6.908814765788101,6.766930341267208,False,False
34f73f67-8b2a-4822-824a-7d2a97683fc0,74,49337,lpd,grda,0,LPD,1,False,1036.1,0,1,100.14016369838001,bipolar,100.0,0.5-70 Hz,60 Hz,10.0,0.15519986763410615,332.12506766559136,6.945608277656566,6.8659824092092006,False,False
34f73f67-8b2a-4822-824a-7d2a97683fc0,75,55983,lpd,gpd,0,Seizure,0,False,307.0,0,7,86.17929750870566,bipolar,100.0,0.5-70 Hz,60 Hz,10.0,0.15391456340844856,347.0726554220707,6.901409777183005,6.906888721125253,False,False
34f73f67-8b2a-4822-824a-7d2a97683fc0,76,33277,sz,seizure,1,Seizure,1,True,334.4,0,8,190.40583348358635,bipolar,100.0,0.5-70 Hz,60 Hz,10.0,0.1536305351710916,341.85454974005177,6.858744467011061,6.865951500179941,False,False
34f73f67-8b2a-4822-824a-7d2a97683fc0,77,69015,sz,seizure,1,Seizure,1,True,363.7,0,5,149.7005278150083,bipolar,100.0,0.5-70 Hz,60 Hz,10.0,0.1513103501021777,322.0162242207039,6.8157960724487925,6.8237692445465346,False,False
34f73f67-8b2a-4822-824a-7d2a97683fc0,78,65579,sz,gpd,0,LPD,0,False,295.1,0,7,55.96462933709653,bipolar,100.0,0.5-70 Hz,60 Hz,10.0,0.14890511611697949,302.63987302984435,6.790757064397177,6.781656469942349,False,False
34f73f67-8b2a-4822-824a-7d2a97683fc0,79,64879,sz,grda,0,Seizure,1,False,519.1,0,9,102.867419581393,bipolar,100.0,0.5-70 Hz,60 Hz,10.0,0.15325983823687794,310.5327595524689,6.7297946732325045,6.756933531179494,False,False
34f73f67-8b2a-4822-824a-7d2a97683fc0,80,31011,lpd,seizure,0,GRDA,0,False,1202.3,0,6,214.22438329669512,bipolar,100.0,0.5-70 Hz,60 Hz,10.0,0.150339085250613,313.4514421561218,6.685701006606406,6.696054813023765,False,False
34f73f67-8b2a-4822-824a-7d2a97683fc0,81,22740,grda,seizure,0,LRDA,0,False,434.3,0,10,123.93503454025597,bipolar,100.0,0.5-70 Hz,60 Hz,10.0,0.14825860615195907,301.5338522057972,6.657137790761017,6.653319952978224,False,False
34f73f67-8b2a-4822-824a-7d2a97683fc0,82,39796,grda,other,0,Seizure,0,False,584.0,0,6,149.71256550047585,bipolar,100.0,0.5-70 Hz,60 Hz,10.0,0.14818879876900387,599.9999999999999,6.72016395011099,6.621454558247952,True,False
34f73f67-8b2a-4822-824a-7d2a97683fc0,83,25241,grda,other,0,GRDA,1,False,258.2,0,6,108.43771927489274,bipolar,100.0,0.5-70 Hz,60 Hz,10.0,0.14794626874423916,531.3581648815145,6.761280560472251,6.681083612632272,False,False
34f73f67-8b2a-4822-824a-7d2a97683fc0,84,68697,lrda,lrda,1,LRDA,1,True,342.6,0,9,100.65367585537001,bipolar,100.0,0.5-70 Hz,60 Hz,10.0,0.14766930309081167,520.562286619779,6.705262486790202,6.728646258005045,False,False
34f73f67-8b2a-4822-824a-7d2a97683fc0,85,63406,gpd,gpd,1,GPD,1,True,137.5,0,13,86.57232572716777,bipolar,100.0,0.5-70 Hz,60 Hz,10.0,0.14811727810953085,505.8062959386336,6.664610061459355,6.672689277411409,False,False
34f73f67-8b2a-4822-824a-7d2a97683fc0,86,62833,gpd,gpd,1,GPD,1,True,249.8,0,4,13.165808146425688,bipolar,100.0,0.5-70 Hz,60 Hz,10.0,0.14981185046310408,468.7996433967064,6.617557417199857,6.631544947137407,False,False
34f73f67-8b2a-4822-824a-7d2a97683fc0,87,87929,gpd,gpd,1,GPD,1,True,480.9,0,9,138.37209254656747,bipolar,100.0,0.5-70 Hz,60 Hz,10.0,0.1490503731983132,419.8824331833512,6.565335967387232,6.584535805844892,False,False
34f73f67-8b2a-4822-824a-7d2a97683fc0,88,46177,gpd,gpd,1,GPD,1,True,463.2,0,7,132.96177838431768,bipolar,100.0,0.5-70 Hz,60 Hz,10.0,0.15048106102485742,364.90332430105786,6.509814765282908,6.533444699269636,False,False
34f73f67-8b2a-4822-824a-7d2a97683fc0,89,66608,lpd,lpd,1,LPD,1,True,516.4,0,8,212.98986011994722,bipolar,100.0,0.5-70 Hz,60 Hz,10.0,0.15139013026733789,354.1027063295083,6.460567625389361,6.478639993177955,False,False
34f73f67-8b2a-4822-824a-7d2a97683fc0,90,67611,gpd,gpd,1,GPD,1,True,621.7,0,11,10.236670975550036,bipolar,100.0,0.5-70 Hz,60 Hz,10.0,0.1505404304083699,302.46870235108184,6.400678127160384,6.429954830396336,False,False
34f73f67-8b2a-4822-824a-7d2a97683fc0,91,59456,lpd,grda,0,LPD,1,False,823.3,0,9,132.6064962592587,bipolar,100.0,0.5-70 Hz,60 Hz,10.0,0.15312012514808176,599.9999999999999,6.467127097023682,6.37042362809187,True,False
34f73f67-8b2a-4822-824a-7d2a97683fc0,92,65542,sz,seizure,1,Seizure,1,True,1619.0,0,9,65.56251396727471,bipolar,100.0,0.5-70 Hz,60 Hz,10.0,0.1513267630945151,586.5003284308393,6.393360612701381,6.433533546608547,False,False
34f73f67-8b2a-4822-824a-7d2a97683fc0,93,36177,sz,seizure,1,LPD,0,False,2306.0,0,6,121.48785034789312,bipolar,100.0,0.5-70 Hz,60 Hz,10.0,0.1550736939087175,521.8468131518264,6.505315741608559,6.360615397784207,False,False
34f73f67-8b2a-4822-824a-7d2a97683fc0,94,50577,gpd,gpd,1,GPD,1,True,2196.4,0,5,122.59087001508098,bipolar,100.0,0.5-70 Hz,60 Hz,10.0,0.15330496471345428,514.4162773197073,6.451574567927628,6.474692683122609,False,False
34f73f67-8b2a-4822-824a-7d2a97683fc0,95,42042,lpd,lpd,1,LPD,1,True,1288.5,0,10,147.48407841052673,bipolar,100.0,0.5-70 Hz,60 Hz,10.0,0.15341042820436324,507.5569767223679,6.401638388504532,6.422596330501814,False,False
34f73f67-8b2a-4822-824a-7d2a97683fc0,96,40564,sz,grda,0,LRDA,0,False,1778.3,0,6,158.27903239825727,bipolar,100.0,0.5-70 Hz,60 Hz,10.0,0.1539549994436481,502.80692150741834,6.370028016221671,6.373302746084059,False,False
34f73f67-8b2a-4822-824a-7d2a97683fc0,97,35768,sz,lrda,0,Seizure,1,False,885.1,0,11,132.27035683669644,bipolar,100.0,0.5-70 Hz,60 Hz,10.0,0.15320278552064598,477.0316938085944,6.36393852944488,6.341288981338237,False,False
34f73f67-8b2a-4822-824a-7d2a97683fc0,98,65955,gpd,gpd,1,Other,0,False,1884.0,0,8,102.56603596636393,bipolar,100.0,0.5-70 Hz,60 Hz,10.0,0.14898607246088585,395.1652428267058,6.470741651844816,6.337350204065347,False,False
34f73f67-8b2a-4822-824a-7d2a97683fc0,99,45227,lpd,lpd,1,GRDA,0,False,1595.7,0,0,61.24025415154317,bipolar,100.0,0.5-70 Hz,60 Hz,10.0,0.1422934150535179,317.9342158568865,6.530811118573807,6.442998210666042,False,False
34f73f67-8b2a-4822-824a-7d2a97683fc0,100,38946,gpd,lrda,0,GPD,1,False,570.0,0,6,131.45771882542377,bipolar,100.0,0.5-70 Hz,60 Hz,10.0,0.14005576859812247,599.9999999999999,6.602964353499802,6.503428164690844,True,False
34f73f67-8b2a-4822-824a-7d2a97683fc0,101,65668,lrda,other,0,GRDA,0,False,243.5,0,6,120.5312724184724,bipolar,100.0,0.5-70 Hz,60 Hz,10.0,0.13996871990430654,583.3725098195588,6.556907132022404,6.573967676763177,False,False
34f73f67-8b2a-4822-824a-7d2a97683fc0,102,26501,lrda,seizure,0,LRDA,1,False,203.4,0,5,17.129419832778954,bipolar,100.0,0.5-70 Hz,60 Hz,10.0,0.14000729849542637,581.7307738548599,6.5682144185691715,6.525771501216093,False,False
34f73f67-8b2a-4822-824a-7d2a97683fc0,103,40538,iic,other,1,GPD,0,False,279.4,0,10,50.362080742889376,bipolar,100.0,0.5-70 Hz,60 Hz,10.0,0.13967744863261622,528.9668717234588,6.5203253583373355,6.542569173871465,False,False
34f73f67-8b2a-4822-824a-7d2a97683fc0,104,34502,lpd,seizure,0,LPD,1,False,710.1,0,3,152.43327845207253,bipolar,100.0,0.5-70 Hz,60 Hz,10.0,0.13478512663562858,457.5314607236703,6.585969007300187,6.496546935702677,False,False
34f73f67-8b2a-4822-824a-7d2a97683fc0,105,48579,iic,lpd,0,Other,1,False,155.7,0,11,229.96531090256155,bipolar,100.0,0.5-70 Hz,60 Hz,10.0,0.13532620634920262,405.9929982343835,6.630056670357451,6.560630907313923,False,False
34f73f67-8b2a-4822-824a-7d2a97683fc0,106,20737,grda,seizure,0,LPD,0,False,150.2,0,7,203.73649702563583,bipolar,100.0,0.5-70 Hz,60 Hz,10.0,0.13551516045565232,392.99613140421354,6.608118916260739,6.608219973302354,False,False
34f73f67-8b2a-4822-824a-7d2a97683fc0,107,32452,grda,seizure,0,Other,0,False,152.9,0,9,148.74353570520182,bipolar,100.0,0.5-70 Hz,60 Hz,10.0,0.13552883238871832,362.03189452822323,6.584763152915009,6.584921172774996,False,False
34f73f67-8b2a-4822-824a-7d2a97683fc0,108,61377,grda,gpd,0,Other,0,False,281.6,0,7,229.66523694046035,bipolar,100.0,0.5-70 Hz,60 Hz,10.0,0.13553462396074056,317.49026038327884,6.5595721975659576,6.560224519890111,False,False
34f73f67-8b2a-4822-824a-7d2a97683fc0,109,60073,grda,gpd,0,GRDA,1,False,153.7,0,7,236.50496084107513,bipolar,100.0,0.5-70 Hz,60 Hz,10.0,0.1355332444950491,389.12443265257167,6.539165121075978,6.5339612807705265,False,False
34f73f67-8b2a-4822-824a-7d2a97683fc0,110,89005,lrda,lrda,1,LRDA,1,True,351.6,0,6,131.33081612790482,bipolar,100.0,0.5-70 Hz,60 Hz,10.0,0.13565454287423023,384.7241623091938,6.514400528724057,6.51803889303884,False,False
34f73f67-8b2a-4822-824a-7d2a97683fc0,111,49855,lrda,lrda,1,Other,0,False,221.5,0,3,215.86751144328198,bipolar,100.0,0.5-70 Hz,60 Hz,10.0,0.13448656589287344,361.0672346533306,6.510904685325314,6.493405120509392,False,False
34f73f67-8b2a-4822-824a-7d2a97683fc0,112,87122,sz,seizure,1,Seizure,1,True,206.9,0,6,140.13301281452254,bipolar,100.0,0.5-70 Hz,60 Hz,10.0,0.13448517818874373,358.2500080767197,6.458430102958307,6.490665220912601,False,False
34f73f67-8b2a-4822-824a-7d2a97683fc0,113,84740,sz,seizure,1,Seizure,1,True,411.1,0,8,204.7703728986208,bipolar,100.0,0.5-70 Hz,60 Hz,10.0,0.1345095334567707,342.47279371334906,6.403169063389033,6.438173769198833,False,False
34f73f67-8b2a-4822-824a-7d2a97683fc0,114,33829,sz,seizure,1,Seizure,1,True,981.0,0,8,84.46498413725952,bipolar,100.0,0.5-70 Hz,60 Hz,10.0,0.13456494016562998,316.1852063746619,6.348320687986094,6.383687443308715,False,False
34f73f67-8b2a-4822-824a-7d2a97683fc0,115,39045,gpd,other,0,GRDA,0,False,1099.2,0,7,100.13680712033519,bipolar,100.0,0.5-70 Hz,60 Hz,10.0,0.1368676589118223,317.8384693762353,6.258612494497314,6.329737929489728,False,False
34f73f67-8b2a-4822-824a-7d2a97683fc0,116,87273,grda,grda,1,GRDA,1,True,1014.2,0,7,172.5454169782712,bipolar,100.0,0.5-70 Hz,60 Hz,10.0,0.13519001444103984,314.9139601024035,6.210264325225147,6.241528595297822,False,False
34f73f67-8b2a-4822-824a-7d2a97683fc0,117,63112,grda,grda,1,GRDA,1,True,147.4,0,10,114.56708679666521,bipolar,100.0,0.5-70 Hz,60 Hz,10.0,0.1350619096099182,302.0307116761063,6.163952798953048,6.192447403941595,False,False
34f73f67-8b2a-4822-824a-7d2a97683fc0,118,35156,grda,grda,1,GRDA,1,True,192.9,0,9,64.60567772799908,bipolar,100.0,0.5-70 Hz,60 Hz,10.0,0.12804232108055835,599.9999999999999,6.261723120458549,6.145515003155598,True,False
34f73f67-8b2a-4822-824a-7d2a97683fc0,119,40526,grda,gpd,0,Other,0,False,201.1,0,6,153.9255959537049,bipolar,100.0,0.5-70 Hz,60 Hz,10.0,0.1287227523243909,585.9622181137369,6.230852760826561,6.2430298235198,False,False
34f73f67-8b2a-4822-824a-7d2a97683fc0,120,45189,grda,gpd,0,GRDA,1,False,248.5,0,5,85.67698222837971,bipolar,100.0,0.5-70 Hz,60 Hz,10.0,0.12768103083407412,589.1713191427318,6.245307405645859,6.211869155282775,False,False
34f73f67-8b2a-4822-824a-7d2a97683fc0,121,70144,lrda,grda,0,Seizure,0,False,236.7,0,4,189.44177920621473,bipolar,100.0,0.5-70 Hz,60 Hz,10.0,0.12901744327742115,579.565497977846,6.213499096941811,6.227392154723807,False,False
34f73f67-8b2a-4822-824a-7d2a97683fc0,122,31713,lrda,seizure,0,GRDA,0,False,491.3,0,13,75.94641541247869,bipolar,100.0,0.5-70 Hz,60 Hz,10.0,0.13258762985983863,545.8882980855616,6.174292139970543,6.194356908779481,False,False
34f73f67-8b2a-4822-824a-7d2a97683fc0,123,53724,lrda,gpd,0,Other,0,False,369.7,0,9,82.11036665099681,bipolar,100.0,0.5-70 Hz,60 Hz,10.0,0.13331820124813332,491.73916473497235,6.126489465961962,6.154047629760126,False,False
34f73f67-8b2a-4822-824a-7d2a97683fc0,124,21629,lrda,seizure,0,GRDA,0,False,251.2,0,9,98.52154004933834,bipolar,100.0,0.5-70 Hz,60 Hz,10.0,0.13335675836517685,425.0838213724661,6.069518481684338,6.105344938113966,False,False
34f73f67-8b2a-4822-824a-7d2a97683fc0,125,31930,lrda,seizure,0,GPD,0,False,137.9,0,12,212.13397816999546,bipolar,100.0,0.5-70 Hz,60 Hz,10.0,0.13334904521340274,355.30467908783044,6.003467707346568,6.047798413231489,False,False
34f73f67-8b2a-4822-824a-7d2a97683fc0,126,57358,iic,seizure,0,LPD,0,False,582.6,0,3,125.38317218217969,bipolar,100.0,0.5-70 Hz,60 Hz,10.0,0.1332502669894372,344.4687779020623,5.9725596985515885,5.988259563221227,False,False
34f73f67-8b2a-4822-824a-7d2a97683fc0,127,49579,lrda,other,0,LRDA,1,False,576.8,0,8,180.8959883857692,bipolar,100.0,0.5-70 Hz,60 Hz,10.0,0.13339042252881372,483.1365549458681,6.054898235899484,5.950558442234859,False,False
34f73f67-8b2a-4822-824a-7d2a97683fc0,128,59372,lrda,gpd,0,LRDA,1,False,208.4,0,5,99.0149597167893,bipolar,100.0,0.5-70 Hz,60 Hz,10.0,0.13012461898102062,549.6387856442504,6.094938840600971,6.037720704030316,False,False
34f73f67-8b2a-4822-824a-7d2a97683fc0,129,22553,iic,gpd,0,Seizure,0,False,309.5,0,10,107.84775766623238,bipolar,100.0,0.5-70 Hz,60 Hz,10.0,0.12900018881933323,518.0566352028175,6.05338691214439,6.077163977105112,False,False
34f73f67-8b2a-4822-824a-7d2a97683fc0,130,47425,iic,lpd,0,LRDA,0,False,511.6,0,9,116.97489936262545,bipolar,100.0,0.5-70 Hz,60 Hz,10.0,0.1291094849877577,469.6628074750342,6.0059246666068,6.034378365853883,False,False
34f73f67-8b2a-4822-824a-7d2a97683fc0,131,27313,iic,lpd,0,Seizure,0,False,1478.8,0,6,96.63119081228454,bipolar,100.0,0.5-70 Hz,60 Hz,10.0,0.12902279235103115,410.4106787292795,5.952830978553777,5.985932011526266,False,False
34f73f67-8b2a-4822-824a-7d2a97683fc0,132,61379,iic,seizure,0,GRDA,0,False,1221.6,0,4,220.55590065621192,bipolar,100.0,0.5-70 Hz,60 Hz,10.0,0.1288345411726569,347.18320529957595,5.894296822153132,5.931876755309375,False,False
34f73f67-8b2a-4822-824a-7d2a97683fc0,133,39726,iic,gpd,0,GPD,0,True,1692.6,0,6,199.45639786846527,bipolar,100.0,0.5-70 Hz,60 Hz,10.0,0.1320657593423193,599.9999999999999,6.002867995838854,5.872726369318805,True,False
34f73f67-8b2a-4822-824a-7d2a97683fc0,134,68750,lpd,lpd,1,LPD,1,True,314.1,0,7,88.33986891309456,bipolar,100.0,0.5-70 Hz,60 Hz,10.0,0.13251126606385272,587.1374083601004,5.9439982345995634,5.978384036608298,False,False
34f73f67-8b2a-4822-824a-7d2a97683fc0,135,21648,iic,seizure,0,Seizure,0,True,1397.1,0,4,229.12191103697057,bipolar,100.0,0.5-70 Hz,60 Hz,10.0,0.1319275020148371,571.6652529496797,5.9042617268108195,5.920148220121254,False,False
34f73f67-8b2a-4822-824a-7d2a97683fc0,136,42557,iic,lpd,0,Seizure,0,False,651.3,0,3,210.4943486610712,bipolar,100.0,0.5-70 Hz,60 Hz,10.0,0.13170680723564637,535.5857571535054,5.861061970340474,5.880548809362419,False,False
34f73f67-8b2a-4822-824a-7d2a97683fc0,137,53422,iic,lpd,0,Other,1,False,638.1,0,7,213.9972591409736,bipolar,100.0,0.5-70 Hz,60 Hz,10.0,0.1327774424670647,578.1844109603115,5.896574998510798,5.837860720983947,False,False
34f73f67-8b2a-4822-824a-7d2a97683fc0,138,40594,iic,lpd,0,Other,1,False,503.5,0,10,181.42228303768928,bipolar,100.0,0.5-70 Hz,60 Hz,10.0,0.13275990670151816,520.1121342244548,5.919274516492027,5.8788517547288,False,False
34f73f67-8b2a-4822-824a-7d2a97683fc0,139,30362,iic,lrda,0,Other,1,False,605.0,0,8,116.06099091558856,bipolar,100.0,0.5-70 Hz,60 Hz,10.0,0.13223805058687904,440.8517413825222,5.932256330601181,5.9054065823281725,False,False
34f73f67-8b2a-4822-824a-7d2a97683fc0,140,30132,lpd,lpd,1,GPD,0,False,1763.6,0,7,85.86791218005493,bipolar,100.0,0.5-70 Hz,60 Hz,10.0,0.1307109790130464,402.76502106372897,5.966959359195073,5.9066522308273255,False,False
34f73f67-8b2a-4822-824a-7d2a97683fc0,141,53983,iic,other,1,Seizure,0,False,1290.6,0,7,206.97843318464453,bipolar,100.0,0.5-70 Hz,60 Hz,10.0,0.1293241231474399,379.4049146039698,5.9288504077786355,5.953737498379709,False,False
34f73f67-8b2a-4822-824a-7d2a97683fc0,142,65293,grda,grda,1,GRDA,1,True,1405.5,0,5,148.73368921707848,bipolar,100.0,0.5-70 Hz,60 Hz,10.0,0.12985275488084735,372.6151484876053,5.870854780739203,5.905907723813336,False,True
34f73f67-8b2a-4822-824a-7d2a97683fc0,143,85408,gpd,seizure,0,GRDA,0,False,1104.2,0,6,192.30507269889117,bipolar,100.0,0.5-70 Hz,60 Hz,10.0,0.1313734385075992,368.3241299110446,5.81603996329377,5.8479396958751835,False,True
34f73f67-8b2a-4822-824a-7d2a97683fc0,144,86568,grda,grda,1,GRDA,1,True,170.1,0,5,83.22356062663317,bipolar,100.0,0.5-70 Hz,60 Hz,10.0,0.1338772843133338,347.66328166543764,5.754887392524055,5.794133267720918,False,True
34f73f67-8b2a-4822-824a-7d2a97683fc0,145,55238,gpd,seizure,0,GRDA,0,False,161.0,0,4,59.441460646119694,bipolar,100.0,0.5-70 Hz,60 Hz,10.0,0.1319957410559196,327.5499460712053,5.694287483721219,5.732776151299854,False,True
34f73f67-8b2a-4822-824a-7d2a97683fc0,146,88659,grda,grda,1,Other,0,False,942.3,0,8,102.58832507377504,bipolar,100.0,0.5-70 Hz,60 Hz,10.0,0.13209805367462896,341.3292172908028,5.8187323065805,5.673477450932624,False,True
34f73f67-8b2a-4822-824a-7d2a97683fc0,147,10551,spike,spike,1,Yes (spike present),1,True,551.3,0,5,80.61703355397925,bipolar,100.0,0.5-70 Hz,60 Hz,10.0,0.13409234481920207,336.60864918875205,5.768550418428392,5.796499629121218,False,True
34f73f67-8b2a-4822-824a-7d2a97683fc0,148,6489,spike,spike,1,Yes (spike present),1,True,860.1,0,5,233.5190792122556,bipolar,100.0,0.5-70 Hz,60 Hz,10.0,0.14239296851817934,316.8788450483622,5.7221710216349795,5.745739002588565,False,True
34f73f67-8b2a-4822-824a-7d2a97683fc0,149,11710,spike,spike,1,Yes (spike present),1,True,1922.8,0,8,108.29270202801604,bipolar,100.0,0.5-70 Hz,60 Hz,10.0,0.12982425783138996,599.9999999999999,5.739339855862911,5.699365378375543,True,True
34f73f67-8b2a-4822-824a-7d2a97683fc0,150,52096,gpd,lrda,0,GPD,1,False,316.9,0,5,159.82789236513597,bipolar,100.0,0.5-70 Hz,60 Hz,10.0,0.13141827416143437,535.3760364564464,5.8536512166928745,5.719036586277852,False,True
34f73f67-8b2a-4822-824a-7d2a97683fc0,151,40673,sz,grda,0,GPD,0,False,157.1,0,5,101.02879471181338,bipolar,100.0,0.5-70 Hz,60 Hz,10.0,0.13177743165017658,524.1603543130885,5.820207910164689,5.834146936614658,False,True
34f73f67-8b2a-4822-824a-7d2a97683fc0,152,36263,sz,lrda,0,GPD,0,False,362.5,0,6,230.5820742668566,bipolar,100.0,0.5-70 Hz,60 Hz,10.0,0.1319451025547254,491.59790931129834,5.78605799770561,5.800376612541591,False,True
34f73f67-8b2a-4822-824a-7d2a97683fc0,153,20885,sz,grda,0,LPD,0,False,236.0,0,5,193.48304916658384,bipolar,100.0,0.5-70 Hz,60 Hz,10.0,0.13199035251783592,442.62975114235564,5.751747485949428,5.7663733314968475,False,True
34f73f67-8b2a-4822-824a-7d2a97683fc0,154,9345,spike,spike,1,No (no spike),0,False,148.8,0,10,225.61235603862593,bipolar,100.0,0.5-70 Hz,60 Hz,10.0,0.12712797504419698,397.24430656277474,5.772941546436649,5.731797745849889,False,True
34f73f67-8b2a-4822-824a-7d2a97683fc0,155,55316,sz,lrda,0,Seizure,1,False,193.4,0,5,101.72557989424584,bipolar,100.0,0.5-70 Hz,60 Hz,10.0,0.1252283753076472,470.0308549642671,5.789305316789001,5.754613670801675,False,True
34f73f67-8b2a-4822-824a-7d2a97683fc0,156,22795,gpd,seizure,0,LRDA,0,False,266.5,0,7,153.3995574690106,bipolar,100.0,0.5-70 Hz,60 Hz,10.0,0.12573134126209234,506.3997592974158,5.722031815724991,5.772104359872941,False,True
34f73f67-8b2a-4822-824a-7d2a97683fc0,157,48572,lpd,lpd,1,LPD,1,True,473.7,0,1,106.98887058240678,bipolar,100.0,0.5-70 Hz,60 Hz,10.0,0.12588093831084923,500.58465307603973,5.648514094069885,5.704972630154258,False,True
34f73f67-8b2a-4822-824a-7d2a97683fc0,158,68755,lpd,lpd,1,LPD,1,True,784.8,0,9,225.19320587582592,bipolar,100.0,0.5-70 Hz,60 Hz,10.0,0.1259488016257891,477.95795362116894,5.57499193069919,5.6320582669471335,False,True
34f73f67-8b2a-4822-824a-7d2a97683fc0,159,84837,grda,grda,1,GRDA,1,True,410.4,0,11,89.48898433268252,bipolar,100.0,0.5-70 Hz,60 Hz,10.0,0.12583074247309706,467.38461053946537,5.5341374958811915,5.558584124005529,False,True
34f73f67-8b2a-4822-824a-7d2a97683fc0,160,56105,gpd,other,0,GPD,1,False,344.7,0,8,145.84653426003408,bipolar,100.0,0.5-70 Hz,60 Hz,10.0,0.12551758177693595,398.08540597914026,5.63497555419901,5.518431709870136,False,True
34f73f67-8b2a-4822-824a-7d2a97683fc0,161,84589,gpd,gpd,1,GPD,1,True,182.7,0,8,210.14268102500495,bipolar,100.0,0.5-70 Hz,60 Hz,10.0,0.12585865716241945,395.35520199592116,5.562466866394315,5.6185077057256,False,True
34f73f67-8b2a-4822-824a-7d2a97683fc0,162,69933,lpd,gpd,0,Other,0,False,128.6,0,4,148.15364877758637,bipolar,100.0,0.5-70 Hz,60 Hz,10.0,0.1299829583135892,384.46036557176126,5.581985575551094,5.546784157551722,False,True
34f73f67-8b2a-4822-824a-7d2a97683fc0,163,34228,lpd,grda,0,GPD,0,False,141.9,0,9,220.62306119042495,bipolar,100.0,0.5-70 Hz,60 Hz,10.0,0.13128044003020328,360.1579535758972,5.601822871781597,5.565684627913075,False,True
34f73f67-8b2a-4822-824a-7d2a97683fc0,164,22872,lpd,seizure,0,LPD,1,False,155.5,0,7,111.535672127687,bipolar,100.0,0.5-70 Hz,60 Hz,10.0,0.1258566884567085,390.80490170308093,5.504286400792396,5.584826485947837,False,True
34f73f67-8b2a-4822-824a-7d2a97683fc0,165,68983,grda,grda,1,GRDA,1,True,143.4,0,6,95.33881553188732,bipolar,100.0,0.5-70 Hz,60 Hz,10.0,0.12562043942037315,369.73871622924383,5.4578494848904455,5.488906643476492,False,True
34f73f67-8b2a-4822-824a-7d2a97683fc0,166,54261,lpd,lpd,1,Other,0,False,1111.7,0,9,164.5393286454183,bipolar,100.0,0.5-70 Hz,60 Hz,10.0,0.12474778365126904,383.3744975710241,5.578023376662012,5.442596465193469,False,True
34f73f67-8b2a-4822-824a-7d2a97683fc0,167,12896,spike,spike,1,No (no spike),0,False,1061.1,0,7,115.14334837209454,bipolar,100.0,0.5-70 Hz,60 Hz,10.0,0.12171487871726161,309.72212474362556,5.569952222512159,5.562825597104363,False,True
34f73f67-8b2a-4822-824a-7d2a97683fc0,168,60313,gpd,gpd,1,LRDA,0,False,1150.7,0,8,171.33865891187423,bipolar,100.0,0.5-70 Hz,60 Hz,10.0,0.11806313477967734,599.9999999999999,5.520315378592285,5.554948724736198,True,True
34f73f67-8b2a-4822-824a-7d2a97683fc0,169,88347,lrda,lrda,1,LRDA,1,True,1290.0,0,5,104.20561135153582,bipolar,100.0,0.5-70 Hz,60 Hz,10.0,0.11907896246609001,587.5073750051068,5.476815491213795,5.502339346890197,False,True
34f73f67-8b2a-4822-824a-7d2a97683fc0,170,70955,lrda,lrda,1,LRDA,1,True,2808.5,0,5,132.69343507614184,bipolar,100.0,0.5-70 Hz,60 Hz,10.0,0.11948314607807842,551.3361765684508,5.436608049059713,5.458715801461089,False,True
34f73f67-8b2a-4822-824a-7d2a97683fc0,171,55303,lrda,lrda,1,Seizure,0,False,1566.0,0,8,126.08894376121087,bipolar,100.0,0.5-70 Hz,60 Hz,10.0,0.1181255190985449,591.3019280051748,5.465615156118796,5.418200145326369,False,True
34f73f67-8b2a-4822-824a-7d2a97683fc0,172,87628,sz,seizure,1,LPD,0,False,491.9,0,9,62.90044654188139,bipolar,100.0,0.5-70 Hz,60 Hz,10.0,0.11632514649728304,501.75566653538067,5.494352663231214,5.44788366102967,False,True
34f73f67-8b2a-4822-824a-7d2a97683fc0,173,40694,lrda,grda,0,Seizure,0,False,993.8,0,11,26.66933454166306,bipolar,100.0,0.5-70 Hz,60 Hz,10.0,0.11688681931634998,489.70033700392344,5.472880728300564,5.4808714314704226,False,True
34f73f67-8b2a-4822-824a-7d2a97683fc0,174,50134,lrda,grda,0,LRDA,1,False,855.6,0,7,164.46093361706733,bipolar,100.0,0.5-70 Hz,60 Hz,10.0,0.11570235079510349,497.0273192293979,5.466785749113963,5.458828887428197,False,True
34f73f67-8b2a-4822-824a-7d2a97683fc0,175,16214,spike,spike,1,No (no spike),0,False,628.5,0,7,197.95516828250618,bipolar,100.0,0.5-70 Hz,60 Hz,10.0,0.1129083972455644,473.281560266568,5.5090579344253054,5.453603437116529,False,True
34f73f67-8b2a-4822-824a-7d2a97683fc0,176,88934,lrda,lrda,1,LRDA,1,True,174.9,0,6,153.77931314249648,bipolar,100.0,0.5-70 Hz,60 Hz,10.0,0.11260037436017922,472.2027285857865,5.475096000140916,5.496304095199879,False,True
34f73f67-8b2a-4822-824a-7d2a97683fc0,177,35481,lrda,lrda,1,LRDA,1,True,170.9,0,11,183.07883717490594,bipolar,100.0,0.5-70 Hz,60 Hz,10.0,0.11258790747847969,458.12697381700093,5.441090792723194,5.462322553300248,False,True
34f73f67-8b2a-4822-824a-7d2a97683fc0,178,87269,lrda,lrda,1,LRDA,1,True,870.4,0,8,138.34252352945597,bipolar,100.0,0.5-70 Hz,60 Hz,10.0,0.11260046071777946,432.82291265988147,5.406608613872917,5.428259939869042,False,True
34f73f67-8b2a-4822-824a-7d2a97683fc0,179,86565,lrda,lrda,1,LRDA,1,True,1123.5,0,9,155.2843395391158,bipolar,100.0,0.5-70 Hz,60 Hz,10.0,0.11253993944505009,399.4212533566145,5.371662506341454,5.393860434015652,False,True
34f73f67-8b2a-4822-824a-7d2a97683fc0,180,45479,lpd,seizure,0,Other,0,False,1387.2,0,10,146.49230484727792,bipolar,100.0,0.5-70 Hz,60 Hz,10.0,0.11680175229951645,390.0448728765258,5.356576545630735,5.359173469947677,False,True
34f73f67-8b2a-4822-824a-7d2a97683fc0,181,22801,lpd,seizure,0,LPD,1,False,1500.2,0,8,112.28797561860898,bipolar,100.0,0.5-70 Hz,60 Hz,10.0,0.11285756674127856,395.6184890611256,5.348078253454733,5.343735245273417,False,True
34f73f67-8b2a-4822-824a-7d2a97683fc0,182,60600,grda,seizure,0,GRDA,1,False,2470.1,0,6,102.30879667401359,bipolar,100.0,0.5-70 Hz,60 Hz,10.0,0.1131383285871026,375.1090788170254,5.3928683853936015,5.335501745827839,False,True
34f73f67-8b2a-4822-824a-7d2a97683fc0,183,89158,sz,seizure,1,Other,0,False,653.5,0,1,217.2861153826947,bipolar,100.0,0.5-70 Hz,60 Hz,10.0,0.11167486004779226,599.9999999999999,5.387389388543276,5.380294991376907,True,True
34f73f67-8b2a-4822-824a-7d2a97683fc0,184,86277,lpd,lpd,1,LPD,1,True,251.4,0,9,200.08484402411284,bipolar,100.0,0.5-70 Hz,60 Hz,10.0,0.1128533957316461,589.3014283133855,5.344966128412841,5.374088829208691,False,True
34f73f67-8b2a-4822-824a-7d2a97683fc0,185,55237,lpd,lpd,1,GRDA,0,False,754.4,0,6,165.68495845876456,bipolar,100.0,0.5-70 Hz,60 Hz,10.0,0.11144586554660785,583.8795064500057,5.392304393778184,5.331579349134229,False,True
34f73f67-8b2a-4822-824a-7d2a97683fc0,186,53784,iic,seizure,0,GPD,0,False,909.8,0,11,62.95720888892511,bipolar,100.0,0.5-70 Hz,60 Hz,10.0,0.11137370705062621,575.9929512794135,5.351256043447784,5.380719023589228,False,True
34f73f67-8b2a-4822-824a-7d2a97683fc0,187,53788,iic,gpd,0,Seizure,0,False,262.6,0,8,86.24813877159619,bipolar,100.0,0.5-70 Hz,60 Hz,10.0,0.11128360912389579,551.5186112129485,5.307543933405663,5.339497828075917,False,True
34f73f67-8b2a-4822-824a-7d2a97683fc0,188,85544,iic,grda,0,Seizure,0,False,1110.7,0,5,231.2505868381454,bipolar,100.0,0.5-70 Hz,60 Hz,10.0,0.111786951154074,513.4471468096469,5.2614762256823635,5.29588587639052,False,True
34f73f67-8b2a-4822-824a-7d2a97683fc0,189,56529,iic,lpd,0,GPD,0,False,1159.9,0,7,234.85957860301835,bipolar,100.0,0.5-70 Hz,60 Hz,10.0,0.11225402436098508,465.73197533273486,5.213515115378176,5.250067080541037,False,True
34f73f67-8b2a-4822-824a-7d2a97683fc0,190,85383,gpd,seizure,0,GPD,1,False,975.8,0,9,118.05749015535088,bipolar,100.0,0.5-70 Hz,60 Hz,10.0,0.11200617995460765,449.6591033590992,5.260255484069104,5.202364816621616,False,True
34f73f67-8b2a-4822-824a-7d2a97683fc0,191,51924,lrda,lrda,1,Other,0,False,1296.2,0,9,70.2268488216377,bipolar,100.0,0.5-70 Hz,60 Hz,10.0,0.11716349320959796,409.7329441737655,5.305997432198576,5.248844972633337,False,True
34f73f67-8b2a-4822-824a-7d2a97683fc0,192,56486,grda,grda,1,Seizure,0,False,486.4,0,5,113.15631186041611,bipolar,100.0,0.5-70 Hz,60 Hz,10.0,0.11185693310173311,360.0468958432434,5.302149860328862,5.294441029551302,False,True
34f73f67-8b2a-4822-824a-7d2a97683fc0,193,88542,gpd,gpd,1,GPD,1,True,318.5,0,5,137.56598876997614,bipolar,100.0,0.5-70 Hz,60 Hz,10.0,0.11187578514047752,369.5790610713782,5.241852940840954,5.289914552222146,False,True
34f73f67-8b2a-4822-824a-7d2a97683fc0,194,46398,gpd,gpd,1,GPD,1,True,826.0,0,10,157.6725316623726,bipolar,100.0,0.5-70 Hz,60 Hz,10.0,0.11262063206670431,363.7622598621204,5.182865938859961,5.229854431629868,False,True
34f73f67-8b2a-4822-824a-7d2a97683fc0,195,53899,gpd,gpd,1,GPD,1,True,2959.1,0,4,111.79276978780163,bipolar,100.0,0.5-70 Hz,60 Hz,10.0,0.11289960196739246,344.7657688701901,5.127358572962106,5.171560449516187,False,True
34f73f67-8b2a-4822-824a-7d2a97683fc0,196,37451,gpd,gpd,1,GPD,1,True,16144.1,0,8,84.16256064355875,bipolar,100.0,0.5-70 Hz,60 Hz,10.0,0.11118330507529423,316.8820423383808,5.075729833384589,5.1166054789732724,False,True
34f73f67-8b2a-4822-824a-7d2a97683fc0,197,84731,sz,seizure,1,Seizure,1,True,2221.0,0,9,157.5540165317107,bipolar,100.0,0.5-70 Hz,60 Hz,10.0,0.11066904666163596,309.586194372679,5.035377520991929,5.06511269220592,False,True
34f73f67-8b2a-4822-824a-7d2a97683fc0,198,87085,sz,seizure,1,LPD,0,False,2806.0,0,6,193.42022905411486,bipolar,100.0,0.5-70 Hz,60 Hz,10.0,0.11846027749369414,311.6960411784194,5.0962619303357455,5.024475813695422,False,True
34f73f67-8b2a-4822-824a-7d2a97683fc0,199,87770,gpd,gpd,1,GPD,1,True,2538.4,0,6,195.69543551762305,bipolar,100.0,0.5-70 Hz,60 Hz,10.0,0.11647761457450723,599.9999999999999,5.304067271612002,5.085918898146021,True,True
34f73f67-8b2a-4822-824a-7d2a97683fc0,200,37521,sz,gpd,0,GRDA,0,False,16478.8,0,8,115.72469428216802,bipolar,100.0,0.5-70 Hz,60 Hz,10.0,0.1163473692208507,590.0466467126952,5.255029120428513,5.291668533826386,False,True
34f73f67-8b2a-4822-824a-7d2a97683fc0,201,21022,sz,gpd,0,Seizure,1,False,1767.1,0,4,208.78545159994434,bipolar,100.0,0.5-70 Hz,60 Hz,10.0,0.1164879036713436,589.5876421319834,5.3157799278271884,5.2423657786903695,False,True
34f73f67-8b2a-4822-824a-7d2a97683fc0,202,14807,spike,spike,1,No (no spike),0,False,946.5,0,7,219.17972253899305,bipolar,100.0,0.5-70 Hz,60 Hz,10.0,0.1084513282816677,563.7885414560704,5.326820620981676,5.3038064735357064,False,True
34f73f67-8b2a-4822-824a-7d2a97683fc0,203,46275,iic,other,1,Other,1,True,1093.5,0,11,208.08199467554337,bipolar,100.0,0.5-70 Hz,60 Hz,10.0,0.10853237916722774,554.3230001168519,5.296032155463136,5.3161503928400275,False,True
34f73f67-8b2a-4822-824a-7d2a97683fc0,204,65655,iic,other,1,Other,1,True,1197.6,0,8,132.6704129840119,bipolar,100.0,0.5-70 Hz,60 Hz,10.0,0.1084755537219882,526.7206289674518,5.260285656344096,5.284777503734524,False,True
34f73f67-8b2a-4822-824a-7d2a97683fc0,205,22019,iic,other,1,Other,1,True,183.4,0,11,124.60892393966286,bipolar,100.0,0.5-70 Hz,60 Hz,10.0,0.10807122611654041,482.5859152882122,5.219466566511307,5.248558086769773,False,True
34f73f67-8b2a-4822-824a-7d2a97683fc0,206,66257,iic,other,1,Other,1,True,152.9,0,6,124.81808787746766,bipolar,100.0,0.5-70 Hz,60 Hz,10.0,0.1077165788535005,426.3929552830293,5.173017987068688,5.2073432798634975,False,True
34f73f67-8b2a-4822-824a-7d2a97683fc0,207,65824,iic,other,1,Other,1,True,183.6,0,3,186.14976297295289,bipolar,100.0,0.5-70 Hz,60 Hz,10.0,0.1077183524734916,364.07283851397,5.120845505690129,5.1606484280264,False,True
34f73f67-8b2a-4822-824a-7d2a97683fc0,208,63145,grda,grda,1,GRDA,1,True,169.6,0,9,103.84253254145838,bipolar,100.0,0.5-70 Hz,60 Hz,10.0,0.10771192765353566,355.18869040048753,5.098607747804713,5.1096267827366315,False,True
34f73f67-8b2a-4822-824a-7d2a97683fc0,209,41666,iic,other,1,Other,1,True,229.0,0,10,114.97911021425698,bipolar,100.0,0.5-70 Hz,60 Hz,10.0,0.11168017998390833,599.9999999999999,5.121164180389435,5.085984180361936,True,True
34f73f67-8b2a-4822-824a-7d2a97683fc0,210,40569,iic,other,1,Other,1,True,154.2,0,8,232.4690684293463,bipolar,100.0,0.5-70 Hz,60 Hz,10.0,0.11183907923508679,589.2311407618112,5.082053369195155,5.107659463258708,False,True
34f73f67-8b2a-4822-824a-7d2a97683fc0,211,57312,iic,other,1,Other,1,True,768.7,0,8,10.74923458337087,bipolar,100.0,0.5-70 Hz,60 Hz,10.0,0.11208619574119755,558.9587357367806,5.043794214048985,5.068762841489183,False,True
34f73f67-8b2a-4822-824a-7d2a97683fc0,212,68680,iic,other,1,Other,1,True,247.0,0,7,244.82130459451517,bipolar,100.0,0.5-70 Hz,60 Hz,10.0,0.1131708852685046,513.4708209379986,5.006727702557713,5.030845808019671,False,True
34f73f67-8b2a-4822-824a-7d2a97683fc0,213,69995,iic,other,1,GRDA,0,False,550.4,0,3,236.25799975496633,bipolar,100.0,0.5-70 Hz,60 Hz,10.0,0.11166191693559274,589.241766755164,5.048957517103403,4.9941205523086625,False,True
34f73f67-8b2a-4822-824a-7d2a97683fc0,214,86524,gpd,lrda,0,GPD,1,False,484.9,0,6,28.681308915279537,bipolar,100.0,0.5-70 Hz,60 Hz,10.0,0.11149302180244769,562.0239943720971,5.102764658023371,5.037598720652448,False,True
34f73f67-8b2a-4822-824a-7d2a97683fc0,215,22391,lrda,grda,0,Seizure,0,False,769.2,0,4,11.74594792231759,bipolar,100.0,0.5-70 Hz,60 Hz,10.0,0.11223704594335432,555.5139496867199,5.051696031809511,5.091825067938489,False,True
34f73f67-8b2a-4822-824a-7d2a97683fc0,216,24709,lrda,seizure,0,LRDA,1,False,942.2,0,7,85.38172726321893,bipolar,100.0,0.5-70 Hz,60 Hz,10.0,0.11130962190078708,556.4140326600108,5.1119098103160425,5.040825843489641,False,True
34f73f67-8b2a-4822-824a-7d2a97683fc0,217,47933,grda,lpd,0,GRDA,1,False,697.1,0,3,131.92432374537407,bipolar,100.0,0.5-70 Hz,60 Hz,10.0,0.11117584323044133,531.9820817146386,5.149744770468285,5.101322908210881,False,True
34f73f67-8b2a-4822-824a-7d2a97683fc0,218,44007,iic,other,1,Other,1,True,917.4,0,8,95.83852775937396,bipolar,100.0,0.5-70 Hz,60 Hz,10.0,0.11124630725545454,514.2229094725832,5.115678409445602,5.1391130932578,False,True
34f73f67-8b2a-4822-824a-7d2a97683fc0,219,68502,iic,other,1,GPD,0,False,1462.2,0,11,103.79303855276825,bipolar,100.0,0.5-70 Hz,60 Hz,10.0,0.11122553156153503,528.1085124905507,5.154104491815167,5.105376295728883,False,True
34f73f67-8b2a-4822-824a-7d2a97683fc0,220,88376,gpd,lpd,0,LRDA,0,False,1358.4,0,0,89.12701755312571,bipolar,100.0,0.5-70 Hz,60 Hz,10.0,0.11112665728368193,551.652143274712,5.106103026707066,5.144130510113094,False,True
34f73f67-8b2a-4822-824a-7d2a97683fc0,221,87726,gpd,lrda,0,GPD,1,False,1727.5,0,4,186.8433522444868,bipolar,100.0,0.5-70 Hz,60 Hz,10.0,0.10926808162659202,508.7736976941729,5.155651147381274,5.096303509456245,False,True
34f73f67-8b2a-4822-824a-7d2a97683fc0,222,47935,lrda,gpd,0,LRDA,1,False,835.2,0,4,138.8501949686189,bipolar,100.0,0.5-70 Hz,60 Hz,10.0,0.10813454149089458,475.7306811563169,5.206728652046881,5.145766357765286,False,True
34f73f67-8b2a-4822-824a-7d2a97683fc0,223,16356,spike,spike,0,No (no spike),0,True,176.7,0,8,10.327582237530704,bipolar,100.0,0.5-70 Hz,60 Hz,10.0,0.10826307825471548,465.5138383002619,5.193946145161293,5.1969738310477105,False,True
34f73f67-8b2a-4822-824a-7d2a97683fc0,224,13506,spike,spike,0,No (no spike),0,True,252.8,0,8,143.90573904189685,bipolar,100.0,0.5-70 Hz,60 Hz,10.0,0.1110149792155275,440.4143937103943,5.17919504358396,5.183976158705075,False,True
34f73f67-8b2a-4822-824a-7d2a97683fc0,225,14059,spike,spike,0,No (no spike),0,True,175.8,0,11,142.911579481037,bipolar,100.0,0.5-70 Hz,60 Hz,10.0,0.11023092500769571,403.2231123953422,5.162642582780218,5.169362607539915,False,True
34f73f67-8b2a-4822-824a-7d2a97683fc0,226,60915,lrda,grda,0,LPD,0,False,268.4,0,10,139.98196102261667,bipolar,100.0,0.5-70 Hz,60 Hz,10.0,0.11051819561061349,429.1403573427216,5.116493498097618,5.1526466598077585,False,True
34f73f67-8b2a-4822-824a-7d2a97683fc0,227,88629,lrda,gpd,0,Other,0,False,275.2,0,4,114.2634103021239,bipolar,100.0,0.5-70 Hz,60 Hz,10.0,0.11070234205552193,444.9763901178669,5.065736906835417,5.1064812553336445,False,True
34f73f67-8b2a-4822-824a-7d2a97683fc0,228,87764,lrda,seizure,0,LPD,0,False,446.0,0,5,103.26353686298563,bipolar,100.0,0.5-70 Hz,60 Hz,10.0,0.11109244982639344,449.2014855490394,5.011767396431385,5.055878799340549,False,True
34f73f67-8b2a-4822-824a-7d2a97683fc0,229,50078,lrda,gpd,0,LRDA,1,False,191.7,0,12,98.56968528360825,bipolar,100.0,0.5-70 Hz,60 Hz,10.0,0.11091022242595017,436.97283032451855,5.073742508870935,5.002106708551267,False,True
34f73f67-8b2a-4822-824a-7d2a97683fc0,230,38566,sz,gpd,0,LPD,0,False,156.3,0,8,14.448667300161151,bipolar,100.0,0.5-70 Hz,60 Hz,10.0,0.1095242662973197,427.6344420443435,5.046419024909065,5.064031060158694,False,True
34f73f67-8b2a-4822-824a-7d2a97683fc0,231,70983,sz,lpd,0,Seizure,1,False,271.1,0,6,196.32538930524436,bipolar,100.0,0.5-70 Hz,60 Hz,10.0,0.11207650720201007,435.28682044518206,5.066795140628169,5.036406012371446,False,True
34f73f67-8b2a-4822-824a-7d2a97683fc0,232,15154,spike,spike,0,Yes (spike present),1,False,1441.3,0,5,134.91283867752924,bipolar,100.0,0.5-70 Hz,60 Hz,10.0,0.1094860262553734,486.0695154122186,5.079346694597042,5.057556420743168,False,True
34f73f67-8b2a-4822-824a-7d2a97683fc0,233,85581,lrda,lrda,1,LRDA,1,True,4744.7,0,5,85.24220193096178,bipolar,100.0,0.5-70 Hz,60 Hz,10.0,0.10955654620456795,478.8224720780926,5.0494396855204595,5.0702491680679955,False,True
34f73f67-8b2a-4822-824a-7d2a97683fc0,234,86763,gpd,lrda,0,GPD,1,False,8897.0,0,4,136.76856241614914,bipolar,100.0,0.5-70 Hz,60 Hz,10.0,0.10760268789292365,422.10919418089077,5.089652484968244,5.040324806952267,False,True
34f73f67-8b2a-4822-824a-7d2a97683fc0,235,37805,gpd,gpd,1,Seizure,0,False,1247.0,0,4,155.38843226218123,bipolar,100.0,0.5-70 Hz,60 Hz,10.0,0.11012555237626376,381.15043029515493,5.184862708815187,5.08058446664031,False,True
34f73f67-8b2a-4822-824a-7d2a97683fc0,236,85222,gpd,gpd,1,Seizure,0,False,495.2,0,4,135.58053913203986,bipolar,100.0,0.5-70 Hz,60 Hz,10.0,0.1111491063197888,305.3979322160721,5.272452678883223,5.175027074363271,False,True
34f73f67-8b2a-4822-824a-7d2a97683fc0,237,86531,gpd,gpd,1,GPD,1,True,231.3,0,6,161.75832216366754,bipolar,100.0,0.5-70 Hz,60 Hz,10.0,0.11112840435578708,339.7638005206482,5.219899579869534,5.262170883250047,False,True
34f73f67-8b2a-4822-824a-7d2a97683fc0,238,64650,lpd,other,0,Seizure,0,False,148.8,0,8,134.5373407777189,bipolar,100.0,0.5-70 Hz,60 Hz,10.0,0.11125366750055116,334.36588501483016,5.238462328142513,5.210388083764403,False,True
34f73f67-8b2a-4822-824a-7d2a97683fc0,239,32715,lpd,seizure,0,LPD,1,False,166.3,0,6,130.77249804392534,bipolar,100.0,0.5-70 Hz,60 Hz,10.0,0.11108636521070386,338.18405873326,5.185119902652577,5.228331273848472,False,True
34f73f67-8b2a-4822-824a-7d2a97683fc0,240,53865,sz,seizure,1,GRDA,0,False,155.4,0,5,114.11117890234198,bipolar,100.0,0.5-70 Hz,60 Hz,10.0,0.10675018110403373,322.60295161047935,5.23486733508043,5.176033662292854,False,True
34f73f67-8b2a-4822-824a-7d2a97683fc0,241,44977,grda,seizure,0,GRDA,1,False,149.7,0,6,152.6086777447759,bipolar,100.0,0.5-70 Hz,60 Hz,10.0,0.10350758059402398,599.9999999999999,5.369187576117166,5.225026787525481,True,True
34f73f67-8b2a-4822-824a-7d2a97683fc0,242,85180,sz,lpd,0,Seizure,1,False,211.3,0,6,147.501412406614,bipolar,100.0,0.5-70 Hz,60 Hz,10.0,0.10831555800603104,577.6660457058524,5.399889433901107,5.357418164291188,False,True
34f73f67-8b2a-4822-824a-7d2a97683fc0,243,42519,lpd,lpd,1,GRDA,0,False,144.4,0,10,88.81729108620046,bipolar,100.0,0.5-70 Hz,60 Hz,10.0,0.1085378903658043,544.9840722836576,5.470390394470133,5.388862829541068,False,True
34f73f67-8b2a-4822-824a-7d2a97683fc0,244,86955,lpd,other,0,GPD,0,False,154.6,0,5,137.91472697736344,bipolar,100.0,0.5-70 Hz,60 Hz,10.0,0.1072791811430725,540.35436779298,5.452951967642618,5.459434198601436,False,True
34f73f67-8b2a-4822-824a-7d2a97683fc0,245,88676,lpd,grda,0,LPD,1,False,148.4,0,2,139.95880580392978,bipolar,100.0,0.5-70 Hz,60 Hz,10.0,0.10847984401745969,539.4227927157666,5.4601181163029695,5.441374610401512,False,True
34f73f67-8b2a-4822-824a-7d2a97683fc0,246,36453,lrda,lrda,1,LRDA,1,True,575.4,0,10,101.4703533161325,bipolar,100.0,0.5-70 Hz,60 Hz,10.0,0.10847028962125321,530.107233652766,5.457683497622488,5.449886578926786,False,True
34f73f67-8b2a-4822-824a-7d2a97683fc0,247,51960,lrda,lrda,1,LRDA,1,True,128.2,0,4,103.02939364999442,bipolar,100.0,0.5-70 Hz,60 Hz,10.0,0.10756895818534395,505.48458754726266,5.456228363418363,5.447618785532418,False,True
34f73f67-8b2a-4822-824a-7d2a97683fc0,248,51836,grda,lrda,0,GRDA,1,False,165.3,0,5,226.06896729448,bipolar,100.0,0.5-70 Hz,60 Hz,10.0,0.10686749769716125,491.7233075648892,5.481178696118814,5.44597968304833,False,True
34f73f67-8b2a-4822-824a-7d2a97683fc0,249,87706,grda,grda,1,GRDA,1,True,213.8,0,8,129.115092806164,bipolar,100.0,0.5-70 Hz,60 Hz,10.0,0.10801286661084036,478.7040059267691,5.462701413717985,5.471289152010778,False,True
34f73f67-8b2a-4822-824a-7d2a97683fc0,250,65672,sz,grda,0,Seizure,1,False,284.4,0,4,9.674782936054898,bipolar,100.0,0.5-70 Hz,60 Hz,10.0,0.10867626177086404,438.2699901918833,5.489887848789469,5.452802379302682,False,True
34f73f67-8b2a-4822-824a-7d2a97683fc0,251,61766,grda,lrda,0,Seizure,0,False,342.2,0,5,126.01930426497509,bipolar,100.0,0.5-70 Hz,60 Hz,10.0,0.10866590087707084,456.31843459740304,5.454363253354722,5.479737775679364,False,True
34f73f67-8b2a-4822-824a-7d2a97683fc0,252,70065,lrda,lrda,1,Seizure,0,False,508.5,0,11,146.27620191860734,bipolar,100.0,0.5-70 Hz,60 Hz,10.0,0.10990212986484921,491.7744816024024,5.407236919199161,5.4444230957403486,False,True
34f73f67-8b2a-4822-824a-7d2a97683fc0,253,10876,spike,spike,1,No (no spike),0,False,530.1,0,3,122.14221348794288,bipolar,100.0,0.5-70 Hz,60 Hz,10.0,0.10153628434329892,472.58673136851996,5.415479514613395,5.397659163505596,False,True
34f73f67-8b2a-4822-824a-7d2a97683fc0,254,173,spike,spike,0,Yes (spike present),1,False,433.6,0,4,209.7764066171179,bipolar,100.0,0.5-70 Hz,60 Hz,10.0,0.09597899143481986,465.58201408344183,5.424411755081708,5.405843828739981,False,True
34f73f67-8b2a-4822-824a-7d2a97683fc0,255,45851,grda,gpd,0,GRDA,1,False,1337.2,0,6,128.8243587216517,bipolar,100.0,0.5-70 Hz,60 Hz,10.0,0.09619764261622643,447.3473300127365,5.4443546928193465,5.414851266992349,False,True
34f73f67-8b2a-4822-824a-7d2a97683fc0,256,88785,lpd,lpd,1,LPD,1,True,252.6,0,4,146.93050246882623,bipolar,100.0,0.5-70 Hz,60 Hz,10.0,0.09732280894104822,461.57198274085675,5.4052810247869765,5.435228335580093,False,True
34f73f67-8b2a-4822-824a-7d2a97683fc0,257,87283,lpd,lpd,1,LPD,1,True,228.9,0,10,111.71538792790183,bipolar,100.0,0.5-70 Hz,60 Hz,10.0,0.09710834262735357,464.4556807893797,5.362784898848776,5.396070160045808,False,True
34f73f67-8b2a-4822-824a-7d2a97683fc0,258,62669,lpd,lpd,1,LPD,1,True,175.0,0,10,217.02031243061685,bipolar,100.0,0.5-70 Hz,60 Hz,10.0,0.09733680687501262,455.5449354706771,5.317301589348115,5.353536016057843,False,True
34f73f67-8b2a-4822-824a-7d2a97683fc0,259,44861,lpd,lpd,1,LPD,1,True,325.4,0,4,103.57714936963879,bipolar,100.0,0.5-70 Hz,60 Hz,10.0,0.09744834789045703,435.8207339924497,5.269276800547896,5.308054532173616,False,True
34f73f67-8b2a-4822-824a-7d2a97683fc0,260,22728,lrda,lrda,1,LRDA,1,True,204.3,0,9,149.98358134305963,bipolar,100.0,0.5-70 Hz,60 Hz,10.0,0.09760190577071703,427.8010969810836,5.284673694046737,5.259966620030028,False,True
34f73f67-8b2a-4822-824a-7d2a97683fc0,261,52522,grda,lpd,0,GPD,0,False,150.3,0,3,214.16040150676616,bipolar,100.0,0.5-70 Hz,60 Hz,10.0,0.0973784205144067,451.6038783981201,5.246824954249449,5.275347245051954,False,True
34f73f67-8b2a-4822-824a-7d2a97683fc0,262,88173,lrda,lrda,1,LRDA,1,True,147.0,0,8,155.00155524994696,bipolar,100.0,0.5-70 Hz,60 Hz,10.0,0.09782033860431327,433.4386373555683,5.260534199684889,5.237781840077427,False,True
34f73f67-8b2a-4822-824a-7d2a97683fc0,263,70791,grda,gpd,0,GRDA,1,False,200.7,0,12,13.986653164762016,bipolar,100.0,0.5-70 Hz,60 Hz,10.0,0.09896846894281452,406.8172213609307,5.2825179177263255,5.2512904205483055,False,True
34f73f67-8b2a-4822-824a-7d2a97683fc0,264,44995,lpd,lpd,1,LPD,1,True,139.6,0,8,104.7199118141205,bipolar,100.0,0.5-70 Hz,60 Hz,10.0,0.09926608064168524,378.06758232536583,5.237090838890255,5.27331829592755,False,True
34f73f67-8b2a-4822-824a-7d2a97683fc0,265,33532,sz,seizure,1,Seizure,1,True,144.3,0,6,172.13614768268792,bipolar,100.0,0.5-70 Hz,60 Hz,10.0,0.09974572576915464,364.60596594434855,5.201303348302763,5.227880034753753,False,True
34f73f67-8b2a-4822-824a-7d2a97683fc0,266,70792,lrda,other,0,GPD,0,False,180.1,0,6,121.11477733883639,bipolar,100.0,0.5-70 Hz,60 Hz,10.0,0.09790541425335375,401.02871792149534,5.1158374172125,5.191635032113271,False,True
34f73f67-8b2a-4822-824a-7d2a97683fc0,267,41527,lpd,lpd,1,LPD,1,True,250.2,0,8,27.241849777649204,bipolar,100.0,0.5-70 Hz,60 Hz,10.0,0.09743982501290188,369.4509880299145,5.0640322848535515,5.107442017256166,False,True
34f73f67-8b2a-4822-824a-7d2a97683fc0,268,87104,lrda,lrda,1,LRDA,1,True,414.1,0,10,109.44887221422472,bipolar,100.0,0.5-70 Hz,60 Hz,10.0,0.09821244504876186,361.51645047190954,5.082720670106712,5.055531276771394,False,True
34f73f67-8b2a-4822-824a-7d2a97683fc0,269,31734,sz,seizure,1,Seizure,1,True,143.0,0,7,96.78953858478953,bipolar,100.0,0.5-70 Hz,60 Hz,10.0,0.09836916518147931,344.07175288104895,5.04141543176246,5.074116367560963,False,True
34f73f67-8b2a-4822-824a-7d2a97683fc0,270,49803,sz,seizure,1,Seizure,1,True,176.0,0,4,196.83327149509373,bipolar,100.0,0.5-70 Hz,60 Hz,10.0,0.09854300907796065,315.4828464330651,4.999415883367838,5.032438930921687,False,True
34f73f67-8b2a-4822-824a-7d2a97683fc0,271,85839,sz,seizure,1,Seizure,1,True,171.0,0,4,221.53430998967954,bipolar,100.0,0.5-70 Hz,60 Hz,10.0,0.10452212989677545,599.9999999999999,5.039043579309172,4.9900874811994695,True,True
34f73f67-8b2a-4822-824a-7d2a97683fc0,272,15897,spike,spike,1,Yes (spike present),1,True,446.7,0,7,160.5743750988288,bipolar,100.0,0.5-70 Hz,60 Hz,10.0,0.10568432245719034,591.980203372901,5.0071916537240195,5.028879224230526,False,True
34f73f67-8b2a-4822-824a-7d2a97683fc0,273,15491,spike,spike,1,Yes (spike present),1,True,1274.9,0,11,99.09512547815717,bipolar,100.0,0.5-70 Hz,60 Hz,10.0,0.10723613350213657,568.2044021095659,4.972703996651879,4.996858588030227,False,True
34f73f67-8b2a-4822-824a-7d2a97683fc0,274,11159,spike,spike,1,Yes (spike present),1,True,830.7,0,6,82.96265940815978,bipolar,100.0,0.5-70 Hz,60 Hz,10.0,0.10944420975093466,529.8629590280128,4.937198038823437,4.9621933984872095,False,True
34f73f67-8b2a-4822-824a-7d2a97683fc0,275,12664,spike,spike,1,Yes (spike present),1,True,535.1,0,8,115.81906443302482,bipolar,100.0,0.5-70 Hz,60 Hz,10.0,0.12357862454344876,480.28940308721076,4.9004891784116875,4.9266252685183645,False,True
34f73f67-8b2a-4822-824a-7d2a97683fc0,276,12134,spike,spike,1,No (no spike),0,False,851.5,0,7,118.87019578465107,bipolar,100.0,0.5-70 Hz,60 Hz,10.0,0.10648133768346035,556.3098243492993,4.924843489413131,4.889695958542299,False,True
34f73f67-8b2a-4822-824a-7d2a97683fc0,277,56782,iic,other,1,Other,1,True,992.9,0,8,120.22634089203477,bipolar,100.0,0.5-70 Hz,60 Hz,10.0,0.10651086962261175,544.5007487687744,4.884432137181895,4.916167643384324,False,True
34f73f67-8b2a-4822-824a-7d2a97683fc0,278,5962,spike,spike,1,No (no spike),0,False,1174.0,0,9,152.73012260691954,bipolar,100.0,0.5-70 Hz,60 Hz,10.0,0.10313194969369882,577.8781703736666,4.9045109756321805,4.875336856885881,False,True
34f73f67-8b2a-4822-824a-7d2a97683fc0,279,40322,iic,other,1,Other,1,True,771.9,0,4,185.4418138842089,bipolar,100.0,0.5-70 Hz,60 Hz,10.0,0.1032239806892784,552.4403566327542,4.868218485781629,4.896029727036746,False,True
34f73f67-8b2a-4822-824a-7d2a97683fc0,280,23733,grda,grda,1,GRDA,1,True,989.9,0,6,162.42788332877305,bipolar,100.0,0.5-70 Hz,60 Hz,10.0,0.10308726334086288,542.5800225413095,4.864718319146678,4.859732715556126,False,True
34f73f67-8b2a-4822-824a-7d2a97683fc0,281,88615,lpd,seizure,0,GPD,0,False,417.6,0,9,96.13818519319814,bipolar,100.0,0.5-70 Hz,60 Hz,10.0,0.10302011207564993,529.4037574188405,4.857673637502373,4.856102580053688,False,True
34f73f67-8b2a-4822-824a-7d2a97683fc0,282,37845,lpd,gpd,0,LPD,1,False,233.6,0,8,145.11810134154013,bipolar,100.0,0.5-70 Hz,60 Hz,10.0,0.10318323445912397,542.7305794946877,4.849605368040537,4.848635677543994,False,True
34f73f67-8b2a-4822-824a-7d2a97683fc0,283,2733,spike,spike,0,Yes (spike present),1,False,173.0,0,8,190.4778599276215,bipolar,100.0,0.5-70 Hz,60 Hz,10.0,0.0995875246720288,526.6544725625513,4.87187780833907,4.841149503935207,False,True
34f73f67-8b2a-4822-824a-7d2a97683fc0,284,34869,iic,other,1,Other,1,True,240.8,0,9,113.88216506884291,bipolar,100.0,0.5-70 Hz,60 Hz,10.0,0.09696768847046738,488.810611885157,4.836593153735508,4.863541389584693,False,True
34f73f67-8b2a-4822-824a-7d2a97683fc0,285,10305,spike,spike,1,No (no spike),0,False,261.9,0,12,144.0961787351536,bipolar,100.0,0.5-70 Hz,60 Hz,10.0,0.09978795167362975,503.2985906084138,4.860766282097648,4.828408669317877,False,True
34f73f67-8b2a-4822-824a-7d2a97683fc0,286,86215,grda,grda,1,GRDA,1,True,350.6,0,9,95.49563362775532,bipolar,100.0,0.5-70 Hz,60 Hz,10.0,0.09849985510871656,483.4203148941401,4.858100197707092,4.852848951095226,False,True
34f73f67-8b2a-4822-824a-7d2a97683fc0,287,2657,spike,spike,0,Yes (spike present),1,False,611.9,0,10,149.61458301010086,bipolar,100.0,0.5-70 Hz,60 Hz,10.0,0.09821016211592482,456.70155783478566,4.8783801407517995,4.850214464360242,False,True
34f73f67-8b2a-4822-824a-7d2a97683fc0,288,56841,iic,other,1,Other,1,True,443.9,0,3,131.1749821149657,bipolar,100.0,0.5-70 Hz,60 Hz,10.0,0.09696838491848159,413.2744307300613,4.84701719811138,4.87016165894444,False,True
34f73f67-8b2a-4822-824a-7d2a97683fc0,289,21118,iic,other,1,Other,1,True,4709.1,0,4,95.69850536517163,bipolar,100.0,0.5-70 Hz,60 Hz,10.0,0.09598198802138885,366.4677193023438,4.819412941532719,4.839045183418236,False,True
34f73f67-8b2a-4822-824a-7d2a97683fc0,290,86946,lpd,lrda,0,GRDA,0,False,1915.8,0,7,123.15454649795086,bipolar,100.0,0.5-70 Hz,60 Hz,10.0,0.09759896332818535,363.57904772581213,4.828864516583448,4.811420049400712,False,True
34f73f67-8b2a-4822-824a-7d2a97683fc0,291,88024,lpd,gpd,0,LPD,1,False,1204.7,0,5,190.10522125357136,bipolar,100.0,0.5-70 Hz,60 Hz,10.0,0.0956215632319124,363.27829387002316,4.797461043733973,4.820129187069145,False,True
34f73f67-8b2a-4822-824a-7d2a97683fc0,292,17207,spike,spike,1,Yes (spike present),1,True,760.5,0,8,102.41574263508933,bipolar,100.0,0.5-70 Hz,60 Hz,10.0,0.09535426813841447,350.66577018932463,4.769415114645554,4.789644954324766,False,True
34f73f67-8b2a-4822-824a-7d2a97683fc0,293,21111,sz,grda,0,LRDA,0,False,823.0,0,5,11.116526527109874,bipolar,100.0,0.5-70 Hz,60 Hz,10.0,0.09575190000957651,333.2316059307165,4.764515601659455,4.761701267469708,False,True
34f73f67-8b2a-4822-824a-7d2a97683fc0,294,13226,spike,spike,1,No (no spike),0,False,1160.1,0,2,94.63257109671358,bipolar,100.0,0.5-70 Hz,60 Hz,10.0,0.09643090595621434,348.9946016492633,4.792437026207802,4.756677976254219,False,True
34f73f67-8b2a-4822-824a-7d2a97683fc0,295,86830,lrda,gpd,0,LRDA,1,False,402.1,0,7,89.04961321401063,bipolar,100.0,0.5-70 Hz,60 Hz,10.0,0.09450175142482664,335.43526048540105,4.814995571636519,4.784698415757742,False,True
34f73f67-8b2a-4822-824a-7d2a97683fc0,296,51200,sz,lrda,0,Seizure,1,False,743.1,0,9,187.31850329612035,bipolar,100.0,0.5-70 Hz,60 Hz,10.0,0.09487252577747912,355.14591959387064,4.796323221357053,4.80722219275982,False,True
34f73f67-8b2a-4822-824a-7d2a97683fc0,297,62785,grda,grda,1,LPD,0,False,569.3,0,10,196.9514333403741,bipolar,100.0,0.5-70 Hz,60 Hz,10.0,0.10030517331626349,374.15818032695086,4.767179220429316,4.788513788693232,False,True
34f73f67-8b2a-4822-824a-7d2a97683fc0,298,87083,gpd,grda,0,GPD,1,False,367.0,0,5,147.17200336841728,bipolar,100.0,0.5-70 Hz,60 Hz,10.0,0.09394282073970528,358.34384172671815,4.7311417181506865,4.759758469886242,False,True
34f73f67-8b2a-4822-824a-7d2a97683fc0,299,52268,gpd,gpd,1,GPD,1,True,354.3,0,3,214.61628173146389,bipolar,100.0,0.5-70 Hz,60 Hz,10.0,0.09431612057832678,344.77384163541234,4.699692042302108,4.72354638059492,False,True
34f73f67-8b2a-4822-824a-7d2a97683fc0,300,13612,spike,spike,1,No (no spike),0,False,526.7,0,2,163.04919277312231,bipolar,100.0,0.5-70 Hz,60 Hz,10.0,0.09935065054796177,345.99758674995735,4.715370342876561,4.69252134290577,False,True
34f73f67-8b2a-4822-824a-7d2a97683fc0,301,88892,gpd,gpd,1,GPD,1,True,448.1,0,5,10.400511032579482,bipolar,100.0,0.5-70 Hz,60 Hz,10.0,0.0984364379038482,327.16572851139745,4.6858286067606585,4.708332693469065,False,True
34f73f67-8b2a-4822-824a-7d2a97683fc0,302,41550,sz,seizure,1,Seizure,1,True,455.9,0,5,122.60772856897586,bipolar,100.0,0.5-70 Hz,60 Hz,10.0,0.09822338805255038,316.244986477375,4.651035704134387,4.678568454754303,False,True
34f73f67-8b2a-4822-824a-7d2a97683fc0,303,36175,iic,other,1,Other,1,True,492.6,0,12,148.85308202603284,bipolar,100.0,0.5-70 Hz,60 Hz,10.0,0.0995690472466978,599.9999999999999,4.7967910411875865,4.64364636036775,True,True
34f73f67-8b2a-4822-824a-7d2a97683fc0,304,85856,lpd,seizure,0,LPD,1,False,527.6,0,10,189.43737013789772,bipolar,100.0,0.5-70 Hz,60 Hz,10.0,0.09942780992513806,584.0841600552496,4.798019112199824,4.788530440018995,False,True
34f73f67-8b2a-4822-824a-7d2a97683fc0,305,63709,sz,other,0,GRDA,0,False,362.3,0,10,216.0866867010555,bipolar,100.0,0.5-70 Hz,60 Hz,10.0,0.09899447628233249,578.4727351595085,4.780223732980568,4.790205359341516,False,True
34f73f67-8b2a-4822-824a-7d2a97683fc0,306,87919,sz,grda,0,Seizure,1,False,737.6,0,4,193.8835628775063,bipolar,100.0,0.5-70 Hz,60 Hz,10.0,0.09951788229176572,581.3872730439755,4.79117223314684,4.772284236753268,False,True
34f73f67-8b2a-4822-824a-7d2a97683fc0,307,39687,iic,lpd,0,Other,1,False,2152.4,0,4,145.85965996193144,bipolar,100.0,0.5-70 Hz,60 Hz,10.0,0.09858494913130794,545.5974009136562,4.841249334064137,4.783674097330106,False,True
34f73f67-8b2a-4822-824a-7d2a97683fc0,308,53095,iic,other,1,Other,1,True,450.1,0,7,215.600783417456,bipolar,100.0,0.5-70 Hz,60 Hz,10.0,0.09629532897373394,537.8336802235997,4.8007247108195354,4.833671666028493,False,True
34f73f67-8b2a-4822-824a-7d2a97683fc0,309,27123,sz,seizure,1,Seizure,1,True,1054.5,0,8,178.80448207371705,bipolar,100.0,0.5-70 Hz,60 Hz,10.0,0.09660522447032321,528.9327843599649,4.761236438209808,4.793300001976384,False,True
34f73f67-8b2a-4822-824a-7d2a97683fc0,310,84976,lpd,grda,0,GPD,0,False,242.5,0,2,128.52323701114523,bipolar,100.0,0.5-70 Hz,60 Hz,10.0,0.09666466343729913,544.1976806698332,4.756410303864948,4.753822653043789,False,True
34f73f67-8b2a-4822-824a-7d2a97683fc0,311,88045,lpd,seizure,0,LPD,1,False,407.9,0,10,66.02537812379927,bipolar,100.0,0.5-70 Hz,60 Hz,10.0,0.09656301624010255,519.3345880353764,4.750757973414761,4.748627885328941,False,True
34f73f67-8b2a-4822-824a-7d2a97683fc0,312,88796,sz,seizure,1,Seizure,1,True,770.5,0,4,145.06176770830942,bipolar,100.0,0.5-70 Hz,60 Hz,10.0,0.09702183285096955,496.53717072862037,4.711079010997933,4.74335994054512,False,True
34f73f67-8b2a-4822-824a-7d2a97683fc0,313,68672,grda,grda,1,GRDA,1,True,1335.8,0,9,121.3905482897665,bipolar,100.0,0.5-70 Hz,60 Hz,10.0,0.09758215054935854,489.672427816518,4.709754536106347,4.703724839772582,False,True
34f73f67-8b2a-4822-824a-7d2a97683fc0,314,14287,spike,spike,0,Yes (spike present),1,False,3241.9,0,7,64.61085403493719,bipolar,100.0,0.5-70 Hz,60 Hz,10.0,0.09744477599796764,477.67467654709765,4.711771468566493,4.702249845975756,False,True
34f73f67-8b2a-4822-824a-7d2a97683fc0,315,63732,iic,other,1,Other,1,True,2608.7,0,5,137.5918671426167,bipolar,100.0,0.5-70 Hz,60 Hz,10.0,0.09528825903828347,453.3406563334947,4.671911086397493,4.7043940047372015,False,True
34f73f67-8b2a-4822-824a-7d2a97683fc0,316,69204,sz,seizure,1,Seizure,1,True,1456.6,0,15,66.07394272725543,bipolar,100.0,0.5-70 Hz,60 Hz,10.0,0.09625467875416543,419.90160684290515,4.632265381367519,4.664450094496723,False,True
34f73f67-8b2a-4822-824a-7d2a97683fc0,317,41440,gpd,lpd,0,Other,0,False,1107.1,0,9,226.69405187414807,bipolar,100.0,0.5-70 Hz,60 Hz,10.0,0.09739647806817642,415.63944108053994,4.632281079737401,4.624899209555779,False,True
34f73f67-8b2a-4822-824a-7d2a97683fc0,318,41050,gpd,grda,0,GPD,1,False,736.2,0,8,95.64161251166435,bipolar,100.0,0.5-70 Hz,60 Hz,10.0,0.09609677553421453,419.63754841406393,4.624026650674408,4.624878811992302,False,True
34f73f67-8b2a-4822-824a-7d2a97683fc0,319,85214,sz,seizure,1,LPD,0,False,353.1,0,1,221.75405317589494,bipolar,100.0,0.5-70 Hz,60 Hz,10.0,0.0941740051679722,478.0601945827831,4.682451409462523,4.616791233050211,False,True
34f73f67-8b2a-4822-824a-7d2a97683fc0,320,87476,sz,gpd,0,GRDA,0,False,879.8,0,4,120.22977427347998,bipolar,100.0,0.5-70 Hz,60 Hz,10.0,0.09402623872618165,481.3385994669678,4.6682561509222555,4.675494785758093,False,True
34f73f67-8b2a-4822-824a-7d2a97683fc0,321,49249,sz,gpd,0,GRDA,0,False,842.5,0,6,195.64415801980357,bipolar,100.0,0.5-70 Hz,60 Hz,10.0,0.09382025647666975,471.7016251753292,4.653665800062094,4.661040396861546,False,True
34f73f67-8b2a-4822-824a-7d2a97683fc0,322,89061,sz,gpd,0,LRDA,0,False,1941.9,0,7,185.2649996340146,bipolar,100.0,0.5-70 Hz,60 Hz,10.0,0.09363813562108447,448.6389954985883,4.637045725589274,4.646232490647998,False,True
34f73f67-8b2a-4822-824a-7d2a97683fc0,323,44156,sz,grda,0,Other,0,False,1018.6,0,14,143.49411771134308,bipolar,100.0,0.5-70 Hz,60 Hz,10.0,0.09343714402896414,413.2519095769291,4.6199178569932355,4.629419341512424,False,True
34f73f67-8b2a-4822-824a-7d2a97683fc0,324,47385,iic,other,1,LPD,0,False,815.0,0,8,126.65258042674901,bipolar,100.0,0.5-70 Hz,60 Hz,10.0,0.09645964748389485,455.22723005659,4.681344627761534,4.612123638167131,False,True
34f73f67-8b2a-4822-824a-7d2a97683fc0,325,49329,iic,other,1,Other,1,True,245.8,0,9,111.32858666201278,bipolar,100.0,0.5-70 Hz,60 Hz,10.0,0.09456400689710143,447.28443752172996,4.644761482645227,4.673826747375213,False,True
34f73f67-8b2a-4822-824a-7d2a97683fc0,326,2001,spike,spike,0,No (no spike),0,True,1247.2,0,5,96.77241513297194,bipolar,100.0,0.5-70 Hz,60 Hz,10.0,0.09511309308206012,461.2451356193355,4.633190142656905,4.637265255089103,False,True
34f73f67-8b2a-4822-824a-7d2a97683fc0,327,85773,sz,gpd,0,Seizure,1,False,1037.5,0,9,131.09752081544173,bipolar,100.0,0.5-70 Hz,60 Hz,10.0,0.09577470281796541,503.9580493141547,4.649064573668357,4.625896007954747,False,True
34f73f67-8b2a-4822-824a-7d2a97683fc0,328,2824,spike,spike,0,No (no spike),0,True,954.0,0,5,238.8676838502037,bipolar,100.0,0.5-70 Hz,60 Hz,10.0,0.09598540042200998,505.0775336296492,4.639767602124559,4.642189887684712,False,True
34f73f67-8b2a-4822-824a-7d2a97683fc0,329,86333,lpd,grda,0,LPD,1,False,261.7,0,4,190.25759718716736,bipolar,100.0,0.5-70 Hz,60 Hz,10.0,0.09607717011030809,470.2392471229244,4.634036340148196,4.632898349510042,False,True
34f73f67-8b2a-4822-824a-7d2a97683fc0,330,17208,spike,spike,0,No (no spike),0,True,342.9,0,6,182.08369394477006,bipolar,100.0,0.5-70 Hz,60 Hz,10.0,0.0962010410928742,460.89088640361916,4.623064676161795,4.627242181697286,False,True
34f73f67-8b2a-4822-824a-7d2a97683fc0,331,4695,spike,spike,0,No (no spike),0,True,276.0,0,9,88.9794386195824,bipolar,100.0,0.5-70 Hz,60 Hz,10.0,0.09615723319094055,441.4351484889128,4.6083476609362215,4.616211774461362,False,True
34f73f67-8b2a-4822-824a-7d2a97683fc0,332,86656,sz,gpd,0,Seizure,1,False,361.1,0,11,110.34475103440303,bipolar,100.0,0.5-70 Hz,60 Hz,10.0,0.09613870410277092,451.3183211758854,4.615561103505285,4.601447284828587,False,True
34f73f67-8b2a-4822-824a-7d2a97683fc0,333,3565,spike,spike,0,No (no spike),0,True,360.5,0,2,124.30703598273226,bipolar,100.0,0.5-70 Hz,60 Hz,10.0,0.09598520816118089,423.10256234344723,4.5969455144591524,4.608799863054836,False,True
34f73f67-8b2a-4822-824a-7d2a97683fc0,334,1918,spike,spike,0,Yes (spike present),1,False,484.7,0,10,125.97371899407933,bipolar,100.0,0.5-70 Hz,60 Hz,10.0,0.09624961804799759,458.3113443692581,4.611842199434805,4.590188275641406,False,True
34f73f67-8b2a-4822-824a-7d2a97683fc0,335,27416,grda,grda,1,GRDA,1,True,1600.7,0,5,102.65861127990371,bipolar,100.0,0.5-70 Hz,60 Hz,10.0,0.09643524533203063,444.43769593896815,4.606764559795679,4.6051921201681445,False,True
34f73f67-8b2a-4822-824a-7d2a97683fc0,336,70657,iic,seizure,0,Seizure,0,True,153.8,0,7,244.9468123126787,bipolar,100.0,0.5-70 Hz,60 Hz,10.0,0.09605549978848893,465.445330633118,4.57957978556607,4.6000689742013305,False,True
34f73f67-8b2a-4822-824a-7d2a97683fc0,337,37894,iic,gpd,0,LRDA,0,False,419.1,0,11,222.95461813944578,bipolar,100.0,0.5-70 Hz,60 Hz,10.0,0.09490396859981343,474.32481395477356,4.549023043368773,4.573005228388563,False,True
34f73f67-8b2a-4822-824a-7d2a97683fc0,338,38604,iic,gpd,0,LPD,0,False,447.4,0,7,226.62612073936745,bipolar,100.0,0.5-70 Hz,60 Hz,10.0,0.09448907458257289,471.2311952700374,4.515610930328601,4.542603638332608,False,True
34f73f67-8b2a-4822-824a-7d2a97683fc0,339,85309,gpd,seizure,0,GPD,1,False,1237.7,0,3,83.66274675676506,bipolar,100.0,0.5-70 Hz,60 Hz,10.0,0.09407326683828365,455.46152377101873,4.503697636044773,4.509260068572928,False,True
34f73f67-8b2a-4822-824a-7d2a97683fc0,340,64862,sz,grda,0,GRDA,0,True,1140.6,0,10,156.6559756057116,bipolar,100.0,0.5-70 Hz,60 Hz,10.0,0.09453108813930328,446.9905964681417,4.485406518470111,4.497242595318309,False,True
34f73f67-8b2a-4822-824a-7d2a97683fc0,341,87400,sz,lrda,0,Other,0,False,835.2,0,8,160.83799717181037,bipolar,100.0,0.5-70 Hz,60 Hz,10.0,0.09508500780326878,430.2867676672146,4.465312266771969,4.478934880379421,False,True
34f73f67-8b2a-4822-824a-7d2a97683fc0,342,36407,sz,lrda,0,LRDA,0,True,242.9,0,6,193.74269181779465,bipolar,100.0,0.5-70 Hz,60 Hz,10.0,0.09526967984803014,406.52443793620193,4.444914141705412,4.458870927822943,False,True
34f73f67-8b2a-4822-824a-7d2a97683fc0,343,65399,iic,other,1,Other,1,True,297.9,0,7,148.00338551730826,bipolar,100.0,0.5-70 Hz,60 Hz,10.0,0.09485043495616352,395.7755684827012,4.411873612629641,4.438511371247937,False,True
34f73f67-8b2a-4822-824a-7d2a97683fc0,344,20870,sz,grda,0,GPD,0,False,159.8,0,4,162.23248674693534,bipolar,100.0,0.5-70 Hz,60 Hz,10.0,0.09492912122674374,366.9682075328363,4.390393281808048,4.405450187018077,False,True
34f73f67-8b2a-4822-824a-7d2a97683fc0,345,67545,gpd,gpd,1,GPD,1,True,171.3,0,6,107.0812854615166,bipolar,100.0,0.5-70 Hz,60 Hz,10.0,0.09551557021363227,364.8514984385501,4.36915485751982,4.383976786421951,False,True
34f73f67-8b2a-4822-824a-7d2a97683fc0,346,88824,sz,lrda,0,Other,0,False,144.7,0,6,102.04666009948646,bipolar,100.0,0.5-70 Hz,60 Hz,10.0,0.0955675557257531,334.07819282802114,4.3460075157760105,4.362772228500657,False,True
34f73f67-8b2a-4822-824a-7d2a97683fc0,347,3688,spike,spike,0,Yes (spike present),1,False,177.5,0,7,113.39011208418286,bipolar,100.0,0.5-70 Hz,60 Hz,10.0,0.0953965901733611,344.4533416796629,4.342941201068371,4.339577132336557,False,True
34f73f67-8b2a-4822-824a-7d2a97683fc0,348,44846,iic,other,1,GRDA,0,False,143.2,0,8,106.58057128762337,bipolar,100.0,0.5-70 Hz,60 Hz,10.0,0.09667901455820638,353.98008862778727,4.386633736675344,4.336481800459554,False,True
34f73f67-8b2a-4822-824a-7d2a97683fc0,349,86864,lrda,lrda,1,LRDA,1,True,244.7,0,4,81.82819250889611,bipolar,100.0,0.5-70 Hz,60 Hz,10.0,0.09591550480115568,348.61143945713405,4.34198915834612,4.3801048444741335,False,True
34f73f67-8b2a-4822-824a-7d2a97683fc0,350,44589,lrda,gpd,0,LRDA,1,False,281.0,0,9,65.69565029189499,bipolar,100.0,0.5-70 Hz,60 Hz,10.0,0.09539057487472608,342.10018590277724,4.349996071848528,4.335690468563749,False,True
34f73f67-8b2a-4822-824a-7d2a97683fc0,351,88508,lrda,lrda,1,Other,0,False,486.5,0,6,16.423797065034606,bipolar,100.0,0.5-70 Hz,60 Hz,10.0,0.09345934339000161,343.72385193940903,4.429219182956395,4.343665501838612,False,True
34f73f67-8b2a-4822-824a-7d2a97683fc0,352,88235,sz,grda,0,LRDA,0,False,590.8,0,8,98.91036574186094,bipolar,100.0,0.5-70 Hz,60 Hz,10.0,0.09342763551716599,311.17967689322984,4.408627126914757,4.423108337897559,False,True
34f73f67-8b2a-4822-824a-7d2a97683fc0,353,50548,iic,other,1,Other,1,True,1099.0,0,4,118.28618753581519,bipolar,100.0,0.5-70 Hz,60 Hz,10.0,0.09375530401677518,314.6798201127546,4.382358372437104,4.402324541744685,False,True
34f73f67-8b2a-4822-824a-7d2a97683fc0,354,6130,spike,spike,0,Yes (spike present),1,False,1626.3,0,9,98.15152335746068,bipolar,100.0,0.5-70 Hz,60 Hz,10.0,0.0937415180939602,315.3474393026299,4.3761427434463975,4.37627844035543,False,True
34f73f67-8b2a-4822-824a-7d2a97683fc0,355,62692,iic,other,1,GPD,0,False,966.4,0,7,208.5765192489168,bipolar,100.0,0.5-70 Hz,60 Hz,10.0,0.09322876884543396,304.5875533859678,4.410819400040448,4.370011196317497,False,True
34f73f67-8b2a-4822-824a-7d2a97683fc0,356,86859,lrda,lrda,1,GRDA,0,False,826.0,0,6,131.53216329328023,bipolar,100.0,0.5-70 Hz,60 Hz,10.0,0.09500759110816076,599.9999999999999,4.333492990338048,4.404471243042271,True,True
34f73f67-8b2a-4822-824a-7d2a97683fc0,357,88156,gpd,gpd,1,Other,0,False,999.5,0,6,55.57946389010675,bipolar,100.0,0.5-70 Hz,60 Hz,10.0,0.09264011436446684,552.9495844247213,4.3709332002617725,4.326688073621511,False,True
34f73f67-8b2a-4822-824a-7d2a97683fc0,358,88515,grda,grda,1,GRDA,1,True,1272.2,0,4,124.07145542459946,bipolar,100.0,0.5-70 Hz,60 Hz,10.0,0.09274556810369827,548.0413010832443,4.3607169818435025,4.364206951690434,False,True
34f73f67-8b2a-4822-824a-7d2a97683fc0,359,69952,grda,grda,1,LPD,0,False,2216.0,0,8,222.48050676151155,bipolar,100.0,0.5-70 Hz,60 Hz,10.0,0.091945297521838,531.2603123102996,4.359734639918454,4.354482601054227,False,True
34f73f67-8b2a-4822-824a-7d2a97683fc0,360,88087,lrda,seizure,0,LRDA,1,False,1757.8,0,7,130.14312837205668,bipolar,100.0,0.5-70 Hz,60 Hz,10.0,0.09235882094716474,523.3091075734177,4.360472716264377,4.353563047328379,False,True
34f73f67-8b2a-4822-824a-7d2a97683fc0,361,46931,gpd,gpd,1,GPD,1,True,1458.5,0,3,201.18023337066043,bipolar,100.0,0.5-70 Hz,60 Hz,10.0,0.09376282636832484,548.4781060444519,4.332914134725855,4.354218937836809,False,True
34f73f67-8b2a-4822-824a-7d2a97683fc0,362,85513,grda,grda,1,GRDA,1,True,2860.4,0,3,56.362747957855625,bipolar,100.0,0.5-70 Hz,60 Hz,10.0,0.09379643430862883,563.1589940196849,4.320467351941933,4.326879279426234,False,True
34f73f67-8b2a-4822-824a-7d2a97683fc0,363,54303,gpd,gpd,1,GPD,1,True,1039.1,0,6,158.2626903433413,bipolar,100.0,0.5-70 Hz,60 Hz,10.0,0.09162262428164691,576.4552075009035,4.295812814515143,4.314507531523741,False,True
34f73f67-8b2a-4822-824a-7d2a97683fc0,364,55766,iic,lpd,0,Seizure,0,False,161.3,0,8,39.140925727567954,bipolar,100.0,0.5-70 Hz,60 Hz,10.0,0.09215453404770974,570.3529326430097,4.287991298863073,4.2898333575059935,False,True
34f73f67-8b2a-4822-824a-7d2a97683fc0,365,87290,gpd,gpd,1,Seizure,0,False,214.9,0,5,108.56628075320069,bipolar,100.0,0.5-70 Hz,60 Hz,10.0,0.09120707023404573,518.9104534266469,4.32134014008741,4.282218232115943,False,True
34f73f67-8b2a-4822-824a-7d2a97683fc0,366,40046,iic,lpd,0,Seizure,0,False,516.5,0,3,145.5370269350129,bipolar,100.0,0.5-70 Hz,60 Hz,10.0,0.09154746396717567,499.988060689193,4.308744021948957,4.315636199007962,False,True
34f73f67-8b2a-4822-824a-7d2a97683fc0,367,88909,lrda,lrda,1,GPD,0,False,1694.2,0,6,174.62377060628043,bipolar,100.0,0.5-70 Hz,60 Hz,10.0,0.09163660857730765,484.41587577496483,4.356218048827666,4.3030487937586575,False,True
34f73f67-8b2a-4822-824a-7d2a97683fc0,368,46782,gpd,gpd,1,GPD,1,True,549.4,0,8,56.97424699890944,bipolar,100.0,0.5-70 Hz,60 Hz,10.0,0.09289189269062242,511.09640396158005,4.332541562755909,4.350496771530684,False,True
34f73f67-8b2a-4822-824a-7d2a97683fc0,369,86798,lrda,seizure,0,GPD,0,False,197.8,0,13,85.4120183510336,bipolar,100.0,0.5-70 Hz,60 Hz,10.0,0.09272616907021414,513.8670900947857,4.320231985011356,4.326930295871415,False,True
34f73f67-8b2a-4822-824a-7d2a97683fc0,370,38614,lrda,gpd,0,GRDA,0,False,543.4,0,5,144.2315309338444,bipolar,100.0,0.5-70 Hz,60 Hz,10.0,0.09261835648733296,507.39094606811454,4.306657579846443,4.314357804903615,False,True
34f73f67-8b2a-4822-824a-7d2a97683fc0,371,62063,lrda,gpd,0,GPD,0,True,192.0,0,9,137.38337713358163,bipolar,100.0,0.5-70 Hz,60 Hz,10.0,0.09194327501055011,491.2607534678743,4.291401888267666,4.300531956933184,False,True
34f73f67-8b2a-4822-824a-7d2a97683fc0,372,53742,lrda,gpd,0,Other,0,False,160.8,0,3,257.89910590565825,bipolar,100.0,0.5-70 Hz,60 Hz,10.0,0.0914074165834049,465.60541987251423,4.274659345370686,4.285057281995953,False,True
34f73f67-8b2a-4822-824a-7d2a97683fc0,373,34589,lrda,seizure,0,LRDA,1,False,164.0,0,15,12.384190648622083,bipolar,100.0,0.5-70 Hz,60 Hz,10.0,0.09222653070104608,497.8695107586298,4.283756819327482,4.268136774252891,False,True
34f73f67-8b2a-4822-824a-7d2a97683fc0,374,51824,gpd,lpd,0,Other,0,False,989.8,0,3,100.37285659307169,bipolar,100.0,0.5-70 Hz,60 Hz,10.0,0.0925494290091951,484.9573014048275,4.254801716534954,4.2780288562460935,False,True
34f73f67-8b2a-4822-824a-7d2a97683fc0,375,86445,lrda,grda,0,Other,0,False,973.4,0,8,77.46648296813422,bipolar,100.0,0.5-70 Hz,60 Hz,10.0,0.09229449356079328,464.2858378152835,4.238338626997122,4.249006534849382,False,True
34f73f67-8b2a-4822-824a-7d2a97683fc0,376,88393,gpd,lrda,0,GRDA,0,False,1664.4,0,8,100.87254790318347,bipolar,100.0,0.5-70 Hz,60 Hz,10.0,0.09205165226993944,440.6603353599966,4.204787596079425,4.232416067793013,False,True
34f73f67-8b2a-4822-824a-7d2a97683fc0,377,47245,gpd,seizure,0,LRDA,0,False,1374.7,0,5,105.73498569120835,bipolar,100.0,0.5-70 Hz,60 Hz,10.0,0.09129176142025225,407.279000789994,4.166963607906137,4.1988296852448,False,True
34f73f67-8b2a-4822-824a-7d2a97683fc0,378,88194,gpd,lpd,0,LRDA,0,False,3810.8,0,14,92.23223556497268,bipolar,100.0,0.5-70 Hz,60 Hz,10.0,0.09176436266655391,367.2513802289555,4.124372590519796,4.160985490192062,False,True
34f73f67-8b2a-4822-824a-7d2a97683fc0,379,87920,gpd,seizure,0,GPD,1,False,1007.2,0,4,91.9140765612908,bipolar,100.0,0.5-70 Hz,60 Hz,10.0,0.09159521707653501,419.3354921325104,4.171517266704959,4.118405860319612,False,True
34f73f67-8b2a-4822-824a-7d2a97683fc0,380,37440,lrda,gpd,0,GRDA,0,False,4890.3,0,6,8.274805557028678,bipolar,100.0,0.5-70 Hz,60 Hz,10.0,0.0909317087170814,393.19647213247276,4.1538926612919,4.165730633739095,False,True
34f73f67-8b2a-4822-824a-7d2a97683fc0,381,86586,lrda,grda,0,Seizure,0,False,3845.5,0,6,113.18609444694326,bipolar,100.0,0.5-70 Hz,60 Hz,10.0,0.09061015135658418,362.43895525815077,4.1356574056647055,4.148032860363221,False,True
34f73f67-8b2a-4822-824a-7d2a97683fc0,382,86356,lrda,gpd,0,LRDA,1,False,1337.7,0,4,231.7535730271495,bipolar,100.0,0.5-70 Hz,60 Hz,10.0,0.09098161526644111,403.7758902649018,4.147233840381489,4.129809493762577,False,True
34f73f67-8b2a-4822-824a-7d2a97683fc0,383,86795,gpd,seizure,0,Other,0,False,1396.2,0,4,125.6301048936053,bipolar,100.0,0.5-70 Hz,60 Hz,10.0,0.09101834013593385,368.6361992889541,4.107187599159361,4.141553071552772,False,True
34f73f67-8b2a-4822-824a-7d2a97683fc0,384,84582,grda,grda,1,GRDA,1,True,928.5,0,10,115.82763240347322,bipolar,100.0,0.5-70 Hz,60 Hz,10.0,0.09105700357700464,366.32925287180257,4.106334275422821,4.101485919925053,False,True
34f73f67-8b2a-4822-824a-7d2a97683fc0,385,45464,gpd,lpd,0,GPD,1,False,1536.7,0,4,157.85099221388336,bipolar,100.0,0.5-70 Hz,60 Hz,10.0,0.092045429418661,412.6914189517135,4.149865738727465,4.100579412199886,False,True
34f73f67-8b2a-4822-824a-7d2a97683fc0,386,53316,lrda,seizure,0,LRDA,1,False,1186.1,0,5,83.71124148247112,bipolar,100.0,0.5-70 Hz,60 Hz,10.0,0.09225022696984886,442.3763628641604,4.1600456421149286,4.144463371133519,False,True
34f73f67-8b2a-4822-824a-7d2a97683fc0,387,39281,grda,seizure,0,GRDA,1,False,1426.5,0,7,158.59648739760755,bipolar,100.0,0.5-70 Hz,60 Hz,10.0,0.09265074765195569,440.5267670289579,4.186043968209474,4.154821515781082,False,True
34f73f67-8b2a-4822-824a-7d2a97683fc0,388,26068,gpd,seizure,0,GPD,1,False,383.3,0,7,153.5055115051438,bipolar,100.0,0.5-70 Hz,60 Hz,10.0,0.09320737485586561,468.42803873094306,4.216648651283302,4.180854889993209,False,True
34f73f67-8b2a-4822-824a-7d2a97683fc0,389,88483,grda,seizure,0,GRDA,1,False,998.3,0,7,133.7458204749604,bipolar,100.0,0.5-70 Hz,60 Hz,10.0,0.09363056261032865,452.8757844564134,4.240705393012663,4.2113606886370984,False,True
34f73f67-8b2a-4822-824a-7d2a97683fc0,390,51681,grda,lrda,0,Seizure,0,False,770.7,0,5,224.69835720253278,bipolar,100.0,0.5-70 Hz,60 Hz,10.0,0.09328411801576386,466.65621305323594,4.2085639985703205,4.2354563828891045,False,True
34f73f67-8b2a-4822-824a-7d2a97683fc0,391,89081,gpd,gpd,1,Other,0,False,987.0,0,5,172.88130407732493,bipolar,100.0,0.5-70 Hz,60 Hz,10.0,0.0902725753738553,401.5390829938004,4.243015083528876,4.203416528243911,False,True
34f73f67-8b2a-4822-824a-7d2a97683fc0,392,36724,lrda,lrda,1,LRDA,1,True,185.8,0,5,111.89620896279386,bipolar,100.0,0.5-70 Hz,60 Hz,10.0,0.09008253410616929,415.72582698661563,4.223645469976068,4.237885803291933,False,True
34f73f67-8b2a-4822-824a-7d2a97683fc0,393,88496,lpd,lpd,1,LPD,1,True,687.2,0,13,94.53859536587946,bipolar,100.0,0.5-70 Hz,60 Hz,10.0,0.0903034200361994,414.4184629684368,4.2206592956064775,4.218443241131151,False,True
34f73f67-8b2a-4822-824a-7d2a97683fc0,394,47424,lpd,lpd,1,LPD,1,True,151.2,0,5,191.44033287357593,bipolar,100.0,0.5-70 Hz,60 Hz,10.0,0.09039632589158747,402.8774288518612,4.217751325818645,4.215477586557746,False,True
34f73f67-8b2a-4822-824a-7d2a97683fc0,395,50630,lpd,lpd,1,LPD,1,True,640.1,0,10,36.332634067040914,bipolar,100.0,0.5-70 Hz,60 Hz,10.0,0.09240110597143414,382.12954936741403,4.2142820599739155,4.212594389568078,False,True
34f73f67-8b2a-4822-824a-7d2a97683fc0,396,87483,lpd,grda,0,Seizure,0,False,413.3,0,6,144.40580698422798,bipolar,100.0,0.5-70 Hz,60 Hz,10.0,0.0926020924405529,376.5687630716402,4.190387419668627,4.209091275817569,False,True
34f73f67-8b2a-4822-824a-7d2a97683fc0,397,67854,lpd,grda,0,LPD,1,False,336.6,0,3,102.12401653442511,bipolar,100.0,0.5-70 Hz,60 Hz,10.0,0.09171879899866098,381.97507426210126,4.208297716564797,4.185168156716549,False,True
34f73f67-8b2a-4822-824a-7d2a97683fc0,398,68092,grda,lpd,0,GRDA,1,False,207.6,0,10,66.21486961753762,bipolar,100.0,0.5-70 Hz,60 Hz,10.0,0.09282639342871163,364.8252894967405,4.232890854683216,4.203095325310625,False,True
34f73f67-8b2a-4822-824a-7d2a97683fc0,399,45043,lpd,lpd,1,LPD,1,True,291.9,0,11,36.45734005261338,bipolar,100.0,0.5-70 Hz,60 Hz,10.0,0.09203394733599585,335.80788889619515,4.226976524621202,4.227606997701327,False,True
34f73f67-8b2a-4822-824a-7d2a97683fc0,400,21003,iic,other,1,Other,1,True,446.4,0,13,182.0463463626779,bipolar,100.0,0.5-70 Hz,60 Hz,10.0,0.09130320838728073,324.04802725478226,4.224331113050974,4.22147067408688,False,True
34f73f67-8b2a-4822-824a-7d2a97683fc0,401,85268,gpd,gpd,1,GPD,1,True,808.8,0,3,195.2820998810023,bipolar,100.0,0.5-70 Hz,60 Hz,10.0,0.09098210192892203,357.390357436539,4.191406852905622,4.218599546477861,False,True
34f73f67-8b2a-4822-824a-7d2a97683fc0,402,22597,gpd,gpd,1,GPD,1,True,296.0,0,6,12.345136259483988,bipolar,100.0,0.5-70 Hz,60 Hz,10.0,0.0917329707575788,385.00174084966136,4.158445791509072,4.185944403388591,False,True
34f73f67-8b2a-4822-824a-7d2a97683fc0,403,34942,grda,grda,1,LPD,0,False,514.1,0,9,13.952485965972823,bipolar,100.0,0.5-70 Hz,60 Hz,10.0,0.09138222304156907,385.53779767951744,4.14530919833899,4.1531422530208255,False,True
34f73f67-8b2a-4822-824a-7d2a97683fc0,404,40550,grda,grda,1,GRDA,1,True,298.3,0,4,194.25577458085408,bipolar,100.0,0.5-70 Hz,60 Hz,10.0,0.0913928601272117,388.5650554265557,4.146195112748705,4.1397687212093786,False,True
34f73f67-8b2a-4822-824a-7d2a97683fc0,405,63378,lpd,lpd,1,LPD,1,True,354.3,0,10,133.96538647327066,bipolar,100.0,0.5-70 Hz,60 Hz,10.0,0.09183035551628271,353.1356564800091,4.132814492810312,4.140974963432324,False,True
34f73f67-8b2a-4822-824a-7d2a97683fc0,406,39106,gpd,gpd,1,GPD,1,True,556.1,0,3,93.4498878644228,bipolar,100.0,0.5-70 Hz,60 Hz,10.0,0.09278423556107296,371.0530263741999,4.096740866983131,4.12747337542095,False,True
34f73f67-8b2a-4822-824a-7d2a97683fc0,407,54058,lrda,grda,0,Seizure,0,False,513.9,0,11,197.29111164802922,bipolar,100.0,0.5-70 Hz,60 Hz,10.0,0.09258933204368819,357.7261039268122,4.095058323122108,4.09156071589277,False,True
34f73f67-8b2a-4822-824a-7d2a97683fc0,408,86925,lrda,seizure,0,LRDA,1,False,713.3,0,6,83.91120101158583,bipolar,100.0,0.5-70 Hz,60 Hz,10.0,0.09289105362418898,372.5828253678398,4.087284105955327,4.0897380180199265,False,True
34f73f67-8b2a-4822-824a-7d2a97683fc0,409,63289,lpd,lpd,1,LPD,1,True,981.1,0,5,131.40084179157932,bipolar,100.0,0.5-70 Hz,60 Hz,10.0,0.09297141607591758,332.32618108836846,4.069751479805488,4.082119602714193,False,True
34f73f67-8b2a-4822-824a-7d2a97683fc0,410,87700,grda,grda,1,Seizure,0,False,1306.8,0,5,13.988484661624483,bipolar,100.0,0.5-70 Hz,60 Hz,10.0,0.0924623023074495,317.29369622918,4.050851660974439,4.064546167554248,False,True
34f73f67-8b2a-4822-824a-7d2a97683fc0,411,63152,grda,grda,1,GRDA,1,True,339.1,0,8,142.72278388216085,bipolar,100.0,0.5-70 Hz,60 Hz,10.0,0.09273593669220453,325.77270546454605,4.0545281778723385,4.045353115637925,False,True
34f73f67-8b2a-4822-824a-7d2a97683fc0,412,40595,iic,gpd,0,LPD,0,False,196.7,0,8,55.228488320620286,bipolar,100.0,0.5-70 Hz,60 Hz,10.0,0.09323606400942974,319.12748247614877,4.04104871737459,4.049280230175673,False,True
34f73f67-8b2a-4822-824a-7d2a97683fc0,413,26730,iic,seizure,0,GRDA,0,False,1307.9,0,8,76.7188535859868,bipolar,100.0,0.5-70 Hz,60 Hz,10.0,0.09376276859998284,306.80880043729366,4.026578532756277,4.03589745007253,False,True
34f73f67-8b2a-4822-824a-7d2a97683fc0,414,87602,lpd,lpd,1,LRDA,0,False,1347.7,0,9,117.05818985567653,bipolar,100.0,0.5-70 Hz,60 Hz,10.0,0.0934630186630121,382.8998075395097,4.053006603187029,4.021452734972847,False,True
34f73f67-8b2a-4822-824a-7d2a97683fc0,415,85956,lrda,grda,0,LRDA,1,False,1225.2,0,7,121.98595112126605,bipolar,100.0,0.5-70 Hz,60 Hz,10.0,0.09371720394209287,388.78650448447803,4.053083498223638,4.047997575379183,False,True
34f73f67-8b2a-4822-824a-7d2a97683fc0,416,62980,iic,lpd,0,Other,1,False,1102.9,0,12,61.88425822575328,bipolar,100.0,0.5-70 Hz,60 Hz,10.0,0.09306634983099521,421.7609804772158,4.074084480479055,4.048018730653508,False,True
34f73f67-8b2a-4822-824a-7d2a97683fc0,417,69242,grda,lpd,0,Other,0,False,370.5,0,3,82.48140537218985,bipolar,100.0,0.5-70 Hz,60 Hz,10.0,0.09199478645436648,429.11906037041985,4.046147253010303,4.069322136141514,False,True
34f73f67-8b2a-4822-824a-7d2a97683fc0,418,68388,lrda,lrda,1,LRDA,1,True,400.8,0,8,127.04632706214014,bipolar,100.0,0.5-70 Hz,60 Hz,10.0,0.09041328251881053,427.19567837478223,4.015317358794137,4.041378878572833,False,True
34f73f67-8b2a-4822-824a-7d2a97683fc0,419,56466,iic,lpd,0,LRDA,0,False,371.8,0,6,62.95072393937095,bipolar,100.0,0.5-70 Hz,60 Hz,10.0,0.09141824002806753,415.7837016338731,4.002966645651712,4.010597441341215,False,True
34f73f67-8b2a-4822-824a-7d2a97683fc0,420,52207,lrda,lrda,1,LRDA,1,True,329.5,0,4,106.37408419437307,bipolar,100.0,0.5-70 Hz,60 Hz,10.0,0.0901609123137454,407.07407068657074,3.9714637974290494,3.9982850442632225,False,True
34f73f67-8b2a-4822-824a-7d2a97683fc0,421,9649,spike,spike,1,No (no spike),0,False,316.1,0,6,93.51405005884541,bipolar,100.0,0.5-70 Hz,60 Hz,10.0,0.09013015619029108,402.78939267657364,3.958881688007437,3.966826026184706,False,True
34f73f67-8b2a-4822-824a-7d2a97683fc0,422,88131,grda,grda,1,Other,0,False,229.9,0,6,99.75242048281568,bipolar,100.0,0.5-70 Hz,60 Hz,10.0,0.08989185253143278,359.5589982796148,3.9479230022275305,3.9542264612756908,False,True
34f73f67-8b2a-4822-824a-7d2a97683fc0,423,84687,sz,lrda,0,GPD,0,False,229.6,0,7,133.48072922271336,bipolar,100.0,0.5-70 Hz,60 Hz,10.0,0.09000944802637395,357.84760837500835,3.917090477159737,3.9431880308900347,False,True
34f73f67-8b2a-4822-824a-7d2a97683fc0,424,87035,grda,grda,1,GRDA,1,True,309.4,0,4,158.93058609638103,bipolar,100.0,0.5-70 Hz,60 Hz,10.0,0.09004902372578105,378.2292387366032,3.9162337610545332,3.912406608924656,False,True
34f73f67-8b2a-4822-824a-7d2a97683fc0,425,49990,iic,grda,0,GPD,0,False,292.3,0,3,153.70059298369725,bipolar,100.0,0.5-70 Hz,60 Hz,10.0,0.09021766563965777,363.5144799295787,3.9029338165980083,3.9117130507380056,False,True
34f73f67-8b2a-4822-824a-7d2a97683fc0,426,88189,lrda,lrda,1,LRDA,1,True,290.2,0,10,138.90856025855206,bipolar,100.0,0.5-70 Hz,60 Hz,10.0,0.08994595319051923,351.8938212080774,3.873981065913367,3.898426075894545,False,True
34f73f67-8b2a-4822-824a-7d2a97683fc0,427,88663,lpd,grda,0,LPD,1,False,405.1,0,5,155.37179777759204,bipolar,100.0,0.5-70 Hz,60 Hz,10.0,0.08975874652702137,346.9558795936708,3.88841164087726,3.8694661053272403,False,True
34f73f67-8b2a-4822-824a-7d2a97683fc0,428,51380,gpd,lrda,0,LPD,0,False,333.0,0,4,124.1411912513469,bipolar,100.0,0.5-70 Hz,60 Hz,10.0,0.0897998172062291,333.78106891210103,3.870145936198813,3.883939106113453,False,True
34f73f67-8b2a-4822-824a-7d2a97683fc0,429,36902,gpd,lrda,0,Seizure,0,False,276.2,0,5,198.33497812868356,bipolar,100.0,0.5-70 Hz,60 Hz,10.0,0.0912633929028358,314.1110779957115,3.847630175876793,3.8655393079579845,False,True
34f73f67-8b2a-4822-824a-7d2a97683fc0,430,35634,gpd,grda,0,Other,0,False,505.2,0,4,40.84111649619915,bipolar,100.0,0.5-70 Hz,60 Hz,10.0,0.08939929476788833,599.9999999999999,3.8275045903609506,3.842949592000323,True,True
34f73f67-8b2a-4822-824a-7d2a97683fc0,431,87383,sz,grda,0,GPD,0,False,1410.3,0,8,130.06540002033393,bipolar,100.0,0.5-70 Hz,60 Hz,10.0,0.0894329149885732,593.7489573506912,3.8051546365631115,3.8225547651872898,False,True
34f73f67-8b2a-4822-824a-7d2a97683fc0,432,23712,gpd,seizure,0,GPD,1,False,1902.9,0,7,225.68443958860553,bipolar,100.0,0.5-70 Hz,60 Hz,10.0,0.0886660729790959,584.1175562686735,3.8257712031921463,3.8003549293131007,False,True
34f73f67-8b2a-4822-824a-7d2a97683fc0,433,86095,grda,other,0,LPD,0,False,2216.2,0,8,85.41090191483516,bipolar,100.0,0.5-70 Hz,60 Hz,10.0,0.08858047107028899,578.729047965795,3.8142589627272683,3.8209179957675588,False,True
34f73f67-8b2a-4822-824a-7d2a97683fc0,434,61619,grda,lrda,0,GPD,0,False,840.0,0,1,97.83079278085913,bipolar,100.0,0.5-70 Hz,60 Hz,10.0,0.08861277198244616,559.8515924082226,3.803112387198545,3.8092513546122095,False,True
34f73f67-8b2a-4822-824a-7d2a97683fc0,435,85649,grda,gpd,0,Other,0,False,427.1,0,6,104.91314034327016,bipolar,100.0,0.5-70 Hz,60 Hz,10.0,0.09010956611843801,528.2155928090385,3.7910871554653633,3.797942162009429,False,True
34f73f67-8b2a-4822-824a-7d2a97683fc0,436,68822,grda,seizure,0,LRDA,0,False,315.6,0,6,100.74975876561297,bipolar,100.0,0.5-70 Hz,60 Hz,10.0,0.09110597814277521,485.19628396413594,3.7790529605988263,3.785765787266481,False,True
34f73f67-8b2a-4822-824a-7d2a97683fc0,437,63317,grda,other,0,LPD,0,False,560.1,0,4,106.37673132624388,bipolar,100.0,0.5-70 Hz,60 Hz,10.0,0.09009187066906471,433.80071839698377,3.766245816633127,3.7735857312278522,False,True
34f73f67-8b2a-4822-824a-7d2a97683fc0,438,85411,sz,lrda,0,LPD,0,False,158.4,0,7,114.88420809782332,bipolar,100.0,0.5-70 Hz,60 Hz,10.0,0.09022068841748876,423.5604612872358,3.74242730845614,3.761231439858715,False,True
34f73f67-8b2a-4822-824a-7d2a97683fc0,439,88232,grda,lpd,0,GPD,0,False,788.1,0,7,217.20828145962295,bipolar,100.0,0.5-70 Hz,60 Hz,10.0,0.09036751993398368,370.25262027728877,3.7287012260971406,3.7369332289110693,False,True
34f73f67-8b2a-4822-824a-7d2a97683fc0,440,21244,grda,lrda,0,Other,0,False,277.4,0,2,128.6913161103442,bipolar,100.0,0.5-70 Hz,60 Hz,10.0,0.09058676913448155,315.43843190620925,3.714727764748026,3.7231391435302186,False,True
34f73f67-8b2a-4822-824a-7d2a97683fc0,441,52083,grda,lpd,0,Seizure,0,False,731.6,0,5,132.1600456426751,bipolar,100.0,0.5-70 Hz,60 Hz,10.0,0.09123026733959155,599.9999999999999,3.739503497985501,3.7090945087945304,True,True
34f73f67-8b2a-4822-824a-7d2a97683fc0,442,42229,sz,other,0,LRDA,0,False,431.8,0,9,123.61728815744173,bipolar,100.0,0.5-70 Hz,60 Hz,10.0,0.09182296269024143,593.2486984032145,3.714673082307811,3.7337491248369967,False,True
34f73f67-8b2a-4822-824a-7d2a97683fc0,443,69755,sz,lrda,0,GPD,0,False,172.6,0,6,95.66295755551955,bipolar,100.0,0.5-70 Hz,60 Hz,10.0,0.09228962787178485,573.8976812324112,3.690056325454701,3.709222320605103,False,True
34f73f67-8b2a-4822-824a-7d2a97683fc0,444,37959,sz,grda,0,Seizure,1,False,401.1,0,4,163.37972665112974,bipolar,100.0,0.5-70 Hz,60 Hz,10.0,0.09140827465374318,598.7034709312549,3.7184223814718997,3.6848948851465515,False,True
34f73f67-8b2a-4822-824a-7d2a97683fc0,445,88980,sz,grda,0,Seizure,1,False,405.1,0,2,97.63829187362688,bipolar,100.0,0.5-70 Hz,60 Hz,10.0,0.09072531460603911,588.3617085180749,3.7446868150980617,3.713255938456524,False,True
34f73f67-8b2a-4822-824a-7d2a97683fc0,446,38832,sz,other,0,Seizure,1,False,956.3,0,1,184.47111714447806,bipolar,100.0,0.5-70 Hz,60 Hz,10.0,0.09083120456654808,553.2417796409723,3.7668354747562818,3.7395469761686746,False,True
34f73f67-8b2a-4822-824a-7d2a97683fc0,447,50319,grda,lpd,0,LRDA,0,False,650.1,0,8,141.93164668523627,bipolar,100.0,0.5-70 Hz,60 Hz,10.0,0.09108916232268244,547.6832910755617,3.756937676812992,3.762318958915445,False,True
34f73f67-8b2a-4822-824a-7d2a97683fc0,448,86849,sz,grda,0,LRDA,0,False,1534.1,0,6,88.91584823164409,bipolar,100.0,0.5-70 Hz,60 Hz,10.0,0.0906765425537337,570.8703889450975,3.7367436282112454,3.7518588042872434,False,True
34f73f67-8b2a-4822-824a-7d2a97683fc0,449,55248,sz,other,0,LRDA,0,False,711.6,0,13,134.4322573309979,bipolar,100.0,0.5-70 Hz,60 Hz,10.0,0.09101226910594995,585.0834586780885,3.7161110828808526,3.731828180214019,False,True
34f73f67-8b2a-4822-824a-7d2a97683fc0,450,5496,spike,spike,1,Yes (spike present),1,True,1206.4,0,4,86.56791151409759,bipolar,100.0,0.5-70 Hz,60 Hz,10.0,0.09128428999251625,579.7349559543923,3.720548667103783,3.7113759555165715,False,True
34f73f67-8b2a-4822-824a-7d2a97683fc0,451,15600,spike,spike,1,No (no spike),0,False,781.4,0,5,195.16253080485765,bipolar,100.0,0.5-70 Hz,60 Hz,10.0,0.09089520819756836,584.6689574287861,3.707582717615309,3.7157261798752845,False,True
34f73f67-8b2a-4822-824a-7d2a97683fc0,452,85342,sz,lrda,0,Other,0,False,158.0,0,5,124.21233516991028,bipolar,100.0,0.5-70 Hz,60 Hz,10.0,0.09119584238502842,589.0110377906819,3.6862365597541733,3.7028430028102086,False,True
34f73f67-8b2a-4822-824a-7d2a97683fc0,453,54086,sz,other,0,Seizure,1,False,171.4,0,9,216.3817733536207,bipolar,100.0,0.5-70 Hz,60 Hz,10.0,0.0907162224375681,575.4717584531218,3.7089047310016614,3.6817375141616457,False,True
34f73f67-8b2a-4822-824a-7d2a97683fc0,454,62275,sz,other,0,Seizure,1,False,349.2,0,5,9.754506225283777,bipolar,100.0,0.5-70 Hz,60 Hz,10.0,0.0905100559241816,543.0808238903167,3.72862601360616,3.704417087697445,False,True
34f73f67-8b2a-4822-824a-7d2a97683fc0,455,60047,sz,other,0,Seizure,1,False,993.8,0,8,88.27223803713659,bipolar,100.0,0.5-70 Hz,60 Hz,10.0,0.09172621433145284,499.4144693135214,3.744833952225842,3.7241937884804646,False,True
34f73f67-8b2a-4822-824a-7d2a97683fc0,456,69121,grda,lpd,0,LPD,0,True,1467.7,0,5,161.7777882739005,bipolar,100.0,0.5-70 Hz,60 Hz,10.0,0.09177535390628189,483.99554538205706,3.7321069975051158,3.7404357771139027,False,True
34f73f67-8b2a-4822-824a-7d2a97683fc0,457,41476,lpd,lpd,1,GRDA,0,False,1195.4,0,8,201.11717929320912,bipolar,100.0,0.5-70 Hz,60 Hz,10.0,0.09115186866298491,451.54809090236057,3.770385021270398,3.727670918241458,False,True
34f73f67-8b2a-4822-824a-7d2a97683fc0,458,35104,sz,other,0,LRDA,0,False,1038.8,0,9,221.8217139602098,bipolar,100.0,0.5-70 Hz,60 Hz,10.0,0.09127830551537103,479.2328803397888,3.7568825599253266,3.765957311371216,False,True
34f73f67-8b2a-4822-824a-7d2a97683fc0,459,47150,sz,other,0,LRDA,0,False,2273.5,0,11,188.6956901684971,bipolar,100.0,0.5-70 Hz,60 Hz,10.0,0.09148917107681792,502.0992197109426,3.7423993920706375,3.7525314026091676,False,True
34f73f67-8b2a-4822-824a-7d2a97683fc0,460,86499,lrda,gpd,0,Other,0,False,2150.0,0,6,142.7058264237423,bipolar,100.0,0.5-70 Hz,60 Hz,10.0,0.09129296288437871,495.6492668758579,3.7294404901927214,3.7380372834137634,False,True
34f73f67-8b2a-4822-824a-7d2a97683fc0,461,42952,lrda,gpd,0,LRDA,1,False,230.3,0,13,90.25509361686262,bipolar,100.0,0.5-70 Hz,60 Hz,10.0,0.0915976752833087,502.12680432389556,3.7368612572252617,3.725001411034835,False,True
34f73f67-8b2a-4822-824a-7d2a97683fc0,462,85431,grda,lpd,0,LRDA,0,False,202.7,0,8,206.4456778141388,bipolar,100.0,0.5-70 Hz,60 Hz,10.0,0.09168308036782336,477.44644951304764,3.727370230077505,3.732527237361146,False,True
34f73f67-8b2a-4822-824a-7d2a97683fc0,463,14156,spike,spike,1,Yes (spike present),1,True,189.1,0,7,133.5627901198046,bipolar,100.0,0.5-70 Hz,60 Hz,10.0,0.0923515077179844,474.8738486382979,3.7327911761829364,3.723048307662819,False,True
34f73f67-8b2a-4822-824a-7d2a97683fc0,464,10301,spike,spike,1,Yes (spike present),1,True,482.2,0,12,229.67350987313807,bipolar,100.0,0.5-70 Hz,60 Hz,10.0,0.09267174072216788,465.0359347447789,3.736627235717199,3.7282644429861103,False,True
34f73f67-8b2a-4822-824a-7d2a97683fc0,465,9054,spike,spike,1,Yes (spike present),1,True,155.1,0,8,160.63704197980488,bipolar,100.0,0.5-70 Hz,60 Hz,10.0,0.09487145709558414,447.4680104894526,3.738339335813074,3.7318631386212124,False,True
34f73f67-8b2a-4822-824a-7d2a97683fc0,466,14539,spike,spike,1,Yes (spike present),1,True,289.0,0,7,105.44844055406277,bipolar,100.0,0.5-70 Hz,60 Hz,10.0,0.0971235221345883,422.2655627983956,3.735980007204528,3.733310459867531,False,True
34f73f67-8b2a-4822-824a-7d2a97683fc0,467,14655,spike,spike,1,Yes (spike present),1,True,158.0,0,7,127.44991868041465,bipolar,100.0,0.5-70 Hz,60 Hz,10.0,0.09827878536922324,389.9116619626626,3.730572816077143,3.7307021992606337,False,True
34f73f67-8b2a-4822-824a-7d2a97683fc0,468,63203,grda,lpd,0,GRDA,1,False,255.5,0,10,136.07960363586753,bipolar,100.0,0.5-70 Hz,60 Hz,10.0,0.09809850179414781,412.65933966666177,3.7349617168572142,3.7261217848569683,False,True
34f73f67-8b2a-4822-824a-7d2a97683fc0,469,15481,spike,spike,1,Yes (spike present),1,True,389.9,0,5,131.11124285085904,bipolar,100.0,0.5-70 Hz,60 Hz,10.0,0.09809847593866544,369.1740158574995,3.7285802695331447,3.7294039781758688,False,True
34f73f67-8b2a-4822-824a-7d2a97683fc0,470,14411,spike,spike,1,No (no spike),0,False,178.9,0,7,204.86453320848133,bipolar,100.0,0.5-70 Hz,60 Hz,10.0,0.09693309646701198,429.15322141238244,3.7295669203383452,3.7227106105158505,False,True
34f73f67-8b2a-4822-824a-7d2a97683fc0,471,13630,spike,spike,1,Yes (spike present),1,True,279.3,0,7,202.81032842321255,bipolar,100.0,0.5-70 Hz,60 Hz,10.0,0.09806579600351495,391.3174471978619,3.7246755895851313,3.7245074901890813,False,True
34f73f67-8b2a-4822-824a-7d2a97683fc0,472,5875,spike,spike,1,Yes (spike present),1,True,1036.7,0,7,97.16276661681846,bipolar,100.0,0.5-70 Hz,60 Hz,10.0,0.09811526551097077,348.22627178752344,3.716995853487674,3.719430981267039,False,True
34f73f67-8b2a-4822-824a-7d2a97683fc0,473,13197,spike,spike,1,Yes (spike present),1,True,1145.0,0,7,139.9104234357132,bipolar,100.0,0.5-70 Hz,60 Hz,10.0,0.09801047168383958,300.98537651968775,3.7072441899701607,3.7114637590584283,False,True
34f73f67-8b2a-4822-824a-7d2a97683fc0,474,69263,iic,lpd,0,Seizure,0,False,1360.2,0,6,136.91127006994193,bipolar,100.0,0.5-70 Hz,60 Hz,10.0,0.09777124016216726,301.3874427096054,3.6989950066386763,3.7025486148198175,False,True
34f73f67-8b2a-4822-824a-7d2a97683fc0,475,6983,spike,spike,1,Yes (spike present),1,True,2658.4,0,7,88.77921681005303,bipolar,100.0,0.5-70 Hz,60 Hz,10.0,0.09044502739904559,599.9999999999999,3.5707083284620023,3.693438411858774,True,True
34f73f67-8b2a-4822-824a-7d2a97683fc0,476,88551,lpd,gpd,0,GRDA,0,False,1447.9,0,6,116.5555020654887,bipolar,100.0,0.5-70 Hz,60 Hz,10.0,0.09070755335027986,593.6766216954827,3.5528950270599218,3.566219451382188,False,True
34f73f67-8b2a-4822-824a-7d2a97683fc0,477,61536,grda,seizure,0,GRDA,1,False,5803.6,0,6,155.9511205622737,bipolar,100.0,0.5-70 Hz,60 Hz,10.0,0.09115646051295512,584.0677200274337,3.550701462668339,3.548390261365763,False,True
34f73f67-8b2a-4822-824a-7d2a97683fc0,478,32585,lpd,seizure,0,LRDA,0,False,1385.8,0,10,186.24442774221143,bipolar,100.0,0.5-70 Hz,60 Hz,10.0,0.09134771798220537,566.4480678547253,3.5298530653061504,3.546271360247111,False,True
34f73f67-8b2a-4822-824a-7d2a97683fc0,479,32388,lpd,other,0,GRDA,0,False,932.9,0,8,38.3655471848486,bipolar,100.0,0.5-70 Hz,60 Hz,10.0,0.09143864058536194,537.8074259613604,3.5064681027670055,3.5254894760257596,False,True
34f73f67-8b2a-4822-824a-7d2a97683fc0,480,63392,grda,lpd,0,GRDA,1,False,4352.7,0,9,37.074117452785686,bipolar,100.0,0.5-70 Hz,60 Hz,10.0,0.09165559871415618,514.511812395655,3.5002944823421434,3.5020894998981706,False,True
34f73f67-8b2a-4822-824a-7d2a97683fc0,481,69733,lpd,lrda,0,LPD,1,False,221.0,0,5,15.976829959811264,bipolar,100.0,0.5-70 Hz,60 Hz,10.0,0.09148524923952578,547.9531010087089,3.525379990122807,3.4959940300341428,False,True
34f73f67-8b2a-4822-824a-7d2a97683fc0,482,63365,lpd,lpd,1,LPD,1,True,166.9,0,4,113.28763069018872,bipolar,100.0,0.5-70 Hz,60 Hz,10.0,0.09155078314244391,543.348771130039,3.5053204991152365,3.5211528813488444,False,True
34f73f67-8b2a-4822-824a-7d2a97683fc0,483,86246,lpd,grda,0,Seizure,0,False,229.2,0,7,119.99544099731709,bipolar,100.0,0.5-70 Hz,60 Hz,10.0,0.0916353519493599,521.6072823806504,3.4836789264604606,3.5011395470397706,False,True
34f73f67-8b2a-4822-824a-7d2a97683fc0,484,85896,lpd,grda,0,LPD,1,False,153.9,0,6,32.85086123041176,bipolar,100.0,0.5-70 Hz,60 Hz,10.0,0.09146644301325935,547.5472197977309,3.5049258686281908,3.479583515889841,False,True
34f73f67-8b2a-4822-824a-7d2a97683fc0,485,70977,iic,seizure,0,Seizure,0,True,189.1,0,8,113.47054412028722,bipolar,100.0,0.5-70 Hz,60 Hz,10.0,0.09126939128008044,542.2098174793583,3.488762006950493,3.5008049670229315,False,True
34f73f67-8b2a-4822-824a-7d2a97683fc0,486,47882,lpd,lpd,1,GPD,0,False,190.4,0,12,132.11162197781564,bipolar,100.0,0.5-70 Hz,60 Hz,10.0,0.09070832925904293,536.7862128710678,3.5214745201799174,3.4847145610457266,False,True
34f73f67-8b2a-4822-824a-7d2a97683fc0,487,70788,iic,gpd,0,LPD,0,False,222.7,0,8,104.85326419711635,bipolar,100.0,0.5-70 Hz,60 Hz,10.0,0.09214462633263176,520.275080035346,3.503786474052992,3.5173212683539,False,True
34f73f67-8b2a-4822-824a-7d2a97683fc0,488,27598,iic,lpd,0,Other,1,False,328.8,0,4,155.52926479501903,bipolar,100.0,0.5-70 Hz,60 Hz,10.0,0.0895034640092906,540.0436136665459,3.5329340937536546,3.499794572745193,False,True
34f73f67-8b2a-4822-824a-7d2a97683fc0,489,88923,lrda,grda,0,Other,0,False,170.3,0,9,95.5615055182511,bipolar,100.0,0.5-70 Hz,60 Hz,10.0,0.08917814267820023,534.5911114428543,3.534137249612185,3.5289301136391726,False,True
34f73f67-8b2a-4822-824a-7d2a97683fc0,490,86382,lrda,seizure,0,GPD,0,False,277.7,0,7,10.760670078627683,bipolar,100.0,0.5-70 Hz,60 Hz,10.0,0.08894075934756107,517.8566128757305,3.534532219654171,3.5299595361021163,False,True
34f73f67-8b2a-4822-824a-7d2a97683fc0,491,21566,lrda,grda,0,Seizure,0,False,286.6,0,11,133.23512697346516,bipolar,100.0,0.5-70 Hz,60 Hz,10.0,0.08896571367921885,490.09089828469735,3.5342673453225695,3.5302657204254904,False,True
34f73f67-8b2a-4822-824a-7d2a97683fc0,492,88037,lrda,gpd,0,Seizure,0,False,621.6,0,8,150.97265949712812,bipolar,100.0,0.5-70 Hz,60 Hz,10.0,0.09012408383327397,452.3685492700584,3.5333560942455646,3.5298629131682984,False,True
34f73f67-8b2a-4822-824a-7d2a97683fc0,493,70790,lrda,gpd,0,LRDA,1,False,1158.1,0,6,90.28410298302352,bipolar,100.0,0.5-70 Hz,60 Hz,10.0,0.08882783036092584,501.1368110924152,3.5251407251868607,3.5288660692696707,False,True
34f73f67-8b2a-4822-824a-7d2a97683fc0,494,6289,spike,spike,1,No (no spike),0,False,248.5,0,8,124.42692744831538,bipolar,100.0,0.5-70 Hz,60 Hz,10.0,0.08843308731001803,487.8521056186449,3.5234451809410325,3.5209015932170544,False,True
34f73f67-8b2a-4822-824a-7d2a97683fc0,495,87437,lrda,gpd,0,GRDA,0,False,2003.7,0,6,112.38056456038694,bipolar,100.0,0.5-70 Hz,60 Hz,10.0,0.08977991095487686,453.9306903843214,3.5205720304276458,3.5193016000807855,False,True
34f73f67-8b2a-4822-824a-7d2a97683fc0,496,84664,lrda,grda,0,Other,0,False,701.7,0,6,177.02679300147324,bipolar,100.0,0.5-70 Hz,60 Hz,10.0,0.09073192327221968,412.723442676865,3.517121564156791,3.5163304230378754,False,True
34f73f67-8b2a-4822-824a-7d2a97683fc0,497,63229,grda,lpd,0,LRDA,0,False,3640.6,0,6,65.577411788216,bipolar,100.0,0.5-70 Hz,60 Hz,10.0,0.09086498960447886,431.0948850739066,3.5150457963907473,3.512827389606699,False,True
34f73f67-8b2a-4822-824a-7d2a97683fc0,498,47249,grda,seizure,0,GRDA,1,False,2599.7,0,9,185.3610853899851,bipolar,100.0,0.5-70 Hz,60 Hz,10.0,0.09072777286997524,408.0002172878362,3.5096459451134576,3.510686623946971,False,True
34f73f67-8b2a-4822-824a-7d2a97683fc0,499,38677,lrda,gpd,0,Seizure,0,False,14456.2,0,13,60.73502419076431,bipolar,100.0,0.5-70 Hz,60 Hz,10.0,0.09155277216965518,362.73099788298174,3.5047759662613887,3.505351105670873,False,True
