session_id,trial_index,seg_id,task_code,pattern_class_true,target_present,response_label,response_y,is_correct,reaction_time_ms,answer_changes,n_interactions,select_ms,montage,gain_uv,bandpass,notch,window_s,max_hw,ess,total_var,expected_loss_chosen,rejuv,post_decision
9882a6ab-26b1-4c7c-8df0-b8a187a6a038,0,4755,spike,spike,0,Yes (spike present),1,False,362.3,0,2,67.91565974044568,bipolar,100.0,0.5-70 Hz,60 Hz,10.0,0.17693401314745982,416.57470294833945,14.118944253657165,13.857015552033662,False,False
9882a6ab-26b1-4c7c-8df0-b8a187a6a038,1,7977,spike,spike,1,No (no spike),0,False,427.6,0,1,189.21230004892533,bipolar,100.0,0.5-70 Hz,60 Hz,10.0,0.17645249183715717,442.80529744145304,13.437230150591574,13.909790879406405,False,False
9882a6ab-26b1-4c7c-8df0-b8a187a6a038,2,1417,spike,spike,0,No (no spike),0,True,200.5,0,1,50.50198302665939,bipolar,100.0,0.5-70 Hz,60 Hz,10.0,0.1781067114874511,462.661362094757,13.244401736030568,13.340476972756534,False,False
9882a6ab-26b1-4c7c-8df0-b8a187a6a038,3,1230,spike,spike,0,Yes (spike present),1,False,1072.3,0,1,128.60134967024086,bipolar,100.0,0.5-70 Hz,60 Hz,10.0,0.17470805685641222,599.9999999999999,13.032053932526988,13.157827770389874,True,False
9882a6ab-26b1-4c7c-8df0-b8a187a6a038,4,6489,spike,spike,1,Yes (spike present),1,True,211.0,0,1,68.04572546346718,bipolar,100.0,0.5-70 Hz,60 Hz,10.0,0.17388815167358224,577.9846188093387,12.930312084061503,12.97112775102433,False,False
9882a6ab-26b1-4c7c-8df0-b8a187a6a038,5,8146,spike,spike,1,No (no spike),0,False,201.0,0,0,192.9731506463359,bipolar,100.0,0.5-70 Hz,60 Hz,10.0,0.17522180020550604,552.3574705507679,12.98031271632344,12.868877933955355,False,False
9882a6ab-26b1-4c7c-8df0-b8a187a6a038,6,866,spike,spike,0,No (no spike),0,True,411.7,0,1,51.47164017840278,bipolar,100.0,0.5-70 Hz,60 Hz,10.0,0.17532331076546803,507.41348468389936,12.93078224894494,12.940611425723294,False,False
9882a6ab-26b1-4c7c-8df0-b8a187a6a038,7,3027,spike,spike,0,No (no spike),0,True,315.1,0,2,125.95757942006992,bipolar,100.0,0.5-70 Hz,60 Hz,10.0,0.17824082129608754,427.29059545557544,12.880573241203157,12.88865135629522,False,False
9882a6ab-26b1-4c7c-8df0-b8a187a6a038,8,2717,spike,spike,0,No (no spike),0,True,200.6,0,0,132.68605971298777,bipolar,100.0,0.5-70 Hz,60 Hz,10.0,0.17988815523562024,331.2024925714449,12.804465444592017,12.833096900522081,False,False
9882a6ab-26b1-4c7c-8df0-b8a187a6a038,9,1918,spike,spike,0,No (no spike),0,True,213.9,0,4,55.40854361073148,bipolar,100.0,0.5-70 Hz,60 Hz,10.0,0.17526085265300506,599.9999999999999,12.855887942436514,12.748242739656437,True,False
9882a6ab-26b1-4c7c-8df0-b8a187a6a038,10,6130,spike,spike,0,No (no spike),0,True,222.5,0,3,42.27802226510971,bipolar,100.0,0.5-70 Hz,60 Hz,10.0,0.17579059695557792,573.1153804110177,12.829498829598126,12.806968216560941,False,False
9882a6ab-26b1-4c7c-8df0-b8a187a6a038,11,472,spike,spike,0,No (no spike),0,True,183.5,0,1,31.913652850627116,bipolar,100.0,0.5-70 Hz,60 Hz,10.0,0.1771755813860954,505.7271458890191,12.811857052558093,12.776655337965085,False,False
9882a6ab-26b1-4c7c-8df0-b8a187a6a038,12,6465,spike,spike,0,Yes (spike present),1,False,314.4,0,4,94.02714454947616,bipolar,100.0,0.5-70 Hz,60 Hz,10.0,0.17492162212951962,572.3250440583946,12.662398567323155,12.75683702838833,False,False
9882a6ab-26b1-4c7c-8df0-b8a187a6a038,13,11067,spike,spike,1,Yes (spike present),1,True,2907.2,0,3,293.2267083800565,bipolar,100.0,0.5-70 Hz,60 Hz,10.0,0.17518573803023352,550.8591674073672,12.653643972423474,12.630478749595744,False,False
9882a6ab-26b1-4c7c-8df0-b8a187a6a038,14,11870,spike,spike,1,Yes (spike present),1,True,325.4,0,1,95.60841508522373,bipolar,100.0,0.5-70 Hz,60 Hz,10.0,0.1765113663412452,511.52780387377936,12.62210454512099,12.622956694630087,False,False
9882a6ab-26b1-4c7c-8df0-b8a187a6a038,15,851,spike,spike,0,No (no spike),0,True,198.4,0,0,222.83121933069685,bipolar,100.0,0.5-70 Hz,60 Hz,10.0,0.17769939542108337,487.18564812471743,12.574920222663525,12.592896751866224,False,False
9882a6ab-26b1-4c7c-8df0-b8a187a6a038,16,12089,spike,spike,1,Yes (spike present),1,True,191.5,0,1,76.48270924687941,bipolar,100.0,0.5-70 Hz,60 Hz,10.0,0.1777911291036487,433.6335323421872,12.544482611201033,12.548118657600249,False,False
9882a6ab-26b1-4c7c-8df0-b8a187a6a038,17,2657,spike,spike,0,No (no spike),0,True,1859.0,0,1,66.44342751430197,bipolar,100.0,0.5-70 Hz,60 Hz,10.0,0.17781857282932695,407.2770137129049,12.52437943204361,12.519968470465148,False,False
9882a6ab-26b1-4c7c-8df0-b8a187a6a038,18,17207,spike,spike,1,Yes (spike present),1,True,555.7,0,0,115.69483483355819,bipolar,100.0,0.5-70 Hz,60 Hz,10.0,0.17775584912577558,345.60393691938333,12.501876159376849,12.501536878524455,False,False
9882a6ab-26b1-4c7c-8df0-b8a187a6a038,19,2733,spike,spike,0,No (no spike),0,True,1773.4,0,1,44.8536924114642,bipolar,100.0,0.5-70 Hz,60 Hz,10.0,0.17770421639965783,320.3292314366506,12.492558654776502,12.480269222846468,False,False
9882a6ab-26b1-4c7c-8df0-b8a187a6a038,20,4695,spike,spike,0,No (no spike),0,True,373.9,0,4,66.18152788313397,bipolar,100.0,0.5-70 Hz,60 Hz,10.0,0.17773147051093569,599.9999999999999,12.478832888344392,12.47281468866062,True,False
9882a6ab-26b1-4c7c-8df0-b8a187a6a038,21,9213,spike,spike,1,Yes (spike present),1,True,303.9,0,3,362.26287501199425,bipolar,100.0,0.5-70 Hz,60 Hz,10.0,0.17757022999134542,563.2071384245994,12.456668185770246,12.456732232368925,False,False
9882a6ab-26b1-4c7c-8df0-b8a187a6a038,22,6983,spike,spike,1,Yes (spike present),1,True,205.5,0,1,72.62240667428554,bipolar,100.0,0.5-70 Hz,60 Hz,10.0,0.1777426539113185,486.22350998632703,12.420932978472768,12.433851910971878,False,False
9882a6ab-26b1-4c7c-8df0-b8a187a6a038,23,13197,spike,spike,1,No (no spike),0,False,200.2,0,2,212.28807762381751,bipolar,100.0,0.5-70 Hz,60 Hz,10.0,0.17679800018216663,576.903968072151,12.450017808176712,12.39925625369964,False,False
9882a6ab-26b1-4c7c-8df0-b8a187a6a038,24,10551,spike,spike,1,Yes (spike present),1,True,226.8,0,2,79.83424306165979,bipolar,100.0,0.5-70 Hz,60 Hz,10.0,0.17660503760504476,555.458377129103,12.417961481446195,12.43204404853503,False,False
9882a6ab-26b1-4c7c-8df0-b8a187a6a038,25,9345,spike,spike,1,Yes (spike present),1,True,212.3,0,1,470.9371037785614,bipolar,100.0,0.5-70 Hz,60 Hz,10.0,0.17631115638485767,521.6271054417225,12.385034627648427,12.402485311792034,False,False
9882a6ab-26b1-4c7c-8df0-b8a187a6a038,26,9748,spike,spike,0,No (no spike),0,True,305.7,0,1,102.28189681192453,bipolar,100.0,0.5-70 Hz,60 Hz,10.0,0.1763838701864337,519.382996654749,12.378775440648766,12.371542914626676,False,False
9882a6ab-26b1-4c7c-8df0-b8a187a6a038,27,2230,spike,spike,0,No (no spike),0,True,210.6,0,1,178.99553665062209,bipolar,100.0,0.5-70 Hz,60 Hz,10.0,0.17661803392232261,497.9666596183235,12.35749975700464,12.365653545030874,False,False
9882a6ab-26b1-4c7c-8df0-b8a187a6a038,28,13612,spike,spike,1,Yes (spike present),1,True,334.5,0,0,41.20840227376189,bipolar,100.0,0.5-70 Hz,60 Hz,10.0,0.1762503700768096,456.77298994836065,12.322883942304987,12.345417450591494,False,False
9882a6ab-26b1-4c7c-8df0-b8a187a6a038,29,11851,spike,spike,0,Yes (spike present),1,False,323.3,0,1,110.86543296777097,bipolar,100.0,0.5-70 Hz,60 Hz,10.0,0.17634595514442059,443.18584030679193,12.311620136208031,12.311596142171364,False,False
9882a6ab-26b1-4c7c-8df0-b8a187a6a038,30,6289,spike,spike,1,Yes (spike present),1,True,302.0,0,0,133.73988714673465,bipolar,100.0,0.5-70 Hz,60 Hz,10.0,0.1766888373116806,386.3373870976084,12.254910380564237,12.300363318295393,False,False
9882a6ab-26b1-4c7c-8df0-b8a187a6a038,31,5962,spike,spike,1,Yes (spike present),1,True,258.8,0,10,301.8511888296176,bipolar,100.0,0.5-70 Hz,60 Hz,10.0,0.17723925760720105,350.4834887535261,12.210580693194053,12.244963592309407,False,False
9882a6ab-26b1-4c7c-8df0-b8a187a6a038,32,3565,spike,spike,0,Yes (spike present),1,False,300.2,0,2,122.50712076994746,bipolar,100.0,0.5-70 Hz,60 Hz,10.0,0.17719712286560274,315.78218139497477,12.208798884023413,12.20133570421319,False,False
9882a6ab-26b1-4c7c-8df0-b8a187a6a038,33,17208,spike,spike,0,No (no spike),0,True,252.6,0,2,39.20147434696305,bipolar,100.0,0.5-70 Hz,60 Hz,10.0,0.17749536255903148,334.2404539982765,12.203227902892294,12.199722623051583,False,False
9882a6ab-26b1-4c7c-8df0-b8a187a6a038,34,1902,spike,spike,1,Yes (spike present),1,True,327.0,0,0,188.51285262684783,bipolar,100.0,0.5-70 Hz,60 Hz,10.0,0.17586495718931616,599.9999999999999,12.286521658392047,12.195004759690462,True,False
9882a6ab-26b1-4c7c-8df0-b8a187a6a038,35,5496,spike,spike,1,Yes (spike present),1,True,503.0,0,2,43.8894587468543,bipolar,100.0,0.5-70 Hz,60 Hz,10.0,0.1761757814004704,592.4953299847974,12.283086550816801,12.27735402135245,False,False
9882a6ab-26b1-4c7c-8df0-b8a187a6a038,36,15481,spike,spike,1,Yes (spike present),1,True,470.3,0,1,33.77301764254212,bipolar,100.0,0.5-70 Hz,60 Hz,10.0,0.1763634829242257,571.1228674773577,12.282539398613274,12.275409986903554,False,False
9882a6ab-26b1-4c7c-8df0-b8a187a6a038,37,13630,spike,spike,1,Yes (spike present),1,True,770.8,0,2,37.57952846200558,bipolar,100.0,0.5-70 Hz,60 Hz,10.0,0.17644885924236142,540.2939250826958,12.281516897998527,12.2759613667612,False,False
9882a6ab-26b1-4c7c-8df0-b8a187a6a038,38,2824,spike,spike,0,No (no spike),0,True,357.6,0,1,126.05389560347672,bipolar,100.0,0.5-70 Hz,60 Hz,10.0,0.17644140194177077,538.392133654883,12.226956014293247,12.274937524475344,False,False
9882a6ab-26b1-4c7c-8df0-b8a187a6a038,39,9054,spike,spike,1,Yes (spike present),1,True,313.7,0,0,326.59919475788655,bipolar,100.0,0.5-70 Hz,60 Hz,10.0,0.17645221707006176,506.8611576950417,12.221194965017265,12.221450887456554,False,False
9882a6ab-26b1-4c7c-8df0-b8a187a6a038,40,4664,spike,spike,0,No (no spike),0,True,391.4,0,0,27.190065072344126,bipolar,100.0,0.5-70 Hz,60 Hz,10.0,0.17651654071432205,499.80612855371425,12.172538084040626,12.215852282147976,False,False
9882a6ab-26b1-4c7c-8df0-b8a187a6a038,41,9949,spike,spike,0,Yes (spike present),1,False,791.2,0,4,48.71453990712427,bipolar,100.0,0.5-70 Hz,60 Hz,10.0,0.17620165687218897,455.498206187203,12.19149204191095,12.167092286323069,False,False
9882a6ab-26b1-4c7c-8df0-b8a187a6a038,42,15802,spike,spike,0,No (no spike),0,True,296.0,0,2,314.99547285627506,bipolar,100.0,0.5-70 Hz,60 Hz,10.0,0.17620494158656608,443.34259246780834,12.156313376354138,12.186689073394318,False,False
9882a6ab-26b1-4c7c-8df0-b8a187a6a038,43,6049,spike,spike,0,Yes (spike present),1,False,204.7,0,3,27.96501629996177,bipolar,100.0,0.5-70 Hz,60 Hz,10.0,0.17511171712788254,387.55832198716377,12.164769570542246,12.151388234651357,False,False
9882a6ab-26b1-4c7c-8df0-b8a187a6a038,44,13538,spike,spike,1,Yes (spike present),1,True,206.2,0,3,331.03087470862266,bipolar,100.0,0.5-70 Hz,60 Hz,10.0,0.1719871457988964,338.87418302883265,12.156579175183158,12.15991898865537,False,False
9882a6ab-26b1-4c7c-8df0-b8a187a6a038,45,16464,spike,spike,1,Yes (spike present),1,True,187.0,0,1,186.83257666540615,bipolar,100.0,0.5-70 Hz,60 Hz,10.0,0.17289150823347132,599.9999999999999,12.294643566537388,12.152163900637113,True,False
9882a6ab-26b1-4c7c-8df0-b8a187a6a038,46,3029,spike,spike,0,No (no spike),0,True,312.0,0,0,55.88323167311997,bipolar,100.0,0.5-70 Hz,60 Hz,10.0,0.17319198141747977,589.0124283735237,12.26818538662388,12.290644818945504,False,False
9882a6ab-26b1-4c7c-8df0-b8a187a6a038,47,3688,spike,spike,0,Yes (spike present),1,False,210.3,0,2,187.35404308833915,bipolar,100.0,0.5-70 Hz,60 Hz,10.0,0.17282279393236455,594.6848073244631,12.290484574303061,12.26456543570795,False,False
9882a6ab-26b1-4c7c-8df0-b8a187a6a038,48,14287,spike,spike,0,No (no spike),0,True,209.4,0,2,160.0491085476591,bipolar,100.0,0.5-70 Hz,60 Hz,10.0,0.1729689761172964,597.8994398025292,12.268697159191449,12.28671777271585,False,False
9882a6ab-26b1-4c7c-8df0-b8a187a6a038,49,874,spike,spike,0,No (no spike),0,True,200.6,0,5,42.08388224451679,bipolar,100.0,0.5-70 Hz,60 Hz,10.0,0.17300801317698328,595.4120306348742,12.255697407000989,12.265616930255542,False,False
9882a6ab-26b1-4c7c-8df0-b8a187a6a038,50,3952,spike,spike,1,No (no spike),0,False,175.0,0,0,43.83753472644182,bipolar,100.0,0.5-70 Hz,60 Hz,10.0,0.1740397853704459,566.119922182576,12.240426125467204,12.25269620596409,False,False
9882a6ab-26b1-4c7c-8df0-b8a187a6a038,51,12134,spike,spike,1,Yes (spike present),1,True,199.7,0,0,97.8217882578516,bipolar,100.0,0.5-70 Hz,60 Hz,10.0,0.17397724261708425,576.1486106518619,12.229698704874492,12.23752328966722,False,False
9882a6ab-26b1-4c7c-8df0-b8a187a6a038,52,13506,spike,spike,0,No (no spike),0,True,190.8,0,1,181.29213006987683,bipolar,100.0,0.5-70 Hz,60 Hz,10.0,0.17400416861446572,566.7878188598781,12.221588777939495,12.22697415590342,False,False
9882a6ab-26b1-4c7c-8df0-b8a187a6a038,53,7949,spike,spike,0,Yes (spike present),1,False,311.1,0,1,279.89601833660265,bipolar,100.0,0.5-70 Hz,60 Hz,10.0,0.17362095184401322,588.892942051367,12.22329008461132,12.218899228262037,False,False
9882a6ab-26b1-4c7c-8df0-b8a187a6a038,54,16356,spike,spike,0,No (no spike),0,True,193.6,0,5,304.5450974210274,bipolar,100.0,0.5-70 Hz,60 Hz,10.0,0.17369934951739413,583.6120548051604,12.214702936821624,12.221019414192225,False,False
9882a6ab-26b1-4c7c-8df0-b8a187a6a038,55,10301,spike,spike,1,Yes (spike present),1,True,177.4,0,4,275.92203828499856,bipolar,100.0,0.5-70 Hz,60 Hz,10.0,0.17335190288557484,582.996230672633,12.208287358775284,12.212505450366558,False,False
9882a6ab-26b1-4c7c-8df0-b8a187a6a038,56,14620,spike,spike,0,No (no spike),0,True,170.1,0,2,42.554574425631216,bipolar,100.0,0.5-70 Hz,60 Hz,10.0,0.17390746171238225,564.836469181418,12.19435480266079,12.206269217486827,False,False
9882a6ab-26b1-4c7c-8df0-b8a187a6a038,57,5875,spike,spike,1,No (no spike),0,False,202.1,0,1,193.3406107517506,bipolar,100.0,0.5-70 Hz,60 Hz,10.0,0.1747442065870351,530.0147945695984,12.214938186550082,12.192370958637829,False,False
9882a6ab-26b1-4c7c-8df0-b8a187a6a038,58,10305,spike,spike,1,Yes (spike present),1,True,309.9,0,1,27.32093175175304,bipolar,100.0,0.5-70 Hz,60 Hz,10.0,0.17436190417637126,539.8675932571073,12.201767920639263,12.212606863485076,False,False
9882a6ab-26b1-4c7c-8df0-b8a187a6a038,59,173,spike,spike,0,Yes (spike present),1,False,213.6,0,2,134.39916668881466,bipolar,100.0,0.5-70 Hz,60 Hz,10.0,0.1741517713698778,565.7110234760879,12.200071830405381,12.19986283410774,False,False
9882a6ab-26b1-4c7c-8df0-b8a187a6a038,60,15428,spike,spike,0,No (no spike),0,True,306.4,0,1,46.17644237492333,bipolar,100.0,0.5-70 Hz,60 Hz,10.0,0.17417730400721088,562.2729587844458,12.194849635375679,12.19773576061952,False,False
9882a6ab-26b1-4c7c-8df0-b8a187a6a038,61,15154,spike,spike,0,No (no spike),0,True,861.2,0,1,38.17015368624831,bipolar,100.0,0.5-70 Hz,60 Hz,10.0,0.17420559444768152,555.5529771098411,12.191560722717057,12.192803591838997,False,False
9882a6ab-26b1-4c7c-8df0-b8a187a6a038,62,14059,spike,spike,0,Yes (spike present),1,False,1192.0,0,2,32.51599197946531,bipolar,100.0,0.5-70 Hz,60 Hz,10.0,0.17409811054933622,561.1665387910725,12.190722475817228,12.189710056698784,False,False
9882a6ab-26b1-4c7c-8df0-b8a187a6a038,63,12318,spike,spike,1,Yes (spike present),1,True,1645.7,0,1,114.18696117564781,bipolar,100.0,0.5-70 Hz,60 Hz,10.0,0.17407736383245564,566.4643341293988,12.18280428467972,12.188794420012266,False,False
9882a6ab-26b1-4c7c-8df0-b8a187a6a038,64,15935,spike,spike,0,No (no spike),0,True,397.6,0,1,315.8397045095171,bipolar,100.0,0.5-70 Hz,60 Hz,10.0,0.17418840944504632,560.2701413592231,12.183764985137476,12.18089939128356,False,False
9882a6ab-26b1-4c7c-8df0-b8a187a6a038,65,15221,spike,spike,0,Yes (spike present),1,False,326.6,0,1,185.65804578050034,bipolar,100.0,0.5-70 Hz,60 Hz,10.0,0.17403863253376162,561.2678129695904,12.170690971366954,12.18200740199305,False,False
9882a6ab-26b1-4c7c-8df0-b8a187a6a038,66,13226,spike,spike,1,Yes (spike present),1,True,367.6,0,1,44.384288042514,bipolar,100.0,0.5-70 Hz,60 Hz,10.0,0.17398190160189603,566.1349426488083,12.162077807299546,12.168950765209408,False,False
9882a6ab-26b1-4c7c-8df0-b8a187a6a038,67,13367,spike,spike,0,No (no spike),0,True,370.1,0,1,128.73078861006437,bipolar,100.0,0.5-70 Hz,60 Hz,10.0,0.17451468911731965,544.3560022554475,12.158702547211462,12.16055138507272,False,False
9882a6ab-26b1-4c7c-8df0-b8a187a6a038,68,36215,gpd,grda,0,GPD,1,False,338.6,0,3,403.67481221469126,bipolar,100.0,0.5-70 Hz,60 Hz,10.0,0.17439155765152559,423.95522692645113,11.883928569652387,11.805377834176339,False,False
9882a6ab-26b1-4c7c-8df0-b8a187a6a038,69,55346,sz,lrda,0,Seizure,1,False,234.0,0,2,97.35973424410558,bipolar,100.0,0.5-70 Hz,60 Hz,10.0,0.1750715071237401,339.2228076410991,11.455379993962868,11.545224826451225,False,False
9882a6ab-26b1-4c7c-8df0-b8a187a6a038,70,41096,iic,grda,0,GRDA,0,True,730.2,0,2,33.61748137550305,bipolar,100.0,0.5-70 Hz,60 Hz,10.0,0.17365178441439616,599.9999999999999,11.059692861422938,11.177182659222096,True,False
9882a6ab-26b1-4c7c-8df0-b8a187a6a038,71,57261,lpd,lrda,0,GPD,0,False,449.6,0,3,138.38506182111436,bipolar,100.0,0.5-70 Hz,60 Hz,10.0,0.16975749173414179,429.31337916592224,10.875772838294559,10.73628705538723,False,False
9882a6ab-26b1-4c7c-8df0-b8a187a6a038,72,33250,grda,seizure,0,Seizure,0,True,347.1,0,1,69.6329460135714,bipolar,100.0,0.5-70 Hz,60 Hz,10.0,0.17396126189537897,599.9999999999999,10.49453326674043,10.597730337943737,True,False
9882a6ab-26b1-4c7c-8df0-b8a187a6a038,73,63650,lrda,seizure,0,GRDA,0,False,218.7,0,0,124.54538585945772,bipolar,100.0,0.5-70 Hz,60 Hz,10.0,0.17596689985842545,387.89154941197677,10.35877451067131,10.224956486605043,False,False
9882a6ab-26b1-4c7c-8df0-b8a187a6a038,74,68822,lrda,seizure,0,Seizure,0,True,206.7,0,4,34.09806738135572,bipolar,100.0,0.5-70 Hz,60 Hz,10.0,0.17535666391045374,599.9999999999999,10.395421651270121,10.08800429410422,True,False
9882a6ab-26b1-4c7c-8df0-b8a187a6a038,75,59725,gpd,grda,0,GPD,1,False,319.4,0,0,322.86802780007054,bipolar,100.0,0.5-70 Hz,60 Hz,10.0,0.1730093382378824,549.62371382887,10.20616721572895,10.16115239655908,False,False
9882a6ab-26b1-4c7c-8df0-b8a187a6a038,76,49371,grda,lrda,0,LRDA,0,True,469.5,0,1,46.06102114460581,bipolar,100.0,0.5-70 Hz,60 Hz,10.0,0.17518415096101642,492.1942791519077,10.070018614390552,9.984420009838484,False,False
9882a6ab-26b1-4c7c-8df0-b8a187a6a038,77,70220,sz,lrda,0,LRDA,0,True,519.3,0,3,307.05156554596374,bipolar,100.0,0.5-70 Hz,60 Hz,10.0,0.17542057991660903,599.9999999999999,9.791993261453472,9.857036536129499,True,False
9882a6ab-26b1-4c7c-8df0-b8a187a6a038,78,36453,grda,lrda,0,LRDA,0,True,553.9,0,2,47.88411283887931,bipolar,100.0,0.5-70 Hz,60 Hz,10.0,0.17567189749812712,568.4402109815185,9.557553026906307,9.597159958035789,False,False
9882a6ab-26b1-4c7c-8df0-b8a187a6a038,79,65668,gpd,other,0,GPD,1,False,193.3,0,3,39.1126282902383,bipolar,100.0,0.5-70 Hz,60 Hz,10.0,0.17287315310933665,538.4008450942704,9.299051373778923,9.37489435126994,False,False
9882a6ab-26b1-4c7c-8df0-b8a187a6a038,80,54076,lpd,lrda,0,GPD,0,False,415.5,0,1,25.685291793254432,bipolar,100.0,0.5-70 Hz,60 Hz,10.0,0.1736223848646416,500.2642195786381,9.112673390154459,9.118379486805107,False,False
9882a6ab-26b1-4c7c-8df0-b8a187a6a038,81,53019,lrda,lpd,0,LPD,0,True,1748.3,0,0,371.7639290346794,bipolar,100.0,0.5-70 Hz,60 Hz,10.0,0.16843441095597234,463.9756830737483,8.91669894004692,8.94911181858996,False,False
9882a6ab-26b1-4c7c-8df0-b8a187a6a038,82,47245,iic,seizure,0,Other,1,False,794.9,0,1,46.771496190363855,bipolar,100.0,0.5-70 Hz,60 Hz,10.0,0.16760139688183523,367.2227333877327,8.74537880697022,8.766410220987494,False,False
9882a6ab-26b1-4c7c-8df0-b8a187a6a038,83,61497,grda,lrda,0,LRDA,0,True,360.1,0,5,227.31154889412656,bipolar,100.0,0.5-70 Hz,60 Hz,10.0,0.1676103001823439,327.5295339704332,8.529461914315362,8.596092373569654,False,False
9882a6ab-26b1-4c7c-8df0-b8a187a6a038,84,40564,grda,grda,1,GRDA,1,True,194.7,0,4,332.54705738927214,bipolar,100.0,0.5-70 Hz,60 Hz,10.0,0.16747322669857817,599.9999999999999,8.122836222605537,8.38418630432223,True,False
9882a6ab-26b1-4c7c-8df0-b8a187a6a038,85,44664,lrda,gpd,0,LRDA,1,False,1226.5,0,0,130.2946146075778,bipolar,100.0,0.5-70 Hz,60 Hz,10.0,0.17150250242508425,316.54161422408504,8.130849465833883,7.974072276881595,False,False
9882a6ab-26b1-4c7c-8df0-b8a187a6a038,86,51454,iic,other,1,LRDA,0,False,404.8,0,2,218.46348099819173,bipolar,100.0,0.5-70 Hz,60 Hz,10.0,0.17660747457087467,599.9999999999999,7.973836394453137,7.987515270951552,True,False
9882a6ab-26b1-4c7c-8df0-b8a187a6a038,87,43389,lpd,grda,0,GRDA,0,True,879.9,0,1,127.61992721662034,bipolar,100.0,0.5-70 Hz,60 Hz,10.0,0.17660751425327098,578.743685323142,7.827859189877629,7.841737365737266,False,False
9882a6ab-26b1-4c7c-8df0-b8a187a6a038,88,45968,lpd,lpd,1,LPD,1,True,406.3,0,1,99.5785742364603,bipolar,100.0,0.5-70 Hz,60 Hz,10.0,0.17695595662632252,531.5108005614237,7.648756361744468,7.697589330074807,False,False
9882a6ab-26b1-4c7c-8df0-b8a187a6a038,89,56031,gpd,lpd,0,GPD,1,False,412.6,0,2,224.73778804274644,bipolar,100.0,0.5-70 Hz,60 Hz,10.0,0.17701899351059636,501.2797712590448,7.570070816364833,7.5306445037043135,False,False
9882a6ab-26b1-4c7c-8df0-b8a187a6a038,90,63152,iic,grda,0,GRDA,0,True,474.9,0,1,60.31934891836216,bipolar,100.0,0.5-70 Hz,60 Hz,10.0,0.17696115114329558,477.65351037689425,7.422974399857867,7.4511708687645495,False,False
9882a6ab-26b1-4c7c-8df0-b8a187a6a038,91,68639,sz,lrda,0,LRDA,0,True,452.4,0,4,289.4409505221132,bipolar,100.0,0.5-70 Hz,60 Hz,10.0,0.1689199460910885,436.8146890102497,7.273021285706225,7.307216307076183,False,False
9882a6ab-26b1-4c7c-8df0-b8a187a6a038,92,41525,lpd,lpd,1,LRDA,0,False,382.9,0,3,127.94234634496328,bipolar,100.0,0.5-70 Hz,60 Hz,10.0,0.17705502232956433,377.8507333214027,7.3487564142319375,7.165217034545953,False,False
9882a6ab-26b1-4c7c-8df0-b8a187a6a038,93,53422,gpd,lpd,0,GPD,1,False,312.4,0,0,307.5236530522592,bipolar,100.0,0.5-70 Hz,60 Hz,10.0,0.17699870941636064,345.8856953308585,7.270434784290714,7.24257004663001,False,False
9882a6ab-26b1-4c7c-8df0-b8a187a6a038,94,55193,lpd,lrda,0,LRDA,0,True,302.2,0,0,116.1438556221343,bipolar,100.0,0.5-70 Hz,60 Hz,10.0,0.1771976958719086,312.48468436173727,7.148963110695866,7.167487846220357,False,False
9882a6ab-26b1-4c7c-8df0-b8a187a6a038,95,57436,iic,lrda,0,LRDA,0,True,295.7,0,3,96.9188941204712,bipolar,100.0,0.5-70 Hz,60 Hz,10.0,0.16901865914397113,599.9999999999999,6.738284691098058,7.047483570525776,True,False
9882a6ab-26b1-4c7c-8df0-b8a187a6a038,96,40673,grda,grda,1,GRDA,1,True,332.4,0,1,123.45154390623621,bipolar,100.0,0.5-70 Hz,60 Hz,10.0,0.16967417383455402,572.8276793197779,6.611269150983944,6.648628807135396,False,False
9882a6ab-26b1-4c7c-8df0-b8a187a6a038,97,32305,lpd,seizure,0,Seizure,0,True,988.7,0,3,28.753267940745694,bipolar,100.0,0.5-70 Hz,60 Hz,10.0,0.16921004228188213,546.329161449733,6.5327885538286505,6.526440242512619,False,False
9882a6ab-26b1-4c7c-8df0-b8a187a6a038,98,52296,lrda,gpd,0,LPD,0,False,1511.5,0,3,42.19691142251138,bipolar,100.0,0.5-70 Hz,60 Hz,10.0,0.1693927429853574,524.2741574553038,6.479040210799422,6.450992711318753,False,False
9882a6ab-26b1-4c7c-8df0-b8a187a6a038,99,33572,gpd,seizure,0,Seizure,0,True,4018.0,0,1,100.42026324614338,bipolar,100.0,0.5-70 Hz,60 Hz,10.0,0.16973858501976102,478.6347761539728,6.336877659164757,6.392447565247107,False,False
9882a6ab-26b1-4c7c-8df0-b8a187a6a038,100,68953,sz,lrda,0,GRDA,0,False,1457.2,0,2,35.24441304475033,bipolar,100.0,0.5-70 Hz,60 Hz,10.0,0.16569669974742607,426.7229075931455,6.243394617327992,6.256497482192829,False,False
9882a6ab-26b1-4c7c-8df0-b8a187a6a038,101,44829,iic,gpd,0,Other,1,False,689.0,0,1,115.91432218242399,bipolar,100.0,0.5-70 Hz,60 Hz,10.0,0.1656798796430604,599.9999999999999,6.264640453383024,6.165906186620812,True,False
9882a6ab-26b1-4c7c-8df0-b8a187a6a038,102,46932,sz,gpd,0,GPD,0,True,485.9,0,2,134.65777975477965,bipolar,100.0,0.5-70 Hz,60 Hz,10.0,0.16273484817669814,584.6874624247422,6.187754196515421,6.189409806146306,False,False
9882a6ab-26b1-4c7c-8df0-b8a187a6a038,103,51952,lrda,lrda,1,LRDA,1,True,322.1,0,1,112.94079219055465,bipolar,100.0,0.5-70 Hz,60 Hz,10.0,0.16285956169498889,544.164917093558,6.080667035693651,6.113273129185847,False,False
9882a6ab-26b1-4c7c-8df0-b8a187a6a038,104,27863,gpd,seizure,0,Seizure,0,True,516.1,0,0,316.83151720120304,bipolar,100.0,0.5-70 Hz,60 Hz,10.0,0.16148979332438773,513.710934022938,5.900673671334215,6.0072497244342165,False,False
9882a6ab-26b1-4c7c-8df0-b8a187a6a038,105,38946,lrda,lrda,1,LRDA,1,True,346.8,0,3,307.82481065528543,bipolar,100.0,0.5-70 Hz,60 Hz,10.0,0.16282051852365842,455.38348081644506,5.818948366253178,5.8287308777728715,False,False
9882a6ab-26b1-4c7c-8df0-b8a187a6a038,106,22391,grda,grda,1,GRDA,1,True,1160.5,0,1,56.59246567614322,bipolar,100.0,0.5-70 Hz,60 Hz,10.0,0.1628135821737527,436.4224964793914,5.718331356878661,5.753726151756199,False,False
9882a6ab-26b1-4c7c-8df0-b8a187a6a038,107,47249,lpd,seizure,0,LPD,1,False,3002.8,0,1,46.552651082877034,bipolar,100.0,0.5-70 Hz,60 Hz,10.0,0.16058951110713726,305.9664193725097,5.776818752898255,5.6528100503857,False,False
9882a6ab-26b1-4c7c-8df0-b8a187a6a038,108,67374,lrda,gpd,0,GPD,0,True,320.4,0,0,113.46077891629821,bipolar,100.0,0.5-70 Hz,60 Hz,10.0,0.17173178416812324,599.9999999999999,5.994781379189937,5.7001957668251535,True,False
9882a6ab-26b1-4c7c-8df0-b8a187a6a038,109,69995,iic,other,1,Other,1,True,298.3,0,3,362.9797603531835,bipolar,100.0,0.5-70 Hz,60 Hz,10.0,0.17024917906020165,579.1053539743288,5.91317411501001,5.921387272944145,False,False
9882a6ab-26b1-4c7c-8df0-b8a187a6a038,110,54027,sz,seizure,1,Seizure,1,True,313.6,0,2,278.67246655306025,bipolar,100.0,0.5-70 Hz,60 Hz,10.0,0.1702454320921694,549.7363583546462,5.845286389481672,5.840371676160744,False,False
9882a6ab-26b1-4c7c-8df0-b8a187a6a038,111,69651,lrda,lrda,1,LRDA,1,True,879.1,0,2,93.86996824746404,bipolar,100.0,0.5-70 Hz,60 Hz,10.0,0.16951257572849526,532.9352391469076,5.754470352354561,5.774221992032694,False,False
9882a6ab-26b1-4c7c-8df0-b8a187a6a038,112,51380,sz,lrda,0,Seizure,1,False,25376.0,0,3,102.6138602869024,bipolar,100.0,0.5-70 Hz,60 Hz,10.0,0.16948133396830534,368.68300697739124,5.746482018038445,5.685102957343318,False,False
9882a6ab-26b1-4c7c-8df0-b8a187a6a038,113,39045,iic,other,1,Other,1,True,434.6,0,0,168.9225819918316,bipolar,100.0,0.5-70 Hz,60 Hz,10.0,0.16535870580841144,333.7101221611376,5.6765785898084165,5.6763833273554525,False,False
9882a6ab-26b1-4c7c-8df0-b8a187a6a038,114,67854,grda,grda,1,GRDA,1,True,326.3,0,1,62.86738003156377,bipolar,100.0,0.5-70 Hz,60 Hz,10.0,0.16576492177644309,330.61708913862924,5.53873359626938,5.607044851585925,False,False
9882a6ab-26b1-4c7c-8df0-b8a187a6a038,115,32585,sz,seizure,1,Seizure,1,True,1091.0,0,2,142.33161380180624,bipolar,100.0,0.5-70 Hz,60 Hz,10.0,0.15902048740074948,599.9999999999999,5.231630740443467,5.475658407436528,True,False
9882a6ab-26b1-4c7c-8df0-b8a187a6a038,116,39796,iic,other,1,Other,1,True,1100.6,0,0,40.44694725283607,bipolar,100.0,0.5-70 Hz,60 Hz,10.0,0.1577527833829831,578.9161391757513,5.161060763010027,5.1760076542143025,False,False
9882a6ab-26b1-4c7c-8df0-b8a187a6a038,117,25399,sz,seizure,1,Seizure,1,True,627.9,0,1,133.2164230156892,bipolar,100.0,0.5-70 Hz,60 Hz,10.0,0.15249433786812916,563.8360577633866,5.10466033030094,5.109204159716764,False,False
9882a6ab-26b1-4c7c-8df0-b8a187a6a038,118,63289,lpd,lpd,1,LPD,1,True,178.4,0,0,100.8824681927705,bipolar,100.0,0.5-70 Hz,60 Hz,10.0,0.1531051725288739,539.8920741838218,5.055893831324533,5.054714098675517,False,False
9882a6ab-26b1-4c7c-8df0-b8a187a6a038,119,44846,iic,other,1,Other,1,True,193.9,0,1,291.80963186634074,bipolar,100.0,0.5-70 Hz,60 Hz,10.0,0.1492532865429692,490.2871435744509,4.998332637701559,5.006384672629778,False,False
9882a6ab-26b1-4c7c-8df0-b8a187a6a038,120,39687,iic,lpd,0,LRDA,0,False,325.9,0,1,108.02489779309575,bipolar,100.0,0.5-70 Hz,60 Hz,10.0,0.14899190338037022,468.77783827739546,4.924525043019485,4.952107708377021,False,False
9882a6ab-26b1-4c7c-8df0-b8a187a6a038,121,57301,grda,lrda,0,LRDA,0,True,311.9,0,1,143.3164885241898,bipolar,100.0,0.5-70 Hz,60 Hz,10.0,0.14679462689722428,457.4472493857394,4.873113201151132,4.8776359110608185,False,False
9882a6ab-26b1-4c7c-8df0-b8a187a6a038,122,46278,gpd,lrda,0,LRDA,0,True,375.2,0,3,128.37632397436644,bipolar,100.0,0.5-70 Hz,60 Hz,10.0,0.1494601464770084,396.6711672230327,4.81949879283895,4.825650088423058,False,False
9882a6ab-26b1-4c7c-8df0-b8a187a6a038,123,60421,lpd,lpd,1,LPD,1,True,215.6,0,2,355.0090286246701,bipolar,100.0,0.5-70 Hz,60 Hz,10.0,0.14618801778948604,355.9756311999814,4.779139126798318,4.774305006082699,False,False
9882a6ab-26b1-4c7c-8df0-b8a187a6a038,124,69945,sz,grda,0,GRDA,0,True,205.5,0,2,157.7330475581769,bipolar,100.0,0.5-70 Hz,60 Hz,10.0,0.14557995271491353,335.1211461639351,4.807863703960983,4.73421615904568,False,False
9882a6ab-26b1-4c7c-8df0-b8a187a6a038,125,68375,lrda,lrda,1,LRDA,1,True,189.7,0,1,300.0344096002427,bipolar,100.0,0.5-70 Hz,60 Hz,10.0,0.1444608052586036,312.313697927036,4.785489812958717,4.762079559033069,False,False
9882a6ab-26b1-4c7c-8df0-b8a187a6a038,126,51836,lrda,lrda,1,LRDA,1,True,283.3,0,1,43.098851914041155,bipolar,100.0,0.5-70 Hz,60 Hz,10.0,0.1441321334998234,599.9999999999999,4.865587729854344,4.738308168079121,True,False
9882a6ab-26b1-4c7c-8df0-b8a187a6a038,127,60705,gpd,seizure,0,LPD,0,False,203.8,0,4,102.70921136306572,bipolar,100.0,0.5-70 Hz,60 Hz,10.0,0.14412151195359507,585.1544686327416,4.7665420231909525,4.81330251185003,False,False
9882a6ab-26b1-4c7c-8df0-b8a187a6a038,128,56529,lpd,lpd,1,LPD,1,True,292.2,0,2,40.28851971081581,bipolar,100.0,0.5-70 Hz,60 Hz,10.0,0.14412226222996638,562.3793178962867,4.725797615007535,4.7182831316175715,False,False
9882a6ab-26b1-4c7c-8df0-b8a187a6a038,129,48579,lpd,lpd,1,LPD,1,True,207.0,0,5,27.053949202799455,bipolar,100.0,0.5-70 Hz,60 Hz,10.0,0.14503728310306013,514.4090905706038,4.693712040390001,4.680352422353681,False,False
9882a6ab-26b1-4c7c-8df0-b8a187a6a038,130,22872,sz,seizure,1,Seizure,1,True,202.3,0,4,111.34510594661417,bipolar,100.0,0.5-70 Hz,60 Hz,10.0,0.1450309866854686,498.46036683067604,4.612391723659298,4.64957924084358,False,False
9882a6ab-26b1-4c7c-8df0-b8a187a6a038,131,34942,lrda,grda,0,LRDA,1,False,333.9,0,0,111.21091720793281,bipolar,100.0,0.5-70 Hz,60 Hz,10.0,0.13347596165003078,332.6574826147799,4.510337085107039,4.570132587877824,False,False
9882a6ab-26b1-4c7c-8df0-b8a187a6a038,132,70065,grda,lrda,0,GRDA,1,False,335.6,0,0,34.06307461481816,bipolar,100.0,0.5-70 Hz,60 Hz,10.0,0.13404911511911843,599.9999999999999,4.3617054336604735,4.462333026356493,True,False
9882a6ab-26b1-4c7c-8df0-b8a187a6a038,133,70977,gpd,seizure,0,GPD,1,False,315.1,0,0,336.8398540611515,bipolar,100.0,0.5-70 Hz,60 Hz,10.0,0.13346767960781764,580.4458688853289,4.3062277233235555,4.3124037773640165,False,False
9882a6ab-26b1-4c7c-8df0-b8a187a6a038,134,70983,lpd,lpd,1,LPD,1,True,1043.3,0,4,121.2289541212763,bipolar,100.0,0.5-70 Hz,60 Hz,10.0,0.13066689566531653,552.3815326632387,4.283475628440681,4.262150588439908,False,False
9882a6ab-26b1-4c7c-8df0-b8a187a6a038,135,52083,lpd,lpd,1,LPD,1,True,1740.7,0,1,288.90761557495875,bipolar,100.0,0.5-70 Hz,60 Hz,10.0,0.13077757918035876,498.855636706711,4.257898054806353,4.237934953893435,False,False
9882a6ab-26b1-4c7c-8df0-b8a187a6a038,136,52096,lpd,lrda,0,LPD,1,False,362.8,0,2,119.75558874619196,bipolar,100.0,0.5-70 Hz,60 Hz,10.0,0.13087899903405165,434.57979760701687,4.23044432055625,4.2135235378565765,False,False
9882a6ab-26b1-4c7c-8df0-b8a187a6a038,137,69242,lpd,lpd,1,LPD,1,True,428.5,0,1,318.22031652506615,bipolar,100.0,0.5-70 Hz,60 Hz,10.0,0.13095284378971433,377.44665613794473,4.196938010033115,4.18786656721911,False,False
9882a6ab-26b1-4c7c-8df0-b8a187a6a038,138,26068,grda,seizure,0,Seizure,0,True,203.8,0,2,33.80592713090242,bipolar,100.0,0.5-70 Hz,60 Hz,10.0,0.1312664352621662,365.76627388280264,4.115489085584119,4.155099927991781,False,False
9882a6ab-26b1-4c7c-8df0-b8a187a6a038,139,70791,iic,gpd,0,Other,1,False,395.4,0,2,120.73755366307475,bipolar,100.0,0.5-70 Hz,60 Hz,10.0,0.1401077420808874,599.9999999999999,4.0981016092133915,4.07622702544983,True,False
9882a6ab-26b1-4c7c-8df0-b8a187a6a038,140,21111,lpd,grda,0,GPD,0,False,216.0,0,0,48.69271499479585,bipolar,100.0,0.5-70 Hz,60 Hz,10.0,0.14011196256347314,587.9871836378156,4.0507171080435675,4.0570772915668645,False,False
9882a6ab-26b1-4c7c-8df0-b8a187a6a038,141,25241,iic,other,1,Other,1,True,581.9,0,4,196.08722589174457,bipolar,100.0,0.5-70 Hz,60 Hz,10.0,0.13687416749937464,573.8847800331287,3.9980966903412147,4.012520020868107,False,False
9882a6ab-26b1-4c7c-8df0-b8a187a6a038,142,88235,grda,grda,1,GRDA,1,True,474.9,0,3,106.21152941702064,bipolar,100.0,0.5-70 Hz,60 Hz,10.0,0.13754183589828745,555.7186734140402,3.936498205514808,3.961362860514755,False,False
9882a6ab-26b1-4c7c-8df0-b8a187a6a038,143,63317,iic,other,1,Other,1,True,1222.4,0,1,53.5185460372037,bipolar,100.0,0.5-70 Hz,60 Hz,10.0,0.13134333484916538,518.6240914043617,3.8832454430676115,3.9016202064738517,False,False
9882a6ab-26b1-4c7c-8df0-b8a187a6a038,144,31011,lrda,seizure,0,LRDA,1,False,1189.5,0,1,361.7359988439181,bipolar,100.0,0.5-70 Hz,60 Hz,10.0,0.13521942201845927,371.98966074350125,3.9625661574908158,3.8504423738474682,False,False
9882a6ab-26b1-4c7c-8df0-b8a187a6a038,145,51846,sz,lrda,0,LPD,0,False,28686.1,0,0,300.9254625642245,bipolar,100.0,0.5-70 Hz,60 Hz,10.0,0.1359414161621097,363.40673834563296,3.932669798085833,3.9266136757062586,False,False
9882a6ab-26b1-4c7c-8df0-b8a187a6a038,146,88824,lrda,lrda,1,Other,0,False,591.3,0,3,333.791852493179,bipolar,100.0,0.5-70 Hz,60 Hz,10.0,0.1431473810001167,599.9999999999999,4.210557098600516,3.8972978793925934,True,False
9882a6ab-26b1-4c7c-8df0-b8a187a6a038,147,55360,lpd,lrda,0,LPD,1,False,780.8,0,3,38.93744213969765,bipolar,100.0,0.5-70 Hz,60 Hz,10.0,0.14153575751305897,409.6756959532359,4.123724726454855,4.166230317202345,False,False
9882a6ab-26b1-4c7c-8df0-b8a187a6a038,148,35152,gpd,grda,0,GPD,1,False,539.7,0,3,43.158371392432066,bipolar,100.0,0.5-70 Hz,60 Hz,10.0,0.14165901498412642,410.0971984580843,4.048424637870027,4.072832267579426,False,False
9882a6ab-26b1-4c7c-8df0-b8a187a6a038,149,40008,lpd,lrda,0,LRDA,0,True,1592.3,0,3,69.99971439033781,bipolar,100.0,0.5-70 Hz,60 Hz,10.0,0.14172609361894684,452.79015105202643,4.0458615893255185,4.005374175754822,False,False
9882a6ab-26b1-4c7c-8df0-b8a187a6a038,150,20737,sz,seizure,1,Seizure,1,True,503.0,0,1,80.18788309867647,bipolar,100.0,0.5-70 Hz,60 Hz,10.0,0.1416645781464262,446.71057442826367,4.004512764901597,4.0081958233280375,False,False
9882a6ab-26b1-4c7c-8df0-b8a187a6a038,151,22123,grda,seizure,0,GRDA,1,False,575.3,0,1,294.3932324533292,bipolar,100.0,0.5-70 Hz,60 Hz,10.0,0.1417247717654555,432.26983612857265,3.9782440853741377,3.9710699573254846,False,False
9882a6ab-26b1-4c7c-8df0-b8a187a6a038,152,44134,iic,other,1,Other,1,True,1021.3,0,2,121.34973963944608,bipolar,100.0,0.5-70 Hz,60 Hz,10.0,0.14170187165944442,420.00371897082323,3.9507062673629125,3.943670630611023,False,False
9882a6ab-26b1-4c7c-8df0-b8a187a6a038,153,59372,lpd,gpd,0,Other,0,False,600.3,0,3,37.08285005999796,bipolar,100.0,0.5-70 Hz,60 Hz,10.0,0.14200821974963318,443.6788678816863,3.945437441603503,3.918536376213463,False,False
9882a6ab-26b1-4c7c-8df0-b8a187a6a038,154,64879,iic,grda,0,Other,1,False,955.6,0,4,287.6666452910412,bipolar,100.0,0.5-70 Hz,60 Hz,10.0,0.14231015290163496,415.6114961799577,3.914373748155226,3.9134749554441086,False,False
9882a6ab-26b1-4c7c-8df0-b8a187a6a038,155,38566,lpd,gpd,0,LPD,1,False,908.8,0,0,99.6591457744537,bipolar,100.0,0.5-70 Hz,60 Hz,10.0,0.14299022422241703,395.05753258604767,3.91735331366596,3.8835519903566564,False,False
9882a6ab-26b1-4c7c-8df0-b8a187a6a038,156,35768,lrda,lrda,1,LRDA,1,True,3398.3,0,2,321.57981672328026,bipolar,100.0,0.5-70 Hz,60 Hz,10.0,0.1434339037783391,389.1501739651166,3.905843272432389,3.8866998748565535,False,False
9882a6ab-26b1-4c7c-8df0-b8a187a6a038,157,22801,iic,seizure,0,Other,1,False,2379.4,0,0,167.59153191661542,bipolar,100.0,0.5-70 Hz,60 Hz,10.0,0.14345781909049965,354.28330580215305,3.870419226411685,3.8761499346469988,False,False
9882a6ab-26b1-4c7c-8df0-b8a187a6a038,158,88383,grda,lrda,0,GRDA,1,False,1622.8,0,0,314.8820382242726,bipolar,100.0,0.5-70 Hz,60 Hz,10.0,0.14350947257212604,324.087618286376,3.8537865286608466,3.840550794443458,False,False
9882a6ab-26b1-4c7c-8df0-b8a187a6a038,159,38682,lpd,lpd,1,LPD,1,True,1106.0,0,0,158.63990490507973,bipolar,100.0,0.5-70 Hz,60 Hz,10.0,0.13620693484398888,599.9999999999999,3.7841485578823884,3.8235243269180668,True,False
9882a6ab-26b1-4c7c-8df0-b8a187a6a038,160,54058,grda,grda,1,GRDA,1,True,323.5,0,2,186.646402748321,bipolar,100.0,0.5-70 Hz,60 Hz,10.0,0.13564745551049823,590.2758560915712,3.7469545155742923,3.7534891738534526,False,False
9882a6ab-26b1-4c7c-8df0-b8a187a6a038,161,55238,iic,seizure,0,LPD,0,False,1312.4,0,1,54.4932955559352,bipolar,100.0,0.5-70 Hz,60 Hz,10.0,0.13534494138465042,572.8591434476236,3.701122401543677,3.7165644985231605,False,False
9882a6ab-26b1-4c7c-8df0-b8a187a6a038,162,45563,iic,gpd,0,Other,1,False,949.9,0,1,30.796859365819614,bipolar,100.0,0.5-70 Hz,60 Hz,10.0,0.13502924547712053,555.1040807353296,3.6987838041056587,3.67203099588923,False,False
9882a6ab-26b1-4c7c-8df0-b8a187a6a038,163,62695,iic,lrda,0,Seizure,0,False,381.2,0,1,310.04156742279343,bipolar,100.0,0.5-70 Hz,60 Hz,10.0,0.13641141265580947,471.5178683843844,3.550946152441948,3.6694750318719294,False,False
9882a6ab-26b1-4c7c-8df0-b8a187a6a038,164,55303,gpd,lrda,0,LRDA,0,True,452.7,0,2,104.98839398553027,bipolar,100.0,0.5-70 Hz,60 Hz,10.0,0.13452508750458947,451.8356168622558,3.4790423605654035,3.5196358749175793,False,False
9882a6ab-26b1-4c7c-8df0-b8a187a6a038,165,45479,sz,seizure,1,Seizure,1,True,577.4,0,0,262.4871636166439,bipolar,100.0,0.5-70 Hz,60 Hz,10.0,0.13383420507868238,436.9008900285209,3.4398877299045796,3.4488120142965,False,False
9882a6ab-26b1-4c7c-8df0-b8a187a6a038,166,53784,sz,seizure,1,Seizure,1,True,1047.2,0,2,43.26268976019926,bipolar,100.0,0.5-70 Hz,60 Hz,10.0,0.13391081904302482,405.73179656088394,3.4063346227381928,3.4134503830068867,False,False
9882a6ab-26b1-4c7c-8df0-b8a187a6a038,167,51038,lrda,seizure,0,Seizure,0,True,215.8,0,1,138.97180590242326,bipolar,100.0,0.5-70 Hz,60 Hz,10.0,0.13335250290340356,394.79878105553126,3.375939094344709,3.379737280188301,False,False
9882a6ab-26b1-4c7c-8df0-b8a187a6a038,168,87400,grda,lrda,0,GRDA,1,False,211.4,0,1,121.62094431042847,bipolar,100.0,0.5-70 Hz,60 Hz,10.0,0.1331998424731018,375.7744772885307,3.356112534626668,3.351664999071577,False,False
9882a6ab-26b1-4c7c-8df0-b8a187a6a038,169,61536,sz,seizure,1,LRDA,0,False,347.0,0,2,109.20319915550625,bipolar,100.0,0.5-70 Hz,60 Hz,10.0,0.13096293883134547,381.69340378239576,3.2939573653699723,3.332194118042051,False,False
9882a6ab-26b1-4c7c-8df0-b8a187a6a038,170,21244,gpd,lrda,0,GPD,1,False,622.2,0,2,267.51993590789124,bipolar,100.0,0.5-70 Hz,60 Hz,10.0,0.1307161524279678,378.4888986858937,3.2561991850046565,3.2686818666411104,False,False
9882a6ab-26b1-4c7c-8df0-b8a187a6a038,171,52207,lrda,lrda,1,LRDA,1,True,206.7,0,0,35.54448553149766,bipolar,100.0,0.5-70 Hz,60 Hz,10.0,0.12213934104435509,370.95319948784504,3.233306694250402,3.2319406609602215,False,False
9882a6ab-26b1-4c7c-8df0-b8a187a6a038,172,51979,gpd,lrda,0,GRDA,0,False,197.7,0,2,315.83806271857236,bipolar,100.0,0.5-70 Hz,60 Hz,10.0,0.12150623470265781,336.95832614099515,3.1636768348702233,3.209505958314621,False,False
9882a6ab-26b1-4c7c-8df0-b8a187a6a038,173,36263,lrda,lrda,1,LRDA,1,True,317.0,0,3,116.72801913554324,bipolar,100.0,0.5-70 Hz,60 Hz,10.0,0.12124433273035451,321.6872993726892,3.140076420133161,3.1429718900679675,False,False
9882a6ab-26b1-4c7c-8df0-b8a187a6a038,174,69661,sz,grda,0,GRDA,0,True,300.3,0,1,136.7729456293219,bipolar,100.0,0.5-70 Hz,60 Hz,10.0,0.12092915362641776,305.0185497139083,3.1095842701344436,3.1197597635450687,False,False
9882a6ab-26b1-4c7c-8df0-b8a187a6a038,175,50577,iic,gpd,0,GPD,0,True,292.8,0,1,52.02614590813462,bipolar,100.0,0.5-70 Hz,60 Hz,10.0,0.12874866961641102,599.9999999999999,3.1730826119819335,3.089982187057268,True,False
9882a6ab-26b1-4c7c-8df0-b8a187a6a038,176,41260,lpd,gpd,0,LPD,1,False,297.4,0,0,90.18138977239207,bipolar,100.0,0.5-70 Hz,60 Hz,10.0,0.1284518421929408,588.0164498899918,3.155220005770909,3.1474931459359077,False,False
9882a6ab-26b1-4c7c-8df0-b8a187a6a038,177,35634,sz,grda,0,Seizure,1,False,320.9,0,0,329.3585753725166,bipolar,100.0,0.5-70 Hz,60 Hz,10.0,0.1344650640831564,477.8651060387772,3.1297971683672556,3.132255845205117,False,False
9882a6ab-26b1-4c7c-8df0-b8a187a6a038,178,36177,iic,seizure,0,Seizure,0,True,441.6,0,2,268.1184722662278,bipolar,100.0,0.5-70 Hz,60 Hz,10.0,0.1327004936632264,470.85669684456496,3.0964103064349797,3.1067935888652913,False,False
9882a6ab-26b1-4c7c-8df0-b8a187a6a038,179,53724,lrda,gpd,0,GPD,0,True,446.0,0,1,126.1192490407332,bipolar,100.0,0.5-70 Hz,60 Hz,10.0,0.12566733757079518,460.57958335312924,3.05401486565735,3.0742716393128546,False,False
9882a6ab-26b1-4c7c-8df0-b8a187a6a038,180,45189,lpd,gpd,0,LPD,1,False,328.1,0,1,47.461548356730766,bipolar,100.0,0.5-70 Hz,60 Hz,10.0,0.125641561508808,439.6067509982174,3.0407842942440206,3.0331091365095313,False,False
9882a6ab-26b1-4c7c-8df0-b8a187a6a038,181,55983,lrda,gpd,0,GRDA,0,False,231.2,0,4,111.58200720458355,bipolar,100.0,0.5-70 Hz,60 Hz,10.0,0.11926721305143068,417.41172825713414,3.006327393924214,3.0210331470878335,False,False
9882a6ab-26b1-4c7c-8df0-b8a187a6a038,182,86212,grda,lrda,0,GRDA,1,False,1658.6,0,1,42.788579730249424,bipolar,100.0,0.5-70 Hz,60 Hz,10.0,0.11876268336366641,405.7874352622529,2.9982540929479247,2.987498556529996,False,False
9882a6ab-26b1-4c7c-8df0-b8a187a6a038,183,60174,lpd,lrda,0,LPD,1,False,1075.1,0,1,85.86934946401391,bipolar,100.0,0.5-70 Hz,60 Hz,10.0,0.11873705780474547,383.51919703377035,2.988717274555262,2.97992804794528,False,False
9882a6ab-26b1-4c7c-8df0-b8a187a6a038,184,32715,sz,seizure,1,Seizure,1,True,218.5,0,1,35.88237204863302,bipolar,100.0,0.5-70 Hz,60 Hz,10.0,0.11883161993231695,359.1971421623511,2.968089512176904,2.9704538699989236,False,False
9882a6ab-26b1-4c7c-8df0-b8a187a6a038,185,48443,lpd,lrda,0,GRDA,0,False,222.8,0,0,320.70512532312836,bipolar,100.0,0.5-70 Hz,60 Hz,10.0,0.11958138455633849,339.35004772804075,2.9589750708277345,2.950305983746775,False,False
9882a6ab-26b1-4c7c-8df0-b8a187a6a038,186,60905,gpd,grda,0,GPD,1,False,770.2,0,2,47.250128294640874,bipolar,100.0,0.5-70 Hz,60 Hz,10.0,0.12704588155119045,599.9999999999999,2.9973772287546536,2.940274509357354,True,False
9882a6ab-26b1-4c7c-8df0-b8a187a6a038,187,70144,gpd,grda,0,GPD,1,False,3165.4,0,0,45.01134983831935,bipolar,100.0,0.5-70 Hz,60 Hz,10.0,0.1271852890193675,591.3032356035251,2.984747666184955,2.972828382232202,False,False
9882a6ab-26b1-4c7c-8df0-b8a187a6a038,188,50078,lrda,gpd,0,GPD,0,True,1665.1,0,1,105.44436719454343,bipolar,100.0,0.5-70 Hz,60 Hz,10.0,0.11780773423267071,581.0829349636052,2.9599717342933944,2.96394038357938,False,False
9882a6ab-26b1-4c7c-8df0-b8a187a6a038,189,68983,gpd,grda,0,GPD,1,False,3433.7,0,0,113.70296900962106,bipolar,100.0,0.5-70 Hz,60 Hz,10.0,0.11875300197261918,563.8349494315543,2.9507621220623244,2.9404742583717765,False,False
9882a6ab-26b1-4c7c-8df0-b8a187a6a038,190,34502,lrda,seizure,0,GRDA,0,False,326.7,0,1,31.21161572807931,bipolar,100.0,0.5-70 Hz,60 Hz,10.0,0.10949668138129826,536.0566819625401,2.9301404478828936,2.9328396243214057,False,False
9882a6ab-26b1-4c7c-8df0-b8a187a6a038,191,88376,grda,lpd,0,GRDA,1,False,580.8,0,2,326.4549097949365,bipolar,100.0,0.5-70 Hz,60 Hz,10.0,0.10910086278013487,527.7306447979579,2.9068105704432785,2.9123113257704976,False,False
9882a6ab-26b1-4c7c-8df0-b8a187a6a038,192,51924,lpd,lrda,0,LPD,1,False,1627.2,0,1,349.29578658427204,bipolar,100.0,0.5-70 Hz,60 Hz,10.0,0.1083282936689332,514.7053648202183,2.8989362776133087,2.8893676471895695,False,False
9882a6ab-26b1-4c7c-8df0-b8a187a6a038,193,35353,sz,lrda,0,Other,0,False,3594.1,0,3,69.01373765395068,bipolar,100.0,0.5-70 Hz,60 Hz,10.0,0.10894195643848792,506.0940946959,2.8846776812806096,2.8822476526690117,False,False
9882a6ab-26b1-4c7c-8df0-b8a187a6a038,194,46922,grda,gpd,0,GRDA,1,False,2058.3,0,0,43.006281800604754,bipolar,100.0,0.5-70 Hz,60 Hz,10.0,0.10822574678911967,336.99740109226366,2.9200523448384437,2.868648126158838,False,False
9882a6ab-26b1-4c7c-8df0-b8a187a6a038,195,70790,grda,gpd,0,Other,0,False,670.3,0,0,33.72964078054885,bipolar,100.0,0.5-70 Hz,60 Hz,10.0,0.10890767403643536,374.50951270794536,2.8760450728647897,2.895260538192491,False,False
9882a6ab-26b1-4c7c-8df0-b8a187a6a038,196,46177,grda,gpd,0,Other,0,False,761.1,0,2,421.28968742586716,bipolar,100.0,0.5-70 Hz,60 Hz,10.0,0.10943200017089139,410.0921041673607,2.8448815901841096,2.857799525548314,False,False
9882a6ab-26b1-4c7c-8df0-b8a187a6a038,197,85296,grda,gpd,0,GRDA,1,False,387.0,0,0,129.51131367634574,bipolar,100.0,0.5-70 Hz,60 Hz,10.0,0.10943480408880296,387.58828502457254,2.8229115834806446,2.828486958940408,False,False
9882a6ab-26b1-4c7c-8df0-b8a187a6a038,198,44156,gpd,grda,0,GPD,1,False,550.5,0,2,54.68839036162588,bipolar,100.0,0.5-70 Hz,60 Hz,10.0,0.10954761489825865,366.614390327838,2.8249421247209057,2.807135143665967,False,False
9882a6ab-26b1-4c7c-8df0-b8a187a6a038,199,40550,sz,grda,0,GRDA,0,True,316.9,0,1,34.26593268386104,bipolar,100.0,0.5-70 Hz,60 Hz,10.0,0.10993500759079528,353.0751829324545,2.8105139655088083,2.810243139416559,False,False
9882a6ab-26b1-4c7c-8df0-b8a187a6a038,200,42952,lrda,gpd,0,GRDA,0,False,662.1,0,2,56.45118589223662,bipolar,100.0,0.5-70 Hz,60 Hz,10.0,0.09951458664958268,328.64926127396893,2.790937944040624,2.795678785779176,False,False
9882a6ab-26b1-4c7c-8df0-b8a187a6a038,201,89162,grda,lpd,0,GRDA,1,False,204.1,0,1,164.93271952757067,bipolar,100.0,0.5-70 Hz,60 Hz,10.0,0.09977212715371536,307.0879694339784,2.7729606222114223,2.7761160634017803,False,False
9882a6ab-26b1-4c7c-8df0-b8a187a6a038,202,63709,iic,other,1,Other,1,True,330.1,0,3,32.83654196322962,bipolar,100.0,0.5-70 Hz,60 Hz,10.0,0.10079818021405468,309.43249304421363,2.769270969153676,2.7585146398079443,False,False
9882a6ab-26b1-4c7c-8df0-b8a187a6a038,203,39281,sz,seizure,1,Seizure,1,True,212.4,0,1,129.41242696101835,bipolar,100.0,0.5-70 Hz,60 Hz,10.0,0.10006599073276606,301.135021481064,2.758232616435802,2.755460271814937,False,False
9882a6ab-26b1-4c7c-8df0-b8a187a6a038,204,37451,grda,gpd,0,LPD,0,False,221.2,0,1,108.80250205267419,bipolar,100.0,0.5-70 Hz,60 Hz,10.0,0.09997186189317475,315.7641886969622,2.734214474550986,2.745065483157017,False,False
9882a6ab-26b1-4c7c-8df0-b8a187a6a038,205,39106,lrda,gpd,0,Other,0,False,728.9,0,2,178.13881081287641,bipolar,100.0,0.5-70 Hz,60 Hz,10.0,0.09729292588316585,599.9999999999999,2.7320548350362928,2.7206816067646913,True,False
9882a6ab-26b1-4c7c-8df0-b8a187a6a038,206,47424,iic,lpd,0,LRDA,0,False,1238.8,0,2,49.22014799291177,bipolar,100.0,0.5-70 Hz,60 Hz,10.0,0.09649969213097648,586.4252374907509,2.7099710411816718,2.716174829770777,False,False
9882a6ab-26b1-4c7c-8df0-b8a187a6a038,207,63121,iic,grda,0,Other,1,False,361.6,0,0,103.6022177892095,bipolar,100.0,0.5-70 Hz,60 Hz,10.0,0.0972028088268615,576.3537364590271,2.72072514369914,2.6949132680819448,False,False
9882a6ab-26b1-4c7c-8df0-b8a187a6a038,208,47882,iic,lpd,0,GPD,0,False,404.0,0,0,128.58128741620928,bipolar,100.0,0.5-70 Hz,60 Hz,10.0,0.0970504111459966,539.4981365437686,2.7048714160434457,2.70595609189316,False,False
9882a6ab-26b1-4c7c-8df0-b8a187a6a038,209,49579,iic,other,1,Other,1,True,317.3,0,4,271.02816069790697,bipolar,100.0,0.5-70 Hz,60 Hz,10.0,0.098220686213981,513.7738755069826,2.715621014536794,2.690012526596948,False,False
9882a6ab-26b1-4c7c-8df0-b8a187a6a038,210,47933,iic,lpd,0,Other,1,False,499.4,0,0,130.69583540339556,bipolar,100.0,0.5-70 Hz,60 Hz,10.0,0.10506742042278983,477.7668374736262,2.7297317313090637,2.7011990008428035,False,False
9882a6ab-26b1-4c7c-8df0-b8a187a6a038,211,48271,sz,seizure,1,Seizure,1,True,652.9,0,1,41.652369113838674,bipolar,100.0,0.5-70 Hz,60 Hz,10.0,0.10823779496219627,470.32472134666625,2.7138225233188282,2.7165261662834452,False,False
9882a6ab-26b1-4c7c-8df0-b8a187a6a038,212,51187,iic,grda,0,GRDA,0,True,306.7,0,0,200.6761745533573,bipolar,100.0,0.5-70 Hz,60 Hz,10.0,0.10985642689996411,419.21865646323687,2.703284347363987,2.6993394880092905,False,False
9882a6ab-26b1-4c7c-8df0-b8a187a6a038,213,46043,iic,other,1,Other,1,True,216.0,0,1,25.705062656555885,bipolar,100.0,0.5-70 Hz,60 Hz,10.0,0.1101151237819033,384.7634980304868,2.711317660407893,2.6882734417884224,False,False
9882a6ab-26b1-4c7c-8df0-b8a187a6a038,214,45851,iic,gpd,0,GPD,0,True,182.4,0,0,405.9342253015586,bipolar,100.0,0.5-70 Hz,60 Hz,10.0,0.09877151972361276,423.3573658676937,2.5827475335553216,2.6969328577932585,False,False
9882a6ab-26b1-4c7c-8df0-b8a187a6a038,215,45297,iic,lrda,0,GPD,0,False,303.0,0,5,88.75229264403227,bipolar,100.0,0.5-70 Hz,60 Hz,10.0,0.1042376418371887,372.2880942079455,2.5814478034638064,2.5704266914211726,False,False
9882a6ab-26b1-4c7c-8df0-b8a187a6a038,216,68637,sz,lrda,0,LRDA,0,True,379.7,0,2,135.01151667205187,bipolar,100.0,0.5-70 Hz,60 Hz,10.0,0.10432037290574603,374.0902469986992,2.5692976681035598,2.568861920989398,False,False
9882a6ab-26b1-4c7c-8df0-b8a187a6a038,217,22837,sz,seizure,1,Seizure,1,True,926.8,0,2,134.85987686504296,bipolar,100.0,0.5-70 Hz,60 Hz,10.0,0.10446758085388119,354.4953172362036,2.5673476994496935,2.5567158682529714,False,False
9882a6ab-26b1-4c7c-8df0-b8a187a6a038,218,61619,lrda,lrda,1,LRDA,1,True,1207.4,0,0,48.891645444840385,bipolar,100.0,0.5-70 Hz,60 Hz,10.0,0.09646535041520193,357.9627258931344,2.545484291290604,2.5543660276864597,False,False
9882a6ab-26b1-4c7c-8df0-b8a187a6a038,219,68092,sz,lpd,0,Seizure,1,False,393.6,0,0,22.251436375238086,bipolar,100.0,0.5-70 Hz,60 Hz,10.0,0.10307815807239518,327.84250516695874,2.551259123766703,2.5333538219901244,False,False
9882a6ab-26b1-4c7c-8df0-b8a187a6a038,220,21566,gpd,grda,0,GPD,1,False,402.6,0,4,327.89022912129707,bipolar,100.0,0.5-70 Hz,60 Hz,10.0,0.10450017753134255,332.61461215434406,2.536125476352263,2.5387707048761974,False,False
9882a6ab-26b1-4c7c-8df0-b8a187a6a038,221,64650,grda,other,0,GRDA,1,False,303.1,0,0,292.4023511525731,bipolar,100.0,0.5-70 Hz,60 Hz,10.0,0.09763846447824681,335.54466229868,2.5286919559133603,2.5242267221447436,False,False
9882a6ab-26b1-4c7c-8df0-b8a187a6a038,222,37521,lrda,gpd,0,LRDA,1,False,382.2,0,3,72.99263792648259,bipolar,100.0,0.5-70 Hz,60 Hz,10.0,0.09797308179268444,599.9999999999999,2.4940054783526437,2.517434589366949,True,False
9882a6ab-26b1-4c7c-8df0-b8a187a6a038,223,86496,lrda,lrda,1,LRDA,1,True,1343.2,0,1,39.23144573009602,bipolar,100.0,0.5-70 Hz,60 Hz,10.0,0.09375530517223751,590.467558202819,2.4701308092814527,2.4818933138121246,False,False
9882a6ab-26b1-4c7c-8df0-b8a187a6a038,224,86763,lrda,lrda,1,GPD,0,False,519.0,0,1,95.89900702081914,bipolar,100.0,0.5-70 Hz,60 Hz,10.0,0.09872138774569472,500.2593143582652,2.5058837932070053,2.4592723411690907,False,False
9882a6ab-26b1-4c7c-8df0-b8a187a6a038,225,44977,gpd,seizure,0,Other,0,False,667.8,0,1,305.6697540411054,bipolar,100.0,0.5-70 Hz,60 Hz,10.0,0.0997184335382163,487.04429819437354,2.485140362330192,2.495489052138699,False,False
9882a6ab-26b1-4c7c-8df0-b8a187a6a038,226,37612,sz,gpd,0,LRDA,0,False,26925.7,0,2,324.29734421598687,bipolar,100.0,0.5-70 Hz,60 Hz,10.0,0.0972020689385516,391.8158126610542,2.431706628379871,2.474976452513009,False,False
9882a6ab-26b1-4c7c-8df0-b8a187a6a038,227,67611,sz,gpd,0,GPD,0,True,842.3,0,1,72.46666959507058,bipolar,100.0,0.5-70 Hz,60 Hz,10.0,0.09735443397347049,358.1977138254195,2.424476916462465,2.4199772761259317,False,False
9882a6ab-26b1-4c7c-8df0-b8a187a6a038,228,54035,iic,gpd,0,LPD,0,False,296.2,0,2,117.87986152301065,bipolar,100.0,0.5-70 Hz,60 Hz,10.0,0.09785139079926375,351.35825537399285,2.4076878422470123,2.413814976220538,False,False
9882a6ab-26b1-4c7c-8df0-b8a187a6a038,229,60915,sz,grda,0,Seizure,1,False,298.6,0,0,49.3172761649458,bipolar,100.0,0.5-70 Hz,60 Hz,10.0,0.09788630372451645,392.8181386437052,2.388867690312524,2.3972835312870844,False,False
9882a6ab-26b1-4c7c-8df0-b8a187a6a038,230,35177,sz,grda,0,Seizure,1,False,330.5,0,2,73.44313723519859,bipolar,100.0,0.5-70 Hz,60 Hz,10.0,0.09614279394037861,317.62441940036973,2.3628248526436675,2.3792261053351402,False,False
9882a6ab-26b1-4c7c-8df0-b8a187a6a038,231,49337,sz,grda,0,Seizure,1,False,230.2,0,3,103.80804908967214,bipolar,100.0,0.5-70 Hz,60 Hz,10.0,0.10014552630509299,599.9999999999999,2.40934355740511,2.352843168763309,True,False
9882a6ab-26b1-4c7c-8df0-b8a187a6a038,232,31149,lrda,seizure,0,GPD,0,False,322.8,0,1,202.04105785606177,bipolar,100.0,0.5-70 Hz,60 Hz,10.0,0.10037616830557278,593.9731901983171,2.4033062898876048,2.399309911751576,False,False
9882a6ab-26b1-4c7c-8df0-b8a187a6a038,233,65579,sz,gpd,0,GPD,0,True,222.2,0,1,163.45696996062694,bipolar,100.0,0.5-70 Hz,60 Hz,10.0,0.09868445724947411,587.4946771428225,2.3788418891928904,2.3939165644825495,False,False
9882a6ab-26b1-4c7c-8df0-b8a187a6a038,234,55316,lrda,lrda,1,LRDA,1,True,221.4,0,0,39.0258670554176,bipolar,100.0,0.5-70 Hz,60 Hz,10.0,0.0988739469626761,578.2673055729992,2.3772015350165034,2.369835454804154,False,False
9882a6ab-26b1-4c7c-8df0-b8a187a6a038,235,56547,iic,grda,0,GPD,0,False,181.7,0,1,105.9305978550753,bipolar,100.0,0.5-70 Hz,60 Hz,10.0,0.09887118083316382,571.50727319106,2.3843735659004097,2.3687503876358544,False,False
9882a6ab-26b1-4c7c-8df0-b8a187a6a038,236,23733,sz,grda,0,LPD,0,False,206.4,0,1,31.933783709259863,bipolar,100.0,0.5-70 Hz,60 Hz,10.0,0.09576415310020664,552.0884155892678,2.3585340897648455,2.3758890981246608,False,False
9882a6ab-26b1-4c7c-8df0-b8a187a6a038,237,38614,lrda,gpd,0,GPD,0,True,382.7,0,0,255.86133221702312,bipolar,100.0,0.5-70 Hz,60 Hz,10.0,0.0959438197662158,534.0991590229528,2.3584423051648655,2.350404270296332,False,False
9882a6ab-26b1-4c7c-8df0-b8a187a6a038,238,40101,iic,gpd,0,GRDA,0,False,498.3,0,3,64.28226544888987,bipolar,100.0,0.5-70 Hz,60 Hz,10.0,0.09599559865114388,513.198927203161,2.368027502375106,2.3506042927183644,False,False
9882a6ab-26b1-4c7c-8df0-b8a187a6a038,239,20885,sz,grda,0,Other,0,False,1162.5,0,0,72.12184930007015,bipolar,100.0,0.5-70 Hz,60 Hz,10.0,0.09364499565836981,490.89782400793655,2.346214373332524,2.360280350436226,False,False
9882a6ab-26b1-4c7c-8df0-b8a187a6a038,240,68755,iic,lpd,0,LRDA,0,False,993.0,0,0,314.7270757755446,bipolar,100.0,0.5-70 Hz,60 Hz,10.0,0.09419270930925461,465.39589532198534,2.3512458029776306,2.3386849390629627,False,False
9882a6ab-26b1-4c7c-8df0-b8a187a6a038,241,24709,sz,seizure,1,LRDA,0,False,850.1,0,2,51.52849516896077,bipolar,100.0,0.5-70 Hz,60 Hz,10.0,0.09237670383722041,367.1665942128594,2.272954766776725,2.3435481455072145,False,False
9882a6ab-26b1-4c7c-8df0-b8a187a6a038,242,69772,sz,seizure,1,Seizure,1,True,470.9,0,2,47.54280943166219,bipolar,100.0,0.5-70 Hz,60 Hz,10.0,0.09117883610612515,395.53118819007557,2.279113445757555,2.2654792319568746,False,False
9882a6ab-26b1-4c7c-8df0-b8a187a6a038,243,63424,lrda,lrda,1,LRDA,1,True,209.4,0,2,106.37831176937347,bipolar,100.0,0.5-70 Hz,60 Hz,10.0,0.0911978315483663,384.14198515649025,2.2784773779984797,2.2721229198085493,False,False
9882a6ab-26b1-4c7c-8df0-b8a187a6a038,244,35481,sz,lrda,0,GPD,0,False,215.0,0,1,138.9014597195885,bipolar,100.0,0.5-70 Hz,60 Hz,10.0,0.08955660065517557,366.7874655014373,2.254344860265708,2.2715218337872223,False,False
9882a6ab-26b1-4c7c-8df0-b8a187a6a038,245,26501,sz,seizure,1,Seizure,1,True,212.5,0,1,108.63910465786302,bipolar,100.0,0.5-70 Hz,60 Hz,10.0,0.08888501552739958,382.5449923694887,2.2577021379871414,2.247728417411481,False,False
9882a6ab-26b1-4c7c-8df0-b8a187a6a038,246,56105,iic,other,1,Other,1,True,186.3,0,2,193.77466285444976,bipolar,100.0,0.5-70 Hz,60 Hz,10.0,0.0887595281529629,381.2046022123113,2.259983736631379,2.251086722250684,False,False
9882a6ab-26b1-4c7c-8df0-b8a187a6a038,247,63283,iic,lpd,0,LRDA,0,False,227.0,0,0,112.43581914540191,bipolar,100.0,0.5-70 Hz,60 Hz,10.0,0.08874966217995711,350.70419534924594,2.278682716245882,2.253261045499177,False,False
9882a6ab-26b1-4c7c-8df0-b8a187a6a038,248,44589,iic,gpd,0,LPD,0,False,253.4,0,4,53.26168940532209,bipolar,100.0,0.5-70 Hz,60 Hz,10.0,0.08878117007444625,312.1969045517187,2.3045755376707353,2.271193172188424,False,False
9882a6ab-26b1-4c7c-8df0-b8a187a6a038,249,61377,iic,gpd,0,GRDA,0,False,212.3,0,2,31.225102451331413,bipolar,100.0,0.5-70 Hz,60 Hz,10.0,0.08914567603428802,599.9999999999999,2.398210357308754,2.2959786976575556,True,False
9882a6ab-26b1-4c7c-8df0-b8a187a6a038,250,69219,iic,grda,0,GRDA,0,True,321.0,0,1,233.80316558718812,bipolar,100.0,0.5-70 Hz,60 Hz,10.0,0.09075587898106086,586.8081995321925,2.4183869642479014,2.3864148447223092,False,False
9882a6ab-26b1-4c7c-8df0-b8a187a6a038,251,40694,lrda,grda,0,GPD,0,False,251.8,0,0,57.01031145757019,bipolar,100.0,0.5-70 Hz,60 Hz,10.0,0.08780540303929413,581.3327210511918,2.3956214286297697,2.4102309252624576,False,False
9882a6ab-26b1-4c7c-8df0-b8a187a6a038,252,41050,iic,grda,0,Seizure,0,False,564.8,0,0,142.83782185911812,bipolar,100.0,0.5-70 Hz,60 Hz,10.0,0.08796359641630641,532.6042932080276,2.430370045475545,2.383811556497803,False,False
9882a6ab-26b1-4c7c-8df0-b8a187a6a038,253,56486,iic,grda,0,LRDA,0,False,1585.9,0,1,39.86725071393085,bipolar,100.0,0.5-70 Hz,60 Hz,10.0,0.08863001171380613,471.6704702300117,2.457675476599289,2.4176129974265432,False,False
9882a6ab-26b1-4c7c-8df0-b8a187a6a038,254,69793,iic,seizure,0,GPD,0,False,211.4,0,2,46.056043092381344,bipolar,100.0,0.5-70 Hz,60 Hz,10.0,0.09009848202845833,404.6433699128894,2.483196130678119,2.4437559472699153,False,False
9882a6ab-26b1-4c7c-8df0-b8a187a6a038,255,21022,iic,gpd,0,LRDA,0,False,317.5,0,1,44.91839370050598,bipolar,100.0,0.5-70 Hz,60 Hz,10.0,0.0921259950914542,321.6306509938269,2.518244073117025,2.467601053075584,False,False
9882a6ab-26b1-4c7c-8df0-b8a187a6a038,256,22728,iic,lrda,0,Seizure,0,False,825.4,0,1,137.22827418112357,bipolar,100.0,0.5-70 Hz,60 Hz,10.0,0.0907937158525216,599.9999999999999,2.4805282318179653,2.500872671611996,True,False
9882a6ab-26b1-4c7c-8df0-b8a187a6a038,257,85342,lrda,lrda,1,LRDA,1,True,646.1,0,1,299.14466678965925,bipolar,100.0,0.5-70 Hz,60 Hz,10.0,0.09122784661245775,593.4856725861525,2.4885025814843797,2.47416657328796,False,False
9882a6ab-26b1-4c7c-8df0-b8a187a6a038,258,62063,iic,gpd,0,Other,1,False,730.1,0,1,58.810635944298255,bipolar,100.0,0.5-70 Hz,60 Hz,10.0,0.09396982082191874,482.39905368611073,2.4298476118438783,2.47449823350735,False,False
9882a6ab-26b1-4c7c-8df0-b8a187a6a038,259,34589,iic,seizure,0,Other,1,False,403.0,0,3,179.15346487416411,bipolar,100.0,0.5-70 Hz,60 Hz,10.0,0.09392322465484976,478.550075383601,2.423427596812825,2.419397428325974,False,False
9882a6ab-26b1-4c7c-8df0-b8a187a6a038,260,41440,iic,lpd,0,Other,1,False,365.6,0,0,118.66124222395872,bipolar,100.0,0.5-70 Hz,60 Hz,10.0,0.09383336628639316,460.7559136966237,2.418533024691044,2.413884819636621,False,False
9882a6ab-26b1-4c7c-8df0-b8a187a6a038,261,62785,iic,grda,0,LPD,0,False,398.8,0,2,333.01433690099316,bipolar,100.0,0.5-70 Hz,60 Hz,10.0,0.09349699559375418,481.7082996082398,2.4118636189486464,2.409013302220726,False,False
9882a6ab-26b1-4c7c-8df0-b8a187a6a038,262,20870,iic,grda,0,GRDA,0,True,1160.0,0,3,50.64993560436411,bipolar,100.0,0.5-70 Hz,60 Hz,10.0,0.09185147730231269,506.8569029873987,2.406429312012781,2.4034260517990633,False,False
9882a6ab-26b1-4c7c-8df0-b8a187a6a038,263,27416,sz,grda,0,GRDA,0,True,6214.2,0,1,101.10683682288696,bipolar,100.0,0.5-70 Hz,60 Hz,10.0,0.08461592501704757,499.87326908862536,2.395042328209953,2.400752329043752,False,False
9882a6ab-26b1-4c7c-8df0-b8a187a6a038,264,51681,iic,lrda,0,Seizure,0,False,1122.8,0,2,143.36497736097363,bipolar,100.0,0.5-70 Hz,60 Hz,10.0,0.08868433797674075,496.2964391020624,2.3832811249865866,2.3868792814741884,False,False
9882a6ab-26b1-4c7c-8df0-b8a187a6a038,265,63392,iic,lpd,0,LPD,0,True,428.8,0,1,34.04979379460063,bipolar,100.0,0.5-70 Hz,60 Hz,10.0,0.08889647276290336,511.62514267780153,2.3822603727040734,2.375521288113359,False,False
9882a6ab-26b1-4c7c-8df0-b8a187a6a038,266,60073,iic,gpd,0,GPD,0,True,229.5,0,3,252.32938367053563,bipolar,100.0,0.5-70 Hz,60 Hz,10.0,0.08903916187577154,515.9019879485961,2.3828492370331875,2.374486568508101,False,False
9882a6ab-26b1-4c7c-8df0-b8a187a6a038,267,22729,iic,grda,0,GPD,0,False,531.5,0,0,110.57083180693374,bipolar,100.0,0.5-70 Hz,60 Hz,10.0,0.0891014370286558,511.1419837981448,2.3810398580437293,2.375370339094528,False,False
9882a6ab-26b1-4c7c-8df0-b8a187a6a038,268,51200,iic,lrda,0,LRDA,0,True,357.3,0,3,290.63433140323025,bipolar,100.0,0.5-70 Hz,60 Hz,10.0,0.08914452822362984,497.96733078310467,2.3806130312619205,2.3736968473574787,False,False
9882a6ab-26b1-4c7c-8df0-b8a187a6a038,269,59456,lrda,grda,0,GRDA,0,True,214.6,0,1,39.93521873167666,bipolar,100.0,0.5-70 Hz,60 Hz,10.0,0.08855132036072305,492.36784889507067,2.3759366245550595,2.374758942136458,False,False
9882a6ab-26b1-4c7c-8df0-b8a187a6a038,270,35617,iic,other,1,LPD,0,False,216.4,0,4,319.7095356250336,bipolar,100.0,0.5-70 Hz,60 Hz,10.0,0.08840837638642657,472.48622732415083,2.3762289650197057,2.3687180576944744,False,False
9882a6ab-26b1-4c7c-8df0-b8a187a6a038,271,64862,iic,grda,0,GRDA,0,True,196.4,0,1,54.11185790832246,bipolar,100.0,0.5-70 Hz,60 Hz,10.0,0.08814416917136814,439.6776730392337,2.3818166213868643,2.36906508318906,False,False
9882a6ab-26b1-4c7c-8df0-b8a187a6a038,272,51960,iic,lrda,0,LPD,0,False,213.1,0,4,201.2170411297371,bipolar,100.0,0.5-70 Hz,60 Hz,10.0,0.08785834719245095,410.74153836408743,2.3826656770162002,2.3746567932657876,False,False
9882a6ab-26b1-4c7c-8df0-b8a187a6a038,273,40526,iic,gpd,0,LPD,0,False,322.0,0,1,82.54725444465906,bipolar,100.0,0.5-70 Hz,60 Hz,10.0,0.08755279357535417,386.21322161663767,2.3812685188971336,2.3762412511010202,False,False
9882a6ab-26b1-4c7c-8df0-b8a187a6a038,274,86261,lrda,lrda,1,LRDA,1,True,308.9,0,2,60.40811753343146,bipolar,100.0,0.5-70 Hz,60 Hz,10.0,0.08794908136957585,373.98011952319956,2.391630207474818,2.375245327275205,False,False
9882a6ab-26b1-4c7c-8df0-b8a187a6a038,275,35257,sz,grda,0,GRDA,0,True,1047.2,0,0,516.0098809383906,bipolar,100.0,0.5-70 Hz,60 Hz,10.0,0.08283089186731779,361.6647329492679,2.3779676309064355,2.3859449447079157,False,False
9882a6ab-26b1-4c7c-8df0-b8a187a6a038,276,69755,lrda,lrda,1,LRDA,1,True,11288.8,0,2,32.63341638057751,bipolar,100.0,0.5-70 Hz,60 Hz,10.0,0.08277622254472505,344.12539934440497,2.390334994300947,2.372578836723997,False,False
9882a6ab-26b1-4c7c-8df0-b8a187a6a038,277,84687,lrda,lrda,1,LRDA,1,True,1040.2,0,1,328.5601340924436,bipolar,100.0,0.5-70 Hz,60 Hz,10.0,0.08271929482036938,323.42173835189317,2.401835263693156,2.3852674866491537,False,False
9882a6ab-26b1-4c7c-8df0-b8a187a6a038,278,45494,sz,seizure,1,Seizure,1,True,306.5,0,1,43.78073064091904,bipolar,100.0,0.5-70 Hz,60 Hz,10.0,0.07395626517617554,318.88629264824965,2.386316372750757,2.3965596830340634,False,False
9882a6ab-26b1-4c7c-8df0-b8a187a6a038,279,88393,lrda,lrda,1,LRDA,1,True,224.4,0,1,110.66602930819597,bipolar,100.0,0.5-70 Hz,60 Hz,10.0,0.07585090602392891,599.9999999999999,2.3265595306414464,2.381444910526479,True,False
9882a6ab-26b1-4c7c-8df0-b8a187a6a038,280,84698,lrda,lpd,0,LPD,0,True,196.5,0,1,350.36133522476786,bipolar,100.0,0.5-70 Hz,60 Hz,10.0,0.0759406373318009,487.8860233620658,2.2852057858288144,2.3217834304188743,False,False
9882a6ab-26b1-4c7c-8df0-b8a187a6a038,281,63112,lrda,grda,0,LPD,0,False,222.6,0,1,111.69349125185467,bipolar,100.0,0.5-70 Hz,60 Hz,10.0,0.07594553180672126,474.24171657186093,2.2803287990598533,2.280585814926204,False,False
9882a6ab-26b1-4c7c-8df0-b8a187a6a038,282,49249,lrda,gpd,0,LPD,0,False,213.9,0,1,115.85855512269775,bipolar,100.0,0.5-70 Hz,60 Hz,10.0,0.07594140520044257,457.62823803894423,2.276703269819494,2.2761832161612867,False,False
9882a6ab-26b1-4c7c-8df0-b8a187a6a038,283,56180,sz,lrda,0,LRDA,0,True,225.4,0,2,116.65312482260643,bipolar,100.0,0.5-70 Hz,60 Hz,10.0,0.07601318638121352,453.9591261097532,2.2713153910284434,2.272847370499423,False,False
9882a6ab-26b1-4c7c-8df0-b8a187a6a038,284,63406,lrda,gpd,0,GPD,0,True,338.8,0,1,101.07575687560804,bipolar,100.0,0.5-70 Hz,60 Hz,10.0,0.07607711555770696,419.9634060867318,2.2710088282492418,2.2675739700904813,False,False
9882a6ab-26b1-4c7c-8df0-b8a187a6a038,285,65955,sz,gpd,0,Seizure,1,False,659.6,0,2,36.26409188901594,bipolar,100.0,0.5-70 Hz,60 Hz,10.0,0.07599381989814663,408.5803043016902,2.2632011216065204,2.267312769091,False,False
9882a6ab-26b1-4c7c-8df0-b8a187a6a038,286,85268,lrda,gpd,0,GPD,0,True,1146.8,0,2,105.51570399089864,bipolar,100.0,0.5-70 Hz,60 Hz,10.0,0.0760414162997653,382.3523418740024,2.2622874633924814,2.2595930002414177,False,False
9882a6ab-26b1-4c7c-8df0-b8a187a6a038,287,85411,lrda,lrda,1,LRDA,1,True,2526.3,0,1,59.26145982851759,bipolar,100.0,0.5-70 Hz,60 Hz,10.0,0.07607459740830308,397.69740731175693,2.264538559995612,2.258823209581935,False,False
9882a6ab-26b1-4c7c-8df0-b8a187a6a038,288,38648,lrda,grda,0,LPD,0,False,1664.9,0,1,38.25602401128599,bipolar,100.0,0.5-70 Hz,60 Hz,10.0,0.07628970101611793,352.08205678080947,2.267847141659111,2.260938506577701,False,False
9882a6ab-26b1-4c7c-8df0-b8a187a6a038,289,65293,lrda,grda,0,LRDA,1,False,211.6,0,2,27.00866658004151,bipolar,100.0,0.5-70 Hz,60 Hz,10.0,0.07576006837692845,458.683315661682,2.2380489747772327,2.264174230508325,False,False
9882a6ab-26b1-4c7c-8df0-b8a187a6a038,290,88615,sz,seizure,1,Seizure,1,True,309.9,0,1,69.22043935957554,bipolar,100.0,0.5-70 Hz,60 Hz,10.0,0.07573494404712983,451.55995260211404,2.2323374008580883,2.2347146301211085,False,False
9882a6ab-26b1-4c7c-8df0-b8a187a6a038,291,84705,lrda,lrda,1,LRDA,1,True,199.7,0,1,129.57651576888463,bipolar,100.0,0.5-70 Hz,60 Hz,10.0,0.07568259564520213,469.0180033851487,2.2329943248535304,2.229196140400576,False,False
9882a6ab-26b1-4c7c-8df0-b8a187a6a038,292,85408,sz,seizure,1,Seizure,1,True,292.9,0,2,139.38650711931535,bipolar,100.0,0.5-70 Hz,60 Hz,10.0,0.07551971307990929,457.58050503931895,2.2285914696829536,2.2299614855008327,False,False
9882a6ab-26b1-4c7c-8df0-b8a187a6a038,293,88264,lrda,lrda,1,LRDA,1,True,377.9,0,4,129.3880166612852,bipolar,100.0,0.5-70 Hz,60 Hz,10.0,0.0753537179658636,471.34331536081044,2.2304335032669798,2.225674767868869,False,False
9882a6ab-26b1-4c7c-8df0-b8a187a6a038,294,87764,sz,seizure,1,Seizure,1,True,348.9,0,3,48.0295046226608,bipolar,100.0,0.5-70 Hz,60 Hz,10.0,0.07499376683619674,454.4586556648456,2.2276252369762926,2.227642875652448,False,False
9882a6ab-26b1-4c7c-8df0-b8a187a6a038,295,86612,lrda,lrda,1,LRDA,1,True,205.6,0,2,112.44659661497965,bipolar,100.0,0.5-70 Hz,60 Hz,10.0,0.07479974781749416,467.299258126741,2.231673072408485,2.224817385851619,False,False
9882a6ab-26b1-4c7c-8df0-b8a187a6a038,296,36463,lrda,lpd,0,LRDA,1,False,201.3,0,2,103.072744701783,bipolar,100.0,0.5-70 Hz,60 Hz,10.0,0.074598846120493,475.77263284225313,2.236625138608658,2.228965027655477,False,False
9882a6ab-26b1-4c7c-8df0-b8a187a6a038,297,51306,lrda,lrda,1,LPD,0,False,376.2,0,0,278.42742437719335,bipolar,100.0,0.5-70 Hz,60 Hz,10.0,0.07522841932391122,392.4192480734953,2.196722872311073,2.2339629881108065,False,False
9882a6ab-26b1-4c7c-8df0-b8a187a6a038,298,68479,sz,lpd,0,LRDA,0,False,209.3,0,0,171.8056787733748,bipolar,100.0,0.5-70 Hz,60 Hz,10.0,0.07556898710487692,402.003134838824,2.1898206047469895,2.193990878568852,False,False
9882a6ab-26b1-4c7c-8df0-b8a187a6a038,299,37805,sz,gpd,0,LPD,0,False,185.5,0,2,337.94589927241,bipolar,100.0,0.5-70 Hz,60 Hz,10.0,0.07568319920281658,408.60777699358607,2.1824192317498614,2.1872358982252313,False,False
9882a6ab-26b1-4c7c-8df0-b8a187a6a038,300,60313,sz,gpd,0,GPD,0,True,200.0,0,2,35.25386746842963,bipolar,100.0,0.5-70 Hz,60 Hz,10.0,0.07552934634971825,401.38097865293764,2.1770643570687676,2.179947409019616,False,False
9882a6ab-26b1-4c7c-8df0-b8a187a6a038,301,85309,sz,seizure,1,Seizure,1,True,197.9,0,1,123.37262121084026,bipolar,100.0,0.5-70 Hz,60 Hz,10.0,0.07526810123940653,386.13218777898334,2.1729307162794687,2.1746418062499866,False,False
9882a6ab-26b1-4c7c-8df0-b8a187a6a038,302,40992,lrda,gpd,0,GPD,0,True,470.6,0,0,172.2592599225639,bipolar,100.0,0.5-70 Hz,60 Hz,10.0,0.07540902318833542,371.6907874372427,2.1720251049990402,2.1705448504610874,False,False
9882a6ab-26b1-4c7c-8df0-b8a187a6a038,303,38677,sz,gpd,0,GPD,0,True,359.7,0,4,158.40595344247237,bipolar,100.0,0.5-70 Hz,60 Hz,10.0,0.07519931694507481,359.73374915060856,2.1651642410517806,2.1696356137782358,False,False
9882a6ab-26b1-4c7c-8df0-b8a187a6a038,304,36886,sz,lpd,0,Seizure,1,False,1018.3,0,1,48.8175388024862,bipolar,100.0,0.5-70 Hz,60 Hz,10.0,0.07554056502328665,361.12673459384683,2.1680988932842147,2.162825974845656,False,False
9882a6ab-26b1-4c7c-8df0-b8a187a6a038,305,34228,lrda,grda,0,GRDA,0,True,309.9,0,2,187.4805258119135,bipolar,100.0,0.5-70 Hz,60 Hz,10.0,0.07575898336896658,340.1874639096929,2.1682239088961945,2.1658880509893277,False,False
9882a6ab-26b1-4c7c-8df0-b8a187a6a038,306,86795,sz,seizure,1,GPD,0,False,344.3,0,2,290.4242112471318,bipolar,100.0,0.5-70 Hz,60 Hz,10.0,0.07590844112267936,379.96017099972545,2.1586125897517654,2.165990653874222,False,False
9882a6ab-26b1-4c7c-8df0-b8a187a6a038,307,35818,sz,lrda,0,LRDA,0,True,309.0,0,1,333.38759997613835,bipolar,100.0,0.5-70 Hz,60 Hz,10.0,0.07594564426131994,370.4062411447997,2.156171201923757,2.156373913101224,False,False
9882a6ab-26b1-4c7c-8df0-b8a187a6a038,308,85931,sz,seizure,1,Seizure,1,True,324.7,0,0,224.75999948318247,bipolar,100.0,0.5-70 Hz,60 Hz,10.0,0.0759193032092429,369.36333776096075,2.1497761692575015,2.154006369161961,False,False
9882a6ab-26b1-4c7c-8df0-b8a187a6a038,309,45464,sz,lpd,0,LPD,0,True,216.1,0,2,136.12772602246773,bipolar,100.0,0.5-70 Hz,60 Hz,10.0,0.0759302737626299,353.3677285584514,2.1479379701501253,2.1476989124605033,False,False
9882a6ab-26b1-4c7c-8df0-b8a187a6a038,310,46398,lrda,gpd,0,Seizure,0,False,584.0,0,2,37.20153648928415,bipolar,100.0,0.5-70 Hz,60 Hz,10.0,0.07595373418188589,337.17846513611,2.146837970746054,2.1458980441646522,False,False
9882a6ab-26b1-4c7c-8df0-b8a187a6a038,311,53316,sz,seizure,1,Seizure,1,True,916.2,0,3,90.64157847164428,bipolar,100.0,0.5-70 Hz,60 Hz,10.0,0.075916167553714,334.2485055939333,2.1407693995939807,2.144785049181822,False,False
9882a6ab-26b1-4c7c-8df0-b8a187a6a038,312,30132,sz,lpd,0,GRDA,0,False,737.5,0,4,118.88448232298828,bipolar,100.0,0.5-70 Hz,60 Hz,10.0,0.07591017925594756,315.695965886608,2.138600718827828,2.1387735633423244,False,False
9882a6ab-26b1-4c7c-8df0-b8a187a6a038,313,88087,sz,seizure,1,Seizure,1,True,1393.0,0,4,109.41679583023976,bipolar,100.0,0.5-70 Hz,60 Hz,10.0,0.07587276136728771,310.82873892457474,2.132965732241046,2.1366880329390674,False,False
9882a6ab-26b1-4c7c-8df0-b8a187a6a038,314,51824,sz,lpd,0,Other,0,False,6111.4,0,1,123.80855836341168,bipolar,100.0,0.5-70 Hz,60 Hz,10.0,0.07759298211001592,599.9999999999999,2.0261219496455234,2.131065860624781,True,False
9882a6ab-26b1-4c7c-8df0-b8a187a6a038,315,84820,lrda,gpd,0,GPD,0,True,490.2,0,1,43.423910275049316,bipolar,100.0,0.5-70 Hz,60 Hz,10.0,0.07944107153242247,594.2415332659065,2.0331258978525746,2.023609068471572,False,False
9882a6ab-26b1-4c7c-8df0-b8a187a6a038,316,87602,lrda,lpd,0,LPD,0,True,200.6,0,5,47.00755110772293,bipolar,100.0,0.5-70 Hz,60 Hz,10.0,0.08126771824937523,577.8880863121414,2.04001330132533,2.030738834584868,False,False
9882a6ab-26b1-4c7c-8df0-b8a187a6a038,317,55237,lrda,lpd,0,LPD,0,True,183.4,0,1,260.5795711921313,bipolar,100.0,0.5-70 Hz,60 Hz,10.0,0.08233039144268156,544.3427816849503,2.050321840274466,2.0376680328448753,False,False
9882a6ab-26b1-4c7c-8df0-b8a187a6a038,318,85159,lrda,seizure,0,LPD,0,False,203.5,0,1,268.9818810229385,bipolar,100.0,0.5-70 Hz,60 Hz,10.0,0.08270821283004864,506.6980683356313,2.0586418272047764,2.0479361566468457,False,False
9882a6ab-26b1-4c7c-8df0-b8a187a6a038,319,28457,lrda,grda,0,LRDA,1,False,305.1,0,3,101.24215426871754,bipolar,100.0,0.5-70 Hz,60 Hz,10.0,0.08236118700768702,571.7172961815297,2.023698469940047,2.056170120581052,False,False
9882a6ab-26b1-4c7c-8df0-b8a187a6a038,320,88483,sz,seizure,1,Seizure,1,True,205.8,0,0,36.64741148295369,bipolar,100.0,0.5-70 Hz,60 Hz,10.0,0.08225245776989015,569.8506145614465,2.0191404656991327,2.0220604761260494,False,False
9882a6ab-26b1-4c7c-8df0-b8a187a6a038,321,87283,lrda,lpd,0,LPD,0,True,720.3,0,2,36.82964950373514,bipolar,100.0,0.5-70 Hz,60 Hz,10.0,0.08258335045395715,551.2536135402036,2.02154363877398,2.017499391849002,False,False
9882a6ab-26b1-4c7c-8df0-b8a187a6a038,322,84794,lrda,grda,0,GRDA,0,True,1257.5,0,0,106.95450160590708,bipolar,100.0,0.5-70 Hz,60 Hz,10.0,0.0829164347598822,527.7206335920489,2.023677415960629,2.0199942753443096,False,False
9882a6ab-26b1-4c7c-8df0-b8a187a6a038,323,27206,sz,lpd,0,LPD,0,True,303.8,0,1,111.41889860338487,bipolar,100.0,0.5-70 Hz,60 Hz,10.0,0.08273889236427029,523.6727757873651,2.017062920578363,2.0221392732732886,False,False
9882a6ab-26b1-4c7c-8df0-b8a187a6a038,324,85856,sz,seizure,1,Seizure,1,True,217.3,0,1,118.11019767265078,bipolar,100.0,0.5-70 Hz,60 Hz,10.0,0.0825563101975535,518.8280156945713,2.0127135209402875,2.0155321040318346,False,False
9882a6ab-26b1-4c7c-8df0-b8a187a6a038,325,69263,sz,lpd,0,LPD,0,True,436.3,0,1,136.32232531611197,bipolar,100.0,0.5-70 Hz,60 Hz,10.0,0.08237508385031994,503.1165066046271,2.006978690224243,2.0112217813839552,False,False
9882a6ab-26b1-4c7c-8df0-b8a187a6a038,326,52522,sz,lpd,0,Seizure,1,False,208.6,0,1,58.2183953384039,bipolar,100.0,0.5-70 Hz,60 Hz,10.0,0.08244563437465008,515.888360987451,2.0086601286481836,2.005507378207982,False,False
9882a6ab-26b1-4c7c-8df0-b8a187a6a038,327,84837,lrda,grda,0,LRDA,1,False,220.9,0,2,115.09731488550696,bipolar,100.0,0.5-70 Hz,60 Hz,10.0,0.07699425563006651,563.3699083193516,1.996031722714601,2.007163704131632,False,False
9882a6ab-26b1-4c7c-8df0-b8a187a6a038,328,86955,sz,other,0,Seizure,1,False,865.0,0,2,35.71330788419092,bipolar,100.0,0.5-70 Hz,60 Hz,10.0,0.07569727984284519,546.9387031649421,1.993139095675813,1.994655602605015,False,False
9882a6ab-26b1-4c7c-8df0-b8a187a6a038,329,86656,lrda,gpd,0,Other,0,False,965.3,0,3,228.7766044164622,bipolar,100.0,0.5-70 Hz,60 Hz,10.0,0.07709749688385742,539.6286391385586,1.9947976665609402,1.9917789279935993,False,False
9882a6ab-26b1-4c7c-8df0-b8a187a6a038,330,88045,sz,seizure,1,Seizure,1,True,821.6,0,2,105.57132210992113,bipolar,100.0,0.5-70 Hz,60 Hz,10.0,0.07591705416069272,526.5602942213626,1.991904333811077,1.9935009365428853,False,False
9882a6ab-26b1-4c7c-8df0-b8a187a6a038,331,87220,lrda,lrda,1,LRDA,1,True,912.0,0,2,85.06340006448126,bipolar,100.0,0.5-70 Hz,60 Hz,10.0,0.07755589380745398,519.7802710490622,1.9894473440351197,1.9906367207007984,False,False
9882a6ab-26b1-4c7c-8df0-b8a187a6a038,332,37845,lrda,gpd,0,GRDA,0,False,399.5,0,4,295.22966543106185,bipolar,100.0,0.5-70 Hz,60 Hz,10.0,0.0808206480305253,509.8312212495008,1.9911405231039996,1.988217107849939,False,False
9882a6ab-26b1-4c7c-8df0-b8a187a6a038,333,86925,sz,seizure,1,Seizure,1,True,2050.6,0,2,336.7815947231258,bipolar,100.0,0.5-70 Hz,60 Hz,10.0,0.0791716278793605,496.27282578167467,1.9884493171887718,1.9899096835291041,False,False
9882a6ab-26b1-4c7c-8df0-b8a187a6a038,334,86946,lrda,lrda,1,LRDA,1,True,487.5,0,1,135.81213288497796,bipolar,100.0,0.5-70 Hz,60 Hz,10.0,0.082133966726193,486.14447351798617,1.9866524136727524,1.9872430801955212,False,False
9882a6ab-26b1-4c7c-8df0-b8a187a6a038,335,86095,lrda,other,0,LPD,0,False,305.1,0,3,38.70683288878533,bipolar,100.0,0.5-70 Hz,60 Hz,10.0,0.0823576963614509,473.4156468075214,1.988631668706622,1.9855183290446512,False,False
9882a6ab-26b1-4c7c-8df0-b8a187a6a038,336,69933,grda,gpd,0,GRDA,1,False,204.5,0,1,48.847809204111876,bipolar,100.0,0.5-70 Hz,60 Hz,10.0,0.0823210995000413,371.04902680256214,1.977946078750086,1.9763222324892107,False,True
9882a6ab-26b1-4c7c-8df0-b8a187a6a038,337,36407,lpd,lrda,0,LPD,1,False,242.0,0,2,69.4417571181533,bipolar,100.0,0.5-70 Hz,60 Hz,10.0,0.08244935645338408,369.0037631434286,1.9723645001277903,1.9644281836645836,False,True
9882a6ab-26b1-4c7c-8df0-b8a187a6a038,338,38078,lpd,lpd,1,LPD,1,True,228.4,0,4,105.15732028908673,bipolar,100.0,0.5-70 Hz,60 Hz,10.0,0.08254599876364521,364.43260795898203,1.9656069177440856,1.9609584455149318,False,True
9882a6ab-26b1-4c7c-8df0-b8a187a6a038,339,32388,grda,other,0,GPD,0,False,449.3,0,5,46.29850468480352,bipolar,100.0,0.5-70 Hz,60 Hz,10.0,0.08245528548414743,402.5456847929021,1.9600754694631228,1.955132508552259,False,True
9882a6ab-26b1-4c7c-8df0-b8a187a6a038,340,87437,grda,gpd,0,GRDA,1,False,547.0,0,0,117.47873825418229,bipolar,100.0,0.5-70 Hz,60 Hz,10.0,0.08253411350022888,398.2849193979135,1.9470558449594362,1.950219772009996,False,True
9882a6ab-26b1-4c7c-8df0-b8a187a6a038,341,53989,lpd,lpd,1,LPD,1,True,302.2,0,3,114.40667417118166,bipolar,100.0,0.5-70 Hz,60 Hz,10.0,0.08259623221471879,391.0550484918733,1.9427651023175372,1.9378384020820223,False,True
9882a6ab-26b1-4c7c-8df0-b8a187a6a038,342,60784,grda,grda,1,GRDA,1,True,213.3,0,3,35.0718666656528,bipolar,100.0,0.5-70 Hz,60 Hz,10.0,0.08266173087442602,379.9723513775909,1.9308180902085206,1.9346208146222352,False,True
9882a6ab-26b1-4c7c-8df0-b8a187a6a038,343,27853,lpd,lrda,0,LRDA,0,True,183.8,0,2,40.701312224147806,bipolar,100.0,0.5-70 Hz,60 Hz,10.0,0.08013766406385331,322.5381655302546,1.8608991962116377,1.9229133418508724,False,True
9882a6ab-26b1-4c7c-8df0-b8a187a6a038,344,47150,lpd,other,0,LPD,1,False,429.8,0,2,111.16097644209374,bipolar,100.0,0.5-70 Hz,60 Hz,10.0,0.0815152277647565,332.93029905138155,1.8626328169832869,1.8498107518833424,False,True
9882a6ab-26b1-4c7c-8df0-b8a187a6a038,345,69159,lpd,grda,0,GRDA,0,True,450.9,0,2,123.95317895949474,bipolar,100.0,0.5-70 Hz,60 Hz,10.0,0.07980344511929527,318.43278388213724,1.8528030422843864,1.8526345410567115,False,True
9882a6ab-26b1-4c7c-8df0-b8a187a6a038,346,62952,lpd,gpd,0,LPD,1,False,206.3,0,2,37.99672619863064,bipolar,100.0,0.5-70 Hz,60 Hz,10.0,0.08055901893420991,324.2698608122849,1.853539116347292,1.843317588857498,False,True
9882a6ab-26b1-4c7c-8df0-b8a187a6a038,347,55248,lpd,other,0,LRDA,0,False,350.6,0,0,198.63078405955784,bipolar,100.0,0.5-70 Hz,60 Hz,10.0,0.0734387118972335,599.9999999999999,1.9397218012067623,1.845017148945523,True,True
9882a6ab-26b1-4c7c-8df0-b8a187a6a038,348,88173,grda,lrda,0,GRDA,1,False,2185.9,0,0,128.4093610362151,bipolar,100.0,0.5-70 Hz,60 Hz,10.0,0.07325419910531378,594.5776143127822,1.932480498173449,1.9315301248228378,False,True
9882a6ab-26b1-4c7c-8df0-b8a187a6a038,349,69231,lpd,lpd,1,LPD,1,True,1510.9,0,3,98.65917234376944,bipolar,100.0,0.5-70 Hz,60 Hz,10.0,0.07340647159311348,591.528993181408,1.9339307989307708,1.9240692646636672,False,True
9882a6ab-26b1-4c7c-8df0-b8a187a6a038,350,53811,lpd,lpd,1,LPD,1,True,1283.3,0,0,25.144120755547082,bipolar,100.0,0.5-70 Hz,60 Hz,10.0,0.07349540733644272,583.681078846427,1.9351450871081222,1.9263882312619542,False,True
9882a6ab-26b1-4c7c-8df0-b8a187a6a038,351,40538,grda,other,0,GRDA,1,False,55227.9,0,1,333.0003876368616,bipolar,100.0,0.5-70 Hz,60 Hz,10.0,0.07208622719641511,500.9814059358378,1.9168252187596886,1.9277873326596038,False,True
9882a6ab-26b1-4c7c-8df0-b8a187a6a038,352,40595,grda,gpd,0,GPD,0,True,2275.0,0,1,301.6735841108081,bipolar,100.0,0.5-70 Hz,60 Hz,10.0,0.07197915376159159,531.5429351269677,1.9140758118431658,1.9083290478268637,False,True
9882a6ab-26b1-4c7c-8df0-b8a187a6a038,353,54440,grda,lrda,0,GRDA,1,False,814.7,0,0,102.07602961436235,bipolar,100.0,0.5-70 Hz,60 Hz,10.0,0.0719379057536117,514.7287227836769,1.9076931089831997,1.9065737044314335,False,True
9882a6ab-26b1-4c7c-8df0-b8a187a6a038,354,70433,lpd,lrda,0,LPD,1,False,833.2,0,1,93.88311108210482,bipolar,100.0,0.5-70 Hz,60 Hz,10.0,0.07179037588021514,503.47049429874363,1.9123031328487492,1.9009384676758352,False,True
9882a6ab-26b1-4c7c-8df0-b8a187a6a038,355,31713,grda,seizure,0,GRDA,1,False,210.7,0,0,338.6701488955283,bipolar,100.0,0.5-70 Hz,60 Hz,10.0,0.07168869412491957,482.32401049120847,1.9070580137368087,1.9055437683027814,False,True
9882a6ab-26b1-4c7c-8df0-b8a187a6a038,356,67545,grda,gpd,0,GRDA,1,False,197.0,0,0,108.50575510269847,bipolar,100.0,0.5-70 Hz,60 Hz,10.0,0.07195067252852066,343.253080432505,1.8817902919171117,1.9005170311015027,False,True
9882a6ab-26b1-4c7c-8df0-b8a187a6a038,357,31734,grda,seizure,0,Seizure,0,True,183.4,0,1,129.31403248190108,bipolar,100.0,0.5-70 Hz,60 Hz,10.0,0.0714027620200316,372.73077581373735,1.879271296490268,1.8724732890775868,False,True
9882a6ab-26b1-4c7c-8df0-b8a187a6a038,358,47935,grda,gpd,0,Other,0,False,344.1,0,2,41.397939902724545,bipolar,100.0,0.5-70 Hz,60 Hz,10.0,0.06906325025840782,393.3249244518752,1.8764799100511356,1.8719637957104869,False,True
9882a6ab-26b1-4c7c-8df0-b8a187a6a038,359,88629,grda,gpd,0,GRDA,1,False,305.3,0,0,294.14103937557377,bipolar,100.0,0.5-70 Hz,60 Hz,10.0,0.06894879594468262,372.03142896614094,1.8717713059355663,1.870166866033558,False,True
9882a6ab-26b1-4c7c-8df0-b8a187a6a038,360,33829,gpd,seizure,0,LRDA,0,False,233.0,0,0,40.11430084568371,bipolar,100.0,0.5-70 Hz,60 Hz,10.0,0.07135607762537294,365.0223955236956,1.8629436334520713,1.8655525878679908,False,True
9882a6ab-26b1-4c7c-8df0-b8a187a6a038,361,87476,lpd,gpd,0,LPD,1,False,309.9,0,1,213.58260084203874,bipolar,100.0,0.5-70 Hz,60 Hz,10.0,0.06928935484150672,356.50671760739203,1.8669864829243106,1.8568771348486228,False,True
9882a6ab-26b1-4c7c-8df0-b8a187a6a038,362,36724,grda,lrda,0,GRDA,1,False,210.1,0,2,100.02705473157457,bipolar,100.0,0.5-70 Hz,60 Hz,10.0,0.0710818855464787,599.9999999999999,1.8644459455220326,1.8611477197595732,True,True
9882a6ab-26b1-4c7c-8df0-b8a187a6a038,363,88892,grda,gpd,0,LPD,0,False,194.1,0,1,48.96658186259773,bipolar,100.0,0.5-70 Hz,60 Hz,10.0,0.07099998089398807,442.1265292363075,1.8108417736570053,1.858091505815395,False,True
9882a6ab-26b1-4c7c-8df0-b8a187a6a038,364,64414,iic,lpd,0,LRDA,0,False,417.9,0,2,39.0889354764807,bipolar,100.0,0.5-70 Hz,60 Hz,10.0,0.07103415131894192,439.70007574030586,1.8105552951956525,1.8044820562216441,False,True
9882a6ab-26b1-4c7c-8df0-b8a187a6a038,365,86499,lpd,gpd,0,GPD,0,True,403.8,0,1,107.8570838952647,bipolar,100.0,0.5-70 Hz,60 Hz,10.0,0.07100313603271463,435.4261414285582,1.7963911942076258,1.8043153305792714,False,True
9882a6ab-26b1-4c7c-8df0-b8a187a6a038,366,56839,grda,other,0,Other,0,True,1307.1,0,0,119.19598098089152,bipolar,100.0,0.5-70 Hz,60 Hz,10.0,0.07139250771045247,435.76471662174265,1.7921451759289155,1.7902540518753547,False,True
9882a6ab-26b1-4c7c-8df0-b8a187a6a038,367,22740,gpd,seizure,0,GPD,1,False,1827.4,0,2,43.271023908418094,bipolar,100.0,0.5-70 Hz,60 Hz,10.0,0.07127898948614686,356.22960425637143,1.8191046724091984,1.7861166330063445,False,True
9882a6ab-26b1-4c7c-8df0-b8a187a6a038,368,61766,gpd,lrda,0,GRDA,0,False,303.9,0,0,52.81029621166226,bipolar,100.0,0.5-70 Hz,60 Hz,10.0,0.07127824593785154,397.87792930248776,1.7989429871526323,1.8117492998676443,False,True
9882a6ab-26b1-4c7c-8df0-b8a187a6a038,369,50832,lpd,other,0,LPD,1,False,333.0,0,1,62.7209200646091,bipolar,100.0,0.5-70 Hz,60 Hz,10.0,0.07149404915790913,367.7255432972075,1.7984660473897127,1.792679445603235,False,True
9882a6ab-26b1-4c7c-8df0-b8a187a6a038,370,86356,lpd,gpd,0,LPD,1,False,297.0,0,1,34.2284733628892,bipolar,100.0,0.5-70 Hz,60 Hz,10.0,0.07153421953184907,356.04944983957216,1.7965005119648896,1.792042773965694,False,True
9882a6ab-26b1-4c7c-8df0-b8a187a6a038,371,86565,gpd,lrda,0,LRDA,0,True,377.5,0,1,259.71683898177884,bipolar,100.0,0.5-70 Hz,60 Hz,10.0,0.07157156539036336,381.17659129668385,1.7828306686541764,1.790322112318749,False,True
9882a6ab-26b1-4c7c-8df0-b8a187a6a038,372,65672,grda,grda,1,GRDA,1,True,468.6,0,2,285.47864586557847,bipolar,100.0,0.5-70 Hz,60 Hz,10.0,0.07163534635969737,402.75752309831597,1.7792061459121193,1.7768262974250493,False,True
9882a6ab-26b1-4c7c-8df0-b8a187a6a038,373,70035,lpd,lpd,1,GRDA,0,False,296.6,0,2,294.26012638592755,bipolar,100.0,0.5-70 Hz,60 Hz,10.0,0.07100583266943034,334.388753813171,1.7503743304551638,1.7736261840994583,False,True
9882a6ab-26b1-4c7c-8df0-b8a187a6a038,374,88121,lpd,lrda,0,LPD,1,False,221.2,0,1,209.56921849026986,bipolar,100.0,0.5-70 Hz,60 Hz,10.0,0.07110901645551637,354.58826721437936,1.7493619293521914,1.7423713587513758,False,True
9882a6ab-26b1-4c7c-8df0-b8a187a6a038,375,88909,lpd,lrda,0,GPD,0,False,301.2,0,2,46.44369505640913,bipolar,100.0,0.5-70 Hz,60 Hz,10.0,0.0711292321367662,368.9922714914079,1.7416816317826591,1.7419393844367075,False,True
9882a6ab-26b1-4c7c-8df0-b8a187a6a038,376,45938,lpd,lpd,1,LPD,1,True,1089.6,0,4,116.1651889468973,bipolar,100.0,0.5-70 Hz,60 Hz,10.0,0.07121368106904036,385.7546072516443,1.7396705235743117,1.7347861099462965,False,True
9882a6ab-26b1-4c7c-8df0-b8a187a6a038,377,85222,lpd,gpd,0,LPD,1,False,26562.0,0,1,110.27258246849566,bipolar,100.0,0.5-70 Hz,60 Hz,10.0,0.07123934830042034,318.0646849431808,1.7375206668097982,1.733414104661863,False,True
9882a6ab-26b1-4c7c-8df0-b8a187a6a038,378,87920,grda,seizure,0,GRDA,1,False,290.6,0,2,55.499076909452924,bipolar,100.0,0.5-70 Hz,60 Hz,10.0,0.07128080347074389,332.1307098324729,1.7354954111531358,1.7316991571582478,False,True
9882a6ab-26b1-4c7c-8df0-b8a187a6a038,379,68335,lpd,lpd,1,LPD,1,True,306.9,0,3,105.40247629597748,bipolar,100.0,0.5-70 Hz,60 Hz,10.0,0.07134711369947982,346.3582273455409,1.7359432111515896,1.728099048602374,False,True
9882a6ab-26b1-4c7c-8df0-b8a187a6a038,380,51634,lpd,lpd,1,LPD,1,True,207.2,0,2,203.85743224408662,bipolar,100.0,0.5-70 Hz,60 Hz,10.0,0.07139576059076991,356.6262196736487,1.7347496165006755,1.7293156238897731,False,True
9882a6ab-26b1-4c7c-8df0-b8a187a6a038,381,47241,lpd,lpd,1,LPD,1,True,292.3,0,0,78.8648950362853,bipolar,100.0,0.5-70 Hz,60 Hz,10.0,0.07143439595580031,364.28138862989897,1.7340482757533469,1.7286409138191363,False,True
9882a6ab-26b1-4c7c-8df0-b8a187a6a038,382,46862,lpd,other,0,Seizure,0,False,441.4,0,0,114.14287289935959,bipolar,100.0,0.5-70 Hz,60 Hz,10.0,0.07127662068881796,599.9999999999999,1.6929923282248118,1.728395993401272,True,True
9882a6ab-26b1-4c7c-8df0-b8a187a6a038,383,89081,lpd,gpd,0,LPD,1,False,712.2,0,2,53.77286267037531,bipolar,100.0,0.5-70 Hz,60 Hz,10.0,0.07139192023307472,527.2395844145824,1.6493254810613294,1.6856085548420898,False,True
9882a6ab-26b1-4c7c-8df0-b8a187a6a038,384,88026,grda,grda,1,GRDA,1,True,385.8,0,0,115.81511473422704,bipolar,100.0,0.5-70 Hz,60 Hz,10.0,0.07128674075036334,525.924151763046,1.646322533750808,1.6440990326316427,False,True
9882a6ab-26b1-4c7c-8df0-b8a187a6a038,385,21118,lpd,other,0,GRDA,0,False,506.5,0,1,320.0719275996794,bipolar,100.0,0.5-70 Hz,60 Hz,10.0,0.07107408942590271,558.7385616980686,1.6490177438335185,1.639911678357123,False,True
9882a6ab-26b1-4c7c-8df0-b8a187a6a038,386,87035,lpd,grda,0,LPD,1,False,1200.0,0,1,98.79602351145208,bipolar,100.0,0.5-70 Hz,60 Hz,10.0,0.07084635893740543,444.5668106031971,1.6099965967037344,1.6432561180745873,False,True
9882a6ab-26b1-4c7c-8df0-b8a187a6a038,387,37440,lpd,gpd,0,GPD,0,True,510.0,0,2,112.99520532204852,bipolar,100.0,0.5-70 Hz,60 Hz,10.0,0.07073387282845311,473.6186579873823,1.608726912297188,1.6043147988439683,False,True
9882a6ab-26b1-4c7c-8df0-b8a187a6a038,388,38812,iic,other,1,Other,1,True,299.2,0,0,308.7979978685609,bipolar,100.0,0.5-70 Hz,60 Hz,10.0,0.0706748930909788,471.47223571163795,1.603606959723067,1.6033457940324878,False,True
9882a6ab-26b1-4c7c-8df0-b8a187a6a038,389,50319,grda,lpd,0,GRDA,1,False,770.6,0,1,58.86362849529454,bipolar,100.0,0.5-70 Hz,60 Hz,10.0,0.07043696421071488,399.81016410565235,1.5656349923342041,1.5986173257612153,False,True
9882a6ab-26b1-4c7c-8df0-b8a187a6a038,390,62833,grda,gpd,0,LPD,0,False,1020.3,0,3,301.35515599983586,bipolar,100.0,0.5-70 Hz,60 Hz,10.0,0.0706004945766378,421.9712539888409,1.5676897865001023,1.5600165486722772,False,True
9882a6ab-26b1-4c7c-8df0-b8a187a6a038,391,85214,grda,seizure,0,GPD,0,False,450.8,0,0,105.53699544114839,bipolar,100.0,0.5-70 Hz,60 Hz,10.0,0.07071614077284777,439.7143380130657,1.5709822624877132,1.5628379651776374,False,True
9882a6ab-26b1-4c7c-8df0-b8a187a6a038,392,53742,lpd,gpd,0,LPD,1,False,605.1,0,1,305.48636605098517,bipolar,100.0,0.5-70 Hz,60 Hz,10.0,0.07753030154796148,599.9999999999999,1.5977916654924484,1.566207342619478,True,True
9882a6ab-26b1-4c7c-8df0-b8a187a6a038,393,60416,gpd,lpd,0,GPD,1,False,196.1,0,1,37.10875564831604,bipolar,100.0,0.5-70 Hz,60 Hz,10.0,0.07752071409441647,598.4325848866656,1.589651371654806,1.592341525115033,False,True
9882a6ab-26b1-4c7c-8df0-b8a187a6a038,394,88542,grda,gpd,0,Seizure,0,False,193.6,0,2,44.54135917721483,bipolar,100.0,0.5-70 Hz,60 Hz,10.0,0.0775026426415576,592.9966945612368,1.5914323828455181,1.5849107482136926,False,True
9882a6ab-26b1-4c7c-8df0-b8a187a6a038,395,32452,gpd,seizure,0,LRDA,0,False,334.2,0,1,99.31212243951943,bipolar,100.0,0.5-70 Hz,60 Hz,10.0,0.0774370574087459,588.0062018357653,1.5835370696321276,1.586678856218367,False,True
9882a6ab-26b1-4c7c-8df0-b8a187a6a038,396,60047,iic,other,1,Other,1,True,499.2,0,3,279.20981447107476,bipolar,100.0,0.5-70 Hz,60 Hz,10.0,0.07751247613899637,585.7058874343154,1.58181280518046,1.578963021015284,False,True
9882a6ab-26b1-4c7c-8df0-b8a187a6a038,397,89163,gpd,seizure,0,GPD,1,False,308.1,0,1,49.69374436823234,bipolar,100.0,0.5-70 Hz,60 Hz,10.0,0.07751063230384325,582.2458213846461,1.5742958325008525,1.5772918979848445,False,True
9882a6ab-26b1-4c7c-8df0-b8a187a6a038,398,86830,grda,gpd,0,GRDA,1,False,1092.6,0,0,105.17661388676399,bipolar,100.0,0.5-70 Hz,60 Hz,10.0,0.07777127403987316,551.1700129634557,1.5412056477508174,1.5700254104574773,False,True
9882a6ab-26b1-4c7c-8df0-b8a187a6a038,399,33277,grda,seizure,0,Seizure,0,True,1129.2,0,5,135.98064749535635,bipolar,100.0,0.5-70 Hz,60 Hz,10.0,0.07783033551719043,563.7796046628262,1.5409259283648267,1.5365676191855968,False,True
9882a6ab-26b1-4c7c-8df0-b8a187a6a038,400,65542,grda,seizure,0,LRDA,0,False,444.4,0,0,316.4760760227895,bipolar,100.0,0.5-70 Hz,60 Hz,10.0,0.0778701248522195,571.7513092326107,1.541226933584677,1.5368589675393782,False,True
9882a6ab-26b1-4c7c-8df0-b8a187a6a038,401,42229,iic,other,1,Other,1,True,220.4,0,2,37.87849533241528,bipolar,100.0,0.5-70 Hz,60 Hz,10.0,0.07838484569124077,560.4744684793891,1.5450747107833915,1.5371748259764615,False,True
9882a6ab-26b1-4c7c-8df0-b8a187a6a038,402,36902,gpd,lrda,0,LPD,0,False,469.5,0,2,45.124121134915185,bipolar,100.0,0.5-70 Hz,60 Hz,10.0,0.07808906468421134,543.9467814567586,1.5393854906303606,1.5409743892859036,False,True
9882a6ab-26b1-4c7c-8df0-b8a187a6a038,403,63070,iic,other,1,Seizure,0,False,2417.5,0,1,133.11024291975068,bipolar,100.0,0.5-70 Hz,60 Hz,10.0,0.07817647482243328,541.1583805353117,1.536304303565872,1.5354129538195174,False,True
9882a6ab-26b1-4c7c-8df0-b8a187a6a038,404,85998,grda,lrda,0,GRDA,1,False,721.3,0,2,41.54442848254271,bipolar,100.0,0.5-70 Hz,60 Hz,10.0,0.07828765176722974,539.1309373092644,1.532152774868523,1.5324050332207861,False,True
9882a6ab-26b1-4c7c-8df0-b8a187a6a038,405,23901,lpd,lpd,1,LPD,1,True,239.0,0,0,73.15362018084086,bipolar,100.0,0.5-70 Hz,60 Hz,10.0,0.0783764767926568,536.3727110352087,1.533114868986784,1.5285395592562838,False,True
9882a6ab-26b1-4c7c-8df0-b8a187a6a038,406,88663,gpd,grda,0,GPD,1,False,308.7,0,2,131.87856737907524,bipolar,100.0,0.5-70 Hz,60 Hz,10.0,0.0784137054795423,533.2093919042527,1.5259808497571532,1.529558073111317,False,True
9882a6ab-26b1-4c7c-8df0-b8a187a6a038,407,85180,grda,lpd,0,Seizure,0,False,302.8,0,3,98.202176251064,bipolar,100.0,0.5-70 Hz,60 Hz,10.0,0.07848358078684853,537.7148955010748,1.5298725969725822,1.5224229015662694,False,True
9882a6ab-26b1-4c7c-8df0-b8a187a6a038,408,41504,iic,seizure,0,LPD,0,False,209.5,0,0,122.368217822864,bipolar,100.0,0.5-70 Hz,60 Hz,10.0,0.07845454440860444,530.1437876143134,1.526628717249952,1.5263427545162918,False,True
9882a6ab-26b1-4c7c-8df0-b8a187a6a038,409,21629,gpd,seizure,0,Other,0,False,184.4,0,1,92.60989730128924,bipolar,100.0,0.5-70 Hz,60 Hz,10.0,0.07827712596260678,509.3727619784947,1.5220131619130597,1.523139057747123,False,True
9882a6ab-26b1-4c7c-8df0-b8a187a6a038,410,88089,grda,lrda,0,GRDA,1,False,190.7,0,4,93.45270699599685,bipolar,100.0,0.5-70 Hz,60 Hz,10.0,0.07836246223991089,504.666394399841,1.5180913222105126,1.5186038279619534,False,True
9882a6ab-26b1-4c7c-8df0-b8a187a6a038,411,85431,lpd,lpd,1,LPD,1,True,217.0,0,1,329.6108380785852,bipolar,100.0,0.5-70 Hz,60 Hz,10.0,0.07843651944439484,499.6478592254856,1.5194078939514484,1.5147365234408419,False,True
9882a6ab-26b1-4c7c-8df0-b8a187a6a038,412,86531,lpd,gpd,0,LPD,1,False,296.9,0,2,133.4101012130767,bipolar,100.0,0.5-70 Hz,60 Hz,10.0,0.07856345067587334,469.6714543338052,1.5094649993807725,1.5162121316882693,False,True
9882a6ab-26b1-4c7c-8df0-b8a187a6a038,413,66746,lpd,grda,0,GPD,0,False,570.2,0,0,64.13235298924674,bipolar,100.0,0.5-70 Hz,60 Hz,10.0,0.07848013561677103,480.30498647299476,1.5078202813047745,1.5059676506152115,False,True
9882a6ab-26b1-4c7c-8df0-b8a187a6a038,414,37690,grda,gpd,0,GRDA,1,False,291.2,0,0,69.840299779593,bipolar,100.0,0.5-70 Hz,60 Hz,10.0,0.07874119207068725,433.02940559806694,1.4773116305589276,1.5045804504953206,False,True
9882a6ab-26b1-4c7c-8df0-b8a187a6a038,415,50685,iic,other,1,Other,1,True,622.3,0,2,157.51471827635942,bipolar,100.0,0.5-70 Hz,60 Hz,10.0,0.07886231267653493,427.08833171354775,1.477990810627098,1.4742039792963704,False,True
9882a6ab-26b1-4c7c-8df0-b8a187a6a038,416,89158,grda,seizure,0,GPD,0,False,317.5,0,2,38.34882394604732,bipolar,100.0,0.5-70 Hz,60 Hz,10.0,0.07891943953943903,439.963776788809,1.4809883590388713,1.4749048315177005,False,True
9882a6ab-26b1-4c7c-8df0-b8a187a6a038,417,87273,gpd,grda,0,GPD,1,False,388.6,0,3,179.9984255598506,bipolar,100.0,0.5-70 Hz,60 Hz,10.0,0.07924807851256338,460.2744632772452,1.4700317303313726,1.4779254694708235,False,True
9882a6ab-26b1-4c7c-8df0-b8a187a6a038,418,44141,gpd,other,0,GPD,1,False,363.4,0,1,110.73051431403954,bipolar,100.0,0.5-70 Hz,60 Hz,10.0,0.0792399200112035,453.13452896078087,1.46366291688064,1.4667646833820325,False,True
9882a6ab-26b1-4c7c-8df0-b8a187a6a038,419,22795,gpd,seizure,0,LRDA,0,False,205.6,0,2,287.11503742135596,bipolar,100.0,0.5-70 Hz,60 Hz,10.0,0.07909223143967647,452.07288499242753,1.45949651384269,1.4605176597129224,False,True
9882a6ab-26b1-4c7c-8df0-b8a187a6a038,420,84752,lpd,grda,0,GRDA,0,True,299.6,0,2,309.58523880048904,bipolar,100.0,0.5-70 Hz,60 Hz,10.0,0.07903300832864052,461.46503262186843,1.4592492525060567,1.4564622115513974,False,True
9882a6ab-26b1-4c7c-8df0-b8a187a6a038,421,50641,grda,other,0,GRDA,1,False,1100.1,0,1,45.70544571090575,bipolar,100.0,0.5-70 Hz,60 Hz,10.0,0.07908527631501999,452.71630267048,1.4578772972179077,1.4564106474701735,False,True
9882a6ab-26b1-4c7c-8df0-b8a187a6a038,422,88189,grda,lrda,0,LRDA,0,True,508.5,0,1,102.04593018123771,bipolar,100.0,0.5-70 Hz,60 Hz,10.0,0.0790927011677473,460.9247744458163,1.46148770071481,1.4550718858871647,False,True
9882a6ab-26b1-4c7c-8df0-b8a187a6a038,423,86849,gpd,grda,0,GPD,1,False,276.3,0,1,302.17441004299326,bipolar,100.0,0.5-70 Hz,60 Hz,10.0,0.0791158738253156,447.46977679550525,1.4535742626693686,1.4586139333083425,False,True
9882a6ab-26b1-4c7c-8df0-b8a187a6a038,424,54608,lpd,lpd,1,LPD,1,True,315.1,0,0,115.77099959692228,bipolar,100.0,0.5-70 Hz,60 Hz,10.0,0.07914591536938159,440.4941914525131,1.4565959875659904,1.450772678264206,False,True
9882a6ab-26b1-4c7c-8df0-b8a187a6a038,425,39826,iic,other,1,Other,1,True,592.8,0,1,111.46867443510448,bipolar,100.0,0.5-70 Hz,60 Hz,10.0,0.07931862479996832,429.35277443292404,1.4609345361243131,1.4537922904167295,False,True
9882a6ab-26b1-4c7c-8df0-b8a187a6a038,426,87628,gpd,seizure,0,Seizure,0,True,343.6,0,1,56.67813680785157,bipolar,100.0,0.5-70 Hz,60 Hz,10.0,0.07922763063514066,426.42710974018763,1.4584884686402186,1.4581923590892092,False,True
9882a6ab-26b1-4c7c-8df0-b8a187a6a038,427,85773,lpd,gpd,0,Other,0,False,607.4,0,1,216.41193921521565,bipolar,100.0,0.5-70 Hz,60 Hz,10.0,0.07919432159336787,431.4584389623984,1.4579541082039882,1.4558044631370874,False,True
9882a6ab-26b1-4c7c-8df0-b8a187a6a038,428,87570,grda,gpd,0,GRDA,1,False,447.9,0,1,389.880090433906,bipolar,100.0,0.5-70 Hz,60 Hz,10.0,0.07924531830179304,414.99021854351395,1.459014807427023,1.4552720972389555,False,True
9882a6ab-26b1-4c7c-8df0-b8a187a6a038,429,41731,iic,other,1,Other,1,True,884.0,0,1,175.47434865770708,bipolar,100.0,0.5-70 Hz,60 Hz,10.0,0.07942249354000241,396.30287958015043,1.465736665350056,1.4563500594855558,False,True
9882a6ab-26b1-4c7c-8df0-b8a187a6a038,430,68672,iic,grda,0,Other,1,False,327.1,0,1,32.426463191550845,bipolar,100.0,0.5-70 Hz,60 Hz,10.0,0.08135576030504638,362.8037494140498,1.4601321017167688,1.4631182210659068,False,True
9882a6ab-26b1-4c7c-8df0-b8a187a6a038,431,40089,iic,lpd,0,Other,1,False,201.4,0,1,114.44219712653965,bipolar,100.0,0.5-70 Hz,60 Hz,10.0,0.07484866361410986,599.9999999999999,1.4735062032873962,1.4572923322320563,True,True
9882a6ab-26b1-4c7c-8df0-b8a187a6a038,432,54303,iic,gpd,0,LPD,0,False,195.4,0,0,24.371638023861827,bipolar,100.0,0.5-70 Hz,60 Hz,10.0,0.07484901411689332,598.7950782712634,1.473985191176433,1.4700653038634783,False,True
9882a6ab-26b1-4c7c-8df0-b8a187a6a038,433,46452,iic,grda,0,LRDA,0,False,421.1,0,0,133.41396276890106,bipolar,100.0,0.5-70 Hz,60 Hz,10.0,0.07464440527955901,592.5952509637301,1.475882887335184,1.470913875493307,False,True
9882a6ab-26b1-4c7c-8df0-b8a187a6a038,434,52402,gpd,grda,0,GPD,1,False,442.4,0,1,36.52118011962926,bipolar,100.0,0.5-70 Hz,60 Hz,10.0,0.07503942511016848,585.1067965894576,1.4707556570382676,1.4729595978409362,False,True
9882a6ab-26b1-4c7c-8df0-b8a187a6a038,435,88980,lpd,grda,0,LPD,1,False,188.5,0,3,152.63053154747757,bipolar,100.0,0.5-70 Hz,60 Hz,10.0,0.07797834222010336,540.3605174692315,1.456997413514395,1.4678662111477239,False,True
9882a6ab-26b1-4c7c-8df0-b8a187a6a038,436,87083,lpd,grda,0,GRDA,0,True,202.5,0,3,181.66914759923804,bipolar,100.0,0.5-70 Hz,60 Hz,10.0,0.07702230777784624,560.458025318963,1.4573951054380119,1.4539097646309485,False,True
9882a6ab-26b1-4c7c-8df0-b8a187a6a038,437,42119,iic,other,1,Other,1,True,307.4,0,1,26.774445648468358,bipolar,100.0,0.5-70 Hz,60 Hz,10.0,0.07753456401522119,555.4644160045186,1.4668355857290019,1.454611954604904,False,True
9882a6ab-26b1-4c7c-8df0-b8a187a6a038,438,44546,iic,lrda,0,GRDA,0,False,231.5,0,0,104.08742022932815,bipolar,100.0,0.5-70 Hz,60 Hz,10.0,0.07768667826933306,549.9734778121286,1.4674359307318114,1.4640532799121644,False,True
9882a6ab-26b1-4c7c-8df0-b8a187a6a038,439,84661,lpd,grda,0,GRDA,0,True,180.6,0,0,34.88429102509111,bipolar,100.0,0.5-70 Hz,60 Hz,10.0,0.07662274092495874,562.3028228954356,1.467955808216252,1.464651224373616,False,True
9882a6ab-26b1-4c7c-8df0-b8a187a6a038,440,63229,lpd,lpd,1,LPD,1,True,186.5,0,1,49.223894732984135,bipolar,100.0,0.5-70 Hz,60 Hz,10.0,0.07664746300565767,557.0477906160629,1.475167508233814,1.4652086317009922,False,True
9882a6ab-26b1-4c7c-8df0-b8a187a6a038,441,48263,lpd,lpd,1,LPD,1,True,210.0,0,1,284.54933829734665,bipolar,100.0,0.5-70 Hz,60 Hz,10.0,0.07666771974058534,547.7192963575453,1.4816186688245985,1.4724720504596198,False,True
9882a6ab-26b1-4c7c-8df0-b8a187a6a038,442,66421,iic,other,1,Other,1,True,178.7,0,0,122.93304715245274,bipolar,100.0,0.5-70 Hz,60 Hz,10.0,0.0769137634993316,534.9397444858824,1.4882855603239828,1.4789359665258375,False,True
9882a6ab-26b1-4c7c-8df0-b8a187a6a038,443,47240,iic,other,1,Seizure,0,False,296.8,0,3,109.6469245128412,bipolar,100.0,0.5-70 Hz,60 Hz,10.0,0.07688514909967992,523.4003566572537,1.4899625952669324,1.4856031169403852,False,True
9882a6ab-26b1-4c7c-8df0-b8a187a6a038,444,87290,grda,gpd,0,LRDA,0,False,340.0,0,0,130.2718466200477,bipolar,100.0,0.5-70 Hz,60 Hz,10.0,0.07651547369415973,515.5823185713929,1.48724910664111,1.4872952231737289,False,True
9882a6ab-26b1-4c7c-8df0-b8a187a6a038,445,70657,lpd,seizure,0,LPD,1,False,237.5,0,4,299.7461807451195,bipolar,100.0,0.5-70 Hz,60 Hz,10.0,0.07653269989962602,501.4722877095569,1.4941781568918955,1.4846165372979752,False,True
9882a6ab-26b1-4c7c-8df0-b8a187a6a038,446,43658,iic,other,1,Other,1,True,467.6,0,1,33.62545937624214,bipolar,100.0,0.5-70 Hz,60 Hz,10.0,0.07656123210616345,486.6712440442017,1.4989492315254525,1.4915101286767305,False,True
9882a6ab-26b1-4c7c-8df0-b8a187a6a038,447,88662,lpd,lpd,1,LPD,1,True,571.8,0,3,26.785441928667794,bipolar,100.0,0.5-70 Hz,60 Hz,10.0,0.0765770927826967,465.9928500254073,1.50732120892006,1.4963363882618965,False,True
9882a6ab-26b1-4c7c-8df0-b8a187a6a038,448,49542,lpd,lpd,1,LPD,1,True,1007.4,0,3,127.47205109757071,bipolar,100.0,0.5-70 Hz,60 Hz,10.0,0.07658600029470819,441.3684345985706,1.5159363902753058,1.5047285910610038,False,True
9882a6ab-26b1-4c7c-8df0-b8a187a6a038,449,36968,lpd,seizure,0,LPD,1,False,887.0,0,1,32.21888551648574,bipolar,100.0,0.5-70 Hz,60 Hz,10.0,0.0765753404440056,418.4695317472775,1.5230712814091936,1.513280351136841,False,True
9882a6ab-26b1-4c7c-8df0-b8a187a6a038,450,38604,lpd,gpd,0,LPD,1,False,1475.9,0,0,48.76878976023295,bipolar,100.0,0.5-70 Hz,60 Hz,10.0,0.07656511067562566,394.00943091746603,1.5303589206853434,1.5203873012542408,False,True
9882a6ab-26b1-4c7c-8df0-b8a187a6a038,451,31285,iic,other,1,Other,1,True,1631.9,0,2,51.173239416891406,bipolar,100.0,0.5-70 Hz,60 Hz,10.0,0.07654334217865633,380.7636463142146,1.5339874617433957,1.5276464731546628,False,True
9882a6ab-26b1-4c7c-8df0-b8a187a6a038,452,70788,lpd,gpd,0,LPD,1,False,691.5,0,3,125.12634015889539,bipolar,100.0,0.5-70 Hz,60 Hz,10.0,0.07652223683730103,341.1491349614845,1.547569439164103,1.5312600314228895,False,True
9882a6ab-26b1-4c7c-8df0-b8a187a6a038,453,47884,lpd,seizure,0,LPD,1,False,1431.5,0,0,183.46463442069202,bipolar,100.0,0.5-70 Hz,60 Hz,10.0,0.07640089876766698,311.70827572066327,1.5575658568440103,1.544557670448274,False,True
9882a6ab-26b1-4c7c-8df0-b8a187a6a038,454,36665,lpd,lpd,1,LPD,1,True,1214.4,0,2,142.80491101087213,bipolar,100.0,0.5-70 Hz,60 Hz,10.0,0.06692125957235562,599.9999999999999,1.5348941628882358,1.5545602140999737,True,True
9882a6ab-26b1-4c7c-8df0-b8a187a6a038,455,88779,lpd,seizure,0,LPD,1,False,428.2,0,0,298.4496518023952,bipolar,100.0,0.5-70 Hz,60 Hz,10.0,0.06669157650764557,596.6534884886828,1.5439890051277056,1.5311283863100713,False,True
9882a6ab-26b1-4c7c-8df0-b8a187a6a038,456,70955,lpd,lrda,0,LPD,1,False,222.4,0,1,72.25082577963458,bipolar,100.0,0.5-70 Hz,60 Hz,10.0,0.06642617157179531,585.5704553057913,1.5549434552604378,1.5404327992157476,False,True
9882a6ab-26b1-4c7c-8df0-b8a187a6a038,457,31930,iic,seizure,0,GPD,0,False,181.0,0,0,25.67336051084796,bipolar,100.0,0.5-70 Hz,60 Hz,10.0,0.06635944727326348,583.3550983063486,1.552786177759531,1.5518623361904822,False,True
9882a6ab-26b1-4c7c-8df0-b8a187a6a038,458,70646,lpd,seizure,0,LPD,1,False,214.4,0,4,54.15291545759494,bipolar,100.0,0.5-70 Hz,60 Hz,10.0,0.0660963121447184,563.1824742252182,1.5651631111502327,1.54922286829501,False,True
9882a6ab-26b1-4c7c-8df0-b8a187a6a038,459,87675,lpd,gpd,0,LPD,1,False,191.5,0,0,51.76057114517212,bipolar,100.0,0.5-70 Hz,60 Hz,10.0,0.06592178573018048,541.2622679011889,1.5747169212906105,1.5616125341827836,False,True
9882a6ab-26b1-4c7c-8df0-b8a187a6a038,460,57534,lpd,lpd,1,LPD,1,True,220.4,0,2,111.91693654367232,bipolar,100.0,0.5-70 Hz,60 Hz,10.0,0.06585002375060889,524.6582228801415,1.5798694816575352,1.5712511075726003,False,True
9882a6ab-26b1-4c7c-8df0-b8a187a6a038,461,55246,lpd,other,0,LPD,1,False,199.6,0,6,57.776438743024784,bipolar,100.0,0.5-70 Hz,60 Hz,10.0,0.06558626863490624,498.4569362866615,1.5889393934526188,1.5765754578001618,False,True
9882a6ab-26b1-4c7c-8df0-b8a187a6a038,462,34734,iic,grda,0,Other,1,False,189.5,0,1,59.1793552173286,bipolar,100.0,0.5-70 Hz,60 Hz,10.0,0.0656994852244765,462.67673120519464,1.5811355642378846,1.585826951725334,False,True
9882a6ab-26b1-4c7c-8df0-b8a187a6a038,463,46931,iic,gpd,0,GPD,0,True,182.6,0,0,99.54438705252662,bipolar,100.0,0.5-70 Hz,60 Hz,10.0,0.06573686141094481,472.9596208430694,1.5767942519535154,1.5768381483008116,False,True
9882a6ab-26b1-4c7c-8df0-b8a187a6a038,464,33532,iic,seizure,0,LRDA,0,False,214.8,0,2,110.11134342114548,bipolar,100.0,0.5-70 Hz,60 Hz,10.0,0.06572492212653525,481.25665771545476,1.5729557589900036,1.5729011452708226,False,True
9882a6ab-26b1-4c7c-8df0-b8a187a6a038,465,55557,iic,gpd,0,LRDA,0,False,568.3,0,1,123.71024670820154,bipolar,100.0,0.5-70 Hz,60 Hz,10.0,0.06565712747289165,487.2124701117287,1.569298692190262,1.5694580762015877,False,True
9882a6ab-26b1-4c7c-8df0-b8a187a6a038,466,63145,iic,grda,0,LRDA,0,False,606.5,0,2,36.6996513508699,bipolar,100.0,0.5-70 Hz,60 Hz,10.0,0.06558866872714308,491.46695570006534,1.5660562866884853,1.5662932875460727,False,True
9882a6ab-26b1-4c7c-8df0-b8a187a6a038,467,87122,grda,seizure,0,Seizure,0,True,1017.9,0,1,44.571596329671834,bipolar,100.0,0.5-70 Hz,60 Hz,10.0,0.06496702571454666,486.68694230699896,1.5610382602019666,1.5630834069954176,False,True
9882a6ab-26b1-4c7c-8df0-b8a187a6a038,468,22597,iic,gpd,0,LRDA,0,False,612.5,0,1,51.0535786703131,bipolar,100.0,0.5-70 Hz,60 Hz,10.0,0.0648643237418206,490.3817649612899,1.557918283583747,1.5582205932394149,False,True
9882a6ab-26b1-4c7c-8df0-b8a187a6a038,469,45834,lpd,other,0,GPD,0,False,456.1,0,0,109.11445555288054,bipolar,100.0,0.5-70 Hz,60 Hz,10.0,0.06639030957430092,568.405694521955,1.4901378748757441,1.5551632869723513,False,True
9882a6ab-26b1-4c7c-8df0-b8a187a6a038,470,88785,gpd,lpd,0,Other,0,False,1216.6,0,1,469.9486340037333,bipolar,100.0,0.5-70 Hz,60 Hz,10.0,0.06299510288435484,461.2947730867476,1.4554594253948674,1.4874265875818908,False,True
9882a6ab-26b1-4c7c-8df0-b8a187a6a038,471,59629,gpd,other,0,GPD,1,False,213.8,0,2,238.99008303192053,bipolar,100.0,0.5-70 Hz,60 Hz,10.0,0.06306323182828133,473.94426788898215,1.455166022536444,1.4524021698664165,False,True
9882a6ab-26b1-4c7c-8df0-b8a187a6a038,472,41052,iic,other,1,Other,1,True,337.0,0,0,35.48263544319798,bipolar,100.0,0.5-70 Hz,60 Hz,10.0,0.06303761830763382,472.8005088961199,1.455259282690705,1.4527960700324205,False,True
9882a6ab-26b1-4c7c-8df0-b8a187a6a038,473,89005,lpd,lrda,0,LPD,1,False,305.5,0,3,100.34382387265472,bipolar,100.0,0.5-70 Hz,60 Hz,10.0,0.0620029385363029,423.4715196703956,1.4367017932390853,1.4529693447627885,False,True
9882a6ab-26b1-4c7c-8df0-b8a187a6a038,474,88131,lpd,grda,0,GRDA,0,True,203.7,0,0,43.964603232517526,bipolar,100.0,0.5-70 Hz,60 Hz,10.0,0.062403482720135184,444.02706912901317,1.4392641438364735,1.4338364703182604,False,True
9882a6ab-26b1-4c7c-8df0-b8a187a6a038,475,87706,lpd,grda,0,GRDA,0,True,190.5,0,0,37.5677139828496,bipolar,100.0,0.5-70 Hz,60 Hz,10.0,0.06275120377002075,462.01990112418326,1.4424488066283985,1.4367427059213687,False,True
9882a6ab-26b1-4c7c-8df0-b8a187a6a038,476,50605,lpd,other,0,GRDA,0,False,292.4,0,3,31.69728016248599,bipolar,100.0,0.5-70 Hz,60 Hz,10.0,0.06294714976109794,472.18855262214095,1.4457954352343403,1.4402087684904143,False,True
9882a6ab-26b1-4c7c-8df0-b8a187a6a038,477,50644,iic,other,1,Other,1,True,686.3,0,0,41.68612761693532,bipolar,100.0,0.5-70 Hz,60 Hz,10.0,0.06292903084207657,469.3638964079561,1.4457100163999752,1.4436849167772947,False,True
9882a6ab-26b1-4c7c-8df0-b8a187a6a038,478,85513,iic,grda,0,GRDA,0,True,1072.0,0,1,109.40741688649217,bipolar,100.0,0.5-70 Hz,60 Hz,10.0,0.06288486539185978,476.41273795836736,1.446919705431481,1.4436919865783084,False,True
9882a6ab-26b1-4c7c-8df0-b8a187a6a038,479,26730,lpd,seizure,0,Seizure,0,True,855.7,0,2,33.1948246262224,bipolar,100.0,0.5-70 Hz,60 Hz,10.0,0.06307400779668676,477.3028343129306,1.4501383591344341,1.4448958167102872,False,True
9882a6ab-26b1-4c7c-8df0-b8a187a6a038,480,40594,lpd,lpd,1,LPD,1,True,290.2,0,2,110.49023210866442,bipolar,100.0,0.5-70 Hz,60 Hz,10.0,0.06304564821267189,476.1094120862448,1.4512534118900635,1.4482194875562315,False,True
9882a6ab-26b1-4c7c-8df0-b8a187a6a038,481,22348,iic,gpd,0,GRDA,0,False,313.4,0,0,114.61921998862127,bipolar,100.0,0.5-70 Hz,60 Hz,10.0,0.0629905671510832,476.9187807516516,1.4506291393562805,1.4493356502262211,False,True
9882a6ab-26b1-4c7c-8df0-b8a187a6a038,482,86382,grda,seizure,0,LPD,0,False,429.7,0,2,47.933118690367074,bipolar,100.0,0.5-70 Hz,60 Hz,10.0,0.0628871430287718,469.5287953575914,1.4451299378023916,1.4487045269195977,False,True
9882a6ab-26b1-4c7c-8df0-b8a187a6a038,483,87383,gpd,grda,0,GPD,1,False,227.8,0,1,384.12801506381703,bipolar,100.0,0.5-70 Hz,60 Hz,10.0,0.06308795504726988,507.19051092388844,1.4557411692583502,1.4433086121269691,False,True
9882a6ab-26b1-4c7c-8df0-b8a187a6a038,484,86277,grda,lpd,0,LPD,0,True,582.5,0,4,96.55589764940737,bipolar,100.0,0.5-70 Hz,60 Hz,10.0,0.06299780888640938,493.03247756512224,1.4498193975213163,1.453889146020352,False,True
9882a6ab-26b1-4c7c-8df0-b8a187a6a038,485,27924,iic,other,1,Other,1,True,889.4,0,1,40.98279037062628,bipolar,100.0,0.5-70 Hz,60 Hz,10.0,0.06303020086816336,487.3407127917631,1.4500296339993815,1.4480095206710741,False,True
9882a6ab-26b1-4c7c-8df0-b8a187a6a038,486,84664,lpd,grda,0,LPD,1,False,1532.5,0,2,281.43095451395715,bipolar,100.0,0.5-70 Hz,60 Hz,10.0,0.061975353597776894,461.9339249756304,1.429849603294228,1.448236405075537,False,True
9882a6ab-26b1-4c7c-8df0-b8a187a6a038,487,86445,lpd,grda,0,GRDA,0,True,6062.3,0,4,100.75657586015701,bipolar,100.0,0.5-70 Hz,60 Hz,10.0,0.062115873115044906,473.64265360777915,1.4332546342886054,1.4276738917229286,False,True
9882a6ab-26b1-4c7c-8df0-b8a187a6a038,488,86568,lpd,grda,0,Seizure,0,False,1740.4,0,1,117.68833899790981,bipolar,100.0,0.5-70 Hz,60 Hz,10.0,0.06257461126916075,480.7062576184171,1.4364601582582752,1.4312713736421971,False,True
9882a6ab-26b1-4c7c-8df0-b8a187a6a038,489,88515,lpd,grda,0,Seizure,0,False,567.2,0,3,298.34292203524274,bipolar,100.0,0.5-70 Hz,60 Hz,10.0,0.06278702678627679,484.1398101316114,1.4398141861128615,1.4346634851172373,False,True
9882a6ab-26b1-4c7c-8df0-b8a187a6a038,490,85956,iic,grda,0,LPD,0,False,1179.1,0,0,54.857278810834494,bipolar,100.0,0.5-70 Hz,60 Hz,10.0,0.06276583722779178,483.78505152257964,1.439479798661898,1.4380449688907633,False,True
9882a6ab-26b1-4c7c-8df0-b8a187a6a038,491,23712,grda,seizure,0,GPD,0,False,837.7,0,1,43.453005980057505,bipolar,100.0,0.5-70 Hz,60 Hz,10.0,0.06264768626961548,462.6034267697594,1.4321730971835664,1.437734071353051,False,True
9882a6ab-26b1-4c7c-8df0-b8a187a6a038,492,86864,gpd,lrda,0,Seizure,0,False,196.6,0,1,108.7354183343692,bipolar,100.0,0.5-70 Hz,60 Hz,10.0,0.062442148736781444,445.6012061060131,1.4213354613258866,1.4305068596019863,False,True
9882a6ab-26b1-4c7c-8df0-b8a187a6a038,493,87104,lpd,lrda,0,LPD,1,False,300.9,0,2,61.77513291946614,bipolar,100.0,0.5-70 Hz,60 Hz,10.0,0.06169237910995945,410.73242758536065,1.400067304972282,1.41966930334836,False,True
9882a6ab-26b1-4c7c-8df0-b8a187a6a038,494,37894,lpd,gpd,0,GPD,0,True,331.9,0,4,40.25245090465244,bipolar,100.0,0.5-70 Hz,60 Hz,10.0,0.061786146645598505,420.2595187927112,1.4030711181766213,1.3980914758109544,False,True
9882a6ab-26b1-4c7c-8df0-b8a187a6a038,495,87053,lpd,lrda,0,LRDA,0,True,215.4,0,1,30.384616643239035,bipolar,100.0,0.5-70 Hz,60 Hz,10.0,0.061926807940786255,428.78462005789066,1.4067005060854751,1.4012648434766675,False,True
9882a6ab-26b1-4c7c-8df0-b8a187a6a038,496,55420,lpd,other,0,LPD,1,False,313.9,0,1,127.15238982777024,bipolar,100.0,0.5-70 Hz,60 Hz,10.0,0.0617091707000742,421.09643340682334,1.414509011994966,1.4050260501060108,False,True
9882a6ab-26b1-4c7c-8df0-b8a187a6a038,497,88508,grda,lrda,0,Seizure,0,False,211.2,0,3,96.94801815523147,bipolar,100.0,0.5-70 Hz,60 Hz,10.0,0.06164352443778309,393.63260733011566,1.4062548283350031,1.4128266139864836,False,True
9882a6ab-26b1-4c7c-8df0-b8a187a6a038,498,69036,lpd,seizure,0,Seizure,0,True,294.3,0,1,111.8392296732593,bipolar,100.0,0.5-70 Hz,60 Hz,10.0,0.061751328432266106,397.9380655669654,1.4090961179876564,1.404613946853483,False,True
9882a6ab-26b1-4c7c-8df0-b8a187a6a038,499,88496,iic,lpd,0,Other,1,False,399.4,0,0,23.126300724677087,bipolar,100.0,0.5-70 Hz,60 Hz,10.0,0.06192781494049859,379.54448253862085,1.4027011107923615,1.4074608041937886,False,True
