case_id,origin,label_expert1,label_expert2,label_expert3,label_expert4
26394516,task2_images_v3/task2_event0001.png,domain4,domain4,domain3,domain4
26395322,task2_images_v3/task2_event0002.png,domain4,domain6,domain5,domain4
26393205,task2_images_v3/task2_event0003.png,domain5,domain7,domain5,domain2
26396871,task2_images_v3/task2_event0004.png,domain2,domain2,domain7,domain7
26397509,task2_images_v3/task2_event0005.png,domain6,domain6,domain6,domain6
26393787,task2_images_v3/task2_event0006.png,domain6,domain4,domain6,domain6
26394939,task2_images_v3/task2_event0007.png,domain4,domain4,domain4,domain4
26394292,task2_images_v3/task2_event0008.png,domain7,domain7,domain3,domain7
26393798,task2_images_v3/task2_event0009.png,domain5,domain5,domain5,domain5
26397588,task2_images_v3/task2_event0010.png,domain5,domain2,domain6,domain5
26395906,task2_images_v3/task2_event0011.png,domain6,domain5,domain6,domain6
26394694,task2_images_v3/task2_event0012.png,domain5,domain3,domain5,domain2
26394935,task2_images_v3/task2_event0013.png,domain3,domain3,domain3,domain3
26392927,task2_images_v3/task2_event0014.png,domain6,domain6,domain6,domain6
26395021,task2_images_v3/task2_event0015.png,domain3,domain4,domain3,domain4
26395201,task2_images_v3/task2_event0016.png,domain6,domain6,domain6,domain6
26393544,task2_images_v3/task2_event0017.png,domain4,domain2,domain3,domain4
26395180,task2_images_v3/task2_event0018.png,domain4,domain2,domain4,domain4
26395846,task2_images_v3/task2_event0019.png,domain6,domain5,domain6,domain6
26394232,task2_images_v3/task2_event0020.png,domain5,domain6,domain6,domain6
26393995,task2_images_v3/task2_event0021.png,domain4,domain4,domain4,domain4
26395076,task2_images_v3/task2_event0022.png,domain4,domain4,domain6,domain4
26396229,task2_images_v3/task2_event0023.png,domain4,domain4,domain7,domain4
26393372,task2_images_v3/task2_event0024.png,domain6,domain6,domain6,domain6
26393922,task2_images_v3/task2_event0025.png,domain3,domain4,domain5,domain5
26393188,task2_images_v3/task2_event0026.png,domain5,domain5,domain5,domain5
26392942,task2_images_v3/task2_event0027.png,domain7,domain7,domain3,domain3
26395962,task2_images_v3/task2_event0028.png,domain4,domain6,domain6,domain6
26392843,task2_images_v3/task2_event0029.png,domain3,domain3,domain5,domain3
26394018,task2_images_v3/task2_event0030.png,domain6,domain6,domain6,domain6
26397002,task2_images_v3/task2_event0031.png,domain5,domain5,domain5,domain5
26393149,task2_images_v3/task2_event0032.png,domain6,domain6,domain6,domain6
26393575,task2_images_v3/task2_event0033.png,domain6,domain6,domain6,domain6
26393843,task2_images_v3/task2_event0034.png,domain3,domain6,domain4,domain4
26397372,task2_images_v3/task2_event0035.png,domain7,domain7,domain5,domain6
26395063,task2_images_v3/task2_event0036.png,domain5,domain3,domain3,domain5
26396567,task2_images_v3/task2_event0037.png,domain4,domain4,domain4,domain4
26397021,task2_images_v3/task2_event0038.png,domain6,domain4,domain6,domain6
26395972,task2_images_v3/task2_event0039.png,domain4,domain4,domain4,domain4
26395210,task2_images_v3/task2_event0040.png,domain4,domain4,domain6,domain4
26395555,task2_images_v3/task2_event0041.png,domain4,domain4,domain4,domain4
26396207,task2_images_v3/task2_event0042.png,domain2,domain2,domain6,domain2
26395506,task2_images_v3/task2_event0043.png,domain3,domain3,domain3,domain3
26396927,task2_images_v3/task2_event0044.png,domain5,domain5,domain5,domain5
26395098,task2_images_v3/task2_event0045.png,domain6,domain6,domain6,domain6
26396996,task2_images_v3/task2_event0046.png,domain4,domain4,domain4,domain4
26393130,task2_images_v3/task2_event0047.png,domain5,domain3,domain6,domain6
26394768,task2_images_v3/task2_event0048.png,domain5,domain7,domain5,domain5
26394704,task2_images_v3/task2_event0049.png,domain2,domain3,domain6,domain6
26395609,task2_images_v3/task2_event0050.png,domain3,domain7,domain7,domain7
26394382,task2_images_v3/task2_event0051.png,domain4,domain4,domain4,domain4
26396917,task2_images_v3/task2_event0052.png,domain6,domain4,domain6,domain6
26397422,task2_images_v3/task2_event0053.png,domain2,domain2,domain4,domain2
26397608,task2_images_v3/task2_event0054.png,domain5,domain3,domain5,domain5
26397136,task2_images_v3/task2_event0055.png,domain4,domain4,domain3,domain4
26394114,task2_images_v3/task2_event0056.png,domain4,domain4,domain6,domain6
26397757,task2_images_v3/task2_event0057.png,domain2,domain2,domain2,domain2
26394680,task2_images_v3/task2_event0058.png,domain7,domain4,domain5,domain6
26393139,task2_images_v3/task2_event0059.png,domain4,domain4,domain6,domain4
26393126,task2_images_v3/task2_event0060.png,domain3,domain4,domain3,domain4
26393273,task2_images_v3/task2_event0061.png,domain4,domain3,domain6,domain4
26394894,task2_images_v3/task2_event0062.png,domain3,domain3,domain6,domain6
26396506,task2_images_v3/task2_event0063.png,domain4,domain7,domain5,domain6
26397379,task2_images_v3/task2_event0064.png,domain2,domain3,domain3,domain3
26394742,task2_images_v3/task2_event0065.png,domain6,domain3,domain6,domain6
26394131,task2_images_v3/task2_event0066.png,domain6,domain4,domain6,domain6
26397342,task2_images_v3/task2_event0067.png,domain6,domain4,domain6,domain4
26395458,task2_images_v3/task2_event0068.png,domain4,domain4,domain4,domain4
26397649,task2_images_v3/task2_event0069.png,domain5,domain3,domain5,domain5
26395321,task2_images_v3/task2_event0070.png,domain4,domain4,domain4,domain4
26395314,task2_images_v3/task2_event0071.png,domain3,domain3,domain5,domain5
26397487,task2_images_v3/task2_event0072.png,domain6,domain6,domain6,domain6
26394186,task2_images_v3/task2_event0073.png,domain7,domain7,domain7,domain7
26393308,task2_images_v3/task2_event0074.png,domain7,domain7,domain5,domain5
26395449,task2_images_v3/task2_event0075.png,domain2,domain3,domain3,domain6
26396142,task2_images_v3/task2_event0076.png,domain3,domain3,domain3,domain4
26397318,task2_images_v3/task2_event0077.png,domain6,domain4,domain6,domain6
26395933,task2_images_v3/task2_event0078.png,domain4,domain4,domain4,domain4
26395371,task2_images_v3/task2_event0079.png,domain5,domain3,domain5,domain6
26393028,task2_images_v3/task2_event0080.png,domain2,domain3,domain3,domain3
26396279,task2_images_v3/task2_event0081.png,domain5,domain3,domain3,domain5
26397774,task2_images_v3/task2_event0082.png,domain6,domain4,domain6,domain6
26394122,task2_images_v3/task2_event0083.png,domain2,domain2,domain6,domain2
26396317,task2_images_v3/task2_event0084.png,domain2,domain3,domain3,domain3
26395869,task2_images_v3/task2_event0085.png,domain2,domain2,domain3,domain3
26394052,task2_images_v3/task2_event0086.png,domain2,domain2,domain5,domain3
26397253,task2_images_v3/task2_event0087.png,domain5,domain3,domain5,domain5
26394469,task2_images_v3/task2_event0088.png,domain5,domain5,domain5,domain6
26393141,task2_images_v3/task2_event0089.png,domain4,domain4,domain4,domain4
26394411,task2_images_v3/task2_event0090.png,domain2,domain5,domain5,domain5
26393980,task2_images_v3/task2_event0091.png,domain5,domain5,domain5,domain6
26394738,task2_images_v3/task2_event0092.png,domain6,domain6,domain6,domain6
26397063,task2_images_v3/task2_event0093.png,domain4,domain4,domain6,domain4
26396720,task2_images_v3/task2_event0094.png,domain2,domain7,domain7,domain7
26395054,task2_images_v3/task2_event0095.png,domain2,domain4,domain4,domain4
26397683,task2_images_v3/task2_event0096.png,domain3,domain3,domain6,domain6
26394310,task2_images_v3/task2_event0097.png,domain6,domain6,domain6,domain6
26393968,task2_images_v3/task2_event0098.png,domain7,domain7,domain3,domain3
26394702,task2_images_v3/task2_event0099.png,domain4,domain4,domain4,domain4
26393503,task2_images_v3/task2_event0100.png,domain6,domain6,domain6,domain6
26394881,task2_images_v3/task2_event0101.png,domain3,domain3,domain5,domain5
26395476,task2_images_v3/task2_event0102.png,domain5,domain3,domain5,domain6
26396163,task2_images_v3/task2_event0103.png,domain4,domain4,domain7,domain4
26397181,task2_images_v3/task2_event0104.png,domain6,domain6,domain5,domain6
26395237,task2_images_v3/task2_event0105.png,domain2,domain2,domain2,domain2
26397552,task2_images_v3/task2_event0106.png,domain4,domain7,domain6,domain4
26397400,task2_images_v3/task2_event0107.png,domain5,domain7,domain5,domain5
26397157,task2_images_v3/task2_event0108.png,domain2,domain7,domain3,domain3
26395779,task2_images_v3/task2_event0109.png,domain5,domain3,domain5,domain5
26394527,task2_images_v3/task2_event0110.png,domain2,domain2,domain2,domain2
26395073,task2_images_v3/task2_event0111.png,domain3,domain3,domain3,domain3
26397766,task2_images_v3/task2_event0112.png,domain2,domain7,domain3,domain3
26396358,task2_images_v3/task2_event0113.png,domain5,domain3,domain5,domain6
26395492,task2_images_v3/task2_event0114.png,domain3,domain3,domain3,domain3
26396646,task2_images_v3/task2_event0115.png,domain4,domain4,domain3,domain7
26396545,task2_images_v3/task2_event0116.png,domain3,domain4,domain3,domain3
26393999,task2_images_v3/task2_event0117.png,domain4,domain4,domain6,domain4
26395620,task2_images_v3/task2_event0118.png,domain4,domain7,domain6,domain3
26396047,task2_images_v3/task2_event0119.png,domain6,domain7,domain6,domain6
26397526,task2_images_v3/task2_event0120.png,domain6,domain7,domain6,domain6
26396007,task2_images_v3/task2_event0121.png,domain6,domain6,domain6,domain6
26395925,task2_images_v3/task2_event0122.png,domain4,domain4,domain6,domain4
26396239,task2_images_v3/task2_event0123.png,domain4,domain6,domain6,domain6
26397536,task2_images_v3/task2_event0124.png,domain7,domain7,domain3,domain4
26394197,task2_images_v3/task2_event0125.png,domain4,domain4,domain6,domain4
26393872,task2_images_v3/task2_event0126.png,domain7,domain7,domain7,domain7
26395182,task2_images_v3/task2_event0127.png,domain4,domain4,domain4,domain4
26393807,task2_images_v3/task2_event0128.png,domain5,domain5,domain5,domain6
26395603,task2_images_v3/task2_event0129.png,domain6,domain6,domain6,domain6
26395636,task2_images_v3/task2_event0130.png,domain2,domain2,domain2,domain2
26393618,task2_images_v3/task2_event0131.png,domain5,domain3,domain5,domain2
26395720,task2_images_v3/task2_event0132.png,domain5,domain3,domain6,domain6
26394437,task2_images_v3/task2_event0133.png,domain6,domain4,domain6,domain6
26394646,task2_images_v3/task2_event0134.png,domain7,domain7,domain7,domain7
26395424,task2_images_v3/task2_event0135.png,domain2,domain4,domain4,domain4
26392876,task2_images_v3/task2_event0136.png,domain6,domain3,domain6,domain6
26397140,task2_images_v3/task2_event0137.png,domain6,domain6,domain6,domain6
26393418,task2_images_v3/task2_event0138.png,domain3,domain3,domain6,domain4
26394192,task2_images_v3/task2_event0139.png,domain7,domain4,domain5,domain6
26395248,task2_images_v3/task2_event0140.png,domain2,domain2,domain4,domain2
26395306,task2_images_v3/task2_event0141.png,domain2,domain2,domain2,domain6
26397431,task2_images_v3/task2_event0142.png,domain5,domain3,domain5,domain6
26396995,task2_images_v3/task2_event0143.png,domain3,domain3,domain3,domain5
26395812,task2_images_v3/task2_event0144.png,domain7,domain7,domain7,domain7
26395230,task2_images_v3/task2_event0145.png,domain4,domain4,domain4,domain4
26392840,task2_images_v3/task2_event0146.png,domain6,domain7,domain5,domain6
26393241,task2_images_v3/task2_event0147.png,domain5,domain5,domain5,domain5
26393113,task2_images_v3/task2_event0148.png,domain4,domain4,domain4,domain4
26395819,task2_images_v3/task2_event0149.png,domain5,domain4,domain5,domain6
26396628,task2_images_v3/task2_event0150.png,domain4,domain3,domain5,domain4
26395386,task2_images_v3/task2_event0151.png,domain7,domain7,domain7,domain7
26394183,task2_images_v3/task2_event0152.png,domain3,domain3,domain3,domain3
26394438,task2_images_v3/task2_event0153.png,domain4,domain4,domain4,domain4
26397156,task2_images_v3/task2_event0154.png,domain4,domain4,domain4,domain4
26397465,task2_images_v3/task2_event0155.png,domain7,domain3,domain3,domain3
26396611,task2_images_v3/task2_event0156.png,domain3,domain3,domain5,domain6
26397624,task2_images_v3/task2_event0157.png,domain6,domain4,domain6,domain6
26393891,task2_images_v3/task2_event0158.png,domain6,domain6,domain6,domain6
26394409,task2_images_v3/task2_event0159.png,domain6,domain4,domain6,domain6
26394461,task2_images_v3/task2_event0160.png,domain5,domain3,domain5,domain5
26394976,task2_images_v3/task2_event0161.png,domain3,domain3,domain5,domain5
26396659,task2_images_v3/task2_event0162.png,domain4,domain4,domain4,domain4
26397025,task2_images_v3/task2_event0163.png,domain5,domain3,domain5,domain6
26395374,task2_images_v3/task2_event0164.png,domain6,domain4,domain6,domain6
26396552,task2_images_v3/task2_event0165.png,domain7,domain7,domain7,domain7
26397158,task2_images_v3/task2_event0166.png,domain7,domain7,domain7,domain7
26393036,task2_images_v3/task2_event0167.png,domain5,domain3,domain5,domain5
26393706,task2_images_v3/task2_event0168.png,domain5,domain3,domain5,domain5
26395079,task2_images_v3/task2_event0169.png,domain5,domain3,domain6,domain5
26393751,task2_images_v3/task2_event0170.png,domain2,domain2,domain5,domain6
26395982,task2_images_v3/task2_event0171.png,domain3,domain4,domain6,domain6
26396536,task2_images_v3/task2_event0172.png,domain6,domain4,domain6,domain6
26395400,task2_images_v3/task2_event0173.png,domain4,domain4,domain5,domain4
26396267,task2_images_v3/task2_event0174.png,domain2,domain7,domain3,domain5
26396242,task2_images_v3/task2_event0175.png,domain4,domain2,domain4,domain4
26394381,task2_images_v3/task2_event0176.png,domain7,domain7,domain7,domain7
26395699,task2_images_v3/task2_event0177.png,domain6,domain6,domain6,domain6
26397029,task2_images_v3/task2_event0178.png,domain6,domain4,domain4,domain2
26393203,task2_images_v3/task2_event0179.png,domain5,domain3,domain5,domain5
26396534,task2_images_v3/task2_event0180.png,domain3,domain4,domain3,domain3
26395984,task2_images_v3/task2_event0181.png,domain3,domain3,domain6,domain5
26395133,task2_images_v3/task2_event0182.png,domain3,domain2,domain7,domain4
26395634,task2_images_v3/task2_event0183.png,domain3,domain4,domain6,domain4
26394340,task2_images_v3/task2_event0184.png,domain4,domain4,domain4,domain4
26393781,task2_images_v3/task2_event0185.png,domain2,domain2,domain2,domain2
26397368,task2_images_v3/task2_event0186.png,domain6,domain6,domain6,domain6
26392912,task2_images_v3/task2_event0187.png,domain6,domain6,domain6,domain6
26395746,task2_images_v3/task2_event0188.png,domain2,domain2,domain2,domain2
26396405,task2_images_v3/task2_event0189.png,domain7,domain7,domain7,domain7
26394221,task2_images_v3/task2_event0190.png,domain2,domain2,domain2,domain2
26393957,task2_images_v3/task2_event0191.png,domain2,domain2,domain2,domain2
26393765,task2_images_v3/task2_event0192.png,domain7,domain4,domain4,domain4
26397454,task2_images_v3/task2_event0193.png,domain5,domain3,domain5,domain6
26395589,task2_images_v3/task2_event0194.png,domain6,domain4,domain6,domain6
26396469,task2_images_v3/task2_event0195.png,domain2,domain2,domain2,domain2
26394944,task2_images_v3/task2_event0196.png,domain2,domain3,domain5,domain5
26393853,task2_images_v3/task2_event0197.png,domain2,domain2,domain2,domain4
26392943,task2_images_v3/task2_event0198.png,domain4,domain4,domain6,domain4
26397428,task2_images_v3/task2_event0199.png,domain3,domain3,domain5,domain5
26392993,task2_images_v3/task2_event0200.png,domain4,domain4,domain6,domain4
26393729,task2_images_v3/task2_event0201.png,domain7,domain7,domain6,domain7
26396630,task2_images_v3/task2_event0202.png,domain2,domain7,domain3,domain6
26395454,task2_images_v3/task2_event0203.png,domain2,domain2,domain4,domain2
26395849,task2_images_v3/task2_event0204.png,domain4,domain4,domain3,domain4
26397367,task2_images_v3/task2_event0205.png,domain5,domain5,domain5,domain5
26394957,task2_images_v3/task2_event0206.png,domain2,domain2,domain2,domain2
26395330,task2_images_v3/task2_event0207.png,domain2,domain4,domain6,domain2
26396928,task2_images_v3/task2_event0208.png,domain5,domain7,domain5,domain5
26394539,task2_images_v3/task2_event0209.png,domain6,domain6,domain6,domain6
26396278,task2_images_v3/task2_event0210.png,domain4,domain4,domain4,domain4
26395674,task2_images_v3/task2_event0211.png,domain4,domain4,domain6,domain4
26394600,task2_images_v3/task2_event0212.png,domain2,domain3,domain5,domain3
26397334,task2_images_v3/task2_event0213.png,domain3,domain7,domain3,domain5
26395889,task2_images_v3/task2_event0214.png,domain5,domain3,domain5,domain5
26397093,task2_images_v3/task2_event0215.png,domain4,domain4,domain4,domain4
26395072,task2_images_v3/task2_event0216.png,domain3,domain3,domain3,domain3
26393406,task2_images_v3/task2_event0217.png,domain5,domain7,domain5,domain5
26393931,task2_images_v3/task2_event0218.png,domain3,domain3,domain5,domain4
26395373,task2_images_v3/task2_event0219.png,domain2,domain7,domain3,domain3
26393129,task2_images_v3/task2_event0220.png,domain6,domain4,domain6,domain6
26394665,task2_images_v3/task2_event0221.png,domain5,domain3,domain5,domain6
26394277,task2_images_v3/task2_event0222.png,domain7,domain2,domain4,domain4
26393363,task2_images_v3/task2_event0223.png,domain6,domain5,domain5,domain6
26394605,task2_images_v3/task2_event0224.png,domain6,domain5,domain6,domain6
26397294,task2_images_v3/task2_event0225.png,domain2,domain2,domain6,domain2
26395518,task2_images_v3/task2_event0226.png,domain3,domain3,domain5,domain3
26393649,task2_images_v3/task2_event0227.png,domain5,domain4,domain5,domain5
26397656,task2_images_v3/task2_event0228.png,domain5,domain4,domain6,domain6
26395273,task2_images_v3/task2_event0229.png,domain2,domain2,domain5,domain2
26394817,task2_images_v3/task2_event0230.png,domain5,domain5,domain5,domain5
26394773,task2_images_v3/task2_event0231.png,domain5,domain3,domain5,domain5
26392945,task2_images_v3/task2_event0232.png,domain3,domain4,domain5,domain3
26396875,task2_images_v3/task2_event0233.png,domain4,domain4,domain4,domain4
26396249,task2_images_v3/task2_event0234.png,domain4,domain4,domain4,domain4
26393268,task2_images_v3/task2_event0235.png,domain2,domain4,domain5,domain6
26394574,task2_images_v3/task2_event0236.png,domain5,domain3,domain5,domain6
26394581,task2_images_v3/task2_event0237.png,domain4,domain4,domain4,domain4
26397695,task2_images_v3/task2_event0238.png,domain3,domain3,domain3,domain4
26393984,task2_images_v3/task2_event0239.png,domain6,domain4,domain6,domain6
26394376,task2_images_v3/task2_event0240.png,domain3,domain3,domain3,domain3
26395282,task2_images_v3/task2_event0241.png,domain4,domain4,domain4,domain4
26392809,task2_images_v3/task2_event0242.png,domain6,domain6,domain6,domain6
26395900,task2_images_v3/task2_event0243.png,domain7,domain7,domain7,domain7
26394748,task2_images_v3/task2_event0244.png,domain3,domain3,domain3,domain3
26397074,task2_images_v3/task2_event0245.png,domain3,domain3,domain3,domain3
26394101,task2_images_v3/task2_event0246.png,domain6,domain6,domain6,domain6
26393160,task2_images_v3/task2_event0247.png,domain2,domain2,domain3,domain2
26393613,task2_images_v3/task2_event0248.png,domain6,domain4,domain5,domain6
26397188,task2_images_v3/task2_event0249.png,domain6,domain3,domain6,domain6
26395701,task2_images_v3/task2_event0250.png,domain5,domain6,domain6,domain6
26397018,task2_images_v3/task2_event0251.png,domain7,domain3,domain3,domain3
26396165,task2_images_v3/task2_event0252.png,domain5,domain3,domain5,domain5
26392957,task2_images_v3/task2_event0253.png,domain6,domain4,domain6,domain6
26394167,task2_images_v3/task2_event0254.png,domain2,domain4,domain5,domain5
26396428,task2_images_v3/task2_event0255.png,domain6,domain4,domain6,domain4
26397614,task2_images_v3/task2_event0256.png,domain4,domain4,domain4,domain4
26396426,task2_images_v3/task2_event0257.png,domain2,domain2,domain6,domain2
26393599,task2_images_v3/task2_event0258.png,domain2,domain3,domain3,domain3
26395304,task2_images_v3/task2_event0259.png,domain2,domain3,domain3,domain3
26396274,task2_images_v3/task2_event0260.png,domain4,domain4,domain4,domain4
26393017,task2_images_v3/task2_event0261.png,domain6,domain4,domain6,domain6
26394586,task2_images_v3/task2_event0262.png,domain4,domain4,domain4,domain4
26392913,task2_images_v3/task2_event0263.png,domain3,domain3,domain3,domain3
26395727,task2_images_v3/task2_event0264.png,domain5,domain5,domain5,domain5
26396951,task2_images_v3/task2_event0265.png,domain5,domain3,domain5,domain2
26396065,task2_images_v3/task2_event0266.png,domain5,domain5,domain5,domain6
26394590,task2_images_v3/task2_event0267.png,domain2,domain7,domain2,domain2
26393084,task2_images_v3/task2_event0268.png,domain6,domain4,domain6,domain6
26395764,task2_images_v3/task2_event0269.png,domain5,domain4,domain5,domain6
26394229,task2_images_v3/task2_event0270.png,domain5,domain3,domain5,domain5
26393468,task2_images_v3/task2_event0271.png,domain5,domain3,domain5,domain6
26394634,task2_images_v3/task2_event0272.png,domain3,domain3,domain3,domain3
26397123,task2_images_v3/task2_event0273.png,domain6,domain4,domain4,domain4
26396727,task2_images_v3/task2_event0274.png,domain5,domain4,domain5,domain5
26393917,task2_images_v3/task2_event0275.png,domain5,domain3,domain5,domain6
26397572,task2_images_v3/task2_event0276.png,domain2,domain2,domain5,domain2
26394274,task2_images_v3/task2_event0277.png,domain7,domain7,domain7,domain7
26395135,task2_images_v3/task2_event0278.png,domain6,domain4,domain6,domain6
26395065,task2_images_v3/task2_event0279.png,domain6,domain7,domain6,domain4
26395309,task2_images_v3/task2_event0280.png,domain7,domain2,domain2,domain2
26395355,task2_images_v3/task2_event0281.png,domain2,domain2,domain2,domain2
26396585,task2_images_v3/task2_event0282.png,domain3,domain3,domain3,domain2
26393325,task2_images_v3/task2_event0283.png,domain4,domain2,domain2,domain4
26396032,task2_images_v3/task2_event0284.png,domain2,domain2,domain2,domain2
26395268,task2_images_v3/task2_event0285.png,domain7,domain7,domain4,domain2
26396048,task2_images_v3/task2_event0286.png,domain5,domain7,domain5,domain4
26395504,task2_images_v3/task2_event0287.png,domain4,domain4,domain4,domain4
26393475,task2_images_v3/task2_event0288.png,domain3,domain3,domain5,domain6
26392793,task2_images_v3/task2_event0289.png,domain5,domain4,domain5,domain6
26396042,task2_images_v3/task2_event0290.png,domain4,domain4,domain4,domain4
26396680,task2_images_v3/task2_event0291.png,domain5,domain3,domain5,domain3
26396226,task2_images_v3/task2_event0292.png,domain2,domain7,domain4,domain4
26394722,task2_images_v3/task2_event0293.png,domain4,domain4,domain4,domain4
26396412,task2_images_v3/task2_event0294.png,domain2,domain2,domain6,domain2
26393264,task2_images_v3/task2_event0295.png,domain4,domain4,domain4,domain4
26397640,task2_images_v3/task2_event0296.png,domain2,domain2,domain2,domain2
26394666,task2_images_v3/task2_event0297.png,domain4,domain3,domain4,domain4
26397524,task2_images_v3/task2_event0298.png,domain7,domain7,domain3,domain4
26394168,task2_images_v3/task2_event0299.png,domain3,domain4,domain3,domain4
26394594,task2_images_v3/task2_event0300.png,domain4,domain4,domain6,domain6
26393202,task2_images_v3/task2_event0301.png,domain2,domain2,domain2,domain2
26393981,task2_images_v3/task2_event0302.png,domain2,domain2,domain2,domain2
26397310,task2_images_v3/task2_event0303.png,domain6,domain6,domain6,domain6
26397390,task2_images_v3/task2_event0304.png,domain3,domain4,domain6,domain6
26395145,task2_images_v3/task2_event0305.png,domain4,domain4,domain6,domain4
26396408,task2_images_v3/task2_event0306.png,domain6,domain7,domain6,domain6
26396018,task2_images_v3/task2_event0307.png,domain4,domain4,domain6,domain6
26397035,task2_images_v3/task2_event0308.png,domain5,domain3,domain3,domain5
26393767,task2_images_v3/task2_event0309.png,domain4,domain4,domain4,domain4
26394726,task2_images_v3/task2_event0310.png,domain4,domain4,domain4,domain3
26394278,task2_images_v3/task2_event0311.png,domain3,domain6,domain3,domain4
26392846,task2_images_v3/task2_event0312.png,domain2,domain3,domain3,domain3
26396721,task2_images_v3/task2_event0313.png,domain5,domain5,domain5,domain5
26397476,task2_images_v3/task2_event0314.png,domain6,domain6,domain6,domain6
26396625,task2_images_v3/task2_event0315.png,domain4,domain4,domain3,domain4
26397278,task2_images_v3/task2_event0316.png,domain6,domain6,domain6,domain6
26397491,task2_images_v3/task2_event0317.png,domain3,domain4,domain4,domain4
26394204,task2_images_v3/task2_event0318.png,domain7,domain7,domain4,domain7
26392915,task2_images_v3/task2_event0319.png,domain3,domain7,domain3,domain2
26396333,task2_images_v3/task2_event0320.png,domain6,domain5,domain6,domain6
26393960,task2_images_v3/task2_event0321.png,domain5,domain3,domain5,domain5
26396717,task2_images_v3/task2_event0322.png,domain6,domain4,domain6,domain6
26393428,task2_images_v3/task2_event0323.png,domain5,domain3,domain5,domain5
26395015,task2_images_v3/task2_event0324.png,domain6,domain6,domain6,domain6
26394222,task2_images_v3/task2_event0325.png,domain6,domain3,domain6,domain4
26397091,task2_images_v3/task2_event0326.png,domain6,domain6,domain6,domain6
26393614,task2_images_v3/task2_event0327.png,domain7,domain7,domain7,domain7
26395459,task2_images_v3/task2_event0328.png,domain4,domain4,domain4,domain4
26396561,task2_images_v3/task2_event0329.png,domain5,domain3,domain3,domain3
26397692,task2_images_v3/task2_event0330.png,domain6,domain3,domain6,domain6
26394695,task2_images_v3/task2_event0331.png,domain3,domain3,domain3,domain3
26394158,task2_images_v3/task2_event0332.png,domain5,domain3,domain5,domain4
26394703,task2_images_v3/task2_event0333.png,domain6,domain4,domain6,domain4
26397396,task2_images_v3/task2_event0334.png,domain4,domain4,domain4,domain4
26395644,task2_images_v3/task2_event0335.png,domain6,domain7,domain6,domain6
26397387,task2_images_v3/task2_event0336.png,domain2,domain2,domain2,domain2
26394280,task2_images_v3/task2_event0337.png,domain4,domain7,domain7,domain7
26397076,task2_images_v3/task2_event0338.png,domain4,domain4,domain4,domain4
26396410,task2_images_v3/task2_event0339.png,domain3,domain3,domain3,domain3
26393309,task2_images_v3/task2_event0340.png,domain4,domain4,domain4,domain4
26396284,task2_images_v3/task2_event0341.png,domain2,domain2,domain2,domain2
26397776,task2_images_v3/task2_event0342.png,domain5,domain6,domain6,domain6
26393746,task2_images_v3/task2_event0343.png,domain3,domain3,domain3,domain3
26394443,task2_images_v3/task2_event0344.png,domain7,domain7,domain7,domain7
26395405,task2_images_v3/task2_event0345.png,domain2,domain2,domain2,domain2
26394387,task2_images_v3/task2_event0346.png,domain2,domain7,domain7,domain4
26395881,task2_images_v3/task2_event0347.png,domain3,domain3,domain3,domain3
26397527,task2_images_v3/task2_event0348.png,domain2,domain2,domain5,domain2
26396466,task2_images_v3/task2_event0349.png,domain3,domain3,domain3,domain3
26394860,task2_images_v3/task2_event0350.png,domain5,domain3,domain5,domain2
26395055,task2_images_v3/task2_event0351.png,domain5,domain3,domain5,domain2
26397376,task2_images_v3/task2_event0352.png,domain4,domain4,domain4,domain4
26393140,task2_images_v3/task2_event0353.png,domain5,domain7,domain5,domain2
26396499,task2_images_v3/task2_event0354.png,domain6,domain6,domain6,domain6
26392882,task2_images_v3/task2_event0355.png,domain2,domain2,domain4,domain2
26397762,task2_images_v3/task2_event0356.png,domain4,domain4,domain4,domain4
26393433,task2_images_v3/task2_event0357.png,domain5,domain4,domain6,domain5
26397599,task2_images_v3/task2_event0358.png,domain7,domain4,domain3,domain3
26393049,task2_images_v3/task2_event0359.png,domain7,domain2,domain2,domain2
26397292,task2_images_v3/task2_event0360.png,domain5,domain3,domain5,domain6
26394081,task2_images_v3/task2_event0361.png,domain3,domain7,domain6,domain4
26393313,task2_images_v3/task2_event0362.png,domain3,domain3,domain3,domain3
26393058,task2_images_v3/task2_event0363.png,domain4,domain4,domain3,domain4
26394266,task2_images_v3/task2_event0364.png,domain6,domain6,domain6,domain6
26394506,task2_images_v3/task2_event0365.png,domain4,domain7,domain6,domain2
26394868,task2_images_v3/task2_event0366.png,domain6,domain2,domain6,domain2
26397663,task2_images_v3/task2_event0367.png,domain3,domain3,domain3,domain3
26397145,task2_images_v3/task2_event0368.png,domain2,domain2,domain4,domain2
26397232,task2_images_v3/task2_event0369.png,domain4,domain2,domain4,domain2
26396283,task2_images_v3/task2_event0370.png,domain6,domain3,domain5,domain5
26395311,task2_images_v3/task2_event0371.png,domain2,domain2,domain2,domain2
26394433,task2_images_v3/task2_event0372.png,domain7,domain7,domain3,domain3
26393606,task2_images_v3/task2_event0373.png,domain6,domain6,domain6,domain6
26393725,task2_images_v3/task2_event0374.png,domain4,domain4,domain4,domain4
26394331,task2_images_v3/task2_event0375.png,domain4,domain4,domain4,domain4
26397416,task2_images_v3/task2_event0376.png,domain3,domain3,domain3,domain3
26395593,task2_images_v3/task2_event0377.png,domain2,domain4,domain6,domain6
26393644,task2_images_v3/task2_event0378.png,domain7,domain7,domain7,domain7
26395868,task2_images_v3/task2_event0379.png,domain3,domain3,domain3,domain3
26393883,task2_images_v3/task2_event0380.png,domain3,domain7,domain4,domain4
26393080,task2_images_v3/task2_event0381.png,domain2,domain2,domain2,domain2
26396258,task2_images_v3/task2_event0382.png,domain2,domain3,domain3,domain3
26397282,task2_images_v3/task2_event0383.png,domain3,domain3,domain5,domain3
26394615,task2_images_v3/task2_event0384.png,domain4,domain4,domain3,domain4
26394660,task2_images_v3/task2_event0385.png,domain5,domain3,domain5,domain2
26394013,task2_images_v3/task2_event0386.png,domain6,domain4,domain6,domain2
26397514,task2_images_v3/task2_event0387.png,domain3,domain3,domain5,domain5
26396848,task2_images_v3/task2_event0388.png,domain6,domain3,domain5,domain2
26395162,task2_images_v3/task2_event0389.png,domain7,domain4,domain3,domain7
26396623,task2_images_v3/task2_event0390.png,domain2,domain7,domain7,domain2
26394630,task2_images_v3/task2_event0391.png,domain6,domain6,domain6,domain6
26394313,task2_images_v3/task2_event0392.png,domain3,domain3,domain3,domain3
26396102,task2_images_v3/task2_event0393.png,domain3,domain3,domain3,domain3
26397725,task2_images_v3/task2_event0394.png,domain7,domain7,domain7,domain7
26395487,task2_images_v3/task2_event0395.png,domain2,domain2,domain5,domain2
26393275,task2_images_v3/task2_event0396.png,domain6,domain4,domain6,domain6
26394889,task2_images_v3/task2_event0397.png,domain2,domain2,domain2,domain2
26393152,task2_images_v3/task2_event0398.png,domain3,domain3,domain3,domain3
26393819,task2_images_v3/task2_event0399.png,domain6,domain2,domain6,domain3
26397750,task2_images_v3/task2_event0400.png,domain6,domain4,domain6,domain6
26397371,task2_images_v3/task2_event0401.png,domain7,domain2,domain7,domain7
26397600,task2_images_v3/task2_event0402.png,domain4,domain4,domain4,domain4
26396520,task2_images_v3/task2_event0403.png,domain3,domain4,domain4,domain3
26393127,task2_images_v3/task2_event0404.png,domain6,domain6,domain6,domain6
26395935,task2_images_v3/task2_event0405.png,domain4,domain4,domain4,domain4
26393837,task2_images_v3/task2_event0406.png,domain3,domain3,domain3,domain3
26396370,task2_images_v3/task2_event0407.png,domain4,domain7,domain3,domain3
26396271,task2_images_v3/task2_event0408.png,domain6,domain6,domain6,domain6
26396133,task2_images_v3/task2_event0409.png,domain6,domain4,domain6,domain6
26397256,task2_images_v3/task2_event0410.png,domain5,domain4,domain6,domain6
26393304,task2_images_v3/task2_event0411.png,domain7,domain4,domain7,domain4
26396911,task2_images_v3/task2_event0412.png,domain6,domain6,domain6,domain6
26394740,task2_images_v3/task2_event0413.png,domain4,domain4,domain4,domain4
26397667,task2_images_v3/task2_event0414.png,domain5,domain5,domain5,domain5
26397301,task2_images_v3/task2_event0415.png,domain2,domain3,domain3,domain4
26393930,task2_images_v3/task2_event0416.png,domain4,domain4,domain4,domain4
26393101,task2_images_v3/task2_event0417.png,domain2,domain2,domain2,domain2
26393368,task2_images_v3/task2_event0418.png,domain5,domain3,domain5,domain5
26396026,task2_images_v3/task2_event0419.png,domain2,domain7,domain2,domain7
26394880,task2_images_v3/task2_event0420.png,domain4,domain4,domain4,domain4
26394499,task2_images_v3/task2_event0421.png,domain6,domain3,domain6,domain6
26395277,task2_images_v3/task2_event0422.png,domain2,domain4,domain5,domain2
26393114,task2_images_v3/task2_event0423.png,domain3,domain3,domain3,domain3
26395710,task2_images_v3/task2_event0424.png,domain2,domain4,domain6,domain4
26396817,task2_images_v3/task2_event0425.png,domain5,domain3,domain2,domain6
26396459,task2_images_v3/task2_event0426.png,domain4,domain2,domain4,domain4
26393438,task2_images_v3/task2_event0427.png,domain4,domain4,domain4,domain4
26395349,task2_images_v3/task2_event0428.png,domain3,domain3,domain3,domain3
26395913,task2_images_v3/task2_event0429.png,domain4,domain4,domain6,domain4
26394333,task2_images_v3/task2_event0430.png,domain3,domain3,domain3,domain3
26396490,task2_images_v3/task2_event0431.png,domain6,domain5,domain6,domain6
26396449,task2_images_v3/task2_event0432.png,domain2,domain3,domain3,domain3
26394099,task2_images_v3/task2_event0433.png,domain2,domain3,domain3,domain2
26395614,task2_images_v3/task2_event0434.png,domain5,domain3,domain3,domain3
26393750,task2_images_v3/task2_event0435.png,domain5,domain4,domain4,domain3
26396297,task2_images_v3/task2_event0436.png,domain5,domain7,domain5,domain5
26397782,task2_images_v3/task2_event0437.png,domain4,domain4,domain4,domain4
26394337,task2_images_v3/task2_event0438.png,domain7,domain3,domain3,domain7
26394925,task2_images_v3/task2_event0439.png,domain4,domain4,domain4,domain4
26393903,task2_images_v3/task2_event0440.png,domain6,domain3,domain6,domain6
26396001,task2_images_v3/task2_event0441.png,domain5,domain3,domain3,domain7
26394791,task2_images_v3/task2_event0442.png,domain7,domain7,domain3,domain7
26396020,task2_images_v3/task2_event0443.png,domain2,domain2,domain6,domain2
26395771,task2_images_v3/task2_event0444.png,domain5,domain3,domain5,domain5
26394089,task2_images_v3/task2_event0445.png,domain6,domain4,domain6,domain6
26397019,task2_images_v3/task2_event0446.png,domain6,domain4,domain6,domain6
26392936,task2_images_v3/task2_event0447.png,domain6,domain4,domain6,domain6
26392834,task2_images_v3/task2_event0448.png,domain5,domain3,domain5,domain5
26393665,task2_images_v3/task2_event0449.png,domain4,domain4,domain4,domain4
26397545,task2_images_v3/task2_event0450.png,domain2,domain3,domain3,domain5
26395034,task2_images_v3/task2_event0451.png,domain4,domain4,domain4,domain4
26396723,task2_images_v3/task2_event0452.png,domain5,domain5,domain5,domain5
26396542,task2_images_v3/task2_event0453.png,domain4,domain4,domain4,domain4
26397321,task2_images_v3/task2_event0454.png,domain5,domain3,domain5,domain5
26397362,task2_images_v3/task2_event0455.png,domain4,domain4,domain4,domain4
26397272,task2_images_v3/task2_event0456.png,domain2,domain3,domain3,domain3
26394839,task2_images_v3/task2_event0457.png,domain3,domain7,domain6,domain3
26396070,task2_images_v3/task2_event0458.png,domain3,domain3,domain3,domain3
26396158,task2_images_v3/task2_event0459.png,domain7,domain7,domain7,domain7
26396082,task2_images_v3/task2_event0460.png,domain7,domain7,domain7,domain7
26393952,task2_images_v3/task2_event0461.png,domain2,domain2,domain7,domain2
26393311,task2_images_v3/task2_event0462.png,domain5,domain3,domain3,domain3
26396481,task2_images_v3/task2_event0463.png,domain5,domain3,domain5,domain5
26394025,task2_images_v3/task2_event0464.png,domain6,domain4,domain4,domain4
26395217,task2_images_v3/task2_event0465.png,domain2,domain4,domain6,domain4
26396178,task2_images_v3/task2_event0466.png,domain6,domain5,domain6,domain6
26393261,task2_images_v3/task2_event0467.png,domain6,domain3,domain6,domain6
26393864,task2_images_v3/task2_event0468.png,domain4,domain4,domain3,domain4
26393792,task2_images_v3/task2_event0469.png,domain3,domain3,domain5,domain5
26394213,task2_images_v3/task2_event0470.png,domain5,domain3,domain5,domain5
26393718,task2_images_v3/task2_event0471.png,domain3,domain3,domain3,domain7
26396876,task2_images_v3/task2_event0472.png,domain7,domain2,domain6,domain2
26396164,task2_images_v3/task2_event0473.png,domain4,domain4,domain4,domain4
26396329,task2_images_v3/task2_event0474.png,domain7,domain4,domain4,domain7
26394361,task2_images_v3/task2_event0475.png,domain7,domain4,domain4,domain4
26395747,task2_images_v3/task2_event0476.png,domain4,domain4,domain4,domain4
26395684,task2_images_v3/task2_event0477.png,domain3,domain4,domain4,domain3
26393528,task2_images_v3/task2_event0478.png,domain7,domain7,domain4,domain5
26393588,task2_images_v3/task2_event0479.png,domain5,domain7,domain3,domain2
26393776,task2_images_v3/task2_event0480.png,domain6,domain4,domain4,domain4
26395810,task2_images_v3/task2_event0481.png,domain4,domain4,domain4,domain4
26397373,task2_images_v3/task2_event0482.png,domain2,domain4,domain7,domain7
26396821,task2_images_v3/task2_event0483.png,domain2,domain7,domain7,domain7
26397604,task2_images_v3/task2_event0484.png,domain6,domain4,domain4,domain4
26396462,task2_images_v3/task2_event0485.png,domain7,domain4,domain4,domain7
26397773,task2_images_v3/task2_event0486.png,domain3,domain4,domain6,domain3
26393240,task2_images_v3/task2_event0487.png,domain4,domain4,domain4,domain3
26393551,task2_images_v3/task2_event0488.png,domain2,domain2,domain6,domain2
26393897,task2_images_v3/task2_event0489.png,domain2,domain4,domain3,domain3
26397109,task2_images_v3/task2_event0490.png,domain2,domain3,domain3,domain3
26393726,task2_images_v3/task2_event0491.png,domain2,domain4,domain4,domain2
26393415,task2_images_v3/task2_event0492.png,domain5,domain6,domain5,domain5
26395325,task2_images_v3/task2_event0493.png,domain3,domain3,domain3,domain3
26393511,task2_images_v3/task2_event0494.png,domain2,domain2,domain2,domain2
26393639,task2_images_v3/task2_event0495.png,domain3,domain4,domain6,domain4
26395226,task2_images_v3/task2_event0496.png,domain2,domain4,domain3,domain3
26397576,task2_images_v3/task2_event0497.png,domain3,domain7,domain3,domain3
26393993,task2_images_v3/task2_event0498.png,domain4,domain7,domain3,domain3
26396761,task2_images_v3/task2_event0499.png,domain4,domain7,domain4,domain3
26397636,task2_images_v3/task2_event0500.png,domain4,domain4,domain4,domain4
26396427,task2_images_v3/task2_event0501.png,domain3,domain3,domain3,domain3
26393331,task2_images_v3/task2_event0502.png,domain2,domain2,domain2,domain3
26397288,task2_images_v3/task2_event0503.png,domain4,domain3,domain4,domain4
26396740,task2_images_v3/task2_event0504.png,domain3,domain3,domain5,domain5
26394566,task2_images_v3/task2_event0505.png,domain3,domain3,domain3,domain3
26396415,task2_images_v3/task2_event0506.png,domain2,domain4,domain4,domain4
26397051,task2_images_v3/task2_event0507.png,domain5,domain4,domain3,domain6
26396374,task2_images_v3/task2_event0508.png,domain2,domain3,domain3,domain3
26393873,task2_images_v3/task2_event0509.png,domain5,domain3,domain5,domain5
26395590,task2_images_v3/task2_event0510.png,domain3,domain4,domain3,domain3
26395254,task2_images_v3/task2_event0511.png,domain3,domain4,domain6,domain4
26397473,task2_images_v3/task2_event0512.png,domain6,domain4,domain3,domain4
26396509,task2_images_v3/task2_event0513.png,domain7,domain7,domain2,domain7
26396204,task2_images_v3/task2_event0514.png,domain2,domain3,domain2,domain2
26395615,task2_images_v3/task2_event0515.png,domain7,domain7,domain7,domain3
26392810,task2_images_v3/task2_event0516.png,domain2,domain4,domain3,domain3
26396540,task2_images_v3/task2_event0517.png,domain7,domain7,domain7,domain7
26395681,task2_images_v3/task2_event0518.png,domain4,domain4,domain6,domain4
26394268,task2_images_v3/task2_event0519.png,domain7,domain4,domain4,domain3
26393570,task2_images_v3/task2_event0520.png,domain7,domain7,domain7,domain7
26394488,task2_images_v3/task2_event0521.png,domain4,domain4,domain4,domain7
26397570,task2_images_v3/task2_event0522.png,domain2,domain4,domain4,domain2
26395757,task2_images_v3/task2_event0523.png,domain3,domain4,domain3,domain3
26393411,task2_images_v3/task2_event0524.png,domain4,domain2,domain4,domain4
26395537,task2_images_v3/task2_event0525.png,domain7,domain7,domain4,domain4
26393354,task2_images_v3/task2_event0526.png,domain2,domain2,domain2,domain2
26397436,task2_images_v3/task2_event0527.png,domain3,domain3,domain3,domain3
26394654,task2_images_v3/task2_event0528.png,domain5,domain3,domain5,domain5
26395618,task2_images_v3/task2_event0529.png,domain5,domain3,domain5,domain3
26397578,task2_images_v3/task2_event0530.png,domain4,domain4,domain3,domain3
26395535,task2_images_v3/task2_event0531.png,domain5,domain3,domain5,domain5
26397124,task2_images_v3/task2_event0532.png,domain2,domain3,domain5,domain3
26396432,task2_images_v3/task2_event0533.png,domain2,domain2,domain2,domain2
26395947,task2_images_v3/task2_event0534.png,domain2,domain2,domain4,domain2
26393145,task2_images_v3/task2_event0535.png,domain6,domain4,domain6,domain6
26395368,task2_images_v3/task2_event0536.png,domain6,domain4,domain6,domain6
26392997,task2_images_v3/task2_event0537.png,domain7,domain4,domain4,domain4
26395752,task2_images_v3/task2_event0538.png,domain5,domain3,domain5,domain5
26393674,task2_images_v3/task2_event0539.png,domain2,domain2,domain2,domain2
26396256,task2_images_v3/task2_event0540.png,domain5,domain3,domain5,domain5
26394693,task2_images_v3/task2_event0541.png,domain6,domain4,domain6,domain6
26394845,task2_images_v3/task2_event0542.png,domain4,domain3,domain4,domain3
26393501,task2_images_v3/task2_event0543.png,domain4,domain4,domain4,domain4
26397070,task2_images_v3/task2_event0544.png,domain2,domain2,domain2,domain4
26393015,task2_images_v3/task2_event0545.png,domain3,domain4,domain6,domain3
26394949,task2_images_v3/task2_event0546.png,domain5,domain3,domain5,domain5
26392917,task2_images_v3/task2_event0547.png,domain3,domain3,domain3,domain3
26393621,task2_images_v3/task2_event0548.png,domain7,domain4,domain4,domain3
26393409,task2_images_v3/task2_event0549.png,domain6,domain4,domain6,domain6
26395122,task2_images_v3/task2_event0550.png,domain7,domain4,domain4,domain4
26393155,task2_images_v3/task2_event0551.png,domain4,domain4,domain4,domain4
26397319,task2_images_v3/task2_event0552.png,domain4,domain4,domain4,domain4
26393898,task2_images_v3/task2_event0553.png,domain2,domain4,domain4,domain4
26397352,task2_images_v3/task2_event0554.png,domain3,domain4,domain3,domain3
26393360,task2_images_v3/task2_event0555.png,domain2,domain2,domain6,domain2
26393490,task2_images_v3/task2_event0556.png,domain3,domain3,domain3,domain3
26394818,task2_images_v3/task2_event0557.png,domain6,domain4,domain6,domain3
26396572,task2_images_v3/task2_event0558.png,domain5,domain4,domain6,domain6
26396616,task2_images_v3/task2_event0559.png,domain4,domain4,domain4,domain4
26397495,task2_images_v3/task2_event0560.png,domain6,domain4,domain6,domain6
26394390,task2_images_v3/task2_event0561.png,domain6,domain4,domain6,domain6
26394661,task2_images_v3/task2_event0562.png,domain4,domain4,domain4,domain4
26396948,task2_images_v3/task2_event0563.png,domain3,domain3,domain3,domain3
26396023,task2_images_v3/task2_event0564.png,domain5,domain4,domain6,domain6
26395824,task2_images_v3/task2_event0565.png,domain5,domain3,domain5,domain5
26394843,task2_images_v3/task2_event0566.png,domain4,domain4,domain4,domain4
26393920,task2_images_v3/task2_event0567.png,domain5,domain3,domain6,domain5
26393634,task2_images_v3/task2_event0568.png,domain4,domain4,domain4,domain7
26393978,task2_images_v3/task2_event0569.png,domain4,domain4,domain4,domain4
26397083,task2_images_v3/task2_event0570.png,domain3,domain3,domain3,domain5
26397547,task2_images_v3/task2_event0571.png,domain5,domain3,domain5,domain5
26397118,task2_images_v3/task2_event0572.png,domain5,domain3,domain5,domain2
26392974,task2_images_v3/task2_event0573.png,domain3,domain3,domain3,domain3
26393505,task2_images_v3/task2_event0574.png,domain4,domain4,domain7,domain3
26394271,task2_images_v3/task2_event0575.png,domain4,domain2,domain3,domain4
26394732,task2_images_v3/task2_event0576.png,domain2,domain2,domain2,domain2
26396005,task2_images_v3/task2_event0577.png,domain6,domain4,domain6,domain6
26396006,task2_images_v3/task2_event0578.png,domain7,domain7,domain3,domain3
26395289,task2_images_v3/task2_event0579.png,domain3,domain4,domain3,domain3
26394464,task2_images_v3/task2_event0580.png,domain2,domain4,domain3,domain3
26396049,task2_images_v3/task2_event0581.png,domain5,domain4,domain5,domain6
26394529,task2_images_v3/task2_event0582.png,domain2,domain7,domain7,domain3
26394166,task2_images_v3/task2_event0583.png,domain3,domain7,domain3,domain3
26393654,task2_images_v3/task2_event0584.png,domain6,domain4,domain6,domain6
26396327,task2_images_v3/task2_event0585.png,domain6,domain4,domain6,domain6
26393198,task2_images_v3/task2_event0586.png,domain3,domain3,domain6,domain3
26394005,task2_images_v3/task2_event0587.png,domain7,domain7,domain3,domain7
26392838,task2_images_v3/task2_event0588.png,domain5,domain4,domain6,domain3
26395480,task2_images_v3/task2_event0589.png,domain7,domain7,domain3,domain3
26394676,task2_images_v3/task2_event0590.png,domain7,domain7,domain7,domain7
26393089,task2_images_v3/task2_event0591.png,domain6,domain6,domain6,domain6
26393517,task2_images_v3/task2_event0592.png,domain6,domain6,domain6,domain6
26397177,task2_images_v3/task2_event0593.png,domain2,domain4,domain6,domain7
26392808,task2_images_v3/task2_event0594.png,domain6,domain4,domain6,domain6
26395538,task2_images_v3/task2_event0595.png,domain3,domain4,domain6,domain3
26393469,task2_images_v3/task2_event0596.png,domain3,domain3,domain3,domain3
26393000,task2_images_v3/task2_event0597.png,domain6,domain4,domain5,domain5
26393880,task2_images_v3/task2_event0598.png,domain7,domain7,domain7,domain7
26397665,task2_images_v3/task2_event0599.png,domain2,domain2,domain2,domain2
26395774,task2_images_v3/task2_event0600.png,domain5,domain4,domain6,domain6
26393914,task2_images_v3/task2_event0601.png,domain6,domain4,domain6,domain6
26397336,task2_images_v3/task2_event0602.png,domain3,domain7,domain3,domain3
26394616,task2_images_v3/task2_event0603.png,domain2,domain2,domain2,domain2
26397690,task2_images_v3/task2_event0604.png,domain2,domain3,domain3,domain3
26394079,task2_images_v3/task2_event0605.png,domain5,domain3,domain5,domain5
26397704,task2_images_v3/task2_event0606.png,domain3,domain3,domain3,domain3
26394455,task2_images_v3/task2_event0607.png,domain2,domain2,domain2,domain2
26393578,task2_images_v3/task2_event0608.png,domain4,domain4,domain6,domain6
26395417,task2_images_v3/task2_event0609.png,domain2,domain4,domain6,domain2
26395361,task2_images_v3/task2_event0610.png,domain5,domain7,domain7,domain7
26393142,task2_images_v3/task2_event0611.png,domain7,domain3,domain4,domain4
26397259,task2_images_v3/task2_event0612.png,domain6,domain4,domain6,domain5
26395159,task2_images_v3/task2_event0613.png,domain5,domain3,domain7,domain5
26395854,task2_images_v3/task2_event0614.png,domain6,domain4,domain4,domain4
26393829,task2_images_v3/task2_event0615.png,domain3,domain3,domain3,domain3
26397474,task2_images_v3/task2_event0616.png,domain5,domain7,domain5,domain5
26395709,task2_images_v3/task2_event0617.png,domain2,domain2,domain2,domain2
26394857,task2_images_v3/task2_event0618.png,domain5,domain3,domain5,domain5
26396594,task2_images_v3/task2_event0619.png,domain4,domain4,domain4,domain4
26392924,task2_images_v3/task2_event0620.png,domain2,domain3,domain3,domain3
26393234,task2_images_v3/task2_event0621.png,domain2,domain4,domain6,domain2
26393456,task2_images_v3/task2_event0622.png,domain3,domain3,domain3,domain3
26396989,task2_images_v3/task2_event0623.png,domain4,domain4,domain4,domain2
26394115,task2_images_v3/task2_event0624.png,domain2,domain3,domain3,domain5
26393577,task2_images_v3/task2_event0625.png,domain6,domain4,domain6,domain6
26396523,task2_images_v3/task2_event0626.png,domain4,domain4,domain6,domain4
26397493,task2_images_v3/task2_event0627.png,domain5,domain2,domain2,domain7
26393550,task2_images_v3/task2_event0628.png,domain2,domain2,domain2,domain2
26396551,task2_images_v3/task2_event0629.png,domain3,domain3,domain3,domain3
26393336,task2_images_v3/task2_event0630.png,domain2,domain4,domain4,domain4
26396011,task2_images_v3/task2_event0631.png,domain7,domain4,domain4,domain4
26394689,task2_images_v3/task2_event0632.png,domain5,domain3,domain5,domain6
26395308,task2_images_v3/task2_event0633.png,domain4,domain4,domain3,domain3
26396299,task2_images_v3/task2_event0634.png,domain5,domain7,domain5,domain3
26396673,task2_images_v3/task2_event0635.png,domain4,domain4,domain3,domain4
26396052,task2_images_v3/task2_event0636.png,domain6,domain4,domain6,domain6
26393120,task2_images_v3/task2_event0637.png,domain2,domain3,domain2,domain3
26393090,task2_images_v3/task2_event0638.png,domain7,domain3,domain3,domain3
26393693,task2_images_v3/task2_event0639.png,domain3,domain3,domain3,domain3
26397480,task2_images_v3/task2_event0640.png,domain4,domain4,domain4,domain4
26393274,task2_images_v3/task2_event0641.png,domain6,domain4,domain6,domain6
26396000,task2_images_v3/task2_event0642.png,domain5,domain3,domain5,domain5
26396125,task2_images_v3/task2_event0643.png,domain4,domain4,domain3,domain3
26395196,task2_images_v3/task2_event0644.png,domain7,domain4,domain7,domain3
26393375,task2_images_v3/task2_event0645.png,domain2,domain7,domain2,domain3
26395999,task2_images_v3/task2_event0646.png,domain4,domain4,domain4,domain4
26395580,task2_images_v3/task2_event0647.png,domain4,domain4,domain4,domain4
26393808,task2_images_v3/task2_event0648.png,domain6,domain4,domain6,domain6
26394478,task2_images_v3/task2_event0649.png,domain5,domain3,domain5,domain5
26394763,task2_images_v3/task2_event0650.png,domain4,domain4,domain4,domain4
26395274,task2_images_v3/task2_event0651.png,domain3,domain7,domain5,domain3
26397245,task2_images_v3/task2_event0652.png,domain5,domain4,domain6,domain6
26397591,task2_images_v3/task2_event0653.png,domain6,domain4,domain6,domain6
26393558,task2_images_v3/task2_event0654.png,domain7,domain7,domain7,domain7
26396686,task2_images_v3/task2_event0655.png,domain4,domain4,domain4,domain4
26397284,task2_images_v3/task2_event0656.png,domain3,domain4,domain3,domain3
26395581,task2_images_v3/task2_event0657.png,domain6,domain3,domain5,domain6
26395307,task2_images_v3/task2_event0658.png,domain2,domain2,domain2,domain2
26393301,task2_images_v3/task2_event0659.png,domain6,domain4,domain6,domain4
26394190,task2_images_v3/task2_event0660.png,domain6,domain4,domain6,domain6
26395569,task2_images_v3/task2_event0661.png,domain4,domain4,domain4,domain4
26394087,task2_images_v3/task2_event0662.png,domain7,domain3,domain3,domain3
26392817,task2_images_v3/task2_event0663.png,domain3,domain4,domain7,domain6
26395905,task2_images_v3/task2_event0664.png,domain3,domain3,domain5,domain5
26397131,task2_images_v3/task2_event0665.png,domain4,domain4,domain4,domain4
26393481,task2_images_v3/task2_event0666.png,domain2,domain2,domain3,domain3
26393773,task2_images_v3/task2_event0667.png,domain4,domain4,domain4,domain4
26397532,task2_images_v3/task2_event0668.png,domain5,domain3,domain3,domain3
26397445,task2_images_v3/task2_event0669.png,domain5,domain4,domain5,domain6
26395179,task2_images_v3/task2_event0670.png,domain2,domain2,domain3,domain6
26394245,task2_images_v3/task2_event0671.png,domain2,domain3,domain2,domain2
26394062,task2_images_v3/task2_event0672.png,domain2,domain3,domain2,domain3
26393003,task2_images_v3/task2_event0673.png,domain2,domain7,domain3,domain3
26393724,task2_images_v3/task2_event0674.png,domain4,domain4,domain4,domain4
26397705,task2_images_v3/task2_event0675.png,domain3,domain7,domain3,domain5
26395808,task2_images_v3/task2_event0676.png,domain5,domain3,domain3,domain5
26393592,task2_images_v3/task2_event0677.png,domain4,domain4,domain4,domain4
26394536,task2_images_v3/task2_event0678.png,domain5,domain7,domain3,domain3
26397666,task2_images_v3/task2_event0679.png,domain7,domain7,domain3,domain3
26394520,task2_images_v3/task2_event0680.png,domain2,domain2,domain2,domain2
26394238,task2_images_v3/task2_event0681.png,domain7,domain2,domain3,domain3
26394708,task2_images_v3/task2_event0682.png,domain6,domain4,domain4,domain4
26395568,task2_images_v3/task2_event0683.png,domain6,domain4,domain6,domain6
26394577,task2_images_v3/task2_event0684.png,domain2,domain3,domain3,domain5
26394336,task2_images_v3/task2_event0685.png,domain2,domain7,domain2,domain7
26394910,task2_images_v3/task2_event0686.png,domain2,domain3,domain3,domain3
26393286,task2_images_v3/task2_event0687.png,domain6,domain4,domain6,domain6
26396702,task2_images_v3/task2_event0688.png,domain3,domain7,domain3,domain4
26393183,task2_images_v3/task2_event0689.png,domain2,domain2,domain2,domain2
26397650,task2_images_v3/task2_event0690.png,domain7,domain4,domain7,domain3
26396170,task2_images_v3/task2_event0691.png,domain5,domain5,domain3,domain5
26393607,task2_images_v3/task2_event0692.png,domain3,domain3,domain3,domain3
26394233,task2_images_v3/task2_event0693.png,domain2,domain4,domain3,domain3
26397457,task2_images_v3/task2_event0694.png,domain3,domain4,domain7,domain3
26395116,task2_images_v3/task2_event0695.png,domain7,domain7,domain7,domain7
26396453,task2_images_v3/task2_event0696.png,domain6,domain4,domain6,domain6
26394066,task2_images_v3/task2_event0697.png,domain6,domain4,domain6,domain6
26396219,task2_images_v3/task2_event0698.png,domain5,domain4,domain5,domain5
26393533,task2_images_v3/task2_event0699.png,domain6,domain4,domain3,domain6
26393717,task2_images_v3/task2_event0700.png,domain6,domain6,domain6,domain6
26395041,task2_images_v3/task2_event0701.png,domain3,domain3,domain3,domain3
26393497,task2_images_v3/task2_event0702.png,domain3,domain3,domain3,domain3
26395341,task2_images_v3/task2_event0703.png,domain6,domain3,domain6,domain6
26393954,task2_images_v3/task2_event0704.png,domain6,domain4,domain5,domain6
26396997,task2_images_v3/task2_event0705.png,domain7,domain7,domain7,domain3
26394597,task2_images_v3/task2_event0706.png,domain2,domain4,domain4,domain4
26394290,task2_images_v3/task2_event0707.png,domain2,domain3,domain3,domain5
26396319,task2_images_v3/task2_event0708.png,domain2,domain2,domain3,domain4
26394315,task2_images_v3/task2_event0709.png,domain6,domain3,domain6,domain6
26395726,task2_images_v3/task2_event0710.png,domain5,domain3,domain3,domain5
26394071,task2_images_v3/task2_event0711.png,domain5,domain3,domain3,domain5
26392819,task2_images_v3/task2_event0712.png,domain6,domain4,domain6,domain6
26393865,task2_images_v3/task2_event0713.png,domain3,domain3,domain3,domain3
26396190,task2_images_v3/task2_event0714.png,domain4,domain4,domain4,domain4
26395802,task2_images_v3/task2_event0715.png,domain5,domain4,domain6,domain6
26392909,task2_images_v3/task2_event0716.png,domain6,domain4,domain5,domain6
26395290,task2_images_v3/task2_event0717.png,domain5,domain4,domain6,domain5
26394564,task2_images_v3/task2_event0718.png,domain6,domain4,domain6,domain6
26393248,task2_images_v3/task2_event0719.png,domain6,domain4,domain6,domain6
26396600,task2_images_v3/task2_event0720.png,domain7,domain7,domain7,domain7
26397094,task2_images_v3/task2_event0721.png,domain3,domain4,domain3,domain6
26396604,task2_images_v3/task2_event0722.png,domain7,domain3,domain7,domain7
26392814,task2_images_v3/task2_event0723.png,domain5,domain3,domain5,domain5
26397655,task2_images_v3/task2_event0724.png,domain6,domain4,domain6,domain6
26394107,task2_images_v3/task2_event0725.png,domain2,domain2,domain2,domain2
26397424,task2_images_v3/task2_event0726.png,domain2,domain4,domain4,domain4
26394822,task2_images_v3/task2_event0727.png,domain4,domain4,domain7,domain4
26393043,task2_images_v3/task2_event0728.png,domain2,domain4,domain4,domain2
26394301,task2_images_v3/task2_event0729.png,domain5,domain7,domain5,domain5
26396507,task2_images_v3/task2_event0730.png,domain5,domain3,domain5,domain5
26396342,task2_images_v3/task2_event0731.png,domain5,domain3,domain5,domain5
26395059,task2_images_v3/task2_event0732.png,domain4,domain4,domain6,domain4
26396972,task2_images_v3/task2_event0733.png,domain4,domain4,domain4,domain4
26393820,task2_images_v3/task2_event0734.png,domain5,domain2,domain6,domain3
26395232,task2_images_v3/task2_event0735.png,domain3,domain4,domain3,domain3
26397761,task2_images_v3/task2_event0736.png,domain2,domain4,domain4,domain4
26395936,task2_images_v3/task2_event0737.png,domain4,domain4,domain3,domain4
26396071,task2_images_v3/task2_event0738.png,domain7,domain4,domain3,domain4
26397563,task2_images_v3/task2_event0739.png,domain4,domain4,domain3,domain4
26397744,task2_images_v3/task2_event0740.png,domain3,domain4,domain5,domain5
26396293,task2_images_v3/task2_event0741.png,domain4,domain4,domain4,domain4
26397506,task2_images_v3/task2_event0742.png,domain4,domain4,domain2,domain6
26394324,task2_images_v3/task2_event0743.png,domain7,domain4,domain7,domain6
26392842,task2_images_v3/task2_event0744.png,domain2,domain2,domain2,domain2
26392967,task2_images_v3/task2_event0745.png,domain4,domain4,domain7,domain4
26394267,task2_images_v3/task2_event0746.png,domain3,domain3,domain3,domain3
26394958,task2_images_v3/task2_event0747.png,domain3,domain3,domain3,domain3
26396516,task2_images_v3/task2_event0748.png,domain4,domain4,domain4,domain4
26397273,task2_images_v3/task2_event0749.png,domain2,domain3,domain3,domain5
26395778,task2_images_v3/task2_event0750.png,domain5,domain3,domain5,domain5
26397382,task2_images_v3/task2_event0751.png,domain3,domain3,domain3,domain3
26396617,task2_images_v3/task2_event0752.png,domain5,domain3,domain5,domain5
26394643,task2_images_v3/task2_event0753.png,domain4,domain4,domain4,domain4
26393516,task2_images_v3/task2_event0754.png,domain2,domain7,domain3,domain3
26393881,task2_images_v3/task2_event0755.png,domain4,domain7,domain4,domain4
26396629,task2_images_v3/task2_event0756.png,domain7,domain4,domain3,domain7
26393507,task2_images_v3/task2_event0757.png,domain4,domain4,domain4,domain4
26397753,task2_images_v3/task2_event0758.png,domain5,domain3,domain6,domain5
26397306,task2_images_v3/task2_event0759.png,domain3,domain3,domain3,domain5
26396837,task2_images_v3/task2_event0760.png,domain7,domain4,domain3,domain3
26396674,task2_images_v3/task2_event0761.png,domain4,domain4,domain7,domain3
26397726,task2_images_v3/task2_event0762.png,domain3,domain4,domain3,domain4
26395279,task2_images_v3/task2_event0763.png,domain4,domain4,domain4,domain4
26395447,task2_images_v3/task2_event0764.png,domain4,domain4,domain4,domain4
26394360,task2_images_v3/task2_event0765.png,domain3,domain3,domain3,domain3
26394138,task2_images_v3/task2_event0766.png,domain6,domain4,domain6,domain6
26396057,task2_images_v3/task2_event0767.png,domain2,domain2,domain3,domain4
26396244,task2_images_v3/task2_event0768.png,domain4,domain4,domain4,domain4
26393231,task2_images_v3/task2_event0769.png,domain7,domain7,domain7,domain7
26396968,task2_images_v3/task2_event0770.png,domain5,domain4,domain5,domain6
26395208,task2_images_v3/task2_event0771.png,domain2,domain2,domain3,domain6
26395366,task2_images_v3/task2_event0772.png,domain2,domain4,domain4,domain4
26393056,task2_images_v3/task2_event0773.png,domain5,domain3,domain5,domain5
26396131,task2_images_v3/task2_event0774.png,domain4,domain4,domain4,domain4
26393632,task2_images_v3/task2_event0775.png,domain6,domain6,domain6,domain6
26397117,task2_images_v3/task2_event0776.png,domain3,domain4,domain7,domain3
26393622,task2_images_v3/task2_event0777.png,domain5,domain3,domain5,domain5
26396694,task2_images_v3/task2_event0778.png,domain7,domain7,domain7,domain3
26395468,task2_images_v3/task2_event0779.png,domain2,domain2,domain2,domain5
26396413,task2_images_v3/task2_event0780.png,domain5,domain3,domain5,domain5
26396555,task2_images_v3/task2_event0781.png,domain6,domain4,domain6,domain6
26393509,task2_images_v3/task2_event0782.png,domain6,domain4,domain6,domain6
26396898,task2_images_v3/task2_event0783.png,domain4,domain4,domain4,domain4
26394480,task2_images_v3/task2_event0784.png,domain7,domain4,domain3,domain4
26396933,task2_images_v3/task2_event0785.png,domain4,domain4,domain4,domain4
26394012,task2_images_v3/task2_event0786.png,domain4,domain4,domain4,domain4
26395257,task2_images_v3/task2_event0787.png,domain3,domain7,domain3,domain3
26397713,task2_images_v3/task2_event0788.png,domain3,domain3,domain5,domain5
26395919,task2_images_v3/task2_event0789.png,domain3,domain3,domain3,domain3
26396860,task2_images_v3/task2_event0790.png,domain3,domain3,domain3,domain3
26395245,task2_images_v3/task2_event0791.png,domain5,domain3,domain5,domain5
26393443,task2_images_v3/task2_event0792.png,domain6,domain4,domain6,domain4
26394212,task2_images_v3/task2_event0793.png,domain3,domain7,domain5,domain5
26397537,task2_images_v3/task2_event0794.png,domain2,domain4,domain6,domain6
26393736,task2_images_v3/task2_event0795.png,domain7,domain4,domain4,domain4
26394657,task2_images_v3/task2_event0796.png,domain5,domain4,domain5,domain5
26394327,task2_images_v3/task2_event0797.png,domain7,domain4,domain4,domain4
26395061,task2_images_v3/task2_event0798.png,domain6,domain4,domain6,domain6
26396237,task2_images_v3/task2_event0799.png,domain6,domain4,domain6,domain6
26394698,task2_images_v3/task2_event0800.png,domain7,domain4,domain4,domain4
26394813,task2_images_v3/task2_event0801.png,domain3,domain3,domain3,domain3
26393094,task2_images_v3/task2_event0802.png,domain4,domain4,domain6,domain6
26393404,task2_images_v3/task2_event0803.png,domain5,domain3,domain3,domain5
26395794,task2_images_v3/task2_event0804.png,domain6,domain4,domain6,domain6
26396144,task2_images_v3/task2_event0805.png,domain2,domain2,domain4,domain2
26395880,task2_images_v3/task2_event0806.png,domain3,domain3,domain3,domain3
26394399,task2_images_v3/task2_event0807.png,domain2,domain2,domain6,domain2
26393803,task2_images_v3/task2_event0808.png,domain2,domain2,domain2,domain2
26397568,task2_images_v3/task2_event0809.png,domain4,domain4,domain4,domain4
26394943,task2_images_v3/task2_event0810.png,domain3,domain6,domain6,domain3
26393163,task2_images_v3/task2_event0811.png,domain3,domain5,domain5,domain5
26394622,task2_images_v3/task2_event0812.png,domain3,domain7,domain6,domain5
26396153,task2_images_v3/task2_event0813.png,domain3,domain3,domain3,domain5
26394038,task2_images_v3/task2_event0814.png,domain4,domain4,domain4,domain4
26394281,task2_images_v3/task2_event0815.png,domain7,domain7,domain7,domain7
26396991,task2_images_v3/task2_event0816.png,domain4,domain4,domain4,domain4
26395266,task2_images_v3/task2_event0817.png,domain2,domain4,domain7,domain3
26394838,task2_images_v3/task2_event0818.png,domain4,domain4,domain4,domain4
26395024,task2_images_v3/task2_event0819.png,domain3,domain3,domain3,domain3
26395625,task2_images_v3/task2_event0820.png,domain2,domain3,domain3,domain3
26396703,task2_images_v3/task2_event0821.png,domain4,domain4,domain7,domain4
26396636,task2_images_v3/task2_event0822.png,domain3,domain3,domain3,domain3
26394457,task2_images_v3/task2_event0823.png,domain5,domain3,domain5,domain5
26393486,task2_images_v3/task2_event0824.png,domain4,domain4,domain3,domain5
26396083,task2_images_v3/task2_event0825.png,domain7,domain3,domain3,domain3
26393975,task2_images_v3/task2_event0826.png,domain2,domain3,domain3,domain3
26394930,task2_images_v3/task2_event0827.png,domain5,domain4,domain3,domain3
26395753,task2_images_v3/task2_event0828.png,domain3,domain3,domain3,domain3
26395836,task2_images_v3/task2_event0829.png,domain7,domain7,domain3,domain3
26393702,task2_images_v3/task2_event0830.png,domain2,domain3,domain3,domain3
26396421,task2_images_v3/task2_event0831.png,domain5,domain4,domain5,domain5
26393926,task2_images_v3/task2_event0832.png,domain3,domain7,domain3,domain6
26397754,task2_images_v3/task2_event0833.png,domain7,domain2,domain4,domain7
26393294,task2_images_v3/task2_event0834.png,domain6,domain4,domain6,domain5
26397013,task2_images_v3/task2_event0835.png,domain4,domain4,domain7,domain4
26396166,task2_images_v3/task2_event0836.png,domain6,domain3,domain6,domain6
26396372,task2_images_v3/task2_event0837.png,domain3,domain4,domain4,domain4
26393226,task2_images_v3/task2_event0838.png,domain3,domain4,domain3,domain3
26393343,task2_images_v3/task2_event0839.png,domain4,domain4,domain4,domain4
26395965,task2_images_v3/task2_event0840.png,domain5,domain3,domain3,domain5
26393365,task2_images_v3/task2_event0841.png,domain5,domain4,domain6,domain6
26396025,task2_images_v3/task2_event0842.png,domain3,domain3,domain3,domain3
26396417,task2_images_v3/task2_event0843.png,domain2,domain2,domain2,domain2
26395847,task2_images_v3/task2_event0844.png,domain3,domain3,domain3,domain3
26393992,task2_images_v3/task2_event0845.png,domain7,domain4,domain6,domain7
26396884,task2_images_v3/task2_event0846.png,domain6,domain4,domain6,domain5
26392888,task2_images_v3/task2_event0847.png,domain5,domain7,domain5,domain3
26393448,task2_images_v3/task2_event0848.png,domain7,domain7,domain7,domain7
26395280,task2_images_v3/task2_event0849.png,domain7,domain4,domain4,domain4
26394604,task2_images_v3/task2_event0850.png,domain3,domain3,domain5,domain4
26396765,task2_images_v3/task2_event0851.png,domain3,domain3,domain3,domain3
26395244,task2_images_v3/task2_event0852.png,domain5,domain7,domain3,domain5
26394476,task2_images_v3/task2_event0853.png,domain7,domain7,domain4,domain4
26396130,task2_images_v3/task2_event0854.png,domain6,domain4,domain6,domain6
26396288,task2_images_v3/task2_event0855.png,domain4,domain4,domain4,domain4
26393640,task2_images_v3/task2_event0856.png,domain5,domain4,domain5,domain5
26396524,task2_images_v3/task2_event0857.png,domain6,domain6,domain6,domain6
26395536,task2_images_v3/task2_event0858.png,domain3,domain2,domain3,domain3
26394178,task2_images_v3/task2_event0859.png,domain6,domain3,domain5,domain5
26396414,task2_images_v3/task2_event0860.png,domain5,domain3,domain5,domain5
26396682,task2_images_v3/task2_event0861.png,domain2,domain3,domain3,domain3
26397404,task2_images_v3/task2_event0862.png,domain6,domain4,domain6,domain6
26393941,task2_images_v3/task2_event0863.png,domain3,domain3,domain5,domain3
26396806,task2_images_v3/task2_event0864.png,domain2,domain2,domain4,domain2
26394751,task2_images_v3/task2_event0865.png,domain5,domain3,domain6,domain5
26396107,task2_images_v3/task2_event0866.png,domain7,domain7,domain7,domain7
26396639,task2_images_v3/task2_event0867.png,domain6,domain2,domain4,domain4
26393531,task2_images_v3/task2_event0868.png,domain3,domain3,domain3,domain3
26397530,task2_images_v3/task2_event0869.png,domain2,domain2,domain5,domain5
26394970,task2_images_v3/task2_event0870.png,domain2,domain4,domain4,domain4
26395783,task2_images_v3/task2_event0871.png,domain2,domain2,domain5,domain5
26392946,task2_images_v3/task2_event0872.png,domain2,domain2,domain3,domain4
26393699,task2_images_v3/task2_event0873.png,domain6,domain4,domain6,domain6
26395632,task2_images_v3/task2_event0874.png,domain2,domain2,domain2,domain2
26394454,task2_images_v3/task2_event0875.png,domain7,domain4,domain4,domain7
26394240,task2_images_v3/task2_event0876.png,domain3,domain4,domain3,domain5
26396298,task2_images_v3/task2_event0877.png,domain7,domain7,domain7,domain7
26392931,task2_images_v3/task2_event0878.png,domain6,domain6,domain6,domain6
26393825,task2_images_v3/task2_event0879.png,domain6,domain6,domain6,domain6
26397443,task2_images_v3/task2_event0880.png,domain3,domain3,domain3,domain3
26396675,task2_images_v3/task2_event0881.png,domain5,domain3,domain5,domain5
26397328,task2_images_v3/task2_event0882.png,domain2,domain4,domain4,domain4
26395302,task2_images_v3/task2_event0883.png,domain4,domain4,domain4,domain6
26394289,task2_images_v3/task2_event0884.png,domain3,domain3,domain3,domain3
26395192,task2_images_v3/task2_event0885.png,domain5,domain4,domain5,domain5
26395029,task2_images_v3/task2_event0886.png,domain5,domain7,domain3,domain3
26395731,task2_images_v3/task2_event0887.png,domain6,domain6,domain6,domain6
26396090,task2_images_v3/task2_event0888.png,domain5,domain4,domain6,domain6
26393520,task2_images_v3/task2_event0889.png,domain4,domain4,domain6,domain4
26394879,task2_images_v3/task2_event0890.png,domain4,domain4,domain4,domain4
26396086,task2_images_v3/task2_event0891.png,domain3,domain4,domain6,domain4
26396185,task2_images_v3/task2_event0892.png,domain2,domain2,domain6,domain6
26394096,task2_images_v3/task2_event0893.png,domain2,domain4,domain7,domain4
26393948,task2_images_v3/task2_event0894.png,domain4,domain4,domain4,domain4
26397775,task2_images_v3/task2_event0895.png,domain3,domain4,domain4,domain4
26395399,task2_images_v3/task2_event0896.png,domain6,domain6,domain6,domain6
26397168,task2_images_v3/task2_event0897.png,domain7,domain4,domain3,domain3
26396286,task2_images_v3/task2_event0898.png,domain5,domain4,domain5,domain5
26396068,task2_images_v3/task2_event0899.png,domain2,domain2,domain2,domain2
26394484,task2_images_v3/task2_event0900.png,domain4,domain4,domain7,domain4
26396104,task2_images_v3/task2_event0901.png,domain2,domain4,domain4,domain4
26395224,task2_images_v3/task2_event0902.png,domain3,domain7,domain3,domain3
26393332,task2_images_v3/task2_event0903.png,domain7,domain7,domain7,domain7
26394395,task2_images_v3/task2_event0904.png,domain7,domain7,domain4,domain7
26396151,task2_images_v3/task2_event0905.png,domain6,domain4,domain6,domain6
26395286,task2_images_v3/task2_event0906.png,domain6,domain4,domain6,domain6
26395635,task2_images_v3/task2_event0907.png,domain4,domain4,domain4,domain4
26393668,task2_images_v3/task2_event0908.png,domain5,domain3,domain5,domain5
26396895,task2_images_v3/task2_event0909.png,domain7,domain7,domain7,domain7
26397067,task2_images_v3/task2_event0910.png,domain2,domain2,domain6,domain2
26393218,task2_images_v3/task2_event0911.png,domain2,domain7,domain3,domain4
26393537,task2_images_v3/task2_event0912.png,domain2,domain2,domain4,domain3
26392794,task2_images_v3/task2_event0913.png,domain3,domain3,domain3,domain3
26394283,task2_images_v3/task2_event0914.png,domain7,domain7,domain7,domain7
26392853,task2_images_v3/task2_event0915.png,domain5,domain3,domain6,domain5
26397220,task2_images_v3/task2_event0916.png,domain5,domain3,domain5,domain5
26393921,task2_images_v3/task2_event0917.png,domain3,domain3,domain3,domain3
26393457,task2_images_v3/task2_event0918.png,domain6,domain6,domain6,domain6
26394882,task2_images_v3/task2_event0919.png,domain7,domain7,domain7,domain7
26396859,task2_images_v3/task2_event0920.png,domain4,domain4,domain4,domain4
26397170,task2_images_v3/task2_event0921.png,domain6,domain6,domain6,domain6
26397423,task2_images_v3/task2_event0922.png,domain2,domain2,domain2,domain2
26397261,task2_images_v3/task2_event0923.png,domain5,domain7,domain5,domain7
26397642,task2_images_v3/task2_event0924.png,domain5,domain3,domain5,domain5
26393986,task2_images_v3/task2_event0925.png,domain3,domain3,domain3,domain3
26394334,task2_images_v3/task2_event0926.png,domain3,domain3,domain3,domain5
26394462,task2_images_v3/task2_event0927.png,domain7,domain7,domain7,domain3
26394582,task2_images_v3/task2_event0928.png,domain5,domain3,domain5,domain5
26394808,task2_images_v3/task2_event0929.png,domain7,domain7,domain7,domain3
26397222,task2_images_v3/task2_event0930.png,domain3,domain3,domain3,domain3
26396475,task2_images_v3/task2_event0931.png,domain2,domain2,domain2,domain2
26394440,task2_images_v3/task2_event0932.png,domain4,domain4,domain4,domain4
26396514,task2_images_v3/task2_event0933.png,domain5,domain3,domain5,domain5
26394001,task2_images_v3/task2_event0934.png,domain2,domain2,domain2,domain5
26395799,task2_images_v3/task2_event0935.png,domain6,domain6,domain6,domain6
26394287,task2_images_v3/task2_event0936.png,domain2,domain2,domain2,domain2
26395450,task2_images_v3/task2_event0937.png,domain6,domain6,domain6,domain6
26395481,task2_images_v3/task2_event0938.png,domain7,domain3,domain3,domain3
26396075,task2_images_v3/task2_event0939.png,domain2,domain4,domain5,domain3
26395256,task2_images_v3/task2_event0940.png,domain4,domain4,domain4,domain4
26395513,task2_images_v3/task2_event0941.png,domain5,domain3,domain6,domain5
26393762,task2_images_v3/task2_event0942.png,domain4,domain4,domain4,domain4
26393144,task2_images_v3/task2_event0943.png,domain7,domain7,domain5,domain7
26393676,task2_images_v3/task2_event0944.png,domain5,domain3,domain5,domain5
26397036,task2_images_v3/task2_event0945.png,domain7,domain4,domain4,domain4
26392897,task2_images_v3/task2_event0946.png,domain7,domain7,domain4,domain4
26393982,task2_images_v3/task2_event0947.png,domain2,domain2,domain2,domain2
26395863,task2_images_v3/task2_event0948.png,domain4,domain4,domain3,domain3
26396716,task2_images_v3/task2_event0949.png,domain5,domain5,domain6,domain5
26395066,task2_images_v3/task2_event0950.png,domain6,domain4,domain6,domain6
26396778,task2_images_v3/task2_event0951.png,domain3,domain3,domain3,domain3
26397407,task2_images_v3/task2_event0952.png,domain2,domain2,domain3,domain2
26396909,task2_images_v3/task2_event0953.png,domain6,domain5,domain5,domain5
26395517,task2_images_v3/task2_event0954.png,domain5,domain3,domain5,domain5
26395345,task2_images_v3/task2_event0955.png,domain4,domain4,domain4,domain4
26396744,task2_images_v3/task2_event0956.png,domain5,domain5,domain5,domain5
26395169,task2_images_v3/task2_event0957.png,domain4,domain4,domain4,domain3
26397755,task2_images_v3/task2_event0958.png,domain7,domain2,domain4,domain2
26395005,task2_images_v3/task2_event0959.png,domain4,domain4,domain4,domain4
26397040,task2_images_v3/task2_event0960.png,domain4,domain4,domain4,domain4
26394955,task2_images_v3/task2_event0961.png,domain5,domain5,domain3,domain5
26392871,task2_images_v3/task2_event0962.png,domain2,domain2,domain2,domain5
26394820,task2_images_v3/task2_event0963.png,domain3,domain3,domain5,domain3
26392891,task2_images_v3/task2_event0964.png,domain5,domain4,domain5,domain5
26395716,task2_images_v3/task2_event0965.png,domain5,domain5,domain5,domain6
26393893,task2_images_v3/task2_event0966.png,domain2,domain3,domain3,domain3
26395354,task2_images_v3/task2_event0967.png,domain3,domain3,domain3,domain3
26394501,task2_images_v3/task2_event0968.png,domain7,domain4,domain3,domain7
26394346,task2_images_v3/task2_event0969.png,domain2,domain2,domain3,domain5
26395970,task2_images_v3/task2_event0970.png,domain2,domain4,domain7,domain4
26396211,task2_images_v3/task2_event0971.png,domain6,domain6,domain6,domain6
26393381,task2_images_v3/task2_event0972.png,domain7,domain2,domain7,domain7
26395786,task2_images_v3/task2_event0973.png,domain3,domain3,domain3,domain3
26395908,task2_images_v3/task2_event0974.png,domain3,domain3,domain3,domain3
26394449,task2_images_v3/task2_event0975.png,domain7,domain4,domain7,domain7
26396206,task2_images_v3/task2_event0976.png,domain5,domain4,domain5,domain5
26393426,task2_images_v3/task2_event0977.png,domain5,domain5,domain5,domain5
26394683,task2_images_v3/task2_event0978.png,domain3,domain4,domain3,domain3
26395628,task2_images_v3/task2_event0979.png,domain5,domain4,domain3,domain6
26392857,task2_images_v3/task2_event0980.png,domain3,domain3,domain3,domain3
26394294,task2_images_v3/task2_event0981.png,domain3,domain3,domain3,domain3
26396770,task2_images_v3/task2_event0982.png,domain3,domain3,domain3,domain3
26397620,task2_images_v3/task2_event0983.png,domain6,domain6,domain6,domain6
26394797,task2_images_v3/task2_event0984.png,domain2,domain2,domain3,domain2
26396422,task2_images_v3/task2_event0985.png,domain5,domain3,domain3,domain5
26394840,task2_images_v3/task2_event0986.png,domain2,domain2,domain2,domain2
26395089,task2_images_v3/task2_event0987.png,domain4,domain4,domain4,domain4
26396381,task2_images_v3/task2_event0988.png,domain6,domain6,domain6,domain6
26395793,task2_images_v3/task2_event0989.png,domain3,domain4,domain4,domain3
26395327,task2_images_v3/task2_event0990.png,domain6,domain6,domain6,domain6
26394284,task2_images_v3/task2_event0991.png,domain3,domain4,domain4,domain4
26394724,task2_images_v3/task2_event0992.png,domain6,domain6,domain6,domain6
26394911,task2_images_v3/task2_event0993.png,domain6,domain4,domain3,domain6
26395599,task2_images_v3/task2_event0994.png,domain5,domain3,domain5,domain5
26396553,task2_images_v3/task2_event0995.png,domain6,domain6,domain3,domain6
26393167,task2_images_v3/task2_event0996.png,domain3,domain3,domain3,domain4
26397562,task2_images_v3/task2_event0997.png,domain4,domain4,domain4,domain4
26392959,task2_images_v3/task2_event0998.png,domain3,domain3,domain3,domain3
26392938,task2_images_v3/task2_event0999.png,domain6,domain6,domain3,domain6
26395928,task2_images_v3/task2_event1000.png,domain6,domain4,domain6,domain6
26396306,task2_images_v3/task2_event1001.png,domain2,domain2,domain2,domain2
26392824,task2_images_v3/task2_event1002.png,domain2,domain3,domain3,domain2
26396280,task2_images_v3/task2_event1003.png,domain2,domain4,domain4,domain2
26394118,task2_images_v3/task2_event1004.png,domain2,domain2,domain4,domain2
26396941,task2_images_v3/task2_event1005.png,domain2,domain2,domain4,domain2
26395816,task2_images_v3/task2_event1006.png,domain3,domain3,domain3,domain5
26393427,task2_images_v3/task2_event1007.png,domain3,domain4,domain3,domain3
26394854,task2_images_v3/task2_event1008.png,domain2,domain3,domain3,domain3
26394734,task2_images_v3/task2_event1009.png,domain4,domain4,domain4,domain4
26393408,task2_images_v3/task2_event1010.png,domain5,domain3,domain5,domain5
26394368,task2_images_v3/task2_event1011.png,domain3,domain3,domain3,domain3
26396500,task2_images_v3/task2_event1012.png,domain3,domain7,domain7,domain4
26396010,task2_images_v3/task2_event1013.png,domain5,domain7,domain5,domain3
26397304,task2_images_v3/task2_event1014.png,domain5,domain3,domain5,domain5
26393540,task2_images_v3/task2_event1015.png,domain7,domain2,domain6,domain2
26395530,task2_images_v3/task2_event1016.png,domain3,domain7,domain6,domain6
26397645,task2_images_v3/task2_event1017.png,domain3,domain3,domain3,domain3
26393295,task2_images_v3/task2_event1018.png,domain5,domain5,domain3,domain5
26394226,task2_images_v3/task2_event1019.png,domain2,domain4,domain6,domain2
26393512,task2_images_v3/task2_event1020.png,domain5,domain5,domain6,domain5
26396689,task2_images_v3/task2_event1021.png,domain4,domain4,domain4,domain4
26393384,task2_images_v3/task2_event1022.png,domain4,domain4,domain3,domain4
26394900,task2_images_v3/task2_event1023.png,domain7,domain7,domain7,domain7
26394659,task2_images_v3/task2_event1024.png,domain2,domain2,domain2,domain2
26393569,task2_images_v3/task2_event1025.png,domain2,domain2,domain2,domain2
26395979,task2_images_v3/task2_event1026.png,domain3,domain3,domain3,domain3
26395164,task2_images_v3/task2_event1027.png,domain4,domain4,domain4,domain4
26395398,task2_images_v3/task2_event1028.png,domain2,domain2,domain2,domain2
26394056,task2_images_v3/task2_event1029.png,domain2,domain4,domain6,domain2
26394810,task2_images_v3/task2_event1030.png,domain2,domain3,domain2,domain3
26394909,task2_images_v3/task2_event1031.png,domain5,domain7,domain5,domain3
26395867,task2_images_v3/task2_event1032.png,domain3,domain4,domain4,domain4
26395669,task2_images_v3/task2_event1033.png,domain2,domain2,domain2,domain2
26397714,task2_images_v3/task2_event1034.png,domain3,domain3,domain3,domain5
26393217,task2_images_v3/task2_event1035.png,domain3,domain3,domain3,domain3
26397549,task2_images_v3/task2_event1036.png,domain6,domain6,domain6,domain6
26396713,task2_images_v3/task2_event1037.png,domain6,domain6,domain6,domain6
26395031,task2_images_v3/task2_event1038.png,domain6,domain5,domain5,domain5
26396189,task2_images_v3/task2_event1039.png,domain5,domain4,domain3,domain5
26394151,task2_images_v3/task2_event1040.png,domain3,domain3,domain3,domain3
26393768,task2_images_v3/task2_event1041.png,domain3,domain3,domain3,domain5
26394200,task2_images_v3/task2_event1042.png,domain6,domain7,domain6,domain6
26393323,task2_images_v3/task2_event1043.png,domain3,domain3,domain3,domain3
26395362,task2_images_v3/task2_event1044.png,domain4,domain3,domain3,domain3
26397039,task2_images_v3/task2_event1045.png,domain4,domain3,domain7,domain4
26395426,task2_images_v3/task2_event1046.png,domain6,domain5,domain6,domain6
26395967,task2_images_v3/task2_event1047.png,domain3,domain3,domain3,domain3
26396878,task2_images_v3/task2_event1048.png,domain6,domain6,domain6,domain6
26394159,task2_images_v3/task2_event1049.png,domain3,domain3,domain3,domain3
26395460,task2_images_v3/task2_event1050.png,domain6,domain6,domain6,domain6
26394608,task2_images_v3/task2_event1051.png,domain3,domain3,domain3,domain3
26392984,task2_images_v3/task2_event1052.png,domain4,domain4,domain6,domain6
26395443,task2_images_v3/task2_event1053.png,domain4,domain4,domain4,domain4
26397392,task2_images_v3/task2_event1054.png,domain2,domain2,domain2,domain2
26393328,task2_images_v3/task2_event1055.png,domain4,domain4,domain4,domain4
26394883,task2_images_v3/task2_event1056.png,domain4,domain4,domain4,domain4
26396774,task2_images_v3/task2_event1057.png,domain6,domain4,domain6,domain6
26396645,task2_images_v3/task2_event1058.png,domain6,domain4,domain6,domain6
26395119,task2_images_v3/task2_event1059.png,domain3,domain3,domain3,domain3
26396096,task2_images_v3/task2_event1060.png,domain2,domain2,domain3,domain3
26395741,task2_images_v3/task2_event1061.png,domain2,domain2,domain2,domain2
26396870,task2_images_v3/task2_event1062.png,domain3,domain3,domain3,domain3
26393425,task2_images_v3/task2_event1063.png,domain2,domain2,domain4,domain4
26395759,task2_images_v3/task2_event1064.png,domain6,domain4,domain6,domain6
26395539,task2_images_v3/task2_event1065.png,domain5,domain3,domain5,domain5
26393667,task2_images_v3/task2_event1066.png,domain5,domain2,domain6,domain5
26393168,task2_images_v3/task2_event1067.png,domain3,domain4,domain3,domain3
26394892,task2_images_v3/task2_event1068.png,domain7,domain2,domain7,domain3
26393617,task2_images_v3/task2_event1069.png,domain6,domain6,domain6,domain6
26397353,task2_images_v3/task2_event1070.png,domain3,domain4,domain7,domain3
26394169,task2_images_v3/task2_event1071.png,domain3,domain3,domain3,domain3
26393563,task2_images_v3/task2_event1072.png,domain4,domain4,domain4,domain2
26397489,task2_images_v3/task2_event1073.png,domain4,domain4,domain4,domain4
26397383,task2_images_v3/task2_event1074.png,domain5,domain3,domain5,domain5
26397262,task2_images_v3/task2_event1075.png,domain4,domain4,domain4,domain3
26395660,task2_images_v3/task2_event1076.png,domain6,domain4,domain6,domain4
26393393,task2_images_v3/task2_event1077.png,domain5,domain6,domain6,domain6
26395570,task2_images_v3/task2_event1078.png,domain3,domain3,domain3,domain3
26397320,task2_images_v3/task2_event1079.png,domain5,domain3,domain5,domain5
26394075,task2_images_v3/task2_event1080.png,domain5,domain4,domain3,domain4
26396059,task2_images_v3/task2_event1081.png,domain3,domain3,domain3,domain3
26397434,task2_images_v3/task2_event1082.png,domain5,domain3,domain6,domain6
26393108,task2_images_v3/task2_event1083.png,domain5,domain3,domain5,domain5
26396554,task2_images_v3/task2_event1084.png,domain3,domain4,domain3,domain3
26397788,task2_images_v3/task2_event1085.png,domain6,domain6,domain6,domain6
26397686,task2_images_v3/task2_event1086.png,domain7,domain7,domain4,domain7
26394393,task2_images_v3/task2_event1087.png,domain3,domain3,domain3,domain3
26397739,task2_images_v3/task2_event1088.png,domain5,domain5,domain5,domain5
26397670,task2_images_v3/task2_event1089.png,domain2,domain7,domain7,domain2
26393342,task2_images_v3/task2_event1090.png,domain7,domain4,domain4,domain4
26394209,task2_images_v3/task2_event1091.png,domain7,domain7,domain7,domain7
26394471,task2_images_v3/task2_event1092.png,domain2,domain2,domain2,domain5
26395862,task2_images_v3/task2_event1093.png,domain2,domain2,domain6,domain2
26397061,task2_images_v3/task2_event1094.png,domain5,domain6,domain3,domain3
26393908,task2_images_v3/task2_event1095.png,domain3,domain3,domain3,domain3
26394884,task2_images_v3/task2_event1096.png,domain7,domain7,domain7,domain7
26397026,task2_images_v3/task2_event1097.png,domain3,domain4,domain3,domain2
26394129,task2_images_v3/task2_event1098.png,domain7,domain4,domain4,domain6
26395760,task2_images_v3/task2_event1099.png,domain5,domain3,domain5,domain5
26394744,task2_images_v3/task2_event1100.png,domain6,domain4,domain5,domain6
26394511,task2_images_v3/task2_event1101.png,domain6,domain6,domain6,domain6
26394028,task2_images_v3/task2_event1102.png,domain3,domain4,domain4,domain6
26396063,task2_images_v3/task2_event1103.png,domain3,domain3,domain3,domain3
26395736,task2_images_v3/task2_event1104.png,domain3,domain4,domain3,domain5
26396641,task2_images_v3/task2_event1105.png,domain3,domain3,domain3,domain3
26393529,task2_images_v3/task2_event1106.png,domain7,domain7,domain7,domain7
26394996,task2_images_v3/task2_event1107.png,domain2,domain4,domain4,domain2
26393340,task2_images_v3/task2_event1108.png,domain5,domain3,domain3,domain5
26395131,task2_images_v3/task2_event1109.png,domain2,domain2,domain2,domain2
26395511,task2_images_v3/task2_event1110.png,domain5,domain3,domain3,domain3
26393312,task2_images_v3/task2_event1111.png,domain5,domain4,domain5,domain5
26395780,task2_images_v3/task2_event1112.png,domain2,domain2,domain2,domain2
26396546,task2_images_v3/task2_event1113.png,domain4,domain4,domain4,domain2
26393050,task2_images_v3/task2_event1114.png,domain2,domain3,domain3,domain3
26394525,task2_images_v3/task2_event1115.png,domain2,domain2,domain2,domain2
26394161,task2_images_v3/task2_event1116.png,domain7,domain4,domain3,domain3
26394869,task2_images_v3/task2_event1117.png,domain3,domain3,domain3,domain3
26394008,task2_images_v3/task2_event1118.png,domain6,domain5,domain6,domain6
26393691,task2_images_v3/task2_event1119.png,domain5,domain3,domain5,domain5
26393555,task2_images_v3/task2_event1120.png,domain5,domain5,domain5,domain5
26393181,task2_images_v3/task2_event1121.png,domain5,domain3,domain5,domain5
26395470,task2_images_v3/task2_event1122.png,domain5,domain5,domain5,domain5
26394342,task2_images_v3/task2_event1123.png,domain2,domain4,domain2,domain2
26395574,task2_images_v3/task2_event1124.png,domain7,domain7,domain6,domain7
26395870,task2_images_v3/task2_event1125.png,domain4,domain4,domain4,domain4
26393413,task2_images_v3/task2_event1126.png,domain6,domain6,domain6,domain6
26397303,task2_images_v3/task2_event1127.png,domain2,domain2,domain2,domain2
26397778,task2_images_v3/task2_event1128.png,domain4,domain4,domain4,domain4
26393292,task2_images_v3/task2_event1129.png,domain7,domain7,domain4,domain7
26397240,task2_images_v3/task2_event1130.png,domain5,domain3,domain5,domain5
26394299,task2_images_v3/task2_event1131.png,domain5,domain3,domain3,domain3
26393298,task2_images_v3/task2_event1132.png,domain5,domain3,domain3,domain3
26397515,task2_images_v3/task2_event1133.png,domain3,domain4,domain4,domain6
26395662,task2_images_v3/task2_event1134.png,domain6,domain6,domain6,domain6
26397043,task2_images_v3/task2_event1135.png,domain6,domain6,domain6,domain6
26396977,task2_images_v3/task2_event1136.png,domain3,domain3,domain3,domain3
26392822,task2_images_v3/task2_event1137.png,domain3,domain3,domain3,domain3
26396688,task2_images_v3/task2_event1138.png,domain5,domain6,domain5,domain5
26395037,task2_images_v3/task2_event1139.png,domain5,domain3,domain4,domain5
26394719,task2_images_v3/task2_event1140.png,domain3,domain4,domain3,domain3
26396112,task2_images_v3/task2_event1141.png,domain3,domain3,domain7,domain3
26393630,task2_images_v3/task2_event1142.png,domain7,domain7,domain7,domain7
26396236,task2_images_v3/task2_event1143.png,domain5,domain3,domain6,domain6
26394967,task2_images_v3/task2_event1144.png,domain4,domain4,domain4,domain4
26393296,task2_images_v3/task2_event1145.png,domain2,domain3,domain3,domain5
26393581,task2_images_v3/task2_event1146.png,domain3,domain3,domain3,domain5
26394067,task2_images_v3/task2_event1147.png,domain4,domain4,domain4,domain4
26394132,task2_images_v3/task2_event1148.png,domain5,domain7,domain4,domain5
26394802,task2_images_v3/task2_event1149.png,domain3,domain3,domain3,domain3
26393091,task2_images_v3/task2_event1150.png,domain7,domain7,domain7,domain7
26393260,task2_images_v3/task2_event1151.png,domain3,domain4,domain3,domain3
26395011,task2_images_v3/task2_event1152.png,domain2,domain3,domain3,domain3
26393287,task2_images_v3/task2_event1153.png,domain4,domain4,domain6,domain4
26394990,task2_images_v3/task2_event1154.png,domain3,domain3,domain3,domain3
26396923,task2_images_v3/task2_event1155.png,domain5,domain3,domain3,domain3
26395284,task2_images_v3/task2_event1156.png,domain5,domain3,domain7,domain3
26397219,task2_images_v3/task2_event1157.png,domain7,domain3,domain3,domain3
26395376,task2_images_v3/task2_event1158.png,domain2,domain2,domain4,domain2
26392799,task2_images_v3/task2_event1159.png,domain4,domain4,domain4,domain6
26393927,task2_images_v3/task2_event1160.png,domain5,domain3,domain5,domain5
26396839,task2_images_v3/task2_event1161.png,domain4,domain4,domain4,domain4
26395227,task2_images_v3/task2_event1162.png,domain5,domain4,domain6,domain5
26397317,task2_images_v3/task2_event1163.png,domain3,domain4,domain3,domain3
26395172,task2_images_v3/task2_event1164.png,domain4,domain4,domain4,domain4
26394090,task2_images_v3/task2_event1165.png,domain6,domain6,domain6,domain6
26396782,task2_images_v3/task2_event1166.png,domain7,domain7,domain4,domain7
26393317,task2_images_v3/task2_event1167.png,domain7,domain7,domain7,domain7
26396742,task2_images_v3/task2_event1168.png,domain7,domain7,domain4,domain7
26394928,task2_images_v3/task2_event1169.png,domain4,domain4,domain3,domain3
26394555,task2_images_v3/task2_event1170.png,domain6,domain4,domain5,domain5
26395715,task2_images_v3/task2_event1171.png,domain2,domain6,domain2,domain2
26394325,task2_images_v3/task2_event1172.png,domain7,domain7,domain7,domain7
26397331,task2_images_v3/task2_event1173.png,domain6,domain6,domain5,domain6
26396310,task2_images_v3/task2_event1174.png,domain2,domain3,domain3,domain3
26394745,task2_images_v3/task2_event1175.png,domain5,domain7,domain3,domain5
26394216,task2_images_v3/task2_event1176.png,domain4,domain7,domain4,domain4
26392941,task2_images_v3/task2_event1177.png,domain3,domain4,domain3,domain3
26395310,task2_images_v3/task2_event1178.png,domain5,domain7,domain5,domain5
26395189,task2_images_v3/task2_event1179.png,domain7,domain2,domain2,domain2
26394100,task2_images_v3/task2_event1180.png,domain6,domain6,domain6,domain6
26395663,task2_images_v3/task2_event1181.png,domain6,domain4,domain3,domain5
26396804,task2_images_v3/task2_event1182.png,domain6,domain4,domain6,domain6
26397069,task2_images_v3/task2_event1183.png,domain2,domain2,domain2,domain2
26396181,task2_images_v3/task2_event1184.png,domain6,domain4,domain4,domain6
26397053,task2_images_v3/task2_event1185.png,domain5,domain3,domain5,domain5
26395708,task2_images_v3/task2_event1186.png,domain2,domain2,domain2,domain2
26395956,task2_images_v3/task2_event1187.png,domain7,domain4,domain4,domain4
26394912,task2_images_v3/task2_event1188.png,domain6,domain4,domain3,domain6
26394856,task2_images_v3/task2_event1189.png,domain5,domain3,domain5,domain5
26393629,task2_images_v3/task2_event1190.png,domain6,domain4,domain6,domain6
26397417,task2_images_v3/task2_event1191.png,domain3,domain3,domain3,domain3
26395148,task2_images_v3/task2_event1192.png,domain7,domain4,domain4,domain4
26397430,task2_images_v3/task2_event1193.png,domain5,domain5,domain5,domain5
26394851,task2_images_v3/task2_event1194.png,domain3,domain3,domain3,domain3
26395293,task2_images_v3/task2_event1195.png,domain5,domain2,domain5,domain5
26396445,task2_images_v3/task2_event1196.png,domain3,domain3,domain3,domain3
26394140,task2_images_v3/task2_event1197.png,domain4,domain4,domain3,domain4
26394156,task2_images_v3/task2_event1198.png,domain6,domain6,domain6,domain6
26397159,task2_images_v3/task2_event1199.png,domain2,domain2,domain5,domain5
26394510,task2_images_v3/task2_event1200.png,domain6,domain4,domain6,domain6
26395931,task2_images_v3/task2_event1201.png,domain3,domain3,domain3,domain3
26394819,task2_images_v3/task2_event1202.png,domain4,domain4,domain4,domain4
26394559,task2_images_v3/task2_event1203.png,domain4,domain4,domain4,domain4
26394783,task2_images_v3/task2_event1204.png,domain4,domain4,domain4,domain4
26392935,task2_images_v3/task2_event1205.png,domain3,domain3,domain5,domain5
26393432,task2_images_v3/task2_event1206.png,domain5,domain3,domain5,domain5
26392795,task2_images_v3/task2_event1207.png,domain2,domain2,domain2,domain2
26393269,task2_images_v3/task2_event1208.png,domain4,domain7,domain4,domain4
26394571,task2_images_v3/task2_event1209.png,domain2,domain2,domain2,domain2
26396833,task2_images_v3/task2_event1210.png,domain2,domain3,domain3,domain3
26396337,task2_images_v3/task2_event1211.png,domain4,domain4,domain4,domain4
26397003,task2_images_v3/task2_event1212.png,domain6,domain4,domain6,domain6
26396640,task2_images_v3/task2_event1213.png,domain6,domain6,domain6,domain6
26394667,task2_images_v3/task2_event1214.png,domain6,domain4,domain6,domain6
26397749,task2_images_v3/task2_event1215.png,domain4,domain4,domain4,domain4
26395312,task2_images_v3/task2_event1216.png,domain4,domain4,domain4,domain4
26395241,task2_images_v3/task2_event1217.png,domain2,domain2,domain4,domain2
26394517,task2_images_v3/task2_event1218.png,domain6,domain3,domain5,domain6
26395429,task2_images_v3/task2_event1219.png,domain3,domain3,domain3,domain3
26394916,task2_images_v3/task2_event1220.png,domain6,domain4,domain4,domain6
26397622,task2_images_v3/task2_event1221.png,domain4,domain4,domain4,domain4
26394416,task2_images_v3/task2_event1222.png,domain5,domain6,domain6,domain6
26393947,task2_images_v3/task2_event1223.png,domain6,domain6,domain6,domain6
26395522,task2_images_v3/task2_event1224.png,domain4,domain4,domain4,domain3
26397134,task2_images_v3/task2_event1225.png,domain4,domain4,domain6,domain6
26394887,task2_images_v3/task2_event1226.png,domain6,domain3,domain5,domain5
26395730,task2_images_v3/task2_event1227.png,domain4,domain3,domain3,domain5
26397438,task2_images_v3/task2_event1228.png,domain6,domain4,domain6,domain6
26395213,task2_images_v3/task2_event1229.png,domain6,domain6,domain6,domain6
26397064,task2_images_v3/task2_event1230.png,domain4,domain4,domain4,domain4
26397326,task2_images_v3/task2_event1231.png,domain2,domain2,domain2,domain2
26397453,task2_images_v3/task2_event1232.png,domain7,domain4,domain3,domain4
26396939,task2_images_v3/task2_event1233.png,domain3,domain4,domain4,domain6
26396548,task2_images_v3/task2_event1234.png,domain6,domain6,domain6,domain6
26396265,task2_images_v3/task2_event1235.png,domain3,domain4,domain3,domain6
26396835,task2_images_v3/task2_event1236.png,domain7,domain7,domain4,domain4
26393166,task2_images_v3/task2_event1237.png,domain6,domain4,domain4,domain4
26397313,task2_images_v3/task2_event1238.png,domain3,domain4,domain4,domain4
26397460,task2_images_v3/task2_event1239.png,domain6,domain4,domain4,domain5
26394829,task2_images_v3/task2_event1240.png,domain4,domain7,domain4,domain2
26394119,task2_images_v3/task2_event1241.png,domain4,domain4,domain4,domain4
26396522,task2_images_v3/task2_event1242.png,domain4,domain4,domain4,domain4
26395507,task2_images_v3/task2_event1243.png,domain3,domain3,domain3,domain3
26396529,task2_images_v3/task2_event1244.png,domain6,domain6,domain6,domain6
26396799,task2_images_v3/task2_event1245.png,domain6,domain6,domain6,domain6
26397580,task2_images_v3/task2_event1246.png,domain7,domain4,domain7,domain3
26397426,task2_images_v3/task2_event1247.png,domain5,domain3,domain5,domain5
26392994,task2_images_v3/task2_event1248.png,domain7,domain7,domain7,domain3
26396487,task2_images_v3/task2_event1249.png,domain4,domain4,domain4,domain6
26397075,task2_images_v3/task2_event1250.png,domain7,domain4,domain4,domain4
26393306,task2_images_v3/task2_event1251.png,domain5,domain3,domain5,domain5
26397525,task2_images_v3/task2_event1252.png,domain5,domain7,domain5,domain5
26396485,task2_images_v3/task2_event1253.png,domain2,domain3,domain3,domain3
26395045,task2_images_v3/task2_event1254.png,domain5,domain5,domain5,domain5
26393057,task2_images_v3/task2_event1255.png,domain6,domain4,domain6,domain6
26393657,task2_images_v3/task2_event1256.png,domain6,domain6,domain6,domain6
26395105,task2_images_v3/task2_event1257.png,domain3,domain7,domain3,domain3
26396184,task2_images_v3/task2_event1258.png,domain7,domain7,domain3,domain3
26395229,task2_images_v3/task2_event1259.png,domain3,domain3,domain3,domain3
26395177,task2_images_v3/task2_event1260.png,domain4,domain4,domain3,domain4
26397589,task2_images_v3/task2_event1261.png,domain5,domain5,domain5,domain6
26395983,task2_images_v3/task2_event1262.png,domain5,domain3,domain3,domain5
26393227,task2_images_v3/task2_event1263.png,domain5,domain3,domain3,domain3
26396391,task2_images_v3/task2_event1264.png,domain7,domain4,domain7,domain3
26396148,task2_images_v3/task2_event1265.png,domain2,domain2,domain2,domain2
26392875,task2_images_v3/task2_event1266.png,domain2,domain3,domain3,domain3
26397380,task2_images_v3/task2_event1267.png,domain2,domain2,domain7,domain2
26392920,task2_images_v3/task2_event1268.png,domain7,domain6,domain3,domain5
26395497,task2_images_v3/task2_event1269.png,domain4,domain7,domain3,domain7
26395040,task2_images_v3/task2_event1270.png,domain3,domain3,domain3,domain3
26395665,task2_images_v3/task2_event1271.png,domain4,domain4,domain4,domain4
26397022,task2_images_v3/task2_event1272.png,domain3,domain3,domain3,domain3
26393245,task2_images_v3/task2_event1273.png,domain2,domain2,domain2,domain2
26395414,task2_images_v3/task2_event1274.png,domain4,domain4,domain4,domain6
26396425,task2_images_v3/task2_event1275.png,domain3,domain3,domain3,domain3
26395351,task2_images_v3/task2_event1276.png,domain3,domain4,domain3,domain3
26393782,task2_images_v3/task2_event1277.png,domain7,domain4,domain4,domain6
26393573,task2_images_v3/task2_event1278.png,domain5,domain5,domain5,domain5
26397455,task2_images_v3/task2_event1279.png,domain6,domain6,domain6,domain6
26395944,task2_images_v3/task2_event1280.png,domain4,domain4,domain4,domain6
26396626,task2_images_v3/task2_event1281.png,domain5,domain5,domain5,domain5
26394863,task2_images_v3/task2_event1282.png,domain6,domain4,domain2,domain6
26392960,task2_images_v3/task2_event1283.png,domain6,domain4,domain6,domain6
26397638,task2_images_v3/task2_event1284.png,domain5,domain3,domain5,domain5
26394901,task2_images_v3/task2_event1285.png,domain4,domain7,domain7,domain2
26397329,task2_images_v3/task2_event1286.png,domain5,domain5,domain5,domain5
26395554,task2_images_v3/task2_event1287.png,domain6,domain4,domain6,domain6
26395147,task2_images_v3/task2_event1288.png,domain7,domain3,domain2,domain6
26394044,task2_images_v3/task2_event1289.png,domain3,domain4,domain4,domain3
26396361,task2_images_v3/task2_event1290.png,domain6,domain4,domain6,domain6
26393463,task2_images_v3/task2_event1291.png,domain7,domain4,domain2,domain7
26395181,task2_images_v3/task2_event1292.png,domain4,domain7,domain4,domain4
26394849,task2_images_v3/task2_event1293.png,domain2,domain7,domain3,domain3
26394497,task2_images_v3/task2_event1294.png,domain7,domain7,domain5,domain7
26397153,task2_images_v3/task2_event1295.png,domain3,domain7,domain3,domain3
26396272,task2_images_v3/task2_event1296.png,domain4,domain4,domain4,domain4
26393874,task2_images_v3/task2_event1297.png,domain4,domain4,domain4,domain4
26393919,task2_images_v3/task2_event1298.png,domain7,domain3,domain7,domain3
26394639,task2_images_v3/task2_event1299.png,domain3,domain4,domain3,domain5
26397364,task2_images_v3/task2_event1300.png,domain5,domain4,domain3,domain5
26395611,task2_images_v3/task2_event1301.png,domain7,domain4,domain3,domain3
26397458,task2_images_v3/task2_event1302.png,domain4,domain4,domain4,domain4
26392828,task2_images_v3/task2_event1303.png,domain4,domain4,domain4,domain4
26395914,task2_images_v3/task2_event1304.png,domain7,domain4,domain4,domain7
26395987,task2_images_v3/task2_event1305.png,domain5,domain7,domain5,domain6
26394502,task2_images_v3/task2_event1306.png,domain7,domain7,domain7,domain7
26396033,task2_images_v3/task2_event1307.png,domain5,domain3,domain5,domain5
26392934,task2_images_v3/task2_event1308.png,domain7,domain3,domain3,domain7
26394696,task2_images_v3/task2_event1309.png,domain6,domain3,domain6,domain6
26395186,task2_images_v3/task2_event1310.png,domain2,domain4,domain4,domain2
26395563,task2_images_v3/task2_event1311.png,domain2,domain4,domain2,domain2
26394700,task2_images_v3/task2_event1312.png,domain3,domain4,domain4,domain4
26397231,task2_images_v3/task2_event1313.png,domain7,domain7,domain3,domain7
26397174,task2_images_v3/task2_event1314.png,domain5,domain5,domain6,domain6
26396254,task2_images_v3/task2_event1315.png,domain4,domain4,domain6,domain6
26395030,task2_images_v3/task2_event1316.png,domain5,domain5,domain5,domain5
26394059,task2_images_v3/task2_event1317.png,domain5,domain7,domain3,domain5
26397033,task2_images_v3/task2_event1318.png,domain3,domain3,domain3,domain3
26396464,task2_images_v3/task2_event1319.png,domain3,domain7,domain3,domain3
26393625,task2_images_v3/task2_event1320.png,domain4,domain4,domain4,domain3
26392902,task2_images_v3/task2_event1321.png,domain4,domain2,domain4,domain2
26397365,task2_images_v3/task2_event1322.png,domain2,domain2,domain3,domain5
26393450,task2_images_v3/task2_event1323.png,domain3,domain4,domain7,domain3
26394544,task2_images_v3/task2_event1324.png,domain6,domain5,domain5,domain5
26394728,task2_images_v3/task2_event1325.png,domain6,domain4,domain6,domain6
26393811,task2_images_v3/task2_event1326.png,domain6,domain4,domain6,domain6
26397606,task2_images_v3/task2_event1327.png,domain2,domain2,domain2,domain2
26396877,task2_images_v3/task2_event1328.png,domain7,domain7,domain4,domain7
26395658,task2_images_v3/task2_event1329.png,domain2,domain4,domain4,domain2
26396930,task2_images_v3/task2_event1330.png,domain7,domain7,domain4,domain4
26397135,task2_images_v3/task2_event1331.png,domain4,domain4,domain4,domain4
26393823,task2_images_v3/task2_event1332.png,domain6,domain4,domain6,domain6
26395695,task2_images_v3/task2_event1333.png,domain5,domain5,domain5,domain5
26397055,task2_images_v3/task2_event1334.png,domain4,domain4,domain4,domain4
26397708,task2_images_v3/task2_event1335.png,domain4,domain4,domain4,domain4
26392914,task2_images_v3/task2_event1336.png,domain2,domain4,domain3,domain6
26394149,task2_images_v3/task2_event1337.png,domain2,domain4,domain7,domain2
26394285,task2_images_v3/task2_event1338.png,domain5,domain5,domain5,domain5
26394609,task2_images_v3/task2_event1339.png,domain5,domain4,domain6,domain6
26395267,task2_images_v3/task2_event1340.png,domain3,domain3,domain3,domain3
26393279,task2_images_v3/task2_event1341.png,domain2,domain4,domain4,domain2
26393752,task2_images_v3/task2_event1342.png,domain5,domain3,domain5,domain5
26397724,task2_images_v3/task2_event1343.png,domain4,domain3,domain3,domain6
26396978,task2_images_v3/task2_event1344.png,domain3,domain4,domain4,domain4
26396541,task2_images_v3/task2_event1345.png,domain4,domain4,domain4,domain6
26394921,task2_images_v3/task2_event1346.png,domain5,domain3,domain5,domain5
26393647,task2_images_v3/task2_event1347.png,domain2,domain2,domain2,domain6
26396022,task2_images_v3/task2_event1348.png,domain6,domain4,domain6,domain6
26396642,task2_images_v3/task2_event1349.png,domain2,domain4,domain4,domain4
26394841,task2_images_v3/task2_event1350.png,domain5,domain3,domain3,domain5
26397769,task2_images_v3/task2_event1351.png,domain7,domain4,domain3,domain3
26395109,task2_images_v3/task2_event1352.png,domain5,domain4,domain4,domain6
26394979,task2_images_v3/task2_event1353.png,domain7,domain4,domain7,domain3
26392921,task2_images_v3/task2_event1354.png,domain3,domain3,domain3,domain3
26396360,task2_images_v3/task2_event1355.png,domain6,domain6,domain6,domain6
26394288,task2_images_v3/task2_event1356.png,domain6,domain4,domain4,domain6
26397308,task2_images_v3/task2_event1357.png,domain4,domain4,domain4,domain4
26393892,task2_images_v3/task2_event1358.png,domain3,domain3,domain3,domain3
26397479,task2_images_v3/task2_event1359.png,domain6,domain6,domain6,domain6
26394077,task2_images_v3/task2_event1360.png,domain7,domain4,domain4,domain4
26394047,task2_images_v3/task2_event1361.png,domain5,domain3,domain5,domain6
26392816,task2_images_v3/task2_event1362.png,domain6,domain6,domain6,domain6
26396205,task2_images_v3/task2_event1363.png,domain6,domain6,domain5,domain6
26397587,task2_images_v3/task2_event1364.png,domain5,domain7,domain3,domain3
26393215,task2_images_v3/task2_event1365.png,domain3,domain3,domain7,domain3
26394065,task2_images_v3/task2_event1366.png,domain5,domain3,domain3,domain3
26393894,task2_images_v3/task2_event1367.png,domain4,domain4,domain4,domain4
26393738,task2_images_v3/task2_event1368.png,domain5,domain5,domain5,domain5
26396881,task2_images_v3/task2_event1369.png,domain6,domain4,domain2,domain4
26392878,task2_images_v3/task2_event1370.png,domain6,domain6,domain6,domain6
26396974,task2_images_v3/task2_event1371.png,domain4,domain4,domain4,domain3
26397088,task2_images_v3/task2_event1372.png,domain4,domain4,domain4,domain4
26395994,task2_images_v3/task2_event1373.png,domain7,domain7,domain2,domain7
26394560,task2_images_v3/task2_event1374.png,domain2,domain3,domain2,domain6
26392937,task2_images_v3/task2_event1375.png,domain2,domain4,domain3,domain2
26393362,task2_images_v3/task2_event1376.png,domain3,domain3,domain4,domain3
26394021,task2_images_v3/task2_event1377.png,domain5,domain6,domain3,domain6
26397224,task2_images_v3/task2_event1378.png,domain2,domain2,domain6,domain2
26396584,task2_images_v3/task2_event1379.png,domain4,domain4,domain4,domain4
26397315,task2_images_v3/task2_event1380.png,domain5,domain3,domain5,domain5
26397155,task2_images_v3/task2_event1381.png,domain6,domain4,domain4,domain6
26393233,task2_images_v3/task2_event1382.png,domain6,domain6,domain6,domain6
26393081,task2_images_v3/task2_event1383.png,domain3,domain4,domain4,domain3
26396714,task2_images_v3/task2_event1384.png,domain6,domain5,domain5,domain6
26393451,task2_images_v3/task2_event1385.png,domain5,domain4,domain5,domain5
26393303,task2_images_v3/task2_event1386.png,domain2,domain3,domain2,domain3
26397616,task2_images_v3/task2_event1387.png,domain6,domain5,domain5,domain5
26396896,task2_images_v3/task2_event1388.png,domain6,domain4,domain2,domain6
26397546,task2_images_v3/task2_event1389.png,domain4,domain4,domain4,domain4
26395420,task2_images_v3/task2_event1390.png,domain3,domain3,domain7,domain6
26397440,task2_images_v3/task2_event1391.png,domain4,domain4,domain4,domain4
26397041,task2_images_v3/task2_event1392.png,domain3,domain4,domain6,domain6
26394972,task2_images_v3/task2_event1393.png,domain4,domain4,domain6,domain4
26393424,task2_images_v3/task2_event1394.png,domain5,domain3,domain5,domain5
26393407,task2_images_v3/task2_event1395.png,domain2,domain7,domain2,domain2
26394642,task2_images_v3/task2_event1396.png,domain5,domain5,domain5,domain5
26395754,task2_images_v3/task2_event1397.png,domain3,domain4,domain3,domain5
26394091,task2_images_v3/task2_event1398.png,domain7,domain4,domain4,domain2
26395895,task2_images_v3/task2_event1399.png,domain2,domain3,domain3,domain2
26393545,task2_images_v3/task2_event1400.png,domain5,domain5,domain5,domain6
26393380,task2_images_v3/task2_event1401.png,domain3,domain3,domain3,domain3
26396255,task2_images_v3/task2_event1402.png,domain4,domain4,domain4,domain4
26394193,task2_images_v3/task2_event1403.png,domain2,domain2,domain2,domain2
26395381,task2_images_v3/task2_event1404.png,domain3,domain3,domain3,domain3
26394414,task2_images_v3/task2_event1405.png,domain3,domain4,domain4,domain3
26397629,task2_images_v3/task2_event1406.png,domain5,domain6,domain6,domain5
26397677,task2_images_v3/task2_event1407.png,domain6,domain6,domain6,domain6
26393329,task2_images_v3/task2_event1408.png,domain5,domain5,domain3,domain5
26397358,task2_images_v3/task2_event1409.png,domain7,domain7,domain7,domain3
26393580,task2_images_v3/task2_event1410.png,domain3,domain3,domain3,domain3
26394865,task2_images_v3/task2_event1411.png,domain2,domain5,domain3,domain5
26393209,task2_images_v3/task2_event1412.png,domain2,domain2,domain2,domain2
26393839,task2_images_v3/task2_event1413.png,domain6,domain6,domain3,domain6
26394800,task2_images_v3/task2_event1414.png,domain6,domain6,domain6,domain6
26393319,task2_images_v3/task2_event1415.png,domain7,domain7,domain4,domain3
26396779,task2_images_v3/task2_event1416.png,domain4,domain4,domain4,domain4
26395814,task2_images_v3/task2_event1417.png,domain6,domain5,domain6,domain6
26393742,task2_images_v3/task2_event1418.png,domain4,domain4,domain6,domain6
26393265,task2_images_v3/task2_event1419.png,domain4,domain4,domain4,domain4
26397678,task2_images_v3/task2_event1420.png,domain2,domain7,domain4,domain2
26395934,task2_images_v3/task2_event1421.png,domain5,domain3,domain3,domain5
26394750,task2_images_v3/task2_event1422.png,domain4,domain4,domain4,domain4
26395451,task2_images_v3/task2_event1423.png,domain7,domain7,domain7,domain7
26396658,task2_images_v3/task2_event1424.png,domain5,domain3,domain3,domain5
26393492,task2_images_v3/task2_event1425.png,domain3,domain3,domain3,domain3
26392988,task2_images_v3/task2_event1426.png,domain6,domain4,domain6,domain6
26393390,task2_images_v3/task2_event1427.png,domain6,domain6,domain6,domain6
26394321,task2_images_v3/task2_event1428.png,domain5,domain3,domain3,domain6
26395033,task2_images_v3/task2_event1429.png,domain3,domain7,domain7,domain7
26396486,task2_images_v3/task2_event1430.png,domain2,domain2,domain2,domain2
26395194,task2_images_v3/task2_event1431.png,domain4,domain4,domain4,domain4
26395622,task2_images_v3/task2_event1432.png,domain4,domain4,domain4,domain4
26395165,task2_images_v3/task2_event1433.png,domain7,domain4,domain4,domain2
26393571,task2_images_v3/task2_event1434.png,domain6,domain6,domain6,domain6
26394365,task2_images_v3/task2_event1435.png,domain3,domain3,domain3,domain5
26396438,task2_images_v3/task2_event1436.png,domain5,domain4,domain4,domain5
26394867,task2_images_v3/task2_event1437.png,domain4,domain4,domain4,domain4
26396960,task2_images_v3/task2_event1438.png,domain4,domain4,domain7,domain4
26395025,task2_images_v3/task2_event1439.png,domain2,domain5,domain4,domain7
26392969,task2_images_v3/task2_event1440.png,domain2,domain7,domain7,domain7
26394354,task2_images_v3/task2_event1441.png,domain2,domain4,domain3,domain3
26397681,task2_images_v3/task2_event1442.png,domain5,domain3,domain5,domain5
26394988,task2_images_v3/task2_event1443.png,domain4,domain4,domain4,domain4
26396376,task2_images_v3/task2_event1444.png,domain6,domain4,domain6,domain6
26397391,task2_images_v3/task2_event1445.png,domain2,domain6,domain4,domain4
26393055,task2_images_v3/task2_event1446.png,domain2,domain2,domain2,domain2
26395363,task2_images_v3/task2_event1447.png,domain5,domain3,domain6,domain5
26396700,task2_images_v3/task2_event1448.png,domain4,domain4,domain4,domain4
26394117,task2_images_v3/task2_event1449.png,domain4,domain4,domain4,domain4
26397463,task2_images_v3/task2_event1450.png,domain7,domain7,domain6,domain7
26396141,task2_images_v3/task2_event1451.png,domain4,domain4,domain4,domain4
26397340,task2_images_v3/task2_event1452.png,domain7,domain7,domain7,domain7
26397233,task2_images_v3/task2_event1453.png,domain2,domain2,domain2,domain3
26395335,task2_images_v3/task2_event1454.png,domain6,domain4,domain6,domain5
26397042,task2_images_v3/task2_event1455.png,domain3,domain3,domain3,domain3
26395838,task2_images_v3/task2_event1456.png,domain5,domain3,domain5,domain5
26397703,task2_images_v3/task2_event1457.png,domain3,domain3,domain3,domain3
26394895,task2_images_v3/task2_event1458.png,domain3,domain3,domain3,domain3
26396160,task2_images_v3/task2_event1459.png,domain3,domain4,domain6,domain5
26397451,task2_images_v3/task2_event1460.png,domain3,domain3,domain3,domain5
26396066,task2_images_v3/task2_event1461.png,domain4,domain4,domain4,domain4
26394561,task2_images_v3/task2_event1462.png,domain3,domain3,domain3,domain3
26395209,task2_images_v3/task2_event1463.png,domain2,domain2,domain2,domain7
26394945,task2_images_v3/task2_event1464.png,domain3,domain3,domain3,domain3
26396116,task2_images_v3/task2_event1465.png,domain6,domain6,domain6,domain6
26394576,task2_images_v3/task2_event1466.png,domain6,domain4,domain4,domain3
26396588,task2_images_v3/task2_event1467.png,domain6,domain6,domain6,domain6
26394687,task2_images_v3/task2_event1468.png,domain3,domain3,domain3,domain3
26393358,task2_images_v3/task2_event1469.png,domain2,domain2,domain2,domain2
26393429,task2_images_v3/task2_event1470.png,domain6,domain6,domain6,domain6
26397191,task2_images_v3/task2_event1471.png,domain2,domain2,domain2,domain2
26394975,task2_images_v3/task2_event1472.png,domain4,domain4,domain4,domain4
26397195,task2_images_v3/task2_event1473.png,domain4,domain4,domain4,domain3
26393887,task2_images_v3/task2_event1474.png,domain4,domain4,domain4,domain4
26394853,task2_images_v3/task2_event1475.png,domain4,domain4,domain4,domain4
26394355,task2_images_v3/task2_event1476.png,domain4,domain4,domain4,domain4
26395767,task2_images_v3/task2_event1477.png,domain3,domain3,domain3,domain3
26397037,task2_images_v3/task2_event1478.png,domain5,domain5,domain6,domain5
26394453,task2_images_v3/task2_event1479.png,domain6,domain4,domain3,domain3
26394417,task2_images_v3/task2_event1480.png,domain2,domain2,domain3,domain2
26395525,task2_images_v3/task2_event1481.png,domain4,domain4,domain4,domain4
26396892,task2_images_v3/task2_event1482.png,domain3,domain4,domain6,domain3
26396769,task2_images_v3/task2_event1483.png,domain7,domain7,domain4,domain3
26393398,task2_images_v3/task2_event1484.png,domain2,domain3,domain5,domain5
26396392,task2_images_v3/task2_event1485.png,domain7,domain4,domain4,domain7
26397089,task2_images_v3/task2_event1486.png,domain2,domain2,domain2,domain2
26396803,task2_images_v3/task2_event1487.png,domain6,domain5,domain6,domain5
26392925,task2_images_v3/task2_event1488.png,domain2,domain2,domain2,domain4
26396851,task2_images_v3/task2_event1489.png,domain5,domain5,domain5,domain5
26396320,task2_images_v3/task2_event1490.png,domain6,domain6,domain5,domain5
26396111,task2_images_v3/task2_event1491.png,domain5,domain5,domain5,domain5
26397516,task2_images_v3/task2_event1492.png,domain6,domain4,domain4,domain4
26392804,task2_images_v3/task2_event1493.png,domain4,domain4,domain4,domain4
26396756,task2_images_v3/task2_event1494.png,domain3,domain3,domain4,domain3
26394246,task2_images_v3/task2_event1495.png,domain7,domain7,domain2,domain2
26394679,task2_images_v3/task2_event1496.png,domain6,domain6,domain6,domain6
26396976,task2_images_v3/task2_event1497.png,domain4,domain4,domain3,domain3
26396651,task2_images_v3/task2_event1498.png,domain2,domain2,domain6,domain6
26396106,task2_images_v3/task2_event1499.png,domain2,domain2,domain2,domain2
26394537,task2_images_v3/task2_event1500.png,domain6,domain6,domain6,domain6
26396665,task2_images_v3/task2_event1501.png,domain6,domain6,domain6,domain6
26394714,task2_images_v3/task2_event1502.png,domain4,domain4,domain4,domain4
26393300,task2_images_v3/task2_event1503.png,domain2,domain2,domain3,domain5
26397082,task2_images_v3/task2_event1504.png,domain6,domain6,domain6,domain6
26397110,task2_images_v3/task2_event1505.png,domain5,domain5,domain7,domain4
26396592,task2_images_v3/task2_event1506.png,domain5,domain5,domain5,domain5
26394425,task2_images_v3/task2_event1507.png,domain5,domain5,domain6,domain6
26396904,task2_images_v3/task2_event1508.png,domain3,domain3,domain3,domain3
26394710,task2_images_v3/task2_event1509.png,domain4,domain4,domain4,domain4
26397748,task2_images_v3/task2_event1510.png,domain4,domain4,domain4,domain4
26392811,task2_images_v3/task2_event1511.png,domain6,domain6,domain6,domain6
26396739,task2_images_v3/task2_event1512.png,domain5,domain6,domain7,domain6
26396171,task2_images_v3/task2_event1513.png,domain7,domain7,domain4,domain7
26397347,task2_images_v3/task2_event1514.png,domain5,domain5,domain5,domain5
26394648,task2_images_v3/task2_event1515.png,domain7,domain4,domain7,domain3
26393735,task2_images_v3/task2_event1516.png,domain6,domain4,domain4,domain6
26396715,task2_images_v3/task2_event1517.png,domain6,domain6,domain6,domain6
26397697,task2_images_v3/task2_event1518.png,domain4,domain4,domain7,domain3
26396442,task2_images_v3/task2_event1519.png,domain5,domain5,domain5,domain5
26394034,task2_images_v3/task2_event1520.png,domain2,domain2,domain4,domain2
26393474,task2_images_v3/task2_event1521.png,domain5,domain3,domain7,domain3
26396418,task2_images_v3/task2_event1522.png,domain4,domain6,domain4,domain6
26396180,task2_images_v3/task2_event1523.png,domain7,domain7,domain7,domain7
26395360,task2_images_v3/task2_event1524.png,domain2,domain2,domain2,domain2
26397790,task2_images_v3/task2_event1525.png,domain4,domain4,domain4,domain4
26393851,task2_images_v3/task2_event1526.png,domain6,domain6,domain6,domain6
26395737,task2_images_v3/task2_event1527.png,domain3,domain2,domain3,domain3
26396150,task2_images_v3/task2_event1528.png,domain6,domain4,domain6,domain6
26393996,task2_images_v3/task2_event1529.png,domain2,domain2,domain2,domain2
26396004,task2_images_v3/task2_event1530.png,domain6,domain6,domain6,domain6
26396127,task2_images_v3/task2_event1531.png,domain4,domain4,domain4,domain4
26393054,task2_images_v3/task2_event1532.png,domain4,domain4,domain4,domain4
26393666,task2_images_v3/task2_event1533.png,domain5,domain5,domain6,domain5
26392907,task2_images_v3/task2_event1534.png,domain2,domain2,domain2,domain2
26397742,task2_images_v3/task2_event1535.png,domain7,domain7,domain4,domain4
26395215,task2_images_v3/task2_event1536.png,domain2,domain2,domain2,domain3
26393817,task2_images_v3/task2_event1537.png,domain2,domain2,domain2,domain5
26395008,task2_images_v3/task2_event1538.png,domain2,domain3,domain3,domain3
26395807,task2_images_v3/task2_event1539.png,domain3,domain3,domain3,domain3
26395510,task2_images_v3/task2_event1540.png,domain5,domain5,domain5,domain5
26395844,task2_images_v3/task2_event1541.png,domain5,domain5,domain6,domain5
26395626,task2_images_v3/task2_event1542.png,domain7,domain7,domain7,domain7
26395894,task2_images_v3/task2_event1543.png,domain5,domain3,domain4,domain4
26393322,task2_images_v3/task2_event1544.png,domain3,domain3,domain3,domain3
26393070,task2_images_v3/task2_event1545.png,domain2,domain2,domain3,domain2
26396384,task2_images_v3/task2_event1546.png,domain7,domain7,domain7,domain7
26394015,task2_images_v3/task2_event1547.png,domain3,domain4,domain4,domain4
26395729,task2_images_v3/task2_event1548.png,domain6,domain6,domain6,domain6
26394795,task2_images_v3/task2_event1549.png,domain3,domain3,domain4,domain6
26396359,task2_images_v3/task2_event1550.png,domain6,domain6,domain6,domain6
26395083,task2_images_v3/task2_event1551.png,domain7,domain7,domain6,domain7
26397745,task2_images_v3/task2_event1552.png,domain3,domain3,domain3,domain3
26392977,task2_images_v3/task2_event1553.png,domain4,domain4,domain4,domain4
26395425,task2_images_v3/task2_event1554.png,domain3,domain3,domain3,domain3
26394573,task2_images_v3/task2_event1555.png,domain4,domain4,domain4,domain4
26396698,task2_images_v3/task2_event1556.png,domain5,domain5,domain5,domain6
26396409,task2_images_v3/task2_event1557.png,domain4,domain4,domain4,domain6
26396332,task2_images_v3/task2_event1558.png,domain5,domain5,domain6,domain5
26394265,task2_images_v3/task2_event1559.png,domain4,domain4,domain4,domain4
26394273,task2_images_v3/task2_event1560.png,domain6,domain6,domain6,domain6
26397632,task2_images_v3/task2_event1561.png,domain5,domain3,domain3,domain3
26395166,task2_images_v3/task2_event1562.png,domain2,domain2,domain2,domain2
26393949,task2_images_v3/task2_event1563.png,domain7,domain7,domain3,domain3
26397494,task2_images_v3/task2_event1564.png,domain3,domain4,domain7,domain3
26393777,task2_images_v3/task2_event1565.png,domain5,domain5,domain4,domain5
26394638,task2_images_v3/task2_event1566.png,domain3,domain4,domain4,domain6
26397448,task2_images_v3/task2_event1567.png,domain5,domain6,domain5,domain5
26395598,task2_images_v3/task2_event1568.png,domain4,domain4,domain4,domain4
26397108,task2_images_v3/task2_event1569.png,domain2,domain2,domain2,domain6
26395800,task2_images_v3/task2_event1570.png,domain3,domain3,domain3,domain5
26397285,task2_images_v3/task2_event1571.png,domain2,domain2,domain4,domain2
26396958,task2_images_v3/task2_event1572.png,domain7,domain7,domain4,domain6
26396069,task2_images_v3/task2_event1573.png,domain4,domain4,domain4,domain4
26394950,task2_images_v3/task2_event1574.png,domain5,domain5,domain5,domain5
26395275,task2_images_v3/task2_event1575.png,domain5,domain5,domain5,domain5
26396231,task2_images_v3/task2_event1576.png,domain5,domain5,domain5,domain5
26394984,task2_images_v3/task2_event1577.png,domain2,domain2,domain2,domain5
26396921,task2_images_v3/task2_event1578.png,domain4,domain3,domain3,domain5
26393793,task2_images_v3/task2_event1579.png,domain6,domain6,domain6,domain6
26396029,task2_images_v3/task2_event1580.png,domain2,domain2,domain2,domain2
26394720,task2_images_v3/task2_event1581.png,domain3,domain3,domain4,domain5
26394251,task2_images_v3/task2_event1582.png,domain5,domain5,domain3,domain3
26393911,task2_images_v3/task2_event1583.png,domain5,domain5,domain5,domain5
26396864,task2_images_v3/task2_event1584.png,domain4,domain4,domain4,domain4
26395713,task2_images_v3/task2_event1585.png,domain3,domain3,domain3,domain3
26394163,task2_images_v3/task2_event1586.png,domain5,domain5,domain5,domain5
26393367,task2_images_v3/task2_event1587.png,domain3,domain5,domain3,domain3
26393385,task2_images_v3/task2_event1588.png,domain2,domain2,domain7,domain3
26397542,task2_images_v3/task2_event1589.png,domain2,domain2,domain3,domain3
26397085,task2_images_v3/task2_event1590.png,domain5,domain5,domain5,domain5
26393859,task2_images_v3/task2_event1591.png,domain4,domain4,domain4,domain3
26397332,task2_images_v3/task2_event1592.png,domain4,domain4,domain4,domain6
26395466,task2_images_v3/task2_event1593.png,domain5,domain5,domain5,domain5
26394252,task2_images_v3/task2_event1594.png,domain2,domain2,domain2,domain2
26395664,task2_images_v3/task2_event1595.png,domain5,domain4,domain3,domain5
26394384,task2_images_v3/task2_event1596.png,domain4,domain4,domain4,domain4
26395486,task2_images_v3/task2_event1597.png,domain3,domain5,domain6,domain5
26393943,task2_images_v3/task2_event1598.png,domain3,domain3,domain5,domain5
26394649,task2_images_v3/task2_event1599.png,domain3,domain3,domain6,domain5
26394311,task2_images_v3/task2_event1600.png,domain5,domain5,domain5,domain5
26393285,task2_images_v3/task2_event1601.png,domain2,domain2,domain2,domain2
26397250,task2_images_v3/task2_event1602.png,domain2,domain3,domain3,domain3
26395204,task2_images_v3/task2_event1603.png,domain2,domain3,domain6,domain2
26396531,task2_images_v3/task2_event1604.png,domain2,domain2,domain2,domain2
26395058,task2_images_v3/task2_event1605.png,domain4,domain4,domain4,domain4
26393074,task2_images_v3/task2_event1606.png,domain3,domain3,domain3,domain3
26394139,task2_images_v3/task2_event1607.png,domain2,domain2,domain2,domain2
26397478,task2_images_v3/task2_event1608.png,domain6,domain6,domain6,domain6
26396423,task2_images_v3/task2_event1609.png,domain6,domain6,domain4,domain6
26395218,task2_images_v3/task2_event1610.png,domain6,domain6,domain6,domain6
26396103,task2_images_v3/task2_event1611.png,domain2,domain2,domain4,domain2
26393346,task2_images_v3/task2_event1612.png,domain5,domain5,domain6,domain5
26393037,task2_images_v3/task2_event1613.png,domain5,domain2,domain7,domain3
26396938,task2_images_v3/task2_event1614.png,domain2,domain2,domain2,domain2
26395610,task2_images_v3/task2_event1615.png,domain6,domain6,domain6,domain6
26394201,task2_images_v3/task2_event1616.png,domain5,domain6,domain6,domain6
26395212,task2_images_v3/task2_event1617.png,domain4,domain4,domain4,domain4
26395003,task2_images_v3/task2_event1618.png,domain5,domain5,domain3,domain3
26392859,task2_images_v3/task2_event1619.png,domain7,domain5,domain3,domain7
26394247,task2_images_v3/task2_event1620.png,domain5,domain5,domain3,domain5
26393956,task2_images_v3/task2_event1621.png,domain3,domain3,domain3,domain3
26393293,task2_images_v3/task2_event1622.png,domain4,domain4,domain4,domain3
26395687,task2_images_v3/task2_event1623.png,domain2,domain2,domain2,domain2
26394770,task2_images_v3/task2_event1624.png,domain7,domain7,domain4,domain7
26396430,task2_images_v3/task2_event1625.png,domain3,domain3,domain3,domain3
26393572,task2_images_v3/task2_event1626.png,domain2,domain5,domain6,domain6
26397675,task2_images_v3/task2_event1627.png,domain6,domain4,domain6,domain6
26395477,task2_images_v3/task2_event1628.png,domain4,domain4,domain4,domain4
26396038,task2_images_v3/task2_event1629.png,domain5,domain3,domain3,domain3
26395631,task2_images_v3/task2_event1630.png,domain2,domain2,domain2,domain2
26395735,task2_images_v3/task2_event1631.png,domain7,domain4,domain4,domain4
26395532,task2_images_v3/task2_event1632.png,domain4,domain4,domain4,domain4
26394033,task2_images_v3/task2_event1633.png,domain2,domain2,domain2,domain4
26394811,task2_images_v3/task2_event1634.png,domain3,domain3,domain7,domain7
26393772,task2_images_v3/task2_event1635.png,domain7,domain7,domain4,domain4
26397239,task2_images_v3/task2_event1636.png,domain5,domain3,domain6,domain5
26396738,task2_images_v3/task2_event1637.png,domain6,domain6,domain6,domain6
26396683,task2_images_v3/task2_event1638.png,domain6,domain6,domain4,domain6
26393045,task2_images_v3/task2_event1639.png,domain4,domain3,domain7,domain3
26393582,task2_images_v3/task2_event1640.png,domain6,domain6,domain6,domain6
26394541,task2_images_v3/task2_event1641.png,domain2,domain2,domain3,domain2
26395347,task2_images_v3/task2_event1642.png,domain5,domain5,domain6,domain5
26395409,task2_images_v3/task2_event1643.png,domain3,domain2,domain3,domain3
26395121,task2_images_v3/task2_event1644.png,domain3,domain3,domain5,domain5
26397163,task2_images_v3/task2_event1645.png,domain2,domain2,domain2,domain2
26397462,task2_images_v3/task2_event1646.png,domain6,domain6,domain3,domain3
26396823,task2_images_v3/task2_event1647.png,domain3,domain3,domain3,domain3
26393430,task2_images_v3/task2_event1648.png,domain7,domain7,domain3,domain3
26394199,task2_images_v3/task2_event1649.png,domain3,domain3,domain3,domain3
26396315,task2_images_v3/task2_event1650.png,domain6,domain6,domain6,domain6
26394093,task2_images_v3/task2_event1651.png,domain5,domain5,domain6,domain3
26396399,task2_images_v3/task2_event1652.png,domain4,domain4,domain4,domain4
26396395,task2_images_v3/task2_event1653.png,domain7,domain7,domain4,domain3
26396798,task2_images_v3/task2_event1654.png,domain6,domain6,domain6,domain6
26393220,task2_images_v3/task2_event1655.png,domain6,domain6,domain4,domain6
26397481,task2_images_v3/task2_event1656.png,domain7,domain7,domain3,domain3
26394933,task2_images_v3/task2_event1657.png,domain4,domain4,domain4,domain6
26392886,task2_images_v3/task2_event1658.png,domain5,domain5,domain5,domain5
26393548,task2_images_v3/task2_event1659.png,domain4,domain4,domain7,domain3
26395132,task2_images_v3/task2_event1660.png,domain4,domain4,domain4,domain4
26394809,task2_images_v3/task2_event1661.png,domain3,domain3,domain3,domain3
26395112,task2_images_v3/task2_event1662.png,domain2,domain2,domain2,domain2
26397651,task2_images_v3/task2_event1663.png,domain3,domain4,domain4,domain3
26395128,task2_images_v3/task2_event1664.png,domain2,domain2,domain6,domain2
26397269,task2_images_v3/task2_event1665.png,domain4,domain4,domain4,domain4
26393760,task2_images_v3/task2_event1666.png,domain4,domain4,domain4,domain3
26394766,task2_images_v3/task2_event1667.png,domain6,domain6,domain6,domain6
26396814,task2_images_v3/task2_event1668.png,domain6,domain6,domain6,domain6
26394102,task2_images_v3/task2_event1669.png,domain4,domain4,domain4,domain3
26396841,task2_images_v3/task2_event1670.png,domain2,domain2,domain2,domain2
26397194,task2_images_v3/task2_event1671.png,domain7,domain7,domain7,domain7
26396397,task2_images_v3/task2_event1672.png,domain7,domain7,domain4,domain7
26394154,task2_images_v3/task2_event1673.png,domain5,domain5,domain6,domain5
26394016,task2_images_v3/task2_event1674.png,domain4,domain4,domain4,domain4
26396517,task2_images_v3/task2_event1675.png,domain4,domain4,domain7,domain4
26395406,task2_images_v3/task2_event1676.png,domain5,domain5,domain5,domain5
26394323,task2_images_v3/task2_event1677.png,domain3,domain4,domain4,domain4
26395439,task2_images_v3/task2_event1678.png,domain2,domain2,domain3,domain2
26397275,task2_images_v3/task2_event1679.png,domain6,domain6,domain4,domain6
26397710,task2_images_v3/task2_event1680.png,domain3,domain7,domain7,domain7
26396248,task2_images_v3/task2_event1681.png,domain5,domain5,domain5,domain5
26393651,task2_images_v3/task2_event1682.png,domain2,domain2,domain6,domain2
26397734,task2_images_v3/task2_event1683.png,domain3,domain3,domain3,domain5
26394224,task2_images_v3/task2_event1684.png,domain5,domain3,domain3,domain5
26393103,task2_images_v3/task2_event1685.png,domain2,domain2,domain3,domain3
26392813,task2_images_v3/task2_event1686.png,domain5,domain5,domain3,domain6
26395527,task2_images_v3/task2_event1687.png,domain2,domain2,domain2,domain2
26396488,task2_images_v3/task2_event1688.png,domain2,domain2,domain7,domain3
26396013,task2_images_v3/task2_event1689.png,domain3,domain3,domain3,domain3
26395604,task2_images_v3/task2_event1690.png,domain2,domain2,domain4,domain4
26393480,task2_images_v3/task2_event1691.png,domain4,domain4,domain4,domain5
26397385,task2_images_v3/task2_event1692.png,domain6,domain5,domain6,domain6
26394899,task2_images_v3/task2_event1693.png,domain2,domain2,domain3,domain5
26396213,task2_images_v3/task2_event1694.png,domain3,domain5,domain3,domain5
26396203,task2_images_v3/task2_event1695.png,domain3,domain2,domain3,domain3
26393753,task2_images_v3/task2_event1696.png,domain7,domain7,domain7,domain4
26396429,task2_images_v3/task2_event1697.png,domain5,domain5,domain3,domain5
26397327,task2_images_v3/task2_event1698.png,domain7,domain7,domain3,domain3
26394445,task2_images_v3/task2_event1699.png,domain6,domain6,domain6,domain6
26396577,task2_images_v3/task2_event1700.png,domain7,domain7,domain4,domain7
26396128,task2_images_v3/task2_event1701.png,domain2,domain2,domain4,domain2
26396811,task2_images_v3/task2_event1702.png,domain4,domain4,domain4,domain4
26395668,task2_images_v3/task2_event1703.png,domain7,domain7,domain3,domain7
26397241,task2_images_v3/task2_event1704.png,domain6,domain6,domain6,domain6
26395607,task2_images_v3/task2_event1705.png,domain7,domain7,domain7,domain7
26394617,task2_images_v3/task2_event1706.png,domain6,domain6,domain6,domain6
26394373,task2_images_v3/task2_event1707.png,domain2,domain2,domain3,domain5
26395666,task2_images_v3/task2_event1708.png,domain7,domain7,domain4,domain7
26394778,task2_images_v3/task2_event1709.png,domain6,domain6,domain6,domain6
26396513,task2_images_v3/task2_event1710.png,domain3,domain3,domain3,domain3
26397581,task2_images_v3/task2_event1711.png,domain3,domain3,domain6,domain3
26397661,task2_images_v3/task2_event1712.png,domain5,domain5,domain5,domain5
26392951,task2_images_v3/task2_event1713.png,domain2,domain2,domain4,domain2
26394375,task2_images_v3/task2_event1714.png,domain4,domain4,domain4,domain5
26397361,task2_images_v3/task2_event1715.png,domain5,domain2,domain3,domain5
26392847,task2_images_v3/task2_event1716.png,domain2,domain2,domain2,domain2
26395134,task2_images_v3/task2_event1717.png,domain6,domain6,domain6,domain6
26395813,task2_images_v3/task2_event1718.png,domain3,domain3,domain3,domain3
26396819,task2_images_v3/task2_event1719.png,domain4,domain4,domain4,domain4
26393690,task2_images_v3/task2_event1720.png,domain6,domain6,domain6,domain6
26394969,task2_images_v3/task2_event1721.png,domain2,domain2,domain2,domain2
26393530,task2_images_v3/task2_event1722.png,domain5,domain2,domain5,domain5
26397072,task2_images_v3/task2_event1723.png,domain3,domain3,domain3,domain5
26394562,task2_images_v3/task2_event1724.png,domain6,domain4,domain4,domain4
26394401,task2_images_v3/task2_event1725.png,domain3,domain3,domain3,domain3
26395155,task2_images_v3/task2_event1726.png,domain5,domain5,domain4,domain3
26394705,task2_images_v3/task2_event1727.png,domain5,domain5,domain6,domain6
26397659,task2_images_v3/task2_event1728.png,domain6,domain6,domain6,domain6
26395853,task2_images_v3/task2_event1729.png,domain6,domain5,domain3,domain5
26397469,task2_images_v3/task2_event1730.png,domain2,domain2,domain4,domain2
26394528,task2_images_v3/task2_event1731.png,domain6,domain6,domain6,domain6
26396781,task2_images_v3/task2_event1732.png,domain6,domain6,domain6,domain6
26397623,task2_images_v3/task2_event1733.png,domain4,domain3,domain3,domain6
26394035,task2_images_v3/task2_event1734.png,domain3,domain3,domain3,domain3
26395292,task2_images_v3/task2_event1735.png,domain4,domain4,domain4,domain4
26393806,task2_images_v3/task2_event1736.png,domain2,domain2,domain2,domain2
26396117,task2_images_v3/task2_event1737.png,domain4,domain4,domain4,domain4
26396058,task2_images_v3/task2_event1738.png,domain4,domain4,domain4,domain4
26395010,task2_images_v3/task2_event1739.png,domain2,domain2,domain2,domain2
26394997,task2_images_v3/task2_event1740.png,domain2,domain4,domain4,domain4
26394729,task2_images_v3/task2_event1741.png,domain2,domain4,domain4,domain4
26397452,task2_images_v3/task2_event1742.png,domain5,domain5,domain5,domain6
26394994,task2_images_v3/task2_event1743.png,domain5,domain3,domain7,domain6
26394999,task2_images_v3/task2_event1744.png,domain3,domain3,domain3,domain3
26394599,task2_images_v3/task2_event1745.png,domain2,domain3,domain3,domain3
26396264,task2_images_v3/task2_event1746.png,domain3,domain3,domain3,domain3
26396897,task2_images_v3/task2_event1747.png,domain3,domain3,domain3,domain3
26393440,task2_images_v3/task2_event1748.png,domain2,domain2,domain2,domain2
26393403,task2_images_v3/task2_event1749.png,domain3,domain3,domain3,domain3
26395903,task2_images_v3/task2_event1750.png,domain3,domain3,domain3,domain3
26396902,task2_images_v3/task2_event1751.png,domain3,domain3,domain3,domain3
26396704,task2_images_v3/task2_event1752.png,domain3,domain3,domain3,domain5
26395748,task2_images_v3/task2_event1753.png,domain4,domain3,domain7,domain7
26395548,task2_images_v3/task2_event1754.png,domain2,domain2,domain6,domain2
26394674,task2_images_v3/task2_event1755.png,domain2,domain2,domain6,domain6
26396518,task2_images_v3/task2_event1756.png,domain3,domain2,domain3,domain3
26396560,task2_images_v3/task2_event1757.png,domain4,domain3,domain3,domain3
26392962,task2_images_v3/task2_event1758.png,domain5,domain4,domain4,domain3
26395493,task2_images_v3/task2_event1759.png,domain3,domain3,domain3,domain3
26395152,task2_images_v3/task2_event1760.png,domain4,domain4,domain4,domain3
26395271,task2_images_v3/task2_event1761.png,domain5,domain3,domain3,domain3
26396183,task2_images_v3/task2_event1762.png,domain7,domain7,domain4,domain7
26393256,task2_images_v3/task2_event1763.png,domain2,domain2,domain2,domain2
26392872,task2_images_v3/task2_event1764.png,domain6,domain5,domain6,domain6
26397534,task2_images_v3/task2_event1765.png,domain2,domain2,domain3,domain2
26395911,task2_images_v3/task2_event1766.png,domain4,domain4,domain4,domain4
26392987,task2_images_v3/task2_event1767.png,domain6,domain6,domain6,domain5
26394812,task2_images_v3/task2_event1768.png,domain4,domain3,domain4,domain3
26393197,task2_images_v3/task2_event1769.png,domain5,domain5,domain6,domain5
26393574,task2_images_v3/task2_event1770.png,domain5,domain3,domain6,domain3
26395498,task2_images_v3/task2_event1771.png,domain7,domain7,domain4,domain7
26395584,task2_images_v3/task2_event1772.png,domain2,domain2,domain2,domain2
26392836,task2_images_v3/task2_event1773.png,domain4,domain7,domain4,domain6
26393201,task2_images_v3/task2_event1774.png,domain6,domain6,domain6,domain6
26394764,task2_images_v3/task2_event1775.png,domain5,domain4,domain3,domain4
26394208,task2_images_v3/task2_event1776.png,domain4,domain4,domain4,domain4
26395915,task2_images_v3/task2_event1777.png,domain7,domain7,domain4,domain7
26397183,task2_images_v3/task2_event1778.png,domain3,domain3,domain3,domain3
26393033,task2_images_v3/task2_event1779.png,domain7,domain7,domain4,domain7
26393535,task2_images_v3/task2_event1780.png,domain5,domain5,domain3,domain3
26393355,task2_images_v3/task2_event1781.png,domain5,domain5,domain5,domain5
26392968,task2_images_v3/task2_event1782.png,domain2,domain2,domain6,domain5
26392990,task2_images_v3/task2_event1783.png,domain7,domain7,domain4,domain7
26395081,task2_images_v3/task2_event1784.png,domain3,domain3,domain4,domain4
26397712,task2_images_v3/task2_event1785.png,domain2,domain2,domain6,domain2
26393631,task2_images_v3/task2_event1786.png,domain6,domain6,domain4,domain4
26393221,task2_images_v3/task2_event1787.png,domain5,domain2,domain6,domain6
26397482,task2_images_v3/task2_event1788.png,domain6,domain6,domain6,domain4
26394092,task2_images_v3/task2_event1789.png,domain6,domain6,domain6,domain6
26397054,task2_images_v3/task2_event1790.png,domain2,domain2,domain6,domain2
26392802,task2_images_v3/task2_event1791.png,domain7,domain7,domain4,domain6
26394413,task2_images_v3/task2_event1792.png,domain2,domain2,domain2,domain2
26393299,task2_images_v3/task2_event1793.png,domain4,domain4,domain4,domain4
26393560,task2_images_v3/task2_event1794.png,domain4,domain4,domain4,domain4
26397574,task2_images_v3/task2_event1795.png,domain2,domain2,domain4,domain3
26395303,task2_images_v3/task2_event1796.png,domain6,domain3,domain4,domain6
26394572,task2_images_v3/task2_event1797.png,domain5,domain5,domain6,domain6
26394400,task2_images_v3/task2_event1798.png,domain6,domain6,domain6,domain6
26393333,task2_images_v3/task2_event1799.png,domain3,domain3,domain3,domain3
26397447,task2_images_v3/task2_event1800.png,domain6,domain6,domain6,domain6
26394551,task2_images_v3/task2_event1801.png,domain5,domain5,domain5,domain5
26395472,task2_images_v3/task2_event1802.png,domain3,domain3,domain6,domain3
26395541,task2_images_v3/task2_event1803.png,domain4,domain3,domain4,domain3
26396188,task2_images_v3/task2_event1804.png,domain3,domain3,domain3,domain3
26395630,task2_images_v3/task2_event1805.png,domain3,domain3,domain3,domain5
26393289,task2_images_v3/task2_event1806.png,domain5,domain5,domain6,domain5
26393391,task2_images_v3/task2_event1807.png,domain2,domain2,domain3,domain3
26393748,task2_images_v3/task2_event1808.png,domain4,domain4,domain4,domain4
26396078,task2_images_v3/task2_event1809.png,domain5,domain3,domain3,domain6
26395344,task2_images_v3/task2_event1810.png,domain7,domain7,domain6,domain7
26395444,task2_images_v3/task2_event1811.png,domain3,domain3,domain5,domain3
26396377,task2_images_v3/task2_event1812.png,domain4,domain4,domain4,domain4
26396861,task2_images_v3/task2_event1813.png,domain5,domain5,domain6,domain5
26397221,task2_images_v3/task2_event1814.png,domain3,domain3,domain7,domain5
26396699,task2_images_v3/task2_event1815.png,domain3,domain5,domain7,domain3
26392884,task2_images_v3/task2_event1816.png,domain2,domain2,domain2,domain2
26396371,task2_images_v3/task2_event1817.png,domain5,domain5,domain6,domain5
26396831,task2_images_v3/task2_event1818.png,domain4,domain4,domain4,domain4
26396312,task2_images_v3/task2_event1819.png,domain3,domain5,domain5,domain5
26395661,task2_images_v3/task2_event1820.png,domain6,domain6,domain6,domain6
26394923,task2_images_v3/task2_event1821.png,domain2,domain2,domain7,domain6
26392893,task2_images_v3/task2_event1822.png,domain7,domain7,domain7,domain7
26394873,task2_images_v3/task2_event1823.png,domain4,domain4,domain4,domain4
26396443,task2_images_v3/task2_event1824.png,domain6,domain6,domain6,domain6
26394439,task2_images_v3/task2_event1825.png,domain6,domain6,domain6,domain5
26396810,task2_images_v3/task2_event1826.png,domain6,domain6,domain6,domain6
26394737,task2_images_v3/task2_event1827.png,domain6,domain6,domain4,domain6
26396872,task2_images_v3/task2_event1828.png,domain6,domain6,domain6,domain6
26397592,task2_images_v3/task2_event1829.png,domain6,domain6,domain4,domain6
26396947,task2_images_v3/task2_event1830.png,domain6,domain6,domain6,domain6
26395790,task2_images_v3/task2_event1831.png,domain6,domain6,domain4,domain6
26395093,task2_images_v3/task2_event1832.png,domain7,domain7,domain7,domain7
26392903,task2_images_v3/task2_event1833.png,domain6,domain6,domain4,domain6
26395770,task2_images_v3/task2_event1834.png,domain3,domain3,domain4,domain3
26395583,task2_images_v3/task2_event1835.png,domain3,domain3,domain3,domain3
26396705,task2_images_v3/task2_event1836.png,domain3,domain3,domain3,domain3
26394491,task2_images_v3/task2_event1837.png,domain4,domain3,domain3,domain3
26394184,task2_images_v3/task2_event1838.png,domain3,domain3,domain3,domain3
26396356,task2_images_v3/task2_event1839.png,domain4,domain4,domain4,domain4
26394320,task2_images_v3/task2_event1840.png,domain2,domain2,domain2,domain2
26397401,task2_images_v3/task2_event1841.png,domain4,domain4,domain4,domain3
26397000,task2_images_v3/task2_event1842.png,domain7,domain7,domain7,domain7
26397208,task2_images_v3/task2_event1843.png,domain6,domain5,domain6,domain5
26397544,task2_images_v3/task2_event1844.png,domain3,domain3,domain3,domain3
26393011,task2_images_v3/task2_event1845.png,domain3,domain3,domain3,domain3
26393431,task2_images_v3/task2_event1846.png,domain3,domain3,domain3,domain3
26397706,task2_images_v3/task2_event1847.png,domain5,domain5,domain3,domain2
26394348,task2_images_v3/task2_event1848.png,domain6,domain6,domain6,domain6
26392898,task2_images_v3/task2_event1849.png,domain6,domain6,domain6,domain5
26396692,task2_images_v3/task2_event1850.png,domain3,domain3,domain4,domain3
26396969,task2_images_v3/task2_event1851.png,domain3,domain3,domain4,domain4
26395875,task2_images_v3/task2_event1852.png,domain3,domain3,domain3,domain3
26395941,task2_images_v3/task2_event1853.png,domain4,domain3,domain4,domain4
26393076,task2_images_v3/task2_event1854.png,domain2,domain2,domain2,domain2
26396797,task2_images_v3/task2_event1855.png,domain3,domain3,domain3,domain3
26393277,task2_images_v3/task2_event1856.png,domain2,domain2,domain3,domain2
26397073,task2_images_v3/task2_event1857.png,domain6,domain6,domain6,domain6
26395042,task2_images_v3/task2_event1858.png,domain3,domain3,domain3,domain3
26393487,task2_images_v3/task2_event1859.png,domain6,domain6,domain4,domain6
26396510,task2_images_v3/task2_event1860.png,domain5,domain5,domain5,domain5
26394231,task2_images_v3/task2_event1861.png,domain3,domain3,domain3,domain3
26396028,task2_images_v3/task2_event1862.png,domain7,domain7,domain3,domain3
26393504,task2_images_v3/task2_event1863.png,domain3,domain3,domain3,domain3
26395390,task2_images_v3/task2_event1864.png,domain4,domain4,domain4,domain4
26393109,task2_images_v3/task2_event1865.png,domain3,domain3,domain7,domain2
26396121,task2_images_v3/task2_event1866.png,domain4,domain4,domain7,domain4
26394946,task2_images_v3/task2_event1867.png,domain4,domain4,domain4,domain4
26394171,task2_images_v3/task2_event1868.png,domain5,domain5,domain5,domain5
26397203,task2_images_v3/task2_event1869.png,domain2,domain2,domain2,domain2
26394350,task2_images_v3/task2_event1870.png,domain6,domain6,domain4,domain5
26394650,task2_images_v3/task2_event1871.png,domain7,domain7,domain3,domain3
26397192,task2_images_v3/task2_event1872.png,domain4,domain4,domain4,domain4
26394194,task2_images_v3/task2_event1873.png,domain2,domain2,domain6,domain2
26395950,task2_images_v3/task2_event1874.png,domain3,domain3,domain3,domain3
26396579,task2_images_v3/task2_event1875.png,domain2,domain2,domain2,domain2
26393153,task2_images_v3/task2_event1876.png,domain3,domain3,domain6,domain6
26393291,task2_images_v3/task2_event1877.png,domain4,domain4,domain4,domain2
26396562,task2_images_v3/task2_event1878.png,domain2,domain2,domain2,domain2
26393732,task2_images_v3/task2_event1879.png,domain5,domain5,domain4,domain5
26397662,task2_images_v3/task2_event1880.png,domain6,domain5,domain6,domain6
26394296,task2_images_v3/task2_event1881.png,domain6,domain6,domain3,domain6
26396251,task2_images_v3/task2_event1882.png,domain6,domain6,domain6,domain6
26397133,task2_images_v3/task2_event1883.png,domain7,domain2,domain7,domain2
26396114,task2_images_v3/task2_event1884.png,domain4,domain4,domain4,domain4
26395096,task2_images_v3/task2_event1885.png,domain2,domain2,domain2,domain2
26395761,task2_images_v3/task2_event1886.png,domain2,domain5,domain4,domain3
26394524,task2_images_v3/task2_event1887.png,domain2,domain7,domain4,domain2
26397767,task2_images_v3/task2_event1888.png,domain5,domain5,domain3,domain3
26396983,task2_images_v3/task2_event1889.png,domain6,domain6,domain6,domain6
26393636,task2_images_v3/task2_event1890.png,domain5,domain2,domain3,domain3
26394804,task2_images_v3/task2_event1891.png,domain2,domain2,domain4,domain2
26393518,task2_images_v3/task2_event1892.png,domain4,domain6,domain6,domain6
26395056,task2_images_v3/task2_event1893.png,domain2,domain2,domain4,domain4
26393852,task2_images_v3/task2_event1894.png,domain7,domain7,domain4,domain4
26396477,task2_images_v3/task2_event1895.png,domain4,domain2,domain4,domain4
26396873,task2_images_v3/task2_event1896.png,domain2,domain2,domain2,domain2
26396246,task2_images_v3/task2_event1897.png,domain7,domain4,domain3,domain7
26393219,task2_images_v3/task2_event1898.png,domain5,domain5,domain5,domain5
26392910,task2_images_v3/task2_event1899.png,domain5,domain5,domain3,domain5
26397420,task2_images_v3/task2_event1900.png,domain4,domain4,domain4,domain6
26396971,task2_images_v3/task2_event1901.png,domain5,domain5,domain5,domain5
26395996,task2_images_v3/task2_event1902.png,domain3,domain3,domain4,domain4
26395319,task2_images_v3/task2_event1903.png,domain7,domain7,domain7,domain7
26395572,task2_images_v3/task2_event1904.png,domain5,domain5,domain5,domain5
26395086,task2_images_v3/task2_event1905.png,domain6,domain6,domain6,domain6
26395834,task2_images_v3/task2_event1906.png,domain4,domain4,domain4,domain3
26396796,task2_images_v3/task2_event1907.png,domain2,domain2,domain4,domain2
26396559,task2_images_v3/task2_event1908.png,domain3,domain3,domain3,domain3
26397032,task2_images_v3/task2_event1909.png,domain2,domain2,domain2,domain2
26395901,task2_images_v3/task2_event1910.png,domain4,domain4,domain4,domain4
26394715,task2_images_v3/task2_event1911.png,domain5,domain6,domain5,domain5
26394656,task2_images_v3/task2_event1912.png,domain7,domain7,domain4,domain7
26393105,task2_images_v3/task2_event1913.png,domain4,domain4,domain4,domain4
26395745,task2_images_v3/task2_event1914.png,domain3,domain3,domain3,domain3
26393176,task2_images_v3/task2_event1915.png,domain2,domain2,domain2,domain2
26395683,task2_images_v3/task2_event1916.png,domain6,domain6,domain6,domain6
26396543,task2_images_v3/task2_event1917.png,domain2,domain2,domain2,domain2
26394938,task2_images_v3/task2_event1918.png,domain4,domain6,domain4,domain4
26395205,task2_images_v3/task2_event1919.png,domain5,domain5,domain6,domain6
26395111,task2_images_v3/task2_event1920.png,domain6,domain5,domain5,domain5
26394828,task2_images_v3/task2_event1921.png,domain2,domain2,domain4,domain4
26393200,task2_images_v3/task2_event1922.png,domain2,domain2,domain2,domain2
26394479,task2_images_v3/task2_event1923.png,domain2,domain2,domain4,domain4
26395776,task2_images_v3/task2_event1924.png,domain5,domain5,domain3,domain5
26393244,task2_images_v3/task2_event1925.png,domain6,domain6,domain4,domain4
26396015,task2_images_v3/task2_event1926.png,domain3,domain3,domain3,domain3
26395616,task2_images_v3/task2_event1927.png,domain5,domain5,domain3,domain3
26394627,task2_images_v3/task2_event1928.png,domain6,domain6,domain6,domain6
26396324,task2_images_v3/task2_event1929.png,domain3,domain3,domain3,domain3
26397086,task2_images_v3/task2_event1930.png,domain2,domain4,domain4,domain4
26397116,task2_images_v3/task2_event1931.png,domain4,domain4,domain4,domain4
26396883,task2_images_v3/task2_event1932.png,domain2,domain2,domain2,domain2
26392870,task2_images_v3/task2_event1933.png,domain4,domain4,domain4,domain4
26397397,task2_images_v3/task2_event1934.png,domain4,domain4,domain4,domain4
26395313,task2_images_v3/task2_event1935.png,domain4,domain4,domain5,domain2
26393075,task2_images_v3/task2_event1936.png,domain2,domain3,domain2,domain3
26395531,task2_images_v3/task2_event1937.png,domain2,domain3,domain3,domain3
26394202,task2_images_v3/task2_event1938.png,domain3,domain3,domain3,domain3
26393741,task2_images_v3/task2_event1939.png,domain6,domain6,domain4,domain3
26396353,task2_images_v3/task2_event1940.png,domain2,domain6,domain4,domain6
26394426,task2_images_v3/task2_event1941.png,domain4,domain4,domain4,domain3
26393095,task2_images_v3/task2_event1942.png,domain3,domain3,domain3,domain3
26395997,task2_images_v3/task2_event1943.png,domain5,domain5,domain3,domain5
26394512,task2_images_v3/task2_event1944.png,domain3,domain3,domain4,domain5
26396563,task2_images_v3/task2_event1945.png,domain3,domain3,domain7,domain7
26396060,task2_images_v3/task2_event1946.png,domain7,domain7,domain3,domain2
26394126,task2_images_v3/task2_event1947.png,domain6,domain6,domain4,domain6
26396644,task2_images_v3/task2_event1948.png,domain7,domain7,domain4,domain4
26395052,task2_images_v3/task2_event1949.png,domain2,domain2,domain7,domain2
26394785,task2_images_v3/task2_event1950.png,domain3,domain3,domain3,domain3
26397298,task2_images_v3/task2_event1951.png,domain4,domain4,domain3,domain3
26394830,task2_images_v3/task2_event1952.png,domain3,domain2,domain2,domain2
26397309,task2_images_v3/task2_event1953.png,domain6,domain6,domain6,domain6
26395047,task2_images_v3/task2_event1954.png,domain5,domain5,domain3,domain5
26396788,task2_images_v3/task2_event1955.png,domain3,domain3,domain3,domain3
26394618,task2_images_v3/task2_event1956.png,domain5,domain5,domain5,domain5
26396925,task2_images_v3/task2_event1957.png,domain7,domain7,domain4,domain4
26397751,task2_images_v3/task2_event1958.png,domain5,domain5,domain3,domain5
26397354,task2_images_v3/task2_event1959.png,domain6,domain6,domain6,domain6
26393230,task2_images_v3/task2_event1960.png,domain2,domain2,domain2,domain2
26395372,task2_images_v3/task2_event1961.png,domain6,domain6,domain7,domain7
26393082,task2_images_v3/task2_event1962.png,domain5,domain5,domain5,domain5
26395503,task2_images_v3/task2_event1963.png,domain6,domain6,domain6,domain6
26395613,task2_images_v3/task2_event1964.png,domain2,domain2,domain4,domain2
26397504,task2_images_v3/task2_event1965.png,domain5,domain5,domain6,domain5
26396174,task2_images_v3/task2_event1966.png,domain4,domain4,domain4,domain4
26394833,task2_images_v3/task2_event1967.png,domain5,domain5,domain5,domain5
26397535,task2_images_v3/task2_event1968.png,domain6,domain6,domain6,domain6
26397626,task2_images_v3/task2_event1969.png,domain3,domain3,domain3,domain3
26394228,task2_images_v3/task2_event1970.png,domain2,domain2,domain2,domain2
26396777,task2_images_v3/task2_event1971.png,domain5,domain5,domain3,domain2
26397693,task2_images_v3/task2_event1972.png,domain5,domain5,domain5,domain5
26397717,task2_images_v3/task2_event1973.png,domain5,domain5,domain3,domain5
26397335,task2_images_v3/task2_event1974.png,domain5,domain5,domain3,domain5
26393890,task2_images_v3/task2_event1975.png,domain7,domain7,domain2,domain2
26394050,task2_images_v3/task2_event1976.png,domain5,domain5,domain4,domain3
26396822,task2_images_v3/task2_event1977.png,domain3,domain3,domain7,domain4
26395762,task2_images_v3/task2_event1978.png,domain3,domain3,domain3,domain3
26393449,task2_images_v3/task2_event1979.png,domain7,domain7,domain3,domain5
26394046,task2_images_v3/task2_event1980.png,domain6,domain5,domain6,domain6
26395989,task2_images_v3/task2_event1981.png,domain2,domain4,domain2,domain6
26393195,task2_images_v3/task2_event1982.png,domain4,domain4,domain4,domain4
26395534,task2_images_v3/task2_event1983.png,domain4,domain2,domain2,domain2
26396085,task2_images_v3/task2_event1984.png,domain4,domain4,domain4,domain6
26397446,task2_images_v3/task2_event1985.png,domain4,domain4,domain4,domain4
26397731,task2_images_v3/task2_event1986.png,domain6,domain6,domain5,domain5
26395285,task2_images_v3/task2_event1987.png,domain5,domain7,domain7,domain5
26395796,task2_images_v3/task2_event1988.png,domain4,domain4,domain4,domain3
26394780,task2_images_v3/task2_event1989.png,domain4,domain4,domain4,domain4
26393182,task2_images_v3/task2_event1990.png,domain2,domain2,domain2,domain2
26394723,task2_images_v3/task2_event1991.png,domain5,domain5,domain3,domain5
26397408,task2_images_v3/task2_event1992.png,domain5,domain5,domain3,domain5
26393171,task2_images_v3/task2_event1993.png,domain2,domain3,domain3,domain3
26396650,task2_images_v3/task2_event1994.png,domain2,domain2,domain3,domain3
26396593,task2_images_v3/task2_event1995.png,domain3,domain3,domain3,domain3
26394351,task2_images_v3/task2_event1996.png,domain5,domain5,domain3,domain5
26393818,task2_images_v3/task2_event1997.png,domain5,domain6,domain5,domain5
26394549,task2_images_v3/task2_event1998.png,domain7,domain7,domain3,domain3
26396156,task2_images_v3/task2_event1999.png,domain3,domain3,domain4,domain3
26393536,task2_images_v3/task2_event2000.png,domain5,domain5,domain3,domain5
26395831,task2_images_v3/task2_event2001.png,domain5,domain5,domain4,domain5
26395873,task2_images_v3/task2_event2002.png,domain6,domain6,domain4,domain6
26394142,task2_images_v3/task2_event2003.png,domain4,domain4,domain4,domain4
26396920,task2_images_v3/task2_event2004.png,domain7,domain5,domain5,domain5
26394739,task2_images_v3/task2_event2005.png,domain6,domain6,domain6,domain6
26393679,task2_images_v3/task2_event2006.png,domain5,domain5,domain3,domain5
26395317,task2_images_v3/task2_event2007.png,domain6,domain6,domain5,domain6
26396785,task2_images_v3/task2_event2008.png,domain3,domain3,domain3,domain3
26397242,task2_images_v3/task2_event2009.png,domain2,domain2,domain2,domain2
26393833,task2_images_v3/task2_event2010.png,domain4,domain4,domain4,domain4
26397360,task2_images_v3/task2_event2011.png,domain4,domain2,domain3,domain6
26393643,task2_images_v3/task2_event2012.png,domain4,domain4,domain4,domain4
26395263,task2_images_v3/task2_event2013.png,domain3,domain3,domain3,domain3
26397268,task2_images_v3/task2_event2014.png,domain3,domain3,domain3,domain3
26394239,task2_images_v3/task2_event2015.png,domain6,domain6,domain6,domain6
26393347,task2_images_v3/task2_event2016.png,domain2,domain2,domain2,domain2
26394108,task2_images_v3/task2_event2017.png,domain4,domain4,domain4,domain4
26397543,task2_images_v3/task2_event2018.png,domain4,domain6,domain4,domain4
26396622,task2_images_v3/task2_event2019.png,domain3,domain3,domain3,domain3
26395129,task2_images_v3/task2_event2020.png,domain6,domain6,domain4,domain6
26396701,task2_images_v3/task2_event2021.png,domain3,domain3,domain3,domain3
26397206,task2_images_v3/task2_event2022.png,domain2,domain2,domain2,domain2
26396270,task2_images_v3/task2_event2023.png,domain6,domain6,domain6,domain6
26396697,task2_images_v3/task2_event2024.png,domain5,domain5,domain6,domain6
26396134,task2_images_v3/task2_event2025.png,domain2,domain2,domain2,domain2
26394396,task2_images_v3/task2_event2026.png,domain5,domain5,domain3,domain3
26393031,task2_images_v3/task2_event2027.png,domain2,domain2,domain4,domain4
26396768,task2_images_v3/task2_event2028.png,domain2,domain2,domain4,domain2
26394987,task2_images_v3/task2_event2029.png,domain7,domain7,domain7,domain7
26393370,task2_images_v3/task2_event2030.png,domain4,domain7,domain4,domain4
26395002,task2_images_v3/task2_event2031.png,domain7,domain7,domain4,domain6
26393912,task2_images_v3/task2_event2032.png,domain3,domain3,domain3,domain4
26397412,task2_images_v3/task2_event2033.png,domain6,domain6,domain6,domain6
26397687,task2_images_v3/task2_event2034.png,domain2,domain2,domain2,domain2
26396146,task2_images_v3/task2_event2035.png,domain2,domain2,domain2,domain2
26393096,task2_images_v3/task2_event2036.png,domain7,domain7,domain7,domain7
26392894,task2_images_v3/task2_event2037.png,domain7,domain7,domain7,domain2
26396061,task2_images_v3/task2_event2038.png,domain6,domain6,domain4,domain6
26393019,task2_images_v3/task2_event2039.png,domain5,domain2,domain2,domain2
26395441,task2_images_v3/task2_event2040.png,domain4,domain4,domain4,domain4
26395242,task2_images_v3/task2_event2041.png,domain4,domain4,domain4,domain4
26394796,task2_images_v3/task2_event2042.png,domain2,domain2,domain3,domain3
26395200,task2_images_v3/task2_event2043.png,domain4,domain4,domain4,domain4
26397323,task2_images_v3/task2_event2044.png,domain6,domain6,domain6,domain6
26393683,task2_images_v3/task2_event2045.png,domain4,domain6,domain3,domain3
26395641,task2_images_v3/task2_event2046.png,domain6,domain6,domain6,domain6
26395467,task2_images_v3/task2_event2047.png,domain6,domain6,domain4,domain5
26394789,task2_images_v3/task2_event2048.png,domain4,domain4,domain4,domain4
26393454,task2_images_v3/task2_event2049.png,domain6,domain6,domain4,domain6
26394837,task2_images_v3/task2_event2050.png,domain6,domain6,domain6,domain5
26393675,task2_images_v3/task2_event2051.png,domain4,domain4,domain4,domain3
26395675,task2_images_v3/task2_event2052.png,domain6,domain6,domain6,domain6
26396495,task2_images_v3/task2_event2053.png,domain2,domain2,domain2,domain6
26397030,task2_images_v3/task2_event2054.png,domain3,domain3,domain3,domain3
26392961,task2_images_v3/task2_event2055.png,domain7,domain7,domain4,domain7
26396580,task2_images_v3/task2_event2056.png,domain4,domain4,domain4,domain4
26394922,task2_images_v3/task2_event2057.png,domain2,domain2,domain4,domain7
26394235,task2_images_v3/task2_event2058.png,domain7,domain7,domain7,domain4
26393866,task2_images_v3/task2_event2059.png,domain7,domain7,domain7,domain7
26396143,task2_images_v3/task2_event2060.png,domain2,domain3,domain2,domain3
26394049,task2_images_v3/task2_event2061.png,domain7,domain7,domain4,domain4
26395591,task2_images_v3/task2_event2062.png,domain6,domain6,domain3,domain6
26393905,task2_images_v3/task2_event2063.png,domain7,domain7,domain7,domain7
26393591,task2_images_v3/task2_event2064.png,domain5,domain5,domain6,domain5
26394080,task2_images_v3/task2_event2065.png,domain3,domain3,domain4,domain6
26395175,task2_images_v3/task2_event2066.png,domain2,domain2,domain4,domain6
26393100,task2_images_v3/task2_event2067.png,domain3,domain3,domain3,domain3
26393483,task2_images_v3/task2_event2068.png,domain2,domain2,domain2,domain2
26394147,task2_images_v3/task2_event2069.png,domain7,domain7,domain7,domain7
26394124,task2_images_v3/task2_event2070.png,domain3,domain3,domain3,domain3
26395749,task2_images_v3/task2_event2071.png,domain4,domain7,domain4,domain7
26396809,task2_images_v3/task2_event2072.png,domain5,domain5,domain3,domain5
26396601,task2_images_v3/task2_event2073.png,domain7,domain7,domain7,domain7
26397071,task2_images_v3/task2_event2074.png,domain3,domain3,domain4,domain5
26396549,task2_images_v3/task2_event2075.png,domain6,domain5,domain4,domain6
26393878,task2_images_v3/task2_event2076.png,domain7,domain7,domain7,domain7
26397395,task2_images_v3/task2_event2077.png,domain6,domain6,domain6,domain6
26397674,task2_images_v3/task2_event2078.png,domain2,domain2,domain2,domain2
26397283,task2_images_v3/task2_event2079.png,domain3,domain2,domain3,domain5
26394279,task2_images_v3/task2_event2080.png,domain4,domain3,domain7,domain3
26397209,task2_images_v3/task2_event2081.png,domain4,domain4,domain4,domain4
26395646,task2_images_v3/task2_event2082.png,domain3,domain3,domain4,domain3
26393399,task2_images_v3/task2_event2083.png,domain5,domain2,domain3,domain5
26396484,task2_images_v3/task2_event2084.png,domain4,domain4,domain4,domain6
26397121,task2_images_v3/task2_event2085.png,domain5,domain5,domain3,domain5
26393136,task2_images_v3/task2_event2086.png,domain2,domain2,domain5,domain2
26393446,task2_images_v3/task2_event2087.png,domain7,domain2,domain4,domain2
26395206,task2_images_v3/task2_event2088.png,domain4,domain4,domain4,domain4
26397218,task2_images_v3/task2_event2089.png,domain6,domain5,domain6,domain5
26397092,task2_images_v3/task2_event2090.png,domain5,domain5,domain5,domain5
26395624,task2_images_v3/task2_event2091.png,domain5,domain6,domain5,domain5
26396099,task2_images_v3/task2_event2092.png,domain2,domain2,domain4,domain3
26397419,task2_images_v3/task2_event2093.png,domain5,domain2,domain3,domain2
26396474,task2_images_v3/task2_event2094.png,domain2,domain2,domain3,domain3
26394048,task2_images_v3/task2_event2095.png,domain4,domain4,domain7,domain7
26396138,task2_images_v3/task2_event2096.png,domain6,domain6,domain6,domain6
26393595,task2_images_v3/task2_event2097.png,domain2,domain3,domain3,domain3
26392823,task2_images_v3/task2_event2098.png,domain2,domain4,domain4,domain4
26393612,task2_images_v3/task2_event2099.png,domain5,domain5,domain3,domain5
26397148,task2_images_v3/task2_event2100.png,domain7,domain7,domain7,domain7
26397759,task2_images_v3/task2_event2101.png,domain2,domain2,domain4,domain2
26393029,task2_images_v3/task2_event2102.png,domain3,domain3,domain4,domain4
26395549,task2_images_v3/task2_event2103.png,domain4,domain4,domain4,domain4
26396728,task2_images_v3/task2_event2104.png,domain6,domain6,domain6,domain6
26395463,task2_images_v3/task2_event2105.png,domain5,domain5,domain3,domain5
26396753,task2_images_v3/task2_event2106.png,domain6,domain6,domain4,domain6
26393206,task2_images_v3/task2_event2107.png,domain7,domain7,domain4,domain4
26396137,task2_images_v3/task2_event2108.png,domain6,domain6,domain6,domain6
26393128,task2_images_v3/task2_event2109.png,domain6,domain6,domain4,domain6
26396581,task2_images_v3/task2_event2110.png,domain5,domain4,domain5,domain6
26395938,task2_images_v3/task2_event2111.png,domain7,domain3,domain3,domain3
26395942,task2_images_v3/task2_event2112.png,domain2,domain2,domain4,domain4
26396795,task2_images_v3/task2_event2113.png,domain5,domain5,domain5,domain5
26393534,task2_images_v3/task2_event2114.png,domain5,domain5,domain3,domain5
26394160,task2_images_v3/task2_event2115.png,domain3,domain2,domain3,domain3
26394474,task2_images_v3/task2_event2116.png,domain7,domain3,domain3,domain3
26396169,task2_images_v3/task2_event2117.png,domain2,domain4,domain4,domain4
26394408,task2_images_v3/task2_event2118.png,domain4,domain4,domain4,domain4
26393653,task2_images_v3/task2_event2119.png,domain2,domain2,domain2,domain5
26397511,task2_images_v3/task2_event2120.png,domain4,domain7,domain4,domain7
26395576,task2_images_v3/task2_event2121.png,domain2,domain2,domain5,domain5
26393088,task2_images_v3/task2_event2122.png,domain6,domain6,domain6,domain6
26395809,task2_images_v3/task2_event2123.png,domain5,domain5,domain5,domain5
26394926,task2_images_v3/task2_event2124.png,domain6,domain6,domain6,domain6
26393162,task2_images_v3/task2_event2125.png,domain6,domain6,domain7,domain7
26397410,task2_images_v3/task2_event2126.png,domain6,domain6,domain4,domain4
26394121,task2_images_v3/task2_event2127.png,domain5,domain5,domain3,domain7
26396202,task2_images_v3/task2_event2128.png,domain4,domain7,domain4,domain7
26396511,task2_images_v3/task2_event2129.png,domain5,domain5,domain5,domain5
26396363,task2_images_v3/task2_event2130.png,domain4,domain4,domain4,domain4
26397707,task2_images_v3/task2_event2131.png,domain7,domain7,domain7,domain7
26395323,task2_images_v3/task2_event2132.png,domain7,domain7,domain4,domain7
26396433,task2_images_v3/task2_event2133.png,domain2,domain2,domain2,domain2
26395857,task2_images_v3/task2_event2134.png,domain5,domain5,domain5,domain5
26394747,task2_images_v3/task2_event2135.png,domain4,domain4,domain4,domain4
26395382,task2_images_v3/task2_event2136.png,domain5,domain5,domain5,domain5
26395107,task2_images_v3/task2_event2137.png,domain5,domain5,domain3,domain5
26395686,task2_images_v3/task2_event2138.png,domain3,domain6,domain6,domain6
26396748,task2_images_v3/task2_event2139.png,domain6,domain6,domain4,domain6
26395573,task2_images_v3/task2_event2140.png,domain6,domain6,domain5,domain6
26395137,task2_images_v3/task2_event2141.png,domain6,domain6,domain3,domain6
26395966,task2_images_v3/task2_event2142.png,domain6,domain6,domain7,domain6
26392932,task2_images_v3/task2_event2143.png,domain2,domain2,domain2,domain2
26393755,task2_images_v3/task2_event2144.png,domain6,domain6,domain6,domain6
26396633,task2_images_v3/task2_event2145.png,domain3,domain3,domain3,domain3
26395099,task2_images_v3/task2_event2146.png,domain5,domain5,domain3,domain5
26396161,task2_images_v3/task2_event2147.png,domain2,domain2,domain3,domain3
26393357,task2_images_v3/task2_event2148.png,domain2,domain2,domain3,domain3
26393739,task2_images_v3/task2_event2149.png,domain7,domain7,domain7,domain3
26395811,task2_images_v3/task2_event2150.png,domain7,domain7,domain7,domain3
26394358,task2_images_v3/task2_event2151.png,domain5,domain5,domain6,domain5
26394611,task2_images_v3/task2_event2152.png,domain4,domain4,domain3,domain4
26394655,task2_images_v3/task2_event2153.png,domain5,domain5,domain5,domain5
26394965,task2_images_v3/task2_event2154.png,domain6,domain6,domain6,domain6
26395682,task2_images_v3/task2_event2155.png,domain4,domain4,domain4,domain4
26395805,task2_images_v3/task2_event2156.png,domain3,domain3,domain3,domain3
26396067,task2_images_v3/task2_event2157.png,domain2,domain2,domain2,domain3
26394272,task2_images_v3/task2_event2158.png,domain7,domain4,domain7,domain4
26397610,task2_images_v3/task2_event2159.png,domain6,domain6,domain6,domain6
26396260,task2_images_v3/task2_event2160.png,domain4,domain4,domain4,domain4
26395973,task2_images_v3/task2_event2161.png,domain5,domain5,domain3,domain5
26393610,task2_images_v3/task2_event2162.png,domain3,domain3,domain3,domain3
26392827,task2_images_v3/task2_event2163.png,domain5,domain5,domain5,domain5
26396772,task2_images_v3/task2_event2164.png,domain5,domain5,domain3,domain5
26393624,task2_images_v3/task2_event2165.png,domain2,domain2,domain2,domain2
26395216,task2_images_v3/task2_event2166.png,domain2,domain2,domain2,domain2
26396289,task2_images_v3/task2_event2167.png,domain5,domain5,domain6,domain5
26393661,task2_images_v3/task2_event2168.png,domain2,domain2,domain7,domain7
26394182,task2_images_v3/task2_event2169.png,domain4,domain4,domain4,domain7
26396262,task2_images_v3/task2_event2170.png,domain5,domain5,domain5,domain5
26394157,task2_images_v3/task2_event2171.png,domain4,domain4,domain4,domain4
26393190,task2_images_v3/task2_event2172.png,domain7,domain7,domain4,domain3
26393925,task2_images_v3/task2_event2173.png,domain6,domain6,domain6,domain6
26394932,task2_images_v3/task2_event2174.png,domain4,domain4,domain4,domain6
26396850,task2_images_v3/task2_event2175.png,domain3,domain3,domain3,domain3
26396077,task2_images_v3/task2_event2176.png,domain6,domain5,domain5,domain5
26393673,task2_images_v3/task2_event2177.png,domain6,domain6,domain4,domain6
26394371,task2_images_v3/task2_event2178.png,domain6,domain6,domain6,domain6
26397160,task2_images_v3/task2_event2179.png,domain5,domain5,domain5,domain5
26394668,task2_images_v3/task2_event2180.png,domain4,domain4,domain4,domain6
26395440,task2_images_v3/task2_event2181.png,domain2,domain2,domain4,domain7
26397601,task2_images_v3/task2_event2182.png,domain5,domain4,domain4,domain5
26393863,task2_images_v3/task2_event2183.png,domain5,domain5,domain6,domain5
26395883,task2_images_v3/task2_event2184.png,domain2,domain2,domain4,domain4
26397102,task2_images_v3/task2_event2185.png,domain7,domain7,domain4,domain4
26393499,task2_images_v3/task2_event2186.png,domain5,domain6,domain6,domain6
26393597,task2_images_v3/task2_event2187.png,domain3,domain5,domain3,domain5
26395703,task2_images_v3/task2_event2188.png,domain2,domain2,domain4,domain4
26393236,task2_images_v3/task2_event2189.png,domain5,domain3,domain4,domain3
26394127,task2_images_v3/task2_event2190.png,domain2,domain2,domain4,domain4
26397639,task2_images_v3/task2_event2191.png,domain4,domain2,domain4,domain4
26393924,task2_images_v3/task2_event2192.png,domain7,domain7,domain4,domain4
26396608,task2_images_v3/task2_event2193.png,domain6,domain6,domain4,domain6
26395305,task2_images_v3/task2_event2194.png,domain6,domain6,domain6,domain6
26395339,task2_images_v3/task2_event2195.png,domain4,domain4,domain4,domain4
26396836,task2_images_v3/task2_event2196.png,domain4,domain4,domain4,domain4
26392868,task2_images_v3/task2_event2197.png,domain3,domain4,domain4,domain4
26394940,task2_images_v3/task2_event2198.png,domain4,domain4,domain4,domain6
26394435,task2_images_v3/task2_event2199.png,domain5,domain5,domain5,domain5
26394827,task2_images_v3/task2_event2200.png,domain4,domain6,domain4,domain6
26397079,task2_images_v3/task2_event2201.png,domain7,domain7,domain3,domain3
26394363,task2_images_v3/task2_event2202.png,domain5,domain5,domain6,domain6
26396886,task2_images_v3/task2_event2203.png,domain3,domain3,domain3,domain3
26396654,task2_images_v3/task2_event2204.png,domain2,domain2,domain4,domain2
26396227,task2_images_v3/task2_event2205.png,domain7,domain7,domain7,domain7
26397399,task2_images_v3/task2_event2206.png,domain5,domain5,domain6,domain5
26397161,task2_images_v3/task2_event2207.png,domain6,domain6,domain4,domain6
26393239,task2_images_v3/task2_event2208.png,domain2,domain2,domain3,domain3
26395817,task2_images_v3/task2_event2209.png,domain4,domain4,domain4,domain4
26397068,task2_images_v3/task2_event2210.png,domain7,domain4,domain4,domain4
26393478,task2_images_v3/task2_event2211.png,domain4,domain7,domain4,domain7
26394508,task2_images_v3/task2_event2212.png,domain5,domain5,domain3,domain5
26396454,task2_images_v3/task2_event2213.png,domain7,domain7,domain3,domain3
26397437,task2_images_v3/task2_event2214.png,domain6,domain6,domain6,domain6
26394366,task2_images_v3/task2_event2215.png,domain6,domain5,domain6,domain5
26395456,task2_images_v3/task2_event2216.png,domain2,domain2,domain2,domain2
26396235,task2_images_v3/task2_event2217.png,domain5,domain5,domain5,domain5
26395893,task2_images_v3/task2_event2218.png,domain2,domain2,domain3,domain5
26393830,task2_images_v3/task2_event2219.png,domain2,domain2,domain7,domain2
26393988,task2_images_v3/task2_event2220.png,domain5,domain5,domain4,domain3
26392918,task2_images_v3/task2_event2221.png,domain5,domain5,domain5,domain5
26393489,task2_images_v3/task2_event2222.png,domain6,domain5,domain6,domain3
26396440,task2_images_v3/task2_event2223.png,domain5,domain5,domain3,domain5
26397049,task2_images_v3/task2_event2224.png,domain4,domain4,domain4,domain4
26397096,task2_images_v3/task2_event2225.png,domain2,domain2,domain2,domain2
26393092,task2_images_v3/task2_event2226.png,domain6,domain6,domain4,domain6
26397266,task2_images_v3/task2_event2227.png,domain6,domain6,domain6,domain6
26394821,task2_images_v3/task2_event2228.png,domain4,domain4,domain4,domain4
26397691,task2_images_v3/task2_event2229.png,domain3,domain3,domain3,domain2
26395550,task2_images_v3/task2_event2230.png,domain7,domain7,domain7,domain2
26393243,task2_images_v3/task2_event2231.png,domain2,domain2,domain4,domain4
26396710,task2_images_v3/task2_event2232.png,domain4,domain4,domain4,domain4
26397772,task2_images_v3/task2_event2233.png,domain2,domain2,domain2,domain2
26396528,task2_images_v3/task2_event2234.png,domain3,domain3,domain3,domain3
26394111,task2_images_v3/task2_event2235.png,domain2,domain2,domain3,domain3
26397720,task2_images_v3/task2_event2236.png,domain2,domain2,domain3,domain2
26394580,task2_images_v3/task2_event2237.png,domain5,domain5,domain3,domain2
26394130,task2_images_v3/task2_event2238.png,domain6,domain5,domain6,domain5
26397150,task2_images_v3/task2_event2239.png,domain2,domain2,domain4,domain2
26396461,task2_images_v3/task2_event2240.png,domain4,domain7,domain4,domain4
26396847,task2_images_v3/task2_event2241.png,domain6,domain6,domain6,domain6
26393107,task2_images_v3/task2_event2242.png,domain2,domain2,domain3,domain3
26393619,task2_images_v3/task2_event2243.png,domain5,domain2,domain3,domain2
26395959,task2_images_v3/task2_event2244.png,domain6,domain6,domain6,domain6
26395019,task2_images_v3/task2_event2245.png,domain5,domain5,domain5,domain5
26396365,task2_images_v3/task2_event2246.png,domain7,domain7,domain7,domain7
26395484,task2_images_v3/task2_event2247.png,domain6,domain6,domain4,domain4
26396223,task2_images_v3/task2_event2248.png,domain2,domain2,domain4,domain2
26396653,task2_images_v3/task2_event2249.png,domain7,domain7,domain7,domain7
26396155,task2_images_v3/task2_event2250.png,domain7,domain3,domain3,domain3
26393122,task2_images_v3/task2_event2251.png,domain3,domain3,domain7,domain3
26392863,task2_images_v3/task2_event2252.png,domain3,domain3,domain4,domain3
26395512,task2_images_v3/task2_event2253.png,domain2,domain2,domain3,domain3
26393869,task2_images_v3/task2_event2254.png,domain5,domain5,domain3,domain5
26394914,task2_images_v3/task2_event2255.png,domain5,domain5,domain5,domain5
26397679,task2_images_v3/task2_event2256.png,domain4,domain2,domain2,domain2
26394448,task2_images_v3/task2_event2257.png,domain3,domain3,domain3,domain3
26396073,task2_images_v3/task2_event2258.png,domain7,domain7,domain7,domain7
26397567,task2_images_v3/task2_event2259.png,domain7,domain7,domain3,domain7
26392854,task2_images_v3/task2_event2260.png,domain6,domain6,domain4,domain6
26392800,task2_images_v3/task2_event2261.png,domain5,domain5,domain3,domain5
26397251,task2_images_v3/task2_event2262.png,domain6,domain4,domain4,domain4
26395995,task2_images_v3/task2_event2263.png,domain6,domain6,domain6,domain6
26397146,task2_images_v3/task2_event2264.png,domain7,domain7,domain7,domain7
26397355,task2_images_v3/task2_event2265.png,domain4,domain6,domain4,domain6
26394088,task2_images_v3/task2_event2266.png,domain4,domain4,domain4,domain4
26393364,task2_images_v3/task2_event2267.png,domain2,domain2,domain3,domain2
26393635,task2_images_v3/task2_event2268.png,domain3,domain3,domain3,domain3
26395496,task2_images_v3/task2_event2269.png,domain5,domain5,domain3,domain5
26394110,task2_images_v3/task2_event2270.png,domain4,domain4,domain4,domain6
26397507,task2_images_v3/task2_event2271.png,domain3,domain3,domain3,domain5
26396434,task2_images_v3/task2_event2272.png,domain3,domain5,domain3,domain5
26393071,task2_images_v3/task2_event2273.png,domain3,domain2,domain2,domain3
26395500,task2_images_v3/task2_event2274.png,domain4,domain3,domain4,domain3
26395328,task2_images_v3/task2_event2275.png,domain2,domain7,domain3,domain3
26396393,task2_images_v3/task2_event2276.png,domain5,domain5,domain3,domain3
26393223,task2_images_v3/task2_event2277.png,domain3,domain3,domain3,domain3
26392867,task2_images_v3/task2_event2278.png,domain5,domain2,domain3,domain2
26394078,task2_images_v3/task2_event2279.png,domain6,domain6,domain6,domain6
26397733,task2_images_v3/task2_event2280.png,domain5,domain5,domain3,domain5
26393185,task2_images_v3/task2_event2281.png,domain6,domain5,domain5,domain6
26395917,task2_images_v3/task2_event2282.png,domain4,domain4,domain4,domain4
26394097,task2_images_v3/task2_event2283.png,domain6,domain6,domain6,domain6
26395253,task2_images_v3/task2_event2284.png,domain6,domain6,domain6,domain6
26396126,task2_images_v3/task2_event2285.png,domain2,domain2,domain2,domain2
26396152,task2_images_v3/task2_event2286.png,domain4,domain4,domain4,domain3
26396760,task2_images_v3/task2_event2287.png,domain5,domain5,domain5,domain5
26394658,task2_images_v3/task2_event2288.png,domain6,domain6,domain6,domain6
26397402,task2_images_v3/task2_event2289.png,domain4,domain4,domain4,domain4
26393623,task2_images_v3/task2_event2290.png,domain6,domain6,domain4,domain6
26395074,task2_images_v3/task2_event2291.png,domain3,domain3,domain3,domain3
26395639,task2_images_v3/task2_event2292.png,domain2,domain2,domain2,domain2
26394929,task2_images_v3/task2_event2293.png,domain4,domain4,domain4,domain4
26393797,task2_images_v3/task2_event2294.png,domain4,domain4,domain4,domain3
26394206,task2_images_v3/task2_event2295.png,domain6,domain6,domain4,domain6
26393884,task2_images_v3/task2_event2296.png,domain3,domain3,domain4,domain3
26395559,task2_images_v3/task2_event2297.png,domain3,domain3,domain3,domain5
26396012,task2_images_v3/task2_event2298.png,domain7,domain7,domain4,domain3
26396684,task2_images_v3/task2_event2299.png,domain6,domain4,domain4,domain4
26396566,task2_images_v3/task2_event2300.png,domain3,domain3,domain2,domain3
26396537,task2_images_v3/task2_event2301.png,domain4,domain2,domain4,domain2
26395126,task2_images_v3/task2_event2302.png,domain4,domain4,domain4,domain4
26395943,task2_images_v3/task2_event2303.png,domain2,domain2,domain3,domain3
26393093,task2_images_v3/task2_event2304.png,domain5,domain5,domain6,domain3
26394801,task2_images_v3/task2_event2305.png,domain7,domain7,domain4,domain4
26395039,task2_images_v3/task2_event2306.png,domain7,domain7,domain7,domain7
26395578,task2_images_v3/task2_event2307.png,domain7,domain7,domain4,domain4
26395998,task2_images_v3/task2_event2308.png,domain5,domain5,domain4,domain3
26396866,task2_images_v3/task2_event2309.png,domain7,domain7,domain7,domain7
26395259,task2_images_v3/task2_event2310.png,domain6,domain6,domain6,domain6
26393671,task2_images_v3/task2_event2311.png,domain3,domain7,domain4,domain7
26396221,task2_images_v3/task2_event2312.png,domain3,domain3,domain3,domain3
26394223,task2_images_v3/task2_event2313.png,domain6,domain6,domain6,domain6
26396922,task2_images_v3/task2_event2314.png,domain3,domain3,domain3,domain3
26394721,task2_images_v3/task2_event2315.png,domain3,domain3,domain3,domain3
26393615,task2_images_v3/task2_event2316.png,domain7,domain7,domain4,domain3
26395452,task2_images_v3/task2_event2317.png,domain7,domain3,domain7,domain3
26393958,task2_images_v3/task2_event2318.png,domain6,domain6,domain6,domain6
26393915,task2_images_v3/task2_event2319.png,domain6,domain6,domain6,domain6
26393374,task2_images_v3/task2_event2320.png,domain3,domain3,domain3,domain3
26397425,task2_images_v3/task2_event2321.png,domain6,domain6,domain6,domain6
26394826,task2_images_v3/task2_event2322.png,domain6,domain6,domain6,domain5
26396036,task2_images_v3/task2_event2323.png,domain3,domain3,domain3,domain3
26396313,task2_images_v3/task2_event2324.png,domain6,domain6,domain6,domain6
26397485,task2_images_v3/task2_event2325.png,domain4,domain4,domain4,domain4
26393789,task2_images_v3/task2_event2326.png,domain2,domain2,domain2,domain2
26395924,task2_images_v3/task2_event2327.png,domain3,domain3,domain3,domain3
26396533,task2_images_v3/task2_event2328.png,domain5,domain5,domain3,domain5
26395818,task2_images_v3/task2_event2329.png,domain6,domain6,domain6,domain6
26397099,task2_images_v3/task2_event2330.png,domain5,domain5,domain5,domain5
26393835,task2_images_v3/task2_event2331.png,domain3,domain3,domain3,domain3
26396734,task2_images_v3/task2_event2332.png,domain6,domain6,domain6,domain6
26395023,task2_images_v3/task2_event2333.png,domain4,domain4,domain4,domain4
26396092,task2_images_v3/task2_event2334.png,domain2,domain3,domain3,domain3
26394063,task2_images_v3/task2_event2335.png,domain4,domain4,domain4,domain4
26396838,task2_images_v3/task2_event2336.png,domain5,domain5,domain3,domain5
26396493,task2_images_v3/task2_event2337.png,domain6,domain6,domain4,domain6
26396624,task2_images_v3/task2_event2338.png,domain4,domain4,domain4,domain4
26395228,task2_images_v3/task2_event2339.png,domain3,domain7,domain2,domain7
26396994,task2_images_v3/task2_event2340.png,domain6,domain6,domain3,domain6
26395976,task2_images_v3/task2_event2341.png,domain6,domain6,domain6,domain6
26396602,task2_images_v3/task2_event2342.png,domain7,domain7,domain7,domain4
26394420,task2_images_v3/task2_event2343.png,domain5,domain5,domain3,domain5
26394459,task2_images_v3/task2_event2344.png,domain2,domain2,domain3,domain4
26395711,task2_images_v3/task2_event2345.png,domain4,domain7,domain4,domain4
26395142,task2_images_v3/task2_event2346.png,domain3,domain2,domain2,domain2
26394023,task2_images_v3/task2_event2347.png,domain7,domain7,domain3,domain3
26397017,task2_images_v3/task2_event2348.png,domain3,domain3,domain3,domain3
26396627,task2_images_v3/task2_event2349.png,domain4,domain4,domain4,domain6
26393714,task2_images_v3/task2_event2350.png,domain4,domain4,domain4,domain4
26396076,task2_images_v3/task2_event2351.png,domain3,domain3,domain3,domain3
26397752,task2_images_v3/task2_event2352.png,domain3,domain3,domain3,domain3
26392807,task2_images_v3/task2_event2353.png,domain3,domain3,domain4,domain6
26395981,task2_images_v3/task2_event2354.png,domain6,domain6,domain6,domain6
26397533,task2_images_v3/task2_event2355.png,domain7,domain2,domain2,domain2
26397009,task2_images_v3/task2_event2356.png,domain6,domain6,domain3,domain6
26396295,task2_images_v3/task2_event2357.png,domain3,domain3,domain3,domain3
26393123,task2_images_v3/task2_event2358.png,domain6,domain6,domain6,domain6
26395141,task2_images_v3/task2_event2359.png,domain5,domain5,domain5,domain5
26393484,task2_images_v3/task2_event2360.png,domain3,domain5,domain3,domain5
26397238,task2_images_v3/task2_event2361.png,domain5,domain5,domain5,domain5
26393027,task2_images_v3/task2_event2362.png,domain4,domain4,domain4,domain3
26396747,task2_images_v3/task2_event2363.png,domain5,domain3,domain3,domain3
26395115,task2_images_v3/task2_event2364.png,domain2,domain2,domain2,domain2
26396849,task2_images_v3/task2_event2365.png,domain2,domain2,domain2,domain2
26393886,task2_images_v3/task2_event2366.png,domain2,domain2,domain3,domain2
26396095,task2_images_v3/task2_event2367.png,domain7,domain7,domain3,domain7
26395404,task2_images_v3/task2_event2368.png,domain2,domain3,domain2,domain3
26393538,task2_images_v3/task2_event2369.png,domain3,domain3,domain3,domain3
26396912,task2_images_v3/task2_event2370.png,domain7,domain7,domain7,domain7
26393023,task2_images_v3/task2_event2371.png,domain2,domain2,domain2,domain2
26395207,task2_images_v3/task2_event2372.png,domain4,domain4,domain4,domain4
26395136,task2_images_v3/task2_event2373.png,domain7,domain7,domain4,domain4
26393928,task2_images_v3/task2_event2374.png,domain3,domain3,domain3,domain3
26393334,task2_images_v3/task2_event2375.png,domain6,domain6,domain4,domain6
26396043,task2_images_v3/task2_event2376.png,domain2,domain2,domain4,domain4
26397618,task2_images_v3/task2_event2377.png,domain3,domain4,domain3,domain3
26395561,task2_images_v3/task2_event2378.png,domain6,domain6,domain6,domain6
26396874,task2_images_v3/task2_event2379.png,domain6,domain6,domain4,domain6
26397087,task2_images_v3/task2_event2380.png,domain6,domain6,domain4,domain6
26395387,task2_images_v3/task2_event2381.png,domain7,domain7,domain4,domain4
26395991,task2_images_v3/task2_event2382.png,domain3,domain7,domain4,domain3
26394055,task2_images_v3/task2_event2383.png,domain7,domain7,domain4,domain7
26395595,task2_images_v3/task2_event2384.png,domain5,domain5,domain3,domain5
26393018,task2_images_v3/task2_event2385.png,domain6,domain6,domain4,domain6
26393966,task2_images_v3/task2_event2386.png,domain4,domain4,domain4,domain4
26394084,task2_images_v3/task2_event2387.png,domain3,domain5,domain3,domain5
26395350,task2_images_v3/task2_event2388.png,domain3,domain3,domain4,domain3
26395334,task2_images_v3/task2_event2389.png,domain7,domain2,domain4,domain2
26395378,task2_images_v3/task2_event2390.png,domain2,domain2,domain2,domain2
26394762,task2_images_v3/task2_event2391.png,domain2,domain2,domain2,domain3
26393255,task2_images_v3/task2_event2392.png,domain6,domain6,domain6,domain6
26395672,task2_images_v3/task2_event2393.png,domain6,domain5,domain5,domain5
26393472,task2_images_v3/task2_event2394.png,domain7,domain7,domain3,domain3
26395505,task2_images_v3/task2_event2395.png,domain2,domain3,domain3,domain3
26396894,task2_images_v3/task2_event2396.png,domain7,domain7,domain7,domain3
26395792,task2_images_v3/task2_event2397.png,domain7,domain7,domain3,domain2
26394145,task2_images_v3/task2_event2398.png,domain6,domain6,domain4,domain6
26393493,task2_images_v3/task2_event2399.png,domain3,domain3,domain3,domain3
26393396,task2_images_v3/task2_event2400.png,domain2,domain2,domain2,domain2
26395728,task2_images_v3/task2_event2401.png,domain4,domain4,domain4,domain4
26396539,task2_images_v3/task2_event2402.png,domain3,domain3,domain3,domain3
26393137,task2_images_v3/task2_event2403.png,domain4,domain4,domain4,domain4
26397784,task2_images_v3/task2_event2404.png,domain7,domain4,domain4,domain4
26393316,task2_images_v3/task2_event2405.png,domain4,domain4,domain4,domain4
26396064,task2_images_v3/task2_event2406.png,domain6,domain6,domain6,domain6
26395130,task2_images_v3/task2_event2407.png,domain2,domain2,domain3,domain2
26394180,task2_images_v3/task2_event2408.png,domain4,domain4,domain4,domain4
26395139,task2_images_v3/task2_event2409.png,domain3,domain3,domain3,domain3
26395858,task2_images_v3/task2_event2410.png,domain2,domain2,domain6,domain6
26395012,task2_images_v3/task2_event2411.png,domain5,domain5,domain3,domain6
26396967,task2_images_v3/task2_event2412.png,domain3,domain3,domain4,domain3
26397296,task2_images_v3/task2_event2413.png,domain3,domain3,domain3,domain3
26393272,task2_images_v3/task2_event2414.png,domain3,domain3,domain3,domain3
26394682,task2_images_v3/task2_event2415.png,domain4,domain4,domain4,domain4
26393034,task2_images_v3/task2_event2416.png,domain6,domain6,domain6,domain6
26393040,task2_images_v3/task2_event2417.png,domain3,domain3,domain3,domain3
26395585,task2_images_v3/task2_event2418.png,domain7,domain7,domain4,domain3
26396328,task2_images_v3/task2_event2419.png,domain6,domain5,domain3,domain3
26396460,task2_images_v3/task2_event2420.png,domain2,domain2,domain2,domain5
26394203,task2_images_v3/task2_event2421.png,domain5,domain5,domain3,domain5
26395022,task2_images_v3/task2_event2422.png,domain2,domain6,domain4,domain4
26397249,task2_images_v3/task2_event2423.png,domain4,domain4,domain7,domain6
26395784,task2_images_v3/task2_event2424.png,domain4,domain4,domain4,domain4
26395788,task2_images_v3/task2_event2425.png,domain4,domain4,domain4,domain4
26396695,task2_images_v3/task2_event2426.png,domain6,domain6,domain6,domain5
26395718,task2_images_v3/task2_event2427.png,domain4,domain4,domain4,domain4
26392796,task2_images_v3/task2_event2428.png,domain5,domain5,domain3,domain5
26394897,task2_images_v3/task2_event2429.png,domain3,domain3,domain3,domain3
26394136,task2_images_v3/task2_event2430.png,domain6,domain6,domain6,domain6
26397728,task2_images_v3/task2_event2431.png,domain3,domain3,domain3,domain3
26393030,task2_images_v3/task2_event2432.png,domain3,domain3,domain3,domain5
26393117,task2_images_v3/task2_event2433.png,domain6,domain6,domain6,domain6
26393143,task2_images_v3/task2_event2434.png,domain4,domain4,domain4,domain6
26397258,task2_images_v3/task2_event2435.png,domain6,domain6,domain6,domain6
26397276,task2_images_v3/task2_event2436.png,domain5,domain3,domain6,domain6
26396570,task2_images_v3/task2_event2437.png,domain6,domain6,domain6,domain5
26395712,task2_images_v3/task2_event2438.png,domain4,domain4,domain4,domain6
26392908,task2_images_v3/task2_event2439.png,domain2,domain2,domain2,domain3
26394753,task2_images_v3/task2_event2440.png,domain5,domain5,domain5,domain5
26396998,task2_images_v3/task2_event2441.png,domain2,domain2,domain2,domain5
26393722,task2_images_v3/task2_event2442.png,domain6,domain6,domain6,domain6
26394626,task2_images_v3/task2_event2443.png,domain4,domain4,domain4,domain4
26396780,task2_images_v3/task2_event2444.png,domain6,domain6,domain6,domain6
26396824,task2_images_v3/task2_event2445.png,domain5,domain5,domain3,domain5
26394391,task2_images_v3/task2_event2446.png,domain7,domain7,domain4,domain3
26396718,task2_images_v3/task2_event2447.png,domain4,domain2,domain4,domain2
26392952,task2_images_v3/task2_event2448.png,domain3,domain3,domain3,domain3
26392832,task2_images_v3/task2_event2449.png,domain4,domain4,domain4,domain4
26394936,task2_images_v3/task2_event2450.png,domain4,domain4,domain4,domain4
26393024,task2_images_v3/task2_event2451.png,domain2,domain2,domain2,domain6
26394347,task2_images_v3/task2_event2452.png,domain4,domain2,domain4,domain3
26395469,task2_images_v3/task2_event2453.png,domain4,domain4,domain4,domain4
26394053,task2_images_v3/task2_event2454.png,domain5,domain5,domain3,domain5
26396093,task2_images_v3/task2_event2455.png,domain4,domain2,domain4,domain4
26397432,task2_images_v3/task2_event2456.png,domain7,domain7,domain4,domain7
26394419,task2_images_v3/task2_event2457.png,domain5,domain5,domain3,domain6
26396062,task2_images_v3/task2_event2458.png,domain3,domain3,domain6,domain6
26397260,task2_images_v3/task2_event2459.png,domain4,domain4,domain4,domain4
26394522,task2_images_v3/task2_event2460.png,domain4,domain4,domain4,domain4
26395479,task2_images_v3/task2_event2461.png,domain7,domain7,domain7,domain7
26394754,task2_images_v3/task2_event2462.png,domain5,domain5,domain3,domain5
26395346,task2_images_v3/task2_event2463.png,domain6,domain6,domain6,domain6
26397012,task2_images_v3/task2_event2464.png,domain3,domain3,domain3,domain3
26393761,task2_images_v3/task2_event2465.png,domain2,domain3,domain3,domain3
26397237,task2_images_v3/task2_event2466.png,domain3,domain3,domain4,domain3
26397701,task2_images_v3/task2_event2467.png,domain5,domain5,domain5,domain5
26397673,task2_images_v3/task2_event2468.png,domain6,domain6,domain6,domain6
26396914,task2_images_v3/task2_event2469.png,domain6,domain6,domain6,domain6
26393652,task2_images_v3/task2_event2470.png,domain5,domain6,domain6,domain6
26394968,task2_images_v3/task2_event2471.png,domain6,domain6,domain3,domain6
26396349,task2_images_v3/task2_event2472.png,domain3,domain2,domain3,domain3
26396763,task2_images_v3/task2_event2473.png,domain2,domain2,domain3,domain5
26396291,task2_images_v3/task2_event2474.png,domain2,domain2,domain2,domain6
26396373,task2_images_v3/task2_event2475.png,domain2,domain2,domain6,domain3
26394176,task2_images_v3/task2_event2476.png,domain3,domain5,domain3,domain5
26397184,task2_images_v3/task2_event2477.png,domain3,domain3,domain3,domain3
26397393,task2_images_v3/task2_event2478.png,domain5,domain5,domain4,domain6
26393482,task2_images_v3/task2_event2479.png,domain3,domain5,domain3,domain5
26395160,task2_images_v3/task2_event2480.png,domain6,domain6,domain4,domain6
26396197,task2_images_v3/task2_event2481.png,domain6,domain6,domain4,domain6
26396357,task2_images_v3/task2_event2482.png,domain3,domain3,domain3,domain3
26396054,task2_images_v3/task2_event2483.png,domain5,domain3,domain3,domain3
26397389,task2_images_v3/task2_event2484.png,domain4,domain7,domain4,domain4
26396478,task2_images_v3/task2_event2485.png,domain2,domain2,domain7,domain3
26393933,task2_images_v3/task2_event2486.png,domain2,domain2,domain3,domain2
26397727,task2_images_v3/task2_event2487.png,domain3,domain3,domain4,domain3
26396719,task2_images_v3/task2_event2488.png,domain7,domain7,domain7,domain7
26393192,task2_images_v3/task2_event2489.png,domain5,domain5,domain3,domain5
26392973,task2_images_v3/task2_event2490.png,domain3,domain3,domain4,domain3
26397204,task2_images_v3/task2_event2491.png,domain4,domain4,domain4,domain4
26394295,task2_images_v3/task2_event2492.png,domain5,domain5,domain3,domain5
26396214,task2_images_v3/task2_event2493.png,domain3,domain3,domain3,domain3
26395888,task2_images_v3/task2_event2494.png,domain6,domain6,domain4,domain6
26393412,task2_images_v3/task2_event2495.png,domain3,domain3,domain3,domain3
26397023,task2_images_v3/task2_event2496.png,domain6,domain6,domain4,domain6
26393053,task2_images_v3/task2_event2497.png,domain5,domain5,domain3,domain5
26394759,task2_images_v3/task2_event2498.png,domain7,domain7,domain7,domain6
26395178,task2_images_v3/task2_event2499.png,domain7,domain7,domain4,domain7
26397595,task2_images_v3/task2_event2500.png,domain3,domain3,domain3,domain3
26394651,task2_images_v3/task2_event2501.png,domain3,domain3,domain3,domain3
26395092,task2_images_v3/task2_event2502.png,domain4,domain4,domain4,domain4
26395654,task2_images_v3/task2_event2503.png,domain6,domain4,domain4,domain6
26395594,task2_images_v3/task2_event2504.png,domain3,domain7,domain3,domain5
26394022,task2_images_v3/task2_event2505.png,domain6,domain4,domain3,domain6
26396678,task2_images_v3/task2_event2506.png,domain6,domain6,domain4,domain6
26396943,task2_images_v3/task2_event2507.png,domain6,domain6,domain6,domain6
26392829,task2_images_v3/task2_event2508.png,domain2,domain2,domain2,domain2
26393779,task2_images_v3/task2_event2509.png,domain4,domain4,domain4,domain4
26396538,task2_images_v3/task2_event2510.png,domain7,domain2,domain3,domain3
26397297,task2_images_v3/task2_event2511.png,domain6,domain6,domain4,domain6
26393662,task2_images_v3/task2_event2512.png,domain4,domain3,domain3,domain2
26393158,task2_images_v3/task2_event2513.png,domain6,domain5,domain5,domain5
26394776,task2_images_v3/task2_event2514.png,domain6,domain6,domain6,domain6
26396889,task2_images_v3/task2_event2515.png,domain5,domain5,domain3,domain7
26395110,task2_images_v3/task2_event2516.png,domain4,domain4,domain4,domain4
26397740,task2_images_v3/task2_event2517.png,domain4,domain2,domain4,domain2
26395707,task2_images_v3/task2_event2518.png,domain2,domain2,domain2,domain2
26394584,task2_images_v3/task2_event2519.png,domain6,domain6,domain5,domain6
26394072,task2_images_v3/task2_event2520.png,domain3,domain3,domain3,domain3
26394155,task2_images_v3/task2_event2521.png,domain3,domain3,domain3,domain6
26397375,task2_images_v3/task2_event2522.png,domain7,domain7,domain7,domain7
26394673,task2_images_v3/task2_event2523.png,domain6,domain6,domain6,domain6
26396868,task2_images_v3/task2_event2524.png,domain2,domain2,domain2,domain2
26397252,task2_images_v3/task2_event2525.png,domain4,domain2,domain4,domain4
26397488,task2_images_v3/task2_event2526.png,domain6,domain6,domain4,domain6
26396937,task2_images_v3/task2_event2527.png,domain3,domain3,domain3,domain3
26396690,task2_images_v3/task2_event2528.png,domain5,domain3,domain3,domain5
26393519,task2_images_v3/task2_event2529.png,domain4,domain7,domain3,domain7
26393013,task2_images_v3/task2_event2530.png,domain2,domain2,domain4,domain2
26392860,task2_images_v3/task2_event2531.png,domain4,domain4,domain4,domain4
26397743,task2_images_v3/task2_event2532.png,domain4,domain3,domain4,domain4
26394913,task2_images_v3/task2_event2533.png,domain2,domain2,domain4,domain2
26394792,task2_images_v3/task2_event2534.png,domain6,domain6,domain6,domain6
26395365,task2_images_v3/task2_event2535.png,domain2,domain2,domain2,domain2
26396492,task2_images_v3/task2_event2536.png,domain6,domain3,domain3,domain3
26395827,task2_images_v3/task2_event2537.png,domain6,domain5,domain3,domain5
26397265,task2_images_v3/task2_event2538.png,domain5,domain5,domain5,domain5
26393961,task2_images_v3/task2_event2539.png,domain6,domain6,domain6,domain6
26393696,task2_images_v3/task2_event2540.png,domain2,domain2,domain2,domain2
26393151,task2_images_v3/task2_event2541.png,domain3,domain3,domain3,domain3
26395985,task2_images_v3/task2_event2542.png,domain5,domain5,domain6,domain6
26393063,task2_images_v3/task2_event2543.png,domain2,domain2,domain4,domain2
26395171,task2_images_v3/task2_event2544.png,domain4,domain4,domain4,domain4
26394304,task2_images_v3/task2_event2545.png,domain5,domain5,domain3,domain5
26395758,task2_images_v3/task2_event2546.png,domain3,domain3,domain3,domain3
26396212,task2_images_v3/task2_event2547.png,domain6,domain6,domain4,domain6
26395697,task2_images_v3/task2_event2548.png,domain6,domain6,domain4,domain6
26394219,task2_images_v3/task2_event2549.png,domain5,domain2,domain5,domain5
26393020,task2_images_v3/task2_event2550.png,domain3,domain3,domain3,domain3
26393603,task2_images_v3/task2_event2551.png,domain7,domain3,domain3,domain3
26396574,task2_images_v3/task2_event2552.png,domain7,domain7,domain4,domain4
26393349,task2_images_v3/task2_event2553.png,domain5,domain5,domain6,domain6
26395415,task2_images_v3/task2_event2554.png,domain6,domain6,domain6,domain6
26397281,task2_images_v3/task2_event2555.png,domain6,domain5,domain3,domain5
26395845,task2_images_v3/task2_event2556.png,domain2,domain2,domain4,domain2
26393523,task2_images_v3/task2_event2557.png,domain5,domain3,domain3,domain3
26397028,task2_images_v3/task2_event2558.png,domain5,domain5,domain5,domain5
26393388,task2_images_v3/task2_event2559.png,domain4,domain2,domain4,domain4
26392953,task2_images_v3/task2_event2560.png,domain3,domain3,domain3,domain3
26394832,task2_images_v3/task2_event2561.png,domain3,domain2,domain7,domain2
26395396,task2_images_v3/task2_event2562.png,domain7,domain2,domain3,domain2
26394733,task2_images_v3/task2_event2563.png,domain2,domain2,domain2,domain2
26393194,task2_images_v3/task2_event2564.png,domain5,domain5,domain3,domain5
26396722,task2_images_v3/task2_event2565.png,domain7,domain7,domain3,domain7
26394133,task2_images_v3/task2_event2566.png,domain2,domain2,domain2,domain2
26394761,task2_images_v3/task2_event2567.png,domain4,domain4,domain4,domain4
26393539,task2_images_v3/task2_event2568.png,domain6,domain6,domain6,domain6
26395326,task2_images_v3/task2_event2569.png,domain3,domain5,domain3,domain5
26395445,task2_images_v3/task2_event2570.png,domain4,domain4,domain4,domain4
26397413,task2_images_v3/task2_event2571.png,domain4,domain4,domain4,domain4
26396731,task2_images_v3/task2_event2572.png,domain4,domain4,domain4,domain6
26392855,task2_images_v3/task2_event2573.png,domain7,domain7,domain7,domain7
26393479,task2_images_v3/task2_event2574.png,domain3,domain3,domain3,domain3
26397442,task2_images_v3/task2_event2575.png,domain5,domain5,domain3,domain5
26397517,task2_images_v3/task2_event2576.png,domain6,domain6,domain4,domain6
26396669,task2_images_v3/task2_event2577.png,domain5,domain2,domain5,domain5
26396435,task2_images_v3/task2_event2578.png,domain6,domain6,domain6,domain6
26396101,task2_images_v3/task2_event2579.png,domain4,domain3,domain3,domain3
26395642,task2_images_v3/task2_event2580.png,domain5,domain5,domain3,domain5
26397633,task2_images_v3/task2_event2581.png,domain6,domain6,domain4,domain6
26397001,task2_images_v3/task2_event2582.png,domain6,domain6,domain3,domain6
26393421,task2_images_v3/task2_event2583.png,domain5,domain5,domain5,domain6
26393998,task2_images_v3/task2_event2584.png,domain6,domain6,domain3,domain6
26397429,task2_images_v3/task2_event2585.png,domain2,domain2,domain3,domain3
26397307,task2_images_v3/task2_event2586.png,domain3,domain3,domain7,domain3
26394064,task2_images_v3/task2_event2587.png,domain7,domain7,domain7,domain7
26395233,task2_images_v3/task2_event2588.png,domain2,domain2,domain4,domain2
26395940,task2_images_v3/task2_event2589.png,domain7,domain7,domain7,domain7
26395044,task2_images_v3/task2_event2590.png,domain6,domain6,domain4,domain4
26394794,task2_images_v3/task2_event2591.png,domain6,domain6,domain6,domain6
26396964,task2_images_v3/task2_event2592.png,domain7,domain7,domain7,domain2
26396094,task2_images_v3/task2_event2593.png,domain6,domain6,domain6,domain6
26397550,task2_images_v3/task2_event2594.png,domain2,domain2,domain4,domain2
26395483,task2_images_v3/task2_event2595.png,domain2,domain2,domain2,domain2
26393402,task2_images_v3/task2_event2596.png,domain5,domain5,domain3,domain5
26394458,task2_images_v3/task2_event2597.png,domain7,domain7,domain7,domain3
26393698,task2_images_v3/task2_event2598.png,domain5,domain5,domain5,domain5
26394423,task2_images_v3/task2_event2599.png,domain3,domain3,domain3,domain3
26395508,task2_images_v3/task2_event2600.png,domain5,domain5,domain5,domain5
26395798,task2_images_v3/task2_event2601.png,domain4,domain4,domain4,domain6
26393012,task2_images_v3/task2_event2602.png,domain5,domain5,domain5,domain5
26395567,task2_images_v3/task2_event2603.png,domain6,domain6,domain4,domain6
26395431,task2_images_v3/task2_event2604.png,domain2,domain4,domain4,domain4
26393828,task2_images_v3/task2_event2605.png,domain7,domain7,domain7,domain7
26393856,task2_images_v3/task2_event2606.png,domain4,domain7,domain4,domain4
26394259,task2_images_v3/task2_event2607.png,domain3,domain3,domain3,domain3
26395377,task2_images_v3/task2_event2608.png,domain2,domain2,domain3,domain2
26393416,task2_images_v3/task2_event2609.png,domain3,domain7,domain3,domain3
26396480,task2_images_v3/task2_event2610.png,domain7,domain3,domain4,domain3
26393196,task2_images_v3/task2_event2611.png,domain7,domain7,domain7,domain4
26396607,task2_images_v3/task2_event2612.png,domain2,domain2,domain2,domain2
26395416,task2_images_v3/task2_event2613.png,domain5,domain5,domain3,domain5
26395821,task2_images_v3/task2_event2614.png,domain6,domain6,domain6,domain6
26396970,task2_images_v3/task2_event2615.png,domain3,domain3,domain5,domain6
26392955,task2_images_v3/task2_event2616.png,domain4,domain4,domain4,domain4
26396829,task2_images_v3/task2_event2617.png,domain2,domain2,domain7,domain7
26396119,task2_images_v3/task2_event2618.png,domain3,domain5,domain3,domain5
26396666,task2_images_v3/task2_event2619.png,domain6,domain4,domain4,domain6
26393842,task2_images_v3/task2_event2620.png,domain7,domain7,domain4,domain7
26396245,task2_images_v3/task2_event2621.png,domain4,domain7,domain4,domain3
26394631,task2_images_v3/task2_event2622.png,domain4,domain4,domain4,domain4
26393850,task2_images_v3/task2_event2623.png,domain3,domain3,domain3,domain5
26397780,task2_images_v3/task2_event2624.png,domain6,domain6,domain6,domain6
26394743,task2_images_v3/task2_event2625.png,domain2,domain2,domain3,domain6
26396794,task2_images_v3/task2_event2626.png,domain5,domain5,domain3,domain5
26394575,task2_images_v3/task2_event2627.png,domain5,domain3,domain3,domain5
26396613,task2_images_v3/task2_event2628.png,domain4,domain4,domain3,domain3
26397263,task2_images_v3/task2_event2629.png,domain5,domain5,domain3,domain5
26393870,task2_images_v3/task2_event2630.png,domain4,domain4,domain4,domain4
26397270,task2_images_v3/task2_event2631.png,domain5,domain5,domain3,domain5
26397322,task2_images_v3/task2_event2632.png,domain4,domain4,domain4,domain4
26394248,task2_images_v3/task2_event2633.png,domain7,domain4,domain4,domain2
26393525,task2_images_v3/task2_event2634.png,domain3,domain4,domain3,domain6
26392916,task2_images_v3/task2_event2635.png,domain5,domain5,domain4,domain5
26397344,task2_images_v3/task2_event2636.png,domain2,domain2,domain2,domain2
26395462,task2_images_v3/task2_event2637.png,domain3,domain3,domain3,domain5
26394752,task2_images_v3/task2_event2638.png,domain4,domain4,domain3,domain4
26394162,task2_images_v3/task2_event2639.png,domain2,domain5,domain3,domain5
26395174,task2_images_v3/task2_event2640.png,domain2,domain2,domain2,domain7
26397513,task2_images_v3/task2_event2641.png,domain4,domain3,domain4,domain4
26397634,task2_images_v3/task2_event2642.png,domain4,domain2,domain4,domain2
26395436,task2_images_v3/task2_event2643.png,domain6,domain6,domain4,domain6
26395028,task2_images_v3/task2_event2644.png,domain4,domain4,domain4,domain4
26392837,task2_images_v3/task2_event2645.png,domain6,domain3,domain3,domain5
26394353,task2_images_v3/task2_event2646.png,domain5,domain3,domain3,domain3
26396303,task2_images_v3/task2_event2647.png,domain4,domain4,domain4,domain4
26392919,task2_images_v3/task2_event2648.png,domain3,domain3,domain3,domain3
26393009,task2_images_v3/task2_event2649.png,domain3,domain3,domain3,domain3
26394589,task2_images_v3/task2_event2650.png,domain4,domain4,domain4,domain4
26397571,task2_images_v3/task2_event2651.png,domain2,domain2,domain2,domain2
26394973,task2_images_v3/task2_event2652.png,domain2,domain2,domain4,domain2
26395243,task2_images_v3/task2_event2653.png,domain4,domain4,domain7,domain7
26395276,task2_images_v3/task2_event2654.png,domain5,domain3,domain3,domain5
26397286,task2_images_v3/task2_event2655.png,domain6,domain6,domain6,domain6
26393586,task2_images_v3/task2_event2656.png,domain3,domain3,domain3,domain3
26393983,task2_images_v3/task2_event2657.png,domain7,domain3,domain3,domain3
26393549,task2_images_v3/task2_event2658.png,domain5,domain5,domain4,domain5
26397057,task2_images_v3/task2_event2659.png,domain2,domain2,domain7,domain2
26397046,task2_images_v3/task2_event2660.png,domain5,domain3,domain3,domain5
26394775,task2_images_v3/task2_event2661.png,domain5,domain5,domain5,domain5
26395891,task2_images_v3/task2_event2662.png,domain7,domain7,domain4,domain7
26393521,task2_images_v3/task2_event2663.png,domain3,domain7,domain7,domain7
26394261,task2_images_v3/task2_event2664.png,domain2,domain2,domain4,domain4
26393225,task2_images_v3/task2_event2665.png,domain2,domain2,domain3,domain3
26395557,task2_images_v3/task2_event2666.png,domain3,domain3,domain3,domain5
26396089,task2_images_v3/task2_event2667.png,domain5,domain5,domain5,domain5
26395769,task2_images_v3/task2_event2668.png,domain5,domain5,domain6,domain6
26394542,task2_images_v3/task2_event2669.png,domain4,domain4,domain4,domain4
26393237,task2_images_v3/task2_event2670.png,domain3,domain3,domain3,domain3
26393383,task2_images_v3/task2_event2671.png,domain3,domain7,domain7,domain3
26396139,task2_images_v3/task2_event2672.png,domain5,domain5,domain3,domain3
26394143,task2_images_v3/task2_event2673.png,domain7,domain7,domain7,domain7
26395353,task2_images_v3/task2_event2674.png,domain5,domain5,domain3,domain5
26397267,task2_images_v3/task2_event2675.png,domain2,domain3,domain3,domain2
26394227,task2_images_v3/task2_event2676.png,domain6,domain6,domain6,domain5
26394552,task2_images_v3/task2_event2677.png,domain3,domain3,domain3,domain3
26397090,task2_images_v3/task2_event2678.png,domain3,domain7,domain4,domain7
26394164,task2_images_v3/task2_event2679.png,domain5,domain5,domain5,domain5
26395957,task2_images_v3/task2_event2680.png,domain5,domain3,domain3,domain5
26395680,task2_images_v3/task2_event2681.png,domain6,domain6,domain6,domain6
26394467,task2_images_v3/task2_event2682.png,domain6,domain6,domain3,domain6
26394991,task2_images_v3/task2_event2683.png,domain5,domain3,domain3,domain3
26396565,task2_images_v3/task2_event2684.png,domain6,domain6,domain6,domain6
26395765,task2_images_v3/task2_event2685.png,domain5,domain5,domain3,domain5
26395236,task2_images_v3/task2_event2686.png,domain5,domain5,domain5,domain5
26394625,task2_images_v3/task2_event2687.png,domain2,domain2,domain2,domain2
26396323,task2_images_v3/task2_event2688.png,domain3,domain3,domain3,domain3
26396606,task2_images_v3/task2_event2689.png,domain7,domain7,domain5,domain6
26393576,task2_images_v3/task2_event2690.png,domain6,domain6,domain6,domain6
26397680,task2_images_v3/task2_event2691.png,domain6,domain6,domain3,domain6
26394699,task2_images_v3/task2_event2692.png,domain6,domain6,domain6,domain6
26393394,task2_images_v3/task2_event2693.png,domain7,domain3,domain3,domain7
26395655,task2_images_v3/task2_event2694.png,domain4,domain4,domain4,domain3
26396820,task2_images_v3/task2_event2695.png,domain2,domain2,domain2,domain2
26395087,task2_images_v3/task2_event2696.png,domain6,domain6,domain6,domain6
26394697,task2_images_v3/task2_event2697.png,domain4,domain4,domain4,domain4
26397483,task2_images_v3/task2_event2698.png,domain4,domain4,domain4,domain6
26394652,task2_images_v3/task2_event2699.png,domain4,domain4,domain4,domain4
26397558,task2_images_v3/task2_event2700.png,domain6,domain6,domain4,domain6
26394329,task2_images_v3/task2_event2701.png,domain3,domain7,domain7,domain7
26394146,task2_images_v3/task2_event2702.png,domain5,domain5,domain5,domain5
26394567,task2_images_v3/task2_event2703.png,domain2,domain2,domain2,domain2
26394952,task2_images_v3/task2_event2704.png,domain3,domain5,domain3,domain3
26394774,task2_images_v3/task2_event2705.png,domain6,domain6,domain4,domain6
26397333,task2_images_v3/task2_event2706.png,domain2,domain2,domain4,domain4
26394364,task2_images_v3/task2_event2707.png,domain7,domain7,domain4,domain7
26396621,task2_images_v3/task2_event2708.png,domain7,domain7,domain4,domain4
26396544,task2_images_v3/task2_event2709.png,domain7,domain4,domain4,domain6
26394374,task2_images_v3/task2_event2710.png,domain3,domain3,domain3,domain3
26393969,task2_images_v3/task2_event2711.png,domain7,domain7,domain7,domain4
26395961,task2_images_v3/task2_event2712.png,domain4,domain7,domain4,domain4
26397325,task2_images_v3/task2_event2713.png,domain7,domain7,domain7,domain7
26395638,task2_images_v3/task2_event2714.png,domain3,domain3,domain3,domain3
26395990,task2_images_v3/task2_event2715.png,domain4,domain2,domain2,domain2
26395332,task2_images_v3/task2_event2716.png,domain7,domain7,domain4,domain7
26397111,task2_images_v3/task2_event2717.png,domain6,domain6,domain4,domain6
26396708,task2_images_v3/task2_event2718.png,domain5,domain5,domain5,domain5
26397441,task2_images_v3/task2_event2719.png,domain3,domain4,domain4,domain4
26394756,task2_images_v3/task2_event2720.png,domain3,domain3,domain3,domain3
26396035,task2_images_v3/task2_event2721.png,domain5,domain5,domain5,domain5
26394070,task2_images_v3/task2_event2722.png,domain4,domain3,domain3,domain3
26394620,task2_images_v3/task2_event2723.png,domain2,domain4,domain2,domain6
26394906,task2_images_v3/task2_event2724.png,domain2,domain2,domain2,domain5
26397414,task2_images_v3/task2_event2725.png,domain2,domain2,domain2,domain2
26392869,task2_images_v3/task2_event2726.png,domain7,domain7,domain4,domain3
26395343,task2_images_v3/task2_event2727.png,domain7,domain7,domain4,domain7
26393546,task2_images_v3/task2_event2728.png,domain4,domain4,domain4,domain4
26396352,task2_images_v3/task2_event2729.png,domain7,domain7,domain7,domain2
26393809,task2_images_v3/task2_event2730.png,domain4,domain4,domain4,domain4
26396039,task2_images_v3/task2_event2731.png,domain4,domain4,domain4,domain4
26392825,task2_images_v3/task2_event2732.png,domain6,domain5,domain5,domain5
26393567,task2_images_v3/task2_event2733.png,domain6,domain2,domain6,domain6
26397627,task2_images_v3/task2_event2734.png,domain5,domain5,domain5,domain5
26395501,task2_images_v3/task2_event2735.png,domain2,domain2,domain2,domain2
26397293,task2_images_v3/task2_event2736.png,domain2,domain2,domain4,domain2
26397498,task2_images_v3/task2_event2737.png,domain6,domain4,domain4,domain4
26396816,task2_images_v3/task2_event2738.png,domain5,domain5,domain3,domain5
26395113,task2_images_v3/task2_event2739.png,domain2,domain2,domain4,domain4
26394681,task2_images_v3/task2_event2740.png,domain2,domain2,domain2,domain3
26394565,task2_images_v3/task2_event2741.png,domain5,domain5,domain5,domain6
26392826,task2_images_v3/task2_event2742.png,domain5,domain3,domain3,domain5
26394619,task2_images_v3/task2_event2743.png,domain5,domain5,domain5,domain5
26393740,task2_images_v3/task2_event2744.png,domain3,domain3,domain3,domain3
26394029,task2_images_v3/task2_event2745.png,domain2,domain2,domain2,domain6
26396120,task2_images_v3/task2_event2746.png,domain5,domain5,domain5,domain6
26396556,task2_images_v3/task2_event2747.png,domain4,domain4,domain4,domain4
26397541,task2_images_v3/task2_event2748.png,domain4,domain4,domain4,domain4
26393320,task2_images_v3/task2_event2749.png,domain4,domain4,domain4,domain4
26392849,task2_images_v3/task2_event2750.png,domain6,domain6,domain6,domain6
26393327,task2_images_v3/task2_event2751.png,domain6,domain6,domain3,domain6
26396483,task2_images_v3/task2_event2752.png,domain2,domain2,domain4,domain2
26397553,task2_images_v3/task2_event2753.png,domain5,domain2,domain3,domain5
26395223,task2_images_v3/task2_event2754.png,domain2,domain2,domain2,domain2
26393064,task2_images_v3/task2_event2755.png,domain2,domain2,domain7,domain7
26394303,task2_images_v3/task2_event2756.png,domain3,domain3,domain3,domain3
26397715,task2_images_v3/task2_event2757.png,domain5,domain5,domain5,domain5
26396952,task2_images_v3/task2_event2758.png,domain3,domain3,domain3,domain3
26394492,task2_images_v3/task2_event2759.png,domain6,domain6,domain4,domain6
26396314,task2_images_v3/task2_event2760.png,domain2,domain2,domain2,domain3
26397015,task2_images_v3/task2_event2761.png,domain2,domain2,domain7,domain6
26393172,task2_images_v3/task2_event2762.png,domain4,domain4,domain4,domain3
26396949,task2_images_v3/task2_event2763.png,domain5,domain5,domain5,domain5
26397173,task2_images_v3/task2_event2764.png,domain2,domain2,domain2,domain5
26397100,task2_images_v3/task2_event2765.png,domain4,domain3,domain3,domain6
26396575,task2_images_v3/task2_event2766.png,domain2,domain2,domain2,domain2
26392892,task2_images_v3/task2_event2767.png,domain5,domain5,domain5,domain5
26394116,task2_images_v3/task2_event2768.png,domain6,domain6,domain6,domain6
26394844,task2_images_v3/task2_event2769.png,domain5,domain5,domain6,domain6
26394836,task2_images_v3/task2_event2770.png,domain2,domain2,domain2,domain2
26392865,task2_images_v3/task2_event2771.png,domain3,domain4,domain4,domain4
26393816,task2_images_v3/task2_event2772.png,domain5,domain5,domain5,domain6
26393353,task2_images_v3/task2_event2773.png,domain5,domain5,domain5,domain5
26397564,task2_images_v3/task2_event2774.png,domain6,domain6,domain5,domain6
26393086,task2_images_v3/task2_event2775.png,domain2,domain2,domain7,domain7
26396681,task2_images_v3/task2_event2776.png,domain6,domain6,domain6,domain6
26397466,task2_images_v3/task2_event2777.png,domain2,domain2,domain2,domain2
26392900,task2_images_v3/task2_event2778.png,domain2,domain2,domain3,domain5
26396074,task2_images_v3/task2_event2779.png,domain6,domain6,domain6,domain6
26397027,task2_images_v3/task2_event2780.png,domain7,domain7,domain4,domain2
26393810,task2_images_v3/task2_event2781.png,domain3,domain3,domain3,domain3
26393970,task2_images_v3/task2_event2782.png,domain2,domain2,domain2,domain2
26394276,task2_images_v3/task2_event2783.png,domain2,domain2,domain3,domain2
26396123,task2_images_v3/task2_event2784.png,domain2,domain2,domain4,domain2
26393314,task2_images_v3/task2_event2785.png,domain4,domain4,domain4,domain4
26396431,task2_images_v3/task2_event2786.png,domain3,domain3,domain3,domain3
26395149,task2_images_v3/task2_event2787.png,domain4,domain4,domain4,domain4
26395455,task2_images_v3/task2_event2788.png,domain3,domain3,domain3,domain3
26397186,task2_images_v3/task2_event2789.png,domain6,domain6,domain6,domain6
26394814,task2_images_v3/task2_event2790.png,domain6,domain6,domain6,domain6
26397685,task2_images_v3/task2_event2791.png,domain2,domain2,domain3,domain3
26394432,task2_images_v3/task2_event2792.png,domain6,domain6,domain6,domain6
26396771,task2_images_v3/task2_event2793.png,domain3,domain5,domain3,domain5
26394431,task2_images_v3/task2_event2794.png,domain4,domain2,domain2,domain2
26393937,task2_images_v3/task2_event2795.png,domain6,domain6,domain4,domain4
26396530,task2_images_v3/task2_event2796.png,domain3,domain3,domain3,domain3
26394109,task2_images_v3/task2_event2797.png,domain6,domain5,domain3,domain5
26393193,task2_images_v3/task2_event2798.png,domain3,domain3,domain3,domain3
26393692,task2_images_v3/task2_event2799.png,domain5,domain2,domain5,domain6
26395453,task2_images_v3/task2_event2800.png,domain6,domain6,domain6,domain6
26394893,task2_images_v3/task2_event2801.png,domain4,domain4,domain4,domain4
26397586,task2_images_v3/task2_event2802.png,domain6,domain6,domain6,domain6
26393862,task2_images_v3/task2_event2803.png,domain4,domain4,domain4,domain4
26397738,task2_images_v3/task2_event2804.png,domain7,domain3,domain4,domain4
26393014,task2_images_v3/task2_event2805.png,domain6,domain7,domain4,domain6
26393704,task2_images_v3/task2_event2806.png,domain3,domain3,domain4,domain6
26397374,task2_images_v3/task2_event2807.png,domain3,domain3,domain3,domain5
26396228,task2_images_v3/task2_event2808.png,domain7,domain7,domain7,domain7
26397573,task2_images_v3/task2_event2809.png,domain6,domain4,domain4,domain4
26394781,task2_images_v3/task2_event2810.png,domain6,domain6,domain6,domain6
26397611,task2_images_v3/task2_event2811.png,domain5,domain5,domain5,domain5
26393324,task2_images_v3/task2_event2812.png,domain4,domain5,domain4,domain6
26395977,task2_images_v3/task2_event2813.png,domain3,domain3,domain4,domain6
26397584,task2_images_v3/task2_event2814.png,domain3,domain3,domain3,domain3
26392873,task2_images_v3/task2_event2815.png,domain3,domain3,domain3,domain3
26393186,task2_images_v3/task2_event2816.png,domain5,domain5,domain6,domain6
26393731,task2_images_v3/task2_event2817.png,domain3,domain3,domain4,domain3
26396929,task2_images_v3/task2_event2818.png,domain2,domain2,domain2,domain2
26396388,task2_images_v3/task2_event2819.png,domain3,domain3,domain3,domain3
26393985,task2_images_v3/task2_event2820.png,domain5,domain5,domain6,domain6
26396618,task2_images_v3/task2_event2821.png,domain2,domain2,domain4,domain4
26395269,task2_images_v3/task2_event2822.png,domain3,domain3,domain3,domain3
26396672,task2_images_v3/task2_event2823.png,domain6,domain6,domain4,domain3
26396331,task2_images_v3/task2_event2824.png,domain6,domain5,domain3,domain5
26394332,task2_images_v3/task2_event2825.png,domain5,domain5,domain5,domain5
26393119,task2_images_v3/task2_event2826.png,domain5,domain5,domain5,domain5
26394134,task2_images_v3/task2_event2827.png,domain3,domain7,domain4,domain3
26394548,task2_images_v3/task2_event2828.png,domain5,domain5,domain5,domain5
26393110,task2_images_v3/task2_event2829.png,domain3,domain7,domain3,domain3
26393229,task2_images_v3/task2_event2830.png,domain4,domain4,domain4,domain4
26394397,task2_images_v3/task2_event2831.png,domain5,domain5,domain3,domain5
26395804,task2_images_v3/task2_event2832.png,domain5,domain5,domain3,domain5
26396987,task2_images_v3/task2_event2833.png,domain3,domain3,domain3,domain5
26393178,task2_images_v3/task2_event2834.png,domain5,domain5,domain5,domain6
26393464,task2_images_v3/task2_event2835.png,domain2,domain2,domain4,domain3
26397557,task2_images_v3/task2_event2836.png,domain3,domain3,domain3,domain4
26395912,task2_images_v3/task2_event2837.png,domain3,domain3,domain3,domain3
26397582,task2_images_v3/task2_event2838.png,domain4,domain4,domain4,domain4
26394349,task2_images_v3/task2_event2839.png,domain3,domain3,domain3,domain6
26393680,task2_images_v3/task2_event2840.png,domain2,domain2,domain4,domain2
26393156,task2_images_v3/task2_event2841.png,domain2,domain2,domain2,domain2
26396576,task2_images_v3/task2_event2842.png,domain4,domain4,domain4,domain4
26392978,task2_images_v3/task2_event2843.png,domain3,domain7,domain7,domain7
26395689,task2_images_v3/task2_event2844.png,domain6,domain6,domain6,domain6
26396979,task2_images_v3/task2_event2845.png,domain6,domain6,domain6,domain6
26393670,task2_images_v3/task2_event2846.png,domain7,domain4,domain4,domain2
26393044,task2_images_v3/task2_event2847.png,domain2,domain2,domain7,domain2
26393212,task2_images_v3/task2_event2848.png,domain4,domain4,domain4,domain4
26397020,task2_images_v3/task2_event2849.png,domain4,domain4,domain4,domain4
26396403,task2_images_v3/task2_event2850.png,domain5,domain5,domain5,domain6
26393373,task2_images_v3/task2_event2851.png,domain5,domain5,domain3,domain5
26393247,task2_images_v3/task2_event2852.png,domain7,domain7,domain3,domain7
26397370,task2_images_v3/task2_event2853.png,domain4,domain4,domain4,domain4
26393087,task2_images_v3/task2_event2854.png,domain7,domain7,domain3,domain3
26396657,task2_images_v3/task2_event2855.png,domain2,domain2,domain2,domain2
26397688,task2_images_v3/task2_event2856.png,domain3,domain3,domain3,domain3
26396854,task2_images_v3/task2_event2857.png,domain2,domain2,domain2,domain2
26394691,task2_images_v3/task2_event2858.png,domain5,domain5,domain5,domain5
26394824,task2_images_v3/task2_event2859.png,domain7,domain7,domain4,domain4
26397312,task2_images_v3/task2_event2860.png,domain6,domain6,domain6,domain6
26395955,task2_images_v3/task2_event2861.png,domain4,domain3,domain4,domain3
26395262,task2_images_v3/task2_event2862.png,domain5,domain5,domain5,domain5
26396455,task2_images_v3/task2_event2863.png,domain3,domain7,domain4,domain4
26394234,task2_images_v3/task2_event2864.png,domain7,domain7,domain4,domain7
26392950,task2_images_v3/task2_event2865.png,domain5,domain5,domain4,domain6
26397765,task2_images_v3/task2_event2866.png,domain4,domain4,domain4,domain4
26393784,task2_images_v3/task2_event2867.png,domain2,domain2,domain3,domain5
26395801,task2_images_v3/task2_event2868.png,domain5,domain5,domain5,domain5
26394523,task2_images_v3/task2_event2869.png,domain3,domain3,domain5,domain5
26395706,task2_images_v3/task2_event2870.png,domain3,domain3,domain4,domain6
26394980,task2_images_v3/task2_event2871.png,domain3,domain3,domain3,domain6
26396344,task2_images_v3/task2_event2872.png,domain5,domain5,domain6,domain6
26396496,task2_images_v3/task2_event2873.png,domain2,domain2,domain7,domain7
26394177,task2_images_v3/task2_event2874.png,domain5,domain5,domain5,domain5
26396655,task2_images_v3/task2_event2875.png,domain5,domain5,domain5,domain6
26393584,task2_images_v3/task2_event2876.png,domain3,domain3,domain3,domain3
26394120,task2_images_v3/task2_event2877.png,domain7,domain7,domain4,domain5
26393435,task2_images_v3/task2_event2878.png,domain3,domain3,domain3,domain3
26393677,task2_images_v3/task2_event2879.png,domain6,domain6,domain6,domain6
26397756,task2_images_v3/task2_event2880.png,domain2,domain2,domain3,domain2
26397628,task2_images_v3/task2_event2881.png,domain5,domain5,domain5,domain5
26396858,task2_images_v3/task2_event2882.png,domain5,domain5,domain3,domain3
26394152,task2_images_v3/task2_event2883.png,domain5,domain5,domain5,domain5
26396959,task2_images_v3/task2_event2884.png,domain3,domain4,domain4,domain4
26394007,task2_images_v3/task2_event2885.png,domain2,domain2,domain2,domain2
26395657,task2_images_v3/task2_event2886.png,domain7,domain7,domain4,domain7
26397433,task2_images_v3/task2_event2887.png,domain5,domain5,domain4,domain6
26394482,task2_images_v3/task2_event2888.png,domain2,domain2,domain5,domain3
26397143,task2_images_v3/task2_event2889.png,domain4,domain4,domain4,domain4
26396347,task2_images_v3/task2_event2890.png,domain3,domain3,domain3,domain3
26395013,task2_images_v3/task2_event2891.png,domain2,domain2,domain4,domain2
26393459,task2_images_v3/task2_event2892.png,domain2,domain2,domain2,domain2
26397583,task2_images_v3/task2_event2893.png,domain7,domain7,domain4,domain7
26396135,task2_images_v3/task2_event2894.png,domain6,domain4,domain4,domain6
26393187,task2_images_v3/task2_event2895.png,domain6,domain6,domain4,domain6
26394362,task2_images_v3/task2_event2896.png,domain4,domain4,domain4,domain4
26395329,task2_images_v3/task2_event2897.png,domain3,domain3,domain3,domain3
26396275,task2_images_v3/task2_event2898.png,domain5,domain5,domain5,domain5
26394891,task2_images_v3/task2_event2899.png,domain5,domain5,domain5,domain5
26397078,task2_images_v3/task2_event2900.png,domain5,domain5,domain6,domain5
26394530,task2_images_v3/task2_event2901.png,domain5,domain5,domain4,domain5
26397065,task2_images_v3/task2_event2902.png,domain6,domain6,domain6,domain6
26393822,task2_images_v3/task2_event2903.png,domain4,domain4,domain4,domain4
26395474,task2_images_v3/task2_event2904.png,domain7,domain7,domain3,domain3
26396084,task2_images_v3/task2_event2905.png,domain7,domain7,domain7,domain7
26394217,task2_images_v3/task2_event2906.png,domain3,domain3,domain3,domain3
26395389,task2_images_v3/task2_event2907.png,domain5,domain5,domain5,domain5
26394978,task2_images_v3/task2_event2908.png,domain6,domain6,domain4,domain6
26397381,task2_images_v3/task2_event2909.png,domain2,domain2,domain2,domain3
26396696,task2_images_v3/task2_event2910.png,domain2,domain2,domain4,domain2
26395016,task2_images_v3/task2_event2911.png,domain3,domain3,domain3,domain4
26393207,task2_images_v3/task2_event2912.png,domain2,domain2,domain2,domain5
26393514,task2_images_v3/task2_event2913.png,domain4,domain4,domain4,domain4
26396755,task2_images_v3/task2_event2914.png,domain5,domain5,domain6,domain6
26395902,task2_images_v3/task2_event2915.png,domain7,domain3,domain3,domain3
26395964,task2_images_v3/task2_event2916.png,domain3,domain3,domain3,domain3
26394606,task2_images_v3/task2_event2917.png,domain6,domain5,domain6,domain6
26396946,task2_images_v3/task2_event2918.png,domain6,domain6,domain6,domain6
26393147,task2_images_v3/task2_event2919.png,domain6,domain6,domain6,domain6
26396956,task2_images_v3/task2_event2920.png,domain2,domain2,domain4,domain2
26397551,task2_images_v3/task2_event2921.png,domain2,domain2,domain2,domain6
26395897,task2_images_v3/task2_event2922.png,domain5,domain5,domain5,domain5
26392933,task2_images_v3/task2_event2923.png,domain6,domain5,domain6,domain6
26393778,task2_images_v3/task2_event2924.png,domain7,domain3,domain3,domain3
26393462,task2_images_v3/task2_event2925.png,domain4,domain4,domain4,domain4
26394069,task2_images_v3/task2_event2926.png,domain5,domain5,domain5,domain5
26396457,task2_images_v3/task2_event2927.png,domain2,domain3,domain3,domain3
26397621,task2_images_v3/task2_event2928.png,domain3,domain3,domain3,domain3
26393359,task2_images_v3/task2_event2929.png,domain2,domain2,domain2,domain3
26396526,task2_images_v3/task2_event2930.png,domain5,domain5,domain6,domain6
26393420,task2_images_v3/task2_event2931.png,domain6,domain6,domain6,domain6
26392896,task2_images_v3/task2_event2932.png,domain5,domain5,domain5,domain5
26397359,task2_images_v3/task2_event2933.png,domain5,domain5,domain5,domain5
26397529,task2_images_v3/task2_event2934.png,domain2,domain6,domain6,domain5
26393889,task2_images_v3/task2_event2935.png,domain6,domain5,domain5,domain5
26397579,task2_images_v3/task2_event2936.png,domain2,domain2,domain2,domain2
26393341,task2_images_v3/task2_event2937.png,domain6,domain6,domain6,domain6
26396081,task2_images_v3/task2_event2938.png,domain3,domain3,domain3,domain3
26395763,task2_images_v3/task2_event2939.png,domain6,domain6,domain6,domain6
26396924,task2_images_v3/task2_event2940.png,domain5,domain5,domain3,domain5
26397048,task2_images_v3/task2_event2941.png,domain3,domain3,domain3,domain3
26397176,task2_images_v3/task2_event2942.png,domain6,domain6,domain6,domain6
26396846,task2_images_v3/task2_event2943.png,domain7,domain7,domain7,domain7
26394309,task2_images_v3/task2_event2944.png,domain7,domain7,domain4,domain7
26397519,task2_images_v3/task2_event2945.png,domain5,domain5,domain5,domain5
26393524,task2_images_v3/task2_event2946.png,domain4,domain4,domain4,domain6
26395659,task2_images_v3/task2_event2947.png,domain3,domain3,domain3,domain3
26395161,task2_images_v3/task2_event2948.png,domain6,domain6,domain6,domain6
26394452,task2_images_v3/task2_event2949.png,domain4,domain4,domain4,domain4
26395358,task2_images_v3/task2_event2950.png,domain5,domain5,domain5,domain5
26395945,task2_images_v3/task2_event2951.png,domain4,domain4,domain4,domain4
26395575,task2_images_v3/task2_event2952.png,domain6,domain6,domain6,domain6
26393754,task2_images_v3/task2_event2953.png,domain3,domain5,domain6,domain5
26394262,task2_images_v3/task2_event2954.png,domain2,domain2,domain2,domain2
26396957,task2_images_v3/task2_event2955.png,domain2,domain4,domain4,domain4
26393025,task2_images_v3/task2_event2956.png,domain2,domain7,domain4,domain4
26394908,task2_images_v3/task2_event2957.png,domain6,domain6,domain5,domain6
26397503,task2_images_v3/task2_event2958.png,domain4,domain4,domain4,domain4
26394647,task2_images_v3/task2_event2959.png,domain2,domain2,domain2,domain2
26395516,task2_images_v3/task2_event2960.png,domain6,domain6,domain6,domain6
26397658,task2_images_v3/task2_event2961.png,domain7,domain7,domain3,domain7
26393134,task2_images_v3/task2_event2962.png,domain5,domain5,domain5,domain5
26395246,task2_images_v3/task2_event2963.png,domain2,domain2,domain2,domain5
26393682,task2_images_v3/task2_event2964.png,domain5,domain5,domain5,domain5
26393611,task2_images_v3/task2_event2965.png,domain4,domain4,domain4,domain3
26393284,task2_images_v3/task2_event2966.png,domain4,domain4,domain4,domain4
26395653,task2_images_v3/task2_event2967.png,domain5,domain5,domain6,domain6
26393877,task2_images_v3/task2_event2968.png,domain5,domain5,domain5,domain5
26394741,task2_images_v3/task2_event2969.png,domain5,domain5,domain5,domain5
26396525,task2_images_v3/task2_event2970.png,domain5,domain2,domain3,domain5
26394495,task2_images_v3/task2_event2971.png,domain6,domain6,domain6,domain6
26395117,task2_images_v3/task2_event2972.png,domain3,domain5,domain5,domain5
26393934,task2_images_v3/task2_event2973.png,domain4,domain4,domain4,domain4
26396472,task2_images_v3/task2_event2974.png,domain6,domain6,domain4,domain6
26393246,task2_images_v3/task2_event2975.png,domain3,domain3,domain3,domain3
26397167,task2_images_v3/task2_event2976.png,domain4,domain4,domain3,domain4
26396282,task2_images_v3/task2_event2977.png,domain6,domain6,domain4,domain6
26393685,task2_images_v3/task2_event2978.png,domain3,domain3,domain4,domain6
26397619,task2_images_v3/task2_event2979.png,domain4,domain4,domain4,domain4
26395886,task2_images_v3/task2_event2980.png,domain4,domain4,domain4,domain4
26396476,task2_images_v3/task2_event2981.png,domain5,domain5,domain5,domain5
26396233,task2_images_v3/task2_event2982.png,domain7,domain7,domain7,domain7
26394505,task2_images_v3/task2_event2983.png,domain7,domain7,domain2,domain7
26392958,task2_images_v3/task2_event2984.png,domain3,domain3,domain3,domain5
26395826,task2_images_v3/task2_event2985.png,domain3,domain3,domain3,domain5
26396259,task2_images_v3/task2_event2986.png,domain2,domain2,domain3,domain2
26396735,task2_images_v3/task2_event2987.png,domain4,domain4,domain4,domain4
26394427,task2_images_v3/task2_event2988.png,domain3,domain7,domain6,domain7
26393386,task2_images_v3/task2_event2989.png,domain7,domain7,domain4,domain3
26393073,task2_images_v3/task2_event2990.png,domain4,domain4,domain4,domain4
26393727,task2_images_v3/task2_event2991.png,domain6,domain6,domain6,domain6
26392815,task2_images_v3/task2_event2992.png,domain5,domain5,domain5,domain5
26394230,task2_images_v3/task2_event2993.png,domain5,domain5,domain5,domain5
26397337,task2_images_v3/task2_event2994.png,domain2,domain2,domain2,domain2
26394706,task2_images_v3/task2_event2995.png,domain2,domain2,domain7,domain2
26393684,task2_images_v3/task2_event2996.png,domain4,domain4,domain4,domain4
26393656,task2_images_v3/task2_event2997.png,domain6,domain6,domain6,domain6
26396014,task2_images_v3/task2_event2998.png,domain3,domain3,domain6,domain4
26397641,task2_images_v3/task2_event2999.png,domain2,domain2,domain3,domain2
26393321,task2_images_v3/task2_event3000.png,domain4,domain4,domain4,domain4
26393135,task2_images_v3/task2_event3001.png,domain3,domain3,domain3,domain3
26396619,task2_images_v3/task2_event3002.png,domain5,domain5,domain5,domain5
26397596,task2_images_v3/task2_event3003.png,domain6,domain6,domain6,domain6
26393991,task2_images_v3/task2_event3004.png,domain4,domain2,domain4,domain2
26394641,task2_images_v3/task2_event3005.png,domain6,domain6,domain6,domain6
26393594,task2_images_v3/task2_event3006.png,domain3,domain3,domain3,domain3
26393439,task2_images_v3/task2_event3007.png,domain3,domain3,domain3,domain3
26393062,task2_images_v3/task2_event3008.png,domain7,domain7,domain7,domain7
26396762,task2_images_v3/task2_event3009.png,domain6,domain6,domain6,domain6
26396232,task2_images_v3/task2_event3010.png,domain7,domain7,domain3,domain3
26396257,task2_images_v3/task2_event3011.png,domain6,domain6,domain6,domain6
26393467,task2_images_v3/task2_event3012.png,domain5,domain5,domain5,domain5
26393488,task2_images_v3/task2_event3013.png,domain6,domain6,domain6,domain6
26393068,task2_images_v3/task2_event3014.png,domain2,domain2,domain4,domain4
26395791,task2_images_v3/task2_event3015.png,domain3,domain3,domain3,domain3
26394538,task2_images_v3/task2_event3016.png,domain6,domain6,domain6,domain6
26394430,task2_images_v3/task2_event3017.png,domain5,domain5,domain5,domain5
26395623,task2_images_v3/task2_event3018.png,domain6,domain6,domain6,domain6
26394587,task2_images_v3/task2_event3019.png,domain3,domain3,domain3,domain3
26395855,task2_images_v3/task2_event3020.png,domain6,domain6,domain6,domain5
26393596,task2_images_v3/task2_event3021.png,domain6,domain6,domain6,domain6
26395298,task2_images_v3/task2_event3022.png,domain4,domain2,domain4,domain2
26395199,task2_images_v3/task2_event3023.png,domain2,domain2,domain4,domain6
26397014,task2_images_v3/task2_event3024.png,domain5,domain5,domain5,domain5
26393132,task2_images_v3/task2_event3025.png,domain2,domain2,domain3,domain3
26392880,task2_images_v3/task2_event3026.png,domain7,domain7,domain3,domain3
26394250,task2_images_v3/task2_event3027.png,domain6,domain6,domain4,domain6
26397709,task2_images_v3/task2_event3028.png,domain5,domain5,domain3,domain5
26393896,task2_images_v3/task2_event3029.png,domain4,domain4,domain4,domain4
26393258,task2_images_v3/task2_event3030.png,domain3,domain3,domain3,domain3
26394137,task2_images_v3/task2_event3031.png,domain5,domain5,domain7,domain5
26394367,task2_images_v3/task2_event3032.png,domain4,domain3,domain4,domain3
26393131,task2_images_v3/task2_event3033.png,domain7,domain5,domain3,domain5
26397077,task2_images_v3/task2_event3034.png,domain6,domain6,domain6,domain6
26397435,task2_images_v3/task2_event3035.png,domain4,domain4,domain4,domain6
26393526,task2_images_v3/task2_event3036.png,domain2,domain2,domain7,domain7
26395772,task2_images_v3/task2_event3037.png,domain6,domain6,domain6,domain6
26397682,task2_images_v3/task2_event3038.png,domain2,domain2,domain4,domain2
26394017,task2_images_v3/task2_event3039.png,domain7,domain7,domain7,domain7
26393583,task2_images_v3/task2_event3040.png,domain2,domain2,domain2,domain2
26397783,task2_images_v3/task2_event3041.png,domain3,domain3,domain3,domain5
26393913,task2_images_v3/task2_event3042.png,domain3,domain3,domain3,domain3
26393844,task2_images_v3/task2_event3043.png,domain5,domain2,domain6,domain6
26394258,task2_images_v3/task2_event3044.png,domain2,domain3,domain3,domain3
26393485,task2_images_v3/task2_event3045.png,domain5,domain5,domain3,domain5
26394718,task2_images_v3/task2_event3046.png,domain6,domain4,domain4,domain6
26397228,task2_images_v3/task2_event3047.png,domain5,domain5,domain6,domain6
26396589,task2_images_v3/task2_event3048.png,domain5,domain5,domain3,domain3
26396773,task2_images_v3/task2_event3049.png,domain3,domain3,domain3,domain3
26392861,task2_images_v3/task2_event3050.png,domain3,domain3,domain3,domain3
26397264,task2_images_v3/task2_event3051.png,domain3,domain3,domain3,domain3
26393161,task2_images_v3/task2_event3052.png,domain7,domain7,domain4,domain3
26395026,task2_images_v3/task2_event3053.png,domain6,domain6,domain6,domain6
26396729,task2_images_v3/task2_event3054.png,domain2,domain4,domain4,domain2
26393458,task2_images_v3/task2_event3055.png,domain4,domain4,domain4,domain4
26394369,task2_images_v3/task2_event3056.png,domain7,domain7,domain3,domain7
26393263,task2_images_v3/task2_event3057.png,domain3,domain3,domain3,domain3
26397594,task2_images_v3/task2_event3058.png,domain2,domain2,domain3,domain5
26393737,task2_images_v3/task2_event3059.png,domain5,domain5,domain3,domain5
26395789,task2_images_v3/task2_event3060.png,domain3,domain3,domain3,domain3
26395423,task2_images_v3/task2_event3061.png,domain7,domain7,domain7,domain7
26393794,task2_images_v3/task2_event3062.png,domain5,domain5,domain3,domain5
26397277,task2_images_v3/task2_event3063.png,domain5,domain5,domain5,domain5
26396596,task2_images_v3/task2_event3064.png,domain5,domain5,domain5,domain5
26393858,task2_images_v3/task2_event3065.png,domain3,domain3,domain3,domain3
26396210,task2_images_v3/task2_event3066.png,domain2,domain2,domain2,domain2
26397421,task2_images_v3/task2_event3067.png,domain4,domain4,domain4,domain4
26395385,task2_images_v3/task2_event3068.png,domain3,domain7,domain7,domain3
26392866,task2_images_v3/task2_event3069.png,domain3,domain3,domain4,domain4
26393860,task2_images_v3/task2_event3070.png,domain2,domain2,domain2,domain3
26397345,task2_images_v3/task2_event3071.png,domain5,domain5,domain3,domain5
26396595,task2_images_v3/task2_event3072.png,domain2,domain2,domain4,domain2
26394716,task2_images_v3/task2_event3073.png,domain5,domain5,domain3,domain5
26396110,task2_images_v3/task2_event3074.png,domain6,domain6,domain6,domain5
26397084,task2_images_v3/task2_event3075.png,domain2,domain7,domain7,domain3
26395027,task2_images_v3/task2_event3076.png,domain6,domain6,domain6,domain6
26393016,task2_images_v3/task2_event3077.png,domain2,domain3,domain3,domain3
26395617,task2_images_v3/task2_event3078.png,domain2,domain4,domain2,domain4
26396891,task2_images_v3/task2_event3079.png,domain4,domain6,domain6,domain6
26393832,task2_images_v3/task2_event3080.png,domain7,domain4,domain4,domain4
26397411,task2_images_v3/task2_event3081.png,domain4,domain4,domain4,domain4
26397302,task2_images_v3/task2_event3082.png,domain5,domain2,domain2,domain2
26396336,task2_images_v3/task2_event3083.png,domain6,domain6,domain6,domain6
26396241,task2_images_v3/task2_event3084.png,domain7,domain7,domain4,domain4
26394450,task2_images_v3/task2_event3085.png,domain2,domain2,domain2,domain2
26394429,task2_images_v3/task2_event3086.png,domain4,domain4,domain4,domain4
26397555,task2_images_v3/task2_event3087.png,domain5,domain3,domain3,domain5
26395529,task2_images_v3/task2_event3088.png,domain6,domain6,domain6,domain6
26396691,task2_images_v3/task2_event3089.png,domain3,domain3,domain3,domain3
26394543,task2_images_v3/task2_event3090.png,domain3,domain3,domain3,domain3
26396175,task2_images_v3/task2_event3091.png,domain2,domain2,domain2,domain2
26394041,task2_images_v3/task2_event3092.png,domain4,domain4,domain4,domain4
26395547,task2_images_v3/task2_event3093.png,domain5,domain5,domain5,domain5
26394602,task2_images_v3/task2_event3094.png,domain7,domain7,domain4,domain4
26395717,task2_images_v3/task2_event3095.png,domain4,domain6,domain4,domain4
26394024,task2_images_v3/task2_event3096.png,domain2,domain2,domain4,domain3
26395069,task2_images_v3/task2_event3097.png,domain5,domain5,domain5,domain5
26396079,task2_images_v3/task2_event3098.png,domain4,domain4,domain4,domain4
26393361,task2_images_v3/task2_event3099.png,domain4,domain3,domain3,domain3
26394104,task2_images_v3/task2_event3100.png,domain4,domain4,domain4,domain4
26396447,task2_images_v3/task2_event3101.png,domain5,domain5,domain5,domain5
26396677,task2_images_v3/task2_event3102.png,domain3,domain7,domain3,domain3
26397497,task2_images_v3/task2_event3103.png,domain7,domain2,domain2,domain2
26392999,task2_images_v3/task2_event3104.png,domain6,domain5,domain6,domain6
26397520,task2_images_v3/task2_event3105.png,domain4,domain7,domain6,domain6
26397225,task2_images_v3/task2_event3106.png,domain2,domain2,domain2,domain4
26394338,task2_images_v3/task2_event3107.png,domain2,domain4,domain2,domain4
26394179,task2_images_v3/task2_event3108.png,domain4,domain6,domain4,domain6
26393728,task2_images_v3/task2_event3109.png,domain4,domain4,domain4,domain4
26395278,task2_images_v3/task2_event3110.png,domain5,domain3,domain3,domain5
26393046,task2_images_v3/task2_event3111.png,domain3,domain3,domain3,domain6
26397657,task2_images_v3/task2_event3112.png,domain6,domain5,domain6,domain6
26397279,task2_images_v3/task2_event3113.png,domain2,domain2,domain6,domain6
26397050,task2_images_v3/task2_event3114.png,domain4,domain4,domain4,domain4
26394942,task2_images_v3/task2_event3115.png,domain7,domain7,domain3,domain3
26395219,task2_images_v3/task2_event3116.png,domain6,domain6,domain6,domain6
26396277,task2_images_v3/task2_event3117.png,domain7,domain7,domain6,domain7
26395088,task2_images_v3/task2_event3118.png,domain3,domain3,domain3,domain3
26394475,task2_images_v3/task2_event3119.png,domain6,domain6,domain6,domain6
26397254,task2_images_v3/task2_event3120.png,domain2,domain2,domain3,domain5
26396351,task2_images_v3/task2_event3121.png,domain6,domain5,domain5,domain6
26396685,task2_images_v3/task2_event3122.png,domain5,domain5,domain5,domain5
26394803,task2_images_v3/task2_event3123.png,domain2,domain2,domain2,domain2
26394418,task2_images_v3/task2_event3124.png,domain6,domain6,domain4,domain6
26393376,task2_images_v3/task2_event3125.png,domain4,domain4,domain4,domain4
26396789,task2_images_v3/task2_event3126.png,domain5,domain5,domain5,domain5
26395337,task2_images_v3/task2_event3127.png,domain3,domain3,domain3,domain3
26395546,task2_images_v3/task2_event3128.png,domain4,domain2,domain4,domain4
26397349,task2_images_v3/task2_event3129.png,domain2,domain2,domain2,domain2
26394058,task2_images_v3/task2_event3130.png,domain2,domain2,domain2,domain2
26393422,task2_images_v3/task2_event3131.png,domain2,domain2,domain2,domain2
26396002,task2_images_v3/task2_event3132.png,domain4,domain3,domain4,domain3
26397758,task2_images_v3/task2_event3133.png,domain2,domain2,domain2,domain2
26394386,task2_images_v3/task2_event3134.png,domain4,domain4,domain4,domain3
26393112,task2_images_v3/task2_event3135.png,domain5,domain5,domain5,domain5
26394671,task2_images_v3/task2_event3136.png,domain6,domain6,domain6,domain6
26395053,task2_images_v3/task2_event3137.png,domain7,domain7,domain4,domain4
26396424,task2_images_v3/task2_event3138.png,domain3,domain3,domain3,domain3
26395993,task2_images_v3/task2_event3139.png,domain4,domain7,domain4,domain4
26393589,task2_images_v3/task2_event3140.png,domain4,domain4,domain4,domain4
26395070,task2_images_v3/task2_event3141.png,domain3,domain3,domain3,domain3
26397180,task2_images_v3/task2_event3142.png,domain5,domain5,domain5,domain5
26392947,task2_images_v3/task2_event3143.png,domain3,domain3,domain3,domain3
26395434,task2_images_v3/task2_event3144.png,domain4,domain4,domain4,domain4
26397787,task2_images_v3/task2_event3145.png,domain3,domain3,domain3,domain3
26396009,task2_images_v3/task2_event3146.png,domain3,domain3,domain3,domain3
26396215,task2_images_v3/task2_event3147.png,domain4,domain4,domain4,domain4
26397316,task2_images_v3/task2_event3148.png,domain3,domain3,domain3,domain3
26397330,task2_images_v3/task2_event3149.png,domain3,domain3,domain3,domain3
26396582,task2_images_v3/task2_event3150.png,domain2,domain2,domain2,domain3
26393719,task2_images_v3/task2_event3151.png,domain2,domain2,domain2,domain2
26393522,task2_images_v3/task2_event3152.png,domain7,domain7,domain3,domain7
26394890,task2_images_v3/task2_event3153.png,domain6,domain6,domain6,domain6
26396792,task2_images_v3/task2_event3154.png,domain3,domain3,domain3,domain3
26397058,task2_images_v3/task2_event3155.png,domain5,domain2,domain5,domain5
26394424,task2_images_v3/task2_event3156.png,domain6,domain6,domain6,domain6
26396386,task2_images_v3/task2_event3157.png,domain7,domain2,domain7,domain6
26393849,task2_images_v3/task2_event3158.png,domain6,domain6,domain6,domain5
26394550,task2_images_v3/task2_event3159.png,domain4,domain4,domain4,domain4
26393638,task2_images_v3/task2_event3160.png,domain6,domain6,domain4,domain6
26397234,task2_images_v3/task2_event3161.png,domain4,domain4,domain4,domain4
26396182,task2_images_v3/task2_event3162.png,domain7,domain7,domain4,domain7
26393326,task2_images_v3/task2_event3163.png,domain3,domain3,domain4,domain4
26395874,task2_images_v3/task2_event3164.png,domain4,domain4,domain4,domain4
26393048,task2_images_v3/task2_event3165.png,domain5,domain5,domain3,domain5
26394612,task2_images_v3/task2_event3166.png,domain5,domain5,domain3,domain5
26394835,task2_images_v3/task2_event3167.png,domain7,domain7,domain4,domain2
26397207,task2_images_v3/task2_event3168.png,domain5,domain5,domain5,domain5
26396805,task2_images_v3/task2_event3169.png,domain3,domain3,domain3,domain5
26394472,task2_images_v3/task2_event3170.png,domain6,domain6,domain6,domain6
26397120,task2_images_v3/task2_event3171.png,domain4,domain4,domain3,domain3
26393733,task2_images_v3/task2_event3172.png,domain2,domain2,domain3,domain2
26397246,task2_images_v3/task2_event3173.png,domain6,domain6,domain6,domain6
26397066,task2_images_v3/task2_event3174.png,domain4,domain4,domain4,domain4
26393006,task2_images_v3/task2_event3175.png,domain2,domain2,domain2,domain2
26395402,task2_images_v3/task2_event3176.png,domain4,domain3,domain4,domain4
26393502,task2_images_v3/task2_event3177.png,domain3,domain4,domain2,domain6
26395597,task2_images_v3/task2_event3178.png,domain2,domain2,domain2,domain3
26397729,task2_images_v3/task2_event3179.png,domain4,domain4,domain4,domain4
26396610,task2_images_v3/task2_event3180.png,domain3,domain5,domain3,domain5
26395333,task2_images_v3/task2_event3181.png,domain4,domain4,domain4,domain6
26396088,task2_images_v3/task2_event3182.png,domain4,domain4,domain4,domain6
26393650,task2_images_v3/task2_event3183.png,domain2,domain2,domain2,domain2
26396355,task2_images_v3/task2_event3184.png,domain3,domain3,domain4,domain3
26397045,task2_images_v3/task2_event3185.png,domain2,domain2,domain2,domain2
26395320,task2_images_v3/task2_event3186.png,domain3,domain3,domain4,domain3
26393734,task2_images_v3/task2_event3187.png,domain5,domain5,domain5,domain5
26393715,task2_images_v3/task2_event3188.png,domain3,domain5,domain3,domain5
26393826,task2_images_v3/task2_event3189.png,domain4,domain4,domain4,domain4
26394919,task2_images_v3/task2_event3190.png,domain5,domain5,domain5,domain5
26395124,task2_images_v3/task2_event3191.png,domain3,domain3,domain4,domain7
26395566,task2_images_v3/task2_event3192.png,domain5,domain5,domain4,domain5
26396955,task2_images_v3/task2_event3193.png,domain3,domain3,domain3,domain3
26394275,task2_images_v3/task2_event3194.png,domain7,domain7,domain7,domain7
26397007,task2_images_v3/task2_event3195.png,domain6,domain6,domain6,domain6
26394727,task2_images_v3/task2_event3196.png,domain7,domain7,domain3,domain7
26395418,task2_images_v3/task2_event3197.png,domain7,domain3,domain3,domain3
26394601,task2_images_v3/task2_event3198.png,domain6,domain6,domain3,domain6
26394799,task2_images_v3/task2_event3199.png,domain3,domain3,domain4,domain5
26396177,task2_images_v3/task2_event3200.png,domain5,domain5,domain6,domain5
26393115,task2_images_v3/task2_event3201.png,domain4,domain2,domain2,domain2
26397062,task2_images_v3/task2_event3202.png,domain5,domain2,domain2,domain5
26393710,task2_images_v3/task2_event3203.png,domain7,domain3,domain3,domain3
26394322,task2_images_v3/task2_event3204.png,domain3,domain3,domain3,domain3
26395960,task2_images_v3/task2_event3205.png,domain4,domain4,domain4,domain6
26395918,task2_images_v3/task2_event3206.png,domain2,domain2,domain2,domain2
26393083,task2_images_v3/task2_event3207.png,domain7,domain4,domain7,domain4
26397444,task2_images_v3/task2_event3208.png,domain6,domain6,domain6,domain6
26393780,task2_images_v3/task2_event3209.png,domain2,domain2,domain2,domain2
26396963,task2_images_v3/task2_event3210.png,domain2,domain2,domain2,domain2
26393967,task2_images_v3/task2_event3211.png,domain7,domain7,domain2,domain3
26396334,task2_images_v3/task2_event3212.png,domain7,domain7,domain7,domain7
26395974,task2_images_v3/task2_event3213.png,domain7,domain7,domain4,domain4
26396383,task2_images_v3/task2_event3214.png,domain6,domain6,domain4,domain6
26396662,task2_images_v3/task2_event3215.png,domain2,domain2,domain2,domain2
26395988,task2_images_v3/task2_event3216.png,domain4,domain4,domain4,domain4
26396800,task2_images_v3/task2_event3217.png,domain7,domain7,domain7,domain7
26397439,task2_images_v3/task2_event3218.png,domain7,domain7,domain4,domain2
26394823,task2_images_v3/task2_event3219.png,domain4,domain4,domain4,domain4
26396668,task2_images_v3/task2_event3220.png,domain4,domain4,domain6,domain2
26393605,task2_images_v3/task2_event3221.png,domain3,domain3,domain3,domain3
26395519,task2_images_v3/task2_event3222.png,domain4,domain5,domain3,domain6
26392833,task2_images_v3/task2_event3223.png,domain4,domain4,domain4,domain6
26397205,task2_images_v3/task2_event3224.png,domain5,domain3,domain3,domain3
26397244,task2_images_v3/task2_event3225.png,domain5,domain5,domain5,domain5
26396812,task2_images_v3/task2_event3226.png,domain4,domain7,domain7,domain3
26395064,task2_images_v3/task2_event3227.png,domain6,domain6,domain6,domain6
26396056,task2_images_v3/task2_event3228.png,domain3,domain3,domain3,domain3
26394514,task2_images_v3/task2_event3229.png,domain5,domain5,domain5,domain5
26393763,task2_images_v3/task2_event3230.png,domain5,domain5,domain3,domain5
26394225,task2_images_v3/task2_event3231.png,domain3,domain3,domain3,domain3
26397630,task2_images_v3/task2_event3232.png,domain6,domain6,domain6,domain6
26397341,task2_images_v3/task2_event3233.png,domain4,domain4,domain4,domain6
26394494,task2_images_v3/task2_event3234.png,domain4,domain3,domain4,domain4
26396149,task2_images_v3/task2_event3235.png,domain4,domain3,domain4,domain3
26394003,task2_images_v3/task2_event3236.png,domain5,domain5,domain5,domain6
26394842,task2_images_v3/task2_event3237.png,domain2,domain5,domain3,domain5
26394736,task2_images_v3/task2_event3238.png,domain6,domain6,domain4,domain6
26394558,task2_images_v3/task2_event3239.png,domain4,domain4,domain4,domain4
26395080,task2_images_v3/task2_event3240.png,domain4,domain7,domain7,domain7
26395075,task2_images_v3/task2_event3241.png,domain5,domain5,domain5,domain5
26396350,task2_images_v3/task2_event3242.png,domain6,domain6,domain6,domain6
26395920,task2_images_v3/task2_event3243.png,domain6,domain6,domain6,domain6
26392889,task2_images_v3/task2_event3244.png,domain2,domain2,domain2,domain6
26395963,task2_images_v3/task2_event3245.png,domain4,domain4,domain3,domain4
26395020,task2_images_v3/task2_event3246.png,domain6,domain6,domain6,domain6
26395738,task2_images_v3/task2_event3247.png,domain4,domain3,domain3,domain3
26394465,task2_images_v3/task2_event3248.png,domain5,domain5,domain5,domain5
26396712,task2_images_v3/task2_event3249.png,domain6,domain6,domain6,domain6
26395744,task2_images_v3/task2_event3250.png,domain2,domain2,domain6,domain2
26396787,task2_images_v3/task2_event3251.png,domain2,domain2,domain2,domain6
26393532,task2_images_v3/task2_event3252.png,domain7,domain7,domain4,domain7
26393757,task2_images_v3/task2_event3253.png,domain2,domain4,domain4,domain4
26397597,task2_images_v3/task2_event3254.png,domain2,domain2,domain2,domain2
26394312,task2_images_v3/task2_event3255.png,domain3,domain3,domain4,domain4
26393561,task2_images_v3/task2_event3256.png,domain7,domain7,domain7,domain5
26397247,task2_images_v3/task2_event3257.png,domain7,domain7,domain7,domain7
26397115,task2_images_v3/task2_event3258.png,domain4,domain4,domain4,domain4
26393387,task2_images_v3/task2_event3259.png,domain3,domain3,domain3,domain3
26395413,task2_images_v3/task2_event3260.png,domain5,domain5,domain3,domain5
26395094,task2_images_v3/task2_event3261.png,domain4,domain6,domain6,domain6
26393900,task2_images_v3/task2_event3262.png,domain7,domain7,domain4,domain3
26395388,task2_images_v3/task2_event3263.png,domain7,domain7,domain3,domain3
26396416,task2_images_v3/task2_event3264.png,domain2,domain2,domain2,domain2
26396741,task2_images_v3/task2_event3265.png,domain2,domain2,domain4,domain6
26396179,task2_images_v3/task2_event3266.png,domain3,domain3,domain3,domain5
26396198,task2_images_v3/task2_event3267.png,domain6,domain6,domain4,domain4
26393827,task2_images_v3/task2_event3268.png,domain3,domain3,domain3,domain3
26396503,task2_images_v3/task2_event3269.png,domain7,domain7,domain7,domain4
26396558,task2_images_v3/task2_event3270.png,domain5,domain5,domain4,domain5
26395356,task2_images_v3/task2_event3271.png,domain4,domain4,domain4,domain4
26394172,task2_images_v3/task2_event3272.png,domain5,domain3,domain3,domain5
26393257,task2_images_v3/task2_event3273.png,domain3,domain3,domain3,domain5
26395797,task2_images_v3/task2_event3274.png,domain7,domain2,domain3,domain2
26395114,task2_images_v3/task2_event3275.png,domain2,domain2,domain2,domain3
26393695,task2_images_v3/task2_event3276.png,domain3,domain7,domain3,domain7
26394196,task2_images_v3/task2_event3277.png,domain4,domain4,domain4,domain4
26394709,task2_images_v3/task2_event3278.png,domain6,domain6,domain4,domain6
26394019,task2_images_v3/task2_event3279.png,domain3,domain3,domain6,domain5
26394073,task2_images_v3/task2_event3280.png,domain3,domain3,domain3,domain3
26395062,task2_images_v3/task2_event3281.png,domain5,domain3,domain5,domain3
26396671,task2_images_v3/task2_event3282.png,domain4,domain4,domain4,domain4
26393366,task2_images_v3/task2_event3283.png,domain4,domain4,domain5,domain7
26396224,task2_images_v3/task2_event3284.png,domain7,domain7,domain5,domain7
26395694,task2_images_v3/task2_event3285.png,domain3,domain3,domain3,domain3
26397512,task2_images_v3/task2_event3286.png,domain2,domain2,domain2,domain2
26397565,task2_images_v3/task2_event3287.png,domain2,domain2,domain4,domain2
26395367,task2_images_v3/task2_event3288.png,domain3,domain3,domain4,domain3
26395401,task2_images_v3/task2_event3289.png,domain4,domain4,domain4,domain4
26395167,task2_images_v3/task2_event3290.png,domain3,domain3,domain3,domain3
26397060,task2_images_v3/task2_event3291.png,domain2,domain2,domain2,domain2
26397668,task2_images_v3/task2_event3292.png,domain5,domain3,domain3,domain6
26395693,task2_images_v3/task2_event3293.png,domain3,domain3,domain3,domain5
26394992,task2_images_v3/task2_event3294.png,domain5,domain5,domain5,domain5
26393455,task2_images_v3/task2_event3295.png,domain5,domain5,domain3,domain5
26394771,task2_images_v3/task2_event3296.png,domain7,domain7,domain3,domain3
26392965,task2_images_v3/task2_event3297.png,domain7,domain2,domain2,domain2
26393579,task2_images_v3/task2_event3298.png,domain6,domain6,domain4,domain6
26393442,task2_images_v3/task2_event3299.png,domain2,domain2,domain2,domain2
26393465,task2_images_v3/task2_event3300.png,domain5,domain5,domain5,domain5
26396853,task2_images_v3/task2_event3301.png,domain2,domain2,domain7,domain3
26395843,task2_images_v3/task2_event3302.png,domain2,domain2,domain2,domain5
26393637,task2_images_v3/task2_event3303.png,domain3,domain3,domain3,domain5
26392964,task2_images_v3/task2_event3304.png,domain6,domain6,domain6,domain6
26395951,task2_images_v3/task2_event3305.png,domain2,domain2,domain2,domain2
26395036,task2_images_v3/task2_event3306.png,domain4,domain3,domain4,domain3
26397791,task2_images_v3/task2_event3307.png,domain4,domain4,domain4,domain4
26394027,task2_images_v3/task2_event3308.png,domain4,domain4,domain4,domain4
26395830,task2_images_v3/task2_event3309.png,domain3,domain2,domain2,domain2
26395543,task2_images_v3/task2_event3310.png,domain4,domain3,domain4,domain3
26394175,task2_images_v3/task2_event3311.png,domain2,domain2,domain7,domain7
26396173,task2_images_v3/task2_event3312.png,domain6,domain6,domain2,domain6
26393963,task2_images_v3/task2_event3313.png,domain7,domain7,domain4,domain7
26395740,task2_images_v3/task2_event3314.png,domain2,domain2,domain3,domain2
26393124,task2_images_v3/task2_event3315.png,domain4,domain4,domain4,domain3
26396988,task2_images_v3/task2_event3316.png,domain7,domain7,domain4,domain7
26394473,task2_images_v3/task2_event3317.png,domain6,domain6,domain4,domain6
26393875,task2_images_v3/task2_event3318.png,domain2,domain2,domain2,domain2
26393745,task2_images_v3/task2_event3319.png,domain2,domain2,domain2,domain2
26392906,task2_images_v3/task2_event3320.png,domain6,domain4,domain4,domain4
26393939,task2_images_v3/task2_event3321.png,domain7,domain7,domain3,domain7
26396935,task2_images_v3/task2_event3322.png,domain2,domain2,domain2,domain2
26397235,task2_images_v3/task2_event3323.png,domain6,domain6,domain4,domain3
26395898,task2_images_v3/task2_event3324.png,domain6,domain6,domain3,domain6
26394030,task2_images_v3/task2_event3325.png,domain2,domain2,domain3,domain2
26397398,task2_images_v3/task2_event3326.png,domain2,domain7,domain7,domain7
26394148,task2_images_v3/task2_event3327.png,domain3,domain7,domain5,domain3
26397559,task2_images_v3/task2_event3328.png,domain5,domain5,domain5,domain5
26393663,task2_images_v3/task2_event3329.png,domain4,domain4,domain4,domain4
26396199,task2_images_v3/task2_event3330.png,domain7,domain7,domain4,domain7
26393250,task2_images_v3/task2_event3331.png,domain4,domain4,domain4,domain4
26393437,task2_images_v3/task2_event3332.png,domain6,domain5,domain6,domain5
26397418,task2_images_v3/task2_event3333.png,domain3,domain3,domain3,domain3
26393689,task2_images_v3/task2_event3334.png,domain4,domain4,domain4,domain4
26394624,task2_images_v3/task2_event3335.png,domain3,domain3,domain3,domain3
26395238,task2_images_v3/task2_event3336.png,domain6,domain6,domain6,domain6
26393788,task2_images_v3/task2_event3337.png,domain5,domain3,domain3,domain5
26393681,task2_images_v3/task2_event3338.png,domain2,domain2,domain4,domain4
26394948,task2_images_v3/task2_event3339.png,domain2,domain2,domain2,domain2
26393987,task2_images_v3/task2_event3340.png,domain7,domain7,domain4,domain7
26395526,task2_images_v3/task2_event3341.png,domain5,domain5,domain5,domain5
26395980,task2_images_v3/task2_event3342.png,domain5,domain5,domain7,domain3
26396649,task2_images_v3/task2_event3343.png,domain7,domain7,domain3,domain7
26397257,task2_images_v3/task2_event3344.png,domain5,domain5,domain3,domain5
26393686,task2_images_v3/task2_event3345.png,domain4,domain4,domain4,domain4
26397142,task2_images_v3/task2_event3346.png,domain3,domain3,domain3,domain7
26396051,task2_images_v3/task2_event3347.png,domain4,domain4,domain4,domain4
26394421,task2_images_v3/task2_event3348.png,domain2,domain2,domain2,domain2
26397538,task2_images_v3/task2_event3349.png,domain2,domain3,domain2,domain3
26395495,task2_images_v3/task2_event3350.png,domain2,domain2,domain2,domain2
26393805,task2_images_v3/task2_event3351.png,domain4,domain4,domain4,domain4
26396724,task2_images_v3/task2_event3352.png,domain2,domain2,domain2,domain2
26393972,task2_images_v3/task2_event3353.png,domain2,domain7,domain7,domain7
26395221,task2_images_v3/task2_event3354.png,domain3,domain3,domain3,domain3
26393417,task2_images_v3/task2_event3355.png,domain3,domain3,domain3,domain3
26397130,task2_images_v3/task2_event3356.png,domain7,domain2,domain2,domain2
26396634,task2_images_v3/task2_event3357.png,domain5,domain5,domain2,domain3
26393711,task2_images_v3/task2_event3358.png,domain2,domain2,domain2,domain2
26393659,task2_images_v3/task2_event3359.png,domain5,domain5,domain5,domain5
26397324,task2_images_v3/task2_event3360.png,domain4,domain3,domain3,domain3
26393259,task2_images_v3/task2_event3361.png,domain7,domain7,domain4,domain7
26395383,task2_images_v3/task2_event3362.png,domain4,domain3,domain3,domain3
26395667,task2_images_v3/task2_event3363.png,domain2,domain2,domain2,domain2
26394352,task2_images_v3/task2_event3364.png,domain5,domain3,domain3,domain3
26395197,task2_images_v3/task2_event3365.png,domain4,domain4,domain4,domain4
26394341,task2_images_v3/task2_event3366.png,domain3,domain3,domain4,domain3
26396479,task2_images_v3/task2_event3367.png,domain6,domain6,domain6,domain6
26394039,task2_images_v3/task2_event3368.png,domain4,domain3,domain4,domain3
26397314,task2_images_v3/task2_event3369.png,domain4,domain4,domain4,domain4
26396387,task2_images_v3/task2_event3370.png,domain4,domain4,domain4,domain4
26394000,task2_images_v3/task2_event3371.png,domain6,domain6,domain6,domain6
26396966,task2_images_v3/task2_event3372.png,domain2,domain2,domain2,domain2
26396711,task2_images_v3/task2_event3373.png,domain7,domain7,domain4,domain4
26397080,task2_images_v3/task2_event3374.png,domain3,domain3,domain4,domain3
26396497,task2_images_v3/task2_event3375.png,domain5,domain5,domain3,domain5
26393929,task2_images_v3/task2_event3376.png,domain7,domain7,domain3,domain7
26396905,task2_images_v3/task2_event3377.png,domain7,domain7,domain3,domain3
26392911,task2_images_v3/task2_event3378.png,domain6,domain6,domain6,domain6
26395923,task2_images_v3/task2_event3379.png,domain4,domain7,domain7,domain7
26394477,task2_images_v3/task2_event3380.png,domain4,domain4,domain4,domain4
26394805,task2_images_v3/task2_event3381.png,domain7,domain7,domain7,domain7
26395014,task2_images_v3/task2_event3382.png,domain7,domain7,domain3,domain7
26394959,task2_images_v3/task2_event3383.png,domain2,domain2,domain4,domain4
26393180,task2_images_v3/task2_event3384.png,domain6,domain4,domain4,domain4
26396638,task2_images_v3/task2_event3385.png,domain6,domain6,domain6,domain6
26394989,task2_images_v3/task2_event3386.png,domain5,domain5,domain3,domain5
26393177,task2_images_v3/task2_event3387.png,domain4,domain4,domain4,domain4
26394236,task2_images_v3/task2_event3388.png,domain5,domain5,domain5,domain5
26396631,task2_images_v3/task2_event3389.png,domain2,domain2,domain2,domain2
26394385,task2_images_v3/task2_event3390.png,domain4,domain4,domain4,domain4
26394378,task2_images_v3/task2_event3391.png,domain3,domain3,domain3,domain3
26396195,task2_images_v3/task2_event3392.png,domain4,domain4,domain4,domain6
26396942,task2_images_v3/task2_event3393.png,domain6,domain6,domain6,domain6
26394629,task2_images_v3/task2_event3394.png,domain6,domain5,domain4,domain6
26397554,task2_images_v3/task2_event3395.png,domain5,domain5,domain5,domain5
26395820,task2_images_v3/task2_event3396.png,domain4,domain3,domain4,domain3
26393974,task2_images_v3/task2_event3397.png,domain6,domain6,domain6,domain6
26394633,task2_images_v3/task2_event3398.png,domain5,domain5,domain5,domain5
26394068,task2_images_v3/task2_event3399.png,domain2,domain2,domain3,domain7
26394866,task2_images_v3/task2_event3400.png,domain7,domain7,domain7,domain7
26396903,task2_images_v3/task2_event3401.png,domain6,domain6,domain4,domain6
26393814,task2_images_v3/task2_event3402.png,domain4,domain4,domain4,domain2
26395430,task2_images_v3/task2_event3403.png,domain5,domain5,domain6,domain5
26396815,task2_images_v3/task2_event3404.png,domain6,domain6,domain6,domain6
26397271,task2_images_v3/task2_event3405.png,domain7,domain7,domain7,domain7
26395629,task2_images_v3/task2_event3406.png,domain2,domain4,domain4,domain2
26396098,task2_images_v3/task2_event3407.png,domain2,domain2,domain7,domain2
26396910,task2_images_v3/task2_event3408.png,domain2,domain2,domain2,domain2
26397164,task2_images_v3/task2_event3409.png,domain2,domain2,domain4,domain2
26396140,task2_images_v3/task2_event3410.png,domain3,domain3,domain3,domain3
26394531,task2_images_v3/task2_event3411.png,domain4,domain2,domain4,domain4
26397716,task2_images_v3/task2_event3412.png,domain3,domain3,domain3,domain5
26393238,task2_images_v3/task2_event3413.png,domain6,domain5,domain5,domain5
26394846,task2_images_v3/task2_event3414.png,domain2,domain2,domain2,domain2
26395190,task2_images_v3/task2_event3415.png,domain5,domain5,domain3,domain5
26394031,task2_images_v3/task2_event3416.png,domain6,domain6,domain6,domain6
26395144,task2_images_v3/task2_event3417.png,domain2,domain2,domain5,domain5
26397348,task2_images_v3/task2_event3418.png,domain6,domain6,domain4,domain3
26397768,task2_images_v3/task2_event3419.png,domain4,domain7,domain7,domain6
26396825,task2_images_v3/task2_event3420.png,domain3,domain3,domain3,domain3
26396586,task2_images_v3/task2_event3421.png,domain2,domain2,domain2,domain2
26394798,task2_images_v3/task2_event3422.png,domain5,domain5,domain5,domain5
26395235,task2_images_v3/task2_event3423.png,domain6,domain6,domain4,domain6
26393515,task2_images_v3/task2_event3424.png,domain7,domain2,domain7,domain7
26396999,task2_images_v3/task2_event3425.png,domain3,domain5,domain5,domain5
26394317,task2_images_v3/task2_event3426.png,domain3,domain3,domain3,domain3
26396124,task2_images_v3/task2_event3427.png,domain3,domain6,domain4,domain6
26396294,task2_images_v3/task2_event3428.png,domain2,domain2,domain2,domain2
26394755,task2_images_v3/task2_event3429.png,domain3,domain3,domain3,domain3
26396419,task2_images_v3/task2_event3430.png,domain4,domain7,domain7,domain3
26393971,task2_images_v3/task2_event3431.png,domain4,domain4,domain4,domain4
26394515,task2_images_v3/task2_event3432.png,domain6,domain6,domain6,domain6
26396396,task2_images_v3/task2_event3433.png,domain7,domain5,domain4,domain5
26397746,task2_images_v3/task2_event3434.png,domain3,domain3,domain3,domain3
26393007,task2_images_v3/task2_event3435.png,domain5,domain5,domain3,domain5
26395719,task2_images_v3/task2_event3436.png,domain3,domain5,domain3,domain5
26394444,task2_images_v3/task2_event3437.png,domain5,domain5,domain3,domain5
26397456,task2_images_v3/task2_event3438.png,domain3,domain3,domain4,domain3
26395692,task2_images_v3/task2_event3439.png,domain5,domain5,domain3,domain5
26396944,task2_images_v3/task2_event3440.png,domain3,domain4,domain4,domain4
26393405,task2_images_v3/task2_event3441.png,domain2,domain2,domain2,domain2
26392944,task2_images_v3/task2_event3442.png,domain4,domain2,domain4,domain2
26397141,task2_images_v3/task2_event3443.png,domain5,domain3,domain3,domain6
26394220,task2_images_v3/task2_event3444.png,domain2,domain2,domain2,domain2
26395100,task2_images_v3/task2_event3445.png,domain2,domain2,domain2,domain2
26393146,task2_images_v3/task2_event3446.png,domain6,domain6,domain5,domain6
26395602,task2_images_v3/task2_event3447.png,domain4,domain7,domain7,domain4
26393278,task2_images_v3/task2_event3448.png,domain4,domain4,domain4,domain4
26392989,task2_images_v3/task2_event3449.png,domain5,domain5,domain5,domain5
26395018,task2_images_v3/task2_event3450.png,domain5,domain3,domain4,domain3
26393496,task2_images_v3/task2_event3451.png,domain2,domain2,domain2,domain2
26396176,task2_images_v3/task2_event3452.png,domain2,domain2,domain2,domain2
26396984,task2_images_v3/task2_event3453.png,domain2,domain2,domain3,domain5
26395301,task2_images_v3/task2_event3454.png,domain2,domain2,domain2,domain2
26395249,task2_images_v3/task2_event3455.png,domain7,domain7,domain7,domain4
26396463,task2_images_v3/task2_event3456.png,domain6,domain6,domain6,domain6
26393010,task2_images_v3/task2_event3457.png,domain7,domain7,domain4,domain4
26395225,task2_images_v3/task2_event3458.png,domain2,domain2,domain2,domain2
26397366,task2_images_v3/task2_event3459.png,domain3,domain5,domain3,domain5
26393210,task2_images_v3/task2_event3460.png,domain2,domain2,domain6,domain2
26396885,task2_images_v3/task2_event3461.png,domain6,domain6,domain6,domain6
26397172,task2_images_v3/task2_event3462.png,domain7,domain7,domain4,domain4
26395677,task2_images_v3/task2_event3463.png,domain7,domain7,domain6,domain7
26397127,task2_images_v3/task2_event3464.png,domain5,domain5,domain5,domain5
26397138,task2_images_v3/task2_event3465.png,domain2,domain2,domain2,domain2
26396309,task2_images_v3/task2_event3466.png,domain6,domain2,domain4,domain2
26394173,task2_images_v3/task2_event3467.png,domain4,domain4,domain4,domain4
26392841,task2_images_v3/task2_event3468.png,domain2,domain2,domain2,domain2
26396113,task2_images_v3/task2_event3469.png,domain6,domain6,domain4,domain6
26392798,task2_images_v3/task2_event3470.png,domain6,domain6,domain6,domain6
26397631,task2_images_v3/task2_event3471.png,domain7,domain7,domain4,domain4
26397672,task2_images_v3/task2_event3472.png,domain5,domain5,domain3,domain3
26393001,task2_images_v3/task2_event3473.png,domain5,domain2,domain2,domain2
26397470,task2_images_v3/task2_event3474.png,domain7,domain2,domain4,domain2
26393423,task2_images_v3/task2_event3475.png,domain4,domain4,domain4,domain4
26396389,task2_images_v3/task2_event3476.png,domain7,domain7,domain3,domain7
26397531,task2_images_v3/task2_event3477.png,domain5,domain5,domain3,domain5
26396725,task2_images_v3/task2_event3478.png,domain6,domain6,domain6,domain6
26395785,task2_images_v3/task2_event3479.png,domain5,domain5,domain5,domain5
26396252,task2_images_v3/task2_event3480.png,domain5,domain5,domain3,domain5
26395929,task2_images_v3/task2_event3481.png,domain7,domain7,domain7,domain7
26394556,task2_images_v3/task2_event3482.png,domain6,domain6,domain4,domain6
26397617,task2_images_v3/task2_event3483.png,domain3,domain3,domain3,domain3
26393232,task2_images_v3/task2_event3484.png,domain6,domain6,domain6,domain6
26395485,task2_images_v3/task2_event3485.png,domain5,domain5,domain5,domain5
26396547,task2_images_v3/task2_event3486.png,domain5,domain5,domain3,domain3
26394995,task2_images_v3/task2_event3487.png,domain3,domain3,domain3,domain3
26396587,task2_images_v3/task2_event3488.png,domain7,domain7,domain7,domain7
26394207,task2_images_v3/task2_event3489.png,domain3,domain3,domain3,domain3
26393834,task2_images_v3/task2_event3490.png,domain4,domain7,domain7,domain7
26397008,task2_images_v3/task2_event3491.png,domain4,domain4,domain4,domain4
26396017,task2_images_v3/task2_event3492.png,domain4,domain7,domain4,domain7
26397598,task2_images_v3/task2_event3493.png,domain5,domain5,domain3,domain5
26393705,task2_images_v3/task2_event3494.png,domain3,domain3,domain3,domain3
26394964,task2_images_v3/task2_event3495.png,domain5,domain5,domain3,domain5
26394610,task2_images_v3/task2_event3496.png,domain4,domain4,domain4,domain4
26396754,task2_images_v3/task2_event3497.png,domain5,domain5,domain5,domain5
26394982,task2_images_v3/task2_event3498.png,domain6,domain6,domain6,domain6
26394596,task2_images_v3/task2_event3499.png,domain2,domain2,domain4,domain6
26395586,task2_images_v3/task2_event3500.png,domain3,domain6,domain4,domain6
26392830,task2_images_v3/task2_event3501.png,domain3,domain3,domain7,domain3
26393723,task2_images_v3/task2_event3502.png,domain2,domain2,domain3,domain6
26394621,task2_images_v3/task2_event3503.png,domain3,domain3,domain3,domain3
26393977,task2_images_v3/task2_event3504.png,domain3,domain7,domain3,domain7
26396482,task2_images_v3/task2_event3505.png,domain6,domain5,domain5,domain5
26395502,task2_images_v3/task2_event3506.png,domain2,domain2,domain4,domain6
26396791,task2_images_v3/task2_event3507.png,domain2,domain2,domain4,domain3
26396378,task2_images_v3/task2_event3508.png,domain4,domain4,domain4,domain4
26396441,task2_images_v3/task2_event3509.png,domain5,domain5,domain3,domain5
26394585,task2_images_v3/task2_event3510.png,domain4,domain4,domain4,domain4
26396253,task2_images_v3/task2_event3511.png,domain3,domain2,domain3,domain2
26394947,task2_images_v3/task2_event3512.png,domain2,domain2,domain2,domain2
26396745,task2_images_v3/task2_event3513.png,domain3,domain3,domain4,domain4
26395781,task2_images_v3/task2_event3514.png,domain5,domain5,domain5,domain5
26394640,task2_images_v3/task2_event3515.png,domain7,domain4,domain4,domain4
26394032,task2_images_v3/task2_event3516.png,domain3,domain3,domain3,domain3
26395157,task2_images_v3/task2_event3517.png,domain6,domain6,domain6,domain6
26397350,task2_images_v3/task2_event3518.png,domain3,domain3,domain3,domain3
26395606,task2_images_v3/task2_event3519.png,domain5,domain5,domain3,domain5
26396031,task2_images_v3/task2_event3520.png,domain2,domain2,domain3,domain2
26395123,task2_images_v3/task2_event3521.png,domain2,domain2,domain3,domain5
26393041,task2_images_v3/task2_event3522.png,domain2,domain2,domain3,domain2
26396660,task2_images_v3/task2_event3523.png,domain6,domain5,domain6,domain6
26395255,task2_images_v3/task2_event3524.png,domain3,domain3,domain3,domain3
26397499,task2_images_v3/task2_event3525.png,domain3,domain3,domain3,domain7
26396041,task2_images_v3/task2_event3526.png,domain3,domain6,domain5,domain6
26393400,task2_images_v3/task2_event3527.png,domain6,domain5,domain5,domain6
26394688,task2_images_v3/task2_event3528.png,domain6,domain6,domain6,domain6
26393836,task2_images_v3/task2_event3529.png,domain7,domain7,domain7,domain7
26394782,task2_images_v3/task2_event3530.png,domain7,domain7,domain7,domain3
26397193,task2_images_v3/task2_event3531.png,domain4,domain4,domain4,domain4
26393785,task2_images_v3/task2_event3532.png,domain3,domain7,domain5,domain7
26395937,task2_images_v3/task2_event3533.png,domain3,domain5,domain5,domain5
26393164,task2_images_v3/task2_event3534.png,domain3,domain7,domain7,domain3
26395551,task2_images_v3/task2_event3535.png,domain5,domain5,domain3,domain2
26395370,task2_images_v3/task2_event3536.png,domain4,domain4,domain4,domain3
26395043,task2_images_v3/task2_event3537.png,domain4,domain4,domain4,domain4
26396250,task2_images_v3/task2_event3538.png,domain2,domain2,domain2,domain2
26394456,task2_images_v3/task2_event3539.png,domain7,domain7,domain7,domain7
26393470,task2_images_v3/task2_event3540.png,domain4,domain4,domain4,domain4
26395103,task2_images_v3/task2_event3541.png,domain3,domain3,domain3,domain3
26393628,task2_images_v3/task2_event3542.png,domain5,domain5,domain5,domain5
26394214,task2_images_v3/task2_event3543.png,domain6,domain6,domain6,domain6
26396597,task2_images_v3/task2_event3544.png,domain6,domain6,domain6,domain6
26393795,task2_images_v3/task2_event3545.png,domain4,domain4,domain3,domain4
26396730,task2_images_v3/task2_event3546.png,domain3,domain3,domain3,domain3
26394496,task2_images_v3/task2_event3547.png,domain5,domain5,domain5,domain5
26397187,task2_images_v3/task2_event3548.png,domain6,domain6,domain6,domain6
26395006,task2_images_v3/task2_event3549.png,domain7,domain7,domain3,domain3
26395865,task2_images_v3/task2_event3550.png,domain3,domain3,domain4,domain4
26396826,task2_images_v3/task2_event3551.png,domain2,domain2,domain2,domain2
26396764,task2_images_v3/task2_event3552.png,domain2,domain2,domain2,domain2
26396330,task2_images_v3/task2_event3553.png,domain6,domain6,domain4,domain6
26397647,task2_images_v3/task2_event3554.png,domain6,domain6,domain6,domain6
26396519,task2_images_v3/task2_event3555.png,domain3,domain5,domain4,domain3
26394377,task2_images_v3/task2_event3556.png,domain7,domain7,domain7,domain4
26395691,task2_images_v3/task2_event3557.png,domain2,domain2,domain2,domain2
26397097,task2_images_v3/task2_event3558.png,domain6,domain6,domain6,domain6
26393461,task2_images_v3/task2_event3559.png,domain2,domain2,domain3,domain3
26396813,task2_images_v3/task2_event3560.png,domain5,domain3,domain3,domain5
26394328,task2_images_v3/task2_event3561.png,domain2,domain2,domain2,domain2
26392998,task2_images_v3/task2_event3562.png,domain4,domain4,domain4,domain4
26397004,task2_images_v3/task2_event3563.png,domain4,domain7,domain4,domain7
26393350,task2_images_v3/task2_event3564.png,domain5,domain5,domain5,domain5
26395916,task2_images_v3/task2_event3565.png,domain2,domain2,domain2,domain3
26396573,task2_images_v3/task2_event3566.png,domain4,domain4,domain4,domain4
26395861,task2_images_v3/task2_event3567.png,domain3,domain3,domain3,domain3
26395939,task2_images_v3/task2_event3568.png,domain4,domain4,domain4,domain4
26397369,task2_images_v3/task2_event3569.png,domain6,domain6,domain6,domain6
26394504,task2_images_v3/task2_event3570.png,domain7,domain7,domain4,domain7
26392972,task2_images_v3/task2_event3571.png,domain4,domain4,domain4,domain4
26393959,task2_images_v3/task2_event3572.png,domain5,domain5,domain5,domain5
26393242,task2_images_v3/task2_event3573.png,domain2,domain2,domain2,domain2
26394956,task2_images_v3/task2_event3574.png,domain3,domain3,domain3,domain5
26394730,task2_images_v3/task2_event3575.png,domain2,domain4,domain4,domain4
26393906,task2_images_v3/task2_event3576.png,domain2,domain2,domain2,domain2
26394825,task2_images_v3/task2_event3577.png,domain3,domain3,domain4,domain4
26396402,task2_images_v3/task2_event3578.png,domain5,domain5,domain5,domain5
26394974,task2_images_v3/task2_event3579.png,domain6,domain6,domain3,domain4
26394237,task2_images_v3/task2_event3580.png,domain2,domain2,domain4,domain2
26395884,task2_images_v3/task2_event3581.png,domain7,domain7,domain6,domain4
26394211,task2_images_v3/task2_event3582.png,domain7,domain7,domain4,domain2
26393590,task2_images_v3/task2_event3583.png,domain3,domain7,domain7,domain4
26396105,task2_images_v3/task2_event3584.png,domain2,domain2,domain4,domain2
26397689,task2_images_v3/task2_event3585.png,domain7,domain7,domain3,domain6
26395163,task2_images_v3/task2_event3586.png,domain6,domain6,domain6,domain6
26397212,task2_images_v3/task2_event3587.png,domain2,domain2,domain4,domain4
26393701,task2_images_v3/task2_event3588.png,domain7,domain7,domain4,domain7
26394874,task2_images_v3/task2_event3589.png,domain2,domain2,domain2,domain2
26393302,task2_images_v3/task2_event3590.png,domain6,domain6,domain6,domain6
26397211,task2_images_v3/task2_event3591.png,domain5,domain6,domain6,domain6
26394931,task2_images_v3/task2_event3592.png,domain2,domain2,domain2,domain4
26397363,task2_images_v3/task2_event3593.png,domain6,domain2,domain6,domain6
26395930,task2_images_v3/task2_event3594.png,domain2,domain2,domain5,domain5
26393770,task2_images_v3/task2_event3595.png,domain3,domain2,domain3,domain3
26394257,task2_images_v3/task2_event3596.png,domain3,domain3,domain3,domain3
26396843,task2_images_v3/task2_event3597.png,domain3,domain3,domain4,domain3
26395264,task2_images_v3/task2_event3598.png,domain3,domain3,domain3,domain3
26394043,task2_images_v3/task2_event3599.png,domain6,domain6,domain5,domain6
26395068,task2_images_v3/task2_event3600.png,domain5,domain5,domain3,domain3
26393348,task2_images_v3/task2_event3601.png,domain5,domain5,domain5,domain5
26394644,task2_images_v3/task2_event3602.png,domain2,domain2,domain2,domain3
26393976,task2_images_v3/task2_event3603.png,domain3,domain3,domain3,domain3
26394500,task2_images_v3/task2_event3604.png,domain2,domain2,domain2,domain2
26392879,task2_images_v3/task2_event3605.png,domain4,domain4,domain4,domain4
26394749,task2_images_v3/task2_event3606.png,domain5,domain5,domain5,domain5
26393297,task2_images_v3/task2_event3607.png,domain6,domain6,domain6,domain6
26395552,task2_images_v3/task2_event3608.png,domain6,domain6,domain6,domain6
26394356,task2_images_v3/task2_event3609.png,domain5,domain3,domain3,domain3
26395840,task2_images_v3/task2_event3610.png,domain5,domain5,domain3,domain5
26396981,task2_images_v3/task2_event3611.png,domain4,domain4,domain4,domain4
26394106,task2_images_v3/task2_event3612.png,domain4,domain7,domain7,domain4
26393946,task2_images_v3/task2_event3613.png,domain5,domain5,domain5,domain5
26393885,task2_images_v3/task2_event3614.png,domain2,domain2,domain2,domain2
26395978,task2_images_v3/task2_event3615.png,domain5,domain5,domain5,domain5
26392901,task2_images_v3/task2_event3616.png,domain6,domain6,domain4,domain6
26393812,task2_images_v3/task2_event3617.png,domain2,domain2,domain3,domain2
26394260,task2_images_v3/task2_event3618.png,domain3,domain3,domain3,domain3
26393626,task2_images_v3/task2_event3619.png,domain4,domain4,domain4,domain4
26397128,task2_images_v3/task2_event3620.png,domain4,domain7,domain7,domain4
26394040,task2_images_v3/task2_event3621.png,domain5,domain5,domain5,domain5
26397356,task2_images_v3/task2_event3622.png,domain4,domain7,domain7,domain4
26395082,task2_images_v3/task2_event3623.png,domain6,domain6,domain6,domain6
26394406,task2_images_v3/task2_event3624.png,domain3,domain3,domain3,domain3
26394614,task2_images_v3/task2_event3625.png,domain3,domain3,domain3,domain3
26397763,task2_images_v3/task2_event3626.png,domain3,domain3,domain3,domain3
26396407,task2_images_v3/task2_event3627.png,domain2,domain2,domain4,domain4
26393165,task2_images_v3/task2_event3628.png,domain2,domain2,domain2,domain2
26393476,task2_images_v3/task2_event3629.png,domain2,domain2,domain2,domain2
26396240,task2_images_v3/task2_event3630.png,domain7,domain7,domain7,domain7
26396498,task2_images_v3/task2_event3631.png,domain7,domain7,domain7,domain7
26396605,task2_images_v3/task2_event3632.png,domain2,domain2,domain4,domain6
26393262,task2_images_v3/task2_event3633.png,domain6,domain5,domain6,domain5
26396985,task2_images_v3/task2_event3634.png,domain2,domain2,domain2,domain3
26394540,task2_images_v3/task2_event3635.png,domain4,domain4,domain4,domain4
26395775,task2_images_v3/task2_event3636.png,domain2,domain2,domain3,domain2
26393067,task2_images_v3/task2_event3637.png,domain5,domain3,domain4,domain3
26397521,task2_images_v3/task2_event3638.png,domain7,domain7,domain7,domain7
26394405,task2_images_v3/task2_event3639.png,domain4,domain4,domain4,domain4
26392883,task2_images_v3/task2_event3640.png,domain3,domain3,domain3,domain3
26392835,task2_images_v3/task2_event3641.png,domain3,domain3,domain3,domain3
26396439,task2_images_v3/task2_event3642.png,domain4,domain4,domain4,domain4
26396194,task2_images_v3/task2_event3643.png,domain4,domain4,domain4,domain4
26397484,task2_images_v3/task2_event3644.png,domain5,domain5,domain6,domain6
26393026,task2_images_v3/task2_event3645.png,domain6,domain6,domain6,domain6
26394112,task2_images_v3/task2_event3646.png,domain6,domain6,domain6,domain6
26393707,task2_images_v3/task2_event3647.png,domain4,domain4,domain4,domain4
26396915,task2_images_v3/task2_event3648.png,domain4,domain2,domain4,domain4
26395038,task2_images_v3/task2_event3649.png,domain2,domain2,domain4,domain4
26395755,task2_images_v3/task2_event3650.png,domain2,domain2,domain3,domain3
26396598,task2_images_v3/task2_event3651.png,domain4,domain4,domain4,domain4
26395422,task2_images_v3/task2_event3652.png,domain2,domain7,domain3,domain7
26397471,task2_images_v3/task2_event3653.png,domain6,domain6,domain2,domain6
26393953,task2_images_v3/task2_event3654.png,domain5,domain5,domain5,domain5
26393655,task2_images_v3/task2_event3655.png,domain2,domain4,domain4,domain4
26396147,task2_images_v3/task2_event3656.png,domain3,domain3,domain3,domain3
26396379,task2_images_v3/task2_event3657.png,domain2,domain2,domain2,domain2
26396285,task2_images_v3/task2_event3658.png,domain2,domain3,domain3,domain3
26395734,task2_images_v3/task2_event3659.png,domain2,domain2,domain4,domain2
26397215,task2_images_v3/task2_event3660.png,domain6,domain6,domain6,domain6
26393568,task2_images_v3/task2_event3661.png,domain3,domain7,domain4,domain7
26397786,task2_images_v3/task2_event3662.png,domain6,domain6,domain4,domain6
26393099,task2_images_v3/task2_event3663.png,domain2,domain2,domain2,domain7
26397217,task2_images_v3/task2_event3664.png,domain7,domain7,domain4,domain7
26396380,task2_images_v3/task2_event3665.png,domain6,domain6,domain4,domain6
26396129,task2_images_v3/task2_event3666.png,domain6,domain6,domain4,domain6
26394885,task2_images_v3/task2_event3667.png,domain7,domain7,domain7,domain7
26393899,task2_images_v3/task2_event3668.png,domain5,domain5,domain3,domain3
26395060,task2_images_v3/task2_event3669.png,domain4,domain4,domain2,domain4
26393066,task2_images_v3/task2_event3670.png,domain2,domain2,domain2,domain2
26397477,task2_images_v3/task2_event3671.png,domain6,domain6,domain6,domain6
26392848,task2_images_v3/task2_event3672.png,domain6,domain6,domain6,domain6
26396209,task2_images_v3/task2_event3673.png,domain2,domain2,domain4,domain2
26397103,task2_images_v3/task2_event3674.png,domain6,domain6,domain6,domain6
26397299,task2_images_v3/task2_event3675.png,domain6,domain6,domain6,domain6
26396986,task2_images_v3/task2_event3676.png,domain2,domain2,domain2,domain6
26396832,task2_images_v3/task2_event3677.png,domain5,domain3,domain3,domain5
26396115,task2_images_v3/task2_event3678.png,domain4,domain4,domain4,domain4
26393585,task2_images_v3/task2_event3679.png,domain6,domain6,domain6,domain6
26394389,task2_images_v3/task2_event3680.png,domain2,domain2,domain3,domain2
26394953,task2_images_v3/task2_event3681.png,domain6,domain6,domain6,domain6
26395101,task2_images_v3/task2_event3682.png,domain5,domain3,domain6,domain3
26397175,task2_images_v3/task2_event3683.png,domain2,domain2,domain2,domain2
26395540,task2_images_v3/task2_event3684.png,domain7,domain7,domain7,domain7
26392922,task2_images_v3/task2_event3685.png,domain6,domain6,domain6,domain6
26395384,task2_images_v3/task2_event3686.png,domain3,domain3,domain3,domain3
26397590,task2_images_v3/task2_event3687.png,domain3,domain7,domain7,domain2
26393857,task2_images_v3/task2_event3688.png,domain6,domain5,domain6,domain6
26397047,task2_images_v3/task2_event3689.png,domain5,domain5,domain5,domain5
26395721,task2_images_v3/task2_event3690.png,domain5,domain5,domain5,domain5
26396900,task2_images_v3/task2_event3691.png,domain2,domain2,domain2,domain2
26397223,task2_images_v3/task2_event3692.png,domain7,domain7,domain7,domain7
26394446,task2_images_v3/task2_event3693.png,domain3,domain3,domain3,domain3
26396953,task2_images_v3/task2_event3694.png,domain6,domain6,domain6,domain6
26393310,task2_images_v3/task2_event3695.png,domain3,domain7,domain3,domain3
26396569,task2_images_v3/task2_event3696.png,domain2,domain2,domain3,domain3
26393213,task2_images_v3/task2_event3697.png,domain6,domain6,domain6,domain6
26392954,task2_images_v3/task2_event3698.png,domain3,domain3,domain3,domain3
26393979,task2_images_v3/task2_event3699.png,domain7,domain7,domain7,domain7
26397510,task2_images_v3/task2_event3700.png,domain4,domain4,domain4,domain4
26397779,task2_images_v3/task2_event3701.png,domain4,domain4,domain4,domain4
26395907,task2_images_v3/task2_event3702.png,domain3,domain3,domain3,domain3
26394981,task2_images_v3/task2_event3703.png,domain7,domain7,domain7,domain7
26394509,task2_images_v3/task2_event3704.png,domain5,domain5,domain3,domain5
26393266,task2_images_v3/task2_event3705.png,domain3,domain3,domain3,domain3
26396757,task2_images_v3/task2_event3706.png,domain4,domain4,domain4,domain4
26393744,task2_images_v3/task2_event3707.png,domain2,domain2,domain3,domain3
26394300,task2_images_v3/task2_event3708.png,domain2,domain7,domain7,domain7
26393356,task2_images_v3/task2_event3709.png,domain5,domain5,domain5,domain5
26396218,task2_images_v3/task2_event3710.png,domain4,domain4,domain4,domain4
26397450,task2_images_v3/task2_event3711.png,domain5,domain5,domain3,domain5
26393059,task2_images_v3/task2_event3712.png,domain5,domain3,domain3,domain3
26395000,task2_images_v3/task2_event3713.png,domain3,domain3,domain3,domain3
26396301,task2_images_v3/task2_event3714.png,domain6,domain6,domain6,domain6
26393338,task2_images_v3/task2_event3715.png,domain2,domain2,domain4,domain3
26395489,task2_images_v3/task2_event3716.png,domain3,domain3,domain3,domain3
26394772,task2_images_v3/task2_event3717.png,domain5,domain5,domain4,domain5
26394872,task2_images_v3/task2_event3718.png,domain6,domain6,domain4,domain6
26397671,task2_images_v3/task2_event3719.png,domain4,domain4,domain4,domain7
26397230,task2_images_v3/task2_event3720.png,domain5,domain5,domain3,domain5
26393951,task2_images_v3/task2_event3721.png,domain5,domain5,domain3,domain5
26393498,task2_images_v3/task2_event3722.png,domain6,domain6,domain6,domain6
26396609,task2_images_v3/task2_event3723.png,domain5,domain5,domain3,domain5
26393377,task2_images_v3/task2_event3724.png,domain3,domain3,domain3,domain3
26395316,task2_images_v3/task2_event3725.png,domain7,domain7,domain7,domain3
26395465,task2_images_v3/task2_event3726.png,domain6,domain6,domain6,domain5
26395102,task2_images_v3/task2_event3727.png,domain5,domain5,domain5,domain5
26393138,task2_images_v3/task2_event3728.png,domain2,domain2,domain2,domain2
26394607,task2_images_v3/task2_event3729.png,domain2,domain2,domain2,domain2
26394372,task2_images_v3/task2_event3730.png,domain6,domain6,domain4,domain6
26397664,task2_images_v3/task2_event3731.png,domain2,domain2,domain2,domain4
26395932,task2_images_v3/task2_event3732.png,domain2,domain2,domain4,domain2
26395656,task2_images_v3/task2_event3733.png,domain5,domain5,domain5,domain5
26393335,task2_images_v3/task2_event3734.png,domain3,domain7,domain3,domain3
26395097,task2_images_v3/task2_event3735.png,domain2,domain2,domain2,domain2
26397699,task2_images_v3/task2_event3736.png,domain3,domain3,domain3,domain3
26395125,task2_images_v3/task2_event3737.png,domain3,domain2,domain2,domain2
26393471,task2_images_v3/task2_event3738.png,domain2,domain2,domain4,domain2
26396021,task2_images_v3/task2_event3739.png,domain3,domain3,domain3,domain3
26395685,task2_images_v3/task2_event3740.png,domain6,domain6,domain5,domain6
26392803,task2_images_v3/task2_event3741.png,domain4,domain4,domain4,domain5
26397652,task2_images_v3/task2_event3742.png,domain3,domain3,domain3,domain3
26394191,task2_images_v3/task2_event3743.png,domain7,domain7,domain4,domain3
26396632,task2_images_v3/task2_event3744.png,domain3,domain3,domain3,domain3
26394904,task2_images_v3/task2_event3745.png,domain4,domain4,domain4,domain4
26397721,task2_images_v3/task2_event3746.png,domain5,domain5,domain3,domain3
26397378,task2_images_v3/task2_event3747.png,domain3,domain3,domain6,domain6
26395649,task2_images_v3/task2_event3748.png,domain6,domain6,domain6,domain6
26394907,task2_images_v3/task2_event3749.png,domain2,domain2,domain4,domain4
26396527,task2_images_v3/task2_event3750.png,domain5,domain5,domain3,domain2
26396281,task2_images_v3/task2_event3751.png,domain4,domain4,domain7,domain4
26397006,task2_images_v3/task2_event3752.png,domain4,domain2,domain2,domain2
26394545,task2_images_v3/task2_event3753.png,domain6,domain6,domain6,domain6
26396982,task2_images_v3/task2_event3754.png,domain3,domain3,domain3,domain4
26395203,task2_images_v3/task2_event3755.png,domain6,domain6,domain4,domain2
26397449,task2_images_v3/task2_event3756.png,domain4,domain4,domain4,domain4
26395837,task2_images_v3/task2_event3757.png,domain7,domain7,domain4,domain4
26392992,task2_images_v3/task2_event3758.png,domain5,domain5,domain3,domain5
26397607,task2_images_v3/task2_event3759.png,domain6,domain6,domain3,domain6
26394731,task2_images_v3/task2_event3760.png,domain4,domain3,domain4,domain3
26394264,task2_images_v3/task2_event3761.png,domain3,domain3,domain5,domain3
26392858,task2_images_v3/task2_event3762.png,domain5,domain5,domain5,domain5
26392948,task2_images_v3/task2_event3763.png,domain5,domain5,domain5,domain5
26393085,task2_images_v3/task2_event3764.png,domain7,domain7,domain4,domain7
26396322,task2_images_v3/task2_event3765.png,domain2,domain2,domain2,domain2
26394583,task2_images_v3/task2_event3766.png,domain2,domain2,domain2,domain2
26397105,task2_images_v3/task2_event3767.png,domain5,domain5,domain5,domain5
26393369,task2_images_v3/task2_event3768.png,domain5,domain5,domain5,domain5
26393935,task2_images_v3/task2_event3769.png,domain5,domain5,domain5,domain5
26393909,task2_images_v3/task2_event3770.png,domain2,domain2,domain2,domain4
26397255,task2_images_v3/task2_event3771.png,domain4,domain3,domain4,domain3
26395364,task2_images_v3/task2_event3772.png,domain5,domain5,domain5,domain5
26392881,task2_images_v3/task2_event3773.png,domain4,domain2,domain4,domain2
26394788,task2_images_v3/task2_event3774.png,domain2,domain2,domain4,domain2
26393688,task2_images_v3/task2_event3775.png,domain5,domain3,domain3,domain3
26395968,task2_images_v3/task2_event3776.png,domain3,domain3,domain3,domain3
26393047,task2_images_v3/task2_event3777.png,domain7,domain7,domain3,domain3
26392821,task2_images_v3/task2_event3778.png,domain7,domain7,domain3,domain7
26396080,task2_images_v3/task2_event3779.png,domain6,domain6,domain6,domain6
26394532,task2_images_v3/task2_event3780.png,domain5,domain2,domain5,domain2
26393224,task2_images_v3/task2_event3781.png,domain2,domain2,domain4,domain2
26395432,task2_images_v3/task2_event3782.png,domain2,domain2,domain3,domain2
26397777,task2_images_v3/task2_event3783.png,domain6,domain6,domain6,domain6
26395756,task2_images_v3/task2_event3784.png,domain5,domain5,domain5,domain5
26393339,task2_images_v3/task2_event3785.png,domain6,domain4,domain4,domain4
26394403,task2_images_v3/task2_event3786.png,domain3,domain3,domain4,domain3
26394174,task2_images_v3/task2_event3787.png,domain2,domain2,domain2,domain2
26394095,task2_images_v3/task2_event3788.png,domain3,domain3,domain3,domain3
26392963,task2_images_v3/task2_event3789.png,domain6,domain6,domain3,domain6
26395742,task2_images_v3/task2_event3790.png,domain6,domain6,domain6,domain6
26393204,task2_images_v3/task2_event3791.png,domain6,domain6,domain6,domain6
26395299,task2_images_v3/task2_event3792.png,domain4,domain4,domain4,domain4
26394717,task2_images_v3/task2_event3793.png,domain2,domain2,domain2,domain2
26395700,task2_images_v3/task2_event3794.png,domain5,domain5,domain5,domain5
26397305,task2_images_v3/task2_event3795.png,domain5,domain5,domain5,domain5
26392890,task2_images_v3/task2_event3796.png,domain5,domain5,domain5,domain5
26397005,task2_images_v3/task2_event3797.png,domain5,domain7,domain7,domain7
26396037,task2_images_v3/task2_event3798.png,domain2,domain2,domain3,domain2
26393708,task2_images_v3/task2_event3799.png,domain4,domain4,domain4,domain4
26394859,task2_images_v3/task2_event3800.png,domain4,domain2,domain4,domain4
26395577,task2_images_v3/task2_event3801.png,domain5,domain5,domain5,domain5
26396532,task2_images_v3/task2_event3802.png,domain4,domain4,domain4,domain4
26395828,task2_images_v3/task2_event3803.png,domain5,domain5,domain3,domain5
26397152,task2_images_v3/task2_event3804.png,domain3,domain3,domain3,domain6
26393687,task2_images_v3/task2_event3805.png,domain7,domain7,domain7,domain2
26394188,task2_images_v3/task2_event3806.png,domain5,domain5,domain5,domain5
26396273,task2_images_v3/task2_event3807.png,domain3,domain3,domain3,domain3
26394767,task2_images_v3/task2_event3808.png,domain2,domain2,domain4,domain7
26395645,task2_images_v3/task2_event3809.png,domain2,domain2,domain2,domain2
26396571,task2_images_v3/task2_event3810.png,domain4,domain4,domain4,domain4
26396568,task2_images_v3/task2_event3811.png,domain6,domain6,domain6,domain6
26394392,task2_images_v3/task2_event3812.png,domain4,domain4,domain4,domain4
26393508,task2_images_v3/task2_event3813.png,domain7,domain7,domain4,domain4
26397227,task2_images_v3/task2_event3814.png,domain7,domain7,domain7,domain4
26394498,task2_images_v3/task2_event3815.png,domain4,domain4,domain4,domain4
26393351,task2_images_v3/task2_event3816.png,domain4,domain4,domain4,domain4
26393871,task2_images_v3/task2_event3817.png,domain4,domain4,domain6,domain4
26395104,task2_images_v3/task2_event3818.png,domain3,domain3,domain3,domain3
26395446,task2_images_v3/task2_event3819.png,domain5,domain5,domain5,domain5
26395647,task2_images_v3/task2_event3820.png,domain2,domain2,domain2,domain2
26394876,task2_images_v3/task2_event3821.png,domain2,domain2,domain2,domain2
26394686,task2_images_v3/task2_event3822.png,domain3,domain3,domain3,domain2
26397492,task2_images_v3/task2_event3823.png,domain6,domain6,domain6,domain6
26397505,task2_images_v3/task2_event3824.png,domain2,domain2,domain6,domain6
26393466,task2_images_v3/task2_event3825.png,domain3,domain3,domain3,domain3
26393600,task2_images_v3/task2_event3826.png,domain4,domain4,domain3,domain3
26397585,task2_images_v3/task2_event3827.png,domain4,domain4,domain4,domain4
26395650,task2_images_v3/task2_event3828.png,domain3,domain7,domain3,domain3
26393021,task2_images_v3/task2_event3829.png,domain3,domain3,domain3,domain3
26396913,task2_images_v3/task2_event3830.png,domain3,domain3,domain3,domain3
26397114,task2_images_v3/task2_event3831.png,domain3,domain5,domain6,domain5
26396261,task2_images_v3/task2_event3832.png,domain2,domain2,domain2,domain2
26395704,task2_images_v3/task2_event3833.png,domain2,domain2,domain4,domain3
26393133,task2_images_v3/task2_event3834.png,domain2,domain6,domain6,domain6
26394113,task2_images_v3/task2_event3835.png,domain2,domain2,domain6,domain6
26395046,task2_images_v3/task2_event3836.png,domain5,domain5,domain6,domain5
26396603,task2_images_v3/task2_event3837.png,domain3,domain3,domain4,domain4
26397518,task2_images_v3/task2_event3838.png,domain4,domain4,domain4,domain4
26396693,task2_images_v3/task2_event3839.png,domain7,domain7,domain7,domain7
26395579,task2_images_v3/task2_event3840.png,domain7,domain7,domain3,domain7
26394966,task2_images_v3/task2_event3841.png,domain2,domain2,domain3,domain5
26396390,task2_images_v3/task2_event3842.png,domain4,domain4,domain4,domain4
26394685,task2_images_v3/task2_event3843.png,domain3,domain3,domain3,domain3
26395295,task2_images_v3/task2_event3844.png,domain6,domain6,domain6,domain6
26393270,task2_images_v3/task2_event3845.png,domain2,domain2,domain2,domain2
26397684,task2_images_v3/task2_event3846.png,domain7,domain7,domain3,domain2
26397095,task2_images_v3/task2_event3847.png,domain4,domain4,domain4,domain4
26396234,task2_images_v3/task2_event3848.png,domain6,domain6,domain6,domain6
26393251,task2_images_v3/task2_event3849.png,domain5,domain5,domain3,domain2
26393660,task2_images_v3/task2_event3850.png,domain2,domain2,domain3,domain2
26392980,task2_images_v3/task2_event3851.png,domain3,domain3,domain3,domain3
26394568,task2_images_v3/task2_event3852.png,domain2,domain2,domain2,domain2
26396879,task2_images_v3/task2_event3853.png,domain4,domain4,domain4,domain4
26394662,task2_images_v3/task2_event3854.png,domain3,domain7,domain7,domain7
26396340,task2_images_v3/task2_event3855.png,domain3,domain3,domain3,domain3
26393542,task2_images_v3/task2_event3856.png,domain7,domain7,domain3,domain3
26396311,task2_images_v3/task2_event3857.png,domain3,domain3,domain3,domain6
26395588,task2_images_v3/task2_event3858.png,domain5,domain3,domain3,domain3
26395878,task2_images_v3/task2_event3859.png,domain3,domain3,domain4,domain3
26396834,task2_images_v3/task2_event3860.png,domain6,domain6,domain6,domain6
26395488,task2_images_v3/task2_event3861.png,domain6,domain6,domain6,domain6
26395910,task2_images_v3/task2_event3862.png,domain2,domain2,domain4,domain6
26396398,task2_images_v3/task2_event3863.png,domain7,domain7,domain4,domain7
26395331,task2_images_v3/task2_event3864.png,domain6,domain6,domain6,domain6
26396615,task2_images_v3/task2_event3865.png,domain3,domain3,domain6,domain3
26394128,task2_images_v3/task2_event3866.png,domain6,domain6,domain6,domain6
26394960,task2_images_v3/task2_event3867.png,domain2,domain2,domain2,domain2
26393895,task2_images_v3/task2_event3868.png,domain4,domain6,domain4,domain6
26395375,task2_images_v3/task2_event3869.png,domain4,domain4,domain4,domain4
26394591,task2_images_v3/task2_event3870.png,domain6,domain6,domain6,domain6
26395829,task2_images_v3/task2_event3871.png,domain7,domain7,domain4,domain7
26394057,task2_images_v3/task2_event3872.png,domain7,domain7,domain7,domain7
26394603,task2_images_v3/task2_event3873.png,domain7,domain2,domain4,domain2
26393766,task2_images_v3/task2_event3874.png,domain3,domain3,domain2,domain2
26394253,task2_images_v3/task2_event3875.png,domain2,domain2,domain6,domain2
26395427,task2_images_v3/task2_event3876.png,domain7,domain7,domain6,domain2
26394675,task2_images_v3/task2_event3877.png,domain7,domain7,domain4,domain2
26395296,task2_images_v3/task2_event3878.png,domain2,domain2,domain4,domain4
26393855,task2_images_v3/task2_event3879.png,domain5,domain5,domain3,domain5
26393280,task2_images_v3/task2_event3880.png,domain7,domain7,domain3,domain3
26397291,task2_images_v3/task2_event3881.png,domain4,domain4,domain4,domain2
26395158,task2_images_v3/task2_event3882.png,domain3,domain3,domain3,domain3
26394185,task2_images_v3/task2_event3883.png,domain6,domain6,domain6,domain6
26393395,task2_images_v3/task2_event3884.png,domain5,domain5,domain5,domain5
26394664,task2_images_v3/task2_event3885.png,domain5,domain5,domain5,domain5
26395433,task2_images_v3/task2_event3886.png,domain2,domain2,domain2,domain2
26396136,task2_images_v3/task2_event3887.png,domain4,domain3,domain4,domain3
26393703,task2_images_v3/task2_event3888.png,domain4,domain4,domain4,domain4
26394712,task2_images_v3/task2_event3889.png,domain5,domain5,domain5,domain5
26393678,task2_images_v3/task2_event3890.png,domain2,domain2,domain2,domain2
26392805,task2_images_v3/task2_event3891.png,domain3,domain3,domain3,domain3
26393494,task2_images_v3/task2_event3892.png,domain5,domain5,domain3,domain5
26395619,task2_images_v3/task2_event3893.png,domain4,domain4,domain4,domain4
26395151,task2_images_v3/task2_event3894.png,domain2,domain2,domain3,domain3
26396444,task2_images_v3/task2_event3895.png,domain3,domain6,domain6,domain6
26396867,task2_images_v3/task2_event3896.png,domain6,domain6,domain6,domain6
26394412,task2_images_v3/task2_event3897.png,domain5,domain5,domain5,domain5
26393669,task2_images_v3/task2_event3898.png,domain4,domain4,domain4,domain4
26394613,task2_images_v3/task2_event3899.png,domain4,domain2,domain4,domain2
26395340,task2_images_v3/task2_event3900.png,domain4,domain4,domain4,domain7
26396535,task2_images_v3/task2_event3901.png,domain2,domain2,domain4,domain6
26395856,task2_images_v3/task2_event3902.png,domain4,domain4,domain4,domain4
26396335,task2_images_v3/task2_event3903.png,domain2,domain2,domain3,domain2
26396305,task2_images_v3/task2_event3904.png,domain2,domain2,domain4,domain2
26396954,task2_images_v3/task2_event3905.png,domain2,domain2,domain4,domain2
26395565,task2_images_v3/task2_event3906.png,domain4,domain2,domain4,domain2
26393799,task2_images_v3/task2_event3907.png,domain7,domain7,domain7,domain7
26396100,task2_images_v3/task2_event3908.png,domain5,domain5,domain5,domain5
26394598,task2_images_v3/task2_event3909.png,domain5,domain5,domain5,domain3
26396802,task2_images_v3/task2_event3910.png,domain5,domain5,domain5,domain5
26397182,task2_images_v3/task2_event3911.png,domain2,domain2,domain2,domain2
26394434,task2_images_v3/task2_event3912.png,domain3,domain3,domain3,domain3
26393907,task2_images_v3/task2_event3913.png,domain6,domain6,domain6,domain6
26393658,task2_images_v3/task2_event3914.png,domain4,domain2,domain4,domain4
26393940,task2_images_v3/task2_event3915.png,domain4,domain4,domain4,domain4
26395067,task2_images_v3/task2_event3916.png,domain4,domain4,domain4,domain4
26397178,task2_images_v3/task2_event3917.png,domain2,domain2,domain2,domain2
26393002,task2_images_v3/task2_event3918.png,domain3,domain3,domain3,domain3
26396030,task2_images_v3/task2_event3919.png,domain5,domain5,domain3,domain3
26395078,task2_images_v3/task2_event3920.png,domain5,domain5,domain5,domain5
26395750,task2_images_v3/task2_event3921.png,domain2,domain2,domain4,domain2
26393841,task2_images_v3/task2_event3922.png,domain2,domain3,domain3,domain6
26397198,task2_images_v3/task2_event3923.png,domain6,domain2,domain6,domain2
26396564,task2_images_v3/task2_event3924.png,domain5,domain5,domain5,domain3
26396326,task2_images_v3/task2_event3925.png,domain5,domain3,domain3,domain3
26392831,task2_images_v3/task2_event3926.png,domain3,domain3,domain3,domain3
26393791,task2_images_v3/task2_event3927.png,domain2,domain2,domain3,domain7
26396852,task2_images_v3/task2_event3928.png,domain5,domain5,domain6,domain4
26395876,task2_images_v3/task2_event3929.png,domain3,domain3,domain3,domain3
26394864,task2_images_v3/task2_event3930.png,domain2,domain2,domain2,domain2
26394011,task2_images_v3/task2_event3931.png,domain6,domain6,domain6,domain6
26395892,task2_images_v3/task2_event3932.png,domain4,domain4,domain6,domain6
26393642,task2_images_v3/task2_event3933.png,domain3,domain3,domain4,domain3
26395751,task2_images_v3/task2_event3934.png,domain3,domain3,domain6,domain3
26397311,task2_images_v3/task2_event3935.png,domain6,domain6,domain6,domain6
26393035,task2_images_v3/task2_event3936.png,domain4,domain7,domain4,domain7
26396676,task2_images_v3/task2_event3937.png,domain3,domain6,domain3,domain3
26396776,task2_images_v3/task2_event3938.png,domain4,domain4,domain4,domain6
26393410,task2_images_v3/task2_event3939.png,domain7,domain7,domain4,domain3
26395461,task2_images_v3/task2_event3940.png,domain4,domain4,domain4,domain4
26396187,task2_images_v3/task2_event3941.png,domain5,domain5,domain5,domain5
26395795,task2_images_v3/task2_event3942.png,domain4,domain4,domain4,domain4
26393645,task2_images_v3/task2_event3943.png,domain4,domain4,domain4,domain4
26392856,task2_images_v3/task2_event3944.png,domain3,domain3,domain3,domain3
26395782,task2_images_v3/task2_event3945.png,domain4,domain3,domain4,domain3
26396583,task2_images_v3/task2_event3946.png,domain7,domain7,domain4,domain4
26392806,task2_images_v3/task2_event3947.png,domain6,domain6,domain5,domain6
26397764,task2_images_v3/task2_event3948.png,domain2,domain2,domain4,domain2
26396269,task2_images_v3/task2_event3949.png,domain2,domain2,domain2,domain2
26392926,task2_images_v3/task2_event3950.png,domain7,domain7,domain4,domain2
26397377,task2_images_v3/task2_event3951.png,domain7,domain7,domain4,domain4
26397248,task2_images_v3/task2_event3952.png,domain3,domain2,domain3,domain3
26395394,task2_images_v3/task2_event3953.png,domain6,domain5,domain5,domain5
26396857,task2_images_v3/task2_event3954.png,domain6,domain6,domain6,domain6
26393444,task2_images_v3/task2_event3955.png,domain4,domain4,domain4,domain4
26396766,task2_images_v3/task2_event3956.png,domain5,domain5,domain3,domain2
26395922,task2_images_v3/task2_event3957.png,domain7,domain7,domain4,domain2
26396087,task2_images_v3/task2_event3958.png,domain5,domain2,domain4,domain2
26396451,task2_images_v3/task2_event3959.png,domain5,domain5,domain5,domain5
26395283,task2_images_v3/task2_event3960.png,domain5,domain5,domain6,domain6
26395545,task2_images_v3/task2_event3961.png,domain3,domain3,domain3,domain3
26395120,task2_images_v3/task2_event3962.png,domain3,domain3,domain3,domain3
26394690,task2_images_v3/task2_event3963.png,domain3,domain3,domain3,domain3
26397038,task2_images_v3/task2_event3964.png,domain2,domain2,domain4,domain6
26397771,task2_images_v3/task2_event3965.png,domain4,domain4,domain4,domain4
26392939,task2_images_v3/task2_event3966.png,domain3,domain3,domain4,domain3
26395150,task2_images_v3/task2_event3967.png,domain6,domain6,domain6,domain5
26393434,task2_images_v3/task2_event3968.png,domain4,domain4,domain4,domain4
26396620,task2_images_v3/task2_event3969.png,domain2,domain2,domain2,domain2
26395084,task2_images_v3/task2_event3970.png,domain6,domain6,domain6,domain6
26396276,task2_images_v3/task2_event3971.png,domain5,domain3,domain3,domain3
26394398,task2_images_v3/task2_event3972.png,domain4,domain4,domain4,domain4
26396145,task2_images_v3/task2_event3973.png,domain2,domain2,domain2,domain2
26396024,task2_images_v3/task2_event3974.png,domain6,domain5,domain3,domain5
26397154,task2_images_v3/task2_event3975.png,domain7,domain7,domain4,domain4
26395007,task2_images_v3/task2_event3976.png,domain7,domain7,domain4,domain4
26397700,task2_images_v3/task2_event3977.png,domain7,domain7,domain7,domain7
26397405,task2_images_v3/task2_event3978.png,domain2,domain2,domain4,domain2
26393646,task2_images_v3/task2_event3979.png,domain6,domain6,domain4,domain6
26397107,task2_images_v3/task2_event3980.png,domain5,domain2,domain2,domain2
26394343,task2_images_v3/task2_event3981.png,domain2,domain2,domain2,domain2
26395032,task2_images_v3/task2_event3982.png,domain6,domain6,domain6,domain6
26394663,task2_images_v3/task2_event3983.png,domain2,domain4,domain4,domain4
26393199,task2_images_v3/task2_event3984.png,domain5,domain5,domain5,domain5
26394394,task2_images_v3/task2_event3985.png,domain4,domain4,domain4,domain4
26397016,task2_images_v3/task2_event3986.png,domain7,domain7,domain7,domain7
26397676,task2_images_v3/task2_event3987.png,domain5,domain7,domain3,domain7
26397593,task2_images_v3/task2_event3988.png,domain6,domain6,domain3,domain4
26394282,task2_images_v3/task2_event3989.png,domain4,domain4,domain4,domain4
26397427,task2_images_v3/task2_event3990.png,domain2,domain2,domain2,domain2
26393214,task2_images_v3/task2_event3991.png,domain6,domain6,domain4,domain6
26395035,task2_images_v3/task2_event3992.png,domain6,domain3,domain3,domain3
26396364,task2_images_v3/task2_event3993.png,domain2,domain2,domain2,domain2
26395421,task2_images_v3/task2_event3994.png,domain3,domain3,domain4,domain3
26394298,task2_images_v3/task2_event3995.png,domain5,domain5,domain5,domain5
26395702,task2_images_v3/task2_event3996.png,domain5,domain5,domain5,domain5
26395475,task2_images_v3/task2_event3997.png,domain4,domain4,domain6,domain6
26392845,task2_images_v3/task2_event3998.png,domain7,domain7,domain7,domain7
26395490,task2_images_v3/task2_event3999.png,domain4,domain4,domain7,domain4
26396420,task2_images_v3/task2_event4000.png,domain3,domain3,domain3,domain3
26396709,task2_images_v3/task2_event4001.png,domain2,domain2,domain4,domain4
26393379,task2_images_v3/task2_event4002.png,domain6,domain6,domain6,domain6
26394428,task2_images_v3/task2_event4003.png,domain5,domain5,domain5,domain5
26395954,task2_images_v3/task2_event4004.png,domain5,domain5,domain5,domain3
26395696,task2_images_v3/task2_event4005.png,domain3,domain3,domain3,domain3
26397522,task2_images_v3/task2_event4006.png,domain5,domain5,domain3,domain5
26395258,task2_images_v3/task2_event4007.png,domain7,domain7,domain3,domain6
26394875,task2_images_v3/task2_event4008.png,domain3,domain3,domain4,domain3
26395448,task2_images_v3/task2_event4009.png,domain4,domain3,domain3,domain3
26396746,task2_images_v3/task2_event4010.png,domain3,domain3,domain3,domain3
26397357,task2_images_v3/task2_event4011.png,domain6,domain6,domain4,domain6
26395457,task2_images_v3/task2_event4012.png,domain3,domain3,domain4,domain3
26395986,task2_images_v3/task2_event4013.png,domain6,domain6,domain6,domain3
26394848,task2_images_v3/task2_event4014.png,domain2,domain2,domain2,domain2
26395887,task2_images_v3/task2_event4015.png,domain4,domain4,domain7,domain4
26395515,task2_images_v3/task2_event4016.png,domain4,domain4,domain4,domain4
26396767,task2_images_v3/task2_event4017.png,domain3,domain3,domain3,domain3
26394870,task2_images_v3/task2_event4018.png,domain2,domain2,domain4,domain4
26396828,task2_images_v3/task2_event4019.png,domain6,domain6,domain6,domain6
26397615,task2_images_v3/task2_event4020.png,domain4,domain4,domain4,domain3
26394831,task2_images_v3/task2_event4021.png,domain3,domain7,domain5,domain7
26396091,task2_images_v3/task2_event4022.png,domain3,domain3,domain3,domain5
26394588,task2_images_v3/task2_event4023.png,domain5,domain5,domain3,domain3
26393888,task2_images_v3/task2_event4024.png,domain2,domain2,domain4,domain2
26397112,task2_images_v3/task2_event4025.png,domain3,domain3,domain3,domain3
26395882,task2_images_v3/task2_event4026.png,domain4,domain3,domain4,domain3
26395992,task2_images_v3/task2_event4027.png,domain6,domain6,domain4,domain4
26393371,task2_images_v3/task2_event4028.png,domain5,domain5,domain5,domain5
26395899,task2_images_v3/task2_event4029.png,domain3,domain3,domain3,domain3
26394834,task2_images_v3/task2_event4030.png,domain5,domain5,domain5,domain6
26394570,task2_images_v3/task2_event4031.png,domain3,domain3,domain4,domain4
26393955,task2_images_v3/task2_event4032.png,domain2,domain3,domain3,domain3
26397561,task2_images_v3/task2_event4033.png,domain3,domain3,domain3,domain3
26394380,task2_images_v3/task2_event4034.png,domain4,domain4,domain4,domain4
26397394,task2_images_v3/task2_event4035.png,domain2,domain2,domain2,domain2
26397137,task2_images_v3/task2_event4036.png,domain6,domain5,domain6,domain5
26394314,task2_images_v3/task2_event4037.png,domain3,domain5,domain5,domain5
26394635,task2_images_v3/task2_event4038.png,domain6,domain6,domain6,domain6
26393840,task2_images_v3/task2_event4039.png,domain7,domain7,domain4,domain7
26394051,task2_images_v3/task2_event4040.png,domain2,domain5,domain5,domain5
26395612,task2_images_v3/task2_event4041.png,domain4,domain4,domain4,domain4
26397415,task2_images_v3/task2_event4042.png,domain6,domain5,domain4,domain5
26396842,task2_images_v3/task2_event4043.png,domain2,domain2,domain6,domain6
26393252,task2_images_v3/task2_event4044.png,domain4,domain4,domain4,domain4
26395723,task2_images_v3/task2_event4045.png,domain6,domain4,domain3,domain6
26393228,task2_images_v3/task2_event4046.png,domain3,domain5,domain3,domain5
26393315,task2_images_v3/task2_event4047.png,domain5,domain5,domain5,domain5
26396975,task2_images_v3/task2_event4048.png,domain7,domain7,domain4,domain4
26393790,task2_images_v3/task2_event4049.png,domain4,domain4,domain4,domain4
26392923,task2_images_v3/task2_event4050.png,domain2,domain2,domain4,domain2
26394254,task2_images_v3/task2_event4051.png,domain4,domain4,domain4,domain3
26394878,task2_images_v3/task2_event4052.png,domain2,domain2,domain6,domain6
26393253,task2_images_v3/task2_event4053.png,domain7,domain7,domain4,domain4
26393510,task2_images_v3/task2_event4054.png,domain6,domain6,domain6,domain6
26393783,task2_images_v3/task2_event4055.png,domain4,domain4,domain4,domain6
26396040,task2_images_v3/task2_event4056.png,domain2,domain2,domain4,domain2
26395777,task2_images_v3/task2_event4057.png,domain6,domain4,domain4,domain2
26393802,task2_images_v3/task2_event4058.png,domain6,domain6,domain5,domain5
26396502,task2_images_v3/task2_event4059.png,domain2,domain2,domain2,domain2
26396808,task2_images_v3/task2_event4060.png,domain3,domain3,domain3,domain3
26392874,task2_images_v3/task2_event4061.png,domain3,domain3,domain3,domain3
26393008,task2_images_v3/task2_event4062.png,domain4,domain7,domain7,domain7
26393641,task2_images_v3/task2_event4063.png,domain5,domain5,domain5,domain5
26395859,task2_images_v3/task2_event4064.png,domain6,domain6,domain6,domain6
26393473,task2_images_v3/task2_event4065.png,domain3,domain3,domain3,domain3
26393565,task2_images_v3/task2_event4066.png,domain7,domain7,domain4,domain3
26394896,task2_images_v3/task2_event4067.png,domain7,domain7,domain3,domain7
26393382,task2_images_v3/task2_event4068.png,domain4,domain5,domain5,domain5
26397603,task2_images_v3/task2_event4069.png,domain7,domain7,domain4,domain7
26393601,task2_images_v3/task2_event4070.png,domain6,domain6,domain6,domain2
26396287,task2_images_v3/task2_event4071.png,domain3,domain3,domain3,domain3
26397081,task2_images_v3/task2_event4072.png,domain7,domain7,domain7,domain7
26394871,task2_images_v3/task2_event4073.png,domain6,domain6,domain6,domain6
26393608,task2_images_v3/task2_event4074.png,domain7,domain7,domain4,domain2
26393157,task2_images_v3/task2_event4075.png,domain2,domain4,domain4,domain4
26396840,task2_images_v3/task2_event4076.png,domain4,domain3,domain3,domain3
26397113,task2_images_v3/task2_event4077.png,domain4,domain4,domain4,domain3
26393556,task2_images_v3/task2_event4078.png,domain2,domain2,domain2,domain2
26394037,task2_images_v3/task2_event4079.png,domain5,domain3,domain3,domain5
26394927,task2_images_v3/task2_event4080.png,domain5,domain7,domain3,domain7
26397785,task2_images_v3/task2_event4081.png,domain2,domain2,domain2,domain2
26396046,task2_images_v3/task2_event4082.png,domain3,domain3,domain3,domain3
26395850,task2_images_v3/task2_event4083.png,domain7,domain7,domain3,domain3
26397760,task2_images_v3/task2_event4084.png,domain3,domain4,domain3,domain3
26393170,task2_images_v3/task2_event4085.png,domain6,domain6,domain6,domain6
26393106,task2_images_v3/task2_event4086.png,domain3,domain3,domain3,domain3
26397540,task2_images_v3/task2_event4087.png,domain7,domain7,domain4,domain2
26395528,task2_images_v3/task2_event4088.png,domain5,domain5,domain5,domain3
26395095,task2_images_v3/task2_event4089.png,domain2,domain2,domain4,domain2
26393882,task2_images_v3/task2_event4090.png,domain5,domain5,domain5,domain5
26396230,task2_images_v3/task2_event4091.png,domain5,domain5,domain5,domain5
26394519,task2_images_v3/task2_event4092.png,domain5,domain5,domain5,domain5
26394123,task2_images_v3/task2_event4093.png,domain4,domain4,domain4,domain4
26394306,task2_images_v3/task2_event4094.png,domain7,domain4,domain4,domain4
26394986,task2_images_v3/task2_event4095.png,domain2,domain2,domain3,domain2
26396192,task2_images_v3/task2_event4096.png,domain3,domain3,domain3,domain3
26396465,task2_images_v3/task2_event4097.png,domain3,domain4,domain3,domain3
26395261,task2_images_v3/task2_event4098.png,domain4,domain4,domain4,domain4
26396643,task2_images_v3/task2_event4099.png,domain5,domain5,domain5,domain5
26395170,task2_images_v3/task2_event4100.png,domain7,domain7,domain3,domain7
26394141,task2_images_v3/task2_event4101.png,domain6,domain6,domain3,domain6
26396097,task2_images_v3/task2_event4102.png,domain3,domain3,domain3,domain3
26397694,task2_images_v3/task2_event4103.png,domain6,domain6,domain5,domain6
26393845,task2_images_v3/task2_event4104.png,domain7,domain3,domain3,domain3
26394379,task2_images_v3/task2_event4105.png,domain4,domain7,domain3,domain3
26396965,task2_images_v3/task2_event4106.png,domain2,domain2,domain2,domain2
26393938,task2_images_v3/task2_event4107.png,domain4,domain4,domain4,domain4
26395582,task2_images_v3/task2_event4108.png,domain2,domain2,domain2,domain2
26395281,task2_images_v3/task2_event4109.png,domain7,domain7,domain7,domain7
26394902,task2_images_v3/task2_event4110.png,domain6,domain5,domain5,domain5
26396733,task2_images_v3/task2_event4111.png,domain4,domain7,domain4,domain2
26394777,task2_images_v3/task2_event4112.png,domain3,domain7,domain7,domain3
26395926,task2_images_v3/task2_event4113.png,domain6,domain6,domain6,domain6
26394760,task2_images_v3/task2_event4114.png,domain5,domain3,domain3,domain5
26395438,task2_images_v3/task2_event4115.png,domain5,domain5,domain5,domain5
26395833,task2_images_v3/task2_event4116.png,domain2,domain2,domain2,domain5
26393648,task2_images_v3/task2_event4117.png,domain2,domain2,domain2,domain2
26397295,task2_images_v3/task2_event4118.png,domain6,domain6,domain6,domain6
26396072,task2_images_v3/task2_event4119.png,domain4,domain4,domain4,domain4
26396470,task2_images_v3/task2_event4120.png,domain4,domain4,domain4,domain3
26394293,task2_images_v3/task2_event4121.png,domain5,domain3,domain3,domain3
26396247,task2_images_v3/task2_event4122.png,domain5,domain5,domain5,domain5
26393352,task2_images_v3/task2_event4123.png,domain5,domain5,domain5,domain5
26393945,task2_images_v3/task2_event4124.png,domain6,domain6,domain6,domain6
26395803,task2_images_v3/task2_event4125.png,domain5,domain5,domain6,domain5
26395553,task2_images_v3/task2_event4126.png,domain6,domain6,domain6,domain6
26397151,task2_images_v3/task2_event4127.png,domain6,domain5,domain5,domain5
26397467,task2_images_v3/task2_event4128.png,domain4,domain4,domain4,domain3
26396437,task2_images_v3/task2_event4129.png,domain4,domain4,domain4,domain3
26392899,task2_images_v3/task2_event4130.png,domain3,domain3,domain5,domain5
26395348,task2_images_v3/task2_event4131.png,domain4,domain7,domain4,domain4
26395509,task2_images_v3/task2_event4132.png,domain3,domain3,domain4,domain3
26396016,task2_images_v3/task2_event4133.png,domain3,domain3,domain3,domain3
26393005,task2_images_v3/task2_event4134.png,domain5,domain5,domain5,domain5
26397165,task2_images_v3/task2_event4135.png,domain6,domain6,domain6,domain6
26393125,task2_images_v3/task2_event4136.png,domain2,domain2,domain2,domain2
26394305,task2_images_v3/task2_event4137.png,domain5,domain5,domain6,domain2
26394684,task2_images_v3/task2_event4138.png,domain3,domain3,domain3,domain3
26395091,task2_images_v3/task2_event4139.png,domain2,domain2,domain3,domain3
26397702,task2_images_v3/task2_event4140.png,domain4,domain7,domain4,domain7
26397403,task2_images_v3/task2_event4141.png,domain5,domain5,domain6,domain5
26396243,task2_images_v3/task2_event4142.png,domain5,domain5,domain5,domain5
26396118,task2_images_v3/task2_event4143.png,domain4,domain2,domain2,domain2
26396887,task2_images_v3/task2_event4144.png,domain4,domain4,domain4,domain4
26393173,task2_images_v3/task2_event4145.png,domain7,domain7,domain7,domain3
26393169,task2_images_v3/task2_event4146.png,domain6,domain6,domain4,domain6
26396934,task2_images_v3/task2_event4147.png,domain3,domain3,domain3,domain3
26396401,task2_images_v3/task2_event4148.png,domain5,domain5,domain3,domain2
26396308,task2_images_v3/task2_event4149.png,domain3,domain3,domain3,domain3
26393564,task2_images_v3/task2_event4150.png,domain3,domain3,domain3,domain3
26393116,task2_images_v3/task2_event4151.png,domain6,domain5,domain6,domain6
26395904,task2_images_v3/task2_event4152.png,domain7,domain7,domain6,domain7
26395410,task2_images_v3/task2_event4153.png,domain5,domain5,domain5,domain5
26395524,task2_images_v3/task2_event4154.png,domain2,domain2,domain2,domain2
26394165,task2_images_v3/task2_event4155.png,domain4,domain4,domain4,domain4
26395049,task2_images_v3/task2_event4156.png,domain5,domain5,domain3,domain3
26394790,task2_images_v3/task2_event4157.png,domain5,domain6,domain6,domain6
26395211,task2_images_v3/task2_event4158.png,domain2,domain2,domain2,domain2
26394905,task2_images_v3/task2_event4159.png,domain3,domain3,domain3,domain3
26394085,task2_images_v3/task2_event4160.png,domain3,domain3,domain3,domain3
26394054,task2_images_v3/task2_event4161.png,domain6,domain7,domain7,domain7
26395168,task2_images_v3/task2_event4162.png,domain3,domain3,domain3,domain3
26396936,task2_images_v3/task2_event4163.png,domain7,domain7,domain4,domain7
26394004,task2_images_v3/task2_event4164.png,domain2,domain2,domain3,domain2
26393587,task2_images_v3/task2_event4165.png,domain6,domain6,domain6,domain2
26395698,task2_images_v3/task2_event4166.png,domain5,domain3,domain3,domain3
26393916,task2_images_v3/task2_event4167.png,domain4,domain4,domain4,domain4
26394637,task2_images_v3/task2_event4168.png,domain2,domain2,domain4,domain4
26396318,task2_images_v3/task2_event4169.png,domain6,domain3,domain4,domain5
26396856,task2_images_v3/task2_event4170.png,domain4,domain4,domain3,domain3
26393965,task2_images_v3/task2_event4171.png,domain3,domain3,domain3,domain3
26394961,task2_images_v3/task2_event4172.png,domain2,domain2,domain2,domain2
26395633,task2_images_v3/task2_event4173.png,domain6,domain5,domain6,domain5
26393032,task2_images_v3/task2_event4174.png,domain2,domain2,domain2,domain2
26395921,task2_images_v3/task2_event4175.png,domain4,domain4,domain4,domain4
26394962,task2_images_v3/task2_event4176.png,domain6,domain5,domain4,domain5
26394653,task2_images_v3/task2_event4177.png,domain5,domain5,domain3,domain5
26397202,task2_images_v3/task2_event4178.png,domain4,domain7,domain3,domain7
26392820,task2_images_v3/task2_event4179.png,domain2,domain2,domain3,domain3
26395154,task2_images_v3/task2_event4180.png,domain6,domain6,domain6,domain5
26394083,task2_images_v3/task2_event4181.png,domain6,domain6,domain6,domain6
26393602,task2_images_v3/task2_event4182.png,domain4,domain4,domain4,domain4
26396515,task2_images_v3/task2_event4183.png,domain2,domain2,domain2,domain2
26394135,task2_images_v3/task2_event4184.png,domain2,domain2,domain7,domain3
26396302,task2_images_v3/task2_event4185.png,domain6,domain6,domain2,domain6
26395050,task2_images_v3/task2_event4186.png,domain5,domain5,domain5,domain5
26395185,task2_images_v3/task2_event4187.png,domain5,domain5,domain3,domain3
26394153,task2_images_v3/task2_event4188.png,domain2,domain2,domain2,domain2
26396990,task2_images_v3/task2_event4189.png,domain6,domain6,domain6,domain6
26394746,task2_images_v3/task2_event4190.png,domain3,domain3,domain3,domain3
26395146,task2_images_v3/task2_event4191.png,domain5,domain5,domain5,domain5
26396908,task2_images_v3/task2_event4192.png,domain5,domain5,domain5,domain5
26397101,task2_images_v3/task2_event4193.png,domain2,domain2,domain6,domain6
26394793,task2_images_v3/task2_event4194.png,domain4,domain4,domain4,domain3
26396208,task2_images_v3/task2_event4195.png,domain3,domain3,domain3,domain3
26393491,task2_images_v3/task2_event4196.png,domain6,domain5,domain5,domain5
26397289,task2_images_v3/task2_event4197.png,domain4,domain4,domain4,domain6
26395407,task2_images_v3/task2_event4198.png,domain4,domain4,domain4,domain6
26393824,task2_images_v3/task2_event4199.png,domain5,domain5,domain5,domain5
26397132,task2_images_v3/task2_event4200.png,domain6,domain6,domain4,domain4
26394308,task2_images_v3/task2_event4201.png,domain3,domain3,domain3,domain3
26396491,task2_images_v3/task2_event4202.png,domain4,domain7,domain7,domain7
26394692,task2_images_v3/task2_event4203.png,domain4,domain2,domain4,domain4
26394026,task2_images_v3/task2_event4204.png,domain4,domain4,domain4,domain4
26397613,task2_images_v3/task2_event4205.png,domain7,domain7,domain7,domain7
26394297,task2_images_v3/task2_event4206.png,domain5,domain5,domain5,domain5
26393973,task2_images_v3/task2_event4207.png,domain4,domain4,domain3,domain4
26396759,task2_images_v3/task2_event4208.png,domain5,domain5,domain5,domain5
26395009,task2_images_v3/task2_event4209.png,domain2,domain2,domain4,domain4
26393184,task2_images_v3/task2_event4210.png,domain4,domain4,domain4,domain4
26393848,task2_images_v3/task2_event4211.png,domain4,domain4,domain4,domain4
26394852,task2_images_v3/task2_event4212.png,domain4,domain4,domain4,domain4
26395260,task2_images_v3/task2_event4213.png,domain3,domain3,domain3,domain3
26393800,task2_images_v3/task2_event4214.png,domain7,domain7,domain7,domain7
26393397,task2_images_v3/task2_event4215.png,domain3,domain3,domain3,domain3
26396737,task2_images_v3/task2_event4216.png,domain2,domain2,domain6,domain2
26395188,task2_images_v3/task2_event4217.png,domain4,domain3,domain3,domain3
26393121,task2_images_v3/task2_event4218.png,domain3,domain7,domain7,domain3
26395971,task2_images_v3/task2_event4219.png,domain6,domain6,domain6,domain6
26394526,task2_images_v3/task2_event4220.png,domain4,domain2,domain7,domain2
26394243,task2_images_v3/task2_event4221.png,domain2,domain2,domain2,domain2
26394181,task2_images_v3/task2_event4222.png,domain4,domain4,domain4,domain6
26393179,task2_images_v3/task2_event4223.png,domain4,domain4,domain4,domain3
26395471,task2_images_v3/task2_event4224.png,domain5,domain5,domain5,domain3
26396790,task2_images_v3/task2_event4225.png,domain6,domain6,domain6,domain6
26393633,task2_images_v3/task2_event4226.png,domain7,domain2,domain2,domain2
26395437,task2_images_v3/task2_event4227.png,domain7,domain7,domain7,domain7
26396945,task2_images_v3/task2_event4228.png,domain5,domain5,domain5,domain5
26394442,task2_images_v3/task2_event4229.png,domain3,domain3,domain3,domain3
26393962,task2_images_v3/task2_event4230.png,domain2,domain2,domain3,domain2
26394205,task2_images_v3/task2_event4231.png,domain2,domain2,domain3,domain3
26395946,task2_images_v3/task2_event4232.png,domain3,domain3,domain3,domain3
26395193,task2_images_v3/task2_event4233.png,domain4,domain4,domain4,domain4
26394410,task2_images_v3/task2_event4234.png,domain3,domain3,domain3,domain5
26395732,task2_images_v3/task2_event4235.png,domain6,domain5,domain5,domain5
26395678,task2_images_v3/task2_event4236.png,domain5,domain2,domain2,domain2
26396893,task2_images_v3/task2_event4237.png,domain4,domain4,domain4,domain4
26396325,task2_images_v3/task2_event4238.png,domain5,domain5,domain3,domain5
26395392,task2_images_v3/task2_event4239.png,domain6,domain5,domain6,domain5
26394569,task2_images_v3/task2_event4240.png,domain4,domain3,domain4,domain3
26396687,task2_images_v3/task2_event4241.png,domain3,domain3,domain5,domain5
26396749,task2_images_v3/task2_event4242.png,domain5,domain5,domain5,domain5
26393700,task2_images_v3/task2_event4243.png,domain5,domain5,domain5,domain5
26397719,task2_images_v3/task2_event4244.png,domain5,domain5,domain5,domain5
26393694,task2_images_v3/task2_event4245.png,domain2,domain2,domain2,domain3
26392975,task2_images_v3/task2_event4246.png,domain7,domain7,domain4,domain3
26395544,task2_images_v3/task2_event4247.png,domain6,domain6,domain6,domain6
26393271,task2_images_v3/task2_event4248.png,domain6,domain6,domain6,domain6
26394670,task2_images_v3/task2_event4249.png,domain5,domain5,domain5,domain5
26396367,task2_images_v3/task2_event4250.png,domain4,domain4,domain4,domain4
26396406,task2_images_v3/task2_event4251.png,domain3,domain3,domain3,domain3
26397179,task2_images_v3/task2_event4252.png,domain5,domain5,domain5,domain5
26397386,task2_images_v3/task2_event4253.png,domain6,domain6,domain6,domain3
26394765,task2_images_v3/task2_event4254.png,domain6,domain6,domain6,domain5
26395464,task2_images_v3/task2_event4255.png,domain6,domain6,domain6,domain6
26397406,task2_images_v3/task2_event4256.png,domain2,domain2,domain4,domain2
26397274,task2_images_v3/task2_event4257.png,domain6,domain6,domain6,domain6
26396512,task2_images_v3/task2_event4258.png,domain4,domain4,domain4,domain7
26397490,task2_images_v3/task2_event4259.png,domain2,domain3,domain3,domain3
26397346,task2_images_v3/task2_event4260.png,domain2,domain2,domain2,domain2
26394934,task2_images_v3/task2_event4261.png,domain7,domain7,domain3,domain7
26393774,task2_images_v3/task2_event4262.png,domain5,domain5,domain5,domain5
26397560,task2_images_v3/task2_event4263.png,domain3,domain7,domain7,domain7
26396446,task2_images_v3/task2_event4264.png,domain2,domain2,domain2,domain7
26395839,task2_images_v3/task2_event4265.png,domain5,domain5,domain5,domain5
26393102,task2_images_v3/task2_event4266.png,domain5,domain5,domain3,domain5
26392851,task2_images_v3/task2_event4267.png,domain6,domain6,domain6,domain6
26395231,task2_images_v3/task2_event4268.png,domain7,domain7,domain4,domain7
26395338,task2_images_v3/task2_event4269.png,domain6,domain6,domain6,domain6
26393786,task2_images_v3/task2_event4270.png,domain4,domain7,domain3,domain7
26397741,task2_images_v3/task2_event4271.png,domain2,domain2,domain2,domain2
26395004,task2_images_v3/task2_event4272.png,domain6,domain5,domain6,domain5
26394330,task2_images_v3/task2_event4273.png,domain6,domain6,domain6,domain6
26394518,task2_images_v3/task2_event4274.png,domain5,domain5,domain5,domain5
26395411,task2_images_v3/task2_event4275.png,domain6,domain6,domain4,domain6
26394993,task2_images_v3/task2_event4276.png,domain5,domain5,domain5,domain5
26393318,task2_images_v3/task2_event4277.png,domain5,domain3,domain5,domain3
26395564,task2_images_v3/task2_event4278.png,domain5,domain6,domain6,domain6
26395324,task2_images_v3/task2_event4279.png,domain6,domain4,domain4,domain6
26396034,task2_images_v3/task2_event4280.png,domain3,domain5,domain5,domain5
26395787,task2_images_v3/task2_event4281.png,domain3,domain3,domain3,domain3
26395270,task2_images_v3/task2_event4282.png,domain3,domain3,domain3,domain3
26393154,task2_images_v3/task2_event4283.png,domain5,domain5,domain5,domain5
26394787,task2_images_v3/task2_event4284.png,domain6,domain6,domain6,domain6
26393004,task2_images_v3/task2_event4285.png,domain3,domain3,domain3,domain3
26395482,task2_images_v3/task2_event4286.png,domain5,domain5,domain5,domain5
26396855,task2_images_v3/task2_event4287.png,domain3,domain3,domain5,domain3
26397643,task2_images_v3/task2_event4288.png,domain5,domain5,domain3,domain5
26396220,task2_images_v3/task2_event4289.png,domain2,domain2,domain2,domain2
26394010,task2_images_v3/task2_event4290.png,domain2,domain2,domain4,domain2
26393910,task2_images_v3/task2_event4291.png,domain3,domain7,domain7,domain6
26396019,task2_images_v3/task2_event4292.png,domain7,domain2,domain7,domain2
26393847,task2_images_v3/task2_event4293.png,domain6,domain6,domain6,domain6
26395393,task2_images_v3/task2_event4294.png,domain6,domain6,domain6,domain6
26395640,task2_images_v3/task2_event4295.png,domain3,domain3,domain3,domain3
26397461,task2_images_v3/task2_event4296.png,domain3,domain3,domain3,domain3
26394713,task2_images_v3/task2_event4297.png,domain5,domain5,domain3,domain5
26394269,task2_images_v3/task2_event4298.png,domain6,domain6,domain4,domain6
26396186,task2_images_v3/task2_event4299.png,domain2,domain3,domain3,domain3
26396614,task2_images_v3/task2_event4300.png,domain4,domain4,domain4,domain4
26394592,task2_images_v3/task2_event4301.png,domain6,domain4,domain4,domain6
26393593,task2_images_v3/task2_event4302.png,domain3,domain3,domain3,domain3
26392850,task2_images_v3/task2_event4303.png,domain3,domain3,domain3,domain3
26394554,task2_images_v3/task2_event4304.png,domain3,domain3,domain3,domain3
26393664,task2_images_v3/task2_event4305.png,domain7,domain7,domain3,domain7
26393104,task2_images_v3/task2_event4306.png,domain3,domain7,domain3,domain7
26394513,task2_images_v3/task2_event4307.png,domain3,domain3,domain4,domain4
26395265,task2_images_v3/task2_event4308.png,domain6,domain6,domain6,domain6
26395138,task2_images_v3/task2_event4309.png,domain6,domain4,domain4,domain4
26396494,task2_images_v3/task2_event4310.png,domain2,domain2,domain2,domain2
26397556,task2_images_v3/task2_event4311.png,domain3,domain3,domain3,domain3
26396290,task2_images_v3/task2_event4312.png,domain5,domain5,domain5,domain5
26395442,task2_images_v3/task2_event4313.png,domain6,domain4,domain4,domain6
26394806,task2_images_v3/task2_event4314.png,domain3,domain3,domain3,domain3
26395397,task2_images_v3/task2_event4315.png,domain2,domain2,domain2,domain2
26392966,task2_images_v3/task2_event4316.png,domain6,domain6,domain6,domain6
26392929,task2_images_v3/task2_event4317.png,domain3,domain3,domain3,domain3
26394045,task2_images_v3/task2_event4318.png,domain4,domain4,domain4,domain4
26394407,task2_images_v3/task2_event4319.png,domain2,domain2,domain2,domain2
26394244,task2_images_v3/task2_event4320.png,domain3,domain3,domain3,domain3
26393392,task2_images_v3/task2_event4321.png,domain5,domain3,domain3,domain3
26393150,task2_images_v3/task2_event4322.png,domain3,domain3,domain3,domain3
26396899,task2_images_v3/task2_event4323.png,domain4,domain7,domain4,domain3
26395896,task2_images_v3/task2_event4324.png,domain2,domain2,domain2,domain2
26393330,task2_images_v3/task2_event4325.png,domain6,domain5,domain5,domain5
26395975,task2_images_v3/task2_event4326.png,domain5,domain5,domain4,domain5
26395556,task2_images_v3/task2_event4327.png,domain6,domain6,domain6,domain6
26396225,task2_images_v3/task2_event4328.png,domain6,domain5,domain3,domain5
26394850,task2_images_v3/task2_event4329.png,domain3,domain3,domain3,domain4
26397501,task2_images_v3/task2_event4330.png,domain2,domain2,domain3,domain2
26394847,task2_images_v3/task2_event4331.png,domain4,domain4,domain4,domain4
26393022,task2_images_v3/task2_event4332.png,domain2,domain2,domain3,domain3
26396222,task2_images_v3/task2_event4333.png,domain5,domain4,domain4,domain6
26392995,task2_images_v3/task2_event4334.png,domain2,domain2,domain3,domain3
26396888,task2_images_v3/task2_event4335.png,domain3,domain3,domain3,domain3
26396992,task2_images_v3/task2_event4336.png,domain6,domain6,domain6,domain5
26396003,task2_images_v3/task2_event4337.png,domain3,domain2,domain4,domain3
26394954,task2_images_v3/task2_event4338.png,domain4,domain4,domain4,domain4
26393709,task2_images_v3/task2_event4339.png,domain7,domain4,domain4,domain4
26393477,task2_images_v3/task2_event4340.png,domain3,domain3,domain3,domain3
26396591,task2_images_v3/task2_event4341.png,domain7,domain7,domain7,domain3
26395533,task2_images_v3/task2_event4342.png,domain7,domain7,domain7,domain7
26396901,task2_images_v3/task2_event4343.png,domain6,domain5,domain6,domain5
26395176,task2_images_v3/task2_event4344.png,domain6,domain5,domain6,domain6
26394758,task2_images_v3/task2_event4345.png,domain6,domain6,domain6,domain6
26394632,task2_images_v3/task2_event4346.png,domain2,domain2,domain2,domain2
26393562,task2_images_v3/task2_event4347.png,domain6,domain6,domain6,domain6
26396827,task2_images_v3/task2_event4348.png,domain3,domain3,domain3,domain3
26394645,task2_images_v3/task2_event4349.png,domain5,domain7,domain4,domain7
26395191,task2_images_v3/task2_event4350.png,domain5,domain5,domain5,domain5
26397147,task2_images_v3/task2_event4351.png,domain4,domain4,domain4,domain4
26394487,task2_images_v3/task2_event4352.png,domain2,domain2,domain2,domain2
26394316,task2_images_v3/task2_event4353.png,domain4,domain4,domain4,domain4
26394888,task2_images_v3/task2_event4354.png,domain6,domain6,domain6,domain6
26393758,task2_images_v3/task2_event4355.png,domain4,domain4,domain4,domain4
26396647,task2_images_v3/task2_event4356.png,domain3,domain3,domain4,domain4
26393419,task2_images_v3/task2_event4357.png,domain6,domain6,domain6,domain6
26396940,task2_images_v3/task2_event4358.png,domain6,domain5,domain6,domain6
26393672,task2_images_v3/task2_event4359.png,domain2,domain2,domain2,domain2
26393079,task2_images_v3/task2_event4360.png,domain6,domain6,domain6,domain6
26395391,task2_images_v3/task2_event4361.png,domain6,domain6,domain6,domain6
26396663,task2_images_v3/task2_event4362.png,domain7,domain7,domain7,domain3
26396793,task2_images_v3/task2_event4363.png,domain6,domain6,domain6,domain6
26395251,task2_images_v3/task2_event4364.png,domain3,domain3,domain3,domain3
26397300,task2_images_v3/task2_event4365.png,domain7,domain7,domain7,domain7
26393077,task2_images_v3/task2_event4366.png,domain6,domain6,domain4,domain6
26397197,task2_images_v3/task2_event4367.png,domain6,domain6,domain4,domain6
26397711,task2_images_v3/task2_event4368.png,domain2,domain2,domain3,domain7
26394579,task2_images_v3/task2_event4369.png,domain5,domain5,domain3,domain5
26397171,task2_images_v3/task2_event4370.png,domain6,domain6,domain6,domain6
26397162,task2_images_v3/task2_event4371.png,domain5,domain2,domain5,domain5
26395627,task2_images_v3/task2_event4372.png,domain6,domain6,domain6,domain6
26393867,task2_images_v3/task2_event4373.png,domain6,domain6,domain4,domain6
26395318,task2_images_v3/task2_event4374.png,domain2,domain2,domain4,domain2
26394074,task2_images_v3/task2_event4375.png,domain3,domain3,domain4,domain4
26393290,task2_images_v3/task2_event4376.png,domain4,domain4,domain4,domain4
26392887,task2_images_v3/task2_event4377.png,domain3,domain2,domain3,domain5
26394241,task2_images_v3/task2_event4378.png,domain3,domain3,domain3,domain3
26394807,task2_images_v3/task2_event4379.png,domain2,domain2,domain4,domain6
26397351,task2_images_v3/task2_event4380.png,domain4,domain4,domain4,domain4
26397577,task2_images_v3/task2_event4381.png,domain7,domain7,domain7,domain7
26392996,task2_images_v3/task2_event4382.png,domain6,domain6,domain6,domain6
26394359,task2_images_v3/task2_event4383.png,domain6,domain6,domain4,domain3
26396736,task2_images_v3/task2_event4384.png,domain4,domain4,domain4,domain4
26394915,task2_images_v3/task2_event4385.png,domain5,domain5,domain5,domain5
26395877,task2_images_v3/task2_event4386.png,domain5,domain3,domain3,domain2
26396863,task2_images_v3/task2_event4387.png,domain3,domain3,domain3,domain4
26397637,task2_images_v3/task2_event4388.png,domain4,domain4,domain4,domain4
26395670,task2_images_v3/task2_event4389.png,domain4,domain4,domain4,domain6
26392949,task2_images_v3/task2_event4390.png,domain4,domain4,domain4,domain4
26392979,task2_images_v3/task2_event4391.png,domain3,domain3,domain3,domain3
26393616,task2_images_v3/task2_event4392.png,domain4,domain2,domain3,domain2
26395848,task2_images_v3/task2_event4393.png,domain7,domain7,domain4,domain7
26394404,task2_images_v3/task2_event4394.png,domain3,domain3,domain3,domain3
26395090,task2_images_v3/task2_event4395.png,domain4,domain3,domain4,domain3
26393060,task2_images_v3/task2_event4396.png,domain2,domain2,domain4,domain2
26397119,task2_images_v3/task2_event4397.png,domain2,domain2,domain4,domain2
26396467,task2_images_v3/task2_event4398.png,domain4,domain4,domain4,domain4
26393061,task2_images_v3/task2_event4399.png,domain3,domain7,domain7,domain7
26396108,task2_images_v3/task2_event4400.png,domain4,domain4,domain4,domain4
26395153,task2_images_v3/task2_event4401.png,domain3,domain5,domain6,domain5
26396354,task2_images_v3/task2_event4402.png,domain3,domain2,domain3,domain2
26395395,task2_images_v3/task2_event4403.png,domain3,domain3,domain3,domain3
26396635,task2_images_v3/task2_event4404.png,domain2,domain2,domain4,domain2
26392905,task2_images_v3/task2_event4405.png,domain5,domain3,domain3,domain3
26394855,task2_images_v3/task2_event4406.png,domain2,domain2,domain2,domain2
26392797,task2_images_v3/task2_event4407.png,domain6,domain4,domain4,domain4
26395252,task2_images_v3/task2_event4408.png,domain5,domain5,domain5,domain5
26397126,task2_images_v3/task2_event4409.png,domain2,domain2,domain2,domain3
26395478,task2_images_v3/task2_event4410.png,domain5,domain5,domain5,domain5
26395057,task2_images_v3/task2_event4411.png,domain2,domain2,domain4,domain6
26397196,task2_images_v3/task2_event4412.png,domain6,domain6,domain6,domain6
26394557,task2_images_v3/task2_event4413.png,domain4,domain2,domain4,domain4
26396931,task2_images_v3/task2_event4414.png,domain3,domain3,domain3,domain3
26394521,task2_images_v3/task2_event4415.png,domain7,domain2,domain4,domain4
26393904,task2_images_v3/task2_event4416.png,domain6,domain6,domain6,domain6
26395822,task2_images_v3/task2_event4417.png,domain2,domain2,domain4,domain6
26395359,task2_images_v3/task2_event4418.png,domain5,domain5,domain5,domain5
26395198,task2_images_v3/task2_event4419.png,domain6,domain4,domain6,domain6
26397226,task2_images_v3/task2_event4420.png,domain4,domain4,domain7,domain4
26394249,task2_images_v3/task2_event4421.png,domain6,domain6,domain6,domain6
26393111,task2_images_v3/task2_event4422.png,domain2,domain2,domain4,domain7
26396266,task2_images_v3/task2_event4423.png,domain6,domain6,domain3,domain3
26392986,task2_images_v3/task2_event4424.png,domain4,domain4,domain4,domain4
26395743,task2_images_v3/task2_event4425.png,domain3,domain2,domain2,domain2
26396300,task2_images_v3/task2_event4426.png,domain4,domain4,domain6,domain6
26393495,task2_images_v3/task2_event4427.png,domain4,domain4,domain4,domain4
26393620,task2_images_v3/task2_event4428.png,domain7,domain2,domain2,domain2
26397056,task2_images_v3/task2_event4429.png,domain2,domain2,domain2,domain5
26397149,task2_images_v3/task2_event4430.png,domain6,domain6,domain6,domain6
26397213,task2_images_v3/task2_event4431.png,domain4,domain4,domain4,domain4
26393720,task2_images_v3/task2_event4432.png,domain4,domain4,domain4,domain4
26393254,task2_images_v3/task2_event4433.png,domain6,domain5,domain6,domain6
26394402,task2_images_v3/task2_event4434.png,domain3,domain3,domain3,domain4
26396471,task2_images_v3/task2_event4435.png,domain5,domain5,domain3,domain3
26393506,task2_images_v3/task2_event4436.png,domain2,domain2,domain4,domain6
26397229,task2_images_v3/task2_event4437.png,domain2,domain2,domain4,domain2
26395315,task2_images_v3/task2_event4438.png,domain4,domain4,domain4,domain4
26394534,task2_images_v3/task2_event4439.png,domain6,domain6,domain6,domain6
26392904,task2_images_v3/task2_event4440.png,domain3,domain3,domain4,domain4
26396404,task2_images_v3/task2_event4441.png,domain6,domain6,domain6,domain6
26393513,task2_images_v3/task2_event4442.png,domain4,domain7,domain4,domain4
26394963,task2_images_v3/task2_event4443.png,domain6,domain6,domain6,domain6
26393527,task2_images_v3/task2_event4444.png,domain3,domain3,domain3,domain3
26397496,task2_images_v3/task2_event4445.png,domain5,domain5,domain3,domain3
26397129,task2_images_v3/task2_event4446.png,domain5,domain5,domain5,domain5
26396818,task2_images_v3/task2_event4447.png,domain2,domain2,domain2,domain4
26396993,task2_images_v3/task2_event4448.png,domain4,domain2,domain4,domain2
26396109,task2_images_v3/task2_event4449.png,domain2,domain2,domain4,domain2
26394094,task2_images_v3/task2_event4450.png,domain7,domain7,domain4,domain4
26394388,task2_images_v3/task2_event4451.png,domain7,domain7,domain6,domain6
26393344,task2_images_v3/task2_event4452.png,domain5,domain7,domain4,domain4
26397654,task2_images_v3/task2_event4453.png,domain3,domain7,domain3,domain3
26397612,task2_images_v3/task2_event4454.png,domain5,domain2,domain3,domain2
26393414,task2_images_v3/task2_event4455.png,domain5,domain5,domain5,domain5
26397789,task2_images_v3/task2_event4456.png,domain2,domain2,domain2,domain2
26395842,task2_images_v3/task2_event4457.png,domain6,domain6,domain6,domain6
26395773,task2_images_v3/task2_event4458.png,domain2,domain2,domain4,domain2
26393994,task2_images_v3/task2_event4459.png,domain6,domain6,domain6,domain6
26397034,task2_images_v3/task2_event4460.png,domain2,domain3,domain2,domain3
26394422,task2_images_v3/task2_event4461.png,domain2,domain2,domain2,domain2
26395688,task2_images_v3/task2_event4462.png,domain6,domain6,domain4,domain6
26394256,task2_images_v3/task2_event4463.png,domain4,domain4,domain3,domain4
26393389,task2_images_v3/task2_event4464.png,domain4,domain3,domain4,domain3
26392985,task2_images_v3/task2_event4465.png,domain4,domain2,domain4,domain2
26396890,task2_images_v3/task2_event4466.png,domain2,domain2,domain2,domain2
26393118,task2_images_v3/task2_event4467.png,domain3,domain7,domain3,domain3
26394170,task2_images_v3/task2_event4468.png,domain4,domain4,domain4,domain4
26395017,task2_images_v3/task2_event4469.png,domain5,domain5,domain4,domain6
26394466,task2_images_v3/task2_event4470.png,domain6,domain5,domain6,domain6
26392812,task2_images_v3/task2_event4471.png,domain2,domain2,domain7,domain7
26397730,task2_images_v3/task2_event4472.png,domain6,domain6,domain4,domain6
26396918,task2_images_v3/task2_event4473.png,domain6,domain5,domain5,domain6
26393436,task2_images_v3/task2_event4474.png,domain2,domain2,domain2,domain2
26393097,task2_images_v3/task2_event4475.png,domain2,domain2,domain4,domain2
26394757,task2_images_v3/task2_event4476.png,domain4,domain4,domain4,domain4
26395494,task2_images_v3/task2_event4477.png,domain3,domain3,domain3,domain3
26395825,task2_images_v3/task2_event4478.png,domain6,domain6,domain6,domain6
26394877,task2_images_v3/task2_event4479.png,domain4,domain4,domain4,domain4
26396667,task2_images_v3/task2_event4480.png,domain2,domain2,domain2,domain2
26393879,task2_images_v3/task2_event4481.png,domain5,domain6,domain6,domain6
26392956,task2_images_v3/task2_event4482.png,domain6,domain6,domain6,domain6
26393543,task2_images_v3/task2_event4483.png,domain4,domain4,domain4,domain4
26395608,task2_images_v3/task2_event4484.png,domain2,domain2,domain2,domain3
26395521,task2_images_v3/task2_event4485.png,domain4,domain4,domain4,domain3
26396027,task2_images_v3/task2_event4486.png,domain5,domain5,domain3,domain5
26396865,task2_images_v3/task2_event4487.png,domain5,domain5,domain3,domain5
26396807,task2_images_v3/task2_event4488.png,domain2,domain2,domain2,domain2
26393222,task2_images_v3/task2_event4489.png,domain6,domain6,domain6,domain6
26395247,task2_images_v3/task2_event4490.png,domain6,domain6,domain6,domain6
26395239,task2_images_v3/task2_event4491.png,domain6,domain6,domain6,domain6
26396916,task2_images_v3/task2_event4492.png,domain2,domain2,domain3,domain3
26393813,task2_images_v3/task2_event4493.png,domain4,domain3,domain3,domain3
26393445,task2_images_v3/task2_event4494.png,domain6,domain6,domain6,domain6
26397508,task2_images_v3/task2_event4495.png,domain2,domain2,domain2,domain5
26393337,task2_images_v3/task2_event4496.png,domain6,domain6,domain4,domain6
26394302,task2_images_v3/task2_event4497.png,domain2,domain2,domain3,domain2
26396307,task2_images_v3/task2_event4498.png,domain6,domain6,domain4,domain6
26394242,task2_images_v3/task2_event4499.png,domain6,domain6,domain6,domain6
26395651,task2_images_v3/task2_event4500.png,domain4,domain4,domain4,domain4
26396382,task2_images_v3/task2_event4501.png,domain5,domain5,domain6,domain5
26393764,task2_images_v3/task2_event4502.png,domain7,domain7,domain4,domain7
26396801,task2_images_v3/task2_event4503.png,domain4,domain3,domain3,domain3
26395722,task2_images_v3/task2_event4504.png,domain2,domain2,domain2,domain2
26396670,task2_images_v3/task2_event4505.png,domain4,domain7,domain7,domain3
26395885,task2_images_v3/task2_event4506.png,domain5,domain5,domain3,domain5
26396341,task2_images_v3/task2_event4507.png,domain4,domain4,domain4,domain4
26396238,task2_images_v3/task2_event4508.png,domain5,domain5,domain5,domain5
26395184,task2_images_v3/task2_event4509.png,domain5,domain5,domain5,domain5
26393712,task2_images_v3/task2_event4510.png,domain3,domain7,domain3,domain3
26393990,task2_images_v3/task2_event4511.png,domain4,domain4,domain4,domain4
26395643,task2_images_v3/task2_event4512.png,domain6,domain6,domain6,domain6
26396346,task2_images_v3/task2_event4513.png,domain3,domain3,domain2,domain3
26395403,task2_images_v3/task2_event4514.png,domain5,domain5,domain5,domain5
26396339,task2_images_v3/task2_event4515.png,domain4,domain4,domain4,domain6
26396362,task2_images_v3/task2_event4516.png,domain4,domain4,domain4,domain6
26394436,task2_images_v3/task2_event4517.png,domain7,domain7,domain4,domain7
26394344,task2_images_v3/task2_event4518.png,domain3,domain3,domain3,domain3
26393072,task2_images_v3/task2_event4519.png,domain3,domain3,domain3,domain3
26393942,task2_images_v3/task2_event4520.png,domain5,domain3,domain3,domain5
26396648,task2_images_v3/task2_event4521.png,domain7,domain7,domain7,domain7
26396882,task2_images_v3/task2_event4522.png,domain4,domain6,domain6,domain6
26395287,task2_images_v3/task2_event4523.png,domain4,domain4,domain4,domain4
26395048,task2_images_v3/task2_event4524.png,domain4,domain4,domain4,domain4
26393042,task2_images_v3/task2_event4525.png,domain5,domain5,domain5,domain6
26394553,task2_images_v3/task2_event4526.png,domain6,domain6,domain6,domain6
26396612,task2_images_v3/task2_event4527.png,domain3,domain3,domain5,domain3
26393713,task2_images_v3/task2_event4528.png,domain5,domain5,domain5,domain5
26394082,task2_images_v3/task2_event4529.png,domain6,domain6,domain6,domain6
26392844,task2_images_v3/task2_event4530.png,domain7,domain7,domain3,domain3
26396661,task2_images_v3/task2_event4531.png,domain7,domain7,domain7,domain7
26396201,task2_images_v3/task2_event4532.png,domain2,domain2,domain2,domain3
26393051,task2_images_v3/task2_event4533.png,domain2,domain2,domain3,domain3
26393730,task2_images_v3/task2_event4534.png,domain6,domain6,domain6,domain6
26393276,task2_images_v3/task2_event4535.png,domain6,domain6,domain6,domain6
26393441,task2_images_v3/task2_event4536.png,domain4,domain4,domain4,domain4
26396458,task2_images_v3/task2_event4537.png,domain3,domain3,domain3,domain3
26394971,task2_images_v3/task2_event4538.png,domain7,domain7,domain7,domain4
26392930,task2_images_v3/task2_event4539.png,domain3,domain3,domain3,domain3
26395766,task2_images_v3/task2_event4540.png,domain7,domain7,domain7,domain7
26394593,task2_images_v3/task2_event4541.png,domain2,domain2,domain2,domain2
26397464,task2_images_v3/task2_event4542.png,domain5,domain5,domain3,domain5
26393283,task2_images_v3/task2_event4543.png,domain4,domain3,domain4,domain3
26397781,task2_images_v3/task2_event4544.png,domain5,domain5,domain5,domain5
26395077,task2_images_v3/task2_event4545.png,domain5,domain5,domain3,domain5
26393932,task2_images_v3/task2_event4546.png,domain6,domain6,domain5,domain5
26397605,task2_images_v3/task2_event4547.png,domain3,domain3,domain3,domain3
26392971,task2_images_v3/task2_event4548.png,domain5,domain5,domain5,domain5
26396637,task2_images_v3/task2_event4549.png,domain4,domain4,domain4,domain4
26397770,task2_images_v3/task2_event4550.png,domain5,domain3,domain4,domain3
26397031,task2_images_v3/task2_event4551.png,domain3,domain3,domain3,domain3
26397409,task2_images_v3/task2_event4552.png,domain3,domain3,domain3,domain3
26396157,task2_images_v3/task2_event4553.png,domain4,domain4,domain4,domain3
26395890,task2_images_v3/task2_event4554.png,domain3,domain3,domain3,domain3
26395879,task2_images_v3/task2_event4555.png,domain5,domain5,domain5,domain5
26393868,task2_images_v3/task2_event4556.png,domain3,domain3,domain4,domain3
26393174,task2_images_v3/task2_event4557.png,domain4,domain4,domain4,domain3
26395958,task2_images_v3/task2_event4558.png,domain5,domain5,domain5,domain5
26394210,task2_images_v3/task2_event4559.png,domain5,domain5,domain6,domain5
26396200,task2_images_v3/task2_event4560.png,domain3,domain3,domain3,domain3
26397024,task2_images_v3/task2_event4561.png,domain2,domain2,domain2,domain2
26395408,task2_images_v3/task2_event4562.png,domain7,domain7,domain7,domain7
26397185,task2_images_v3/task2_event4563.png,domain6,domain5,domain6,domain5
26396732,task2_images_v3/task2_event4564.png,domain5,domain5,domain3,domain5
26395352,task2_images_v3/task2_event4565.png,domain5,domain5,domain3,domain3
26395291,task2_images_v3/task2_event4566.png,domain6,domain6,domain6,domain6
26397166,task2_images_v3/task2_event4567.png,domain4,domain3,domain7,domain3
26396980,task2_images_v3/task2_event4568.png,domain2,domain2,domain2,domain7
26394339,task2_images_v3/task2_event4569.png,domain3,domain3,domain6,domain3
26393901,task2_images_v3/task2_event4570.png,domain3,domain3,domain3,domain3
26395300,task2_images_v3/task2_event4571.png,domain6,domain6,domain6,domain6
26395140,task2_images_v3/task2_event4572.png,domain4,domain7,domain4,domain3
26395379,task2_images_v3/task2_event4573.png,domain6,domain6,domain4,domain5
26395288,task2_images_v3/task2_event4574.png,domain7,domain2,domain3,domain2
26396168,task2_images_v3/task2_event4575.png,domain7,domain7,domain3,domain3
26393401,task2_images_v3/task2_event4576.png,domain7,domain7,domain4,domain4
26394998,task2_images_v3/task2_event4577.png,domain2,domain2,domain3,domain3
26393345,task2_images_v3/task2_event4578.png,domain2,domain2,domain2,domain2
26394098,task2_images_v3/task2_event4579.png,domain3,domain5,domain3,domain5
26393249,task2_images_v3/task2_event4580.png,domain3,domain3,domain3,domain3
26394187,task2_images_v3/task2_event4581.png,domain5,domain5,domain5,domain6
26396862,task2_images_v3/task2_event4582.png,domain5,domain5,domain5,domain5
26394042,task2_images_v3/task2_event4583.png,domain4,domain4,domain4,domain3
26395872,task2_images_v3/task2_event4584.png,domain6,domain6,domain6,domain6
26395183,task2_images_v3/task2_event4585.png,domain7,domain7,domain3,domain4
26397625,task2_images_v3/task2_event4586.png,domain5,domain5,domain3,domain5
26396950,task2_images_v3/task2_event4587.png,domain4,domain4,domain4,domain4
26394898,task2_images_v3/task2_event4588.png,domain7,domain4,domain4,domain4
26396505,task2_images_v3/task2_event4589.png,domain5,domain5,domain5,domain5
26395380,task2_images_v3/task2_event4590.png,domain6,domain6,domain6,domain6
26395909,task2_images_v3/task2_event4591.png,domain4,domain3,domain4,domain3
26393769,task2_images_v3/task2_event4592.png,domain7,domain7,domain4,domain3
26395412,task2_images_v3/task2_event4593.png,domain6,domain5,domain3,domain5
26394677,task2_images_v3/task2_event4594.png,domain5,domain6,domain5,domain6
26396489,task2_images_v3/task2_event4595.png,domain4,domain7,domain3,domain7
26397339,task2_images_v3/task2_event4596.png,domain7,domain7,domain4,domain4
26396750,task2_images_v3/task2_event4597.png,domain2,domain2,domain4,domain2
26396726,task2_images_v3/task2_event4598.png,domain6,domain6,domain4,domain5
26394483,task2_images_v3/task2_event4599.png,domain3,domain5,domain3,domain5
26393159,task2_images_v3/task2_event4600.png,domain4,domain4,domain4,domain4
26397059,task2_images_v3/task2_event4601.png,domain4,domain4,domain4,domain4
26393282,task2_images_v3/task2_event4602.png,domain3,domain2,domain3,domain2
26397609,task2_images_v3/task2_event4603.png,domain3,domain3,domain3,domain3
26394370,task2_images_v3/task2_event4604.png,domain3,domain3,domain2,domain3
26394468,task2_images_v3/task2_event4605.png,domain4,domain4,domain2,domain4
26397523,task2_images_v3/task2_event4606.png,domain7,domain7,domain3,domain7
26396292,task2_images_v3/task2_event4607.png,domain3,domain3,domain3,domain3
26394918,task2_images_v3/task2_event4608.png,domain6,domain6,domain6,domain6
26394769,task2_images_v3/task2_event4609.png,domain2,domain2,domain2,domain2
26397384,task2_images_v3/task2_event4610.png,domain4,domain4,domain4,domain4
26393796,task2_images_v3/task2_event4611.png,domain2,domain2,domain2,domain2
26394286,task2_images_v3/task2_event4612.png,domain3,domain3,domain3,domain3
26396296,task2_images_v3/task2_event4613.png,domain6,domain6,domain3,domain5
26394485,task2_images_v3/task2_event4614.png,domain3,domain3,domain3,domain5
26396436,task2_images_v3/task2_event4615.png,domain6,domain6,domain6,domain6
26396217,task2_images_v3/task2_event4616.png,domain3,domain3,domain4,domain3
26394489,task2_images_v3/task2_event4617.png,domain6,domain6,domain6,domain5
26395108,task2_images_v3/task2_event4618.png,domain2,domain2,domain2,domain2
26396369,task2_images_v3/task2_event4619.png,domain4,domain4,domain4,domain4
26395866,task2_images_v3/task2_event4620.png,domain7,domain7,domain7,domain7
26395222,task2_images_v3/task2_event4621.png,domain3,domain3,domain3,domain3
26393936,task2_images_v3/task2_event4622.png,domain2,domain2,domain2,domain2
26397718,task2_images_v3/task2_event4623.png,domain4,domain4,domain4,domain4
26394623,task2_images_v3/task2_event4624.png,domain3,domain3,domain5,domain5
26397243,task2_images_v3/task2_event4625.png,domain2,domain2,domain4,domain2
26394903,task2_images_v3/task2_event4626.png,domain3,domain3,domain3,domain3
26396550,task2_images_v3/task2_event4627.png,domain4,domain4,domain4,domain2
26397125,task2_images_v3/task2_event4628.png,domain4,domain4,domain4,domain4
26394486,task2_images_v3/task2_event4629.png,domain4,domain7,domain4,domain3
26396599,task2_images_v3/task2_event4630.png,domain6,domain6,domain6,domain6
26395520,task2_images_v3/task2_event4631.png,domain4,domain4,domain4,domain4
26395815,task2_images_v3/task2_event4632.png,domain3,domain7,domain4,domain6
26394263,task2_images_v3/task2_event4633.png,domain6,domain6,domain4,domain6
26394009,task2_images_v3/task2_event4634.png,domain3,domain3,domain3,domain3
26396196,task2_images_v3/task2_event4635.png,domain5,domain5,domain3,domain5
26397104,task2_images_v3/task2_event4636.png,domain6,domain6,domain6,domain6
26394189,task2_images_v3/task2_event4637.png,domain6,domain6,domain6,domain6
26396973,task2_images_v3/task2_event4638.png,domain5,domain5,domain5,domain5
26395927,task2_images_v3/task2_event4639.png,domain3,domain7,domain3,domain3
26396784,task2_images_v3/task2_event4640.png,domain3,domain3,domain3,domain3
26397602,task2_images_v3/task2_event4641.png,domain3,domain5,domain6,domain5
26396456,task2_images_v3/task2_event4642.png,domain2,domain2,domain2,domain2
26394503,task2_images_v3/task2_event4643.png,domain5,domain3,domain3,domain3
26394291,task2_images_v3/task2_event4644.png,domain6,domain6,domain6,domain6
26394036,task2_images_v3/task2_event4645.png,domain3,domain3,domain3,domain3
26394014,task2_images_v3/task2_event4646.png,domain2,domain2,domain2,domain2
26395250,task2_images_v3/task2_event4647.png,domain3,domain3,domain3,domain3
26395560,task2_images_v3/task2_event4648.png,domain7,domain7,domain7,domain7
26397539,task2_images_v3/task2_event4649.png,domain6,domain6,domain6,domain6
26393876,task2_images_v3/task2_event4650.png,domain7,domain7,domain7,domain7
26395143,task2_images_v3/task2_event4651.png,domain7,domain7,domain4,domain7
26395671,task2_images_v3/task2_event4652.png,domain4,domain4,domain3,domain4
26393804,task2_images_v3/task2_event4653.png,domain5,domain5,domain5,domain5
26393559,task2_images_v3/task2_event4654.png,domain2,domain2,domain7,domain2
26396448,task2_images_v3/task2_event4655.png,domain4,domain4,domain4,domain4
26394636,task2_images_v3/task2_event4656.png,domain4,domain4,domain4,domain4
26397200,task2_images_v3/task2_event4657.png,domain2,domain2,domain2,domain5
26394941,task2_images_v3/task2_event4658.png,domain4,domain2,domain4,domain4
26394470,task2_images_v3/task2_event4659.png,domain3,domain3,domain4,domain3
26394002,task2_images_v3/task2_event4660.png,domain2,domain2,domain2,domain4
26395051,task2_images_v3/task2_event4661.png,domain2,domain2,domain2,domain2
26396044,task2_images_v3/task2_event4662.png,domain6,domain5,domain5,domain5
26394678,task2_images_v3/task2_event4663.png,domain5,domain5,domain3,domain3
26397660,task2_images_v3/task2_event4664.png,domain4,domain2,domain4,domain2
26395725,task2_images_v3/task2_event4665.png,domain3,domain3,domain3,domain3
26397236,task2_images_v3/task2_event4666.png,domain5,domain3,domain3,domain5
26393627,task2_images_v3/task2_event4667.png,domain2,domain2,domain2,domain2
26397169,task2_images_v3/task2_event4668.png,domain7,domain7,domain4,domain7
26394415,task2_images_v3/task2_event4669.png,domain5,domain5,domain5,domain5
26396304,task2_images_v3/task2_event4670.png,domain4,domain4,domain4,domain4
26396504,task2_images_v3/task2_event4671.png,domain3,domain3,domain3,domain3
26395272,task2_images_v3/task2_event4672.png,domain2,domain2,domain4,domain4
26396400,task2_images_v3/task2_event4673.png,domain5,domain5,domain5,domain5
26393697,task2_images_v3/task2_event4674.png,domain2,domain3,domain3,domain3
26396652,task2_images_v3/task2_event4675.png,domain2,domain2,domain2,domain2
26394983,task2_images_v3/task2_event4676.png,domain7,domain7,domain3,domain3
26393838,task2_images_v3/task2_event4677.png,domain7,domain7,domain4,domain3
26395841,task2_images_v3/task2_event4678.png,domain2,domain2,domain2,domain2
26397468,task2_images_v3/task2_event4679.png,domain2,domain4,domain4,domain4
26396055,task2_images_v3/task2_event4680.png,domain6,domain6,domain6,domain6
26395860,task2_images_v3/task2_event4681.png,domain5,domain5,domain5,domain5
26393846,task2_images_v3/task2_event4682.png,domain3,domain3,domain3,domain3
26394563,task2_images_v3/task2_event4683.png,domain5,domain5,domain5,domain5
26394006,task2_images_v3/task2_event4684.png,domain2,domain2,domain2,domain2
26397459,task2_images_v3/task2_event4685.png,domain6,domain6,domain6,domain5
26397290,task2_images_v3/task2_event4686.png,domain2,domain2,domain2,domain2
26397646,task2_images_v3/task2_event4687.png,domain5,domain5,domain3,domain5
26393148,task2_images_v3/task2_event4688.png,domain6,domain3,domain6,domain5
26396743,task2_images_v3/task2_event4689.png,domain4,domain4,domain4,domain4
26395342,task2_images_v3/task2_event4690.png,domain2,domain2,domain4,domain2
26397723,task2_images_v3/task2_event4691.png,domain6,domain6,domain4,domain4
26397388,task2_images_v3/task2_event4692.png,domain4,domain4,domain4,domain3
26397210,task2_images_v3/task2_event4693.png,domain3,domain3,domain3,domain3
26393039,task2_images_v3/task2_event4694.png,domain5,domain3,domain3,domain3
26395596,task2_images_v3/task2_event4695.png,domain6,domain4,domain4,domain3
26394937,task2_images_v3/task2_event4696.png,domain4,domain3,domain4,domain3
26396162,task2_images_v3/task2_event4697.png,domain6,domain5,domain6,domain6
26397343,task2_images_v3/task2_event4698.png,domain5,domain5,domain5,domain5
26396193,task2_images_v3/task2_event4699.png,domain5,domain2,domain4,domain2
26395127,task2_images_v3/task2_event4700.png,domain4,domain4,domain4,domain3
26394215,task2_images_v3/task2_event4701.png,domain7,domain7,domain4,domain7
26396508,task2_images_v3/task2_event4702.png,domain6,domain6,domain6,domain6
26392852,task2_images_v3/task2_event4703.png,domain4,domain4,domain4,domain4
26396375,task2_images_v3/task2_event4704.png,domain2,domain2,domain2,domain2
26397199,task2_images_v3/task2_event4705.png,domain3,domain2,domain3,domain5
26393305,task2_images_v3/task2_event4706.png,domain5,domain2,domain3,domain5
26396962,task2_images_v3/task2_event4707.png,domain2,domain2,domain2,domain6
26395969,task2_images_v3/task2_event4708.png,domain2,domain2,domain3,domain2
26396268,task2_images_v3/task2_event4709.png,domain2,domain2,domain2,domain2
26396468,task2_images_v3/task2_event4710.png,domain7,domain7,domain3,domain5
26394920,task2_images_v3/task2_event4711.png,domain5,domain5,domain5,domain5
26394784,task2_images_v3/task2_event4712.png,domain3,domain3,domain3,domain3
26395195,task2_images_v3/task2_event4713.png,domain5,domain3,domain3,domain3
26395523,task2_images_v3/task2_event4714.png,domain5,domain5,domain5,domain5
26395823,task2_images_v3/task2_event4715.png,domain7,domain7,domain4,domain7
26394195,task2_images_v3/task2_event4716.png,domain7,domain7,domain7,domain7
26393743,task2_images_v3/task2_event4717.png,domain4,domain7,domain7,domain2
26393447,task2_images_v3/task2_event4718.png,domain2,domain2,domain4,domain7
26395214,task2_images_v3/task2_event4719.png,domain4,domain4,domain4,domain3
26394779,task2_images_v3/task2_event4720.png,domain6,domain6,domain6,domain6
26393747,task2_images_v3/task2_event4721.png,domain4,domain4,domain4,domain4
26397737,task2_images_v3/task2_event4722.png,domain4,domain3,domain3,domain3
26395600,task2_images_v3/task2_event4723.png,domain7,domain2,domain6,domain6
26396521,task2_images_v3/task2_event4724.png,domain2,domain2,domain2,domain6
26393452,task2_images_v3/task2_event4725.png,domain3,domain3,domain3,domain3
26395835,task2_images_v3/task2_event4726.png,domain3,domain3,domain3,domain3
26393604,task2_images_v3/task2_event4727.png,domain6,domain6,domain5,domain5
26397122,task2_images_v3/task2_event4728.png,domain7,domain7,domain4,domain7
26397201,task2_images_v3/task2_event4729.png,domain3,domain3,domain3,domain3
26397472,task2_images_v3/task2_event4730.png,domain7,domain7,domain3,domain7
26395739,task2_images_v3/task2_event4731.png,domain2,domain2,domain2,domain3
26397648,task2_images_v3/task2_event4732.png,domain4,domain6,domain3,domain6
26394735,task2_images_v3/task2_event4733.png,domain4,domain4,domain4,domain3
26397722,task2_images_v3/task2_event4734.png,domain2,domain2,domain7,domain3
26393052,task2_images_v3/task2_event4735.png,domain4,domain2,domain2,domain2
26396167,task2_images_v3/task2_event4736.png,domain6,domain6,domain6,domain6
26397098,task2_images_v3/task2_event4737.png,domain6,domain6,domain6,domain6
26395419,task2_images_v3/task2_event4738.png,domain5,domain5,domain5,domain5
26393771,task2_images_v3/task2_event4739.png,domain5,domain5,domain3,domain5
26395071,task2_images_v3/task2_event4740.png,domain4,domain4,domain4,domain4
26395118,task2_images_v3/task2_event4741.png,domain5,domain7,domain7,domain3
26392982,task2_images_v3/task2_event4742.png,domain6,domain6,domain6,domain6
26397216,task2_images_v3/task2_event4743.png,domain4,domain4,domain4,domain5
26394318,task2_images_v3/task2_event4744.png,domain2,domain2,domain2,domain2
26393175,task2_images_v3/task2_event4745.png,domain6,domain6,domain4,domain6
26397735,task2_images_v3/task2_event4746.png,domain5,domain5,domain3,domain5
26393609,task2_images_v3/task2_event4747.png,domain2,domain2,domain2,domain2
26395562,task2_images_v3/task2_event4748.png,domain3,domain3,domain3,domain3
26397214,task2_images_v3/task2_event4749.png,domain6,domain6,domain6,domain6
26394460,task2_images_v3/task2_event4750.png,domain3,domain6,domain3,domain6
26396473,task2_images_v3/task2_event4751.png,domain7,domain7,domain7,domain3
26397139,task2_images_v3/task2_event4752.png,domain4,domain7,domain4,domain3
26394441,task2_images_v3/task2_event4753.png,domain4,domain3,domain4,domain3
26396656,task2_images_v3/task2_event4754.png,domain3,domain3,domain3,domain3
26395949,task2_images_v3/task2_event4755.png,domain3,domain3,domain5,domain3
26393756,task2_images_v3/task2_event4756.png,domain5,domain5,domain3,domain5
26395514,task2_images_v3/task2_event4757.png,domain6,domain6,domain6,domain6
26392976,task2_images_v3/task2_event4758.png,domain2,domain2,domain2,domain2
26393378,task2_images_v3/task2_event4759.png,domain2,domain2,domain2,domain2
26393069,task2_images_v3/task2_event4760.png,domain3,domain3,domain4,domain3
26396411,task2_images_v3/task2_event4761.png,domain6,domain6,domain3,domain5
26394326,task2_images_v3/task2_event4762.png,domain4,domain4,domain4,domain4
26392885,task2_images_v3/task2_event4763.png,domain4,domain4,domain4,domain4
26396830,task2_images_v3/task2_event4764.png,domain7,domain7,domain2,domain3
26394463,task2_images_v3/task2_event4765.png,domain4,domain4,domain4,domain4
26393189,task2_images_v3/task2_event4766.png,domain3,domain3,domain5,domain5
26395234,task2_images_v3/task2_event4767.png,domain6,domain6,domain4,domain3
26393950,task2_images_v3/task2_event4768.png,domain6,domain6,domain6,domain6
26396961,task2_images_v3/task2_event4769.png,domain3,domain3,domain3,domain3
26396172,task2_images_v3/task2_event4770.png,domain2,domain2,domain2,domain3
26393307,task2_images_v3/task2_event4771.png,domain4,domain3,domain7,domain3
26397669,task2_images_v3/task2_event4772.png,domain3,domain3,domain3,domain3
26396368,task2_images_v3/task2_event4773.png,domain5,domain5,domain5,domain5
26396316,task2_images_v3/task2_event4774.png,domain4,domain7,domain4,domain7
26393989,task2_images_v3/task2_event4775.png,domain5,domain5,domain5,domain5
26394672,task2_images_v3/task2_event4776.png,domain2,domain7,domain7,domain7
26397569,task2_images_v3/task2_event4777.png,domain6,domain6,domain4,domain6
26394786,task2_images_v3/task2_event4778.png,domain5,domain5,domain3,domain3
26392928,task2_images_v3/task2_event4779.png,domain5,domain3,domain3,domain3
26395106,task2_images_v3/task2_event4780.png,domain3,domain3,domain3,domain3
26394858,task2_images_v3/task2_event4781.png,domain3,domain3,domain3,domain3
26394917,task2_images_v3/task2_event4782.png,domain4,domain7,domain4,domain3
26393716,task2_images_v3/task2_event4783.png,domain3,domain5,domain3,domain5
26396321,task2_images_v3/task2_event4784.png,domain3,domain3,domain3,domain3
26393944,task2_images_v3/task2_event4785.png,domain7,domain7,domain4,domain7
26397280,task2_images_v3/task2_event4786.png,domain5,domain5,domain5,domain5
26396706,task2_images_v3/task2_event4787.png,domain5,domain3,domain3,domain3
26395648,task2_images_v3/task2_event4788.png,domain5,domain5,domain5,domain5
26392864,task2_images_v3/task2_event4789.png,domain5,domain5,domain5,domain5
26395705,task2_images_v3/task2_event4790.png,domain2,domain2,domain5,domain2
26397106,task2_images_v3/task2_event4791.png,domain6,domain6,domain6,domain6
26395156,task2_images_v3/task2_event4792.png,domain3,domain3,domain3,domain3
26394711,task2_images_v3/task2_event4793.png,domain7,domain7,domain7,domain7
26394507,task2_images_v3/task2_event4794.png,domain5,domain3,domain3,domain3
26394447,task2_images_v3/task2_event4795.png,domain2,domain2,domain4,domain2
26395542,task2_images_v3/task2_event4796.png,domain7,domain7,domain4,domain3
26394125,task2_images_v3/task2_event4797.png,domain3,domain3,domain3,domain3
26395952,task2_images_v3/task2_event4798.png,domain5,domain5,domain5,domain5
26396926,task2_images_v3/task2_event4799.png,domain7,domain7,domain4,domain7
26395369,task2_images_v3/task2_event4800.png,domain6,domain5,domain6,domain6
26397575,task2_images_v3/task2_event4801.png,domain3,domain3,domain3,domain3
26392877,task2_images_v3/task2_event4802.png,domain4,domain7,domain7,domain7
26397338,task2_images_v3/task2_event4803.png,domain5,domain5,domain5,domain5
26395768,task2_images_v3/task2_event4804.png,domain4,domain4,domain4,domain4
26395714,task2_images_v3/task2_event4805.png,domain4,domain7,domain7,domain7
26397502,task2_images_v3/task2_event4806.png,domain3,domain5,domain3,domain5
26395605,task2_images_v3/task2_event4807.png,domain3,domain3,domain3,domain3
26394533,task2_images_v3/task2_event4808.png,domain7,domain7,domain3,domain3
26393923,task2_images_v3/task2_event4809.png,domain6,domain6,domain6,domain6
26395621,task2_images_v3/task2_event4810.png,domain7,domain7,domain4,domain4
26392970,task2_images_v3/task2_event4811.png,domain6,domain6,domain6,domain6
26397698,task2_images_v3/task2_event4812.png,domain3,domain5,domain5,domain5
26395832,task2_images_v3/task2_event4813.png,domain7,domain7,domain4,domain4
26394862,task2_images_v3/task2_event4814.png,domain6,domain5,domain5,domain5
26396919,task2_images_v3/task2_event4815.png,domain4,domain4,domain4,domain4
26395948,task2_images_v3/task2_event4816.png,domain3,domain3,domain3,domain3
26395085,task2_images_v3/task2_event4817.png,domain5,domain5,domain5,domain5
26396880,task2_images_v3/task2_event4818.png,domain3,domain3,domain3,domain3
26394628,task2_images_v3/task2_event4819.png,domain3,domain7,domain3,domain3
26396783,task2_images_v3/task2_event4820.png,domain7,domain7,domain7,domain7
26394345,task2_images_v3/task2_event4821.png,domain5,domain5,domain3,domain5
26394816,task2_images_v3/task2_event4822.png,domain5,domain5,domain5,domain5
26393566,task2_images_v3/task2_event4823.png,domain5,domain3,domain2,domain2
26396216,task2_images_v3/task2_event4824.png,domain5,domain2,domain7,domain2
26397747,task2_images_v3/task2_event4825.png,domain5,domain5,domain5,domain5
26393281,task2_images_v3/task2_event4826.png,domain5,domain5,domain3,domain3
26395187,task2_images_v3/task2_event4827.png,domain4,domain3,domain4,domain3
26397052,task2_images_v3/task2_event4828.png,domain7,domain2,domain2,domain2
26396154,task2_images_v3/task2_event4829.png,domain5,domain2,domain2,domain2
26392801,task2_images_v3/task2_event4830.png,domain2,domain2,domain2,domain2
26397528,task2_images_v3/task2_event4831.png,domain5,domain5,domain5,domain5
26396906,task2_images_v3/task2_event4832.png,domain5,domain5,domain5,domain5
26396501,task2_images_v3/task2_event4833.png,domain3,domain3,domain3,domain3
26396751,task2_images_v3/task2_event4834.png,domain5,domain5,domain3,domain5
26393038,task2_images_v3/task2_event4835.png,domain2,domain2,domain2,domain2
26394307,task2_images_v3/task2_event4836.png,domain4,domain4,domain4,domain4
26396786,task2_images_v3/task2_event4837.png,domain7,domain7,domain4,domain4
26395297,task2_images_v3/task2_event4838.png,domain4,domain4,domain7,domain4
26395652,task2_images_v3/task2_event4839.png,domain3,domain3,domain3,domain3
26397732,task2_images_v3/task2_event4840.png,domain2,domain4,domain4,domain4
26396263,task2_images_v3/task2_event4841.png,domain3,domain5,domain5,domain5
26397011,task2_images_v3/task2_event4842.png,domain3,domain3,domain3,domain3
26394060,task2_images_v3/task2_event4843.png,domain6,domain5,domain6,domain6
26393821,task2_images_v3/task2_event4844.png,domain3,domain5,domain5,domain5
26394481,task2_images_v3/task2_event4845.png,domain7,domain7,domain2,domain6
26395220,task2_images_v3/task2_event4846.png,domain6,domain6,domain6,domain6
26393775,task2_images_v3/task2_event4847.png,domain5,domain5,domain5,domain5
26395491,task2_images_v3/task2_event4848.png,domain4,domain7,domain4,domain7
26394546,task2_images_v3/task2_event4849.png,domain4,domain4,domain4,domain4
26397736,task2_images_v3/task2_event4850.png,domain6,domain6,domain6,domain6
26396008,task2_images_v3/task2_event4851.png,domain4,domain4,domain4,domain3
26396707,task2_images_v3/task2_event4852.png,domain5,domain5,domain5,domain5
26394103,task2_images_v3/task2_event4853.png,domain4,domain4,domain4,domain4
26394924,task2_images_v3/task2_event4854.png,domain7,domain7,domain7,domain3
26392940,task2_images_v3/task2_event4855.png,domain2,domain2,domain4,domain2
26392895,task2_images_v3/task2_event4856.png,domain4,domain4,domain4,domain4
26393557,task2_images_v3/task2_event4857.png,domain5,domain5,domain3,domain5
26395724,task2_images_v3/task2_event4858.png,domain3,domain3,domain3,domain3
26396578,task2_images_v3/task2_event4859.png,domain2,domain2,domain2,domain2
26393211,task2_images_v3/task2_event4860.png,domain3,domain3,domain3,domain3
26392991,task2_images_v3/task2_event4861.png,domain5,domain5,domain2,domain5
26393964,task2_images_v3/task2_event4862.png,domain3,domain3,domain3,domain3
26393553,task2_images_v3/task2_event4863.png,domain2,domain2,domain2,domain5
26393801,task2_images_v3/task2_event4864.png,domain6,domain6,domain6,domain6
26393918,task2_images_v3/task2_event4865.png,domain5,domain3,domain3,domain3
26393235,task2_images_v3/task2_event4866.png,domain4,domain4,domain4,domain4
26396122,task2_images_v3/task2_event4867.png,domain5,domain5,domain3,domain5
26394886,task2_images_v3/task2_event4868.png,domain2,domain2,domain2,domain2
26395676,task2_images_v3/task2_event4869.png,domain7,domain2,domain2,domain2
26396159,task2_images_v3/task2_event4870.png,domain6,domain6,domain6,domain6
26393554,task2_images_v3/task2_event4871.png,domain2,domain2,domain4,domain2
26395871,task2_images_v3/task2_event4872.png,domain7,domain7,domain3,domain7
26396845,task2_images_v3/task2_event4873.png,domain5,domain5,domain5,domain5
26393902,task2_images_v3/task2_event4874.png,domain4,domain4,domain4,domain3
26396775,task2_images_v3/task2_event4875.png,domain5,domain3,domain5,domain5
26394150,task2_images_v3/task2_event4876.png,domain3,domain6,domain4,domain6
26392983,task2_images_v3/task2_event4877.png,domain6,domain6,domain4,domain6
26394547,task2_images_v3/task2_event4878.png,domain2,domain2,domain2,domain2
26395673,task2_images_v3/task2_event4879.png,domain4,domain4,domain4,domain4
26393552,task2_images_v3/task2_event4880.png,domain2,domain3,domain2,domain3
26396338,task2_images_v3/task2_event4881.png,domain5,domain5,domain5,domain5
26394493,task2_images_v3/task2_event4882.png,domain3,domain3,domain3,domain3
26394144,task2_images_v3/task2_event4883.png,domain4,domain4,domain4,domain4
26394020,task2_images_v3/task2_event4884.png,domain6,domain6,domain4,domain6
26396664,task2_images_v3/task2_event4885.png,domain6,domain6,domain6,domain6
26397287,task2_images_v3/task2_event4886.png,domain5,domain5,domain5,domain5
26397500,task2_images_v3/task2_event4887.png,domain3,domain5,domain7,domain5
26397144,task2_images_v3/task2_event4888.png,domain6,domain5,domain5,domain5
26394451,task2_images_v3/task2_event4889.png,domain6,domain5,domain4,domain5
26395499,task2_images_v3/task2_event4890.png,domain3,domain3,domain3,domain3
26392839,task2_images_v3/task2_event4891.png,domain4,domain4,domain4,domain4
26396452,task2_images_v3/task2_event4892.png,domain6,domain6,domain4,domain5
26393861,task2_images_v3/task2_event4893.png,domain3,domain3,domain3,domain3
26394335,task2_images_v3/task2_event4894.png,domain5,domain5,domain3,domain5
26395473,task2_images_v3/task2_event4895.png,domain4,domain4,domain4,domain4
26396932,task2_images_v3/task2_event4896.png,domain7,domain7,domain3,domain3
26395601,task2_images_v3/task2_event4897.png,domain5,domain3,domain3,domain3
26397475,task2_images_v3/task2_event4898.png,domain2,domain2,domain2,domain2
26393500,task2_images_v3/task2_event4899.png,domain6,domain6,domain6,domain6
26393598,task2_images_v3/task2_event4900.png,domain7,domain7,domain4,domain4
26397548,task2_images_v3/task2_event4901.png,domain5,domain5,domain4,domain5
26397044,task2_images_v3/task2_event4902.png,domain4,domain3,domain3,domain4
26393547,task2_images_v3/task2_event4903.png,domain5,domain5,domain5,domain5
26392981,task2_images_v3/task2_event4904.png,domain6,domain6,domain6,domain6
26394255,task2_images_v3/task2_event4905.png,domain2,domain2,domain4,domain3
26395428,task2_images_v3/task2_event4906.png,domain5,domain3,domain3,domain3
26395294,task2_images_v3/task2_event4907.png,domain3,domain3,domain3,domain3
26396557,task2_images_v3/task2_event4908.png,domain3,domain3,domain4,domain4
26396132,task2_images_v3/task2_event4909.png,domain6,domain6,domain6,domain6
26393997,task2_images_v3/task2_event4910.png,domain7,domain7,domain3,domain2
26393288,task2_images_v3/task2_event4911.png,domain6,domain6,domain6,domain6
26393749,task2_images_v3/task2_event4912.png,domain6,domain6,domain6,domain6
26397010,task2_images_v3/task2_event4913.png,domain2,domain2,domain2,domain2
26394270,task2_images_v3/task2_event4914.png,domain4,domain4,domain4,domain4
26393216,task2_images_v3/task2_event4915.png,domain7,domain7,domain4,domain7
26395733,task2_images_v3/task2_event4916.png,domain2,domain2,domain2,domain3
26392818,task2_images_v3/task2_event4917.png,domain3,domain3,domain3,domain3
26394595,task2_images_v3/task2_event4918.png,domain4,domain4,domain4,domain4
26394105,task2_images_v3/task2_event4919.png,domain7,domain7,domain2,domain4
26392862,task2_images_v3/task2_event4920.png,domain4,domain4,domain4,domain4
26393267,task2_images_v3/task2_event4921.png,domain4,domain4,domain4,domain4
26394815,task2_images_v3/task2_event4922.png,domain4,domain4,domain4,domain4
26395679,task2_images_v3/task2_event4923.png,domain4,domain3,domain4,domain3
26394861,task2_images_v3/task2_event4924.png,domain7,domain7,domain4,domain7
26396343,task2_images_v3/task2_event4925.png,domain2,domain2,domain4,domain2
26394061,task2_images_v3/task2_event4926.png,domain2,domain2,domain2,domain6
26393078,task2_images_v3/task2_event4927.png,domain3,domain3,domain3,domain3
26396053,task2_images_v3/task2_event4928.png,domain6,domain6,domain6,domain5
26396050,task2_images_v3/task2_event4929.png,domain2,domain2,domain4,domain2
26396844,task2_images_v3/task2_event4930.png,domain5,domain5,domain5,domain5
26393208,task2_images_v3/task2_event4931.png,domain6,domain6,domain6,domain6
26397696,task2_images_v3/task2_event4932.png,domain3,domain3,domain5,domain5
26394076,task2_images_v3/task2_event4933.png,domain6,domain4,domain7,domain3
26395851,task2_images_v3/task2_event4934.png,domain3,domain5,domain5,domain5
26393065,task2_images_v3/task2_event4935.png,domain2,domain2,domain4,domain2
26393453,task2_images_v3/task2_event4936.png,domain6,domain6,domain6,domain6
26394578,task2_images_v3/task2_event4937.png,domain3,domain7,domain7,domain7
26396679,task2_images_v3/task2_event4938.png,domain6,domain6,domain6,domain6
26396385,task2_images_v3/task2_event4939.png,domain5,domain5,domain5,domain5
26394725,task2_images_v3/task2_event4940.png,domain4,domain4,domain4,domain6
26394535,task2_images_v3/task2_event4941.png,domain5,domain5,domain5,domain5
26393815,task2_images_v3/task2_event4942.png,domain6,domain6,domain6,domain6
26394357,task2_images_v3/task2_event4943.png,domain2,domain2,domain4,domain2
26395001,task2_images_v3/task2_event4944.png,domain4,domain7,domain4,domain3
26395587,task2_images_v3/task2_event4945.png,domain2,domain2,domain2,domain2
26394701,task2_images_v3/task2_event4946.png,domain7,domain7,domain7,domain7
26395435,task2_images_v3/task2_event4947.png,domain3,domain3,domain4,domain4
26393831,task2_images_v3/task2_event4948.png,domain5,domain5,domain5,domain5
26394218,task2_images_v3/task2_event4949.png,domain2,domain2,domain2,domain6
26393721,task2_images_v3/task2_event4950.png,domain2,domain2,domain4,domain6
26394707,task2_images_v3/task2_event4951.png,domain5,domain5,domain6,domain5
26396869,task2_images_v3/task2_event4952.png,domain3,domain5,domain3,domain3
26397635,task2_images_v3/task2_event4953.png,domain2,domain2,domain2,domain2
26396758,task2_images_v3/task2_event4954.png,domain2,domain2,domain4,domain2
26395173,task2_images_v3/task2_event4955.png,domain6,domain6,domain6,domain6
26395240,task2_images_v3/task2_event4956.png,domain6,domain6,domain5,domain5
26393460,task2_images_v3/task2_event4957.png,domain3,domain3,domain3,domain3
26392792,task2_images_v3/task2_event4958.png,domain2,domain2,domain2,domain4
26395806,task2_images_v3/task2_event4959.png,domain2,domain2,domain2,domain2
26396907,task2_images_v3/task2_event4960.png,domain3,domain3,domain3,domain3
26396348,task2_images_v3/task2_event4961.png,domain6,domain5,domain6,domain5
26394086,task2_images_v3/task2_event4962.png,domain6,domain6,domain6,domain6
26396394,task2_images_v3/task2_event4963.png,domain5,domain5,domain3,domain5
26397189,task2_images_v3/task2_event4964.png,domain3,domain3,domain3,domain3
26395571,task2_images_v3/task2_event4965.png,domain6,domain5,domain4,domain5
26393759,task2_images_v3/task2_event4966.png,domain3,domain3,domain4,domain3
26397486,task2_images_v3/task2_event4967.png,domain5,domain2,domain3,domain2
26397653,task2_images_v3/task2_event4968.png,domain5,domain5,domain5,domain5
26394977,task2_images_v3/task2_event4969.png,domain5,domain3,domain3,domain3
26396191,task2_images_v3/task2_event4970.png,domain6,domain6,domain6,domain6
26396590,task2_images_v3/task2_event4971.png,domain4,domain4,domain4,domain4
26395558,task2_images_v3/task2_event4972.png,domain6,domain6,domain6,domain6
26397644,task2_images_v3/task2_event4973.png,domain6,domain6,domain6,domain6
26395852,task2_images_v3/task2_event4974.png,domain3,domain3,domain3,domain3
26394383,task2_images_v3/task2_event4975.png,domain7,domain3,domain3,domain3
26395637,task2_images_v3/task2_event4976.png,domain3,domain3,domain3,domain3
26395202,task2_images_v3/task2_event4977.png,domain5,domain6,domain6,domain4
26396366,task2_images_v3/task2_event4978.png,domain3,domain3,domain3,domain3
26395953,task2_images_v3/task2_event4979.png,domain5,domain2,domain2,domain2
26395864,task2_images_v3/task2_event4980.png,domain3,domain3,domain3,domain5
26397566,task2_images_v3/task2_event4981.png,domain5,domain5,domain6,domain5
26394669,task2_images_v3/task2_event4982.png,domain2,domain2,domain3,domain2
26393191,task2_images_v3/task2_event4983.png,domain5,domain5,domain4,domain6
26395690,task2_images_v3/task2_event4984.png,domain7,domain7,domain3,domain4
26396752,task2_images_v3/task2_event4985.png,domain2,domain2,domain2,domain2
26393541,task2_images_v3/task2_event4986.png,domain2,domain2,domain2,domain2
26394951,task2_images_v3/task2_event4987.png,domain4,domain4,domain4,domain4
26394198,task2_images_v3/task2_event4988.png,domain2,domain2,domain3,domain2
26393854,task2_images_v3/task2_event4989.png,domain3,domain3,domain3,domain5
26394490,task2_images_v3/task2_event4990.png,domain3,domain3,domain4,domain3
26396450,task2_images_v3/task2_event4991.png,domain6,domain6,domain6,domain6
26393098,task2_images_v3/task2_event4992.png,domain2,domain2,domain3,domain2
26397190,task2_images_v3/task2_event4993.png,domain6,domain6,domain6,domain6
26395357,task2_images_v3/task2_event4994.png,domain4,domain7,domain7,domain7
26396045,task2_images_v3/task2_event4995.png,domain7,domain7,domain3,domain3
26396345,task2_images_v3/task2_event4996.png,domain5,domain5,domain3,domain5
26395336,task2_images_v3/task2_event4997.png,domain5,domain5,domain3,domain7
26394319,task2_images_v3/task2_event4998.png,domain2,domain2,domain2,domain2
26394985,task2_images_v3/task2_event4999.png,domain3,domain3,domain3,domain3
26395592,task2_images_v3/task2_event5000.png,domain6,domain6,domain6,domain6
